num_points,points,timestamp_ms
6,"[{""range"": 0.3382571730834981, ""doppler"": 0.0, ""angle"": -40.239915506730796, ""elevation"": 0.0}, {""range"": 0.2986486607496297, ""doppler"": 0.0, ""angle"": 12.272061227473195, ""elevation"": 0.0}, {""range"": 0.47058246042079543, ""doppler"": 0.0, ""angle"": 17.491695291146517, ""elevation"": 0.0}, {""range"": 0.47800590289856865, ""doppler"": 0.0, ""angle"": 16.584279192368538, ""elevation"": 0.0}, {""range"": 0.4459563956071289, ""doppler"": 0.0, ""angle"": 20.17153360571484, ""elevation"": 0.0}, {""range"": 0.49670275369589256, ""doppler"": 0.0, ""angle"": 18.643675693781283, ""elevation"": 0.0}]",1785098953011.868
6,"[{""range"": 0.347985193752974, ""doppler"": 0.0, ""angle"": -36.3693819854779, ""elevation"": 0.0}, {""range"": 0.29732730197677915, ""doppler"": 0.0, ""angle"": 10.674690365899073, ""elevation"": 0.0}, {""range"": 0.4483200195969194, ""doppler"": 0.0, ""angle"": 13.093963634409478, ""elevation"": 0.0}, {""range"": 0.4744678059492353, ""doppler"": 0.0, ""angle"": 12.250095205265293, ""elevation"": 0.0}, {""range"": 0.4841537767142332, ""doppler"": 0.0, ""angle"": 11.202030945247424, ""elevation"": 0.0}, {""range"": 0.5016681892071259, ""doppler"": 0.0, ""angle"": 13.501293664205384, ""elevation"": 0.0}]",1785098953012.198
7,"[{""range"": 0.35354015590393034, ""doppler"": 0.0, ""angle"": -35.53094028265536, ""elevation"": 0.0}, {""range"": 0.2822066868511131, ""doppler"": 0.0, ""angle"": 12.961963425668442, ""elevation"": 0.0}, {""range"": 0.45758272670280836, ""doppler"": 0.0, ""angle"": 17.089559796265124, ""elevation"": 0.0}, {""range"": 0.475350838828395, ""doppler"": 0.0, ""angle"": 16.79214283667144, ""elevation"": 0.0}, {""range"": 0.4886794753937396, ""doppler"": 0.0, ""angle"": 18.076937734377776, ""elevation"": 0.0}, {""range"": 0.5097277740050319, ""doppler"": 0.0, ""angle"": 19.445609432119788, ""elevation"": 0.0}, {""range"": 0.5451486723354273, ""doppler"": 0.0, ""angle"": 22.628538898396247, ""elevation"": 0.0}]",1785098953012.4512
5,"[{""range"": 0.35365820654314456, ""doppler"": 0.0, ""angle"": -36.88148542594957, ""elevation"": 0.0}, {""range"": 0.48837437701465614, ""doppler"": 0.0, ""angle"": 9.717535573634226, ""elevation"": 0.0}, {""range"": 0.5012854029034602, ""doppler"": 0.0, ""angle"": 7.563579964313476, ""elevation"": 0.0}, {""range"": 0.5148664603306395, ""doppler"": 0.0, ""angle"": 8.045678378643945, ""elevation"": 0.0}, {""range"": 0.2886666176876111, ""doppler"": 0.0, ""angle"": 14.346133484388904, ""elevation"": 0.0}]",1785098953012.703
7,"[{""range"": 0.35451263875669103, ""doppler"": 0.0, ""angle"": -41.01193139978955, ""elevation"": 0.0}, {""range"": 0.2954280031803277, ""doppler"": 0.0, ""angle"": 10.779431157346403, ""elevation"": 0.0}, {""range"": 0.44345314941646885, ""doppler"": 0.0, ""angle"": 15.218645231140767, ""elevation"": 0.0}, {""range"": 0.47654691818637473, ""doppler"": 0.0, ""angle"": 14.427317069240418, ""elevation"": 0.0}, {""range"": 0.4902584392267468, ""doppler"": 0.0, ""angle"": 14.943532442755469, ""elevation"": 0.0}, {""range"": 0.5138342469672185, ""doppler"": 0.0, ""angle"": 18.567358774257745, ""elevation"": 0.0}, {""range"": 0.5503809242282015, ""doppler"": 0.0, ""angle"": 27.264354649013185, ""elevation"": 0.0}]",1785098953012.9512
7,"[{""range"": 0.3522996653903505, ""doppler"": 0.0, ""angle"": -45.82256773950983, ""elevation"": 0.0}, {""range"": 0.49878902574908135, ""doppler"": 0.0, ""angle"": -1.006527209100215, ""elevation"": 0.0}, {""range"": 0.2947931966194642, ""doppler"": 0.0, ""angle"": 11.759783026573471, ""elevation"": 0.0}, {""range"": 0.4745457024866095, ""doppler"": 0.0, ""angle"": 16.618595519760742, ""elevation"": 0.0}, {""range"": 0.4488713093108742, ""doppler"": 0.0, ""angle"": 21.47505001682053, ""elevation"": 0.0}, {""range"": 0.4713428127795231, ""doppler"": 0.0, ""angle"": 19.54854943235508, ""elevation"": 0.0}, {""range"": 0.5852712280954945, ""doppler"": 0.0, ""angle"": 24.97564991481797, ""elevation"": 0.0}]",1785098953013.199
7,"[{""range"": 0.34640260698131964, ""doppler"": 0.0, ""angle"": -37.15383063199053, ""elevation"": 0.0}, {""range"": 0.29182877826472453, ""doppler"": 0.0, ""angle"": 9.843249550740747, ""elevation"": 0.0}, {""range"": 0.2836021130621523, ""doppler"": 0.0, ""angle"": 10.976944800177401, ""elevation"": 0.0}, {""range"": 0.4464635894632797, ""doppler"": 0.0, ""angle"": 24.388879136738883, ""elevation"": 0.0}, {""range"": 0.4679236776187407, ""doppler"": 0.0, ""angle"": 21.781080300605026, ""elevation"": 0.0}, {""range"": 0.47688898535051655, ""doppler"": 0.0, ""angle"": 21.813377689668847, ""elevation"": 0.0}, {""range"": 0.5008472006880967, ""doppler"": 0.0, ""angle"": 23.837869916004195, ""elevation"": 0.0}]",1785098953013.438
8,"[{""range"": 0.3601403641284885, ""doppler"": 0.0, ""angle"": -38.326593690151945, ""elevation"": 0.0}, {""range"": 0.28745373040643757, ""doppler"": 0.0, ""angle"": 10.429173620263972, ""elevation"": 0.0}, {""range"": 0.27970186265493147, ""doppler"": 0.0, ""angle"": 12.179181052524134, ""elevation"": 0.0}, {""range"": 0.45295542616777523, ""doppler"": 0.0, ""angle"": 17.032884493880612, ""elevation"": 0.0}, {""range"": 0.4659176778676124, ""doppler"": 0.0, ""angle"": 19.575427919699358, ""elevation"": 0.0}, {""range"": 0.4766487591313869, ""doppler"": 0.0, ""angle"": 28.526403043750516, ""elevation"": 0.0}, {""range"": 0.5176802680261658, ""doppler"": 0.0, ""angle"": 45.64374571417538, ""elevation"": 0.0}, {""range"": 0.5594498499503336, ""doppler"": 0.0, ""angle"": 51.04560714607215, ""elevation"": 0.0}]",1785098953013.6802
6,"[{""range"": 0.3527821737220219, ""doppler"": 0.0, ""angle"": -45.492854764192195, ""elevation"": 0.0}, {""range"": 0.28318132232078136, ""doppler"": 0.0, ""angle"": 9.266043444650851, ""elevation"": 0.0}, {""range"": 0.4752370130019938, ""doppler"": 0.0, ""angle"": 9.791930565924106, ""elevation"": 0.0}, {""range"": 0.27871494544772424, ""doppler"": 0.0, ""angle"": 12.110161238359755, ""elevation"": 0.0}, {""range"": 0.4538714725637733, ""doppler"": 0.0, ""angle"": 19.13451365817154, ""elevation"": 0.0}, {""range"": 0.4589845792283444, ""doppler"": 0.0, ""angle"": 18.300833038456734, ""elevation"": 0.0}]",1785098953013.928
8,"[{""range"": 0.3527104741266923, ""doppler"": 0.0, ""angle"": -38.95014067716372, ""elevation"": 0.0}, {""range"": 0.2862228013108147, ""doppler"": 0.0, ""angle"": 10.47453061249654, ""elevation"": 0.0}, {""range"": 0.43886684616401983, ""doppler"": 0.0, ""angle"": 9.308807190525238, ""elevation"": 0.0}, {""range"": 0.2797775296710491, ""doppler"": 0.0, ""angle"": 12.250771446811894, ""elevation"": 0.0}, {""range"": 0.44659258901475113, ""doppler"": 0.0, ""angle"": 35.94304053532886, ""elevation"": 0.0}, {""range"": 0.4749131127949945, ""doppler"": 0.0, ""angle"": 44.81694701415653, ""elevation"": 0.0}, {""range"": 0.4894286337409104, ""doppler"": 0.0, ""angle"": 54.7421677059585, ""elevation"": 0.0}, {""range"": 0.5147200642513027, ""doppler"": 0.0, ""angle"": 65.05525529947178, ""elevation"": 0.0}]",1785098953014.1719
4,"[{""range"": 0.3631851871130791, ""doppler"": 0.0, ""angle"": -43.22441941101562, ""elevation"": 0.0}, {""range"": 0.288858455897138, ""doppler"": 0.0, ""angle"": 9.118295099724511, ""elevation"": 0.0}, {""range"": 0.2793234490502859, ""doppler"": 0.0, ""angle"": 11.633633998940438, ""elevation"": 0.0}, {""range"": 0.4496412113746094, ""doppler"": 0.0, ""angle"": 32.36284317551435, ""elevation"": 0.0}]",1785098953014.413
7,"[{""range"": 0.35789786518117683, ""doppler"": 0.0, ""angle"": -40.54230047462331, ""elevation"": 0.0}, {""range"": 0.48912475442424563, ""doppler"": 0.0, ""angle"": -1.8226230109223385, ""elevation"": 0.0}, {""range"": 0.5129700567930274, ""doppler"": 0.0, ""angle"": -1.2983222502221643, ""elevation"": 0.0}, {""range"": 0.2893106676239969, ""doppler"": 0.0, ""angle"": 10.07362477609833, ""elevation"": 0.0}, {""range"": 0.2803714108229705, ""doppler"": 0.0, ""angle"": 11.403096261041092, ""elevation"": 0.0}, {""range"": 0.43730248234663743, ""doppler"": 0.0, ""angle"": 30.87536199145506, ""elevation"": 0.0}, {""range"": 0.45911120980852277, ""doppler"": 0.0, ""angle"": 38.97695318635198, ""elevation"": 0.0}]",1785098953014.6538
7,"[{""range"": 0.35994574310319694, ""doppler"": 0.0, ""angle"": -35.78253006001873, ""elevation"": 0.0}, {""range"": 0.512232232721397, ""doppler"": 0.0, ""angle"": -6.534563729523068, ""elevation"": 0.0}, {""range"": 0.48589086388252933, ""doppler"": 0.0, ""angle"": -1.7714697400340769, ""elevation"": 0.0}, {""range"": 0.28864762070746225, ""doppler"": 0.0, ""angle"": 9.520674137655822, ""elevation"": 0.0}, {""range"": 0.4747364141628005, ""doppler"": 0.0, ""angle"": 8.752725352963283, ""elevation"": 0.0}, {""range"": 0.28135819981988097, ""doppler"": 0.0, ""angle"": 11.659858722261562, ""elevation"": 0.0}, {""range"": 0.4552491798007348, ""doppler"": 0.0, ""angle"": 21.425293798087385, ""elevation"": 0.0}]",1785098953014.883
9,"[{""range"": 0.35631766822423816, ""doppler"": 0.0, ""angle"": -39.072937838164734, ""elevation"": 0.0}, {""range"": 0.4336202513166876, ""doppler"": 0.0, ""angle"": -11.4165075980775, ""elevation"": 0.0}, {""range"": 1.271095993923629, ""doppler"": 0.0, ""angle"": -12.974680261084, ""elevation"": 0.0}, {""range"": 0.5191131433032137, ""doppler"": 0.0, ""angle"": 0.45393570665106386, ""elevation"": 0.0}, {""range"": 0.2901106058703022, ""doppler"": 0.0, ""angle"": 10.548065418142127, ""elevation"": 0.0}, {""range"": 0.2823875712755309, ""doppler"": 0.0, ""angle"": 11.950320629522874, ""elevation"": 0.0}, {""range"": 0.4758274743224945, ""doppler"": 0.0, ""angle"": 31.94604247614045, ""elevation"": 0.0}, {""range"": 0.4838589090133194, ""doppler"": 0.0, ""angle"": 34.200994205935444, ""elevation"": 0.0}, {""range"": 0.511285106060134, ""doppler"": 0.0, ""angle"": 34.195817891583374, ""elevation"": 0.0}]",1785098953015.106
8,"[{""range"": 0.35880699086746237, ""doppler"": 0.0, ""angle"": -39.783635496279835, ""elevation"": 0.0}, {""range"": 0.4402437193455183, ""doppler"": 0.0, ""angle"": -5.664280429230838, ""elevation"": 0.0}, {""range"": 0.4759777378351761, ""doppler"": 0.0, ""angle"": -5.41074132260419, ""elevation"": 0.0}, {""range"": 0.48980309330353416, ""doppler"": 0.0, ""angle"": -5.40463558402983, ""elevation"": 0.0}, {""range"": 0.5198416625223338, ""doppler"": 0.0, ""angle"": 0.6109741456461529, ""elevation"": 0.0}, {""range"": 0.2906685817501534, ""doppler"": 0.0, ""angle"": 10.169283911170137, ""elevation"": 0.0}, {""range"": 0.281512939195401, ""doppler"": 0.0, ""angle"": 11.987999614845458, ""elevation"": 0.0}, {""range"": 0.47679024704013045, ""doppler"": 0.0, ""angle"": 36.76675503986493, ""elevation"": 0.0}]",1785098953015.334
7,"[{""range"": 0.3521225497396905, ""doppler"": 0.0, ""angle"": -39.932232557157874, ""elevation"": 0.0}, {""range"": 0.43304146175881364, ""doppler"": 0.0, ""angle"": -1.4196791423593036, ""elevation"": 0.0}, {""range"": 0.5210638353083332, ""doppler"": 0.0, ""angle"": -0.01966224339873455, ""elevation"": 0.0}, {""range"": 0.2958402914832601, ""doppler"": 0.0, ""angle"": 8.796188434795244, ""elevation"": 0.0}, {""range"": 0.28321327446789296, ""doppler"": 0.0, ""angle"": 11.508579749690014, ""elevation"": 0.0}, {""range"": 0.44757559970821736, ""doppler"": 0.0, ""angle"": 31.638994152146015, ""elevation"": 0.0}, {""range"": 0.4704000567096472, ""doppler"": 0.0, ""angle"": 33.76255555838069, ""elevation"": 0.0}]",1785098953015.563
6,"[{""range"": 0.3574268700097156, ""doppler"": 0.0, ""angle"": -34.66796047228235, ""elevation"": 0.0}, {""range"": 0.5163295005646943, ""doppler"": 0.0, ""angle"": 1.091405167469437, ""elevation"": 0.0}, {""range"": 0.2973283773696231, ""doppler"": 0.0, ""angle"": 9.904183212973878, ""elevation"": 0.0}, {""range"": 0.44454658139945497, ""doppler"": 0.0, ""angle"": 24.12161100807467, ""elevation"": 0.0}, {""range"": 0.47113291267235397, ""doppler"": 0.0, ""angle"": 25.80646864962954, ""elevation"": 0.0}, {""range"": 0.48246415198298465, ""doppler"": 0.0, ""angle"": 25.415870200854783, ""elevation"": 0.0}]",1785098953015.795
7,"[{""range"": 1.1918698698271912, ""doppler"": 0.0, ""angle"": 3.3543461103778394, ""elevation"": 0.0}, {""range"": 0.30061435808908665, ""doppler"": 0.0, ""angle"": 10.868793098726687, ""elevation"": 0.0}, {""range"": 0.37388279032695393, ""doppler"": 0.0, ""angle"": 18.57359532668248, ""elevation"": 0.0}, {""range"": 0.4469729261444435, ""doppler"": 0.0, ""angle"": 19.587523804570765, ""elevation"": 0.0}, {""range"": 0.472521463281988, ""doppler"": 0.0, ""angle"": 20.073875705457446, ""elevation"": 0.0}, {""range"": 0.4848191866548318, ""doppler"": 0.0, ""angle"": 19.925332319189575, ""elevation"": 0.0}, {""range"": 0.5065080423117818, ""doppler"": 0.0, ""angle"": 19.01703395811243, ""elevation"": 0.0}]",1785098953016.0051
7,"[{""range"": 1.1930176917747424, ""doppler"": 0.0, ""angle"": 2.5943733031342355, ""elevation"": 0.0}, {""range"": 0.4492895367634833, ""doppler"": 0.0, ""angle"": 17.749884044145222, ""elevation"": 0.0}, {""range"": 0.47437719133463885, ""doppler"": 0.0, ""angle"": 18.004675100979807, ""elevation"": 0.0}, {""range"": 0.48656073261877025, ""doppler"": 0.0, ""angle"": 17.296242754690365, ""elevation"": 0.0}, {""range"": 0.37444325259055267, ""doppler"": 0.0, ""angle"": 20.13972862168089, ""elevation"": 0.0}, {""range"": 0.5100446109289297, ""doppler"": 0.0, ""angle"": 18.49846961675686, ""elevation"": 0.0}, {""range"": 0.5486510972421929, ""doppler"": 0.0, ""angle"": 20.86858442254576, ""elevation"": 0.0}]",1785098953016.2283
6,"[{""range"": 0.29861525501475517, ""doppler"": 0.0, ""angle"": 11.747296341540945, ""elevation"": 0.0}, {""range"": 0.35944647624274595, ""doppler"": 0.0, ""angle"": 13.697505474911901, ""elevation"": 0.0}, {""range"": 0.4478608011107287, ""doppler"": 0.0, ""angle"": 11.538737518423492, ""elevation"": 0.0}, {""range"": 0.4780719869077665, ""doppler"": 0.0, ""angle"": 14.956265364297732, ""elevation"": 0.0}, {""range"": 0.48754113528597787, ""doppler"": 0.0, ""angle"": 15.050537865465376, ""elevation"": 0.0}, {""range"": 0.5054648646277407, ""doppler"": 0.0, ""angle"": 15.722662081431338, ""elevation"": 0.0}]",1785098953016.447
8,"[{""range"": 1.2707037543352622, ""doppler"": 0.0, ""angle"": -15.675166138275909, ""elevation"": 0.0}, {""range"": 0.4743894585133109, ""doppler"": 0.0, ""angle"": -3.847116550879244, ""elevation"": 0.0}, {""range"": 0.4358251723614444, ""doppler"": 0.0, ""angle"": -2.986841128328294, ""elevation"": 0.0}, {""range"": 0.4854670543991421, ""doppler"": 0.0, ""angle"": 1.4985529504761337, ""elevation"": 0.0}, {""range"": 0.3408345567330834, ""doppler"": 0.0, ""angle"": 9.847780495003192, ""elevation"": 0.0}, {""range"": 0.28406241130949766, ""doppler"": 0.0, ""angle"": 12.32147034338913, ""elevation"": 0.0}, {""range"": 0.2976620989591405, ""doppler"": 0.0, ""angle"": 11.539438374646126, ""elevation"": 0.0}, {""range"": 0.5188829450716681, ""doppler"": 0.0, ""angle"": 14.529499861726057, ""elevation"": 0.0}]",1785098953016.659
10,"[{""range"": 1.2658756099414943, ""doppler"": 0.0, ""angle"": -12.10040977820855, ""elevation"": 0.0}, {""range"": 1.1568980337009271, ""doppler"": 0.0, ""angle"": -3.748686878285504, ""elevation"": 0.0}, {""range"": 0.48458628988765107, ""doppler"": 0.0, ""angle"": 0.08456935484069053, ""elevation"": 0.0}, {""range"": 1.1939904637257985, ""doppler"": 0.0, ""angle"": 2.0512274024550337, ""elevation"": 0.0}, {""range"": 0.50662695995455, ""doppler"": 0.0, ""angle"": 7.503772004390516, ""elevation"": 0.0}, {""range"": 0.2836368360737954, ""doppler"": 0.0, ""angle"": 12.266308367761141, ""elevation"": 0.0}, {""range"": 0.2991219354430859, ""doppler"": 0.0, ""angle"": 12.04212851057299, ""elevation"": 0.0}, {""range"": 0.356627301402885, ""doppler"": 0.0, ""angle"": 14.370691501565343, ""elevation"": 0.0}, {""range"": 0.4352754299624276, ""doppler"": 0.0, ""angle"": 29.050031776086843, ""elevation"": 0.0}, {""range"": 0.4576251399633018, ""doppler"": 0.0, ""angle"": 38.78218265047875, ""elevation"": 0.0}]",1785098953016.8828
9,"[{""range"": 1.2497088267287269, ""doppler"": 0.0, ""angle"": -12.695979947134317, ""elevation"": 0.0}, {""range"": 1.2711853539295084, ""doppler"": 0.0, ""angle"": -13.89354675827391, ""elevation"": 0.0}, {""range"": 1.1976108872656737, ""doppler"": 0.0, ""angle"": 2.327537114766524, ""elevation"": 0.0}, {""range"": 0.3001980818588843, ""doppler"": 0.0, ""angle"": 12.662070685183881, ""elevation"": 0.0}, {""range"": 0.3673051057895779, ""doppler"": 0.0, ""angle"": 17.596964074532927, ""elevation"": 0.0}, {""range"": 0.4838484348837289, ""doppler"": 0.0, ""angle"": 17.684976778805694, ""elevation"": 0.0}, {""range"": 0.5059533873129488, ""doppler"": 0.0, ""angle"": 16.0649995195675, ""elevation"": 0.0}, {""range"": 0.44131315218170236, ""doppler"": 0.0, ""angle"": 23.97898917803826, ""elevation"": 0.0}, {""range"": 0.4658663422190713, ""doppler"": 0.0, ""angle"": 22.499755278830587, ""elevation"": 0.0}]",1785098953017.117
8,"[{""range"": 1.2498390501304328, ""doppler"": 0.0, ""angle"": -11.470694620922526, ""elevation"": 0.0}, {""range"": 1.2769099043757492, ""doppler"": 0.0, ""angle"": -13.896132477134541, ""elevation"": 0.0}, {""range"": 0.2988731959325119, ""doppler"": 0.0, ""angle"": 13.387733824310585, ""elevation"": 0.0}, {""range"": 0.3668447942403597, ""doppler"": 0.0, ""angle"": 17.18075499670356, ""elevation"": 0.0}, {""range"": 0.48160222865026125, ""doppler"": 0.0, ""angle"": 17.190315602782178, ""elevation"": 0.0}, {""range"": 0.44056792438392944, ""doppler"": 0.0, ""angle"": 23.235232448226295, ""elevation"": 0.0}, {""range"": 0.46391244649694535, ""doppler"": 0.0, ""angle"": 22.551912562533982, ""elevation"": 0.0}, {""range"": 0.5061997931980006, ""doppler"": 0.0, ""angle"": 18.34534423632316, ""elevation"": 0.0}]",1785098953017.3398
7,"[{""range"": 0.49465458022581643, ""doppler"": 0.0, ""angle"": 2.3411069383859657, ""elevation"": 0.0}, {""range"": 0.5127456438569504, ""doppler"": 0.0, ""angle"": 6.14601438730093, ""elevation"": 0.0}, {""range"": 0.281658738996286, ""doppler"": 0.0, ""angle"": 12.801041494869857, ""elevation"": 0.0}, {""range"": 0.2953297132202403, ""doppler"": 0.0, ""angle"": 12.412161835965293, ""elevation"": 0.0}, {""range"": 0.35034706180152286, ""doppler"": 0.0, ""angle"": 13.518481886796009, ""elevation"": 0.0}, {""range"": 0.4340739838134634, ""doppler"": 0.0, ""angle"": 27.715668534446223, ""elevation"": 0.0}, {""range"": 0.4556999004568545, ""doppler"": 0.0, ""angle"": 41.96214580276809, ""elevation"": 0.0}]",1785098953017.552
6,"[{""range"": 0.4944259930389719, ""doppler"": 0.0, ""angle"": -0.26938142690810024, ""elevation"": 0.0}, {""range"": 0.5165954059492736, ""doppler"": 0.0, ""angle"": 4.526475279098783, ""elevation"": 0.0}, {""range"": 0.2805983217791237, ""doppler"": 0.0, ""angle"": 13.000090213710429, ""elevation"": 0.0}, {""range"": 0.2917415509348847, ""doppler"": 0.0, ""angle"": 12.639270117556375, ""elevation"": 0.0}, {""range"": 0.45171801111684107, ""doppler"": 0.0, ""angle"": 37.87697288067464, ""elevation"": 0.0}, {""range"": 0.46839319424984777, ""doppler"": 0.0, ""angle"": 44.10289318488609, ""elevation"": 0.0}]",1785098953017.7732
7,"[{""range"": 0.3669366936129299, ""doppler"": 0.0, ""angle"": -32.845949099986115, ""elevation"": 0.0}, {""range"": 0.49062907213474155, ""doppler"": 0.0, ""angle"": 6.15109745056615, ""elevation"": 0.0}, {""range"": 0.5114774973336916, ""doppler"": 0.0, ""angle"": 8.079112353218266, ""elevation"": 0.0}, {""range"": 0.2799489049418882, ""doppler"": 0.0, ""angle"": 12.580411210070926, ""elevation"": 0.0}, {""range"": 0.28724537056327454, ""doppler"": 0.0, ""angle"": 11.163038476517794, ""elevation"": 0.0}, {""range"": 0.45804835851088377, ""doppler"": 0.0, ""angle"": 46.07555365837812, ""elevation"": 0.0}, {""range"": 0.4675574084090733, ""doppler"": 0.0, ""angle"": 43.77585127765865, ""elevation"": 0.0}]",1785098953018.026
7,"[{""range"": 1.3238164499367588, ""doppler"": 0.0, ""angle"": -56.81650566564694, ""elevation"": 0.0}, {""range"": 0.49271445490819843, ""doppler"": 0.0, ""angle"": 8.241847214603087, ""elevation"": 0.0}, {""range"": 0.5091343940453994, ""doppler"": 0.0, ""angle"": 7.791448484248433, ""elevation"": 0.0}, {""range"": 0.27970186265493147, ""doppler"": 0.0, ""angle"": 12.179181052524134, ""elevation"": 0.0}, {""range"": 0.2904718297522276, ""doppler"": 0.0, ""angle"": 11.469029364260525, ""elevation"": 0.0}, {""range"": 0.45800898635861714, ""doppler"": 0.0, ""angle"": 41.613105087375175, ""elevation"": 0.0}, {""range"": 0.4690151788854727, ""doppler"": 0.0, ""angle"": 37.424750210393725, ""elevation"": 0.0}]",1785098953018.2632
6,"[{""range"": 0.5063611556347767, ""doppler"": 0.0, ""angle"": 10.08768094074827, ""elevation"": 0.0}, {""range"": 0.2871211172966091, ""doppler"": 0.0, ""angle"": 11.932764221643279, ""elevation"": 0.0}, {""range"": 0.4824723366486088, ""doppler"": 0.0, ""angle"": 25.368396917973374, ""elevation"": 0.0}, {""range"": 0.4755934686389362, ""doppler"": 0.0, ""angle"": 28.742841805191482, ""elevation"": 0.0}, {""range"": 0.5032560537615236, ""doppler"": 0.0, ""angle"": 28.08565975565731, ""elevation"": 0.0}, {""range"": 0.45879394059443157, ""doppler"": 0.0, ""angle"": 35.14569157819018, ""elevation"": 0.0}]",1785098953018.499
9,"[{""range"": 0.36564682002369836, ""doppler"": 0.0, ""angle"": -36.488828048925946, ""elevation"": 0.0}, {""range"": 1.248448617246364, ""doppler"": 0.0, ""angle"": -13.602343615344575, ""elevation"": 0.0}, {""range"": 1.2682617013057407, ""doppler"": 0.0, ""angle"": -14.42613794271825, ""elevation"": 0.0}, {""range"": 1.19935572529121, ""doppler"": 0.0, ""angle"": 1.4950761493213571, ""elevation"": 0.0}, {""range"": 0.28675383275645555, ""doppler"": 0.0, ""angle"": 11.218842281268826, ""elevation"": 0.0}, {""range"": 0.5058447410686379, ""doppler"": 0.0, ""angle"": 15.50025943990302, ""elevation"": 0.0}, {""range"": 0.47979087489770156, ""doppler"": 0.0, ""angle"": 25.638695727964265, ""elevation"": 0.0}, {""range"": 0.4845036062226647, ""doppler"": 0.0, ""angle"": 22.182302416298615, ""elevation"": 0.0}, {""range"": 0.46209153510112827, ""doppler"": 0.0, ""angle"": 29.054604099077146, ""elevation"": 0.0}]",1785098953018.7222
7,"[{""range"": 0.3650808236959664, ""doppler"": 0.0, ""angle"": -39.69418473033693, ""elevation"": 0.0}, {""range"": 1.2666839977602975, ""doppler"": 0.0, ""angle"": -13.777298988752637, ""elevation"": 0.0}, {""range"": 1.2409728396110449, ""doppler"": 0.0, ""angle"": -6.951958061591174, ""elevation"": 0.0}, {""range"": 0.5051024908919679, ""doppler"": 0.0, ""angle"": 17.76785390450013, ""elevation"": 0.0}, {""range"": 0.4634482218997489, ""doppler"": 0.0, ""angle"": 22.121608975950092, ""elevation"": 0.0}, {""range"": 0.4773334066691149, ""doppler"": 0.0, ""angle"": 19.52099464892841, ""elevation"": 0.0}, {""range"": 0.4852207952260653, ""doppler"": 0.0, ""angle"": 18.388209472307107, ""elevation"": 0.0}]",1785098953018.952
6,"[{""range"": 0.3468098906887012, ""doppler"": 0.0, ""angle"": -40.94414880491712, ""elevation"": 0.0}, {""range"": 0.4612480740213951, ""doppler"": 0.0, ""angle"": 18.231250084985803, ""elevation"": 0.0}, {""range"": 0.4754678989602788, ""doppler"": 0.0, ""angle"": 19.075479139656665, ""elevation"": 0.0}, {""range"": 0.4851654059334493, ""doppler"": 0.0, ""angle"": 18.301392469216086, ""elevation"": 0.0}, {""range"": 0.5089247193360713, ""doppler"": 0.0, ""angle"": 19.370800647022104, ""elevation"": 0.0}, {""range"": 0.5518500760284942, ""doppler"": 0.0, ""angle"": 20.801584640476165, ""elevation"": 0.0}]",1785098953019.1748
5,"[{""range"": 0.34561583535299867, ""doppler"": 0.0, ""angle"": -36.585318299693405, ""elevation"": 0.0}, {""range"": 0.45975319368525014, ""doppler"": 0.0, ""angle"": 17.730239225241828, ""elevation"": 0.0}, {""range"": 0.4757203830336421, ""doppler"": 0.0, ""angle"": 19.681349209178506, ""elevation"": 0.0}, {""range"": 0.48619775089167117, ""doppler"": 0.0, ""angle"": 19.754464719138376, ""elevation"": 0.0}, {""range"": 0.5073379897514629, ""doppler"": 0.0, ""angle"": 19.348180639530206, ""elevation"": 0.0}]",1785098953019.419
8,"[{""range"": 0.3610203736972081, ""doppler"": 0.0, ""angle"": -40.641309956735846, ""elevation"": 0.0}, {""range"": 0.5190125808289152, ""doppler"": 0.0, ""angle"": 4.881672370518903, ""elevation"": 0.0}, {""range"": 0.28503513240696465, ""doppler"": 0.0, ""angle"": 11.324030844678855, ""elevation"": 0.0}, {""range"": 0.29808416935505305, ""doppler"": 0.0, ""angle"": 11.593038727594983, ""elevation"": 0.0}, {""range"": 0.3481316267335776, ""doppler"": 0.0, ""angle"": 16.470919252503542, ""elevation"": 0.0}, {""range"": 0.43031156259204506, ""doppler"": 0.0, ""angle"": 23.848869375943966, ""elevation"": 0.0}, {""range"": 0.47240411298252727, ""doppler"": 0.0, ""angle"": 38.34481334923943, ""elevation"": 0.0}, {""range"": 0.4766350742621259, ""doppler"": 0.0, ""angle"": 42.85640158014078, ""elevation"": 0.0}]",1785098953019.66
10,"[{""range"": 0.33951459676425155, ""doppler"": 0.0, ""angle"": -37.467398599052636, ""elevation"": 0.0}, {""range"": 0.34219161534869635, ""doppler"": 0.0, ""angle"": -38.14545532501438, ""elevation"": 0.0}, {""range"": 0.3770381592793407, ""doppler"": 0.0, ""angle"": -39.45765346237493, ""elevation"": 0.0}, {""range"": 0.2871811908885887, ""doppler"": 0.0, ""angle"": 8.594270758280075, ""elevation"": 0.0}, {""range"": 0.48694186278474116, ""doppler"": 0.0, ""angle"": 10.216398084807507, ""elevation"": 0.0}, {""range"": 0.5081445902908384, ""doppler"": 0.0, ""angle"": 7.867776541321632, ""elevation"": 0.0}, {""range"": 0.483802240275846, ""doppler"": 0.0, ""angle"": 11.318238617701237, ""elevation"": 0.0}, {""range"": 1.8971660999164166, ""doppler"": 0.0, ""angle"": 16.90976782671959, ""elevation"": 0.0}, {""range"": 1.875013900060685, ""doppler"": 0.0, ""angle"": 21.3234991279368, ""elevation"": 0.0}, {""range"": 1.7782225758934262, ""doppler"": 0.0, ""angle"": 31.79773760661006, ""elevation"": 0.0}]",1785098953019.9
9,"[{""range"": 0.2989574333635319, ""doppler"": 0.0, ""angle"": 3.9098184683982016, ""elevation"": 0.0}, {""range"": 0.3052552360053646, ""doppler"": 0.0, ""angle"": 4.434743669641989, ""elevation"": 0.0}, {""range"": 0.33561584427916913, ""doppler"": 0.0, ""angle"": 6.977347141041679, ""elevation"": 0.0}, {""range"": 0.42527089097590254, ""doppler"": 0.0, ""angle"": 13.247417204128617, ""elevation"": 0.0}, {""range"": 0.47878251516164483, ""doppler"": 0.0, ""angle"": 22.48488893020543, ""elevation"": 0.0}, {""range"": 0.4892915193130828, ""doppler"": 0.0, ""angle"": 24.897985994944623, ""elevation"": 0.0}, {""range"": 0.5112143714077778, ""doppler"": 0.0, ""angle"": 28.770405036631086, ""elevation"": 0.0}, {""range"": 2.0596354514135187, ""doppler"": 0.0, ""angle"": 26.13125333121702, ""elevation"": 0.0}, {""range"": 0.5616454874723822, ""doppler"": 0.0, ""angle"": 38.121367423498654, ""elevation"": 0.0}]",1785098953020.132
7,"[{""range"": 0.5964853875897189, ""doppler"": 0.0, ""angle"": -63.64234650226989, ""elevation"": 0.0}, {""range"": 0.31679415632293567, ""doppler"": 0.0, ""angle"": -11.988595342587406, ""elevation"": 0.0}, {""range"": 0.32940924186560916, ""doppler"": 0.0, ""angle"": -12.285916080996662, ""elevation"": 0.0}, {""range"": 0.3093232988322182, ""doppler"": 0.0, ""angle"": -9.91972034886161, ""elevation"": 0.0}, {""range"": 3.115785292587443, ""doppler"": 0.0, ""angle"": -9.067159069435661, ""elevation"": 0.0}, {""range"": 0.40363818756652364, ""doppler"": 0.0, ""angle"": 7.099830008631422, ""elevation"": 0.0}, {""range"": 0.45396100338107415, ""doppler"": 0.0, ""angle"": 14.578147837332168, ""elevation"": 0.0}]",1785098953020.3572
5,"[{""range"": 0.4843429167198052, ""doppler"": 0.0, ""angle"": 20.984356740489293, ""elevation"": 0.0}, {""range"": 0.5084316937170468, ""doppler"": 0.0, ""angle"": 23.526686893182724, ""elevation"": 0.0}, {""range"": 0.420823503060168, ""doppler"": 0.0, ""angle"": 31.853124716331926, ""elevation"": 0.0}, {""range"": 0.44856893048173846, ""doppler"": 0.0, ""angle"": 27.20856737028045, ""elevation"": 0.0}, {""range"": 0.40389670396088667, ""doppler"": 0.0, ""angle"": 34.611730267827916, ""elevation"": 0.0}]",1785098953020.599
9,"[{""range"": 0.356282175978646, ""doppler"": 0.0, ""angle"": -23.51576438454074, ""elevation"": 0.0}, {""range"": 0.30858358482281534, ""doppler"": 0.0, ""angle"": -17.920487077294762, ""elevation"": 0.0}, {""range"": 0.21048010397458075, ""doppler"": 0.0, ""angle"": -6.291813671693503, ""elevation"": 0.0}, {""range"": 0.21648342158991435, ""doppler"": 0.0, ""angle"": -6.44994362934892, ""elevation"": 0.0}, {""range"": 0.2422133584450507, ""doppler"": 0.0, ""angle"": -7.807076742074449, ""elevation"": 0.0}, {""range"": 0.4903058841362906, ""doppler"": 0.0, ""angle"": 25.39686520579061, ""elevation"": 0.0}, {""range"": 0.5162745069998563, ""doppler"": 0.0, ""angle"": 23.537337309648798, ""elevation"": 0.0}, {""range"": 0.4575832857169793, ""doppler"": 0.0, ""angle"": 40.14958244630326, ""elevation"": 0.0}, {""range"": 0.4292411267586286, ""doppler"": 0.0, ""angle"": 47.32973451808234, ""elevation"": 0.0}]",1785098953020.802
6,"[{""range"": 0.3521576894498647, ""doppler"": 0.0, ""angle"": -16.42894369501612, ""elevation"": 0.0}, {""range"": 0.3609528794782684, ""doppler"": 0.0, ""angle"": -14.869252461060594, ""elevation"": 0.0}, {""range"": 0.40799572225272207, ""doppler"": 0.0, ""angle"": -11.733462411291043, ""elevation"": 0.0}, {""range"": 0.16573119444264078, ""doppler"": 0.0, ""angle"": 12.461755920553795, ""elevation"": 0.0}, {""range"": 0.17635967902670205, ""doppler"": 0.0, ""angle"": 12.472097949201162, ""elevation"": 0.0}, {""range"": 0.18485244517816007, ""doppler"": 0.0, ""angle"": 13.310338599433218, ""elevation"": 0.0}]",1785098953021.01
8,"[{""range"": 0.3490600517870668, ""doppler"": 0.0, ""angle"": -18.240034400725722, ""elevation"": 0.0}, {""range"": 0.3597192410326447, ""doppler"": 0.0, ""angle"": -17.17392462363945, ""elevation"": 0.0}, {""range"": 3.124411867974009, ""doppler"": 0.0, ""angle"": -6.490108310945483, ""elevation"": 0.0}, {""range"": 0.5037285013666225, ""doppler"": 0.0, ""angle"": 25.482582689909407, ""elevation"": 0.0}, {""range"": 1.3188966818046168, ""doppler"": 0.0, ""angle"": 21.106109990824326, ""elevation"": 0.0}, {""range"": 0.469686752794874, ""doppler"": 0.0, ""angle"": 32.10480677734019, ""elevation"": 0.0}, {""range"": 0.4389200648114825, ""doppler"": 0.0, ""angle"": 38.34994671699297, ""elevation"": 0.0}, {""range"": 0.4536117614595879, ""doppler"": 0.0, ""angle"": 34.285180505729954, ""elevation"": 0.0}]",1785098953021.217
7,"[{""range"": 0.35402268956457505, ""doppler"": 0.0, ""angle"": -19.35013902463755, ""elevation"": 0.0}, {""range"": 0.3653851748421159, ""doppler"": 0.0, ""angle"": -19.765107158442124, ""elevation"": 0.0}, {""range"": 3.1184679782315734, ""doppler"": 0.0, ""angle"": -7.76072706592497, ""elevation"": 0.0}, {""range"": 1.330797127235051, ""doppler"": 0.0, ""angle"": 17.72648742409488, ""elevation"": 0.0}, {""range"": 1.3512136916247104, ""doppler"": 0.0, ""angle"": 13.74936238851573, ""elevation"": 0.0}, {""range"": 0.5243742938485324, ""doppler"": 0.0, ""angle"": 28.382799645674226, ""elevation"": 0.0}, {""range"": 0.5698709192439867, ""doppler"": 0.0, ""angle"": 29.782790073683593, ""elevation"": 0.0}]",1785098953021.439
8,"[{""range"": 0.3546019182068652, ""doppler"": 0.0, ""angle"": -18.645090270838676, ""elevation"": 0.0}, {""range"": 0.36049891426708314, ""doppler"": 0.0, ""angle"": -20.286615673446857, ""elevation"": 0.0}, {""range"": 0.3954936166255669, ""doppler"": 0.0, ""angle"": -25.63820334381482, ""elevation"": 0.0}, {""range"": 3.1166490959156694, ""doppler"": 0.0, ""angle"": -8.808394077118049, ""elevation"": 0.0}, {""range"": 1.3283932652603565, ""doppler"": 0.0, ""angle"": 17.47640905597788, ""elevation"": 0.0}, {""range"": 1.2901045670741356, ""doppler"": 0.0, ""angle"": 28.657360549107754, ""elevation"": 0.0}, {""range"": 0.5170376386692404, ""doppler"": 0.0, ""angle"": 40.39926219873823, ""elevation"": 0.0}, {""range"": 0.4987671657709209, ""doppler"": 0.0, ""angle"": 49.59477040852245, ""elevation"": 0.0}]",1785098953021.648
7,"[{""range"": 0.3590199526659324, ""doppler"": 0.0, ""angle"": -18.859086867950452, ""elevation"": 0.0}, {""range"": 0.36297066100302683, ""doppler"": 0.0, ""angle"": -18.229652470028952, ""elevation"": 0.0}, {""range"": 0.39472757822739907, ""doppler"": 0.0, ""angle"": -15.421298534442974, ""elevation"": 0.0}, {""range"": 3.144778503084055, ""doppler"": 0.0, ""angle"": -10.944467106041971, ""elevation"": 0.0}, {""range"": 3.131468450469189, ""doppler"": 0.0, ""angle"": -9.893695805068337, ""elevation"": 0.0}, {""range"": 0.5221112433693778, ""doppler"": 0.0, ""angle"": 12.098868624116447, ""elevation"": 0.0}, {""range"": 1.32237256831565, ""doppler"": 0.0, ""angle"": 18.912708842472146, ""elevation"": 0.0}]",1785098953021.86
5,"[{""range"": 0.3574346974329525, ""doppler"": 0.0, ""angle"": -17.34718498253792, ""elevation"": 0.0}, {""range"": 0.36946944280737926, ""doppler"": 0.0, ""angle"": -16.707212310084444, ""elevation"": 0.0}, {""range"": 0.3969502203876617, ""doppler"": 0.0, ""angle"": -13.228696906350278, ""elevation"": 0.0}, {""range"": 1.3264830326521875, ""doppler"": 0.0, ""angle"": 18.811085888677123, ""elevation"": 0.0}, {""range"": 0.5291687137061303, ""doppler"": 0.0, ""angle"": 41.657657103988086, ""elevation"": 0.0}]",1785098953022.077
5,"[{""range"": 0.35872767139186357, ""doppler"": 0.0, ""angle"": -18.362696932452405, ""elevation"": 0.0}, {""range"": 0.36568988473870234, ""doppler"": 0.0, ""angle"": -18.798192287764607, ""elevation"": 0.0}, {""range"": 0.39429319950001657, ""doppler"": 0.0, ""angle"": -25.089101819531088, ""elevation"": 0.0}, {""range"": 1.3252104433817464, ""doppler"": 0.0, ""angle"": 18.43005927015072, ""elevation"": 0.0}, {""range"": 0.5145985742052587, ""doppler"": 0.0, ""angle"": 38.92099087428056, ""elevation"": 0.0}]",1785098953022.28
8,"[{""range"": 0.35765312522872594, ""doppler"": 0.0, ""angle"": -18.48024191982173, ""elevation"": 0.0}, {""range"": 0.3648242941592539, ""doppler"": 0.0, ""angle"": -19.349685124326612, ""elevation"": 0.0}, {""range"": 0.40166282742853127, ""doppler"": 0.0, ""angle"": -15.836781760563149, ""elevation"": 0.0}, {""range"": 0.47866836979930416, ""doppler"": 0.0, ""angle"": 17.500861268952846, ""elevation"": 0.0}, {""range"": 1.329617178333475, ""doppler"": 0.0, ""angle"": 19.48277691611703, ""elevation"": 0.0}, {""range"": 0.5045982219466092, ""doppler"": 0.0, ""angle"": 26.56505117707799, ""elevation"": 0.0}, {""range"": 0.5231684417946048, ""doppler"": 0.0, ""angle"": 33.59773390113066, ""elevation"": 0.0}, {""range"": 0.5587267072759653, ""doppler"": 0.0, ""angle"": 33.68498180084553, ""elevation"": 0.0}]",1785098953022.491
8,"[{""range"": 0.35872767139186357, ""doppler"": 0.0, ""angle"": -18.362696932452405, ""elevation"": 0.0}, {""range"": 0.36441911306193264, ""doppler"": 0.0, ""angle"": -19.25289631177976, ""elevation"": 0.0}, {""range"": 0.38215453735485844, ""doppler"": 0.0, ""angle"": -18.977538386538114, ""elevation"": 0.0}, {""range"": 3.1220581931230864, ""doppler"": 0.0, ""angle"": -4.744020222509854, ""elevation"": 0.0}, {""range"": 1.3318930061044731, ""doppler"": 0.0, ""angle"": 17.49352505316642, ""elevation"": 0.0}, {""range"": 1.3506470926946297, ""doppler"": 0.0, ""angle"": 20.23909496559046, ""elevation"": 0.0}, {""range"": 0.4711254472325305, ""doppler"": 0.0, ""angle"": 46.368685739665814, ""elevation"": 0.0}, {""range"": 0.47565850977432445, ""doppler"": 0.0, ""angle"": 52.69931513714735, ""elevation"": 0.0}]",1785098953022.701
10,"[{""range"": 0.36698352772901344, ""doppler"": 0.0, ""angle"": -18.346665719424372, ""elevation"": 0.0}, {""range"": 0.35886357325968865, ""doppler"": 0.0, ""angle"": -17.784914292787544, ""elevation"": 0.0}, {""range"": 0.38250557604158875, ""doppler"": 0.0, ""angle"": -16.12199570233763, ""elevation"": 0.0}, {""range"": 1.202192464749185, ""doppler"": 0.0, ""angle"": 3.2999022855009033, ""elevation"": 0.0}, {""range"": 0.47761104786087616, ""doppler"": 0.0, ""angle"": 15.326611396678882, ""elevation"": 0.0}, {""range"": 1.3385816686575116, ""doppler"": 0.0, ""angle"": 15.829748956309237, ""elevation"": 0.0}, {""range"": 1.3507953037861173, ""doppler"": 0.0, ""angle"": 15.541162828253523, ""elevation"": 0.0}, {""range"": 0.4956430678440555, ""doppler"": 0.0, ""angle"": 19.428568792805326, ""elevation"": 0.0}, {""range"": 0.5173102263281105, ""doppler"": 0.0, ""angle"": 21.429961212522926, ""elevation"": 0.0}, {""range"": 0.5508004722163863, ""doppler"": 0.0, ""angle"": 20.405828648103125, ""elevation"": 0.0}]",1785098953022.918
9,"[{""range"": 0.3577698634304404, ""doppler"": 0.0, ""angle"": -18.172333686185247, ""elevation"": 0.0}, {""range"": 0.3664838152119828, ""doppler"": 0.0, ""angle"": -18.019448987848016, ""elevation"": 0.0}, {""range"": 0.38110753556461924, ""doppler"": 0.0, ""angle"": -17.559298753846964, ""elevation"": 0.0}, {""range"": 0.42943814638861305, ""doppler"": 0.0, ""angle"": -8.693560732257064, ""elevation"": 0.0}, {""range"": 1.3553228191659865, ""doppler"": 0.0, ""angle"": 15.4957862141728, ""elevation"": 0.0}, {""range"": 1.3275243791170133, ""doppler"": 0.0, ""angle"": 18.942582589545466, ""elevation"": 0.0}, {""range"": 0.5038391587624419, ""doppler"": 0.0, ""angle"": 27.292577528428705, ""elevation"": 0.0}, {""range"": 0.5438628090695404, ""doppler"": 0.0, ""angle"": 26.62402343335845, ""elevation"": 0.0}, {""range"": 0.5835159256836547, ""doppler"": 0.0, ""angle"": 27.860759466979204, ""elevation"": 0.0}]",1785098953023.1301
6,"[{""range"": 0.3653024696532001, ""doppler"": 0.0, ""angle"": -18.967092464229566, ""elevation"": 0.0}, {""range"": 0.3837456183911992, ""doppler"": 0.0, ""angle"": -19.97170165332313, ""elevation"": 0.0}, {""range"": 0.35596213739347804, ""doppler"": 0.0, ""angle"": -18.11638939172934, ""elevation"": 0.0}, {""range"": 0.44061353570426326, ""doppler"": 0.0, ""angle"": -8.659538039875738, ""elevation"": 0.0}, {""range"": 0.48448588645858126, ""doppler"": 0.0, ""angle"": -7.379441091759552, ""elevation"": 0.0}, {""range"": 1.3305688196762766, ""doppler"": 0.0, ""angle"": 16.272216595663114, ""elevation"": 0.0}]",1785098953023.339
7,"[{""range"": 0.3611044580920542, ""doppler"": 0.0, ""angle"": -18.237563579789807, ""elevation"": 0.0}, {""range"": 0.35502866103633884, ""doppler"": 0.0, ""angle"": -17.650124219930124, ""elevation"": 0.0}, {""range"": 0.39646162432199816, ""doppler"": 0.0, ""angle"": -17.88742345224912, ""elevation"": 0.0}, {""range"": 0.47975761917955917, ""doppler"": 0.0, ""angle"": -12.440788712193534, ""elevation"": 0.0}, {""range"": 0.45836133051317135, ""doppler"": 0.0, ""angle"": -10.792662520156641, ""elevation"": 0.0}, {""range"": 1.3366755428095491, ""doppler"": 0.0, ""angle"": 13.846627680810595, ""elevation"": 0.0}, {""range"": 1.3550192066531377, ""doppler"": 0.0, ""angle"": 13.865698987130783, ""elevation"": 0.0}]",1785098953023.5479
4,"[{""range"": 0.35567435538385234, ""doppler"": 0.0, ""angle"": -18.343858630170622, ""elevation"": 0.0}, {""range"": 0.3678626820477351, ""doppler"": 0.0, ""angle"": -19.183582813074736, ""elevation"": 0.0}, {""range"": 0.40752417473051333, ""doppler"": 0.0, ""angle"": -15.133846308702651, ""elevation"": 0.0}, {""range"": 1.3297867649203865, ""doppler"": 0.0, ""angle"": 11.707320284528908, ""elevation"": 0.0}]",1785098953023.7607
5,"[{""range"": 0.3550040733882331, ""doppler"": 0.0, ""angle"": -18.836505532378705, ""elevation"": 0.0}, {""range"": 0.3680677113602949, ""doppler"": 0.0, ""angle"": -19.52650031316593, ""elevation"": 0.0}, {""range"": 0.40380276393857184, ""doppler"": 0.0, ""angle"": -15.697952162825768, ""elevation"": 0.0}, {""range"": 0.4543375298391359, ""doppler"": 0.0, ""angle"": -5.5333324310119885, ""elevation"": 0.0}, {""range"": 0.4825101102293225, ""doppler"": 0.0, ""angle"": -0.9767792882595859, ""elevation"": 0.0}]",1785098953023.962
7,"[{""range"": 0.3565993719011675, ""doppler"": 0.0, ""angle"": -19.052767091617138, ""elevation"": 0.0}, {""range"": 0.36648939894421056, ""doppler"": 0.0, ""angle"": -20.955221280621412, ""elevation"": 0.0}, {""range"": 0.3933900459241479, ""doppler"": 0.0, ""angle"": -18.443184524965776, ""elevation"": 0.0}, {""range"": 0.46322873947612664, ""doppler"": 0.0, ""angle"": 1.1944107705578169, ""elevation"": 0.0}, {""range"": 0.48406500829675553, ""doppler"": 0.0, ""angle"": 8.112143171948269, ""elevation"": 0.0}, {""range"": 0.5048890519160306, ""doppler"": 0.0, ""angle"": 12.082001690584745, ""elevation"": 0.0}, {""range"": 1.3329085006334875, ""doppler"": 0.0, ""angle"": 11.71091196600897, ""elevation"": 0.0}]",1785098953024.1658
5,"[{""range"": 0.35644807523219524, ""doppler"": 0.0, ""angle"": -19.762096982175294, ""elevation"": 0.0}, {""range"": 0.36754855140020487, ""doppler"": 0.0, ""angle"": -20.445120833430373, ""elevation"": 0.0}, {""range"": 0.40210880641358676, ""doppler"": 0.0, ""angle"": -14.81488911349833, ""elevation"": 0.0}, {""range"": 0.4828505023501646, ""doppler"": 0.0, ""angle"": 9.141399432345677, ""elevation"": 0.0}, {""range"": 0.5049492747766076, ""doppler"": 0.0, ""angle"": 19.615608679576212, ""elevation"": 0.0}]",1785098953024.3708
5,"[{""range"": 0.35694060748573253, ""doppler"": 0.0, ""angle"": -19.642239401864803, ""elevation"": 0.0}, {""range"": 0.367988910896083, ""doppler"": 0.0, ""angle"": -20.389857620161145, ""elevation"": 0.0}, {""range"": 0.40289680164456865, ""doppler"": 0.0, ""angle"": -15.232815948437596, ""elevation"": 0.0}, {""range"": 0.4921978840415402, ""doppler"": 0.0, ""angle"": 17.092016331110173, ""elevation"": 0.0}, {""range"": 0.5140327131377974, ""doppler"": 0.0, ""angle"": 19.487574924534577, ""elevation"": 0.0}]",1785098953024.5718
8,"[{""range"": 0.3573749810411124, ""doppler"": 0.0, ""angle"": -19.495692659210874, ""elevation"": 0.0}, {""range"": 0.36659390373580736, ""doppler"": 0.0, ""angle"": -18.779620802924853, ""elevation"": 0.0}, {""range"": 0.3972117210555442, ""doppler"": 0.0, ""angle"": -12.584760601045314, ""elevation"": 0.0}, {""range"": 0.45183744338572485, ""doppler"": 0.0, ""angle"": -5.313495565852037, ""elevation"": 0.0}, {""range"": 1.337421952165199, ""doppler"": 0.0, ""angle"": 14.32050906030244, ""elevation"": 0.0}, {""range"": 0.4874845010533469, ""doppler"": 0.0, ""angle"": 28.360539674041462, ""elevation"": 0.0}, {""range"": 0.4954307166990781, ""doppler"": 0.0, ""angle"": 28.146690043988087, ""elevation"": 0.0}, {""range"": 0.5080242026705305, ""doppler"": 0.0, ""angle"": 28.278901746082845, ""elevation"": 0.0}]",1785098953024.779
9,"[{""range"": 0.35637527390102486, ""doppler"": 0.0, ""angle"": -19.644154863546564, ""elevation"": 0.0}, {""range"": 0.36586790461248336, ""doppler"": 0.0, ""angle"": -18.966270032837418, ""elevation"": 0.0}, {""range"": 0.38958533748071783, ""doppler"": 0.0, ""angle"": -13.781115333306918, ""elevation"": 0.0}, {""range"": 0.4374915961840846, ""doppler"": 0.0, ""angle"": -7.798916565740594, ""elevation"": 0.0}, {""range"": 1.3340910269859354, ""doppler"": 0.0, ""angle"": 14.777569510134473, ""elevation"": 0.0}, {""range"": 0.5114644317739767, ""doppler"": 0.0, ""angle"": 33.79562542175089, ""elevation"": 0.0}, {""range"": 0.5228618508038327, ""doppler"": 0.0, ""angle"": 30.862942947818514, ""elevation"": 0.0}, {""range"": 0.5557238184594397, ""doppler"": 0.0, ""angle"": 29.196066029388962, ""elevation"": 0.0}, {""range"": 1.2863745805074975, ""doppler"": 0.0, ""angle"": 33.829231185904206, ""elevation"": 0.0}]",1785098953024.987
8,"[{""range"": 0.35586493309417977, ""doppler"": 0.0, ""angle"": -20.01016299686331, ""elevation"": 0.0}, {""range"": 0.3646907012348422, ""doppler"": 0.0, ""angle"": -19.119018507115964, ""elevation"": 0.0}, {""range"": 2.059544593374194, ""doppler"": 0.0, ""angle"": -23.230596771319046, ""elevation"": 0.0}, {""range"": 0.39199619884408743, ""doppler"": 0.0, ""angle"": -11.525213509544741, ""elevation"": 0.0}, {""range"": 0.44203893204819983, ""doppler"": 0.0, ""angle"": -4.012958828359379, ""elevation"": 0.0}, {""range"": 1.3297911290398263, ""doppler"": 0.0, ""angle"": 5.850118027901617, ""elevation"": 0.0}, {""range"": 0.525160238609625, ""doppler"": 0.0, ""angle"": 33.36000766297438, ""elevation"": 0.0}, {""range"": 0.5093551563921582, ""doppler"": 0.0, ""angle"": 37.39689774766532, ""elevation"": 0.0}]",1785098953025.198
4,"[{""range"": 0.35635423365464913, ""doppler"": 0.0, ""angle"": -19.889766999674475, ""elevation"": 0.0}, {""range"": 0.3660841829338477, ""doppler"": 0.0, ""angle"": -20.709995320002573, ""elevation"": 0.0}, {""range"": 0.40029986420668934, ""doppler"": 0.0, ""angle"": -12.800862759969817, ""elevation"": 0.0}, {""range"": 0.4532409812683024, ""doppler"": 0.0, ""angle"": -3.8456510381470994, ""elevation"": 0.0}]",1785098953025.4663
7,"[{""range"": 0.35670081323120545, ""doppler"": 0.0, ""angle"": -19.5340353831591, ""elevation"": 0.0}, {""range"": 0.3653832058885078, ""doppler"": 0.0, ""angle"": -20.093304398212762, ""elevation"": 0.0}, {""range"": 0.3981126701899661, ""doppler"": 0.0, ""angle"": -11.844919800097669, ""elevation"": 0.0}, {""range"": 0.45496172257118417, ""doppler"": 0.0, ""angle"": 0.9233190278354876, ""elevation"": 0.0}, {""range"": 0.47844621258052317, ""doppler"": 0.0, ""angle"": -2.9992817812827597, ""elevation"": 0.0}, {""range"": 1.3374841580486971, ""doppler"": 0.0, ""angle"": 14.937338355499259, ""elevation"": 0.0}, {""range"": 0.5193578306818832, ""doppler"": 0.0, ""angle"": 33.356320102310406, ""elevation"": 0.0}]",1785098953025.682
7,"[{""range"": 0.35615543397401433, ""doppler"": 0.0, ""angle"": -20.054379062921907, ""elevation"": 0.0}, {""range"": 0.3666491972236689, ""doppler"": 0.0, ""angle"": -20.706487585052116, ""elevation"": 0.0}, {""range"": 0.40092109838275525, ""doppler"": 0.0, ""angle"": -17.01254680924403, ""elevation"": 0.0}, {""range"": 0.4806372534394387, ""doppler"": 0.0, ""angle"": 8.838538135228603, ""elevation"": 0.0}, {""range"": 0.5118046214272266, ""doppler"": 0.0, ""angle"": 9.735470609648047, ""elevation"": 0.0}, {""range"": 0.4660330594866253, ""doppler"": 0.0, ""angle"": 10.926212996404882, ""elevation"": 0.0}, {""range"": 1.331403598595093, ""doppler"": 0.0, ""angle"": 15.469738966779436, ""elevation"": 0.0}]",1785098953025.892
8,"[{""range"": 0.35669054937986694, ""doppler"": 0.0, ""angle"": -19.87022308659743, ""elevation"": 0.0}, {""range"": 0.36585322223449734, ""doppler"": 0.0, ""angle"": -20.454439630485616, ""elevation"": 0.0}, {""range"": 0.3979597210303888, ""doppler"": 0.0, ""angle"": -20.763954314207815, ""elevation"": 0.0}, {""range"": 0.47190962216055904, ""doppler"": 0.0, ""angle"": 16.53288668742566, ""elevation"": 0.0}, {""range"": 0.48469148825038577, ""doppler"": 0.0, ""angle"": 15.579553398110441, ""elevation"": 0.0}, {""range"": 0.5122202476086565, ""doppler"": 0.0, ""angle"": 17.093905636719306, ""elevation"": 0.0}, {""range"": 0.5518756850982687, ""doppler"": 0.0, ""angle"": 14.351423358765933, ""elevation"": 0.0}, {""range"": 1.330788153299766, ""doppler"": 0.0, ""angle"": 16.41387011959327, ""elevation"": 0.0}]",1785098953026.109
9,"[{""range"": 0.35648278856099525, ""doppler"": 0.0, ""angle"": -18.998436100828712, ""elevation"": 0.0}, {""range"": 0.36610379062544396, ""doppler"": 0.0, ""angle"": -20.559320574265378, ""elevation"": 0.0}, {""range"": 0.3979286259608604, ""doppler"": 0.0, ""angle"": -21.677103083645818, ""elevation"": 0.0}, {""range"": 1.1943190293050236, ""doppler"": 0.0, ""angle"": 1.7502551058333924, ""elevation"": 0.0}, {""range"": 0.4727165765388866, ""doppler"": 0.0, ""angle"": 16.93382346984539, ""elevation"": 0.0}, {""range"": 0.48362773156831157, ""doppler"": 0.0, ""angle"": 16.96099669132529, ""elevation"": 0.0}, {""range"": 1.326725985380563, ""doppler"": 0.0, ""angle"": 17.961198592258363, ""elevation"": 0.0}, {""range"": 0.5116680352889296, ""doppler"": 0.0, ""angle"": 22.217855349272035, ""elevation"": 0.0}, {""range"": 0.5568285438562172, ""doppler"": 0.0, ""angle"": 25.52821116587277, ""elevation"": 0.0}]",1785098953026.3513
8,"[{""range"": 0.3578913433368708, ""doppler"": 0.0, ""angle"": -19.5575416664746, ""elevation"": 0.0}, {""range"": 0.36598023152534204, ""doppler"": 0.0, ""angle"": -20.74608027568341, ""elevation"": 0.0}, {""range"": 0.39577405585504055, ""doppler"": 0.0, ""angle"": -22.08021886479655, ""elevation"": 0.0}, {""range"": 0.4752645974128588, ""doppler"": 0.0, ""angle"": 16.682725936995336, ""elevation"": 0.0}, {""range"": 0.48730799746821307, ""doppler"": 0.0, ""angle"": 16.499881824318145, ""elevation"": 0.0}, {""range"": 1.3275592668705074, ""doppler"": 0.0, ""angle"": 18.04691416515542, ""elevation"": 0.0}, {""range"": 0.51371958071229, ""doppler"": 0.0, ""angle"": 22.512477675105547, ""elevation"": 0.0}, {""range"": 0.5562464934648994, ""doppler"": 0.0, ""angle"": 32.928893303738725, ""elevation"": 0.0}]",1785098953026.5588
8,"[{""range"": 0.3580682844093129, ""doppler"": 0.0, ""angle"": -19.032135258511516, ""elevation"": 0.0}, {""range"": 0.3673991092708431, ""doppler"": 0.0, ""angle"": -19.978341601996366, ""elevation"": 0.0}, {""range"": 0.4012160737800058, ""doppler"": 0.0, ""angle"": -21.052177805982833, ""elevation"": 0.0}, {""range"": 0.4703271841912746, ""doppler"": 0.0, ""angle"": 19.13070321619555, ""elevation"": 0.0}, {""range"": 0.48593143144707596, ""doppler"": 0.0, ""angle"": 19.095024608371222, ""elevation"": 0.0}, {""range"": 0.5149101474885853, ""doppler"": 0.0, ""angle"": 21.94181286956061, ""elevation"": 0.0}, {""range"": 0.5611049341015047, ""doppler"": 0.0, ""angle"": 25.805616250634078, ""elevation"": 0.0}, {""range"": 1.3263441343264704, ""doppler"": 0.0, ""angle"": 18.55219786698945, ""elevation"": 0.0}]",1785098953026.7542
7,"[{""range"": 0.3586282744830576, ""doppler"": 0.0, ""angle"": -18.940858672626156, ""elevation"": 0.0}, {""range"": 0.3668397388890293, ""doppler"": 0.0, ""angle"": -20.30761687893178, ""elevation"": 0.0}, {""range"": 0.40071739886061375, ""doppler"": 0.0, ""angle"": -21.71120241713821, ""elevation"": 0.0}, {""range"": 0.4701378804153321, ""doppler"": 0.0, ""angle"": 20.04082305417143, ""elevation"": 0.0}, {""range"": 0.4861643086280784, ""doppler"": 0.0, ""angle"": 19.867877758267696, ""elevation"": 0.0}, {""range"": 0.5156120803091372, ""doppler"": 0.0, ""angle"": 22.081834813050683, ""elevation"": 0.0}, {""range"": 0.5588947299897921, ""doppler"": 0.0, ""angle"": 24.195147684729577, ""elevation"": 0.0}]",1785098953026.95
9,"[{""range"": 0.3582507163524951, ""doppler"": 0.0, ""angle"": -19.203670059414623, ""elevation"": 0.0}, {""range"": 0.36533835462715486, ""doppler"": 0.0, ""angle"": -20.1556114838448, ""elevation"": 0.0}, {""range"": 0.3987418427004333, ""doppler"": 0.0, ""angle"": -22.712758779409995, ""elevation"": 0.0}, {""range"": 3.1155499948417007, ""doppler"": 0.0, ""angle"": -8.655156732993033, ""elevation"": 0.0}, {""range"": 0.46944158095569644, ""doppler"": 0.0, ""angle"": 19.677313153596284, ""elevation"": 0.0}, {""range"": 0.48580165597027514, ""doppler"": 0.0, ""angle"": 20.24256549396854, ""elevation"": 0.0}, {""range"": 0.5168095475416776, ""doppler"": 0.0, ""angle"": 22.972126161307006, ""elevation"": 0.0}, {""range"": 0.5664691101634342, ""doppler"": 0.0, ""angle"": 24.26732902760435, ""elevation"": 0.0}, {""range"": 1.3214240981894543, ""doppler"": 0.0, ""angle"": 18.32952215774399, ""elevation"": 0.0}]",1785098953027.143
5,"[{""range"": 0.39145347620082155, ""doppler"": 0.0, ""angle"": -26.155384556104035, ""elevation"": 0.0}, {""range"": 0.35813324208379826, ""doppler"": 0.0, ""angle"": -19.149638831142177, ""elevation"": 0.0}, {""range"": 0.3633830886531243, ""doppler"": 0.0, ""angle"": -20.539545830673337, ""elevation"": 0.0}, {""range"": 1.3313912545322684, ""doppler"": 0.0, ""angle"": 17.831447810937966, ""elevation"": 0.0}, {""range"": 1.3515935436312545, ""doppler"": 0.0, ""angle"": 13.363352822487077, ""elevation"": 0.0}]",1785098953027.3381
6,"[{""range"": 0.3587832859851043, ""doppler"": 0.0, ""angle"": -19.44637075422723, ""elevation"": 0.0}, {""range"": 0.36528238128127677, ""doppler"": 0.0, ""angle"": -21.087853489106447, ""elevation"": 0.0}, {""range"": 0.39898329669918126, ""doppler"": 0.0, ""angle"": -24.83073792092851, ""elevation"": 0.0}, {""range"": 1.3303666825913738, ""doppler"": 0.0, ""angle"": 17.231821757397046, ""elevation"": 0.0}, {""range"": 1.351112277959759, ""doppler"": 0.0, ""angle"": 14.141072889127148, ""elevation"": 0.0}, {""range"": 1.2940698702952202, ""doppler"": 0.0, ""angle"": 24.9609335800135, ""elevation"": 0.0}]",1785098953027.5352
5,"[{""range"": 0.3584957172670151, ""doppler"": 0.0, ""angle"": -19.40198877482687, ""elevation"": 0.0}, {""range"": 0.36593842425253387, ""doppler"": 0.0, ""angle"": -21.19831829197128, ""elevation"": 0.0}, {""range"": 0.3974367274396443, ""doppler"": 0.0, ""angle"": -24.281813448165057, ""elevation"": 0.0}, {""range"": 1.3516684509180652, ""doppler"": 0.0, ""angle"": 16.785639051396025, ""elevation"": 0.0}, {""range"": 1.3250175033838922, ""doppler"": 0.0, ""angle"": 18.840844192096693, ""elevation"": 0.0}]",1785098953027.725
6,"[{""range"": 0.35861467769689376, ""doppler"": 0.0, ""angle"": -19.45588209080986, ""elevation"": 0.0}, {""range"": 0.3648595250846243, ""doppler"": 0.0, ""angle"": -21.535477217322047, ""elevation"": 0.0}, {""range"": 0.3953627847412924, ""doppler"": 0.0, ""angle"": -24.930790975271414, ""elevation"": 0.0}, {""range"": 3.121518365368467, ""doppler"": 0.0, ""angle"": -9.645780309073448, ""elevation"": 0.0}, {""range"": 0.5630566579060979, ""doppler"": 0.0, ""angle"": 27.541589212839554, ""elevation"": 0.0}, {""range"": 0.5317499797662756, ""doppler"": 0.0, ""angle"": 34.4916537770072, ""elevation"": 0.0}]",1785098953027.921
6,"[{""range"": 0.3586967409561886, ""doppler"": 0.0, ""angle"": -19.663430674024635, ""elevation"": 0.0}, {""range"": 0.3662626659052398, ""doppler"": 0.0, ""angle"": -21.328717043622536, ""elevation"": 0.0}, {""range"": 0.3957082876654556, ""doppler"": 0.0, ""angle"": -24.167538376848043, ""elevation"": 0.0}, {""range"": 0.4815698283779248, ""doppler"": 0.0, ""angle"": -6.652664092885973, ""elevation"": 0.0}, {""range"": 0.519458295542212, ""doppler"": 0.0, ""angle"": -7.2179772690600075, ""elevation"": 0.0}, {""range"": 1.324907049722561, ""doppler"": 0.0, ""angle"": 20.460108863589273, ""elevation"": 0.0}]",1785098953028.1191
5,"[{""range"": 0.35792122670292964, ""doppler"": 0.0, ""angle"": -20.653202044124512, ""elevation"": 0.0}, {""range"": 0.36796145274618136, ""doppler"": 0.0, ""angle"": -22.364990259672968, ""elevation"": 0.0}, {""range"": 0.40144588465490594, ""doppler"": 0.0, ""angle"": -23.744822549473515, ""elevation"": 0.0}, {""range"": 0.5004011707315805, ""doppler"": 0.0, ""angle"": -5.618916708905641, ""elevation"": 0.0}, {""range"": 1.3281084023969378, ""doppler"": 0.0, ""angle"": 20.630984109068667, ""elevation"": 0.0}]",1785098953028.3142
7,"[{""range"": 0.3572293385584603, ""doppler"": 0.0, ""angle"": -19.68662072276732, ""elevation"": 0.0}, {""range"": 0.36910786876817897, ""doppler"": 0.0, ""angle"": -21.992119814975307, ""elevation"": 0.0}, {""range"": 0.4043061745133858, ""doppler"": 0.0, ""angle"": -22.02727866917134, ""elevation"": 0.0}, {""range"": 0.4802925299964552, ""doppler"": 0.0, ""angle"": -7.336683008281591, ""elevation"": 0.0}, {""range"": 0.4969692522694668, ""doppler"": 0.0, ""angle"": -7.25542558303466, ""elevation"": 0.0}, {""range"": 1.3554538413549664, ""doppler"": 0.0, ""angle"": 16.792637575049493, ""elevation"": 0.0}, {""range"": 1.3294536068783738, ""doppler"": 0.0, ""angle"": 21.426474302455468, ""elevation"": 0.0}]",1785098953028.506
7,"[{""range"": 0.3577666460426015, ""doppler"": 0.0, ""angle"": -18.534562058204195, ""elevation"": 0.0}, {""range"": 0.3677835768400953, ""doppler"": 0.0, ""angle"": -21.475516096813678, ""elevation"": 0.0}, {""range"": 0.39954240064706614, ""doppler"": 0.0, ""angle"": -22.387108904686045, ""elevation"": 0.0}, {""range"": 0.46925355524984663, ""doppler"": 0.0, ""angle"": -4.546063827058618, ""elevation"": 0.0}, {""range"": 0.4934613104507826, ""doppler"": 0.0, ""angle"": 1.9727874851822274, ""elevation"": 0.0}, {""range"": 0.5138522925138816, ""doppler"": 0.0, ""angle"": 5.791934044073427, ""elevation"": 0.0}, {""range"": 1.3285311791892216, ""doppler"": 0.0, ""angle"": 20.393578692524585, ""elevation"": 0.0}]",1785098953028.702
6,"[{""range"": 0.3572558315624752, ""doppler"": 0.0, ""angle"": -19.867951593048705, ""elevation"": 0.0}, {""range"": 0.3635983827249565, ""doppler"": 0.0, ""angle"": -20.22625101738968, ""elevation"": 0.0}, {""range"": 0.39284554557891327, ""doppler"": 0.0, ""angle"": -19.573125830410195, ""elevation"": 0.0}, {""range"": 0.4833304590838023, ""doppler"": 0.0, ""angle"": -3.478487897515357, ""elevation"": 0.0}, {""range"": 0.5062230376119867, ""doppler"": 0.0, ""angle"": 0.10119342977485607, ""elevation"": 0.0}, {""range"": 1.3324834772897758, ""doppler"": 0.0, ""angle"": 16.416442611034917, ""elevation"": 0.0}]",1785098953028.898
5,"[{""range"": 0.3572064241055627, ""doppler"": 0.0, ""angle"": -19.50526477139423, ""elevation"": 0.0}, {""range"": 0.3653061458369793, ""doppler"": 0.0, ""angle"": -19.978314302145925, ""elevation"": 0.0}, {""range"": 0.3919433798781234, ""doppler"": 0.0, ""angle"": -16.922076722482323, ""elevation"": 0.0}, {""range"": 1.3304599323814694, ""doppler"": 0.0, ""angle"": 20.17389876243366, ""elevation"": 0.0}, {""range"": 1.354570352276726, ""doppler"": 0.0, ""angle"": 19.013771021441883, ""elevation"": 0.0}]",1785098953029.093
4,"[{""range"": 0.3887532549572902, ""doppler"": 0.0, ""angle"": -35.45189655853953, ""elevation"": 0.0}, {""range"": 0.3567121076084001, ""doppler"": 0.0, ""angle"": -19.624843864520624, ""elevation"": 0.0}, {""range"": 0.3598252233629785, ""doppler"": 0.0, ""angle"": -20.569375244239854, ""elevation"": 0.0}, {""range"": 1.3289314095498714, ""doppler"": 0.0, ""angle"": 22.624609203436144, ""elevation"": 0.0}]",1785098953029.2812
8,"[{""range"": 0.3580000550018361, ""doppler"": 0.0, ""angle"": -19.52099464892841, ""elevation"": 0.0}, {""range"": 0.3668784367006218, ""doppler"": 0.0, ""angle"": -20.484139544311322, ""elevation"": 0.0}, {""range"": 0.38902651224600976, ""doppler"": 0.0, ""angle"": -19.326089112609626, ""elevation"": 0.0}, {""range"": 0.4523575522310181, ""doppler"": 0.0, ""angle"": -6.400218732342896, ""elevation"": 0.0}, {""range"": 0.4841697916040028, ""doppler"": 0.0, ""angle"": -2.9849831992861753, ""elevation"": 0.0}, {""range"": 0.5096202461340272, ""doppler"": 0.0, ""angle"": -3.037090000260279, ""elevation"": 0.0}, {""range"": 1.3559234615181686, ""doppler"": 0.0, ""angle"": 15.810470214955737, ""elevation"": 0.0}, {""range"": 1.3265866906943196, ""doppler"": 0.0, ""angle"": 20.367126932861897, ""elevation"": 0.0}]",1785098953029.479
9,"[{""range"": 0.35811971578684465, ""doppler"": 0.0, ""angle"": -19.57492285645784, ""elevation"": 0.0}, {""range"": 0.36535191997968286, ""doppler"": 0.0, ""angle"": -20.7234323102591, ""elevation"": 0.0}, {""range"": 0.3804640346749516, ""doppler"": 0.0, ""angle"": -19.065108859268996, ""elevation"": 0.0}, {""range"": 0.4456440749432713, ""doppler"": 0.0, ""angle"": -4.04958170327138, ""elevation"": 0.0}, {""range"": 0.4880965367059798, ""doppler"": 0.0, ""angle"": -4.2860136046680815, ""elevation"": 0.0}, {""range"": 0.5133095600657198, ""doppler"": 0.0, ""angle"": -8.513987929750348, ""elevation"": 0.0}, {""range"": 1.3250444336647969, ""doppler"": 0.0, ""angle"": 21.90909469882455, ""elevation"": 0.0}, {""range"": 0.5783300711177167, ""doppler"": 0.0, ""angle"": 28.47473148473416, ""elevation"": 0.0}, {""range"": 1.2937907338665728, ""doppler"": 0.0, ""angle"": 29.10152181979053, ""elevation"": 0.0}]",1785098953029.679
7,"[{""range"": 0.35812663524350197, ""doppler"": 0.0, ""angle"": -19.05917941886003, ""elevation"": 0.0}, {""range"": 0.36654802299718864, ""doppler"": 0.0, ""angle"": -20.264890686992715, ""elevation"": 0.0}, {""range"": 0.3895012446539986, ""doppler"": 0.0, ""angle"": -17.96913974015702, ""elevation"": 0.0}, {""range"": 0.4469484961101699, ""doppler"": 0.0, ""angle"": -6.178182374340956, ""elevation"": 0.0}, {""range"": 0.4864516331988124, ""doppler"": 0.0, ""angle"": -3.9415635823862774, ""elevation"": 0.0}, {""range"": 1.3250536878061157, ""doppler"": 0.0, ""angle"": 22.543734697122442, ""elevation"": 0.0}, {""range"": 0.5227610919931442, ""doppler"": 0.0, ""angle"": 40.046466393927105, ""elevation"": 0.0}]",1785098953029.877
5,"[{""range"": 0.35826481781606523, ""doppler"": 0.0, ""angle"": -20.144358130094755, ""elevation"": 0.0}, {""range"": 0.3665184940473026, ""doppler"": 0.0, ""angle"": -21.583397969228475, ""elevation"": 0.0}, {""range"": 0.3839747685856334, ""doppler"": 0.0, ""angle"": -19.987665746805856, ""elevation"": 0.0}, {""range"": 1.3248571048484028, ""doppler"": 0.0, ""angle"": 23.589525964169574, ""elevation"": 0.0}, {""range"": 0.5112682832322867, ""doppler"": 0.0, ""angle"": 34.512651223089826, ""elevation"": 0.0}]",1785098953030.0688
6,"[{""range"": 0.3586742768353259, ""doppler"": 0.0, ""angle"": -19.48281533091037, ""elevation"": 0.0}, {""range"": 0.3675308042487874, ""doppler"": 0.0, ""angle"": -21.221638228482988, ""elevation"": 0.0}, {""range"": 0.38533971368095465, ""doppler"": 0.0, ""angle"": -20.76453969509957, ""elevation"": 0.0}, {""range"": 0.5203641871924097, ""doppler"": 0.0, ""angle"": -3.388427686401504, ""elevation"": 0.0}, {""range"": 1.3221800243331898, ""doppler"": 0.0, ""angle"": 24.05532781981598, ""elevation"": 0.0}, {""range"": 0.5158994904162871, ""doppler"": 0.0, ""angle"": 28.892577683453954, ""elevation"": 0.0}]",1785098953030.2668
6,"[{""range"": 0.35836083581121053, ""doppler"": 0.0, ""angle"": -19.16726780928485, ""elevation"": 0.0}, {""range"": 0.36723702528659913, ""doppler"": 0.0, ""angle"": -20.791143696413155, ""elevation"": 0.0}, {""range"": 0.3854844402851406, ""doppler"": 0.0, ""angle"": -20.671140555404296, ""elevation"": 0.0}, {""range"": 0.5176051874557137, ""doppler"": 0.0, ""angle"": 22.09913314366273, ""elevation"": 0.0}, {""range"": 1.3231522148057018, ""doppler"": 0.0, ""angle"": 21.683505268114683, ""elevation"": 0.0}, {""range"": 0.4953192782094859, ""doppler"": 0.0, ""angle"": 28.859728080225032, ""elevation"": 0.0}]",1785098953030.486
7,"[{""range"": 0.3578116868396925, ""doppler"": 0.0, ""angle"": -19.349502679971792, ""elevation"": 0.0}, {""range"": 0.36738100676681085, ""doppler"": 0.0, ""angle"": -20.454862166235344, ""elevation"": 0.0}, {""range"": 0.39184514622416844, ""doppler"": 0.0, ""angle"": -19.236987731554667, ""elevation"": 0.0}, {""range"": 1.3573195215309637, ""doppler"": 0.0, ""angle"": 16.28858584324971, ""elevation"": 0.0}, {""range"": 0.4951213186719599, ""doppler"": 0.0, ""angle"": 25.84322362719424, ""elevation"": 0.0}, {""range"": 0.5104995335562893, ""doppler"": 0.0, ""angle"": 23.5569809279073, ""elevation"": 0.0}, {""range"": 1.3277083333463822, ""doppler"": 0.0, ""angle"": 21.340003869586482, ""elevation"": 0.0}]",1785098953030.6829
6,"[{""range"": 0.3570775924537618, ""doppler"": 0.0, ""angle"": -19.360457407798826, ""elevation"": 0.0}, {""range"": 0.3663517438658907, ""doppler"": 0.0, ""angle"": -19.35471560402598, ""elevation"": 0.0}, {""range"": 0.404207464787042, ""doppler"": 0.0, ""angle"": -16.446755992580684, ""elevation"": 0.0}, {""range"": 0.5168816506807928, ""doppler"": 0.0, ""angle"": 15.161242578137994, ""elevation"": 0.0}, {""range"": 0.48979369287063623, ""doppler"": 0.0, ""angle"": 20.717627556154792, ""elevation"": 0.0}, {""range"": 1.3264036415771499, ""doppler"": 0.0, ""angle"": 18.266410758213546, ""elevation"": 0.0}]",1785098953030.876
6,"[{""range"": 0.35635827132490144, ""doppler"": 0.0, ""angle"": -18.7622458122217, ""elevation"": 0.0}, {""range"": 0.3611856015562017, ""doppler"": 0.0, ""angle"": -20.579284901736496, ""elevation"": 0.0}, {""range"": 0.4025351087873888, ""doppler"": 0.0, ""angle"": -25.608882156717506, ""elevation"": 0.0}, {""range"": 0.47529285295427964, ""doppler"": 0.0, ""angle"": 24.588456081932627, ""elevation"": 0.0}, {""range"": 0.4822737779128378, ""doppler"": 0.0, ""angle"": 23.837384508569368, ""elevation"": 0.0}, {""range"": 0.5046686167772156, ""doppler"": 0.0, ""angle"": 23.358529931228, ""elevation"": 0.0}]",1785098953031.071
7,"[{""range"": 0.3966691617585155, ""doppler"": 0.0, ""angle"": -30.92389090142769, ""elevation"": 0.0}, {""range"": 0.3558591826551158, ""doppler"": 0.0, ""angle"": -18.972109469569578, ""elevation"": 0.0}, {""range"": 0.35896971914491776, ""doppler"": 0.0, ""angle"": -20.77317487444137, ""elevation"": 0.0}, {""range"": 3.125240322778724, ""doppler"": 0.0, ""angle"": -7.115664193133908, ""elevation"": 0.0}, {""range"": 0.47548403828603364, ""doppler"": 0.0, ""angle"": 25.553204009567903, ""elevation"": 0.0}, {""range"": 0.4827364909358327, ""doppler"": 0.0, ""angle"": 24.580958529173405, ""elevation"": 0.0}, {""range"": 0.5041427943355399, ""doppler"": 0.0, ""angle"": 26.001563899171288, ""elevation"": 0.0}]",1785098953031.268
5,"[{""range"": 0.3559233756450819, ""doppler"": 0.0, ""angle"": -19.090353365620878, ""elevation"": 0.0}, {""range"": 0.3603605236255007, ""doppler"": 0.0, ""angle"": -19.387992214321642, ""elevation"": 0.0}, {""range"": 0.39752975883395913, ""doppler"": 0.0, ""angle"": -25.35475700815677, ""elevation"": 0.0}, {""range"": 0.47340380398616433, ""doppler"": 0.0, ""angle"": 23.60211527166037, ""elevation"": 0.0}, {""range"": 0.47828408964353436, ""doppler"": 0.0, ""angle"": 21.88494256863996, ""elevation"": 0.0}]",1785098953031.465
6,"[{""range"": 0.35666401438669226, ""doppler"": 0.0, ""angle"": -19.68860498023578, ""elevation"": 0.0}, {""range"": 0.36269148157098247, ""doppler"": 0.0, ""angle"": -19.49801062860453, ""elevation"": 0.0}, {""range"": 0.39628657631030506, ""doppler"": 0.0, ""angle"": -19.506002457465723, ""elevation"": 0.0}, {""range"": 0.4725822587661098, ""doppler"": 0.0, ""angle"": 25.72152897790889, ""elevation"": 0.0}, {""range"": 0.4779261618505347, ""doppler"": 0.0, ""angle"": 24.349925562643094, ""elevation"": 0.0}, {""range"": 0.5028106662374706, ""doppler"": 0.0, ""angle"": 23.739050221828265, ""elevation"": 0.0}]",1785098953031.663
8,"[{""range"": 0.3565993719011675, ""doppler"": 0.0, ""angle"": -19.052767091617138, ""elevation"": 0.0}, {""range"": 0.360706710928503, ""doppler"": 0.0, ""angle"": -18.49782236040514, ""elevation"": 0.0}, {""range"": 0.3878294510588213, ""doppler"": 0.0, ""angle"": -19.696472026739684, ""elevation"": 0.0}, {""range"": 1.2015264037822042, ""doppler"": 0.0, ""angle"": 3.882706087127116, ""elevation"": 0.0}, {""range"": 0.48724221458956735, ""doppler"": 0.0, ""angle"": 24.778077759556425, ""elevation"": 0.0}, {""range"": 0.5073942039636267, ""doppler"": 0.0, ""angle"": 18.747828048327978, ""elevation"": 0.0}, {""range"": 1.3178031945607909, ""doppler"": 0.0, ""angle"": 18.39807104673594, ""elevation"": 0.0}, {""range"": 0.4718734393922177, ""doppler"": 0.0, ""angle"": 28.322813529788355, ""elevation"": 0.0}]",1785098953031.8652
4,"[{""range"": 0.35801001337626165, ""doppler"": 0.0, ""angle"": -19.00508228851915, ""elevation"": 0.0}, {""range"": 0.36945698062770427, ""doppler"": 0.0, ""angle"": -19.30313312412848, ""elevation"": 0.0}, {""range"": 0.4025766101981386, ""doppler"": 0.0, ""angle"": -16.6480546551961, ""elevation"": 0.0}, {""range"": 0.5219468169986711, ""doppler"": 0.0, ""angle"": 28.795314440506402, ""elevation"": 0.0}]",1785098953032.0608
7,"[{""range"": 0.35734997323578666, ""doppler"": 0.0, ""angle"": -19.740609480191093, ""elevation"": 0.0}, {""range"": 0.3630162451969502, ""doppler"": 0.0, ""angle"": -19.809498092476193, ""elevation"": 0.0}, {""range"": 0.3921567329678203, ""doppler"": 0.0, ""angle"": -15.037439324333677, ""elevation"": 0.0}, {""range"": 0.49228356217035274, ""doppler"": 0.0, ""angle"": -1.581894169767917, ""elevation"": 0.0}, {""range"": 0.4540573120630867, ""doppler"": 0.0, ""angle"": 5.400755741851373, ""elevation"": 0.0}, {""range"": 0.5217789990841448, ""doppler"": 0.0, ""angle"": 4.5011105712657296, ""elevation"": 0.0}, {""range"": 1.2855714238210545, ""doppler"": 0.0, ""angle"": 26.73256137641973, ""elevation"": 0.0}]",1785098953032.2559
5,"[{""range"": 0.35759304294297445, ""doppler"": 0.0, ""angle"": -19.422553036456286, ""elevation"": 0.0}, {""range"": 0.36150110426208526, ""doppler"": 0.0, ""angle"": -19.474620434173826, ""elevation"": 0.0}, {""range"": 0.3845216856071465, ""doppler"": 0.0, ""angle"": -16.201587394811554, ""elevation"": 0.0}, {""range"": 0.4886572613169781, ""doppler"": 0.0, ""angle"": -2.5797135802074527, ""elevation"": 0.0}, {""range"": 0.4508364559601465, ""doppler"": 0.0, ""angle"": 8.73752349241485, ""elevation"": 0.0}]",1785098953032.4458
5,"[{""range"": 0.3589013047469811, ""doppler"": 0.0, ""angle"": -18.714790486916954, ""elevation"": 0.0}, {""range"": 0.36413248276900456, ""doppler"": 0.0, ""angle"": -19.209048763289484, ""elevation"": 0.0}, {""range"": 0.37949831718667365, ""doppler"": 0.0, ""angle"": -20.492850209073122, ""elevation"": 0.0}, {""range"": 0.4868287766957553, ""doppler"": 0.0, ""angle"": 34.1161590906458, ""elevation"": 0.0}, {""range"": 0.48641873426530313, ""doppler"": 0.0, ""angle"": 38.462441554503584, ""elevation"": 0.0}]",1785098953032.632
6,"[{""range"": 0.35836083581121053, ""doppler"": 0.0, ""angle"": -19.16726780928485, ""elevation"": 0.0}, {""range"": 0.3659663836682508, ""doppler"": 0.0, ""angle"": -18.57659446640382, ""elevation"": 0.0}, {""range"": 0.3823315396086282, ""doppler"": 0.0, ""angle"": -14.822670461211597, ""elevation"": 0.0}, {""range"": 0.46447686149117784, ""doppler"": 0.0, ""angle"": 28.765374598546575, ""elevation"": 0.0}, {""range"": 0.48451726682744145, ""doppler"": 0.0, ""angle"": 51.412843415864856, ""elevation"": 0.0}, {""range"": 0.5027560064771424, ""doppler"": 0.0, ""angle"": 61.675781024944065, ""elevation"": 0.0}]",1785098953032.819
6,"[{""range"": 0.3571443865887489, ""doppler"": 0.0, ""angle"": -18.507521019087335, ""elevation"": 0.0}, {""range"": 0.3762136817457645, ""doppler"": 0.0, ""angle"": -21.61430125105341, ""elevation"": 0.0}, {""range"": 0.3600874898363969, ""doppler"": 0.0, ""angle"": -18.20101634967835, ""elevation"": 0.0}, {""range"": 0.4619957246929109, ""doppler"": 0.0, ""angle"": 10.052941839766023, ""elevation"": 0.0}, {""range"": 0.492995562278351, ""doppler"": 0.0, ""angle"": 11.040940180323732, ""elevation"": 0.0}, {""range"": 0.5073783549591552, ""doppler"": 0.0, ""angle"": 14.344782592463359, ""elevation"": 0.0}]",1785098953033.002
7,"[{""range"": 0.3582194769563758, ""doppler"": 0.0, ""angle"": -18.570613398544285, ""elevation"": 0.0}, {""range"": 0.3629211064721593, ""doppler"": 0.0, ""angle"": -18.024297416262336, ""elevation"": 0.0}, {""range"": 0.3776120590152911, ""doppler"": 0.0, ""angle"": -14.115208544168361, ""elevation"": 0.0}, {""range"": 0.46187165027492366, ""doppler"": 0.0, ""angle"": 18.182422536610122, ""elevation"": 0.0}, {""range"": 0.4854213102381074, ""doppler"": 0.0, ""angle"": 15.336567804905945, ""elevation"": 0.0}, {""range"": 0.5063352968964935, ""doppler"": 0.0, ""angle"": 16.854291122757694, ""elevation"": 0.0}, {""range"": 1.3173945957443516, ""doppler"": 0.0, ""angle"": 20.673463765504177, ""elevation"": 0.0}]",1785098953033.184
6,"[{""range"": 0.3569911265305497, ""doppler"": 0.0, ""angle"": -17.881339796493613, ""elevation"": 0.0}, {""range"": 0.36434176134078305, ""doppler"": 0.0, ""angle"": -17.89250925618653, ""elevation"": 0.0}, {""range"": 0.380911875542335, ""doppler"": 0.0, ""angle"": -11.288832942838821, ""elevation"": 0.0}, {""range"": 0.46083709152558033, ""doppler"": 0.0, ""angle"": 22.325718528398244, ""elevation"": 0.0}, {""range"": 0.4837146963336044, ""doppler"": 0.0, ""angle"": 29.085462474345455, ""elevation"": 0.0}, {""range"": 0.5034453527537546, ""doppler"": 0.0, ""angle"": 33.23288501748362, ""elevation"": 0.0}]",1785098953033.371
7,"[{""range"": 0.3552784488694587, ""doppler"": 0.0, ""angle"": -18.517021346068095, ""elevation"": 0.0}, {""range"": 0.3622501990350685, ""doppler"": 0.0, ""angle"": -17.88043314732026, ""elevation"": 0.0}, {""range"": 0.38341260281034234, ""doppler"": 0.0, ""angle"": -16.863048392769713, ""elevation"": 0.0}, {""range"": 1.3210129765737557, ""doppler"": 0.0, ""angle"": 20.6059702366252, ""elevation"": 0.0}, {""range"": 0.5120437156118517, ""doppler"": 0.0, ""angle"": 41.24803948841702, ""elevation"": 0.0}, {""range"": 0.4893314455629684, ""doppler"": 0.0, ""angle"": 46.86574878965258, ""elevation"": 0.0}, {""range"": 0.46300815167011194, ""doppler"": 0.0, ""angle"": 62.41562896296946, ""elevation"": 0.0}]",1785098953033.559
5,"[{""range"": 0.3547864930611374, ""doppler"": 0.0, ""angle"": -19.001130318313866, ""elevation"": 0.0}, {""range"": 0.36033629979871223, ""doppler"": 0.0, ""angle"": -19.118293577255457, ""elevation"": 0.0}, {""range"": 0.3887581487200466, ""doppler"": 0.0, ""angle"": -16.459440406743575, ""elevation"": 0.0}, {""range"": 0.4849286863115012, ""doppler"": 0.0, ""angle"": 65.76936470208058, ""elevation"": 0.0}, {""range"": 0.5126569301789774, ""doppler"": 0.0, ""angle"": 56.50947196549926, ""elevation"": 0.0}]",1785098953033.7422
3,"[{""range"": 0.3576265275453217, ""doppler"": 0.0, ""angle"": -19.177831593568254, ""elevation"": 0.0}, {""range"": 0.3655206133836363, ""doppler"": 0.0, ""angle"": -18.807224329691845, ""elevation"": 0.0}, {""range"": 0.38954216470987313, ""doppler"": 0.0, ""angle"": -14.297778832488682, ""elevation"": 0.0}]",1785098953033.927
5,"[{""range"": 0.35800483326987415, ""doppler"": 0.0, ""angle"": -18.914589539758357, ""elevation"": 0.0}, {""range"": 0.3724231092552373, ""doppler"": 0.0, ""angle"": -17.98257733400972, ""elevation"": 0.0}, {""range"": 0.39728887010965686, ""doppler"": 0.0, ""angle"": -11.264415490426007, ""elevation"": 0.0}, {""range"": 0.44366216359635097, ""doppler"": 0.0, ""angle"": -5.899012507207372, ""elevation"": 0.0}, {""range"": 1.1941080063916427, ""doppler"": 0.0, ""angle"": 1.6990619895627626, ""elevation"": 0.0}]",1785098953034.112
7,"[{""range"": 0.3588027579676163, ""doppler"": 0.0, ""angle"": -17.84801495429795, ""elevation"": 0.0}, {""range"": 0.37105791491377704, ""doppler"": 0.0, ""angle"": -15.97194454909177, ""elevation"": 0.0}, {""range"": 0.4006721936049886, ""doppler"": 0.0, ""angle"": -10.38718107848513, ""elevation"": 0.0}, {""range"": 0.4719281867737775, ""doppler"": 0.0, ""angle"": -4.23719665451143, ""elevation"": 0.0}, {""range"": 0.5305899986946662, ""doppler"": 0.0, ""angle"": 7.630371084299364, ""elevation"": 0.0}, {""range"": 0.5840812028890098, ""doppler"": 0.0, ""angle"": 16.98150372286374, ""elevation"": 0.0}, {""range"": 1.333331817749184, ""doppler"": 0.0, ""angle"": 16.15754679347035, ""elevation"": 0.0}]",1785098953034.298
6,"[{""range"": 0.3582507163524951, ""doppler"": 0.0, ""angle"": -19.203670059414623, ""elevation"": 0.0}, {""range"": 0.3701662665539535, ""doppler"": 0.0, ""angle"": -17.89229191624775, ""elevation"": 0.0}, {""range"": 0.3992771010694865, ""doppler"": 0.0, ""angle"": -9.070007068834013, ""elevation"": 0.0}, {""range"": 0.46547849977707045, ""doppler"": 0.0, ""angle"": -9.820551856863768, ""elevation"": 0.0}, {""range"": 0.43064992728358314, ""doppler"": 0.0, ""angle"": -3.4516785205264124, ""elevation"": 0.0}, {""range"": 0.531613586167821, ""doppler"": 0.0, ""angle"": 55.12323431406052, ""elevation"": 0.0}]",1785098953034.482
5,"[{""range"": 0.35969688521625814, ""doppler"": 0.0, ""angle"": -18.82225915023617, ""elevation"": 0.0}, {""range"": 0.3738505051664656, ""doppler"": 0.0, ""angle"": -17.767640467086927, ""elevation"": 0.0}, {""range"": 0.403978037657937, ""doppler"": 0.0, ""angle"": -8.219767037629646, ""elevation"": 0.0}, {""range"": 0.4418605205169822, ""doppler"": 0.0, ""angle"": 2.85314212096228, ""elevation"": 0.0}, {""range"": 1.3318692992273564, ""doppler"": 0.0, ""angle"": 15.105342031226186, ""elevation"": 0.0}]",1785098953034.6702
7,"[{""range"": 0.3602925064402792, ""doppler"": 0.0, ""angle"": -19.271258518417365, ""elevation"": 0.0}, {""range"": 0.3732241344433909, ""doppler"": 0.0, ""angle"": -17.82728909716606, ""elevation"": 0.0}, {""range"": 0.3937822663119121, ""doppler"": 0.0, ""angle"": -11.233395277342481, ""elevation"": 0.0}, {""range"": 0.4421334985756492, ""doppler"": 0.0, ""angle"": -1.251407806592259, ""elevation"": 0.0}, {""range"": 1.3306607457221877, ""doppler"": 0.0, ""angle"": 5.2815627591594945, ""elevation"": 0.0}, {""range"": 0.4603415320031704, ""doppler"": 0.0, ""angle"": 23.4382225918774, ""elevation"": 0.0}, {""range"": 0.482175247059449, ""doppler"": 0.0, ""angle"": 31.30265148563554, ""elevation"": 0.0}]",1785098953034.859
8,"[{""range"": 1.3255675592057223, ""doppler"": 0.0, ""angle"": -61.42284967823244, ""elevation"": 0.0}, {""range"": 0.3599336174360542, ""doppler"": 0.0, ""angle"": -19.020038565853515, ""elevation"": 0.0}, {""range"": 0.36938172262952174, ""doppler"": 0.0, ""angle"": -17.785881720693183, ""elevation"": 0.0}, {""range"": 0.37510258076180747, ""doppler"": 0.0, ""angle"": -13.705019388562985, ""elevation"": 0.0}, {""range"": 0.4936176713329374, ""doppler"": 0.0, ""angle"": 32.81503925132163, ""elevation"": 0.0}, {""range"": 0.5126500694308437, ""doppler"": 0.0, ""angle"": 28.978900806036187, ""elevation"": 0.0}, {""range"": 0.5513958969997061, ""doppler"": 0.0, ""angle"": 29.682655906224195, ""elevation"": 0.0}, {""range"": 0.47928756062454014, ""doppler"": 0.0, ""angle"": 40.14221481937857, ""elevation"": 0.0}]",1785098953035.0469
7,"[{""range"": 1.320732550090001, ""doppler"": 0.0, ""angle"": -61.09608667838043, ""elevation"": 0.0}, {""range"": 0.3621001596751906, ""doppler"": 0.0, ""angle"": -17.620710975560637, ""elevation"": 0.0}, {""range"": 0.37420634319263707, ""doppler"": 0.0, ""angle"": -15.663338221215716, ""elevation"": 0.0}, {""range"": 0.40171209998416935, ""doppler"": 0.0, ""angle"": -7.365434507376615, ""elevation"": 0.0}, {""range"": 0.46307727358189155, ""doppler"": 0.0, ""angle"": 12.53360715456775, ""elevation"": 0.0}, {""range"": 0.474384201189866, ""doppler"": 0.0, ""angle"": 17.075735615220804, ""elevation"": 0.0}, {""range"": 0.508921075333119, ""doppler"": 0.0, ""angle"": 27.609460147045525, ""elevation"": 0.0}]",1785098953035.231
7,"[{""range"": 0.36024409238932215, ""doppler"": 0.0, ""angle"": -22.070748893760932, ""elevation"": 0.0}, {""range"": 0.3691177440262878, ""doppler"": 0.0, ""angle"": -20.62101744269854, ""elevation"": 0.0}, {""range"": 0.4077202780158622, ""doppler"": 0.0, ""angle"": -8.169192689506437, ""elevation"": 0.0}, {""range"": 3.1254443330612216, ""doppler"": 0.0, ""angle"": -6.68264320346817, ""elevation"": 0.0}, {""range"": 3.1358066183586835, ""doppler"": 0.0, ""angle"": -7.262799900782959, ""elevation"": 0.0}, {""range"": 0.46925246502611084, ""doppler"": 0.0, ""angle"": 13.84561126355494, ""elevation"": 0.0}, {""range"": 0.4704787966431466, ""doppler"": 0.0, ""angle"": 17.95290435951146, ""elevation"": 0.0}]",1785098953035.419
8,"[{""range"": 0.3593023408669266, ""doppler"": 0.0, ""angle"": -26.896605514791357, ""elevation"": 0.0}, {""range"": 0.36622669688510057, ""doppler"": 0.0, ""angle"": -27.54094954318548, ""elevation"": 0.0}, {""range"": 0.3762468264088464, ""doppler"": 0.0, ""angle"": -28.221452423367026, ""elevation"": 0.0}, {""range"": 0.4406627340308551, ""doppler"": 0.0, ""angle"": -4.118746256471869, ""elevation"": 0.0}, {""range"": 1.1892582599877408, ""doppler"": 0.0, ""angle"": 4.423813056943641, ""elevation"": 0.0}, {""range"": 0.6325781446179025, ""doppler"": 0.0, ""angle"": 19.192974981664573, ""elevation"": 0.0}, {""range"": 0.49891667273700296, ""doppler"": 0.0, ""angle"": 35.091275809860036, ""elevation"": 0.0}, {""range"": 0.5136237517467993, ""doppler"": 0.0, ""angle"": 42.10730750005972, ""elevation"": 0.0}]",1785098953035.6082
8,"[{""range"": 3.1323409336599566, ""doppler"": 0.0, ""angle"": -20.60236632904345, ""elevation"": 0.0}, {""range"": 3.1521688203778284, ""doppler"": 0.0, ""angle"": -23.800783280901495, ""elevation"": 0.0}, {""range"": 2.3695913939446136, ""doppler"": 0.0, ""angle"": -4.492550691590423, ""elevation"": 0.0}, {""range"": 2.38640492473628, ""doppler"": 0.0, ""angle"": -4.310131030910195, ""elevation"": 0.0}, {""range"": 2.3964948081898747, ""doppler"": 0.0, ""angle"": -3.5120658887698255, ""elevation"": 0.0}, {""range"": 0.4330733581089657, ""doppler"": 0.0, ""angle"": 5.188003453066993, ""elevation"": 0.0}, {""range"": 0.5639465203307887, ""doppler"": 0.0, ""angle"": 39.97072167197025, ""elevation"": 0.0}, {""range"": 0.5722397089403203, ""doppler"": 0.0, ""angle"": 43.94916763001432, ""elevation"": 0.0}]",1785098953035.7927
12,"[{""range"": 0.3601887033505718, ""doppler"": 0.0, ""angle"": -31.851613922204788, ""elevation"": 0.0}, {""range"": 0.36601115797049727, ""doppler"": 0.0, ""angle"": -31.352603359735458, ""elevation"": 0.0}, {""range"": 0.3760276349987517, ""doppler"": 0.0, ""angle"": -26.00454037759817, ""elevation"": 0.0}, {""range"": 3.140262019026004, ""doppler"": 0.0, ""angle"": -20.708404910215236, ""elevation"": 0.0}, {""range"": 3.1538061242218896, ""doppler"": 0.0, ""angle"": -19.47769598326274, ""elevation"": 0.0}, {""range"": 0.4967729478805017, ""doppler"": 0.0, ""angle"": -11.9449532332992, ""elevation"": 0.0}, {""range"": 2.4032077214339393, ""doppler"": 0.0, ""angle"": -12.928791924164514, ""elevation"": 0.0}, {""range"": 2.4077356016521896, ""doppler"": 0.0, ""angle"": -12.808038192246956, ""elevation"": 0.0}, {""range"": 0.4499899465610023, ""doppler"": 0.0, ""angle"": -6.159163029143085, ""elevation"": 0.0}, {""range"": 1.1457106660723673, ""doppler"": 0.0, ""angle"": -7.253678471206809, ""elevation"": 0.0}, {""range"": 0.565889178256252, ""doppler"": 0.0, ""angle"": 20.668352347255148, ""elevation"": 0.0}, {""range"": 0.5776885738560625, ""doppler"": 0.0, ""angle"": 21.004405329578468, ""elevation"": 0.0}]",1785098953065.867
14,"[{""range"": 0.4052946318559198, ""doppler"": 0.0, ""angle"": -27.085085408332684, ""elevation"": 0.0}, {""range"": 0.41735532349648774, ""doppler"": 0.0, ""angle"": -26.378420633512423, ""elevation"": 0.0}, {""range"": 0.4388563546630013, ""doppler"": 0.0, ""angle"": -20.28827157698878, ""elevation"": 0.0}, {""range"": 3.2303948772979982, ""doppler"": 0.0, ""angle"": -20.08498821849989, ""elevation"": 0.0}, {""range"": 3.240356056911142, ""doppler"": 0.0, ""angle"": -18.746900982783288, ""elevation"": 0.0}, {""range"": 2.485182595584789, ""doppler"": 0.0, ""angle"": -10.887084119429767, ""elevation"": 0.0}, {""range"": 2.4550166821340182, ""doppler"": 0.0, ""angle"": -5.466841092464431, ""elevation"": 0.0}, {""range"": 2.469720119184834, ""doppler"": 0.0, ""angle"": -8.271489111011057, ""elevation"": 0.0}, {""range"": 1.194671365040798, ""doppler"": 0.0, ""angle"": 0.29157905799254324, ""elevation"": 0.0}, {""range"": 1.2187373508717811, ""doppler"": 0.0, ""angle"": 8.02072763298145, ""elevation"": 0.0}, {""range"": 0.5374033178664633, ""doppler"": 0.0, ""angle"": 14.92404889377577, ""elevation"": 0.0}, {""range"": 0.5730244511125646, ""doppler"": 0.0, ""angle"": 24.28562641071736, ""elevation"": 0.0}, {""range"": 0.5903017397393489, ""doppler"": 0.0, ""angle"": 28.614615147500803, ""elevation"": 0.0}, {""range"": 0.5977197791914376, ""doppler"": 0.0, ""angle"": 30.807958018412762, ""elevation"": 0.0}]",1785098953162.0989
6,"[{""range"": 0.4838157224197618, ""doppler"": 0.0, ""angle"": -19.72077332617164, ""elevation"": 0.0}, {""range"": 0.5475875958142719, ""doppler"": 0.0, ""angle"": 17.287056443536898, ""elevation"": 0.0}, {""range"": 0.5629460539291258, ""doppler"": 0.0, ""angle"": 19.039251562284296, ""elevation"": 0.0}, {""range"": 0.5782970911843271, ""doppler"": 0.0, ""angle"": 21.742192463842663, ""elevation"": 0.0}, {""range"": 0.6095144104203566, ""doppler"": 0.0, ""angle"": 28.166419221859616, ""elevation"": 0.0}, {""range"": 0.639099037519484, ""doppler"": 0.0, ""angle"": 32.0002854164563, ""elevation"": 0.0}]",1785098953262.23
8,"[{""range"": 0.48914632627653526, ""doppler"": 0.0, ""angle"": -19.474889804823416, ""elevation"": 0.0}, {""range"": 0.5857064817301999, ""doppler"": 0.0, ""angle"": 24.01399477613751, ""elevation"": 0.0}, {""range"": 0.6000322648312303, ""doppler"": 0.0, ""angle"": 24.602222204676995, ""elevation"": 0.0}, {""range"": 0.6161276659863889, ""doppler"": 0.0, ""angle"": 23.41038371128797, ""elevation"": 0.0}, {""range"": 0.6536318533379991, ""doppler"": 0.0, ""angle"": 19.580017864801142, ""elevation"": 0.0}, {""range"": 0.7364273383900829, ""doppler"": 0.0, ""angle"": 36.886592219821765, ""elevation"": 0.0}, {""range"": 3.4279214985746393, ""doppler"": 0.0, ""angle"": 34.59364614805441, ""elevation"": 0.0}, {""range"": 0.7749392395974251, ""doppler"": 0.0, ""angle"": 45.97228934054017, ""elevation"": 0.0}]",1785098953352.157
7,"[{""range"": 0.6062517608030837, ""doppler"": 0.0, ""angle"": -14.048539578943032, ""elevation"": 0.0}, {""range"": 0.5877631429385921, ""doppler"": 0.0, ""angle"": -6.165022933848643, ""elevation"": 0.0}, {""range"": 0.603557318748832, ""doppler"": 0.0, ""angle"": -9.808364304121449, ""elevation"": 0.0}, {""range"": 2.3857589992537283, ""doppler"": 0.0, ""angle"": -9.425610893820277, ""elevation"": 0.0}, {""range"": 0.7651920238855499, ""doppler"": 0.0, ""angle"": 38.26250812174223, ""elevation"": 0.0}, {""range"": 0.7784534785876867, ""doppler"": 0.0, ""angle"": 36.067045865549034, ""elevation"": 0.0}, {""range"": 0.797911715815034, ""doppler"": 0.0, ""angle"": 38.11035033073076, ""elevation"": 0.0}]",1785098953455.8389
11,"[{""range"": 0.5107562667561549, ""doppler"": 0.0, ""angle"": -26.64578730895823, ""elevation"": 0.0}, {""range"": 0.6254780812560181, ""doppler"": 0.0, ""angle"": -10.25942944941206, ""elevation"": 0.0}, {""range"": 0.641103815892918, ""doppler"": 0.0, ""angle"": 1.5503164638883318, ""elevation"": 0.0}, {""range"": 0.6965790854180195, ""doppler"": 0.0, ""angle"": 10.606102699057164, ""elevation"": 0.0}, {""range"": 0.6618885398055754, ""doppler"": 0.0, ""angle"": 11.974755902879998, ""elevation"": 0.0}, {""range"": 0.8140043368554876, ""doppler"": 0.0, ""angle"": 37.1165894298284, ""elevation"": 0.0}, {""range"": 0.8292038649791114, ""doppler"": 0.0, ""angle"": 35.654018614772795, ""elevation"": 0.0}, {""range"": 0.8375357790214613, ""doppler"": 0.0, ""angle"": 35.9230472815612, ""elevation"": 0.0}, {""range"": 1.8855515953024757, ""doppler"": 0.0, ""angle"": 43.43606423087669, ""elevation"": 0.0}, {""range"": 1.9123845646372768, ""doppler"": 0.0, ""angle"": 50.34533508817432, ""elevation"": 0.0}, {""range"": 1.9441213508201942, ""doppler"": 0.0, ""angle"": 62.857532502421684, ""elevation"": 0.0}]",1785098953562.767
10,"[{""range"": 0.5369887543887412, ""doppler"": 0.0, ""angle"": -19.026227999765258, ""elevation"": 0.0}, {""range"": 0.5243758792308707, ""doppler"": 0.0, ""angle"": -17.421626118618526, ""elevation"": 0.0}, {""range"": 0.6161859162409632, ""doppler"": 0.0, ""angle"": -6.013357425513279, ""elevation"": 0.0}, {""range"": 0.6509802998637738, ""doppler"": 0.0, ""angle"": -5.785761799558806, ""elevation"": 0.0}, {""range"": 0.6527467905581885, ""doppler"": 0.0, ""angle"": -6.354058100797244, ""elevation"": 0.0}, {""range"": 0.7142018585823492, ""doppler"": 0.0, ""angle"": 21.271302791981487, ""elevation"": 0.0}, {""range"": 1.0662693046136649, ""doppler"": 0.0, ""angle"": 36.76420372336575, ""elevation"": 0.0}, {""range"": 1.0771418051956858, ""doppler"": 0.0, ""angle"": 37.811583088130995, ""elevation"": 0.0}, {""range"": 1.9140115316377457, ""doppler"": 0.0, ""angle"": 39.15721301033298, ""elevation"": 0.0}, {""range"": 1.8842044519766281, ""doppler"": 0.0, ""angle"": 44.084883492343074, ""elevation"": 0.0}]",1785098953662.078
7,"[{""range"": 0.7140222881358278, ""doppler"": 0.0, ""angle"": -11.8502302925307, ""elevation"": 0.0}, {""range"": 0.5969505754386223, ""doppler"": 0.0, ""angle"": -7.608253086543619, ""elevation"": 0.0}, {""range"": 0.6082115664670004, ""doppler"": 0.0, ""angle"": -6.719677723381555, ""elevation"": 0.0}, {""range"": 0.6203741939803982, ""doppler"": 0.0, ""angle"": -4.2150453666075745, ""elevation"": 0.0}, {""range"": 0.6553495564438163, ""doppler"": 0.0, ""angle"": 2.9873157764310863, ""elevation"": 0.0}, {""range"": 1.8761236471816598, ""doppler"": 0.0, ""angle"": 42.79458211292352, ""elevation"": 0.0}, {""range"": 1.902469373192759, ""doppler"": 0.0, ""angle"": 43.62138881976071, ""elevation"": 0.0}]",1785098953756.276
7,"[{""range"": 0.6122412070439797, ""doppler"": 0.0, ""angle"": -4.573254029060292, ""elevation"": 0.0}, {""range"": 0.6568432395125019, ""doppler"": 0.0, ""angle"": -3.6210906126269577, ""elevation"": 0.0}, {""range"": 0.7035485772192516, ""doppler"": 0.0, ""angle"": -4.752757693735695, ""elevation"": 0.0}, {""range"": 0.7303439917546921, ""doppler"": 0.0, ""angle"": -4.085616779974877, ""elevation"": 0.0}, {""range"": 0.6954519662060319, ""doppler"": 0.0, ""angle"": -2.9771702507696576, ""elevation"": 0.0}, {""range"": 1.8770406672253237, ""doppler"": 0.0, ""angle"": 44.67193748488683, ""elevation"": 0.0}, {""range"": 1.9032073847225273, ""doppler"": 0.0, ""angle"": 51.937106280124105, ""elevation"": 0.0}]",1785098953856.364
8,"[{""range"": 0.6847340551219482, ""doppler"": 0.0, ""angle"": -1.9904031903307284, ""elevation"": 0.0}, {""range"": 0.6884868944928242, ""doppler"": 0.0, ""angle"": -1.9795494686085586, ""elevation"": 0.0}, {""range"": 0.6926477712224067, ""doppler"": 0.0, ""angle"": -2.0860591378589453, ""elevation"": 0.0}, {""range"": 0.7243692447966361, ""doppler"": 0.0, ""angle"": 2.192813582378029, ""elevation"": 0.0}, {""range"": 1.8585749501600597, ""doppler"": 0.0, ""angle"": 36.61301705977134, ""elevation"": 0.0}, {""range"": 1.8812106002227995, ""doppler"": 0.0, ""angle"": 38.61728125970779, ""elevation"": 0.0}, {""range"": 1.9038488962226727, ""doppler"": 0.0, ""angle"": 40.757139995018534, ""elevation"": 0.0}, {""range"": 1.930036340651846, ""doppler"": 0.0, ""angle"": 47.0085666412353, ""elevation"": 0.0}]",1785098953962.424
5,"[{""range"": 0.6628351077583553, ""doppler"": 0.0, ""angle"": -3.7277086527254477, ""elevation"": 0.0}, {""range"": 0.7493138124590139, ""doppler"": 0.0, ""angle"": -6.563660158119589, ""elevation"": 0.0}, {""range"": 0.6546272634121338, ""doppler"": 0.0, ""angle"": -1.2991078506991438, ""elevation"": 0.0}, {""range"": 1.882784518606497, ""doppler"": 0.0, ""angle"": 38.467746585898894, ""elevation"": 0.0}, {""range"": 1.913487986419458, ""doppler"": 0.0, ""angle"": 36.88596038147958, ""elevation"": 0.0}]",1785098954052.9038
5,"[{""range"": 0.6744236056844443, ""doppler"": 0.0, ""angle"": -7.066605123251569, ""elevation"": 0.0}, {""range"": 0.6859051029912273, ""doppler"": 0.0, ""angle"": -6.526585879919055, ""elevation"": 0.0}, {""range"": 0.6992837780546777, ""doppler"": 0.0, ""angle"": -4.4290449557380995, ""elevation"": 0.0}, {""range"": 1.8784000975916353, ""doppler"": 0.0, ""angle"": 43.37223477894438, ""elevation"": 0.0}, {""range"": 1.9059697406546765, ""doppler"": 0.0, ""angle"": 45.6727849045695, ""elevation"": 0.0}]",1785098954156.169
5,"[{""range"": 0.6919188957075784, ""doppler"": 0.0, ""angle"": -7.543762506656067, ""elevation"": 0.0}, {""range"": 0.70211343115228, ""doppler"": 0.0, ""angle"": -4.191660271061662, ""elevation"": 0.0}, {""range"": 0.7773624997866296, ""doppler"": 0.0, ""angle"": 15.996085698635536, ""elevation"": 0.0}, {""range"": 1.8733489001579338, ""doppler"": 0.0, ""angle"": 42.094529913729524, ""elevation"": 0.0}, {""range"": 1.899782421295817, ""doppler"": 0.0, ""angle"": 46.762039189878834, ""elevation"": 0.0}]",1785098954256.4941
6,"[{""range"": 0.7113754324545882, ""doppler"": 0.0, ""angle"": 2.333781754165363, ""elevation"": 0.0}, {""range"": 0.7317433468628803, ""doppler"": 0.0, ""angle"": 0.5740587375525271, ""elevation"": 0.0}, {""range"": 0.704228118774192, ""doppler"": 0.0, ""angle"": 3.7269786584924516, ""elevation"": 0.0}, {""range"": 1.8730554858388122, ""doppler"": 0.0, ""angle"": 51.65199197369946, ""elevation"": 0.0}, {""range"": 2.056243888009407, ""doppler"": 0.0, ""angle"": 44.53493562906522, ""elevation"": 0.0}, {""range"": 1.9032626232521692, ""doppler"": 0.0, ""angle"": 65.12034088057213, ""elevation"": 0.0}]",1785098954352.485
4,"[{""range"": 0.6976132029672472, ""doppler"": 0.0, ""angle"": -4.55752510493562, ""elevation"": 0.0}, {""range"": 0.7228117747888692, ""doppler"": 0.0, ""angle"": -5.878429349105062, ""elevation"": 0.0}, {""range"": 0.6792524501926637, ""doppler"": 0.0, ""angle"": -2.1423100249133915, ""elevation"": 0.0}, {""range"": 0.6870168188600073, ""doppler"": 0.0, ""angle"": -3.222844961267094, ""elevation"": 0.0}]",1785098954462.979
8,"[{""range"": 0.7190241485719739, ""doppler"": 0.0, ""angle"": -4.621645006193054, ""elevation"": 0.0}, {""range"": 0.6783958883456291, ""doppler"": 0.0, ""angle"": -1.2233727507831302, ""elevation"": 0.0}, {""range"": 0.6846516782123724, ""doppler"": 0.0, ""angle"": -1.7810299330951034, ""elevation"": 0.0}, {""range"": 0.6939683783796143, ""doppler"": 0.0, ""angle"": -2.8948440293081594, ""elevation"": 0.0}, {""range"": 1.8453592651111352, ""doppler"": 0.0, ""angle"": 37.81265590234492, ""elevation"": 0.0}, {""range"": 1.8784292818546848, ""doppler"": 0.0, ""angle"": 41.53072084437904, ""elevation"": 0.0}, {""range"": 1.908750763748133, ""doppler"": 0.0, ""angle"": 45.12145351074823, ""elevation"": 0.0}, {""range"": 1.936807221396985, ""doppler"": 0.0, ""angle"": 50.81889979632277, ""elevation"": 0.0}]",1785098954562.895
9,"[{""range"": 0.6802928366871276, ""doppler"": 0.0, ""angle"": 3.0737362277920997, ""elevation"": 0.0}, {""range"": 1.2964144533382556, ""doppler"": 0.0, ""angle"": -0.2607927815695269, ""elevation"": 0.0}, {""range"": 1.319451167363061, ""doppler"": 0.0, ""angle"": 3.255205091715538, ""elevation"": 0.0}, {""range"": 0.6872320370953934, ""doppler"": 0.0, ""angle"": 4.940682473683567, ""elevation"": 0.0}, {""range"": 0.6947729301231875, ""doppler"": 0.0, ""angle"": 6.561661368623463, ""elevation"": 0.0}, {""range"": 0.7193947704745648, ""doppler"": 0.0, ""angle"": 10.715014010054555, ""elevation"": 0.0}, {""range"": 1.8890982308526092, ""doppler"": 0.0, ""angle"": 51.55278635104821, ""elevation"": 0.0}, {""range"": 1.9134198751644673, ""doppler"": 0.0, ""angle"": 51.14535155783122, ""elevation"": 0.0}, {""range"": 1.9373569122280623, ""doppler"": 0.0, ""angle"": 48.719553698668925, ""elevation"": 0.0}]",1785098954653.135
6,"[{""range"": 0.6770189319711606, ""doppler"": 0.0, ""angle"": -1.937384899850616, ""elevation"": 0.0}, {""range"": 0.6865027445036207, ""doppler"": 0.0, ""angle"": 1.9404751833411076, ""elevation"": 0.0}, {""range"": 0.7224363555273882, ""doppler"": 0.0, ""angle"": 1.872300808666272, ""elevation"": 0.0}, {""range"": 0.6958165100076269, ""doppler"": 0.0, ""angle"": 4.554547322714077, ""elevation"": 0.0}, {""range"": 1.8792750114846888, ""doppler"": 0.0, ""angle"": 47.29430783677736, ""elevation"": 0.0}, {""range"": 1.9039162330699326, ""doppler"": 0.0, ""angle"": 50.71324345869588, ""elevation"": 0.0}]",1785098954753.509
14,"[{""range"": 0.6751624887668994, ""doppler"": 0.0, ""angle"": -5.867625397801342, ""elevation"": 0.0}, {""range"": 0.6802962207485402, ""doppler"": 0.0, ""angle"": -6.50483911632771, ""elevation"": 0.0}, {""range"": 0.6950004456848115, ""doppler"": 0.0, ""angle"": -6.72275483989482, ""elevation"": 0.0}, {""range"": 0.7395814361738685, ""doppler"": 0.0, ""angle"": -0.24935143137270066, ""elevation"": 0.0}, {""range"": 1.0689748401419763, ""doppler"": 0.0, ""angle"": 32.65863692041102, ""elevation"": 0.0}, {""range"": 1.089529868351665, ""doppler"": 0.0, ""angle"": 32.6024522176971, ""elevation"": 0.0}, {""range"": 1.1326399814452375, ""doppler"": 0.0, ""angle"": 36.4357099647568, ""elevation"": 0.0}, {""range"": 1.1863792479531554, ""doppler"": 0.0, ""angle"": 42.64837471002978, ""elevation"": 0.0}, {""range"": 1.228469597070169, ""doppler"": 0.0, ""angle"": 43.20106373673598, ""elevation"": 0.0}, {""range"": 1.8860058006910292, ""doppler"": 0.0, ""angle"": 45.710638663886, ""elevation"": 0.0}, {""range"": 1.9152622609269339, ""doppler"": 0.0, ""angle"": 45.48038512521614, ""elevation"": 0.0}, {""range"": 1.9392042153945335, ""doppler"": 0.0, ""angle"": 46.95047251480287, ""elevation"": 0.0}, {""range"": 0.09158695408445851, ""doppler"": 0.0, ""angle"": 68.94642623894264, ""elevation"": 0.0}, {""range"": 0.0853738698047336, ""doppler"": 0.0, ""angle"": 68.75570811170294, ""elevation"": 0.0}]",1785098954865.748
3,"[{""range"": 0.6737737756185043, ""doppler"": 0.0, ""angle"": 0.16726427394422216, ""elevation"": 0.0}, {""range"": 0.6792317377746722, ""doppler"": 0.0, ""angle"": 0.9653983324191854, ""elevation"": 0.0}, {""range"": 0.6894952620529237, ""doppler"": 0.0, ""angle"": 1.2631263938278914, ""elevation"": 0.0}]",1785098954953.268
10,"[{""range"": 0.6732391171085522, ""doppler"": 0.0, ""angle"": -0.21305105342951533, ""elevation"": 0.0}, {""range"": 0.682175534424485, ""doppler"": 0.0, ""angle"": -0.06007418979533787, ""elevation"": 0.0}, {""range"": 0.6911169896603823, ""doppler"": 0.0, ""angle"": -0.10376973300524565, ""elevation"": 0.0}, {""range"": 0.721424768177574, ""doppler"": 0.0, ""angle"": 2.0170236679399323, ""elevation"": 0.0}, {""range"": 1.0609111495444308, ""doppler"": 0.0, ""angle"": 32.92670469480712, ""elevation"": 0.0}, {""range"": 1.0939604579288478, ""doppler"": 0.0, ""angle"": 31.000697712972208, ""elevation"": 0.0}, {""range"": 1.1173860130619593, ""doppler"": 0.0, ""angle"": 32.29890111355277, ""elevation"": 0.0}, {""range"": 1.0236531766713144, ""doppler"": 0.0, ""angle"": 36.12524058000946, ""elevation"": 0.0}, {""range"": 1.8836717904890978, ""doppler"": 0.0, ""angle"": 36.682795843216475, ""elevation"": 0.0}, {""range"": 1.907131153798703, ""doppler"": 0.0, ""angle"": 38.799918019598486, ""elevation"": 0.0}]",1785098955065.929
6,"[{""range"": 0.6562587593437421, ""doppler"": 0.0, ""angle"": -5.017752051057154, ""elevation"": 0.0}, {""range"": 0.6801485284038542, ""doppler"": 0.0, ""angle"": -4.085616779974877, ""elevation"": 0.0}, {""range"": 0.7080226639285596, ""doppler"": 0.0, ""angle"": -4.562958873339612, ""elevation"": 0.0}, {""range"": 0.7410935256686261, ""doppler"": 0.0, ""angle"": -6.358511738735014, ""elevation"": 0.0}, {""range"": 1.880355376971913, ""doppler"": 0.0, ""angle"": 41.85073058977427, ""elevation"": 0.0}, {""range"": 1.9102736709107815, ""doppler"": 0.0, ""angle"": 42.70878365923224, ""elevation"": 0.0}]",1785098955162.698
3,"[{""range"": 0.6965058218588269, ""doppler"": 0.0, ""angle"": 10.248273006266345, ""elevation"": 0.0}, {""range"": 0.6852362744923908, ""doppler"": 0.0, ""angle"": 11.438950387919947, ""elevation"": 0.0}, {""range"": 1.8738978564035103, ""doppler"": 0.0, ""angle"": 40.87527047075321, ""elevation"": 0.0}]",1785098955265.5571
9,"[{""range"": 1.1908013768404389, ""doppler"": 0.0, ""angle"": -37.07810735854915, ""elevation"": 0.0}, {""range"": 1.2216656457582933, ""doppler"": 0.0, ""angle"": -37.087942592536, ""elevation"": 0.0}, {""range"": 1.1470170035963065, ""doppler"": 0.0, ""angle"": -23.151676760509105, ""elevation"": 0.0}, {""range"": 0.7290837273946436, ""doppler"": 0.0, ""angle"": -10.957177923112155, ""elevation"": 0.0}, {""range"": 0.6686186090315362, ""doppler"": 0.0, ""angle"": 3.29627615801593, ""elevation"": 0.0}, {""range"": 0.6770210572393232, ""doppler"": 0.0, ""angle"": 3.528192225179376, ""elevation"": 0.0}, {""range"": 0.69119885046245, ""doppler"": 0.0, ""angle"": 2.0459375260196118, ""elevation"": 0.0}, {""range"": 1.8784545081314061, ""doppler"": 0.0, ""angle"": 46.230360478791034, ""elevation"": 0.0}, {""range"": 1.9078351169677532, ""doppler"": 0.0, ""angle"": 56.247377643289056, ""elevation"": 0.0}]",1785098955365.8281
8,"[{""range"": 0.7439455906155161, ""doppler"": 0.0, ""angle"": -13.17112691319366, ""elevation"": 0.0}, {""range"": 0.6911262888324526, ""doppler"": 0.0, ""angle"": 25.92860491451539, ""elevation"": 0.0}, {""range"": 0.7011552479756812, ""doppler"": 0.0, ""angle"": 28.283931718614923, ""elevation"": 0.0}, {""range"": 1.892047772287086, ""doppler"": 0.0, ""angle"": 48.62458042412895, ""elevation"": 0.0}, {""range"": 1.9253946212187079, ""doppler"": 0.0, ""angle"": 47.337229135042186, ""elevation"": 0.0}, {""range"": 1.960400112058778, ""doppler"": 0.0, ""angle"": 48.47583012546891, ""elevation"": 0.0}, {""range"": 1.9876489952517322, ""doppler"": 0.0, ""angle"": 44.89065704206764, ""elevation"": 0.0}, {""range"": 2.702816436158731, ""doppler"": 0.0, ""angle"": 49.117890279248705, ""elevation"": 0.0}]",1785098955452.488
5,"[{""range"": 0.6926638356214734, ""doppler"": 0.0, ""angle"": 3.359512140950683, ""elevation"": 0.0}, {""range"": 0.700039539093872, ""doppler"": 0.0, ""angle"": 4.277477885487293, ""elevation"": 0.0}, {""range"": 0.7262493326680387, ""doppler"": 0.0, ""angle"": 8.09618654448443, ""elevation"": 0.0}, {""range"": 2.7003851747035337, ""doppler"": 0.0, ""angle"": 43.1646721581328, ""elevation"": 0.0}, {""range"": 1.9127949799346364, ""doppler"": 0.0, ""angle"": 47.636957551659634, ""elevation"": 0.0}]",1785098955565.741
6,"[{""range"": 0.673075221138935, ""doppler"": 0.0, ""angle"": -1.918280325146823, ""elevation"": 0.0}, {""range"": 0.6845782357907235, ""doppler"": 0.0, ""angle"": -3.0544766048038925, ""elevation"": 0.0}, {""range"": 0.6988082641505732, ""doppler"": 0.0, ""angle"": -2.904137174982457, ""elevation"": 0.0}, {""range"": 0.7263519078328772, ""doppler"": 0.0, ""angle"": -0.2962089242554913, ""elevation"": 0.0}, {""range"": 1.881216625552892, ""doppler"": 0.0, ""angle"": 47.916443862700355, ""elevation"": 0.0}, {""range"": 1.9055815982813264, ""doppler"": 0.0, ""angle"": 48.55309411571429, ""elevation"": 0.0}]",1785098955656.721
7,"[{""range"": 0.6718676301842456, ""doppler"": 0.0, ""angle"": -3.5858464160012025, ""elevation"": 0.0}, {""range"": 0.6811865840529031, ""doppler"": 0.0, ""angle"": -4.637489258314506, ""elevation"": 0.0}, {""range"": 0.6953044810553073, ""doppler"": 0.0, ""angle"": -5.105048151177646, ""elevation"": 0.0}, {""range"": 0.7247988967627189, ""doppler"": 0.0, ""angle"": -4.825857165754875, ""elevation"": 0.0}, {""range"": 0.6707856725693191, ""doppler"": 0.0, ""angle"": -3.576334374997351, ""elevation"": 0.0}, {""range"": 1.8800309804604673, ""doppler"": 0.0, ""angle"": 40.74965700370011, ""elevation"": 0.0}, {""range"": 0.09152286897375778, ""doppler"": 0.0, ""angle"": 69.05089591446728, ""elevation"": 0.0}]",1785098955762.8647
9,"[{""range"": 0.73207940291858, ""doppler"": 0.0, ""angle"": -14.759233768862403, ""elevation"": 0.0}, {""range"": 0.8153955599096013, ""doppler"": 0.0, ""angle"": -10.88362879057213, ""elevation"": 0.0}, {""range"": 0.7782222781562814, ""doppler"": 0.0, ""angle"": -9.455829277953338, ""elevation"": 0.0}, {""range"": 1.1843722008506214, ""doppler"": 0.0, ""angle"": 25.14126982667113, ""elevation"": 0.0}, {""range"": 1.1067305198064414, ""doppler"": 0.0, ""angle"": 29.46012135536996, ""elevation"": 0.0}, {""range"": 1.1322980928136412, ""doppler"": 0.0, ""angle"": 29.321772714758808, ""elevation"": 0.0}, {""range"": 1.2314118407213028, ""doppler"": 0.0, ""angle"": 31.400379761286217, ""elevation"": 0.0}, {""range"": 1.8851140046208303, ""doppler"": 0.0, ""angle"": 45.203679892848726, ""elevation"": 0.0}, {""range"": 1.908335298282697, ""doppler"": 0.0, ""angle"": 46.093385115090996, ""elevation"": 0.0}]",1785098955856.405
5,"[{""range"": 0.7135934512560013, ""doppler"": 0.0, ""angle"": 6.995017445215655, ""elevation"": 0.0}, {""range"": 0.7145463211877722, ""doppler"": 0.0, ""angle"": 7.028981050882597, ""elevation"": 0.0}, {""range"": 0.7296884868624919, ""doppler"": 0.0, ""angle"": 8.100317685458013, ""elevation"": 0.0}, {""range"": 1.8743285210934446, ""doppler"": 0.0, ""angle"": 48.314258058289674, ""elevation"": 0.0}, {""range"": 1.8901785978430214, ""doppler"": 0.0, ""angle"": 52.963157713836345, ""elevation"": 0.0}]",1785098955956.0198
5,"[{""range"": 0.6450171321529461, ""doppler"": 0.0, ""angle"": -4.5156552443138995, ""elevation"": 0.0}, {""range"": 0.6886306626314758, ""doppler"": 0.0, ""angle"": -6.141391484966169, ""elevation"": 0.0}, {""range"": 0.7149088435586104, ""doppler"": 0.0, ""angle"": -5.741964641315545, ""elevation"": 0.0}, {""range"": 1.8795851553620386, ""doppler"": 0.0, ""angle"": 41.586914721821444, ""elevation"": 0.0}, {""range"": 1.9006282384960536, ""doppler"": 0.0, ""angle"": 46.84515242221524, ""elevation"": 0.0}]",1785098956053.24
10,"[{""range"": 0.6961409270950568, ""doppler"": 0.0, ""angle"": -11.272410685334988, ""elevation"": 0.0}, {""range"": 0.713662026021133, ""doppler"": 0.0, ""angle"": -14.555042485382748, ""elevation"": 0.0}, {""range"": 0.7449659123658167, ""doppler"": 0.0, ""angle"": -16.037960713108394, ""elevation"": 0.0}, {""range"": 0.6699051118436369, ""doppler"": 0.0, ""angle"": -7.6542706553972755, ""elevation"": 0.0}, {""range"": 1.1111364933209402, ""doppler"": 0.0, ""angle"": 31.925238367309657, ""elevation"": 0.0}, {""range"": 1.1173151162138617, ""doppler"": 0.0, ""angle"": 32.34460307357604, ""elevation"": 0.0}, {""range"": 1.851818548997757, ""doppler"": 0.0, ""angle"": 41.73553806648276, ""elevation"": 0.0}, {""range"": 1.8800351982888535, ""doppler"": 0.0, ""angle"": 44.36032390197399, ""elevation"": 0.0}, {""range"": 1.8977099272115399, ""doppler"": 0.0, ""angle"": 47.93694427681884, ""elevation"": 0.0}, {""range"": 2.7391037201829214, ""doppler"": 0.0, ""angle"": 68.58894231671971, ""elevation"": 0.0}]",1785098956162.508
5,"[{""range"": 0.7199552864102349, ""doppler"": 0.0, ""angle"": 6.030606767758919, ""elevation"": 0.0}, {""range"": 0.7468280581678499, ""doppler"": 0.0, ""angle"": 12.59874227259065, ""elevation"": 0.0}, {""range"": 2.093914904517796, ""doppler"": 0.0, ""angle"": 40.66073393329728, ""elevation"": 0.0}, {""range"": 1.8782745124233808, ""doppler"": 0.0, ""angle"": 45.02699901897716, ""elevation"": 0.0}, {""range"": 1.8955370892819592, ""doppler"": 0.0, ""angle"": 50.715536920192285, ""elevation"": 0.0}]",1785098956262.8328
7,"[{""range"": 0.6680232278345577, ""doppler"": 0.0, ""angle"": -1.2270312179250462, ""elevation"": 0.0}, {""range"": 0.674930891539518, ""doppler"": 0.0, ""angle"": -2.080082960922721, ""elevation"": 0.0}, {""range"": 0.6889352813183185, ""doppler"": 0.0, ""angle"": -2.186594872044942, ""elevation"": 0.0}, {""range"": 0.7415919192388974, ""doppler"": 0.0, ""angle"": 27.219972790038106, ""elevation"": 0.0}, {""range"": 2.0668404355988637, ""doppler"": 0.0, ""angle"": 36.943260948784925, ""elevation"": 0.0}, {""range"": 1.8771959131113947, ""doppler"": 0.0, ""angle"": 44.19339664371443, ""elevation"": 0.0}, {""range"": 1.8997292864398034, ""doppler"": 0.0, ""angle"": 43.916917644735406, ""elevation"": 0.0}]",1785098956356.095
3,"[{""range"": 0.7177048936729925, ""doppler"": 0.0, ""angle"": 7.429561645958164, ""elevation"": 0.0}, {""range"": 0.719048873017787, ""doppler"": 0.0, ""angle"": 14.900211329439538, ""elevation"": 0.0}, {""range"": 0.736996896490905, ""doppler"": 0.0, ""angle"": 12.684113133940443, ""elevation"": 0.0}]",1785098956452.919
3,"[{""range"": 0.7085951988639791, ""doppler"": 0.0, ""angle"": 2.8060870901295183, ""elevation"": 0.0}, {""range"": 0.7116172079795482, ""doppler"": 0.0, ""angle"": 3.9912471047577855, ""elevation"": 0.0}, {""range"": 0.7275097823674359, ""doppler"": 0.0, ""angle"": 5.896963510210823, ""elevation"": 0.0}]",1785098956565.789
10,"[{""range"": 0.6768646905327864, ""doppler"": 0.0, ""angle"": -7.254559636466161, ""elevation"": 0.0}, {""range"": 0.6964706333310927, ""doppler"": 0.0, ""angle"": -9.368006262445444, ""elevation"": 0.0}, {""range"": 0.7022199872579663, ""doppler"": 0.0, ""angle"": -6.609259680994272, ""elevation"": 0.0}, {""range"": 0.7281054853663804, ""doppler"": 0.0, ""angle"": -9.670518164924728, ""elevation"": 0.0}, {""range"": 0.736446116565422, ""doppler"": 0.0, ""angle"": 24.822751010935374, ""elevation"": 0.0}, {""range"": 1.1061182537326784, ""doppler"": 0.0, ""angle"": 26.623042836944133, ""elevation"": 0.0}, {""range"": 1.1175055474097562, ""doppler"": 0.0, ""angle"": 30.586402298815067, ""elevation"": 0.0}, {""range"": 1.2859504757313858, ""doppler"": 0.0, ""angle"": 33.32546896785374, ""elevation"": 0.0}, {""range"": 1.8756029170008883, ""doppler"": 0.0, ""angle"": 41.18489744794017, ""elevation"": 0.0}, {""range"": 1.9043446005422007, ""doppler"": 0.0, ""angle"": 39.70844568442748, ""elevation"": 0.0}]",1785098956662.881
6,"[{""range"": 0.7216068389190575, ""doppler"": 0.0, ""angle"": -3.935906215728759, ""elevation"": 0.0}, {""range"": 0.6802090522989492, ""doppler"": 0.0, ""angle"": -0.09037181703314583, ""elevation"": 0.0}, {""range"": 0.689053620121836, ""doppler"": 0.0, ""angle"": -0.8921538882230898, ""elevation"": 0.0}, {""range"": 0.6976880917494167, ""doppler"": 0.0, ""angle"": -1.7183580016554572, ""elevation"": 0.0}, {""range"": 1.8833652311872406, ""doppler"": 0.0, ""angle"": 44.25374293837907, ""elevation"": 0.0}, {""range"": 1.9079177396699305, ""doppler"": 0.0, ""angle"": 49.29852477297928, ""elevation"": 0.0}]",1785098956753.3079
7,"[{""range"": 0.8347163354140706, ""doppler"": 0.0, ""angle"": -37.488517782902676, ""elevation"": 0.0}, {""range"": 0.6803779971142266, ""doppler"": 0.0, ""angle"": -1.2800554564491127, ""elevation"": 0.0}, {""range"": 0.6899360188081584, ""doppler"": 0.0, ""angle"": -1.5445469491517259, ""elevation"": 0.0}, {""range"": 0.7001152187554165, ""doppler"": 0.0, ""angle"": -1.9759426328498526, ""elevation"": 0.0}, {""range"": 0.7276809714227505, ""doppler"": 0.0, ""angle"": -1.5489184677630343, ""elevation"": 0.0}, {""range"": 1.8781109114232657, ""doppler"": 0.0, ""angle"": 44.44067702675424, ""elevation"": 0.0}, {""range"": 1.900651672903637, ""doppler"": 0.0, ""angle"": 51.67777151822418, ""elevation"": 0.0}]",1785098956856.301
7,"[{""range"": 1.185075167983353, ""doppler"": 0.0, ""angle"": -27.342196906979424, ""elevation"": 0.0}, {""range"": 0.7037181663146975, ""doppler"": 0.0, ""angle"": 8.622191138561503, ""elevation"": 0.0}, {""range"": 0.7132793703459763, ""doppler"": 0.0, ""angle"": 4.961652673461447, ""elevation"": 0.0}, {""range"": 0.7318915276118718, ""doppler"": 0.0, ""angle"": 6.34019174590991, ""elevation"": 0.0}, {""range"": 2.7006643637357945, ""doppler"": 0.0, ""angle"": 39.58942394850652, ""elevation"": 0.0}, {""range"": 1.8770697959704965, ""doppler"": 0.0, ""angle"": 46.04597664138376, ""elevation"": 0.0}, {""range"": 1.900946109268008, ""doppler"": 0.0, ""angle"": 47.22237143788911, ""elevation"": 0.0}]",1785098956953.1108
9,"[{""range"": 1.1877386321789918, ""doppler"": 0.0, ""angle"": -30.247744507565454, ""elevation"": 0.0}, {""range"": 0.6836267185438447, ""doppler"": 0.0, ""angle"": 0.44960452639911985, ""elevation"": 0.0}, {""range"": 0.6940035094911791, ""doppler"": 0.0, ""angle"": -0.5019342099613259, ""elevation"": 0.0}, {""range"": 0.7030780397287862, ""doppler"": 0.0, ""angle"": -1.2241447816549373, ""elevation"": 0.0}, {""range"": 0.7273291453370884, ""doppler"": 0.0, ""angle"": -0.915640181763477, ""elevation"": 0.0}, {""range"": 1.1056676482887233, ""doppler"": 0.0, ""angle"": 28.674797865979382, ""elevation"": 0.0}, {""range"": 1.1138464649924693, ""doppler"": 0.0, ""angle"": 31.255588462551493, ""elevation"": 0.0}, {""range"": 1.8895833962368125, ""doppler"": 0.0, ""angle"": 39.47442944385057, ""elevation"": 0.0}, {""range"": 1.9116649822105674, ""doppler"": 0.0, ""angle"": 42.046567763101, ""elevation"": 0.0}]",1785098957052.3699
5,"[{""range"": 0.6133880950845035, ""doppler"": 0.0, ""angle"": -5.923328128407402, ""elevation"": 0.0}, {""range"": 0.6727673184599048, ""doppler"": 0.0, ""angle"": -0.822370979998181, ""elevation"": 0.0}, {""range"": 0.6941584798190914, ""doppler"": 0.0, ""angle"": -0.16235236677832848, ""elevation"": 0.0}, {""range"": 0.7025614043279181, ""doppler"": 0.0, ""angle"": -0.11666215389758561, ""elevation"": 0.0}, {""range"": 0.7265976110932892, ""doppler"": 0.0, ""angle"": 0.8319501382839315, ""elevation"": 0.0}]",1785098957152.302
8,"[{""range"": 0.6878417043257732, ""doppler"": 0.0, ""angle"": 1.6982590261876296, ""elevation"": 0.0}, {""range"": 0.7033336011019545, ""doppler"": 0.0, ""angle"": 3.2501276888102693, ""elevation"": 0.0}, {""range"": 0.8029801141627205, ""doppler"": 0.0, ""angle"": -2.8592194370312995, ""elevation"": 0.0}, {""range"": 0.7157716306214158, ""doppler"": 0.0, ""angle"": 4.22634977165748, ""elevation"": 0.0}, {""range"": 0.7368609595453023, ""doppler"": 0.0, ""angle"": 5.179323245149628, ""elevation"": 0.0}, {""range"": 1.8469917800510258, ""doppler"": 0.0, ""angle"": 39.73667954324055, ""elevation"": 0.0}, {""range"": 1.8760962506609082, ""doppler"": 0.0, ""angle"": 42.35781077127577, ""elevation"": 0.0}, {""range"": 1.9029750982314428, ""doppler"": 0.0, ""angle"": 48.928030118499905, ""elevation"": 0.0}]",1785098957256.2183
6,"[{""range"": 0.7311776990636567, ""doppler"": 0.0, ""angle"": 2.845611768752631, ""elevation"": 0.0}, {""range"": 0.7009354779495297, ""doppler"": 0.0, ""angle"": 4.829189140917505, ""elevation"": 0.0}, {""range"": 0.710381041982228, ""doppler"": 0.0, ""angle"": 4.012661289535339, ""elevation"": 0.0}, {""range"": 1.8571702077790302, ""doppler"": 0.0, ""angle"": 44.3017337253189, ""elevation"": 0.0}, {""range"": 1.8846395986989766, ""doppler"": 0.0, ""angle"": 44.61175544044119, ""elevation"": 0.0}, {""range"": 1.9057472452276314, ""doppler"": 0.0, ""angle"": 47.21676983392611, ""elevation"": 0.0}]",1785098957362.435
7,"[{""range"": 0.683784578385207, ""doppler"": 0.0, ""angle"": 0.029966409146868895, ""elevation"": 0.0}, {""range"": 0.6934670882885215, ""doppler"": 0.0, ""angle"": -0.502322483684916, ""elevation"": 0.0}, {""range"": 0.700450700392636, ""doppler"": 0.0, ""angle"": -0.5850782535838923, ""elevation"": 0.0}, {""range"": 0.7214955235294631, ""doppler"": 0.0, ""angle"": -1.2070948680476756, ""elevation"": 0.0}, {""range"": 1.8542115295672579, ""doppler"": 0.0, ""angle"": 43.714470484251905, ""elevation"": 0.0}, {""range"": 1.881112067615616, ""doppler"": 0.0, ""angle"": 47.041559758160005, ""elevation"": 0.0}, {""range"": 1.9048996389227195, ""doppler"": 0.0, ""angle"": 50.62620503396118, ""elevation"": 0.0}]",1785098957452.047
9,"[{""range"": 0.8066778381590616, ""doppler"": 0.0, ""angle"": -13.641956155643273, ""elevation"": 0.0}, {""range"": 0.6932926395499349, ""doppler"": 0.0, ""angle"": -5.84734400049482, ""elevation"": 0.0}, {""range"": 0.704477090272865, ""doppler"": 0.0, ""angle"": -3.813107441386651, ""elevation"": 0.0}, {""range"": 0.7121451210649663, ""doppler"": 0.0, ""angle"": -2.07210927322012, ""elevation"": 0.0}, {""range"": 0.7298070302916497, ""doppler"": 0.0, ""angle"": -1.4882320382593588, ""elevation"": 0.0}, {""range"": 1.859017850446971, ""doppler"": 0.0, ""angle"": 41.61157097447882, ""elevation"": 0.0}, {""range"": 1.8833140015413001, ""doppler"": 0.0, ""angle"": 43.69586227703216, ""elevation"": 0.0}, {""range"": 1.903926435414793, ""doppler"": 0.0, ""angle"": 47.2760103773073, ""elevation"": 0.0}, {""range"": 1.930786635305095, ""doppler"": 0.0, ""angle"": 52.22693704353462, ""elevation"": 0.0}]",1785098957562.774
7,"[{""range"": 0.6936698649497842, ""doppler"": 0.0, ""angle"": -8.763006035445175, ""elevation"": 0.0}, {""range"": 0.7049771959976896, ""doppler"": 0.0, ""angle"": -7.476519788775149, ""elevation"": 0.0}, {""range"": 0.7083215385854342, ""doppler"": 0.0, ""angle"": -6.84334785824018, ""elevation"": 0.0}, {""range"": 0.7274013923450651, ""doppler"": 0.0, ""angle"": -4.568305292978737, ""elevation"": 0.0}, {""range"": 0.8098943432555997, ""doppler"": 0.0, ""angle"": 3.012122627136511, ""elevation"": 0.0}, {""range"": 1.8846226752350552, ""doppler"": 0.0, ""angle"": 43.485283373261844, ""elevation"": 0.0}, {""range"": 1.900188852943206, ""doppler"": 0.0, ""angle"": 46.00655727812737, ""elevation"": 0.0}]",1785098957653.451
5,"[{""range"": 0.7123136734611815, ""doppler"": 0.0, ""angle"": -0.9493284951364878, ""elevation"": 0.0}, {""range"": 0.7158415154015233, ""doppler"": 0.0, ""angle"": 0.6726899583954926, ""elevation"": 0.0}, {""range"": 0.7309230584851868, ""doppler"": 0.0, ""angle"": 1.6121575318268389, ""elevation"": 0.0}, {""range"": 1.8747422959158695, ""doppler"": 0.0, ""angle"": 43.110029452615414, ""elevation"": 0.0}, {""range"": 1.9013364339759058, ""doppler"": 0.0, ""angle"": 45.41531758896043, ""elevation"": 0.0}]",1785098957753.377
5,"[{""range"": 0.6799773870429027, ""doppler"": 0.0, ""angle"": -1.7179061920799221, ""elevation"": 0.0}, {""range"": 0.6888821846767971, ""doppler"": 0.0, ""angle"": -2.067702771936921, ""elevation"": 0.0}, {""range"": 0.6985960401196097, ""doppler"": 0.0, ""angle"": -2.537967213505008, ""elevation"": 0.0}, {""range"": 0.7255592151248889, ""doppler"": 0.0, ""angle"": -1.0026090996914374, ""elevation"": 0.0}, {""range"": 1.9075308401651365, ""doppler"": 0.0, ""angle"": 48.05111270163393, ""elevation"": 0.0}]",1785098957862.9812
