num_points,points,timestamp_ms
7,"[{""range"": 0.7302569301358751, ""doppler"": 0.0, ""angle"": -13.6823602693836, ""elevation"": 0.0}, {""range"": 0.6793222087366442, ""doppler"": 0.0, ""angle"": -3.9545250560482894, ""elevation"": 0.0}, {""range"": 0.6915916428109643, ""doppler"": 0.0, ""angle"": -7.786516161184169, ""elevation"": 0.0}, {""range"": 0.7010390432092029, ""doppler"": 0.0, ""angle"": -10.567585357211655, ""elevation"": 0.0}, {""range"": 1.886790280010179, ""doppler"": 0.0, ""angle"": 50.52606076825333, ""elevation"": 0.0}, {""range"": 1.9122822710106746, ""doppler"": 9.453816057852237, ""angle"": 52.25141805873208, ""elevation"": 0.0}, {""range"": 9.121899479503355, ""doppler"": 3.024231019546278, ""angle"": 44.530579666094205, ""elevation"": 35.028715065647845}]",1785098978454.6401
6,"[{""range"": 0.6892752302723273, ""doppler"": 0.0, ""angle"": -2.5127961208150724, ""elevation"": 0.0}, {""range"": 0.7091954956479933, ""doppler"": 0.0, ""angle"": -2.268669141366048, ""elevation"": 0.0}, {""range"": 0.7192618638131447, ""doppler"": 0.0, ""angle"": -0.8119445083172132, ""elevation"": 0.0}, {""range"": 0.7385143643761244, ""doppler"": 0.0, ""angle"": 5.056270208732164, ""elevation"": 0.0}, {""range"": 1.8795911093515831, ""doppler"": 0.0, ""angle"": 45.427831370578126, ""elevation"": 0.0}, {""range"": 1.8940868420169703, ""doppler"": 0.0, ""angle"": 50.889086456270114, ""elevation"": 0.0}]",1785098978454.898
7,"[{""range"": 0.6806356928667873, ""doppler"": 0.0, ""angle"": -4.807393231976001, ""elevation"": 0.0}, {""range"": 0.6949252672679025, ""doppler"": 0.0, ""angle"": -4.560400895223832, ""elevation"": 0.0}, {""range"": 0.7030486604739501, ""doppler"": 0.0, ""angle"": -5.44378608088757, ""elevation"": 0.0}, {""range"": 0.7287958022142343, ""doppler"": 0.0, ""angle"": -9.048633114730677, ""elevation"": 0.0}, {""range"": 0.8055107297238627, ""doppler"": 0.0, ""angle"": 33.51015894626978, ""elevation"": 0.0}, {""range"": 1.8755020269224771, ""doppler"": 0.0, ""angle"": 45.18154740273996, ""elevation"": 0.0}, {""range"": 1.891934475491019, ""doppler"": 0.0, ""angle"": 51.392626317234594, ""elevation"": 0.0}]",1785098978455.1602
6,"[{""range"": 2.387479643633271, ""doppler"": 0.0, ""angle"": -12.122930217078247, ""elevation"": 0.0}, {""range"": 0.674229030681674, ""doppler"": 0.0, ""angle"": -9.110083135257424, ""elevation"": 0.0}, {""range"": 0.6903166995979491, ""doppler"": 0.0, ""angle"": -7.995772983130768, ""elevation"": 0.0}, {""range"": 0.7026252764147359, ""doppler"": 0.0, ""angle"": -7.692927378179489, ""elevation"": 0.0}, {""range"": 1.8746249171864302, ""doppler"": 0.0, ""angle"": 46.17875916991123, ""elevation"": 0.0}, {""range"": 1.8871967818862108, ""doppler"": 0.0, ""angle"": 48.545444583581265, ""elevation"": 0.0}]",1785098978455.387
5,"[{""range"": 0.6519090357395529, ""doppler"": 0.0, ""angle"": -10.813704067176298, ""elevation"": 0.0}, {""range"": 0.6908613522236536, ""doppler"": 0.0, ""angle"": -8.513900107609393, ""elevation"": 0.0}, {""range"": 0.719976426059106, ""doppler"": 0.0, ""angle"": -3.4742551831948445, ""elevation"": 0.0}, {""range"": 1.8790281442691106, ""doppler"": 0.0, ""angle"": 43.519340242956794, ""elevation"": 0.0}, {""range"": 1.8985191109425723, ""doppler"": 0.0, ""angle"": 47.103018721971395, ""elevation"": 0.0}]",1785098978455.617
10,"[{""range"": 3.3093637630329056, ""doppler"": 0.0, ""angle"": -18.273414802043188, ""elevation"": 0.0}, {""range"": 0.6033293968084686, ""doppler"": 0.0, ""angle"": -12.269102511467807, ""elevation"": 0.0}, {""range"": 0.6438399509349014, ""doppler"": 0.0, ""angle"": -15.479817828819023, ""elevation"": 0.0}, {""range"": 0.6764998124903999, ""doppler"": 0.0, ""angle"": -14.90312634058997, ""elevation"": 0.0}, {""range"": 3.322970465139772, ""doppler"": 0.0, ""angle"": -17.97865146534033, ""elevation"": 0.0}, {""range"": 0.7191018098222063, ""doppler"": 0.0, ""angle"": -6.826364228652717, ""elevation"": 0.0}, {""range"": 1.8499981537476673, ""doppler"": 0.0, ""angle"": 40.24448836846282, ""elevation"": 0.0}, {""range"": 1.8825710702135592, ""doppler"": 0.0, ""angle"": 43.85315988131503, ""elevation"": 0.0}, {""range"": 1.914845077358718, ""doppler"": 0.0, ""angle"": 45.317802173927326, ""elevation"": 0.0}, {""range"": 1.9441138593239555, ""doppler"": 0.0, ""angle"": 46.25961835820416, ""elevation"": 0.0}]",1785098978455.869
7,"[{""range"": 0.571297647662501, ""doppler"": 0.0, ""angle"": -18.032302739766546, ""elevation"": 0.0}, {""range"": 0.6475259213845066, ""doppler"": 0.0, ""angle"": -17.05387157358633, ""elevation"": 0.0}, {""range"": 0.7162904333423741, ""doppler"": 0.0, ""angle"": -6.75245266670449, ""elevation"": 0.0}, {""range"": 0.7329684592650636, ""doppler"": 0.0, ""angle"": -5.6702586956644145, ""elevation"": 0.0}, {""range"": 1.8512671216842629, ""doppler"": 0.0, ""angle"": 41.69144773061586, ""elevation"": 0.0}, {""range"": 1.8767396437185977, ""doppler"": 0.0, ""angle"": 47.08880758978526, ""elevation"": 0.0}, {""range"": 1.8960146793597, ""doppler"": 0.0, ""angle"": 54.20980330445624, ""elevation"": 0.0}]",1785098978456.117
7,"[{""range"": 0.6434273255801047, ""doppler"": 0.0, ""angle"": -15.225791399947756, ""elevation"": 0.0}, {""range"": 0.7102552722306408, ""doppler"": 0.0, ""angle"": -2.582912321756712, ""elevation"": 0.0}, {""range"": 0.736076348046291, ""doppler"": 0.0, ""angle"": -0.8351562922208998, ""elevation"": 0.0}, {""range"": 0.7479016518324894, ""doppler"": 0.0, ""angle"": -0.9452534921890556, ""elevation"": 0.0}, {""range"": 1.9528960385688536, ""doppler"": 0.0, ""angle"": 29.355753091614517, ""elevation"": 0.0}, {""range"": 1.909321644605228, ""doppler"": 0.0, ""angle"": 41.79975438297138, ""elevation"": 0.0}, {""range"": 1.8790755260280818, ""doppler"": 0.0, ""angle"": 43.61579168694243, ""elevation"": 0.0}]",1785098978456.367
7,"[{""range"": 0.6048390513770494, ""doppler"": 0.0, ""angle"": -14.484050208389757, ""elevation"": 0.0}, {""range"": 0.6267836519359211, ""doppler"": 0.0, ""angle"": -13.596186280579754, ""elevation"": 0.0}, {""range"": 1.1467728103661259, ""doppler"": 0.0, ""angle"": -7.174882114825785, ""elevation"": 0.0}, {""range"": 0.749198590266341, ""doppler"": 0.0, ""angle"": 1.1350984780255995, ""elevation"": 0.0}, {""range"": 0.7530861942102539, ""doppler"": 0.0, ""angle"": -2.6674253214089862, ""elevation"": 0.0}, {""range"": 1.877192438360408, ""doppler"": 0.0, ""angle"": 47.613602223005906, ""elevation"": 0.0}, {""range"": 1.8958781433648317, ""doppler"": 0.0, ""angle"": 51.49463653454371, ""elevation"": 0.0}]",1785098978456.6028
9,"[{""range"": 0.6370001901150332, ""doppler"": 0.0, ""angle"": -14.036243467926479, ""elevation"": 0.0}, {""range"": 0.6811615884157382, ""doppler"": 0.0, ""angle"": -15.656150949618121, ""elevation"": 0.0}, {""range"": 0.6033444476628559, ""doppler"": 0.0, ""angle"": -10.743787070980884, ""elevation"": 0.0}, {""range"": 0.7354398000028148, ""doppler"": 0.0, ""angle"": -7.249425699052941, ""elevation"": 0.0}, {""range"": 0.7489357960368358, ""doppler"": 0.0, ""angle"": -6.18157014443866, ""elevation"": 0.0}, {""range"": 1.1487337402139424, ""doppler"": 0.0, ""angle"": -6.569676992314089, ""elevation"": 0.0}, {""range"": 1.8847252146763147, ""doppler"": 0.0, ""angle"": 44.907748724000264, ""elevation"": 0.0}, {""range"": 1.9122916428594379, ""doppler"": 0.0, ""angle"": 45.12880542328154, ""elevation"": 0.0}, {""range"": 1.9428137256097142, ""doppler"": 0.0, ""angle"": 46.89834469793231, ""elevation"": 0.0}]",1785098978456.84
9,"[{""range"": 0.5986735651827148, ""doppler"": 0.0, ""angle"": -14.389045533063388, ""elevation"": 0.0}, {""range"": 0.6188911719284214, ""doppler"": 0.0, ""angle"": -16.120486637488852, ""elevation"": 0.0}, {""range"": 0.7553176784672879, ""doppler"": 0.0, ""angle"": -5.297584777909251, ""elevation"": 0.0}, {""range"": 0.750591058501532, ""doppler"": 0.0, ""angle"": -6.9235457011647, ""elevation"": 0.0}, {""range"": 1.15306724645042, ""doppler"": 0.0, ""angle"": -5.089048231669883, ""elevation"": 0.0}, {""range"": 1.1800190571864992, ""doppler"": 0.0, ""angle"": -9.533690322772179, ""elevation"": 0.0}, {""range"": 1.8525129809801981, ""doppler"": 0.0, ""angle"": 39.673863399922006, ""elevation"": 0.0}, {""range"": 1.876732079178402, ""doppler"": 0.0, ""angle"": 43.3978196047063, ""elevation"": 0.0}, {""range"": 1.8945710421303457, ""doppler"": 0.0, ""angle"": 49.38638784477126, ""elevation"": 0.0}]",1785098978457.07
9,"[{""range"": 0.6632383345032807, ""doppler"": 0.0, ""angle"": -14.058722684524902, ""elevation"": 0.0}, {""range"": 0.7008899052996579, ""doppler"": 0.0, ""angle"": -8.849517935428517, ""elevation"": 0.0}, {""range"": 0.7275649601353416, ""doppler"": 0.0, ""angle"": -7.058645215880418, ""elevation"": 0.0}, {""range"": 0.7454475195554763, ""doppler"": 0.0, ""angle"": -7.927960541743121, ""elevation"": 0.0}, {""range"": 1.155239791269165, ""doppler"": 0.0, ""angle"": -6.015040561444293, ""elevation"": 0.0}, {""range"": 1.1800536318536923, ""doppler"": 0.0, ""angle"": -9.278197597540327, ""elevation"": 0.0}, {""range"": 1.8500800843139944, ""doppler"": 0.0, ""angle"": 40.979108424254456, ""elevation"": 0.0}, {""range"": 1.8750495999653818, ""doppler"": 0.0, ""angle"": 43.75581134476919, ""elevation"": 0.0}, {""range"": 1.904117775933278, ""doppler"": 0.0, ""angle"": 47.908004117822784, ""elevation"": 0.0}]",1785098978457.303
11,"[{""range"": 0.6350965747604161, ""doppler"": 0.0, ""angle"": -13.331966960961763, ""elevation"": 0.0}, {""range"": 0.6536468221027395, ""doppler"": 0.0, ""angle"": -15.762391064868384, ""elevation"": 0.0}, {""range"": 0.6868024177380581, ""doppler"": 0.0, ""angle"": -15.896218504075728, ""elevation"": 0.0}, {""range"": 1.2215085988026106, ""doppler"": 0.0, ""angle"": -12.701658853667203, ""elevation"": 0.0}, {""range"": 0.7308395877528495, ""doppler"": 0.0, ""angle"": -9.250295835247947, ""elevation"": 0.0}, {""range"": 0.7464762184733221, ""doppler"": 0.0, ""angle"": -9.611241710742739, ""elevation"": 0.0}, {""range"": 1.155429202173436, ""doppler"": 0.0, ""angle"": -6.584993798759856, ""elevation"": 0.0}, {""range"": 1.1774488210622367, ""doppler"": 0.0, ""angle"": -9.149046032173914, ""elevation"": 0.0}, {""range"": 1.883696106331011, ""doppler"": 0.0, ""angle"": 43.69227996452376, ""elevation"": 0.0}, {""range"": 1.910068224334118, ""doppler"": 0.0, ""angle"": 46.22516824742712, ""elevation"": 0.0}, {""range"": 1.9347835021564634, ""doppler"": 0.0, ""angle"": 52.89181259328943, ""elevation"": 0.0}]",1785098978457.54
7,"[{""range"": 0.718796964046989, ""doppler"": 0.0, ""angle"": -7.864024795499545, ""elevation"": 0.0}, {""range"": 0.740686298290334, ""doppler"": 0.0, ""angle"": -7.476730296104, ""elevation"": 0.0}, {""range"": 0.7515779608463173, ""doppler"": 0.0, ""angle"": -8.49638935964471, ""elevation"": 0.0}, {""range"": 0.7834952654402316, ""doppler"": 0.0, ""angle"": -10.373852130495424, ""elevation"": 0.0}, {""range"": 1.84889289011858, ""doppler"": 0.0, ""angle"": 42.71502779514502, ""elevation"": 0.0}, {""range"": 1.880871663450607, ""doppler"": 0.0, ""angle"": 45.489168887344235, ""elevation"": 0.0}, {""range"": 1.9004489296388933, ""doppler"": 0.0, ""angle"": 48.76133218186026, ""elevation"": 0.0}]",1785098978457.7788
9,"[{""range"": 0.6571492856366218, ""doppler"": 0.0, ""angle"": -11.520903759541088, ""elevation"": 0.0}, {""range"": 0.7130418579216163, ""doppler"": 0.0, ""angle"": -7.333532215892331, ""elevation"": 0.0}, {""range"": 0.7391997836787436, ""doppler"": 0.0, ""angle"": -6.779471700028475, ""elevation"": 0.0}, {""range"": 0.7509100784614955, ""doppler"": 0.0, ""angle"": -8.338491823473717, ""elevation"": 0.0}, {""range"": 1.1537773565473903, ""doppler"": 0.0, ""angle"": -6.8001014359263605, ""elevation"": 0.0}, {""range"": 1.1765991663084239, ""doppler"": 0.0, ""angle"": -9.800160686400243, ""elevation"": 0.0}, {""range"": 1.84844323067468, ""doppler"": 0.0, ""angle"": 41.851258200206466, ""elevation"": 0.0}, {""range"": 1.8753084828070419, ""doppler"": 0.0, ""angle"": 45.49062006261858, ""elevation"": 0.0}, {""range"": 1.8946160859523549, ""doppler"": 0.0, ""angle"": 47.11883203222277, ""elevation"": 0.0}]",1785098978458.009
8,"[{""range"": 1.1789073047275167, ""doppler"": 0.0, ""angle"": -11.611603035391981, ""elevation"": 0.0}, {""range"": 0.7170507883751912, ""doppler"": 0.0, ""angle"": -10.009635174707752, ""elevation"": 0.0}, {""range"": 0.7442559024886772, ""doppler"": 0.0, ""angle"": -6.179052541460874, ""elevation"": 0.0}, {""range"": 0.753648975061295, ""doppler"": 0.0, ""angle"": -7.251478281961886, ""elevation"": 0.0}, {""range"": 1.1519797775840876, ""doppler"": 0.0, ""angle"": -6.649566501957074, ""elevation"": 0.0}, {""range"": 0.8399944011434632, ""doppler"": 0.0, ""angle"": 48.901275969360604, ""elevation"": 0.0}, {""range"": 1.8821519578790273, ""doppler"": 0.0, ""angle"": 44.457274888230636, ""elevation"": 0.0}, {""range"": 1.9004311458811558, ""doppler"": 0.0, ""angle"": 47.49385811145109, ""elevation"": 0.0}]",1785098978458.2488
8,"[{""range"": 0.6551173730872962, ""doppler"": 0.0, ""angle"": -20.883686671937987, ""elevation"": 0.0}, {""range"": 0.7113434292389612, ""doppler"": 0.0, ""angle"": -9.97377237376346, ""elevation"": 0.0}, {""range"": 0.7427206974706937, ""doppler"": 0.0, ""angle"": -5.845106135518316, ""elevation"": 0.0}, {""range"": 0.7568002286985952, ""doppler"": 0.0, ""angle"": -7.303005127163724, ""elevation"": 0.0}, {""range"": 1.1502649529532507, ""doppler"": 0.0, ""angle"": -6.3726505967735765, ""elevation"": 0.0}, {""range"": 1.8761848724857189, ""doppler"": 0.0, ""angle"": 41.5768535151893, ""elevation"": 0.0}, {""range"": 1.9056161047048965, ""doppler"": 0.0, ""angle"": 41.6183589266965, ""elevation"": 0.0}, {""range"": 2.965216225887117, ""doppler"": 0.0, ""angle"": 38.7035162361237, ""elevation"": 0.0}]",1785098978458.4802
6,"[{""range"": 0.6677721805952477, ""doppler"": 0.0, ""angle"": -23.833192029851883, ""elevation"": 0.0}, {""range"": 0.6431463942403313, ""doppler"": 0.0, ""angle"": -16.75722508345946, ""elevation"": 0.0}, {""range"": 0.7587122644500619, ""doppler"": 0.0, ""angle"": -0.20255317283604524, ""elevation"": 0.0}, {""range"": 0.76382150642433, ""doppler"": 0.0, ""angle"": -1.998970964168702, ""elevation"": 0.0}, {""range"": 1.877104843554514, ""doppler"": 0.0, ""angle"": 45.87997915376156, ""elevation"": 0.0}, {""range"": 1.8992542129595726, ""doppler"": 0.0, ""angle"": 49.94578384547339, ""elevation"": 0.0}]",1785098978458.714
9,"[{""range"": 0.6387088809099277, ""doppler"": 0.0, ""angle"": -14.826023895439949, ""elevation"": 0.0}, {""range"": 0.6871516115309602, ""doppler"": 0.0, ""angle"": -15.222426831954673, ""elevation"": 0.0}, {""range"": 0.5604464023201992, ""doppler"": 0.0, ""angle"": -6.982168328390744, ""elevation"": 0.0}, {""range"": 0.5872017096993892, ""doppler"": 0.0, ""angle"": -9.482400828309649, ""elevation"": 0.0}, {""range"": 0.7331244391994296, ""doppler"": 0.0, ""angle"": -6.062403686222194, ""elevation"": 0.0}, {""range"": 0.7601592347655535, ""doppler"": 0.0, ""angle"": -3.07441641131136, ""elevation"": 0.0}, {""range"": 1.8525417014416294, ""doppler"": 0.0, ""angle"": 42.73127169870537, ""elevation"": 0.0}, {""range"": 1.8761570848813522, ""doppler"": 0.0, ""angle"": 45.74526264080549, ""elevation"": 0.0}, {""range"": 1.8964917613920567, ""doppler"": 0.0, ""angle"": 50.996809282845135, ""elevation"": 0.0}]",1785098978458.9482
7,"[{""range"": 1.5995138312184023, ""doppler"": 0.0, ""angle"": -11.896575329745959, ""elevation"": 0.0}, {""range"": 0.7222068353457008, ""doppler"": 0.0, ""angle"": -8.643700179251129, ""elevation"": 0.0}, {""range"": 0.7437805524489153, ""doppler"": 0.0, ""angle"": -6.224584213025825, ""elevation"": 0.0}, {""range"": 0.7554107405535246, ""doppler"": 0.0, ""angle"": -6.428557928395612, ""elevation"": 0.0}, {""range"": 1.853953434676191, ""doppler"": 0.0, ""angle"": 43.40940224185331, ""elevation"": 0.0}, {""range"": 1.8777629267530336, ""doppler"": 0.0, ""angle"": 45.929831680266986, ""elevation"": 0.0}, {""range"": 1.893809674945988, ""doppler"": 0.0, ""angle"": 51.209235020115415, ""elevation"": 0.0}]",1785098978459.172
7,"[{""range"": 0.6724016911128832, ""doppler"": 0.0, ""angle"": -15.53308270552581, ""elevation"": 0.0}, {""range"": 0.7064889892824804, ""doppler"": 0.0, ""angle"": -10.4851395678542, ""elevation"": 0.0}, {""range"": 0.7375820112166542, ""doppler"": 0.0, ""angle"": -6.1653229682364605, ""elevation"": 0.0}, {""range"": 0.7532575558385358, ""doppler"": 0.0, ""angle"": -6.310151493058741, ""elevation"": 0.0}, {""range"": 1.8560983627952115, ""doppler"": 0.0, ""angle"": 43.91878129330861, ""elevation"": 0.0}, {""range"": 1.8800747739837793, ""doppler"": 0.0, ""angle"": 45.739855947186264, ""elevation"": 0.0}, {""range"": 1.8960601694988848, ""doppler"": 0.0, ""angle"": 48.008369508631844, ""elevation"": 0.0}]",1785098978459.392
6,"[{""range"": 0.5448588511245459, ""doppler"": 0.0, ""angle"": -19.118778794993272, ""elevation"": 0.0}, {""range"": 0.6364978883687405, ""doppler"": 0.0, ""angle"": -18.01755624930724, ""elevation"": 0.0}, {""range"": 0.696827967890818, ""doppler"": 0.0, ""angle"": -15.234486446292737, ""elevation"": 0.0}, {""range"": 0.7397602484152446, ""doppler"": 0.0, ""angle"": -7.877440827223398, ""elevation"": 0.0}, {""range"": 1.8802921278284594, ""doppler"": 0.0, ""angle"": 46.47966419583556, ""elevation"": 0.0}, {""range"": 1.9013202477225475, ""doppler"": 0.0, ""angle"": 49.141539449723, ""elevation"": 0.0}]",1785098978459.6128
7,"[{""range"": 0.6520255373549916, ""doppler"": 0.0, ""angle"": -12.641292585988845, ""elevation"": 0.0}, {""range"": 0.6919873773612424, ""doppler"": 0.0, ""angle"": -12.233322256887977, ""elevation"": 0.0}, {""range"": 0.5943005054466001, ""doppler"": 0.0, ""angle"": -7.903368186245008, ""elevation"": 0.0}, {""range"": 0.7299947193608592, ""doppler"": 0.0, ""angle"": -7.969332410606134, ""elevation"": 0.0}, {""range"": 1.8494137412371592, ""doppler"": 0.0, ""angle"": 41.10723367489065, ""elevation"": 0.0}, {""range"": 1.8765952732959168, ""doppler"": 0.0, ""angle"": 44.12750368921584, ""elevation"": 0.0}, {""range"": 1.898888423469417, ""doppler"": 0.0, ""angle"": 45.1220843101382, ""elevation"": 0.0}]",1785098978459.837
7,"[{""range"": 2.6776292146466276, ""doppler"": 0.0, ""angle"": -30.419761228448156, ""elevation"": 0.0}, {""range"": 0.6330510550298524, ""doppler"": 0.0, ""angle"": -19.607012012245566, ""elevation"": 0.0}, {""range"": 0.7581786937488928, ""doppler"": 0.0, ""angle"": -0.25674823682628295, ""elevation"": 0.0}, {""range"": 0.7564106092398065, ""doppler"": 0.0, ""angle"": -1.828832353669022, ""elevation"": 0.0}, {""range"": 1.8544411996710375, ""doppler"": 0.0, ""angle"": 41.427077219461, ""elevation"": 0.0}, {""range"": 1.8813737617268724, ""doppler"": 0.0, ""angle"": 42.55794934817729, ""elevation"": 0.0}, {""range"": 1.907715592623427, ""doppler"": 0.0, ""angle"": 43.40485282447846, ""elevation"": 0.0}]",1785098978460.053
9,"[{""range"": 0.5953905788648075, ""doppler"": 0.0, ""angle"": -31.99079113415651, ""elevation"": 0.0}, {""range"": 0.6374460946844904, ""doppler"": 0.0, ""angle"": -22.478922288099774, ""elevation"": 0.0}, {""range"": 0.7074759922589798, ""doppler"": 0.0, ""angle"": -10.676588974075038, ""elevation"": 0.0}, {""range"": 0.7442838699636877, ""doppler"": 0.0, ""angle"": -4.2297851751282165, ""elevation"": 0.0}, {""range"": 0.7592900780345232, ""doppler"": 0.0, ""angle"": -4.173099990832439, ""elevation"": 0.0}, {""range"": 1.8467849551814928, ""doppler"": 0.0, ""angle"": 39.850320092753385, ""elevation"": 0.0}, {""range"": 1.8733910663146451, ""doppler"": 0.0, ""angle"": 45.409911515143136, ""elevation"": 0.0}, {""range"": 1.8992205842461705, ""doppler"": 0.0, ""angle"": 53.49153407506942, ""elevation"": 0.0}, {""range"": 1.9442332510953018, ""doppler"": 0.0, ""angle"": 61.74028781595262, ""elevation"": 0.0}]",1785098978460.268
9,"[{""range"": 0.6673537503126569, ""doppler"": 0.0, ""angle"": -21.68452603022071, ""elevation"": 0.0}, {""range"": 0.6509702061713969, ""doppler"": 0.0, ""angle"": -18.066652324675044, ""elevation"": 0.0}, {""range"": 0.7480949308222471, ""doppler"": 0.0, ""angle"": 4.276862200256602, ""elevation"": 0.0}, {""range"": 0.7549808278089735, ""doppler"": 0.0, ""angle"": 6.965113736617668, ""elevation"": 0.0}, {""range"": 0.8179807414667639, ""doppler"": 0.0, ""angle"": 37.50368020808334, ""elevation"": 0.0}, {""range"": 0.8472212699955928, ""doppler"": 0.0, ""angle"": 39.802474441571654, ""elevation"": 0.0}, {""range"": 1.8853524686899832, ""doppler"": 0.0, ""angle"": 45.93377434646523, ""elevation"": 0.0}, {""range"": 1.9143399660082887, ""doppler"": 0.0, ""angle"": 47.888673561718676, ""elevation"": 0.0}, {""range"": 1.9486477536951095, ""doppler"": 0.0, ""angle"": 49.50306498171222, ""elevation"": 0.0}]",1785098978460.48
8,"[{""range"": 0.6188199489402573, ""doppler"": 0.0, ""angle"": -17.801438195240554, ""elevation"": 0.0}, {""range"": 0.6371059177649722, ""doppler"": 0.0, ""angle"": -17.34155359982983, ""elevation"": 0.0}, {""range"": 0.6601194603418816, ""doppler"": 0.0, ""angle"": -16.75127453163575, ""elevation"": 0.0}, {""range"": 0.6986750796530663, ""doppler"": 0.0, ""angle"": -13.829965326780632, ""elevation"": 0.0}, {""range"": 1.875340605147322, ""doppler"": 0.0, ""angle"": 46.734768524861146, ""elevation"": 0.0}, {""range"": 1.9097581420382095, ""doppler"": 0.0, ""angle"": 52.83504242757781, ""elevation"": 0.0}, {""range"": 2.0011349566459757, ""doppler"": 0.0, ""angle"": 48.62624102076206, ""elevation"": 0.0}, {""range"": 1.9600832943831672, ""doppler"": 0.0, ""angle"": 54.92533533325315, ""elevation"": 0.0}]",1785098978460.6997
10,"[{""range"": 0.639745704352618, ""doppler"": 0.0, ""angle"": -19.088253449404906, ""elevation"": 0.0}, {""range"": 0.6488611702118698, ""doppler"": 0.0, ""angle"": -17.381340633499278, ""elevation"": 0.0}, {""range"": 0.6695717557181722, ""doppler"": 0.0, ""angle"": -13.371942070619317, ""elevation"": 0.0}, {""range"": 0.7120314283639526, ""doppler"": 0.0, ""angle"": -7.706842468138224, ""elevation"": 0.0}, {""range"": 0.7530895059155248, ""doppler"": 0.0, ""angle"": -0.952347471676779, ""elevation"": 0.0}, {""range"": 3.574174880580062, ""doppler"": 0.0, ""angle"": 6.417113232845542, ""elevation"": 0.0}, {""range"": 3.5969485401259482, ""doppler"": 0.0, ""angle"": 5.193913157010078, ""elevation"": 0.0}, {""range"": 1.8493763362139228, ""doppler"": 0.0, ""angle"": 42.45293453970216, ""elevation"": 0.0}, {""range"": 1.874867930087763, ""doppler"": 0.0, ""angle"": 45.16228866361302, ""elevation"": 0.0}, {""range"": 1.8960336597154293, ""doppler"": 0.0, ""angle"": 48.99605434093849, ""elevation"": 0.0}]",1785098978460.9412
7,"[{""range"": 0.6218165544240142, ""doppler"": 0.0, ""angle"": -19.695940261035354, ""elevation"": 0.0}, {""range"": 0.6388134748636612, ""doppler"": 0.0, ""angle"": -19.287018701119525, ""elevation"": 0.0}, {""range"": 0.6558919729641063, ""doppler"": 0.0, ""angle"": -19.991113758171387, ""elevation"": 0.0}, {""range"": 0.7568611711330658, ""doppler"": 0.0, ""angle"": 8.87480790855047, ""elevation"": 0.0}, {""range"": 0.7479899726133054, ""doppler"": 0.0, ""angle"": 11.710182475336502, ""elevation"": 0.0}, {""range"": 1.88016484087426, ""doppler"": 0.0, ""angle"": 47.4821886841111, ""elevation"": 0.0}, {""range"": 1.9071362589530003, ""doppler"": 0.0, ""angle"": 49.906229419774945, ""elevation"": 0.0}]",1785098978461.1577
10,"[{""range"": 0.6299925780090355, ""doppler"": 0.0, ""angle"": -16.099530535783167, ""elevation"": 0.0}, {""range"": 0.6419336562819977, ""doppler"": 0.0, ""angle"": -16.506628411627542, ""elevation"": 0.0}, {""range"": 0.659173746411303, ""doppler"": 0.0, ""angle"": -17.06844749357814, ""elevation"": 0.0}, {""range"": 0.697193053413096, ""doppler"": 0.0, ""angle"": -16.050358987119793, ""elevation"": 0.0}, {""range"": 0.7498884213329811, ""doppler"": 0.0, ""angle"": -16.25692572968981, ""elevation"": 0.0}, {""range"": 1.1827539922712944, ""doppler"": 0.0, ""angle"": -11.48490940476603, ""elevation"": 0.0}, {""range"": 1.1533140160286344, ""doppler"": 0.0, ""angle"": -6.123389985112796, ""elevation"": 0.0}, {""range"": 0.8328696608371712, ""doppler"": 0.0, ""angle"": 28.815644065264234, ""elevation"": 0.0}, {""range"": 1.8786795125544395, ""doppler"": 0.0, ""angle"": 45.300782726332514, ""elevation"": 0.0}, {""range"": 1.8984301169415632, ""doppler"": 0.0, ""angle"": 46.53805400525635, ""elevation"": 0.0}]",1785098978461.377
7,"[{""range"": 0.6383514452783084, ""doppler"": 0.0, ""angle"": -15.017226383191232, ""elevation"": 0.0}, {""range"": 0.6698646119017031, ""doppler"": 0.0, ""angle"": -16.708033952343488, ""elevation"": 0.0}, {""range"": 0.7158750594593021, ""doppler"": 0.0, ""angle"": -12.668515374728619, ""elevation"": 0.0}, {""range"": 0.7473926208303447, ""doppler"": 0.0, ""angle"": -10.922804719869262, ""elevation"": 0.0}, {""range"": 0.6237873032862371, ""doppler"": 0.0, ""angle"": -10.77200510915639, ""elevation"": 0.0}, {""range"": 1.8817975161313312, ""doppler"": 0.0, ""angle"": 47.645740173218414, ""elevation"": 0.0}, {""range"": 1.9052673286750172, ""doppler"": 0.0, ""angle"": 48.64511792929133, ""elevation"": 0.0}]",1785098978461.5989
10,"[{""range"": 0.6327091468104646, ""doppler"": 0.0, ""angle"": -16.365781319968526, ""elevation"": 0.0}, {""range"": 0.640974828707134, ""doppler"": 0.0, ""angle"": -16.498685328999937, ""elevation"": 0.0}, {""range"": 0.6573533182952395, ""doppler"": 0.0, ""angle"": -16.043875266547058, ""elevation"": 0.0}, {""range"": 0.6933403025835745, ""doppler"": 0.0, ""angle"": -11.092585711019314, ""elevation"": 0.0}, {""range"": 0.7887994218432809, ""doppler"": 0.0, ""angle"": 38.71457656024609, ""elevation"": 0.0}, {""range"": 0.8018755325792016, ""doppler"": 0.0, ""angle"": 36.731909682598165, ""elevation"": 0.0}, {""range"": 1.8553439476587124, ""doppler"": 0.0, ""angle"": 42.92225912614849, ""elevation"": 0.0}, {""range"": 1.879256848703082, ""doppler"": 0.0, ""angle"": 42.624647991830884, ""elevation"": 0.0}, {""range"": 1.903509144287724, ""doppler"": 0.0, ""angle"": 45.50238136544463, ""elevation"": 0.0}, {""range"": 1.930709437881869, ""doppler"": 0.0, ""angle"": 52.473144918412885, ""elevation"": 0.0}]",1785098978461.832
10,"[{""range"": 0.6363937428508037, ""doppler"": 0.0, ""angle"": -13.950342813377386, ""elevation"": 0.0}, {""range"": 0.6873538091225369, ""doppler"": 0.0, ""angle"": -7.158294523703029, ""elevation"": 0.0}, {""range"": 0.7325148121861528, ""doppler"": 0.0, ""angle"": -4.297870379450254, ""elevation"": 0.0}, {""range"": 1.1576205434898272, ""doppler"": 0.0, ""angle"": -4.491699169644013, ""elevation"": 0.0}, {""range"": 0.7517596828115708, ""doppler"": 0.0, ""angle"": -3.340851466816627, ""elevation"": 0.0}, {""range"": 0.8076337166291582, ""doppler"": 0.0, ""angle"": 33.09193876861929, ""elevation"": 0.0}, {""range"": 1.855990658431369, ""doppler"": 0.0, ""angle"": 41.87971200085029, ""elevation"": 0.0}, {""range"": 1.8834636034801366, ""doppler"": 0.0, ""angle"": 43.84216195520007, ""elevation"": 0.0}, {""range"": 1.9039850873409427, ""doppler"": 0.0, ""angle"": 47.90439713109792, ""elevation"": 0.0}, {""range"": 1.9250954451408775, ""doppler"": 0.0, ""angle"": 54.21052455832592, ""elevation"": 0.0}]",1785098978462.063
10,"[{""range"": 0.6431661558965237, ""doppler"": 0.0, ""angle"": -19.99671597045949, ""elevation"": 0.0}, {""range"": 0.629555412021934, ""doppler"": 0.0, ""angle"": -17.215197830261836, ""elevation"": 0.0}, {""range"": 0.6340107708546247, ""doppler"": 0.0, ""angle"": -18.005698427422406, ""elevation"": 0.0}, {""range"": 0.7183543529135422, ""doppler"": 0.0, ""angle"": 4.84062822151802, ""elevation"": 0.0}, {""range"": 0.8147094290604058, ""doppler"": 0.0, ""angle"": 32.678557644093985, ""elevation"": 0.0}, {""range"": 0.8001760728873549, ""doppler"": 0.0, ""angle"": 38.35786491080043, ""elevation"": 0.0}, {""range"": 1.8484309490338646, ""doppler"": 0.0, ""angle"": 40.657205265790466, ""elevation"": 0.0}, {""range"": 1.880566050398611, ""doppler"": 0.0, ""angle"": 45.23499112171783, ""elevation"": 0.0}, {""range"": 1.903536272250578, ""doppler"": 0.0, ""angle"": 47.86316543972375, ""elevation"": 0.0}, {""range"": 1.9358394300345112, ""doppler"": 0.0, ""angle"": 53.47728751676359, ""elevation"": 0.0}]",1785098978462.2952
9,"[{""range"": 0.6390455276952498, ""doppler"": 0.0, ""angle"": -14.304542069221007, ""elevation"": 0.0}, {""range"": 0.680185313471332, ""doppler"": 0.0, ""angle"": -14.602497161830247, ""elevation"": 0.0}, {""range"": 0.737312669793281, ""doppler"": 0.0, ""angle"": -11.882217175618711, ""elevation"": 0.0}, {""range"": 0.8027803736406162, ""doppler"": 0.0, ""angle"": 34.96797314008483, ""elevation"": 0.0}, {""range"": 0.8119971275377249, ""doppler"": 0.0, ""angle"": 37.43011865101843, ""elevation"": 0.0}, {""range"": 0.830483314151359, ""doppler"": 0.0, ""angle"": 38.276403521543216, ""elevation"": 0.0}, {""range"": 1.849375774311573, ""doppler"": 0.0, ""angle"": 38.58972858771189, ""elevation"": 0.0}, {""range"": 1.8767861121563825, ""doppler"": 0.0, ""angle"": 43.4789571564303, ""elevation"": 0.0}, {""range"": 1.893890064747766, ""doppler"": 0.0, ""angle"": 51.266690166930935, ""elevation"": 0.0}]",1785098978462.531
10,"[{""range"": 0.6529849338604625, ""doppler"": 0.0, ""angle"": -21.140019929193524, ""elevation"": 0.0}, {""range"": 0.6226710212825837, ""doppler"": 0.0, ""angle"": -15.900193922597646, ""elevation"": 0.0}, {""range"": 0.6208438597900084, ""doppler"": 0.0, ""angle"": -15.297091504953631, ""elevation"": 0.0}, {""range"": 0.7543143476085465, ""doppler"": 0.0, ""angle"": 6.998665966729289, ""elevation"": 0.0}, {""range"": 0.7959565007341645, ""doppler"": 0.0, ""angle"": 27.537926592290404, ""elevation"": 0.0}, {""range"": 0.8143492439742639, ""doppler"": 0.0, ""angle"": 35.81555487884032, ""elevation"": 0.0}, {""range"": 0.8294890085847598, ""doppler"": 0.0, ""angle"": 36.08185861744427, ""elevation"": 0.0}, {""range"": 1.8522306976301595, ""doppler"": 0.0, ""angle"": 44.89439659395943, ""elevation"": 0.0}, {""range"": 1.8814150087538088, ""doppler"": 0.0, ""angle"": 46.30160271164233, ""elevation"": 0.0}, {""range"": 1.9003042740467255, ""doppler"": 0.0, ""angle"": 45.987431802848526, ""elevation"": 0.0}]",1785098978462.754
8,"[{""range"": 0.6358696166241256, ""doppler"": 0.0, ""angle"": -12.406474371608928, ""elevation"": 0.0}, {""range"": 0.7045272643190019, ""doppler"": 0.0, ""angle"": -0.058168284089735255, ""elevation"": 0.0}, {""range"": 0.7393998563384413, ""doppler"": 0.0, ""angle"": -0.19398738770886534, ""elevation"": 0.0}, {""range"": 0.771133282908101, ""doppler"": 0.0, ""angle"": 18.061021127730772, ""elevation"": 0.0}, {""range"": 0.8139528975348752, ""doppler"": 0.0, ""angle"": 32.967406053108064, ""elevation"": 0.0}, {""range"": 0.8326850196452199, ""doppler"": 0.0, ""angle"": 33.61499269406186, ""elevation"": 0.0}, {""range"": 1.8828434640058431, ""doppler"": 0.0, ""angle"": 44.29201565740081, ""elevation"": 0.0}, {""range"": 1.901918685902604, ""doppler"": 0.0, ""angle"": 45.0, ""elevation"": 0.0}]",1785098978462.969
8,"[{""range"": 0.6707781411216165, ""doppler"": 0.0, ""angle"": -34.96949729010456, ""elevation"": 0.0}, {""range"": 0.6308654943319818, ""doppler"": 0.0, ""angle"": -21.168099470551677, ""elevation"": 0.0}, {""range"": 0.7436915382839302, ""doppler"": 0.0, ""angle"": -6.655109218286347, ""elevation"": 0.0}, {""range"": 0.7463088265789387, ""doppler"": 0.0, ""angle"": -6.479663654244582, ""elevation"": 0.0}, {""range"": 1.8508591896405413, ""doppler"": 0.0, ""angle"": 41.14166323451081, ""elevation"": 0.0}, {""range"": 1.8800671293237865, ""doppler"": 0.0, ""angle"": 44.71870614703445, ""elevation"": 0.0}, {""range"": 1.9085803097063556, ""doppler"": 0.0, ""angle"": 46.943801117309626, ""elevation"": 0.0}, {""range"": 1.9414947783992509, ""doppler"": 0.0, ""angle"": 45.02611985860029, ""elevation"": 0.0}]",1785098978463.192
8,"[{""range"": 0.6455872738598735, ""doppler"": 0.0, ""angle"": -18.5905207595028, ""elevation"": 0.0}, {""range"": 0.6718427637604242, ""doppler"": 0.0, ""angle"": -19.303000272667553, ""elevation"": 0.0}, {""range"": 0.6325190533470109, ""doppler"": 0.0, ""angle"": -17.369484910984074, ""elevation"": 0.0}, {""range"": 0.716515489682437, ""doppler"": 0.0, ""angle"": -11.326757780754589, ""elevation"": 0.0}, {""range"": 0.7435271102839353, ""doppler"": 0.0, ""angle"": -10.685678837205211, ""elevation"": 0.0}, {""range"": 1.8707027457011194, ""doppler"": 0.0, ""angle"": 45.22848483081294, ""elevation"": 0.0}, {""range"": 1.8963479504943512, ""doppler"": 0.0, ""angle"": 47.08631358618047, ""elevation"": 0.0}, {""range"": 2.022637668060655, ""doppler"": 0.0, ""angle"": 49.039938381756485, ""elevation"": 0.0}]",1785098978463.403
8,"[{""range"": 0.65112645667111, ""doppler"": 0.0, ""angle"": -18.410070066555463, ""elevation"": 0.0}, {""range"": 0.6733699250055734, ""doppler"": 0.0, ""angle"": -18.887223882549836, ""elevation"": 0.0}, {""range"": 0.6376331397053323, ""doppler"": 0.0, ""angle"": -17.967487422141755, ""elevation"": 0.0}, {""range"": 0.7087482418598687, ""doppler"": 0.0, ""angle"": -15.361616311848659, ""elevation"": 0.0}, {""range"": 0.7396605485772386, ""doppler"": 0.0, ""angle"": -11.320798352803864, ""elevation"": 0.0}, {""range"": 0.8373328830114588, ""doppler"": 0.0, ""angle"": 20.64483362934787, ""elevation"": 0.0}, {""range"": 1.8744856291415015, ""doppler"": 0.0, ""angle"": 46.63503175273894, ""elevation"": 0.0}, {""range"": 1.8847083852896798, ""doppler"": 0.0, ""angle"": 47.64549894662889, ""elevation"": 0.0}]",1785098978463.6118
8,"[{""range"": 0.638108968181147, ""doppler"": 0.0, ""angle"": -17.414366207220688, ""elevation"": 0.0}, {""range"": 0.6516409612729338, ""doppler"": 0.0, ""angle"": -16.286618145067788, ""elevation"": 0.0}, {""range"": 0.676425721334648, ""doppler"": 0.0, ""angle"": -14.216245004099775, ""elevation"": 0.0}, {""range"": 0.7149304454917508, ""doppler"": 0.0, ""angle"": -10.359961964149475, ""elevation"": 0.0}, {""range"": 0.7421853019261204, ""doppler"": 0.0, ""angle"": -9.639335579246518, ""elevation"": 0.0}, {""range"": 1.8529161313313136, ""doppler"": 0.0, ""angle"": 41.5573152122209, ""elevation"": 0.0}, {""range"": 1.876271368462791, ""doppler"": 0.0, ""angle"": 42.87976104219863, ""elevation"": 0.0}, {""range"": 1.8989292647996847, ""doppler"": 0.0, ""angle"": 47.59130209087181, ""elevation"": 0.0}]",1785098978463.826
11,"[{""range"": 0.6495122954615444, ""doppler"": 0.0, ""angle"": -13.565675731244262, ""elevation"": 0.0}, {""range"": 0.6879456140244704, ""doppler"": 0.0, ""angle"": -9.364389170309876, ""elevation"": 0.0}, {""range"": 0.723655065649808, ""doppler"": 0.0, ""angle"": -6.740439548224209, ""elevation"": 0.0}, {""range"": 0.7486342363486554, ""doppler"": 0.0, ""angle"": -10.083292794106269, ""elevation"": 0.0}, {""range"": 3.567497283024976, ""doppler"": 0.0, ""angle"": 4.133290956279915, ""elevation"": 0.0}, {""range"": 0.8250010636092493, ""doppler"": 0.0, ""angle"": 28.62037071577349, ""elevation"": 0.0}, {""range"": 0.8472952567115882, ""doppler"": 0.0, ""angle"": 26.05132270238817, ""elevation"": 0.0}, {""range"": 1.8513509908783834, ""doppler"": 0.0, ""angle"": 42.075649612180115, ""elevation"": 0.0}, {""range"": 1.9499419724434044, ""doppler"": 0.0, ""angle"": 41.31937782696955, ""elevation"": 0.0}, {""range"": 1.879698082318796, ""doppler"": 0.0, ""angle"": 44.66083884664779, ""elevation"": 0.0}, {""range"": 1.9080621699720244, ""doppler"": 0.0, ""angle"": 47.993231133025034, ""elevation"": 0.0}]",1785098978464.0388
12,"[{""range"": 0.6439451266033053, ""doppler"": 0.0, ""angle"": -19.19468849418387, ""elevation"": 0.0}, {""range"": 0.6366278830776099, ""doppler"": 0.0, ""angle"": -17.84460637931892, ""elevation"": 0.0}, {""range"": 0.6698993842456413, ""doppler"": 0.0, ""angle"": -16.771023226333618, ""elevation"": 0.0}, {""range"": 0.7313773212681902, ""doppler"": 0.0, ""angle"": -0.504301906467763, ""elevation"": 0.0}, {""range"": 0.7601393808663888, ""doppler"": 0.0, ""angle"": 5.832635833308267, ""elevation"": 0.0}, {""range"": 3.57610062811568, ""doppler"": 0.0, ""angle"": 9.564527495096067, ""elevation"": 0.0}, {""range"": 3.5927324965005782, ""doppler"": 0.0, ""angle"": 8.151879846868924, ""elevation"": 0.0}, {""range"": 0.7934325881334332, ""doppler"": 0.0, ""angle"": 21.89971978786593, ""elevation"": 0.0}, {""range"": 1.8565395546871881, ""doppler"": 0.0, ""angle"": 45.21461916056806, ""elevation"": 0.0}, {""range"": 1.883914434101379, ""doppler"": 0.0, ""angle"": 47.261715320610755, ""elevation"": 0.0}, {""range"": 1.9030714151733552, ""doppler"": 0.0, ""angle"": 49.534760751231396, ""elevation"": 0.0}, {""range"": 1.9348878781804246, ""doppler"": 0.0, ""angle"": 59.47485505587418, ""elevation"": 0.0}]",1785098978464.3281
8,"[{""range"": 0.6380991469194652, ""doppler"": 0.0, ""angle"": -17.465131510206692, ""elevation"": 0.0}, {""range"": 0.6470410566299463, ""doppler"": 0.0, ""angle"": -16.967688269359975, ""elevation"": 0.0}, {""range"": 0.6670633388579262, ""doppler"": 0.0, ""angle"": -16.97287080267802, ""elevation"": 0.0}, {""range"": 0.7169618226665054, ""doppler"": 0.0, ""angle"": -10.373865175761278, ""elevation"": 0.0}, {""range"": 0.7573380425978818, ""doppler"": 0.0, ""angle"": -7.406912128495229, ""elevation"": 0.0}, {""range"": 3.5763007386838988, ""doppler"": 0.0, ""angle"": 10.23284499490075, ""elevation"": 0.0}, {""range"": 1.877528539641613, ""doppler"": 0.0, ""angle"": 45.21221991126055, ""elevation"": 0.0}, {""range"": 1.8932972205477914, ""doppler"": 0.0, ""angle"": 47.63348931329064, ""elevation"": 0.0}]",1785098978464.549
8,"[{""range"": 0.6491756831882841, ""doppler"": 0.0, ""angle"": -16.103647178583458, ""elevation"": 0.0}, {""range"": 0.6769618778344458, ""doppler"": 0.0, ""angle"": -14.81443147087598, ""elevation"": 0.0}, {""range"": 0.7235808095883679, ""doppler"": 0.0, ""angle"": -6.185393602460977, ""elevation"": 0.0}, {""range"": 0.7533478589590433, ""doppler"": 0.0, ""angle"": -1.264872230872341, ""elevation"": 0.0}, {""range"": 3.5705705074539074, ""doppler"": 0.0, ""angle"": 9.39911153678242, ""elevation"": 0.0}, {""range"": 1.8529038620819325, ""doppler"": 0.0, ""angle"": 41.98022565675394, ""elevation"": 0.0}, {""range"": 1.878812269458211, ""doppler"": 0.0, ""angle"": 44.66453490426681, ""elevation"": 0.0}, {""range"": 1.8989975337818803, ""doppler"": 0.0, ""angle"": 48.02281287196968, ""elevation"": 0.0}]",1785098978464.764
11,"[{""range"": 0.660265603803137, ""doppler"": 0.0, ""angle"": -28.008593752532214, ""elevation"": 0.0}, {""range"": 0.6398094005578011, ""doppler"": 0.0, ""angle"": -20.430474872483373, ""elevation"": 0.0}, {""range"": 0.7435509554579345, ""doppler"": 0.0, ""angle"": -6.060212473642428, ""elevation"": 0.0}, {""range"": 0.759558024813777, ""doppler"": 0.0, ""angle"": -8.324673769953902, ""elevation"": 0.0}, {""range"": 3.5753112840536767, ""doppler"": 0.0, ""angle"": 12.548078181785728, ""elevation"": 0.0}, {""range"": 0.8346594111502096, ""doppler"": 0.0, ""angle"": 31.732145499791855, ""elevation"": 0.0}, {""range"": 0.843959717389876, ""doppler"": 0.0, ""angle"": 28.085340567812853, ""elevation"": 0.0}, {""range"": 1.8535311980559275, ""doppler"": 0.0, ""angle"": 45.766087021243415, ""elevation"": 0.0}, {""range"": 1.8813255370783595, ""doppler"": 0.0, ""angle"": 47.11454035891607, ""elevation"": 0.0}, {""range"": 1.9068276366193475, ""doppler"": 0.0, ""angle"": 49.84220378237885, ""elevation"": 0.0}, {""range"": 1.9394815885741952, ""doppler"": 0.0, ""angle"": 56.160492316042394, ""elevation"": 0.0}]",1785098978464.981
11,"[{""range"": 0.6356653279300148, ""doppler"": 0.0, ""angle"": -20.673002168050907, ""elevation"": 0.0}, {""range"": 0.6415979767082947, ""doppler"": 0.0, ""angle"": -20.21776183006448, ""elevation"": 0.0}, {""range"": 0.6523873908936343, ""doppler"": 0.0, ""angle"": -24.984636617959133, ""elevation"": 0.0}, {""range"": 0.7571103820194283, ""doppler"": 0.0, ""angle"": -6.482156950646522, ""elevation"": 0.0}, {""range"": 0.7427103653028287, ""doppler"": 0.0, ""angle"": 1.5589656215091188, ""elevation"": 0.0}, {""range"": 3.573567018048676, ""doppler"": 0.0, ""angle"": 12.724716530981137, ""elevation"": 0.0}, {""range"": 0.828312100638886, ""doppler"": 0.0, ""angle"": 32.633411475866055, ""elevation"": 0.0}, {""range"": 1.852308680041288, ""doppler"": 0.0, ""angle"": 41.885254039396656, ""elevation"": 0.0}, {""range"": 1.9076837640132038, ""doppler"": 0.0, ""angle"": 42.956489072424674, ""elevation"": 0.0}, {""range"": 1.881277481154892, ""doppler"": 0.0, ""angle"": 43.55192779699443, ""elevation"": 0.0}, {""range"": 1.944858164131954, ""doppler"": 0.0, ""angle"": 44.17303122352526, ""elevation"": 0.0}]",1785098978465.191
12,"[{""range"": 0.6691320877636353, ""doppler"": 0.0, ""angle"": -30.052542375214376, ""elevation"": 0.0}, {""range"": 0.6398642456809549, ""doppler"": 0.0, ""angle"": -20.94209670180175, ""elevation"": 0.0}, {""range"": 0.7589889882432288, ""doppler"": 0.0, ""angle"": 2.660178530139953, ""elevation"": 0.0}, {""range"": 0.7772070878044697, ""doppler"": 0.0, ""angle"": 9.80256472428472, ""elevation"": 0.0}, {""range"": 3.5680731933596666, ""doppler"": 0.0, ""angle"": 12.274045205384795, ""elevation"": 0.0}, {""range"": 0.815985899844073, ""doppler"": 0.0, ""angle"": 22.985914727049067, ""elevation"": 0.0}, {""range"": 0.8406067396590008, ""doppler"": 0.0, ""angle"": 25.24588393692646, ""elevation"": 0.0}, {""range"": 1.8538360849864737, ""doppler"": 0.0, ""angle"": 41.1713681793853, ""elevation"": 0.0}, {""range"": 1.8827037989652602, ""doppler"": 0.0, ""angle"": 44.05336652041475, ""elevation"": 0.0}, {""range"": 1.9131139127605128, ""doppler"": 0.0, ""angle"": 45.48471148838609, ""elevation"": 0.0}, {""range"": 1.9498800622160268, ""doppler"": 0.0, ""angle"": 50.234793675802806, ""elevation"": 0.0}, {""range"": 1.9868373433116595, ""doppler"": 0.0, ""angle"": 58.73910187807273, ""elevation"": 0.0}]",1785098978465.447
11,"[{""range"": 0.6591553378155812, ""doppler"": 0.0, ""angle"": -32.47000019340337, ""elevation"": 0.0}, {""range"": 0.6348005733727254, ""doppler"": 0.0, ""angle"": -22.280936121170548, ""elevation"": 0.0}, {""range"": 0.747258211310693, ""doppler"": 0.0, ""angle"": -4.5154271919100735, ""elevation"": 0.0}, {""range"": 0.744905456173557, ""doppler"": 0.0, ""angle"": -3.027245182279991, ""elevation"": 0.0}, {""range"": 3.542980583395195, ""doppler"": 0.0, ""angle"": 8.404508855850553, ""elevation"": 0.0}, {""range"": 3.559684147826199, ""doppler"": 0.0, ""angle"": 6.631650302057917, ""elevation"": 0.0}, {""range"": 0.8055611402835711, ""doppler"": 0.0, ""angle"": 33.49253314561504, ""elevation"": 0.0}, {""range"": 1.8557573809112844, ""doppler"": 0.0, ""angle"": 42.504681686815395, ""elevation"": 0.0}, {""range"": 1.883715185347764, ""doppler"": 0.0, ""angle"": 45.946125175955856, ""elevation"": 0.0}, {""range"": 1.910222995527754, ""doppler"": 0.0, ""angle"": 47.84933744556082, ""elevation"": 0.0}, {""range"": 1.9434472472894413, ""doppler"": 0.0, ""angle"": 50.75399031186311, ""elevation"": 0.0}]",1785098978465.665
10,"[{""range"": 0.6625072434826478, ""doppler"": 0.0, ""angle"": -21.63485245693037, ""elevation"": 0.0}, {""range"": 0.6332027894623273, ""doppler"": 0.0, ""angle"": -14.840741234382527, ""elevation"": 0.0}, {""range"": 0.6373699720369417, ""doppler"": 0.0, ""angle"": -15.607573530831907, ""elevation"": 0.0}, {""range"": 0.7278425654131181, ""doppler"": 0.0, ""angle"": -7.453255278321011, ""elevation"": 0.0}, {""range"": 0.7537957552406727, ""doppler"": 0.0, ""angle"": -6.551824789449976, ""elevation"": 0.0}, {""range"": 3.5597017532405326, ""doppler"": 0.0, ""angle"": 7.565543965062931, ""elevation"": 0.0}, {""range"": 1.8571646295457576, ""doppler"": 0.0, ""angle"": 43.49800300925857, ""elevation"": 0.0}, {""range"": 1.8839293781813091, ""doppler"": 0.0, ""angle"": 45.56528668398505, ""elevation"": 0.0}, {""range"": 1.9087884961108676, ""doppler"": 0.0, ""angle"": 48.18593542680404, ""elevation"": 0.0}, {""range"": 1.9382517419667453, ""doppler"": 0.0, ""angle"": 53.67455181093106, ""elevation"": 0.0}]",1785098978465.874
10,"[{""range"": 0.6364908554405122, ""doppler"": 0.0, ""angle"": -11.423576846337012, ""elevation"": 0.0}, {""range"": 0.6465624302692747, ""doppler"": 0.0, ""angle"": -11.598941656780882, ""elevation"": 0.0}, {""range"": 0.6724579672150258, ""doppler"": 0.0, ""angle"": -10.045930450076769, ""elevation"": 0.0}, {""range"": 0.7158331849757522, ""doppler"": 0.0, ""angle"": -4.096833651310253, ""elevation"": 0.0}, {""range"": 0.7533466917727213, ""doppler"": 0.0, ""angle"": -0.17679628997813715, ""elevation"": 0.0}, {""range"": 0.8151685023816307, ""doppler"": 0.0, ""angle"": 22.914737945786335, ""elevation"": 0.0}, {""range"": 1.855690054047311, ""doppler"": 0.0, ""angle"": 42.84451463823934, ""elevation"": 0.0}, {""range"": 1.8824506636388068, ""doppler"": 0.0, ""angle"": 44.88454654359517, ""elevation"": 0.0}, {""range"": 1.9062447370948297, ""doppler"": 0.0, ""angle"": 48.628014115766746, ""elevation"": 0.0}, {""range"": 1.942838247564208, ""doppler"": 0.0, ""angle"": 58.469191948199324, ""elevation"": 0.0}]",1785098978466.097
9,"[{""range"": 0.6495346447510769, ""doppler"": 0.0, ""angle"": -13.095108636514391, ""elevation"": 0.0}, {""range"": 0.6962556761485266, ""doppler"": 0.0, ""angle"": -7.659793065194105, ""elevation"": 0.0}, {""range"": 0.728754538534904, ""doppler"": 0.0, ""angle"": -4.997143320112674, ""elevation"": 0.0}, {""range"": 0.7447575463783429, ""doppler"": 0.0, ""angle"": -4.861889696002542, ""elevation"": 0.0}, {""range"": 0.7981834221126881, ""doppler"": 0.0, ""angle"": 9.386355544287799, ""elevation"": 0.0}, {""range"": 1.8531631901502785, ""doppler"": 0.0, ""angle"": 41.83187962440623, ""elevation"": 0.0}, {""range"": 1.879285934590596, ""doppler"": 0.0, ""angle"": 44.98072536589124, ""elevation"": 0.0}, {""range"": 1.900301590305939, ""doppler"": 0.0, ""angle"": 47.57798095328026, ""elevation"": 0.0}, {""range"": 1.93729437700612, ""doppler"": 0.0, ""angle"": 57.951452548181855, ""elevation"": 0.0}]",1785098978466.3198
9,"[{""range"": 0.6498863232804523, ""doppler"": 0.0, ""angle"": -16.036344943531596, ""elevation"": 0.0}, {""range"": 0.6810630520772941, ""doppler"": 0.0, ""angle"": -12.324850933188989, ""elevation"": 0.0}, {""range"": 0.7177610479280829, ""doppler"": 0.0, ""angle"": -7.5729486405434, ""elevation"": 0.0}, {""range"": 0.7419261432646688, ""doppler"": 0.0, ""angle"": -7.673120688409906, ""elevation"": 0.0}, {""range"": 0.8009551983344856, ""doppler"": 0.0, ""angle"": 33.38851357611151, ""elevation"": 0.0}, {""range"": 1.8555446834417622, ""doppler"": 0.0, ""angle"": 45.324054445806766, ""elevation"": 0.0}, {""range"": 1.8805726388761859, ""doppler"": 0.0, ""angle"": 48.199061910273805, ""elevation"": 0.0}, {""range"": 1.9023622520343166, ""doppler"": 0.0, ""angle"": 50.855722178352046, ""elevation"": 0.0}, {""range"": 1.938518992032095, ""doppler"": 0.0, ""angle"": 57.44895386331026, ""elevation"": 0.0}]",1785098978466.534
9,"[{""range"": 0.6543050354286032, ""doppler"": 0.0, ""angle"": -11.395915999694912, ""elevation"": 0.0}, {""range"": 0.6996229718136507, ""doppler"": 0.0, ""angle"": -7.6227067632848495, ""elevation"": 0.0}, {""range"": 0.732106634502954, ""doppler"": 0.0, ""angle"": -7.52251159266658, ""elevation"": 0.0}, {""range"": 0.747327697397544, ""doppler"": 0.0, ""angle"": -7.244045842775667, ""elevation"": 0.0}, {""range"": 0.8185660920945044, ""doppler"": 0.0, ""angle"": 32.72845807705032, ""elevation"": 0.0}, {""range"": 1.8545864154022673, ""doppler"": 0.0, ""angle"": 42.81586783281051, ""elevation"": 0.0}, {""range"": 1.8844872650852453, ""doppler"": 0.0, ""angle"": 44.75396488526328, ""elevation"": 0.0}, {""range"": 1.907605396996216, ""doppler"": 0.0, ""angle"": 47.28302071521401, ""elevation"": 0.0}, {""range"": 1.9394244470247586, ""doppler"": 0.0, ""angle"": 54.0662280477586, ""elevation"": 0.0}]",1785098978466.7368
8,"[{""range"": 0.6354707349636177, ""doppler"": 0.0, ""angle"": -16.12477681377283, ""elevation"": 0.0}, {""range"": 0.6465754115397856, ""doppler"": 0.0, ""angle"": -16.50042256068004, ""elevation"": 0.0}, {""range"": 0.6710370457088437, ""doppler"": 0.0, ""angle"": -12.762308494923333, ""elevation"": 0.0}, {""range"": 0.7168170904458814, ""doppler"": 0.0, ""angle"": -8.073505962969172, ""elevation"": 0.0}, {""range"": 0.7503091067104276, ""doppler"": 0.0, ""angle"": -7.821129119927231, ""elevation"": 0.0}, {""range"": 1.8523978961788903, ""doppler"": 0.0, ""angle"": 39.92878915534805, ""elevation"": 0.0}, {""range"": 1.8798374518942988, ""doppler"": 0.0, ""angle"": 42.86064627430338, ""elevation"": 0.0}, {""range"": 1.9052710710838874, ""doppler"": 0.0, ""angle"": 47.990004929766194, ""elevation"": 0.0}]",1785098978466.9531
10,"[{""range"": 0.6495404534713457, ""doppler"": 0.0, ""angle"": -13.776105507362534, ""elevation"": 0.0}, {""range"": 0.6754261272808875, ""doppler"": 0.0, ""angle"": -12.19646169326466, ""elevation"": 0.0}, {""range"": 0.7156740842707123, ""doppler"": 0.0, ""angle"": -9.186965683355798, ""elevation"": 0.0}, {""range"": 0.7751176709556621, ""doppler"": 0.0, ""angle"": 8.690891423377227, ""elevation"": 0.0}, {""range"": 0.82238309129271, ""doppler"": 0.0, ""angle"": 24.319199451829935, ""elevation"": 0.0}, {""range"": 0.8470610659540261, ""doppler"": 0.0, ""angle"": 27.809239832308798, ""elevation"": 0.0}, {""range"": 1.8519886938956236, ""doppler"": 0.0, ""angle"": 44.77702990742875, ""elevation"": 0.0}, {""range"": 1.8821308583838832, ""doppler"": 0.0, ""angle"": 46.936465873097326, ""elevation"": 0.0}, {""range"": 1.9072998346106462, ""doppler"": 0.0, ""angle"": 49.69235399576492, ""elevation"": 0.0}, {""range"": 1.942602486601597, ""doppler"": 0.0, ""angle"": 57.73186576158512, ""elevation"": 0.0}]",1785098978467.162
8,"[{""range"": 0.6376482333177059, ""doppler"": 0.0, ""angle"": -14.967641676697182, ""elevation"": 0.0}, {""range"": 0.6538910922756542, ""doppler"": 0.0, ""angle"": -15.073725274085325, ""elevation"": 0.0}, {""range"": 0.6802528846896081, ""doppler"": 0.0, ""angle"": -13.04993138799393, ""elevation"": 0.0}, {""range"": 0.718890483990672, ""doppler"": 0.0, ""angle"": -8.611805265694503, ""elevation"": 0.0}, {""range"": 0.7440258505365133, ""doppler"": 0.0, ""angle"": -8.792226685801083, ""elevation"": 0.0}, {""range"": 0.8169982242291047, ""doppler"": 0.0, ""angle"": 28.76958917947481, ""elevation"": 0.0}, {""range"": 1.8788984828142408, ""doppler"": 0.0, ""angle"": 43.52309504726664, ""elevation"": 0.0}, {""range"": 1.9017331432981395, ""doppler"": 0.0, ""angle"": 48.52975979196716, ""elevation"": 0.0}]",1785098978467.363
10,"[{""range"": 0.6331644868302515, ""doppler"": 0.0, ""angle"": -16.50551059558883, ""elevation"": 0.0}, {""range"": 0.6422694093316306, ""doppler"": 0.0, ""angle"": -15.088630812736247, ""elevation"": 0.0}, {""range"": 0.6596550978764001, ""doppler"": 0.0, ""angle"": -10.859129689003323, ""elevation"": 0.0}, {""range"": 0.7594623764745678, ""doppler"": 0.0, ""angle"": -5.309235269992001, ""elevation"": 0.0}, {""range"": 1.1529933716680367, ""doppler"": 0.0, ""angle"": -4.162220448294042, ""elevation"": 0.0}, {""range"": 0.7165146641215429, ""doppler"": 0.0, ""angle"": -0.25737886053992576, ""elevation"": 0.0}, {""range"": 0.8194875811707021, ""doppler"": 0.0, ""angle"": 27.230406039372745, ""elevation"": 0.0}, {""range"": 1.8527454416918305, ""doppler"": 0.0, ""angle"": 41.92514760688421, ""elevation"": 0.0}, {""range"": 1.883046982120056, ""doppler"": 0.0, ""angle"": 46.10037462888881, ""elevation"": 0.0}, {""range"": 1.9068979284006458, ""doppler"": 0.0, ""angle"": 50.91812947758324, ""elevation"": 0.0}]",1785098978467.5698
11,"[{""range"": 0.6418532835502211, ""doppler"": 0.0, ""angle"": -18.5005681347017, ""elevation"": 0.0}, {""range"": 1.1541563086847422, ""doppler"": 0.0, ""angle"": -5.6637792623635805, ""elevation"": 0.0}, {""range"": 0.7102552722306408, ""doppler"": 0.0, ""angle"": -2.582912321756712, ""elevation"": 0.0}, {""range"": 0.7396050410881724, ""doppler"": 0.0, ""angle"": -1.8565426336437756, ""elevation"": 0.0}, {""range"": 0.7539345549967225, ""doppler"": 0.0, ""angle"": -1.4270018675146865, ""elevation"": 0.0}, {""range"": 0.814204426306196, ""doppler"": 0.0, ""angle"": 15.058674277629546, ""elevation"": 0.0}, {""range"": 3.570477231059938, ""doppler"": 0.0, ""angle"": 15.937907080947417, ""elevation"": 0.0}, {""range"": 0.8650350059470077, ""doppler"": 0.0, ""angle"": 24.6154897137425, ""elevation"": 0.0}, {""range"": 1.8845831780784155, ""doppler"": 0.0, ""angle"": 43.53139635372467, ""elevation"": 0.0}, {""range"": 1.9094170385645184, ""doppler"": 0.0, ""angle"": 47.01128338848682, ""elevation"": 0.0}, {""range"": 1.9426202464083857, ""doppler"": 0.0, ""angle"": 55.053345989703686, ""elevation"": 0.0}]",1785098978467.779
9,"[{""range"": 0.6596626593754819, ""doppler"": 0.0, ""angle"": -16.941725249275752, ""elevation"": 0.0}, {""range"": 0.697740701582186, ""doppler"": 0.0, ""angle"": -12.672146399862362, ""elevation"": 0.0}, {""range"": 0.7339713464836886, ""doppler"": 0.0, ""angle"": -5.466138554425668, ""elevation"": 0.0}, {""range"": 0.7481479493159602, ""doppler"": 0.0, ""angle"": -6.133010190726564, ""elevation"": 0.0}, {""range"": 0.8620573781359032, ""doppler"": 0.0, ""angle"": 25.454147733499262, ""elevation"": 0.0}, {""range"": 0.8295120016308968, ""doppler"": 0.0, ""angle"": 26.736280703454277, ""elevation"": 0.0}, {""range"": 1.879767611057781, ""doppler"": 0.0, ""angle"": 41.896061116939876, ""elevation"": 0.0}, {""range"": 1.9067276189540174, ""doppler"": 0.0, ""angle"": 47.09015915371069, ""elevation"": 0.0}, {""range"": 1.945927472075164, ""doppler"": 0.0, ""angle"": 61.50383256434881, ""elevation"": 0.0}]",1785098978467.978
13,"[{""range"": 0.6652903573954755, ""doppler"": 0.0, ""angle"": -25.965874460689253, ""elevation"": 0.0}, {""range"": 0.6399466919182548, ""doppler"": 0.0, ""angle"": -15.360428802909757, ""elevation"": 0.0}, {""range"": 0.7703706072049498, ""doppler"": 0.0, ""angle"": 0.5851733153991477, ""elevation"": 0.0}, {""range"": 0.7475695647055423, ""doppler"": 0.0, ""angle"": 9.19420785510447, ""elevation"": 0.0}, {""range"": 3.578940347288038, ""doppler"": 0.0, ""angle"": 8.403371090560826, ""elevation"": 0.0}, {""range"": 0.830806351565327, ""doppler"": 0.0, ""angle"": 29.34566199933607, ""elevation"": 0.0}, {""range"": 0.8848410557143972, ""doppler"": 0.0, ""angle"": 33.1923026923883, ""elevation"": 0.0}, {""range"": 0.9099551405860872, ""doppler"": 0.0, ""angle"": 31.991061650429817, ""elevation"": 0.0}, {""range"": 1.8833650359484846, ""doppler"": 0.0, ""angle"": 48.65287618719055, ""elevation"": 0.0}, {""range"": 1.910034601873291, ""doppler"": 0.0, ""angle"": 51.46919834182516, ""elevation"": 0.0}, {""range"": 2.010150226090482, ""doppler"": 0.0, ""angle"": 48.21281559665359, ""elevation"": 0.0}, {""range"": 2.0422694449524275, ""doppler"": 0.0, ""angle"": 49.77306843949158, ""elevation"": 0.0}, {""range"": 1.9559044626382096, ""doppler"": 0.0, ""angle"": 54.51834288984878, ""elevation"": 0.0}]",1785098978468.172
13,"[{""range"": 0.6141674282561909, ""doppler"": 0.0, ""angle"": -26.19203704928003, ""elevation"": 0.0}, {""range"": 0.6352222505288972, ""doppler"": 0.0, ""angle"": -22.876683703155056, ""elevation"": 0.0}, {""range"": 0.691306903904032, ""doppler"": 0.0, ""angle"": -11.08032042357434, ""elevation"": 0.0}, {""range"": 0.7337923000928426, ""doppler"": 0.0, ""angle"": -9.86401273072246, ""elevation"": 0.0}, {""range"": 0.747886367773369, ""doppler"": 0.0, ""angle"": -9.342960865263517, ""elevation"": 0.0}, {""range"": 3.581980630080119, ""doppler"": 0.0, ""angle"": 8.838799905181467, ""elevation"": 0.0}, {""range"": 0.9309330602535472, ""doppler"": 0.0, ""angle"": 33.54660708116725, ""elevation"": 0.0}, {""range"": 0.9464041977104161, ""doppler"": 0.0, ""angle"": 32.02948068858319, ""elevation"": 0.0}, {""range"": 0.8354476545959458, ""doppler"": 0.0, ""angle"": 38.351460498863624, ""elevation"": 0.0}, {""range"": 0.8872875350505, ""doppler"": 0.0, ""angle"": 39.75086993892014, ""elevation"": 0.0}, {""range"": 1.849692245263899, ""doppler"": 0.0, ""angle"": 36.73474805213161, ""elevation"": 0.0}, {""range"": 1.876385824008181, ""doppler"": 0.0, ""angle"": 40.19916533850766, ""elevation"": 0.0}, {""range"": 1.8959959939371853, ""doppler"": 0.0, ""angle"": 42.99741346092215, ""elevation"": 0.0}]",1785098978468.3708
11,"[{""range"": 0.5879181358270479, ""doppler"": 0.0, ""angle"": -33.11007269785007, ""elevation"": 0.0}, {""range"": 0.6098482195729156, ""doppler"": 0.0, ""angle"": -26.204421607357105, ""elevation"": 0.0}, {""range"": 0.6352498339509619, ""doppler"": 0.0, ""angle"": -20.3427419818787, ""elevation"": 0.0}, {""range"": 0.6682259739141435, ""doppler"": 0.0, ""angle"": -17.552500673851277, ""elevation"": 0.0}, {""range"": 0.7113935235230606, ""doppler"": 0.0, ""angle"": -12.43976883668369, ""elevation"": 0.0}, {""range"": 0.7532644111907247, ""doppler"": 0.0, ""angle"": -5.380369554081616, ""elevation"": 0.0}, {""range"": 0.798792126743177, ""doppler"": 0.0, ""angle"": 22.77081692198394, ""elevation"": 0.0}, {""range"": 1.8458635486804638, ""doppler"": 0.0, ""angle"": 41.536281845875244, ""elevation"": 0.0}, {""range"": 1.8811169629230418, ""doppler"": 0.0, ""angle"": 45.80877349660041, ""elevation"": 0.0}, {""range"": 1.9074934852253922, ""doppler"": 0.0, ""angle"": 46.876508440904615, ""elevation"": 0.0}, {""range"": 1.9354270783996523, ""doppler"": 0.0, ""angle"": 48.52823572465674, ""elevation"": 0.0}]",1785098978468.572
7,"[{""range"": 0.5000240328992676, ""doppler"": 0.0, ""angle"": -35.55435085143274, ""elevation"": 0.0}, {""range"": 0.7041960631719034, ""doppler"": 0.0, ""angle"": -10.830576579013263, ""elevation"": 0.0}, {""range"": 0.7422209725141397, ""doppler"": 0.0, ""angle"": -5.308153013753812, ""elevation"": 0.0}, {""range"": 0.7574571132986674, ""doppler"": 0.0, ""angle"": -3.9391372658513077, ""elevation"": 0.0}, {""range"": 1.881386754552943, ""doppler"": 0.0, ""angle"": 41.98356958003361, ""elevation"": 0.0}, {""range"": 1.906200899011472, ""doppler"": 0.0, ""angle"": 46.96524195299433, ""elevation"": 0.0}, {""range"": 1.9496530658294622, ""doppler"": 0.0, ""angle"": 58.05477508236202, ""elevation"": 0.0}]",1785098978468.763
12,"[{""range"": 0.6168599213591119, ""doppler"": 0.0, ""angle"": -21.44055910310267, ""elevation"": 0.0}, {""range"": 0.6341323002962882, ""doppler"": 0.0, ""angle"": -18.956083863906688, ""elevation"": 0.0}, {""range"": 0.6768782007570219, ""doppler"": 0.0, ""angle"": -12.821038441190263, ""elevation"": 0.0}, {""range"": 0.7288790244521828, ""doppler"": 0.0, ""angle"": -4.051566995417209, ""elevation"": 0.0}, {""range"": 0.7544576714644731, ""doppler"": 0.0, ""angle"": -1.3852609623824137, ""elevation"": 0.0}, {""range"": 3.567060485780507, ""doppler"": 0.0, ""angle"": 9.653085506428615, ""elevation"": 0.0}, {""range"": 0.8137568326523386, ""doppler"": 0.0, ""angle"": 18.247825477585035, ""elevation"": 0.0}, {""range"": 0.8682817445268857, ""doppler"": 0.0, ""angle"": 31.775245751800867, ""elevation"": 0.0}, {""range"": 1.8527810788318453, ""doppler"": 0.0, ""angle"": 40.200639777508584, ""elevation"": 0.0}, {""range"": 1.8830297726578324, ""doppler"": 0.0, ""angle"": 44.157419167988344, ""elevation"": 0.0}, {""range"": 1.910474359004992, ""doppler"": 0.0, ""angle"": 48.27427374250435, ""elevation"": 0.0}, {""range"": 1.9472104527076666, ""doppler"": 0.0, ""angle"": 58.27013145565429, ""elevation"": 0.0}]",1785098978469.0051
8,"[{""range"": 0.6593801106331402, ""doppler"": 0.0, ""angle"": -25.904910704257887, ""elevation"": 0.0}, {""range"": 0.6234974201747727, ""doppler"": 0.0, ""angle"": -17.52556837372287, ""elevation"": 0.0}, {""range"": 0.6231864432771287, ""doppler"": 0.0, ""angle"": -17.70709241344964, ""elevation"": 0.0}, {""range"": 0.7566001086588314, ""doppler"": 0.0, ""angle"": 2.844823611328517, ""elevation"": 0.0}, {""range"": 0.7599423911531183, ""doppler"": 0.0, ""angle"": 3.912721406820504, ""elevation"": 0.0}, {""range"": 1.8797337953219853, ""doppler"": 0.0, ""angle"": 40.61370938066704, ""elevation"": 0.0}, {""range"": 1.909572515564055, ""doppler"": 0.0, ""angle"": 43.5961586949676, ""elevation"": 0.0}, {""range"": 1.9450300583093245, ""doppler"": 0.0, ""angle"": 56.35229911526673, ""elevation"": 0.0}]",1785098978469.208
8,"[{""range"": 0.6181498396519566, ""doppler"": 0.0, ""angle"": -15.451361249998435, ""elevation"": 0.0}, {""range"": 0.7555244440248048, ""doppler"": 0.0, ""angle"": 0.5559889289504902, ""elevation"": 0.0}, {""range"": 0.757848916061138, ""doppler"": 0.0, ""angle"": 0.5542835480084868, ""elevation"": 0.0}, {""range"": 0.7230510749635184, ""doppler"": 0.0, ""angle"": 6.574906593268705, ""elevation"": 0.0}, {""range"": 0.7870609425920425, ""doppler"": 0.0, ""angle"": 3.7777075618650473, ""elevation"": 0.0}, {""range"": 0.8732631815666516, ""doppler"": 0.0, ""angle"": 35.21308246618372, ""elevation"": 0.0}, {""range"": 1.88055486268575, ""doppler"": 0.0, ""angle"": 45.127126848732345, ""elevation"": 0.0}, {""range"": 1.901465708846604, ""doppler"": 0.0, ""angle"": 48.644780131042026, ""elevation"": 0.0}]",1785098978469.4167
10,"[{""range"": 0.5973348996670419, ""doppler"": 0.0, ""angle"": -19.95379922035722, ""elevation"": 0.0}, {""range"": 0.6238492461498779, ""doppler"": 0.0, ""angle"": -17.188455842164743, ""elevation"": 0.0}, {""range"": 0.7475785252114434, ""doppler"": 0.0, ""angle"": -5.132390970706114, ""elevation"": 0.0}, {""range"": 0.7533426808823034, ""doppler"": 0.0, ""angle"": -5.58474290307879, ""elevation"": 0.0}, {""range"": 0.7094991039466554, ""doppler"": 0.0, ""angle"": -1.1552914412416784, ""elevation"": 0.0}, {""range"": 0.8917509708512805, ""doppler"": 0.0, ""angle"": 33.65820290576623, ""elevation"": 0.0}, {""range"": 0.9073221486241932, ""doppler"": 0.0, ""angle"": 31.895265904086198, ""elevation"": 0.0}, {""range"": 1.8814964974407238, ""doppler"": 0.0, ""angle"": 45.462052721430766, ""elevation"": 0.0}, {""range"": 1.904600567500619, ""doppler"": 0.0, ""angle"": 50.84116929010723, ""elevation"": 0.0}, {""range"": 1.9531989778075216, ""doppler"": 0.0, ""angle"": 64.43900612322787, ""elevation"": 0.0}]",1785098978469.606
10,"[{""range"": 0.6032088174323414, ""doppler"": 0.0, ""angle"": -22.703481659983435, ""elevation"": 0.0}, {""range"": 0.6221237703711008, ""doppler"": 0.0, ""angle"": -20.633143712392798, ""elevation"": 0.0}, {""range"": 0.7391942253318556, ""doppler"": 0.0, ""angle"": -5.329950866727009, ""elevation"": 0.0}, {""range"": 0.7487036801414065, ""doppler"": 0.0, ""angle"": -5.4682254975320514, ""elevation"": 0.0}, {""range"": 0.7124088074829806, ""doppler"": 0.0, ""angle"": -3.165471075399374, ""elevation"": 0.0}, {""range"": 0.8801487957300087, ""doppler"": 0.0, ""angle"": 27.72601175156267, ""elevation"": 0.0}, {""range"": 0.9064802165167902, ""doppler"": 0.0, ""angle"": 27.121058050255566, ""elevation"": 0.0}, {""range"": 1.8545693038990911, ""doppler"": 0.0, ""angle"": 40.79303885121382, ""elevation"": 0.0}, {""range"": 1.8779542088204748, ""doppler"": 0.0, ""angle"": 43.44517202683474, ""elevation"": 0.0}, {""range"": 1.8977342232445182, ""doppler"": 0.0, ""angle"": 46.60735818740516, ""elevation"": 0.0}]",1785098978469.801
11,"[{""range"": 0.6314606424664245, ""doppler"": 0.0, ""angle"": -17.059785771262572, ""elevation"": 0.0}, {""range"": 0.64772938181012, ""doppler"": 0.0, ""angle"": -15.712920273724022, ""elevation"": 0.0}, {""range"": 0.6883664144779891, ""doppler"": 0.0, ""angle"": -10.431312319469315, ""elevation"": 0.0}, {""range"": 0.7303924983279797, ""doppler"": 0.0, ""angle"": -3.2700878018148667, ""elevation"": 0.0}, {""range"": 0.7481120484491967, ""doppler"": 0.0, ""angle"": -2.424712475340342, ""elevation"": 0.0}, {""range"": 0.7849962062277394, ""doppler"": 0.0, ""angle"": 6.119674779113876, ""elevation"": 0.0}, {""range"": 0.8690934287149227, ""doppler"": 0.0, ""angle"": 31.839189425835933, ""elevation"": 0.0}, {""range"": 1.8504019211276304, ""doppler"": 0.0, ""angle"": 39.82896522528418, ""elevation"": 0.0}, {""range"": 1.8788490288936324, ""doppler"": 0.0, ""angle"": 43.29933226814451, ""elevation"": 0.0}, {""range"": 1.9024912723277003, ""doppler"": 0.0, ""angle"": 48.650443975762215, ""elevation"": 0.0}, {""range"": 1.950753600900485, ""doppler"": 0.0, ""angle"": 63.996308767851225, ""elevation"": 0.0}]",1785098978469.998
8,"[{""range"": 0.6263200994615332, ""doppler"": 0.0, ""angle"": -21.13616311255811, ""elevation"": 0.0}, {""range"": 0.6423086375365208, ""doppler"": 0.0, ""angle"": -18.621579366487577, ""elevation"": 0.0}, {""range"": 0.6782628205433205, ""doppler"": 0.0, ""angle"": -13.25954816080863, ""elevation"": 0.0}, {""range"": 0.7234822389686341, ""doppler"": 0.0, ""angle"": -6.499702483716166, ""elevation"": 0.0}, {""range"": 0.747688288039298, ""doppler"": 0.0, ""angle"": -5.93011089880905, ""elevation"": 0.0}, {""range"": 1.878726358491572, ""doppler"": 0.0, ""angle"": 43.43038117959732, ""elevation"": 0.0}, {""range"": 1.880243076181045, ""doppler"": 0.0, ""angle"": 43.431647645445395, ""elevation"": 0.0}, {""range"": 1.8932983605024096, ""doppler"": 0.0, ""angle"": 45.600755208229955, ""elevation"": 0.0}]",1785098978470.191
10,"[{""range"": 0.6436050064886406, ""doppler"": 0.0, ""angle"": -14.79298716912153, ""elevation"": 0.0}, {""range"": 0.6746879357490719, ""doppler"": 0.0, ""angle"": -9.349982581249906, ""elevation"": 0.0}, {""range"": 0.728642801171003, ""doppler"": 0.0, ""angle"": 1.181188913326638, ""elevation"": 0.0}, {""range"": 0.7607189476184935, ""doppler"": 0.0, ""angle"": 0.6195352935873868, ""elevation"": 0.0}, {""range"": 0.8173297797963452, ""doppler"": 0.0, ""angle"": 13.899434321261134, ""elevation"": 0.0}, {""range"": 0.8878493408865991, ""doppler"": 0.0, ""angle"": 29.0635705746711, ""elevation"": 0.0}, {""range"": 0.9050314482312333, ""doppler"": 0.0, ""angle"": 29.249221419910274, ""elevation"": 0.0}, {""range"": 1.899408527027176, ""doppler"": 0.0, ""angle"": 42.69567021496783, ""elevation"": 0.0}, {""range"": 1.8573280097458402, ""doppler"": 0.0, ""angle"": 43.60738405516934, ""elevation"": 0.0}, {""range"": 1.8816937976091461, ""doppler"": 0.0, ""angle"": 43.841072815220954, ""elevation"": 0.0}]",1785098978470.4011
8,"[{""range"": 0.6488093279404169, ""doppler"": 0.0, ""angle"": -23.038934898845632, ""elevation"": 0.0}, {""range"": 0.6236788051618354, ""doppler"": 0.0, ""angle"": -16.04467960347875, ""elevation"": 0.0}, {""range"": 0.625970249647747, ""doppler"": 0.0, ""angle"": -16.871689147968524, ""elevation"": 0.0}, {""range"": 0.748556478135614, ""doppler"": 0.0, ""angle"": -0.6022268177756043, ""elevation"": 0.0}, {""range"": 0.7541938480342646, ""doppler"": 0.0, ""angle"": -2.4187445796586626, ""elevation"": 0.0}, {""range"": 1.853687576273854, ""doppler"": 0.0, ""angle"": 42.93213390228515, ""elevation"": 0.0}, {""range"": 1.8804938561746987, ""doppler"": 0.0, ""angle"": 45.828305723104016, ""elevation"": 0.0}, {""range"": 1.896710765645291, ""doppler"": 0.0, ""angle"": 46.72668079353235, ""elevation"": 0.0}]",1785098978470.5989
7,"[{""range"": 0.6321062461650689, ""doppler"": 0.0, ""angle"": -15.40438165403505, ""elevation"": 0.0}, {""range"": 0.6380988462662128, ""doppler"": 0.0, ""angle"": -15.056562098465907, ""elevation"": 0.0}, {""range"": 0.6656956272661342, ""doppler"": 0.0, ""angle"": -17.831447810937966, ""elevation"": 0.0}, {""range"": 0.7532825574100781, ""doppler"": 0.0, ""angle"": -3.6747485646981373, ""elevation"": 0.0}, {""range"": 0.7377251834588976, ""doppler"": 0.0, ""angle"": -3.001108788586197, ""elevation"": 0.0}, {""range"": 1.8953093202751579, ""doppler"": 0.0, ""angle"": 42.83221816369677, ""elevation"": 0.0}, {""range"": 1.879625676141138, ""doppler"": 0.0, ""angle"": 44.4488366134479, ""elevation"": 0.0}]",1785098978470.797
8,"[{""range"": 0.6553899776089033, ""doppler"": 0.0, ""angle"": -15.784350585668284, ""elevation"": 0.0}, {""range"": 0.7038854432740433, ""doppler"": 0.0, ""angle"": -10.050981349666115, ""elevation"": 0.0}, {""range"": 0.7358816504023162, ""doppler"": 0.0, ""angle"": -3.650153433473443, ""elevation"": 0.0}, {""range"": 0.7506360203917967, ""doppler"": 0.0, ""angle"": -2.4575381481771092, ""elevation"": 0.0}, {""range"": 0.780550986532365, ""doppler"": 0.0, ""angle"": -2.1793929132714283, ""elevation"": 0.0}, {""range"": 1.8797606795619073, ""doppler"": 0.0, ""angle"": 46.449240919107105, ""elevation"": 0.0}, {""range"": 1.9003392716987109, ""doppler"": 0.0, ""angle"": 53.536609175100466, ""elevation"": 0.0}, {""range"": 2.020040890115683, ""doppler"": 0.0, ""angle"": 48.63897273650368, ""elevation"": 0.0}]",1785098978470.987
9,"[{""range"": 0.6208191385522606, ""doppler"": 0.0, ""angle"": -18.31491958519382, ""elevation"": 0.0}, {""range"": 0.6397562250340018, ""doppler"": 0.0, ""angle"": -16.58113407488057, ""elevation"": 0.0}, {""range"": 0.6729275832298767, ""doppler"": 0.0, ""angle"": -11.169597060393775, ""elevation"": 0.0}, {""range"": 0.7313496034708237, ""doppler"": 0.0, ""angle"": -1.7934110835296593, ""elevation"": 0.0}, {""range"": 0.7540637886326039, ""doppler"": 0.0, ""angle"": -0.21738868229681657, ""elevation"": 0.0}, {""range"": 1.8825868826646104, ""doppler"": 0.0, ""angle"": 43.22956123457596, ""elevation"": 0.0}, {""range"": 1.9105068942489014, ""doppler"": 0.0, ""angle"": 44.36673469104135, ""elevation"": 0.0}, {""range"": 1.9495097240542998, ""doppler"": 0.0, ""angle"": 49.199198398005066, ""elevation"": 0.0}, {""range"": 2.0010538419524506, ""doppler"": 0.0, ""angle"": 54.389710056712275, ""elevation"": 0.0}]",1785098978471.183
8,"[{""range"": 0.5738633669599716, ""doppler"": 0.0, ""angle"": -26.18180753144324, ""elevation"": 0.0}, {""range"": 0.6073634482416046, ""doppler"": 0.0, ""angle"": -18.237580285842366, ""elevation"": 0.0}, {""range"": 0.6383001269747284, ""doppler"": 0.0, ""angle"": -15.367739254849617, ""elevation"": 0.0}, {""range"": 0.6918563459807521, ""doppler"": 0.0, ""angle"": -9.325990888822991, ""elevation"": 0.0}, {""range"": 0.7384059658841898, ""doppler"": 0.0, ""angle"": -0.8602740084852575, ""elevation"": 0.0}, {""range"": 0.7546660708268903, ""doppler"": 0.0, ""angle"": 0.7874279592146053, ""elevation"": 0.0}, {""range"": 1.8795940012825567, ""doppler"": 0.0, ""angle"": 42.474619222835074, ""elevation"": 0.0}, {""range"": 1.9048136623768679, ""doppler"": 0.0, ""angle"": 45.90901827918259, ""elevation"": 0.0}]",1785098978471.377
9,"[{""range"": 0.6374835883307558, ""doppler"": 0.0, ""angle"": -16.960937269615254, ""elevation"": 0.0}, {""range"": 0.6487484375495578, ""doppler"": 0.0, ""angle"": -17.136400264462377, ""elevation"": 0.0}, {""range"": 0.6868862125083275, ""doppler"": 0.0, ""angle"": -15.367622258139072, ""elevation"": 0.0}, {""range"": 0.7330012631706424, ""doppler"": 0.0, ""angle"": -6.963786253286712, ""elevation"": 0.0}, {""range"": 0.7469711276286543, ""doppler"": 0.0, ""angle"": -7.565639733571091, ""elevation"": 0.0}, {""range"": 0.9428519469023254, ""doppler"": 0.0, ""angle"": 30.397228125614905, ""elevation"": 0.0}, {""range"": 1.8470778341181533, ""doppler"": 0.0, ""angle"": 36.94089609712904, ""elevation"": 0.0}, {""range"": 1.8716793526689353, ""doppler"": 0.0, ""angle"": 43.25796461891516, ""elevation"": 0.0}, {""range"": 1.8889850195151168, ""doppler"": 0.0, ""angle"": 45.86677321864401, ""elevation"": 0.0}]",1785098978471.5679
8,"[{""range"": 0.6498212529902824, ""doppler"": 0.0, ""angle"": -17.38788405092295, ""elevation"": 0.0}, {""range"": 0.6937214198249518, ""doppler"": 0.0, ""angle"": -12.126733042959925, ""elevation"": 0.0}, {""range"": 0.7521036091983392, ""doppler"": 0.0, ""angle"": -11.81218607104188, ""elevation"": 0.0}, {""range"": 0.7356784260935592, ""doppler"": 0.0, ""angle"": -8.780043785464347, ""elevation"": 0.0}, {""range"": 3.5772586135624262, ""doppler"": 0.0, ""angle"": 10.349419065758633, ""elevation"": 0.0}, {""range"": 3.5955381464899157, ""doppler"": 0.0, ""angle"": 9.821622391389218, ""elevation"": 0.0}, {""range"": 1.8793310470259883, ""doppler"": 0.0, ""angle"": 42.57072667650004, ""elevation"": 0.0}, {""range"": 1.8999049186582462, ""doppler"": 0.0, ""angle"": 43.2418893446904, ""elevation"": 0.0}]",1785098978471.772
7,"[{""range"": 0.628396078435944, ""doppler"": 0.0, ""angle"": -20.157223420550682, ""elevation"": 0.0}, {""range"": 0.6685633966949636, ""doppler"": 0.0, ""angle"": -24.50863555855291, ""elevation"": 0.0}, {""range"": 0.7468041677779869, ""doppler"": 0.0, ""angle"": -4.050429420873675, ""elevation"": 0.0}, {""range"": 0.7556152167566035, ""doppler"": 0.0, ""angle"": -4.94155034705794, ""elevation"": 0.0}, {""range"": 1.855937872052751, ""doppler"": 0.0, ""angle"": 38.60463245013117, ""elevation"": 0.0}, {""range"": 1.880989935770263, ""doppler"": 0.0, ""angle"": 40.373251769937085, ""elevation"": 0.0}, {""range"": 1.9052238624908966, ""doppler"": 0.0, ""angle"": 39.08812028303961, ""elevation"": 0.0}]",1785098978471.966
8,"[{""range"": 1.5674977678000506, ""doppler"": 0.0, ""angle"": -22.1351840304728, ""elevation"": 0.0}, {""range"": 0.6489761004016417, ""doppler"": 0.0, ""angle"": -16.43764910637275, ""elevation"": 0.0}, {""range"": 0.6853740298907385, ""doppler"": 0.0, ""angle"": -9.066659779091255, ""elevation"": 0.0}, {""range"": 0.721364245018115, ""doppler"": 0.0, ""angle"": -2.89857679928171, ""elevation"": 0.0}, {""range"": 0.7415716544762946, ""doppler"": 0.0, ""angle"": -2.861025386274017, ""elevation"": 0.0}, {""range"": 1.8501010827042483, ""doppler"": 0.0, ""angle"": 38.70650970931299, ""elevation"": 0.0}, {""range"": 1.8779294610763626, ""doppler"": 0.0, ""angle"": 44.65280386219192, ""elevation"": 0.0}, {""range"": 1.8982317349048816, ""doppler"": 0.0, ""angle"": 54.26468426888927, ""elevation"": 0.0}]",1785098978472.162
8,"[{""range"": 0.6512679657037311, ""doppler"": 0.0, ""angle"": -16.509389091422097, ""elevation"": 0.0}, {""range"": 0.6764577457804825, ""doppler"": 0.0, ""angle"": -11.805974576564536, ""elevation"": 0.0}, {""range"": 1.5997554631525666, ""doppler"": 0.0, ""angle"": -16.43363290664283, ""elevation"": 0.0}, {""range"": 0.723623848543409, ""doppler"": 0.0, ""angle"": -2.7902879657978374, ""elevation"": 0.0}, {""range"": 0.7518208849790367, ""doppler"": 0.0, ""angle"": 0.8721804586681663, ""elevation"": 0.0}, {""range"": 0.7959867690587586, ""doppler"": 0.0, ""angle"": 5.3622325332683225, ""elevation"": 0.0}, {""range"": 1.881204489889499, ""doppler"": 0.0, ""angle"": 48.82688305418741, ""elevation"": 0.0}, {""range"": 1.9034826038632342, ""doppler"": 0.0, ""angle"": 54.35845760988633, ""elevation"": 0.0}]",1785098978472.354
7,"[{""range"": 0.6465513527123409, ""doppler"": 0.0, ""angle"": -15.692906921679086, ""elevation"": 0.0}, {""range"": 0.6608110011310828, ""doppler"": 0.0, ""angle"": -13.919674148885562, ""elevation"": 0.0}, {""range"": 0.6993114865717794, ""doppler"": 0.0, ""angle"": -4.45825851576186, ""elevation"": 0.0}, {""range"": 0.7685790251760819, ""doppler"": 0.0, ""angle"": 19.446689647865934, ""elevation"": 0.0}, {""range"": 1.8831411941340706, ""doppler"": 0.0, ""angle"": 48.0059128518087, ""elevation"": 0.0}, {""range"": 1.908268603286586, ""doppler"": 0.0, ""angle"": 52.266752210687805, ""elevation"": 0.0}, {""range"": 1.952785355142107, ""doppler"": 0.0, ""angle"": 63.04076646115482, ""elevation"": 0.0}]",1785098978472.5498
6,"[{""range"": 0.6506135110027191, ""doppler"": 0.0, ""angle"": -21.254582279871382, ""elevation"": 0.0}, {""range"": 0.640868541917351, ""doppler"": 0.0, ""angle"": -16.634932359256073, ""elevation"": 0.0}, {""range"": 0.7617329626334591, ""doppler"": 0.0, ""angle"": -8.327922465441489, ""elevation"": 0.0}, {""range"": 0.7315425788555046, ""doppler"": 0.0, ""angle"": -0.3641335152746, ""elevation"": 0.0}, {""range"": 1.883998496191236, ""doppler"": 0.0, ""angle"": 45.346077680854, ""elevation"": 0.0}, {""range"": 1.905040865692909, ""doppler"": 0.0, ""angle"": 49.74753557268311, ""elevation"": 0.0}]",1785098978472.7427
8,"[{""range"": 0.6590202772167947, ""doppler"": 0.0, ""angle"": -26.370381154855714, ""elevation"": 0.0}, {""range"": 0.6228196116902966, ""doppler"": 0.0, ""angle"": -20.80248544107968, ""elevation"": 0.0}, {""range"": 0.6312805563986245, ""doppler"": 0.0, ""angle"": -19.974787111545627, ""elevation"": 0.0}, {""range"": 0.749099271586832, ""doppler"": 0.0, ""angle"": 2.873333017995089, ""elevation"": 0.0}, {""range"": 0.7648661270377162, ""doppler"": 0.0, ""angle"": 6.726270080132328, ""elevation"": 0.0}, {""range"": 0.8014409617028603, ""doppler"": 0.0, ""angle"": 15.689024943138797, ""elevation"": 0.0}, {""range"": 1.8801042468758626, ""doppler"": 0.0, ""angle"": 42.74912371488005, ""elevation"": 0.0}, {""range"": 1.8972404236374183, ""doppler"": 0.0, ""angle"": 45.01145533730416, ""elevation"": 0.0}]",1785098978472.9338
9,"[{""range"": 0.6440734941123136, ""doppler"": 0.0, ""angle"": -16.251296782464408, ""elevation"": 0.0}, {""range"": 0.6564125332049017, ""doppler"": 0.0, ""angle"": -17.911759313575164, ""elevation"": 0.0}, {""range"": 0.7404025180152126, ""doppler"": 0.0, ""angle"": 6.37839402022819, ""elevation"": 0.0}, {""range"": 0.8048395121557237, ""doppler"": 0.0, ""angle"": 17.18695988119422, ""elevation"": 0.0}, {""range"": 0.7775478387533471, ""doppler"": 0.0, ""angle"": 19.57671238613229, ""elevation"": 0.0}, {""range"": 1.877440126004988, ""doppler"": 0.0, ""angle"": 43.31735764912333, ""elevation"": 0.0}, {""range"": 1.89109102581567, ""doppler"": 0.0, ""angle"": 43.98093685786065, ""elevation"": 0.0}, {""range"": 2.0319128008299896, ""doppler"": 0.0, ""angle"": 45.20679158570594, ""elevation"": 0.0}, {""range"": 2.037109562918709, ""doppler"": 0.0, ""angle"": 47.23034390266811, ""elevation"": 0.0}]",1785098978473.128
9,"[{""range"": 0.6336078173053943, ""doppler"": 0.0, ""angle"": -18.767316863446055, ""elevation"": 0.0}, {""range"": 0.6726790317869885, ""doppler"": 0.0, ""angle"": -20.916133427236765, ""elevation"": 0.0}, {""range"": 0.7446936383707689, ""doppler"": 0.0, ""angle"": -5.70511736177081, ""elevation"": 0.0}, {""range"": 0.7516956895325514, ""doppler"": 0.0, ""angle"": -8.371041974763278, ""elevation"": 0.0}, {""range"": 0.9058450770989461, ""doppler"": 0.0, ""angle"": 30.341106256157, ""elevation"": 0.0}, {""range"": 0.9216125685732267, ""doppler"": 0.0, ""angle"": 30.16681505699848, ""elevation"": 0.0}, {""range"": 0.9302495516124755, ""doppler"": 0.0, ""angle"": 29.452544488569327, ""elevation"": 0.0}, {""range"": 1.8801497053124778, ""doppler"": 0.0, ""angle"": 42.35579665004058, ""elevation"": 0.0}, {""range"": 1.8958174781578088, ""doppler"": 0.0, ""angle"": 41.390294260158825, ""elevation"": 0.0}]",1785098978473.321
7,"[{""range"": 0.635905041109027, ""doppler"": 0.0, ""angle"": -19.464164633597946, ""elevation"": 0.0}, {""range"": 0.7476818092082581, ""doppler"": 0.0, ""angle"": -4.402909161401509, ""elevation"": 0.0}, {""range"": 0.7538122980350488, ""doppler"": 0.0, ""angle"": -4.435189517861323, ""elevation"": 0.0}, {""range"": 0.7857753475458945, ""doppler"": 0.0, ""angle"": -4.947715186071321, ""elevation"": 0.0}, {""range"": 0.7252047944923045, ""doppler"": 0.0, ""angle"": -1.0172287740895032, ""elevation"": 0.0}, {""range"": 1.8781259187059507, ""doppler"": 0.0, ""angle"": 43.39515014492802, ""elevation"": 0.0}, {""range"": 1.8992372008613305, ""doppler"": 0.0, ""angle"": 41.21332824311736, ""elevation"": 0.0}]",1785098978473.513
10,"[{""range"": 0.6280790762356295, ""doppler"": 0.0, ""angle"": -21.144084823483865, ""elevation"": 0.0}, {""range"": 0.7535961950847713, ""doppler"": 0.0, ""angle"": -4.572837108420569, ""elevation"": 0.0}, {""range"": 0.7553678195512165, ""doppler"": 0.0, ""angle"": -5.038477300788542, ""elevation"": 0.0}, {""range"": 0.7876196845905836, ""doppler"": 0.0, ""angle"": -5.419366476623647, ""elevation"": 0.0}, {""range"": 0.7217302761145047, ""doppler"": 0.0, ""angle"": 0.5820233294679382, ""elevation"": 0.0}, {""range"": 0.9222809489068186, ""doppler"": 0.0, ""angle"": 29.29845118561131, ""elevation"": 0.0}, {""range"": 0.9326270066418622, ""doppler"": 0.0, ""angle"": 27.483788203281954, ""elevation"": 0.0}, {""range"": 1.8536312053918906, ""doppler"": 0.0, ""angle"": 41.51557517422568, ""elevation"": 0.0}, {""range"": 1.8806605397106333, ""doppler"": 0.0, ""angle"": 44.09086409835248, ""elevation"": 0.0}, {""range"": 1.898978431510908, ""doppler"": 0.0, ""angle"": 44.12634237182216, ""elevation"": 0.0}]",1785098978473.7039
9,"[{""range"": 0.6488692763522712, ""doppler"": 0.0, ""angle"": -19.763221743072354, ""elevation"": 0.0}, {""range"": 0.6855732771522625, ""doppler"": 0.0, ""angle"": -14.007247630567294, ""elevation"": 0.0}, {""range"": 0.728297630074178, ""doppler"": 0.0, ""angle"": -6.343298723810074, ""elevation"": 0.0}, {""range"": 0.752236069046137, ""doppler"": 0.0, ""angle"": -3.0113558255351354, ""elevation"": 0.0}, {""range"": 3.5715036879969486, ""doppler"": 0.0, ""angle"": 8.95204634234461, ""elevation"": 0.0}, {""range"": 0.9225439959893458, ""doppler"": 0.0, ""angle"": 28.149571979273798, ""elevation"": 0.0}, {""range"": 1.8856359405009233, ""doppler"": 0.0, ""angle"": 47.832667300044086, ""elevation"": 0.0}, {""range"": 1.9060872272893876, ""doppler"": 0.0, ""angle"": 47.87455236544677, ""elevation"": 0.0}, {""range"": 1.9373103452178866, ""doppler"": 0.0, ""angle"": 50.19375179672402, ""elevation"": 0.0}]",1785098978473.893
11,"[{""range"": 0.644945076051312, ""doppler"": 0.0, ""angle"": -17.80700619380317, ""elevation"": 0.0}, {""range"": 0.6855931683791817, ""doppler"": 0.0, ""angle"": -11.951768416684786, ""elevation"": 0.0}, {""range"": 0.7425267731523126, ""doppler"": 0.0, ""angle"": -1.5455482450692615, ""elevation"": 0.0}, {""range"": 0.7551381041729903, ""doppler"": 0.0, ""angle"": -0.2442144886731453, ""elevation"": 0.0}, {""range"": 0.7948703172604519, ""doppler"": 0.0, ""angle"": 5.602860679980772, ""elevation"": 0.0}, {""range"": 3.5701964916634754, ""doppler"": 0.0, ""angle"": 11.814760271502376, ""elevation"": 0.0}, {""range"": 0.9001191518355061, ""doppler"": 0.0, ""angle"": 30.88567565984081, ""elevation"": 0.0}, {""range"": 0.9157177677714677, ""doppler"": 0.0, ""angle"": 30.57616206076829, ""elevation"": 0.0}, {""range"": 0.9261411863364384, ""doppler"": 0.0, ""angle"": 29.965792157182307, ""elevation"": 0.0}, {""range"": 1.8815283781854626, ""doppler"": 0.0, ""angle"": 44.430141414211725, ""elevation"": 0.0}, {""range"": 1.9008589446405733, ""doppler"": 0.0, ""angle"": 48.65740192812299, ""elevation"": 0.0}]",1785098978474.0857
7,"[{""range"": 0.6474017203534563, ""doppler"": 0.0, ""angle"": -16.412760144898705, ""elevation"": 0.0}, {""range"": 0.6801659222300315, ""doppler"": 0.0, ""angle"": -13.670911560580276, ""elevation"": 0.0}, {""range"": 0.7345708632932502, ""doppler"": 0.0, ""angle"": -4.3837294225263195, ""elevation"": 0.0}, {""range"": 0.7544551710006817, ""doppler"": 0.0, ""angle"": -3.1112828176528637, ""elevation"": 0.0}, {""range"": 0.7917817409190145, ""doppler"": 0.0, ""angle"": -2.0966718074610884, ""elevation"": 0.0}, {""range"": 1.8838759828885794, ""doppler"": 0.0, ""angle"": 44.63467177063895, ""elevation"": 0.0}, {""range"": 1.9050235779770244, ""doppler"": 0.0, ""angle"": 48.82469921712465, ""elevation"": 0.0}]",1785098978474.283
9,"[{""range"": 0.6726093686321558, ""doppler"": 0.0, ""angle"": -32.42679870170804, ""elevation"": 0.0}, {""range"": 0.6341154842288965, ""doppler"": 0.0, ""angle"": -23.46377810566776, ""elevation"": 0.0}, {""range"": 0.755771959188051, ""doppler"": 0.0, ""angle"": 2.3594197760623987, ""elevation"": 0.0}, {""range"": 0.7539988247302178, ""doppler"": 0.0, ""angle"": 1.0191485415951351, ""elevation"": 0.0}, {""range"": 0.7865930665299172, ""doppler"": 0.0, ""angle"": -2.097474838626924, ""elevation"": 0.0}, {""range"": 0.9015759734596316, ""doppler"": 0.0, ""angle"": 30.618804988053803, ""elevation"": 0.0}, {""range"": 0.9194241966128102, ""doppler"": 0.0, ""angle"": 31.309655938433245, ""elevation"": 0.0}, {""range"": 1.881027026613777, ""doppler"": 0.0, ""angle"": 47.18039520090283, ""elevation"": 0.0}, {""range"": 1.8990521370983866, ""doppler"": 0.0, ""angle"": 49.91950853496336, ""elevation"": 0.0}]",1785098978474.468
6,"[{""range"": 0.644974350588087, ""doppler"": 0.0, ""angle"": -18.77652929358163, ""elevation"": 0.0}, {""range"": 0.6552970320382603, ""doppler"": 0.0, ""angle"": -20.076609133115813, ""elevation"": 0.0}, {""range"": 0.6943159944570043, ""doppler"": 0.0, ""angle"": -25.212118956200282, ""elevation"": 0.0}, {""range"": 0.763449814832941, ""doppler"": 0.0, ""angle"": 16.295632774847974, ""elevation"": 0.0}, {""range"": 1.882949275793246, ""doppler"": 0.0, ""angle"": 46.32363257151497, ""elevation"": 0.0}, {""range"": 1.9039401392191388, ""doppler"": 0.0, ""angle"": 50.90822928555579, ""elevation"": 0.0}]",1785098978474.6711
6,"[{""range"": 0.6406903516437761, ""doppler"": 0.0, ""angle"": -20.367012693070897, ""elevation"": 0.0}, {""range"": 0.6620022467559721, ""doppler"": 0.0, ""angle"": -23.192494137060475, ""elevation"": 0.0}, {""range"": 0.75525775455363, ""doppler"": 0.0, ""angle"": -6.566395572513079, ""elevation"": 0.0}, {""range"": 0.7391537368125131, ""doppler"": 0.0, ""angle"": -2.9953032876027468, ""elevation"": 0.0}, {""range"": 1.8794295028781642, ""doppler"": 0.0, ""angle"": 44.02858612871143, ""elevation"": 0.0}, {""range"": 1.8991236090023595, ""doppler"": 0.0, ""angle"": 43.69527374594119, ""elevation"": 0.0}]",1785098978474.862
7,"[{""range"": 0.6518773503690832, ""doppler"": 0.0, ""angle"": -19.801833861336583, ""elevation"": 0.0}, {""range"": 0.6578933051489915, ""doppler"": 0.0, ""angle"": -21.59319881831488, ""elevation"": 0.0}, {""range"": 0.6863429708742375, ""doppler"": 0.0, ""angle"": -25.82402613431499, ""elevation"": 0.0}, {""range"": 0.7884711776858492, ""doppler"": 0.0, ""angle"": 19.088297032030976, ""elevation"": 0.0}, {""range"": 0.8193160224178512, ""doppler"": 0.0, ""angle"": 20.38480821528975, ""elevation"": 0.0}, {""range"": 1.88343789255361, ""doppler"": 0.0, ""angle"": 45.90010134554433, ""elevation"": 0.0}, {""range"": 1.9057624794934631, ""doppler"": 0.0, ""angle"": 50.25706602761195, ""elevation"": 0.0}]",1785098978475.0479
7,"[{""range"": 0.6537181636127453, ""doppler"": 0.0, ""angle"": -17.166102857199416, ""elevation"": 0.0}, {""range"": 0.6820058628182343, ""doppler"": 0.0, ""angle"": -14.59369832670827, ""elevation"": 0.0}, {""range"": 0.7260695930904337, ""doppler"": 0.0, ""angle"": -8.583094968537546, ""elevation"": 0.0}, {""range"": 0.7522396182750838, ""doppler"": 0.0, ""angle"": -5.839338345237977, ""elevation"": 0.0}, {""range"": 1.8556833599952756, ""doppler"": 0.0, ""angle"": 41.91047235942938, ""elevation"": 0.0}, {""range"": 1.8798054063966767, ""doppler"": 0.0, ""angle"": 44.78032935829672, ""elevation"": 0.0}, {""range"": 1.9006696228251527, ""doppler"": 0.0, ""angle"": 47.65379207314192, ""elevation"": 0.0}]",1785098978475.261
8,"[{""range"": 0.6510268614404048, ""doppler"": 0.0, ""angle"": -16.548509848346193, ""elevation"": 0.0}, {""range"": 0.6700989383017644, ""doppler"": 0.0, ""angle"": -17.037532018286978, ""elevation"": 0.0}, {""range"": 0.7628911834773022, ""doppler"": 0.0, ""angle"": -4.3688353735953305, ""elevation"": 0.0}, {""range"": 0.7386098033612603, ""doppler"": 0.0, ""angle"": -2.7058578774122197, ""elevation"": 0.0}, {""range"": 0.8031278117372246, ""doppler"": 0.0, ""angle"": -3.293048753804293, ""elevation"": 0.0}, {""range"": 1.8535109113041361, ""doppler"": 0.0, ""angle"": 41.38611924799636, ""elevation"": 0.0}, {""range"": 1.8822024037405494, ""doppler"": 0.0, ""angle"": 46.88632798474123, ""elevation"": 0.0}, {""range"": 1.902596369541606, ""doppler"": 0.0, ""angle"": 51.621080017385616, ""elevation"": 0.0}]",1785098978475.4539
9,"[{""range"": 0.6499299130404247, ""doppler"": 0.0, ""angle"": -19.127868432775447, ""elevation"": 0.0}, {""range"": 0.653267091643175, ""doppler"": 0.0, ""angle"": -20.40919917855019, ""elevation"": 0.0}, {""range"": 0.7663545714412486, ""doppler"": 0.0, ""angle"": 1.6445950831187564, ""elevation"": 0.0}, {""range"": 0.7940173910643714, ""doppler"": 0.0, ""angle"": 1.9100121619968684, ""elevation"": 0.0}, {""range"": 0.7512650127886931, ""doppler"": 0.0, ""angle"": 4.217757603088665, ""elevation"": 0.0}, {""range"": 1.8541678666996484, ""doppler"": 0.0, ""angle"": 42.05662256291783, ""elevation"": 0.0}, {""range"": 1.8828302434825988, ""doppler"": 0.0, ""angle"": 45.11927785904359, ""elevation"": 0.0}, {""range"": 1.9040920836163302, ""doppler"": 0.0, ""angle"": 47.00168224916403, ""elevation"": 0.0}, {""range"": 1.9342333114178172, ""doppler"": 0.0, ""angle"": 53.23074196691253, ""elevation"": 0.0}]",1785098978475.652
8,"[{""range"": 0.671737219938538, ""doppler"": 0.0, ""angle"": -26.326320143979082, ""elevation"": 0.0}, {""range"": 0.6348238435355857, ""doppler"": 0.0, ""angle"": -19.43018742390073, ""elevation"": 0.0}, {""range"": 0.763539038154121, ""doppler"": 0.0, ""angle"": 0.17443626050817365, ""elevation"": 0.0}, {""range"": 0.7663904730299502, ""doppler"": 0.0, ""angle"": -1.216600306670443, ""elevation"": 0.0}, {""range"": 0.7895987833299791, ""doppler"": 0.0, ""angle"": 2.024568608800022, ""elevation"": 0.0}, {""range"": 1.8546268617131207, ""doppler"": 0.0, ""angle"": 41.157343276509955, ""elevation"": 0.0}, {""range"": 1.8819114911648955, ""doppler"": 0.0, ""angle"": 45.58129180038304, ""elevation"": 0.0}, {""range"": 1.9025443048368977, ""doppler"": 0.0, ""angle"": 46.862342476953394, ""elevation"": 0.0}]",1785098978475.84
10,"[{""range"": 0.7145219779339443, ""doppler"": 0.0, ""angle"": -3.1130194073451483, ""elevation"": 0.0}, {""range"": 0.7586049396688934, ""doppler"": 0.0, ""angle"": -1.485763496555471, ""elevation"": 0.0}, {""range"": 0.7655853393353417, ""doppler"": 0.0, ""angle"": -0.8431145919840246, ""elevation"": 0.0}, {""range"": 0.7955496044054986, ""doppler"": 0.0, ""angle"": 1.2364076028561433, ""elevation"": 0.0}, {""range"": 0.8940119128644036, ""doppler"": 0.0, ""angle"": 30.519581629241575, ""elevation"": 0.0}, {""range"": 0.9109837296219602, ""doppler"": 0.0, ""angle"": 28.552118248541902, ""elevation"": 0.0}, {""range"": 1.853436179619269, ""doppler"": 0.0, ""angle"": 41.550450805550504, ""elevation"": 0.0}, {""range"": 1.8830920638827409, ""doppler"": 0.0, ""angle"": 46.16961030760787, ""elevation"": 0.0}, {""range"": 1.906846282974147, ""doppler"": 0.0, ""angle"": 48.958125212345394, ""elevation"": 0.0}, {""range"": 1.941530474567869, ""doppler"": 0.0, ""angle"": 57.173460737304126, ""elevation"": 0.0}]",1785098978476.0352
11,"[{""range"": 0.7003230331297726, ""doppler"": 0.0, ""angle"": -12.74461000133941, ""elevation"": 0.0}, {""range"": 0.6623403781331766, ""doppler"": 0.0, ""angle"": -9.525896567795964, ""elevation"": 0.0}, {""range"": 0.7391592738349548, ""doppler"": 0.0, ""angle"": -9.243567510812447, ""elevation"": 0.0}, {""range"": 0.7514881683632582, ""doppler"": 0.0, ""angle"": -9.076814819908162, ""elevation"": 0.0}, {""range"": 0.9076807372454316, ""doppler"": 0.0, ""angle"": 31.97427541237341, ""elevation"": 0.0}, {""range"": 0.9096290675235875, ""doppler"": 0.0, ""angle"": 30.789911062050063, ""elevation"": 0.0}, {""range"": 0.936088350232304, ""doppler"": 0.0, ""angle"": 33.74470719319014, ""elevation"": 0.0}, {""range"": 1.8561045730050143, ""doppler"": 0.0, ""angle"": 38.66411847596664, ""elevation"": 0.0}, {""range"": 1.8839318306623765, ""doppler"": 0.0, ""angle"": 44.12320996172912, ""elevation"": 0.0}, {""range"": 1.9082639870788856, ""doppler"": 0.0, ""angle"": 46.640263456588954, ""elevation"": 0.0}, {""range"": 1.9377669473752102, ""doppler"": 0.0, ""angle"": 46.79481510902395, ""elevation"": 0.0}]",1785098978476.305
7,"[{""range"": 0.7403621819494154, ""doppler"": 0.0, ""angle"": -13.321342020790116, ""elevation"": 0.0}, {""range"": 0.8160881859256355, ""doppler"": 0.0, ""angle"": 18.061769283336506, ""elevation"": 0.0}, {""range"": 0.7774707514998649, ""doppler"": 0.0, ""angle"": 23.805943518457717, ""elevation"": 0.0}, {""range"": 1.962207177955261, ""doppler"": 0.0, ""angle"": 23.71279069742668, ""elevation"": 0.0}, {""range"": 0.8937197715819004, ""doppler"": 0.0, ""angle"": 34.68210309196841, ""elevation"": 0.0}, {""range"": 1.8803522736558569, ""doppler"": 0.0, ""angle"": 46.54899041990157, ""elevation"": 0.0}, {""range"": 1.9021709114257186, ""doppler"": 0.0, ""angle"": 48.36869711994582, ""elevation"": 0.0}]",1785098978476.4988
7,"[{""range"": 0.6883856676152114, ""doppler"": 0.0, ""angle"": -9.494130085087203, ""elevation"": 0.0}, {""range"": 0.7216967826813266, ""doppler"": 0.0, ""angle"": -0.18454969221640014, ""elevation"": 0.0}, {""range"": 0.7535788838051313, ""doppler"": 0.0, ""angle"": 12.400513981688576, ""elevation"": 0.0}, {""range"": 0.8002534901585733, ""doppler"": 0.0, ""angle"": 12.216364117183446, ""elevation"": 0.0}, {""range"": 1.860801869046768, ""doppler"": 0.0, ""angle"": 45.89937057491502, ""elevation"": 0.0}, {""range"": 1.8813916831358268, ""doppler"": 0.0, ""angle"": 47.168412228160236, ""elevation"": 0.0}, {""range"": 1.9048770792674758, ""doppler"": 0.0, ""angle"": 46.66981376885369, ""elevation"": 0.0}]",1785098978476.694
9,"[{""range"": 0.6544323479979025, ""doppler"": 0.0, ""angle"": -15.775513251271159, ""elevation"": 0.0}, {""range"": 0.6606796425445574, ""doppler"": 0.0, ""angle"": -14.0023940550589, ""elevation"": 0.0}, {""range"": 0.6930419569184408, ""doppler"": 0.0, ""angle"": -7.680609930348525, ""elevation"": 0.0}, {""range"": 0.7587811862223067, ""doppler"": 0.0, ""angle"": 7.8150312550957635, ""elevation"": 0.0}, {""range"": 0.895058698789861, ""doppler"": 0.0, ""angle"": 31.012832974925658, ""elevation"": 0.0}, {""range"": 0.9060702496734284, ""doppler"": 0.0, ""angle"": 28.335218236996948, ""elevation"": 0.0}, {""range"": 1.856046475292646, ""doppler"": 0.0, ""angle"": 40.26002072160835, ""elevation"": 0.0}, {""range"": 1.9062885825566263, ""doppler"": 0.0, ""angle"": 43.06907115079644, ""elevation"": 0.0}, {""range"": 1.88259071262069, ""doppler"": 0.0, ""angle"": 43.6491708237323, ""elevation"": 0.0}]",1785098978476.893
9,"[{""range"": 0.6457957763773512, ""doppler"": 0.0, ""angle"": -20.401929841206943, ""elevation"": 0.0}, {""range"": 0.6733691177739188, ""doppler"": 0.0, ""angle"": -15.084310103016488, ""elevation"": 0.0}, {""range"": 0.7279219213747052, ""doppler"": 0.0, ""angle"": -4.550912260197091, ""elevation"": 0.0}, {""range"": 0.7601720007170608, ""doppler"": 0.0, ""angle"": -2.8314454516363723, ""elevation"": 0.0}, {""range"": 0.8062393517512183, ""doppler"": 0.0, ""angle"": 1.6267781144298616, ""elevation"": 0.0}, {""range"": 0.8103920891219896, ""doppler"": 0.0, ""angle"": 13.864534485426136, ""elevation"": 0.0}, {""range"": 0.8794492136045738, ""doppler"": 0.0, ""angle"": 30.97174813248381, ""elevation"": 0.0}, {""range"": 1.9043321337403085, ""doppler"": 0.0, ""angle"": 43.24217188797271, ""elevation"": 0.0}, {""range"": 1.8801899843443655, ""doppler"": 0.0, ""angle"": 44.28716307055623, ""elevation"": 0.0}]",1785098978546.1929
9,"[{""range"": 0.6033286283568852, ""doppler"": 0.0, ""angle"": -17.774430622636118, ""elevation"": 0.0}, {""range"": 0.725428231241164, ""doppler"": 0.0, ""angle"": -11.53151419642005, ""elevation"": 0.0}, {""range"": 0.7548731631155234, ""doppler"": 0.0, ""angle"": -15.399152416251324, ""elevation"": 0.0}, {""range"": 0.6935455828206586, ""doppler"": 0.0, ""angle"": -7.317406314950803, ""elevation"": 0.0}, {""range"": 0.7708817200501413, ""doppler"": 0.0, ""angle"": 29.853680010948587, ""elevation"": 0.0}, {""range"": 0.8027733635999844, ""doppler"": 0.0, ""angle"": 32.81574197612892, ""elevation"": 0.0}, {""range"": 1.8485529055687038, ""doppler"": 0.0, ""angle"": 42.16147094956551, ""elevation"": 0.0}, {""range"": 1.8793802585835269, ""doppler"": 0.0, ""angle"": 45.57436487768801, ""elevation"": 0.0}, {""range"": 1.9032104591718753, ""doppler"": 0.0, ""angle"": 48.38210730824787, ""elevation"": 0.0}]",1785098978663.0818
8,"[{""range"": 0.6196308174332628, ""doppler"": 0.0, ""angle"": -18.50815018053702, ""elevation"": 0.0}, {""range"": 0.6587134985344776, ""doppler"": 0.0, ""angle"": -17.09701139801925, ""elevation"": 0.0}, {""range"": 0.6943975241826893, ""doppler"": 0.0, ""angle"": -11.963886205199854, ""elevation"": 0.0}, {""range"": 0.7052371244221965, ""doppler"": 0.0, ""angle"": -12.193177186212582, ""elevation"": 0.0}, {""range"": 3.4824711559413766, ""doppler"": 0.0, ""angle"": -13.949906351975171, ""elevation"": 0.0}, {""range"": 0.8852581630698378, ""doppler"": 0.0, ""angle"": 29.754929662239604, ""elevation"": 0.0}, {""range"": 1.8832806654457945, ""doppler"": 0.0, ""angle"": 43.930541442089506, ""elevation"": 0.0}, {""range"": 1.909452061763364, ""doppler"": 0.0, ""angle"": 46.93152475779394, ""elevation"": 0.0}]",1785098978772.821
10,"[{""range"": 1.1502710683741952, ""doppler"": 0.0, ""angle"": -26.81599743876518, ""elevation"": 0.0}, {""range"": 0.6284648425006265, ""doppler"": 0.0, ""angle"": -20.502620817790866, ""elevation"": 0.0}, {""range"": 0.6440709374381554, ""doppler"": 0.0, ""angle"": -20.1706534118504, ""elevation"": 0.0}, {""range"": 0.6774428381517831, ""doppler"": 0.0, ""angle"": -16.421118598484938, ""elevation"": 0.0}, {""range"": 0.7048245590281598, ""doppler"": 0.0, ""angle"": -16.871888459242893, ""elevation"": 0.0}, {""range"": 3.5125908503704206, ""doppler"": 0.0, ""angle"": -6.6416778863824115, ""elevation"": 0.0}, {""range"": 0.7842374106578675, ""doppler"": 0.0, ""angle"": 23.30322925693677, ""elevation"": 0.0}, {""range"": 0.8072833460718033, ""doppler"": 0.0, ""angle"": 22.86197209998861, ""elevation"": 0.0}, {""range"": 1.883760743357025, ""doppler"": 0.0, ""angle"": 45.415346744124726, ""elevation"": 0.0}, {""range"": 1.9061100494045524, ""doppler"": 0.0, ""angle"": 44.745353767727146, ""elevation"": 0.0}]",1785098978872.552
11,"[{""range"": 0.6173869275166751, ""doppler"": 0.0, ""angle"": -16.64520212436596, ""elevation"": 0.0}, {""range"": 0.6279068044573349, ""doppler"": 0.0, ""angle"": -16.494511270594312, ""elevation"": 0.0}, {""range"": 0.6677599226311056, ""doppler"": 0.0, ""angle"": -9.790227557648853, ""elevation"": 0.0}, {""range"": 0.7194114820826326, ""doppler"": 0.0, ""angle"": -3.1916795157065523, ""elevation"": 0.0}, {""range"": 2.7619769778602836, ""doppler"": 0.0, ""angle"": 1.8550252136857426, ""elevation"": 0.0}, {""range"": 0.7880524031769404, ""doppler"": 0.0, ""angle"": 12.235499200027586, ""elevation"": 0.0}, {""range"": 0.8109548053378195, ""doppler"": 0.0, ""angle"": 14.18025630102747, ""elevation"": 0.0}, {""range"": 0.9365266247859714, ""doppler"": 0.0, ""angle"": 42.361258906595346, ""elevation"": 0.0}, {""range"": 0.9439256989827789, ""doppler"": 0.0, ""angle"": 37.58844526479234, ""elevation"": 0.0}, {""range"": 1.8823169742739987, ""doppler"": 0.0, ""angle"": 41.61500696087704, ""elevation"": 0.0}, {""range"": 1.907157651831914, ""doppler"": 0.0, ""angle"": 44.20986827628859, ""elevation"": 0.0}]",1785098978976.522
9,"[{""range"": 0.6179717730876192, ""doppler"": 0.0, ""angle"": -19.436356303582876, ""elevation"": 0.0}, {""range"": 0.6422487737368161, ""doppler"": 0.0, ""angle"": -18.40468164163125, ""elevation"": 0.0}, {""range"": 0.6982298564400704, ""doppler"": 0.0, ""angle"": -9.954429976374213, ""elevation"": 0.0}, {""range"": 0.7230729863984692, ""doppler"": 0.0, ""angle"": -8.43267928832876, ""elevation"": 0.0}, {""range"": 0.7430423649789876, ""doppler"": 0.0, ""angle"": -9.194841084971596, ""elevation"": 0.0}, {""range"": 3.5611907124902387, ""doppler"": 0.0, ""angle"": 1.7811043198538252, ""elevation"": 0.0}, {""range"": 0.9617639402129149, ""doppler"": 0.0, ""angle"": 32.42543933952041, ""elevation"": 0.0}, {""range"": 1.879935490035244, ""doppler"": 0.0, ""angle"": 40.4363734835659, ""elevation"": 0.0}, {""range"": 1.9020284208915437, ""doppler"": 0.0, ""angle"": 38.87516379421411, ""elevation"": 0.0}]",1785098979066.47
7,"[{""range"": 0.669191266769795, ""doppler"": 0.0, ""angle"": -10.889574796051727, ""elevation"": 0.0}, {""range"": 0.7341667684917629, ""doppler"": 0.0, ""angle"": -12.333549025719327, ""elevation"": 0.0}, {""range"": 0.6755115462422969, ""doppler"": 0.0, ""angle"": -10.539530492409094, ""elevation"": 0.0}, {""range"": 0.6900476989080087, ""doppler"": 0.0, ""angle"": -10.118929653862368, ""elevation"": 0.0}, {""range"": 1.8575188141168122, ""doppler"": 0.0, ""angle"": 44.09123853636232, ""elevation"": 0.0}, {""range"": 1.883137934105258, ""doppler"": 0.0, ""angle"": 43.957394238903795, ""elevation"": 0.0}, {""range"": 1.9056591256970297, ""doppler"": 0.0, ""angle"": 46.06070052775473, ""elevation"": 0.0}]",1785098979166.798
9,"[{""range"": 0.7493518745640723, ""doppler"": 0.0, ""angle"": -23.708447374953987, ""elevation"": 0.0}, {""range"": 0.6987540873663742, ""doppler"": 0.0, ""angle"": -5.609925875369, ""elevation"": 0.0}, {""range"": 0.7107749524339978, ""doppler"": 0.0, ""angle"": -7.1536222214027765, ""elevation"": 0.0}, {""range"": 0.7149674758586589, ""doppler"": 0.0, ""angle"": -9.719104336794418, ""elevation"": 0.0}, {""range"": 1.179055544719301, ""doppler"": 0.0, ""angle"": -7.38907516370518, ""elevation"": 0.0}, {""range"": 1.8496024923696006, ""doppler"": 0.0, ""angle"": 35.822934095243035, ""elevation"": 0.0}, {""range"": 1.880334231810109, ""doppler"": 0.0, ""angle"": 45.755166274484566, ""elevation"": 0.0}, {""range"": 1.9101797090658004, ""doppler"": 0.0, ""angle"": 52.236503985144175, ""elevation"": 0.0}, {""range"": 1.9415266950046108, ""doppler"": 0.0, ""angle"": 53.180760806144185, ""elevation"": 0.0}]",1785098979266.482
7,"[{""range"": 0.8894986606079968, ""doppler"": 0.0, ""angle"": -37.09104461910611, ""elevation"": 0.0}, {""range"": 0.7204326647223922, ""doppler"": 0.0, ""angle"": 3.6002856044132376, ""elevation"": 0.0}, {""range"": 0.7322129961276341, ""doppler"": 0.0, ""angle"": 6.562698508937467, ""elevation"": 0.0}, {""range"": 0.7492565236391433, ""doppler"": 0.0, ""angle"": 9.048690149261843, ""elevation"": 0.0}, {""range"": 0.7937637554421407, ""doppler"": 0.0, ""angle"": 4.043315112713512, ""elevation"": 0.0}, {""range"": 1.8791321885848318, ""doppler"": 0.0, ""angle"": 40.96794478070709, ""elevation"": 0.0}, {""range"": 1.8980010126519338, ""doppler"": 0.0, ""angle"": 40.09308429148012, ""elevation"": 0.0}]",1785098979366.6638
8,"[{""range"": 0.7307267033600945, ""doppler"": 0.0, ""angle"": 5.307403136596544, ""elevation"": 0.0}, {""range"": 0.7422001864197657, ""doppler"": 0.0, ""angle"": 6.251777108172041, ""elevation"": 0.0}, {""range"": 0.754384794379183, ""doppler"": 0.0, ""angle"": 6.46467260388469, ""elevation"": 0.0}, {""range"": 0.7902653657068036, ""doppler"": 0.0, ""angle"": 5.909253830642164, ""elevation"": 0.0}, {""range"": 1.8510777111676062, ""doppler"": 0.0, ""angle"": 38.97358171440279, ""elevation"": 0.0}, {""range"": 1.8811376148610084, ""doppler"": 0.0, ""angle"": 41.145962096074456, ""elevation"": 0.0}, {""range"": 1.9106420752662996, ""doppler"": 0.0, ""angle"": 40.11040604015931, ""elevation"": 0.0}, {""range"": 1.9371796248221786, ""doppler"": 0.0, ""angle"": 38.520219862034836, ""elevation"": 0.0}]",1785098979473.122
4,"[{""range"": 0.7449660840484073, ""doppler"": 0.0, ""angle"": -3.7985229793335127, ""elevation"": 0.0}, {""range"": 0.725626879398781, ""doppler"": 0.0, ""angle"": -2.2031408073770735, ""elevation"": 0.0}, {""range"": 0.7340142771411378, ""doppler"": 0.0, ""angle"": -3.323839640525099, ""elevation"": 0.0}, {""range"": 1.8716823849487414, ""doppler"": 0.0, ""angle"": 44.090373830194565, ""elevation"": 0.0}]",1785098979563.6758
7,"[{""range"": 0.7205275255379204, ""doppler"": 0.0, ""angle"": -2.7026392454690575, ""elevation"": 0.0}, {""range"": 0.7303959785945306, ""doppler"": 0.0, ""angle"": -1.0380567501902143, ""elevation"": 0.0}, {""range"": 0.7456548779984465, ""doppler"": 0.0, ""angle"": -0.08243991363104637, ""elevation"": 0.0}, {""range"": 0.7999432165278595, ""doppler"": 0.0, ""angle"": 11.357655921435773, ""elevation"": 0.0}, {""range"": 1.882197783061209, ""doppler"": 0.0, ""angle"": 45.11546896804581, ""elevation"": 0.0}, {""range"": 1.909540349524997, ""doppler"": 0.0, ""angle"": 48.24927696471872, ""elevation"": 0.0}, {""range"": 1.9417731499451814, ""doppler"": 0.0, ""angle"": 45.29474029138979, ""elevation"": 0.0}]",1785098979666.515
7,"[{""range"": 0.7197341044790768, ""doppler"": 0.0, ""angle"": 0.2704625403524455, ""elevation"": 0.0}, {""range"": 0.7268431213187434, ""doppler"": 0.0, ""angle"": -1.7058185665574774, ""elevation"": 0.0}, {""range"": 0.7450934830827726, ""doppler"": 0.0, ""angle"": -3.0402501612817616, ""elevation"": 0.0}, {""range"": 0.8136679484889522, ""doppler"": 0.0, ""angle"": 21.17944161732089, ""elevation"": 0.0}, {""range"": 1.9124071694864027, ""doppler"": 0.0, ""angle"": 33.88025535414174, ""elevation"": 0.0}, {""range"": 1.952410794203799, ""doppler"": 0.0, ""angle"": 28.19626639485288, ""elevation"": 0.0}, {""range"": 1.878226054986068, ""doppler"": 0.0, ""angle"": 36.25677023785235, ""elevation"": 0.0}]",1785098979766.433
6,"[{""range"": 0.7224961250446349, ""doppler"": 0.0, ""angle"": 0.8934013765982152, ""elevation"": 0.0}, {""range"": 0.7287986758869123, ""doppler"": 0.0, ""angle"": 1.673112335319362, ""elevation"": 0.0}, {""range"": 0.7413316258225175, ""doppler"": 0.0, ""angle"": 2.765094973839482, ""elevation"": 0.0}, {""range"": 0.7924285113758086, ""doppler"": 0.0, ""angle"": 4.9579803958598365, ""elevation"": 0.0}, {""range"": 1.8703174136713403, ""doppler"": 0.0, ""angle"": 38.03785222014998, ""elevation"": 0.0}, {""range"": 2.0593508555900177, ""doppler"": 0.0, ""angle"": 44.33159128980077, ""elevation"": 0.0}]",1785098979866.5889
10,"[{""range"": 0.7287552624792383, ""doppler"": 0.0, ""angle"": 3.6999846752862617, ""elevation"": 0.0}, {""range"": 0.7375008115801891, ""doppler"": 0.0, ""angle"": 6.235872673892738, ""elevation"": 0.0}, {""range"": 0.7454530527220171, ""doppler"": 0.0, ""angle"": 7.830778459261629, ""elevation"": 0.0}, {""range"": 0.7971331855873266, ""doppler"": 0.0, ""angle"": 7.475737385548222, ""elevation"": 0.0}, {""range"": 1.0508482791331928, ""doppler"": 0.0, ""angle"": 27.219084178099802, ""elevation"": 0.0}, {""range"": 1.07761000621661, ""doppler"": 0.0, ""angle"": 32.17368334456014, ""elevation"": 0.0}, {""range"": 1.8504914538196349, ""doppler"": 0.0, ""angle"": 38.66845484636917, ""elevation"": 0.0}, {""range"": 1.8801960384540009, ""doppler"": 0.0, ""angle"": 42.776225660515536, ""elevation"": 0.0}, {""range"": 1.9085409062717265, ""doppler"": 0.0, ""angle"": 42.02272434319084, ""elevation"": 0.0}, {""range"": 1.9446765211051666, ""doppler"": 0.0, ""angle"": 38.26404704710694, ""elevation"": 0.0}]",1785098979976.588
12,"[{""range"": 1.3557262250617064, ""doppler"": 0.0, ""angle"": -16.726026078548514, ""elevation"": 0.0}, {""range"": 0.7262970341228506, ""doppler"": 0.0, ""angle"": -3.0483749402982987, ""elevation"": 0.0}, {""range"": 0.7316533052480911, ""doppler"": 0.0, ""angle"": -1.6525738526350415, ""elevation"": 0.0}, {""range"": 0.7413323374847611, ""doppler"": 0.0, ""angle"": 1.147144571413468, ""elevation"": 0.0}, {""range"": 0.7848303282175977, ""doppler"": 0.0, ""angle"": 10.754376171044342, ""elevation"": 0.0}, {""range"": 0.8714016193768481, ""doppler"": 0.0, ""angle"": 23.471844523968233, ""elevation"": 0.0}, {""range"": 1.0448150666869072, ""doppler"": 0.0, ""angle"": 25.7230427785077, ""elevation"": 0.0}, {""range"": 0.9820193634706568, ""doppler"": 0.0, ""angle"": 30.580859952039745, ""elevation"": 0.0}, {""range"": 1.0207358624617633, ""doppler"": 0.0, ""angle"": 28.365336959706553, ""elevation"": 0.0}, {""range"": 1.894105748845503, ""doppler"": 0.0, ""angle"": 46.51095734958784, ""elevation"": 0.0}, {""range"": 1.9120351503039645, ""doppler"": 0.0, ""angle"": 50.593720073591456, ""elevation"": 0.0}, {""range"": 1.93181507951083, ""doppler"": 0.0, ""angle"": 51.441239477108795, ""elevation"": 0.0}]",1785098980077.012
7,"[{""range"": 0.7912006604198077, ""doppler"": 0.0, ""angle"": 13.075174218541822, ""elevation"": 0.0}, {""range"": 0.7260725215904962, ""doppler"": 0.0, ""angle"": 21.14894973747911, ""elevation"": 0.0}, {""range"": 0.7364594238148203, ""doppler"": 0.0, ""angle"": 22.06232448384182, ""elevation"": 0.0}, {""range"": 0.7486742121599989, ""doppler"": 0.0, ""angle"": 21.964043984978158, ""elevation"": 0.0}, {""range"": 1.0886796918135198, ""doppler"": 0.0, ""angle"": 22.960101467930173, ""elevation"": 0.0}, {""range"": 1.09522695440852, ""doppler"": 0.0, ""angle"": 25.046279983864437, ""elevation"": 0.0}, {""range"": 1.1088961994696294, ""doppler"": 0.0, ""angle"": 27.474103740298794, ""elevation"": 0.0}]",1785098980176.154
6,"[{""range"": 0.7814221305584348, ""doppler"": 0.0, ""angle"": -0.20977766038423448, ""elevation"": 0.0}, {""range"": 0.7260223170978235, ""doppler"": 0.0, ""angle"": 12.300746210983531, ""elevation"": 0.0}, {""range"": 0.7317626603401666, ""doppler"": 0.0, ""angle"": 12.059554103910823, ""elevation"": 0.0}, {""range"": 0.7410678108483787, ""doppler"": 0.0, ""angle"": 11.510569912664279, ""elevation"": 0.0}, {""range"": 1.850036946132459, ""doppler"": 0.0, ""angle"": 47.083703690349, ""elevation"": 0.0}, {""range"": 1.8700692699277848, ""doppler"": 0.0, ""angle"": 45.701198075695, ""elevation"": 0.0}]",1785098980262.532
5,"[{""range"": 0.7505210224898882, ""doppler"": 0.0, ""angle"": 23.08925097641635, ""elevation"": 0.0}, {""range"": 0.7804422197638582, ""doppler"": 0.0, ""angle"": 19.3897900767942, ""elevation"": 0.0}, {""range"": 1.1637689056239515, ""doppler"": 0.0, ""angle"": 23.96963988541493, ""elevation"": 0.0}, {""range"": 1.1222616661432578, ""doppler"": 0.0, ""angle"": 27.91245827541831, ""elevation"": 0.0}, {""range"": 1.132433968422624, ""doppler"": 0.0, ""angle"": 27.54827793784021, ""elevation"": 0.0}]",1785098980373.0947
7,"[{""range"": 0.7144643160174506, ""doppler"": 0.0, ""angle"": 25.243864594690127, ""elevation"": 0.0}, {""range"": 0.7187797488241318, ""doppler"": 0.0, ""angle"": 25.003115900557265, ""elevation"": 0.0}, {""range"": 0.7303572131797808, ""doppler"": 0.0, ""angle"": 26.853629253408727, ""elevation"": 0.0}, {""range"": 1.1108943573409207, ""doppler"": 0.0, ""angle"": 32.18330465961644, ""elevation"": 0.0}, {""range"": 1.1288365196110821, ""doppler"": 0.0, ""angle"": 32.318051220793585, ""elevation"": 0.0}, {""range"": 1.8784571890417099, ""doppler"": 0.0, ""angle"": 49.014175695411026, ""elevation"": 0.0}, {""range"": 1.9010764282378754, ""doppler"": 0.0, ""angle"": 53.733704076175655, ""elevation"": 0.0}]",1785098980473.5789
11,"[{""range"": 0.6986106633362864, ""doppler"": 0.0, ""angle"": -10.933162285397263, ""elevation"": 0.0}, {""range"": 0.6819192176868405, ""doppler"": 0.0, ""angle"": -8.155599250572653, ""elevation"": 0.0}, {""range"": 0.799932444306944, ""doppler"": 0.0, ""angle"": 3.935052479565784, ""elevation"": 0.0}, {""range"": 0.7340545264358315, ""doppler"": 0.0, ""angle"": 25.016893478100023, ""elevation"": 0.0}, {""range"": 0.7182052044789003, ""doppler"": 0.0, ""angle"": 31.489750235048643, ""elevation"": 0.0}, {""range"": 0.7213318870899966, ""doppler"": 0.0, ""angle"": 28.32480496604848, ""elevation"": 0.0}, {""range"": 1.1063101498362355, ""doppler"": 0.0, ""angle"": 31.786477034014055, ""elevation"": 0.0}, {""range"": 1.1296366329619794, ""doppler"": 0.0, ""angle"": 32.11017251315417, ""elevation"": 0.0}, {""range"": 2.0657378360073855, ""doppler"": 0.0, ""angle"": 41.43460360776347, ""elevation"": 0.0}, {""range"": 1.8719590875638488, ""doppler"": 0.0, ""angle"": 47.21419962884127, ""elevation"": 0.0}, {""range"": 1.89572688993842, ""doppler"": 0.0, ""angle"": 62.51406065540303, ""elevation"": 0.0}]",1785098980576.9182
6,"[{""range"": 0.6768978515109131, ""doppler"": 0.0, ""angle"": -6.248261842206216, ""elevation"": 0.0}, {""range"": 0.7416847204654525, ""doppler"": 0.0, ""angle"": 24.544557825541723, ""elevation"": 0.0}, {""range"": 0.7928651788933565, ""doppler"": 0.0, ""angle"": 20.323136829662943, ""elevation"": 0.0}, {""range"": 0.7233792789856521, ""doppler"": 0.0, ""angle"": 29.498940476277234, ""elevation"": 0.0}, {""range"": 1.87406828298334, ""doppler"": 0.0, ""angle"": 42.118869717319456, ""elevation"": 0.0}, {""range"": 1.90078223915348, ""doppler"": 0.0, ""angle"": 45.07241530174233, ""elevation"": 0.0}]",1785098980676.394
6,"[{""range"": 0.6935251820125895, ""doppler"": 0.0, ""angle"": 3.3109415146114434, ""elevation"": 0.0}, {""range"": 0.7071645070971536, ""doppler"": 0.0, ""angle"": 6.912970460202981, ""elevation"": 0.0}, {""range"": 0.712263396990185, ""doppler"": 0.0, ""angle"": 9.72717348537372, ""elevation"": 0.0}, {""range"": 0.7279295643927952, ""doppler"": 0.0, ""angle"": 12.196007105265918, ""elevation"": 0.0}, {""range"": 1.8891040956193157, ""doppler"": 0.0, ""angle"": 48.4227588211488, ""elevation"": 0.0}, {""range"": 1.909419809967034, ""doppler"": 0.0, ""angle"": 51.67370735425999, ""elevation"": 0.0}]",1785098980776.365
6,"[{""range"": 0.09624526090593807, ""doppler"": 0.0, ""angle"": -23.65985420624695, ""elevation"": 0.0}, {""range"": 0.7072614413526673, ""doppler"": 0.0, ""angle"": 4.69868051729944, ""elevation"": 0.0}, {""range"": 0.7125714417502417, ""doppler"": 0.0, ""angle"": 7.149983382716909, ""elevation"": 0.0}, {""range"": 0.7296533429547253, ""doppler"": 0.0, ""angle"": 10.591191111996782, ""elevation"": 0.0}, {""range"": 1.8845581950208075, ""doppler"": 0.0, ""angle"": 45.86496484137061, ""elevation"": 0.0}, {""range"": 1.9118698976326807, ""doppler"": 0.0, ""angle"": 48.82617350562495, ""elevation"": 0.0}]",1785098980873.7761
6,"[{""range"": 0.09795152471264947, ""doppler"": 0.0, ""angle"": -30.497364119916835, ""elevation"": 0.0}, {""range"": 0.706142769701356, ""doppler"": 0.0, ""angle"": -5.478160101533617, ""elevation"": 0.0}, {""range"": 0.7071126210137425, ""doppler"": 0.0, ""angle"": -4.728747797650985, ""elevation"": 0.0}, {""range"": 0.7405671432486557, ""doppler"": 0.0, ""angle"": 20.272685613309864, ""elevation"": 0.0}, {""range"": 1.8875512515546486, ""doppler"": 0.0, ""angle"": 46.02097442003042, ""elevation"": 0.0}, {""range"": 1.9113542221537805, ""doppler"": 0.0, ""angle"": 46.25467289808065, ""elevation"": 0.0}]",1785098980966.478
8,"[{""range"": 0.8805591386667679, ""doppler"": 0.0, ""angle"": -25.654431998419472, ""elevation"": 0.0}, {""range"": 0.8194885175921119, ""doppler"": 0.0, ""angle"": -16.72678624973753, ""elevation"": 0.0}, {""range"": 0.707346722564432, ""doppler"": 0.0, ""angle"": -2.1441478696929464, ""elevation"": 0.0}, {""range"": 0.719456659260661, ""doppler"": 0.0, ""angle"": -0.8971760089875817, ""elevation"": 0.0}, {""range"": 0.7478622119101417, ""doppler"": 0.0, ""angle"": -0.7397896116664562, ""elevation"": 0.0}, {""range"": 1.9475947560590177, ""doppler"": 0.0, ""angle"": 39.93084879109485, ""elevation"": 0.0}, {""range"": 1.8872166726444344, ""doppler"": 0.0, ""angle"": 45.56430199369869, ""elevation"": 0.0}, {""range"": 1.9169737800809288, ""doppler"": 0.0, ""angle"": 43.51841255754716, ""elevation"": 0.0}]",1785098981066.7751
7,"[{""range"": 0.6909378752199922, ""doppler"": 0.0, ""angle"": -0.08896853022227957, ""elevation"": 0.0}, {""range"": 0.7050811199130738, ""doppler"": 0.0, ""angle"": -0.40686149146529554, ""elevation"": 0.0}, {""range"": 0.7130379117899996, ""doppler"": 0.0, ""angle"": -0.9914758382905312, ""elevation"": 0.0}, {""range"": 0.7305825316346162, ""doppler"": 0.0, ""angle"": -3.030476845860595, ""elevation"": 0.0}, {""range"": 1.8855812793414704, ""doppler"": 0.0, ""angle"": 42.44803085437938, ""elevation"": 0.0}, {""range"": 1.9073870820774534, ""doppler"": 0.0, ""angle"": 41.88779898031967, ""elevation"": 0.0}, {""range"": 1.9406058680055296, ""doppler"": 0.0, ""angle"": 42.385910972508995, ""elevation"": 0.0}]",1785098981163.184
6,"[{""range"": 0.6682965963631148, ""doppler"": 0.0, ""angle"": 2.7758962515514045, ""elevation"": 0.0}, {""range"": 0.6969184715115626, ""doppler"": 0.0, ""angle"": 7.949228002444782, ""elevation"": 0.0}, {""range"": 0.7149495646706777, ""doppler"": 0.0, ""angle"": 10.126686930390191, ""elevation"": 0.0}, {""range"": 0.7334509038532269, ""doppler"": 0.0, ""angle"": 9.457729359978295, ""elevation"": 0.0}, {""range"": 1.8815103391203984, ""doppler"": 0.0, ""angle"": 46.25917211178052, ""elevation"": 0.0}, {""range"": 1.89625317214752, ""doppler"": 0.0, ""angle"": 54.301534684437755, ""elevation"": 0.0}]",1785098981262.766
8,"[{""range"": 0.6757636218649544, ""doppler"": 0.0, ""angle"": -0.500320895873413, ""elevation"": 0.0}, {""range"": 0.682678956864444, ""doppler"": 0.0, ""angle"": 13.06435796859744, ""elevation"": 0.0}, {""range"": 0.7525793316184771, ""doppler"": 0.0, ""angle"": 18.72338407716851, ""elevation"": 0.0}, {""range"": 0.7232405614913814, ""doppler"": 0.0, ""angle"": 26.267298258545658, ""elevation"": 0.0}, {""range"": 1.9339391234679228, ""doppler"": 0.0, ""angle"": 31.97955204061609, ""elevation"": 0.0}, {""range"": 1.9715767836601026, ""doppler"": 0.0, ""angle"": 35.520763552562244, ""elevation"": 0.0}, {""range"": 2.016475818086095, ""doppler"": 0.0, ""angle"": 43.42621755126607, ""elevation"": 0.0}, {""range"": 2.055762608384568, ""doppler"": 0.0, ""angle"": 45.542704278838144, ""elevation"": 0.0}]",1785098981366.918
6,"[{""range"": 0.7139076627147428, ""doppler"": 0.0, ""angle"": 1.5500963144234496, ""elevation"": 0.0}, {""range"": 0.7156937867118206, ""doppler"": 0.0, ""angle"": 0.8589428366184348, ""elevation"": 0.0}, {""range"": 0.7399736728508887, ""doppler"": 0.0, ""angle"": 1.3985314033201919, ""elevation"": 0.0}, {""range"": 1.8874771646212265, ""doppler"": 0.0, ""angle"": 45.587254457717236, ""elevation"": 0.0}, {""range"": 1.9080824632418592, ""doppler"": 0.0, ""angle"": 46.093530014299844, ""elevation"": 0.0}, {""range"": 1.9373484455821937, ""doppler"": 0.0, ""angle"": 44.70084710159965, ""elevation"": 0.0}]",1785098981463.52
5,"[{""range"": 0.7057716219721261, ""doppler"": 0.0, ""angle"": 8.362084428258033, ""elevation"": 0.0}, {""range"": 0.7165171631137635, ""doppler"": 0.0, ""angle"": 10.72945082532644, ""elevation"": 0.0}, {""range"": 0.7341080362851997, ""doppler"": 0.0, ""angle"": 15.136387633018558, ""elevation"": 0.0}, {""range"": 1.8792835951456859, ""doppler"": 0.0, ""angle"": 40.253005310798315, ""elevation"": 0.0}, {""range"": 1.8950925836668076, ""doppler"": 0.0, ""angle"": 44.923544508265714, ""elevation"": 0.0}]",1785098981562.842
5,"[{""range"": 0.7097486366393841, ""doppler"": 0.0, ""angle"": 3.452074106004538, ""elevation"": 0.0}, {""range"": 0.7198381854951768, ""doppler"": 0.0, ""angle"": 12.247842351460577, ""elevation"": 0.0}, {""range"": 0.7363039332418027, ""doppler"": 0.0, ""angle"": 14.859712341643519, ""elevation"": 0.0}, {""range"": 1.1428535727396785, ""doppler"": 0.0, ""angle"": 30.710080576225682, ""elevation"": 0.0}, {""range"": 1.8694724206838471, ""doppler"": 0.0, ""angle"": 45.41464601827172, ""elevation"": 0.0}]",1785098981666.6748
6,"[{""range"": 0.7024357821435734, ""doppler"": 0.0, ""angle"": -0.7147015226939013, ""elevation"": 0.0}, {""range"": 0.7108614988784215, ""doppler"": 0.0, ""angle"": -2.378744033001173, ""elevation"": 0.0}, {""range"": 0.7361147471238582, ""doppler"": 0.0, ""angle"": 30.96375653207352, ""elevation"": 0.0}, {""range"": 2.0623874317591095, ""doppler"": 0.0, ""angle"": 36.15155209128605, ""elevation"": 0.0}, {""range"": 1.881052600511374, ""doppler"": 0.0, ""angle"": 46.875921277220264, ""elevation"": 0.0}, {""range"": 1.9064754344357673, ""doppler"": 0.0, ""angle"": 50.071953697641135, ""elevation"": 0.0}]",1785098981763.436
8,"[{""range"": 0.7088016773031796, ""doppler"": 0.0, ""angle"": -4.44194075110024, ""elevation"": 0.0}, {""range"": 0.8206226359023203, ""doppler"": 0.0, ""angle"": -8.89993274722901, ""elevation"": 0.0}, {""range"": 1.1200526458781652, ""doppler"": 0.0, ""angle"": 30.57314163003562, ""elevation"": 0.0}, {""range"": 1.1349614956415779, ""doppler"": 0.0, ""angle"": 31.010200007051246, ""elevation"": 0.0}, {""range"": 1.1698584983670106, ""doppler"": 0.0, ""angle"": 26.753046771252354, ""elevation"": 0.0}, {""range"": 1.8882282834442128, ""doppler"": 0.0, ""angle"": 42.45545114596887, ""elevation"": 0.0}, {""range"": 1.9118530061537986, ""doppler"": 0.0, ""angle"": 51.901765805145594, ""elevation"": 0.0}, {""range"": 1.9389810069846203, ""doppler"": 0.0, ""angle"": 55.4863065025674, ""elevation"": 0.0}]",1785098981876.4492
9,"[{""range"": 0.09149002324648903, ""doppler"": 0.0, ""angle"": -30.02267683901934, ""elevation"": 0.0}, {""range"": 0.09500002496596902, ""doppler"": 0.0, ""angle"": -32.31403665627316, ""elevation"": 0.0}, {""range"": 0.7083479907841348, ""doppler"": 0.0, ""angle"": -2.6912247891596817, ""elevation"": 0.0}, {""range"": 0.7266309226306448, ""doppler"": 0.0, ""angle"": 9.490137941504925, ""elevation"": 0.0}, {""range"": 0.7417861526121046, ""doppler"": 0.0, ""angle"": 13.12505540982132, ""elevation"": 0.0}, {""range"": 0.7836321505476269, ""doppler"": 0.0, ""angle"": 14.17259378438905, ""elevation"": 0.0}, {""range"": 1.883655554291441, ""doppler"": 0.0, ""angle"": 40.71928413948745, ""elevation"": 0.0}, {""range"": 1.8997437526651877, ""doppler"": 0.0, ""angle"": 41.271663809809645, ""elevation"": 0.0}, {""range"": 1.9386331041642955, ""doppler"": 0.0, ""angle"": 57.78902756210124, ""elevation"": 0.0}]",1785098981976.249
5,"[{""range"": 0.09901465391786692, ""doppler"": 0.0, ""angle"": -27.536857305076385, ""elevation"": 0.0}, {""range"": 0.7127679086460111, ""doppler"": 0.0, ""angle"": 3.8695309816441825, ""elevation"": 0.0}, {""range"": 0.7180026994294505, ""doppler"": 0.0, ""angle"": 5.330075130120132, ""elevation"": 0.0}, {""range"": 0.7304242797690547, ""doppler"": 0.0, ""angle"": 6.691809217938545, ""elevation"": 0.0}, {""range"": 0.7792418700044603, ""doppler"": 0.0, ""angle"": 15.614899088919648, ""elevation"": 0.0}]",1785098982063.488
6,"[{""range"": 0.7144419615431316, ""doppler"": 0.0, ""angle"": 5.356717396233042, ""elevation"": 0.0}, {""range"": 0.7224716070848097, ""doppler"": 0.0, ""angle"": 9.833005062782822, ""elevation"": 0.0}, {""range"": 0.7365573647196298, ""doppler"": 0.0, ""angle"": 13.03423465483417, ""elevation"": 0.0}, {""range"": 0.7770184990055659, ""doppler"": 0.0, ""angle"": 15.907361723807655, ""elevation"": 0.0}, {""range"": 1.881982543663295, ""doppler"": 0.0, ""angle"": 46.797966363699715, ""elevation"": 0.0}, {""range"": 1.902559262241376, ""doppler"": 0.0, ""angle"": 54.01974028579655, ""elevation"": 0.0}]",1785098982166.441
6,"[{""range"": 0.7125062174816719, ""doppler"": 0.0, ""angle"": 7.7742325235341, ""elevation"": 0.0}, {""range"": 0.7199684987635177, ""doppler"": 0.0, ""angle"": 8.512471040307295, ""elevation"": 0.0}, {""range"": 0.7340913325710824, ""doppler"": 0.0, ""angle"": 7.628767209095762, ""elevation"": 0.0}, {""range"": 0.7878339225781733, ""doppler"": 0.0, ""angle"": 6.333011283818383, ""elevation"": 0.0}, {""range"": 1.880813319266756, ""doppler"": 0.0, ""angle"": 45.1887383557181, ""elevation"": 0.0}, {""range"": 1.9005076215884136, ""doppler"": 0.0, ""angle"": 49.475887878758094, ""elevation"": 0.0}]",1785098982266.347
5,"[{""range"": 0.7077606638928191, ""doppler"": 0.0, ""angle"": 5.9165678263929475, ""elevation"": 0.0}, {""range"": 0.72070312377338, ""doppler"": 0.0, ""angle"": 9.770813389813943, ""elevation"": 0.0}, {""range"": 0.740600625161576, ""doppler"": 0.0, ""angle"": 10.221945450571582, ""elevation"": 0.0}, {""range"": 1.8778907085356604, ""doppler"": 0.0, ""angle"": 47.09910777627402, ""elevation"": 0.0}, {""range"": 1.8986279477646117, ""doppler"": 0.0, ""angle"": 52.88511633657311, ""elevation"": 0.0}]",1785098982363.5579
7,"[{""range"": 0.7005465325609498, ""doppler"": 0.0, ""angle"": 3.1019517791792315, ""elevation"": 0.0}, {""range"": 0.7437991234888489, ""doppler"": 0.0, ""angle"": 17.040954021706085, ""elevation"": 0.0}, {""range"": 0.7308892207392238, ""doppler"": 0.0, ""angle"": 21.423972393339827, ""elevation"": 0.0}, {""range"": 1.1078225187455035, ""doppler"": 0.0, ""angle"": 26.17627469428311, ""elevation"": 0.0}, {""range"": 1.1087440007449183, ""doppler"": 0.0, ""angle"": 27.499026451107525, ""elevation"": 0.0}, {""range"": 1.8791448821245527, ""doppler"": 0.0, ""angle"": 47.56457497268065, ""elevation"": 0.0}, {""range"": 1.9051333019583003, ""doppler"": 0.0, ""angle"": 54.96744823840566, ""elevation"": 0.0}]",1785098982473.444
6,"[{""range"": 0.670875662061111, ""doppler"": 0.0, ""angle"": -6.4582437530464345, ""elevation"": 0.0}, {""range"": 0.7112694612416539, ""doppler"": 0.0, ""angle"": 1.080380727811888, ""elevation"": 0.0}, {""range"": 0.7258045259255178, ""doppler"": 0.0, ""angle"": 2.541670637397478, ""elevation"": 0.0}, {""range"": 0.7401041562023642, ""doppler"": 0.0, ""angle"": 3.976140185784623, ""elevation"": 0.0}, {""range"": 1.8774816127256782, ""doppler"": 0.0, ""angle"": 40.35684455294791, ""elevation"": 0.0}, {""range"": 1.9023137442585254, ""doppler"": 0.0, ""angle"": 38.255233664267195, ""elevation"": 0.0}]",1785098982566.7673
7,"[{""range"": 0.7230938801352415, ""doppler"": 0.0, ""angle"": 3.3315160996348876, ""elevation"": 0.0}, {""range"": 0.7293980825342427, ""doppler"": 0.0, ""angle"": 5.246567989115362, ""elevation"": 0.0}, {""range"": 0.7418043856496258, ""doppler"": 0.0, ""angle"": 6.352393370495319, ""elevation"": 0.0}, {""range"": 0.7798789299933115, ""doppler"": 0.0, ""angle"": 3.957388262650374, ""elevation"": 0.0}, {""range"": 1.8495096146285723, ""doppler"": 0.0, ""angle"": 38.948758971611525, ""elevation"": 0.0}, {""range"": 1.8766302189936543, ""doppler"": 0.0, ""angle"": 41.12121437575375, ""elevation"": 0.0}, {""range"": 1.905802720522963, ""doppler"": 0.0, ""angle"": 41.462552976937026, ""elevation"": 0.0}]",1785098982663.44
5,"[{""range"": 0.7241983104610858, ""doppler"": 0.0, ""angle"": 5.838692671877113, ""elevation"": 0.0}, {""range"": 0.7354039744105931, ""doppler"": 0.0, ""angle"": 8.065085335746534, ""elevation"": 0.0}, {""range"": 0.7436178210736191, ""doppler"": 0.0, ""angle"": 8.769207110288516, ""elevation"": 0.0}, {""range"": 1.8773555403249758, ""doppler"": 0.0, ""angle"": 48.9198310027029, ""elevation"": 0.0}, {""range"": 1.9030049389425803, ""doppler"": 0.0, ""angle"": 54.573097206526064, ""elevation"": 0.0}]",1785098982763.416
8,"[{""range"": 1.197758147178726, ""doppler"": 0.0, ""angle"": -22.821206691797258, ""elevation"": 0.0}, {""range"": 1.2282409992172763, ""doppler"": 0.0, ""angle"": -23.418742967359048, ""elevation"": 0.0}, {""range"": 0.7188377095466713, ""doppler"": 0.0, ""angle"": -0.22804169938895757, ""elevation"": 0.0}, {""range"": 0.7264531480823542, ""doppler"": 0.0, ""angle"": 1.0013752188225644, ""elevation"": 0.0}, {""range"": 0.7400900504193548, ""doppler"": 0.0, ""angle"": 2.783596877450877, ""elevation"": 0.0}, {""range"": 0.7899999618530273, ""doppler"": 0.0, ""angle"": 0.0, ""elevation"": 0.0}, {""range"": 1.8782639239033851, ""doppler"": 0.0, ""angle"": 47.967378063267695, ""elevation"": 0.0}, {""range"": 1.9102090940853156, ""doppler"": 0.0, ""angle"": 55.920191517001676, ""elevation"": 0.0}]",1785098982866.325
8,"[{""range"": 0.7945865327797407, ""doppler"": 0.0, ""angle"": 13.27005191670215, ""elevation"": 0.0}, {""range"": 0.7240822710899841, ""doppler"": 0.0, ""angle"": 21.134018071506553, ""elevation"": 0.0}, {""range"": 0.732082525757943, ""doppler"": 0.0, ""angle"": 19.80256323993936, ""elevation"": 0.0}, {""range"": 0.7459780020461906, ""doppler"": 0.0, ""angle"": 18.895320406214807, ""elevation"": 0.0}, {""range"": 1.8568767682456282, ""doppler"": 0.0, ""angle"": 44.11043393794614, ""elevation"": 0.0}, {""range"": 1.8829081897365267, ""doppler"": 0.0, ""angle"": 48.16040876296962, ""elevation"": 0.0}, {""range"": 1.9108034766557467, ""doppler"": 0.0, ""angle"": 54.053438662173775, ""elevation"": 0.0}, {""range"": 1.945027641769232, ""doppler"": 0.0, ""angle"": 57.01411380836174, ""elevation"": 0.0}]",1785098982966.845
6,"[{""range"": 0.7961002399240743, ""doppler"": 0.0, ""angle"": 9.65908327844079, ""elevation"": 0.0}, {""range"": 0.7227697713269077, ""doppler"": 0.0, ""angle"": 15.394360873612658, ""elevation"": 0.0}, {""range"": 0.728150584210216, ""doppler"": 0.0, ""angle"": 14.578846160009515, ""elevation"": 0.0}, {""range"": 0.7384162933286252, ""doppler"": 0.0, ""angle"": 13.285804219631503, ""elevation"": 0.0}, {""range"": 1.8775842015666389, ""doppler"": 0.0, ""angle"": 50.04561629455443, ""elevation"": 0.0}, {""range"": 2.7002550838318324, ""doppler"": 0.0, ""angle"": 45.53390447689961, ""elevation"": 0.0}]",1785098983073.545
8,"[{""range"": 0.7085338280013348, ""doppler"": 0.0, ""angle"": -3.7332790666141302, ""elevation"": 0.0}, {""range"": 0.6931236134392974, ""doppler"": 0.0, ""angle"": -2.6763926043986523, ""elevation"": 0.0}, {""range"": 0.7172560140205355, ""doppler"": 0.0, ""angle"": -3.4302083569093145, ""elevation"": 0.0}, {""range"": 0.7360037361703474, ""doppler"": 0.0, ""angle"": 3.579807635856207, ""elevation"": 0.0}, {""range"": 0.7946519005046245, ""doppler"": 0.0, ""angle"": 6.550910326900215, ""elevation"": 0.0}, {""range"": 1.8833942366506096, ""doppler"": 0.0, ""angle"": 42.849291471075944, ""elevation"": 0.0}, {""range"": 1.9110343431255723, ""doppler"": 0.0, ""angle"": 47.195459081770764, ""elevation"": 0.0}, {""range"": 1.9480601909180932, ""doppler"": 0.0, ""angle"": 47.685980794433945, ""elevation"": 0.0}]",1785098983163.436
6,"[{""range"": 0.7964001067405155, ""doppler"": 0.0, ""angle"": -1.0806815035675315, ""elevation"": 0.0}, {""range"": 0.7119871048458624, ""doppler"": 0.0, ""angle"": 6.387864060884955, ""elevation"": 0.0}, {""range"": 0.7175660818153043, ""doppler"": 0.0, ""angle"": 9.046853519235468, ""elevation"": 0.0}, {""range"": 0.7303637800238101, ""doppler"": 0.0, ""angle"": 12.083000278316675, ""elevation"": 0.0}, {""range"": 1.8809306432969315, ""doppler"": 0.0, ""angle"": 45.06162490714641, ""elevation"": 0.0}, {""range"": 1.9014485567841102, ""doppler"": 0.0, ""angle"": 47.118840168758425, ""elevation"": 0.0}]",1785098983266.2988
4,"[{""range"": 0.7110786957436482, ""doppler"": 0.0, ""angle"": 3.7776551874356947, ""elevation"": 0.0}, {""range"": 0.7171631503374624, ""doppler"": 0.0, ""angle"": 7.204753736053635, ""elevation"": 0.0}, {""range"": 0.7330649256040104, ""doppler"": 0.0, ""angle"": 13.873539212820367, ""elevation"": 0.0}, {""range"": 0.7832785140800277, ""doppler"": 0.0, ""angle"": 17.045029311303846, ""elevation"": 0.0}]",1785098983373.555
