num_points,points,timestamp_ms
4,"[{""range"": 0.7760786168028714, ""doppler"": 0.0, ""angle"": -19.34923219137073, ""elevation"": 0.0}, {""range"": 0.7219255127781722, ""doppler"": 0.0, ""angle"": -8.202354244625583, ""elevation"": 0.0}, {""range"": 0.6792655598853874, ""doppler"": 0.0, ""angle"": 16.140144862520945, ""elevation"": 0.0}, {""range"": 2.0574814056878803, ""doppler"": 0.0, ""angle"": 51.9428982188969, ""elevation"": 0.0}]",1785110159821.032
7,"[{""range"": 0.7759541004759147, ""doppler"": 0.0, ""angle"": -20.33505978849887, ""elevation"": 0.0}, {""range"": 1.179106418254448, ""doppler"": 0.0, ""angle"": -20.311970885561845, ""elevation"": 0.0}, {""range"": 0.8242694172433395, ""doppler"": 0.0, ""angle"": -17.094504432191933, ""elevation"": 0.0}, {""range"": 0.7045804980024859, ""doppler"": 0.0, ""angle"": 20.98322401614521, ""elevation"": 0.0}, {""range"": 0.7244707400434666, ""doppler"": 0.0, ""angle"": 18.23817982608611, ""elevation"": 0.0}, {""range"": 2.0259875141678054, ""doppler"": 0.0, ""angle"": 56.9326729171167, ""elevation"": 0.0}, {""range"": 2.0543890269535123, ""doppler"": 0.0, ""angle"": 59.29196922687548, ""elevation"": 0.0}]",1785110159821.416
7,"[{""range"": 0.8063432509107501, ""doppler"": 0.0, ""angle"": -19.604252114461485, ""elevation"": 0.0}, {""range"": 0.7741580310905508, ""doppler"": 0.0, ""angle"": -17.27981348264631, ""elevation"": 0.0}, {""range"": 1.1629011311155988, ""doppler"": 0.0, ""angle"": -17.097547113272608, ""elevation"": 0.0}, {""range"": 0.7180046588548096, ""doppler"": 0.0, ""angle"": -1.4984268114228727, ""elevation"": 0.0}, {""range"": 0.6903778836040879, ""doppler"": 0.0, ""angle"": 10.838444778868839, ""elevation"": 0.0}, {""range"": 2.027729902533537, ""doppler"": 0.0, ""angle"": 50.35615852300019, ""elevation"": 0.0}, {""range"": 2.057938457325588, ""doppler"": 0.0, ""angle"": 49.48942296676707, ""elevation"": 0.0}]",1785110159821.722
9,"[{""range"": 0.7752527770176114, ""doppler"": 0.0, ""angle"": -19.17466649086251, ""elevation"": 0.0}, {""range"": 1.1602046800216725, ""doppler"": 0.0, ""angle"": -20.761720433311233, ""elevation"": 0.0}, {""range"": 1.174543843219289, ""doppler"": 0.0, ""angle"": -19.753572877042384, ""elevation"": 0.0}, {""range"": 0.707670326943267, ""doppler"": 0.0, ""angle"": 9.526584468573581, ""elevation"": 0.0}, {""range"": 0.6997184832330505, ""doppler"": 0.0, ""angle"": 11.393206990929924, ""elevation"": 0.0}, {""range"": 2.9342076704293896, ""doppler"": 0.0, ""angle"": 12.744681323760746, ""elevation"": 0.0}, {""range"": 2.026984605504386, ""doppler"": 0.0, ""angle"": 41.04755969329148, ""elevation"": 0.0}, {""range"": 2.0847066609927496, ""doppler"": 0.0, ""angle"": 41.39396824991758, ""elevation"": 0.0}, {""range"": 2.057933120320227, ""doppler"": 0.0, ""angle"": 43.91920863061637, ""elevation"": 0.0}]",1785110159822.0378
9,"[{""range"": 0.7942620489968768, ""doppler"": 0.0, ""angle"": -21.736736184100714, ""elevation"": 0.0}, {""range"": 0.8165917887767717, ""doppler"": 0.0, ""angle"": -20.589819446252328, ""elevation"": 0.0}, {""range"": 0.8718522408525083, ""doppler"": 0.0, ""angle"": -16.907472910384136, ""elevation"": 0.0}, {""range"": 0.693785760096925, ""doppler"": 0.0, ""angle"": 1.2553137351557588, ""elevation"": 0.0}, {""range"": 0.707860317088592, ""doppler"": 0.0, ""angle"": -1.6502180078469608, ""elevation"": 0.0}, {""range"": 2.9263356644056393, ""doppler"": 0.0, ""angle"": 19.188928252516778, ""elevation"": 0.0}, {""range"": 1.9875570021632387, ""doppler"": 0.0, ""angle"": 50.420807174674934, ""elevation"": 0.0}, {""range"": 2.020284018638499, ""doppler"": 0.0, ""angle"": 50.29312283888401, ""elevation"": 0.0}, {""range"": 2.0523612643463065, ""doppler"": 0.0, ""angle"": 50.31650734472068, ""elevation"": 0.0}]",1785110159822.371
5,"[{""range"": 0.7947280051805359, ""doppler"": 0.0, ""angle"": -25.723289885724206, ""elevation"": 0.0}, {""range"": 0.8315829249896391, ""doppler"": 0.0, ""angle"": -20.78099351774912, ""elevation"": 0.0}, {""range"": 0.6933854722169722, ""doppler"": 0.0, ""angle"": 6.336928330779128, ""elevation"": 0.0}, {""range"": 0.701180237693253, ""doppler"": 0.0, ""angle"": 9.719349177825285, ""elevation"": 0.0}, {""range"": 2.0495363447507815, ""doppler"": 0.0, ""angle"": 48.79197306638345, ""elevation"": 0.0}]",1785110159822.675
6,"[{""range"": 0.7856421324386667, ""doppler"": 0.0, ""angle"": -21.174205710329556, ""elevation"": 0.0}, {""range"": 0.811853564142344, ""doppler"": 0.0, ""angle"": -21.337410290467435, ""elevation"": 0.0}, {""range"": 0.7540665660115052, ""doppler"": 0.0, ""angle"": -17.584211562781782, ""elevation"": 0.0}, {""range"": 0.8682711388794062, ""doppler"": 0.0, ""angle"": -14.502727269317022, ""elevation"": 0.0}, {""range"": 0.7013030756550831, ""doppler"": 0.0, ""angle"": 27.3360049853849, ""elevation"": 0.0}, {""range"": 2.0625949524648353, ""doppler"": 0.0, ""angle"": 51.21141822630471, ""elevation"": 0.0}]",1785110159822.992
7,"[{""range"": 0.7975179451082226, ""doppler"": 0.0, ""angle"": -20.226762755736793, ""elevation"": 0.0}, {""range"": 0.7830860181420023, ""doppler"": 0.0, ""angle"": -16.407260220951, ""elevation"": 0.0}, {""range"": 0.6589679483497315, ""doppler"": 0.0, ""angle"": 3.0487424070251175, ""elevation"": 0.0}, {""range"": 0.6780142442560608, ""doppler"": 0.0, ""angle"": 3.6592815186608023, ""elevation"": 0.0}, {""range"": 1.9793913035297652, ""doppler"": 0.0, ""angle"": 48.28479075282055, ""elevation"": 0.0}, {""range"": 2.0181901139906766, ""doppler"": 0.0, ""angle"": 51.43532917997828, ""elevation"": 0.0}, {""range"": 2.050888675868996, ""doppler"": 0.0, ""angle"": 53.10912111161509, ""elevation"": 0.0}]",1785110159823.297
8,"[{""range"": 1.2215749536045184, ""doppler"": 0.0, ""angle"": -41.997810241854744, ""elevation"": 0.0}, {""range"": 0.8000295489397686, ""doppler"": 0.0, ""angle"": -22.48392280723112, ""elevation"": 0.0}, {""range"": 0.8179368623742524, ""doppler"": 0.0, ""angle"": -20.34053833995546, ""elevation"": 0.0}, {""range"": 0.8707280958185252, ""doppler"": 0.0, ""angle"": -12.717691405167354, ""elevation"": 0.0}, {""range"": 0.69674729620085, ""doppler"": 0.0, ""angle"": 10.438997575895332, ""elevation"": 0.0}, {""range"": 0.7243553623016215, ""doppler"": 0.0, ""angle"": 18.56913073103783, ""elevation"": 0.0}, {""range"": 0.7447325591505922, ""doppler"": 0.0, ""angle"": 22.636796637188123, ""elevation"": 0.0}, {""range"": 2.0585315167110885, ""doppler"": 0.0, ""angle"": 47.42901760726542, ""elevation"": 0.0}]",1785110159823.5881
8,"[{""range"": 0.7835048353211977, ""doppler"": 0.0, ""angle"": 24.441790388625744, ""elevation"": 0.0}, {""range"": 0.7467695724537972, ""doppler"": 0.0, ""angle"": 30.617882552349464, ""elevation"": 0.0}, {""range"": 0.7526756847158922, ""doppler"": 0.0, ""angle"": 28.958091005219742, ""elevation"": 0.0}, {""range"": 0.7257594134666377, ""doppler"": 0.0, ""angle"": 41.15405360315357, ""elevation"": 0.0}, {""range"": 1.048375254607021, ""doppler"": 0.0, ""angle"": 40.877950561121835, ""elevation"": 0.0}, {""range"": 2.0620767162740865, ""doppler"": 0.0, ""angle"": 52.82007081116955, ""elevation"": 0.0}, {""range"": 2.0789499300472194, ""doppler"": 0.0, ""angle"": 47.90399539810263, ""elevation"": 0.0}, {""range"": 2.0324878195662315, ""doppler"": 0.0, ""angle"": 56.58814658047407, ""elevation"": 0.0}]",1785110159823.8909
7,"[{""range"": 0.8067177319798394, ""doppler"": 0.0, ""angle"": -16.12507699772976, ""elevation"": 0.0}, {""range"": 0.7780419491949796, ""doppler"": 0.0, ""angle"": -7.979260627034411, ""elevation"": 0.0}, {""range"": 0.6598565870569726, ""doppler"": 0.0, ""angle"": 0.5744912731569224, ""elevation"": 0.0}, {""range"": 0.6614117385069174, ""doppler"": 0.0, ""angle"": -2.2621311711524372, ""elevation"": 0.0}, {""range"": 1.190277811396348, ""doppler"": 0.0, ""angle"": 1.5753659889805673, ""elevation"": 0.0}, {""range"": 0.7444868282155874, ""doppler"": 0.0, ""angle"": 18.60031670806989, ""elevation"": 0.0}, {""range"": 0.7338738664891026, ""doppler"": 0.0, ""angle"": 26.30907304364732, ""elevation"": 0.0}]",1785110159824.1938
7,"[{""range"": 0.8112476639590755, ""doppler"": 0.0, ""angle"": -17.867840569862043, ""elevation"": 0.0}, {""range"": 0.7720509822431127, ""doppler"": 0.0, ""angle"": -8.33653892389383, ""elevation"": 0.0}, {""range"": 0.6850563692704704, ""doppler"": 0.0, ""angle"": 7.423670700460869, ""elevation"": 0.0}, {""range"": 0.7276290542638816, ""doppler"": 0.0, ""angle"": 26.552457314325963, ""elevation"": 0.0}, {""range"": 0.742305403306768, ""doppler"": 0.0, ""angle"": 27.17613360486138, ""elevation"": 0.0}, {""range"": 2.0277384412021426, ""doppler"": 0.0, ""angle"": 53.57069051382427, ""elevation"": 0.0}, {""range"": 2.0545977523637218, ""doppler"": 0.0, ""angle"": 56.09141627069113, ""elevation"": 0.0}]",1785110159824.488
7,"[{""range"": 1.1917368133522879, ""doppler"": 0.0, ""angle"": -26.02294516180335, ""elevation"": 0.0}, {""range"": 0.8113237488984788, ""doppler"": 0.0, ""angle"": -11.698750252176964, ""elevation"": 0.0}, {""range"": 0.773976197489913, ""doppler"": 0.0, ""angle"": -6.793356038484431, ""elevation"": 0.0}, {""range"": 0.6891818439566818, ""doppler"": 0.0, ""angle"": 9.618734116391408, ""elevation"": 0.0}, {""range"": 0.7186033691257292, ""doppler"": 0.0, ""angle"": 6.2284059971315875, ""elevation"": 0.0}, {""range"": 2.0238239766278223, ""doppler"": 0.0, ""angle"": 55.7735812401177, ""elevation"": 0.0}, {""range"": 2.0532907273116447, ""doppler"": 0.0, ""angle"": 55.92244005422687, ""elevation"": 0.0}]",1785110159824.7832
5,"[{""range"": 0.7003069617947659, ""doppler"": 0.0, ""angle"": 0.8192913594989117, ""elevation"": 0.0}, {""range"": 0.685843193624919, ""doppler"": 0.0, ""angle"": 8.335023519131688, ""elevation"": 0.0}, {""range"": 3.614649382968613, ""doppler"": 0.0, ""angle"": 5.396126791375831, ""elevation"": 0.0}, {""range"": 2.9337488820115705, ""doppler"": 0.0, ""angle"": 11.418143552452483, ""elevation"": 0.0}, {""range"": 2.062307082803725, ""doppler"": 0.0, ""angle"": 50.834329849851294, ""elevation"": 0.0}]",1785110159825.0898
5,"[{""range"": 0.7746320764113966, ""doppler"": 0.0, ""angle"": -30.90478227469993, ""elevation"": 0.0}, {""range"": 0.6537190929331176, ""doppler"": 0.0, ""angle"": 2.633874479521818, ""elevation"": 0.0}, {""range"": 0.6682812858966904, ""doppler"": 0.0, ""angle"": 5.974500583323124, ""elevation"": 0.0}, {""range"": 0.6858403730726501, ""doppler"": 0.0, ""angle"": 8.637131415070755, ""elevation"": 0.0}, {""range"": 2.0637850725378146, ""doppler"": 0.0, ""angle"": 54.90264632963006, ""elevation"": 0.0}]",1785110159825.3923
7,"[{""range"": 0.7598728383280455, ""doppler"": 0.0, ""angle"": -18.707824411862664, ""elevation"": 0.0}, {""range"": 0.7874931967478683, ""doppler"": 0.0, ""angle"": -21.23366470475152, ""elevation"": 0.0}, {""range"": 0.8074657573114595, ""doppler"": 0.0, ""angle"": -21.132250844149166, ""elevation"": 0.0}, {""range"": 0.641255589500728, ""doppler"": 0.0, ""angle"": -0.543223126839899, ""elevation"": 0.0}, {""range"": 0.6829736599673526, ""doppler"": 0.0, ""angle"": 19.2461538930065, ""elevation"": 0.0}, {""range"": 2.023650022008941, ""doppler"": 0.0, ""angle"": 38.89542933552095, ""elevation"": 0.0}, {""range"": 2.0485472800827744, ""doppler"": 0.0, ""angle"": 47.823200012583314, ""elevation"": 0.0}]",1785110159825.685
10,"[{""range"": 1.217306757605504, ""doppler"": 0.0, ""angle"": -38.061739224869655, ""elevation"": 0.0}, {""range"": 1.1966250395940043, ""doppler"": 0.0, ""angle"": -28.840051542836704, ""elevation"": 0.0}, {""range"": 0.7997905732125461, ""doppler"": 0.0, ""angle"": -19.812375410402236, ""elevation"": 0.0}, {""range"": 0.7702059382868809, ""doppler"": 0.0, ""angle"": -14.452428251092979, ""elevation"": 0.0}, {""range"": 0.6364099460587965, ""doppler"": 0.0, ""angle"": 2.73779695022011, ""elevation"": 0.0}, {""range"": 0.6521008808192794, ""doppler"": 0.0, ""angle"": 5.665256786637301, ""elevation"": 0.0}, {""range"": 0.6695311878550939, ""doppler"": 0.0, ""angle"": 8.307555099955886, ""elevation"": 0.0}, {""range"": 0.7021702403193152, ""doppler"": 0.0, ""angle"": 5.611867484981015, ""elevation"": 0.0}, {""range"": 2.024741312258589, ""doppler"": 0.0, ""angle"": 52.1747214370141, ""elevation"": 0.0}, {""range"": 2.051584783632707, ""doppler"": 0.0, ""angle"": 52.41496606567564, ""elevation"": 0.0}]",1785110159825.989
5,"[{""range"": 0.6333589806252448, ""doppler"": 0.0, ""angle"": -0.016176108975372194, ""elevation"": 0.0}, {""range"": 0.6465258340464897, ""doppler"": 0.0, ""angle"": 2.1873722332175154, ""elevation"": 0.0}, {""range"": 0.667540390359441, ""doppler"": 0.0, ""angle"": 6.521544443279601, ""elevation"": 0.0}, {""range"": 0.7032701116038554, ""doppler"": 0.0, ""angle"": 14.188174446251708, ""elevation"": 0.0}, {""range"": 2.0555633576496892, ""doppler"": 0.0, ""angle"": 48.18764993413438, ""elevation"": 0.0}]",1785110159826.2888
8,"[{""range"": 0.6595367927531617, ""doppler"": 0.0, ""angle"": 17.791423872381188, ""elevation"": 0.0}, {""range"": 2.9296746706396464, ""doppler"": 0.0, ""angle"": 17.226141796955424, ""elevation"": 0.0}, {""range"": 0.6858673193625325, ""doppler"": 0.0, ""angle"": 24.654118307656276, ""elevation"": 0.0}, {""range"": 0.7087515351695747, ""doppler"": 0.0, ""angle"": 28.990018607475154, ""elevation"": 0.0}, {""range"": 0.7332102663498623, ""doppler"": 0.0, ""angle"": 36.29139789799229, ""elevation"": 0.0}, {""range"": 2.061952223134148, ""doppler"": 0.0, ""angle"": 52.61135986104582, ""elevation"": 0.0}, {""range"": 2.0758855970473795, ""doppler"": 0.0, ""angle"": 47.67418862436748, ""elevation"": 0.0}, {""range"": 2.0265005503275035, ""doppler"": 0.0, ""angle"": 59.19404446525103, ""elevation"": 0.0}]",1785110159826.5757
6,"[{""range"": 1.2217265352838806, ""doppler"": 0.0, ""angle"": -38.9701988298099, ""elevation"": 0.0}, {""range"": 0.6979870855287659, ""doppler"": 0.0, ""angle"": -13.722960359330138, ""elevation"": 0.0}, {""range"": 0.6428248526501534, ""doppler"": 0.0, ""angle"": 1.8810110897224126, ""elevation"": 0.0}, {""range"": 0.6495098340390341, ""doppler"": 0.0, ""angle"": -1.5460268730087363, ""elevation"": 0.0}, {""range"": 1.867434400395476, ""doppler"": 0.0, ""angle"": 10.901068123927272, ""elevation"": 0.0}, {""range"": 2.0619556113822513, ""doppler"": 0.0, ""angle"": 53.5375409740006, ""elevation"": 0.0}]",1785110159826.8682
6,"[{""range"": 0.7159474351243645, ""doppler"": 0.0, ""angle"": -11.817905257474385, ""elevation"": 0.0}, {""range"": 0.7515473079495449, ""doppler"": 0.0, ""angle"": -14.720665341789848, ""elevation"": 0.0}, {""range"": 0.6702541642424338, ""doppler"": 0.0, ""angle"": -7.049178167495291, ""elevation"": 0.0}, {""range"": 0.6327201382378141, ""doppler"": 0.0, ""angle"": -0.8906201418867814, ""elevation"": 0.0}, {""range"": 0.6436816087928192, ""doppler"": 0.0, ""angle"": -3.2328040899886172, ""elevation"": 0.0}, {""range"": 2.0648051958094875, ""doppler"": 0.0, ""angle"": 57.854186240979196, ""elevation"": 0.0}]",1785110159827.148
7,"[{""range"": 1.2098959635531208, ""doppler"": 0.0, ""angle"": -29.842560575643024, ""elevation"": 0.0}, {""range"": 1.195946975038458, ""doppler"": 0.0, ""angle"": -18.48912921293142, ""elevation"": 0.0}, {""range"": 0.6571167824545714, ""doppler"": 0.0, ""angle"": 2.948050241702819, ""elevation"": 0.0}, {""range"": 0.6829750878685186, ""doppler"": 0.0, ""angle"": 7.476679595374039, ""elevation"": 0.0}, {""range"": 0.7095722876686812, ""doppler"": 0.0, ""angle"": 10.321635115755909, ""elevation"": 0.0}, {""range"": 0.7446647845878269, ""doppler"": 0.0, ""angle"": 5.954275333345313, ""elevation"": 0.0}, {""range"": 2.0617202660934733, ""doppler"": 0.0, ""angle"": 53.44615073469544, ""elevation"": 0.0}]",1785110159827.4229
6,"[{""range"": 0.7685058021715073, ""doppler"": 0.0, ""angle"": -22.41784204191764, ""elevation"": 0.0}, {""range"": 1.1939048601045272, ""doppler"": 0.0, ""angle"": -21.10343407350515, ""elevation"": 0.0}, {""range"": 0.6628684882226742, ""doppler"": 0.0, ""angle"": 7.050250258873139, ""elevation"": 0.0}, {""range"": 0.700799549558237, ""doppler"": 0.0, ""angle"": 20.788751899215885, ""elevation"": 0.0}, {""range"": 0.761522172497613, ""doppler"": 0.0, ""angle"": 48.42679315729048, ""elevation"": 0.0}, {""range"": 2.052687586518058, ""doppler"": 0.0, ""angle"": 54.72747916462759, ""elevation"": 0.0}]",1785110159827.6921
4,"[{""range"": 1.2157010763738523, ""doppler"": 0.0, ""angle"": -32.95144146687898, ""elevation"": 0.0}, {""range"": 0.769500373211616, ""doppler"": 0.0, ""angle"": -17.98865033706609, ""elevation"": 0.0}, {""range"": 0.6746208972470152, ""doppler"": 0.0, ""angle"": 11.652446179620089, ""elevation"": 0.0}, {""range"": 2.0575946078179865, ""doppler"": 0.0, ""angle"": 54.3720252548795, ""elevation"": 0.0}]",1785110159827.97
8,"[{""range"": 1.2223629129086333, ""doppler"": 0.0, ""angle"": -38.91375055476358, ""elevation"": 0.0}, {""range"": 0.7715433584509953, ""doppler"": 0.0, ""angle"": -15.140983835076906, ""elevation"": 0.0}, {""range"": 0.8012630249896064, ""doppler"": 0.0, ""angle"": -18.192342878986455, ""elevation"": 0.0}, {""range"": 0.7333673066414208, ""doppler"": 0.0, ""angle"": -8.708987562837704, ""elevation"": 0.0}, {""range"": 0.6647478174937252, ""doppler"": 0.0, ""angle"": 24.862332305319285, ""elevation"": 0.0}, {""range"": 0.7085243737084437, ""doppler"": 0.0, ""angle"": 22.338449385035887, ""elevation"": 0.0}, {""range"": 0.6846631433929861, ""doppler"": 0.0, ""angle"": 28.465954608824003, ""elevation"": 0.0}, {""range"": 2.057249682817878, ""doppler"": 0.0, ""angle"": 62.73782963316014, ""elevation"": 0.0}]",1785110159828.267
8,"[{""range"": 1.2000398304946125, ""doppler"": 0.0, ""angle"": -31.124814467937792, ""elevation"": 0.0}, {""range"": 1.2088093352515954, ""doppler"": 0.0, ""angle"": -33.549026259591784, ""elevation"": 0.0}, {""range"": 0.6475752248100627, ""doppler"": 0.0, ""angle"": -3.688839507363482, ""elevation"": 0.0}, {""range"": 0.668292075027496, ""doppler"": 0.0, ""angle"": -5.681609651932753, ""elevation"": 0.0}, {""range"": 1.8753267690793565, ""doppler"": 0.0, ""angle"": 14.29197326176788, ""elevation"": 0.0}, {""range"": 0.7221749579227842, ""doppler"": 0.0, ""angle"": 29.732563786717943, ""elevation"": 0.0}, {""range"": 0.7471602181014566, ""doppler"": 0.0, ""angle"": 36.68066758591039, ""elevation"": 0.0}, {""range"": 2.059220374872525, ""doppler"": 0.0, ""angle"": 57.15446549828847, ""elevation"": 0.0}]",1785110159828.5552
9,"[{""range"": 1.189360409039361, ""doppler"": 0.0, ""angle"": -18.84083140467633, ""elevation"": 0.0}, {""range"": 1.209048496311597, ""doppler"": 0.0, ""angle"": -24.267928202231786, ""elevation"": 0.0}, {""range"": 1.1681373605354812, ""doppler"": 0.0, ""angle"": -14.059642522673292, ""elevation"": 0.0}, {""range"": 0.7779577800048457, ""doppler"": 0.0, ""angle"": -1.5805356300895228, ""elevation"": 0.0}, {""range"": 0.6558776648220176, ""doppler"": 0.0, ""angle"": 4.42506256184507, ""elevation"": 0.0}, {""range"": 0.6554546414099616, ""doppler"": 0.0, ""angle"": 6.5007223864591435, ""elevation"": 0.0}, {""range"": 2.033083805077476, ""doppler"": 0.0, ""angle"": 51.14422743904102, ""elevation"": 0.0}, {""range"": 2.063196754507702, ""doppler"": 0.0, ""angle"": 57.608787142033, ""elevation"": 0.0}, {""range"": 2.0800938935062496, ""doppler"": 0.0, ""angle"": 62.485540149986555, ""elevation"": 0.0}]",1785110159828.859
10,"[{""range"": 0.7799433780946973, ""doppler"": 0.0, ""angle"": -26.923402143719272, ""elevation"": 0.0}, {""range"": 1.2092327046917362, ""doppler"": 0.0, ""angle"": -29.88990432820511, ""elevation"": 0.0}, {""range"": 0.7980608321839215, ""doppler"": 0.0, ""angle"": -22.139926005550528, ""elevation"": 0.0}, {""range"": 1.169568744636929, ""doppler"": 0.0, ""angle"": -22.518789338406357, ""elevation"": 0.0}, {""range"": 1.1895300331685257, ""doppler"": 0.0, ""angle"": -25.22450294070006, ""elevation"": 0.0}, {""range"": 0.6551844307029157, ""doppler"": 0.0, ""angle"": 1.3762104625666218, ""elevation"": 0.0}, {""range"": 0.6780828570207074, ""doppler"": 0.0, ""angle"": 7.104401638292829, ""elevation"": 0.0}, {""range"": 0.70686417069351, ""doppler"": 0.0, ""angle"": 10.803959878291357, ""elevation"": 0.0}, {""range"": 2.091144445998012, ""doppler"": 0.0, ""angle"": 52.20408170715341, ""elevation"": 0.0}, {""range"": 2.072179844540286, ""doppler"": 0.0, ""angle"": 58.284960999484596, ""elevation"": 0.0}]",1785110159829.14
10,"[{""range"": 1.2135150443781664, ""doppler"": 0.0, ""angle"": -42.193045170174415, ""elevation"": 0.0}, {""range"": 1.1632664462593738, ""doppler"": 0.0, ""angle"": -27.10466960862151, ""elevation"": 0.0}, {""range"": 1.1843558000971106, ""doppler"": 0.0, ""angle"": -33.690067525979785, ""elevation"": 0.0}, {""range"": 0.7393848073600267, ""doppler"": 0.0, ""angle"": -11.905071896249938, ""elevation"": 0.0}, {""range"": 0.7774008132390718, ""doppler"": 0.0, ""angle"": -17.426353856535155, ""elevation"": 0.0}, {""range"": 0.6613864306241454, ""doppler"": 0.0, ""angle"": 3.1927190922427444, ""elevation"": 0.0}, {""range"": 0.6744628837256345, ""doppler"": 0.0, ""angle"": 1.230507714823888, ""elevation"": 0.0}, {""range"": 2.043226275968176, ""doppler"": 0.0, ""angle"": 56.26960194824397, ""elevation"": 0.0}, {""range"": 2.0653584088343644, ""doppler"": 0.0, ""angle"": 55.861415458671374, ""elevation"": 0.0}, {""range"": 2.0802629745083654, ""doppler"": 0.0, ""angle"": 55.070921332553006, ""elevation"": 0.0}]",1785110159829.419
8,"[{""range"": 1.218918770327207, ""doppler"": 0.0, ""angle"": -38.537729363160906, ""elevation"": 0.0}, {""range"": 1.1918042220831362, ""doppler"": 0.0, ""angle"": -33.916569573297146, ""elevation"": 0.0}, {""range"": 0.7787268210648068, ""doppler"": 0.0, ""angle"": -19.741438981371143, ""elevation"": 0.0}, {""range"": 0.8124546637164991, ""doppler"": 0.0, ""angle"": -12.197803760923382, ""elevation"": 0.0}, {""range"": 0.9280705896143273, ""doppler"": 0.0, ""angle"": -9.761774775042245, ""elevation"": 0.0}, {""range"": 0.6850556691578764, ""doppler"": 0.0, ""angle"": 14.203095734780238, ""elevation"": 0.0}, {""range"": 0.7062519775679081, ""doppler"": 0.0, ""angle"": 14.891235850319513, ""elevation"": 0.0}, {""range"": 2.0606598555780002, ""doppler"": 0.0, ""angle"": 56.01897445820645, ""elevation"": 0.0}]",1785110159829.687
11,"[{""range"": 1.2116688295444997, ""doppler"": 0.0, ""angle"": -37.59540020537772, ""elevation"": 0.0}, {""range"": 1.1677199018160302, ""doppler"": 0.0, ""angle"": -26.95350448906854, ""elevation"": 0.0}, {""range"": 1.1863359230014063, ""doppler"": 0.0, ""angle"": -30.217273957384325, ""elevation"": 0.0}, {""range"": 0.7762843422333551, ""doppler"": 0.0, ""angle"": -16.101302399158424, ""elevation"": 0.0}, {""range"": 0.8056673295306349, ""doppler"": 0.0, ""angle"": -16.769889504566045, ""elevation"": 0.0}, {""range"": 0.6670035875551744, ""doppler"": 0.0, ""angle"": 2.704392740080233, ""elevation"": 0.0}, {""range"": 0.6805434936824742, ""doppler"": 0.0, ""angle"": 5.397512748066279, ""elevation"": 0.0}, {""range"": 0.7054592256362772, ""doppler"": 0.0, ""angle"": 12.412240974644615, ""elevation"": 0.0}, {""range"": 2.0354071644753686, ""doppler"": 0.0, ""angle"": 56.54586561425183, ""elevation"": 0.0}, {""range"": 2.0619724207321624, ""doppler"": 0.0, ""angle"": 56.87219170775009, ""elevation"": 0.0}, {""range"": 2.075648118700905, ""doppler"": 0.0, ""angle"": 60.59062186928629, ""elevation"": 0.0}]",1785110159829.969
8,"[{""range"": 0.8084782893868661, ""doppler"": 0.0, ""angle"": -26.451706558339648, ""elevation"": 0.0}, {""range"": 1.197981031568922, ""doppler"": 0.0, ""angle"": -25.99134759230697, ""elevation"": 0.0}, {""range"": 1.2128252263949941, ""doppler"": 0.0, ""angle"": -33.57526525899811, ""elevation"": 0.0}, {""range"": 0.7504341713143472, ""doppler"": 0.0, ""angle"": 24.85523713293646, ""elevation"": 0.0}, {""range"": 0.7106508721514957, ""doppler"": 0.0, ""angle"": 28.215806650221968, ""elevation"": 0.0}, {""range"": 0.7268596616779278, ""doppler"": 0.0, ""angle"": 27.088256976915684, ""elevation"": 0.0}, {""range"": 2.06823201389045, ""doppler"": 0.0, ""angle"": 56.124456531869534, ""elevation"": 0.0}, {""range"": 2.0771026919203353, ""doppler"": 0.0, ""angle"": 56.4248467337446, ""elevation"": 0.0}]",1785110159830.249
10,"[{""range"": 1.1970878694438698, ""doppler"": 0.0, ""angle"": -26.059817235727376, ""elevation"": 0.0}, {""range"": 1.21329662117136, ""doppler"": 0.0, ""angle"": -32.71340974668016, ""elevation"": 0.0}, {""range"": 0.6653567501532168, ""doppler"": 0.0, ""angle"": -5.784137619548271, ""elevation"": 0.0}, {""range"": 0.8301788695851167, ""doppler"": 0.0, ""angle"": -6.592318260329105, ""elevation"": 0.0}, {""range"": 0.6539225822789827, ""doppler"": 0.0, ""angle"": -2.6801071340682374, ""elevation"": 0.0}, {""range"": 0.7613760629249302, ""doppler"": 0.0, ""angle"": 16.76239922700038, ""elevation"": 0.0}, {""range"": 0.7347461950404246, ""doppler"": 0.0, ""angle"": 26.571287113003855, ""elevation"": 0.0}, {""range"": 2.074735730102357, ""doppler"": 0.0, ""angle"": 53.58342604632639, ""elevation"": 0.0}, {""range"": 2.048615206453685, ""doppler"": 0.0, ""angle"": 68.0741477234809, ""elevation"": 0.0}, {""range"": 2.065269830704738, ""doppler"": 0.0, ""angle"": 56.58785809625769, ""elevation"": 0.0}]",1785110159830.529
5,"[{""range"": 0.807415406264088, ""doppler"": 0.0, ""angle"": -19.77929654448974, ""elevation"": 0.0}, {""range"": 0.8056054156179214, ""doppler"": 0.0, ""angle"": -17.783431469311296, ""elevation"": 0.0}, {""range"": 2.037473833956054, ""doppler"": 0.0, ""angle"": 50.45904143420062, ""elevation"": 0.0}, {""range"": 2.0654426718049534, ""doppler"": 0.0, ""angle"": 49.45196970605849, ""elevation"": 0.0}, {""range"": 2.0786856757313945, ""doppler"": 0.0, ""angle"": 45.89920291097985, ""elevation"": 0.0}]",1785110159830.7998
7,"[{""range"": 0.7914960411076101, ""doppler"": 0.0, ""angle"": -19.245452368262782, ""elevation"": 0.0}, {""range"": 0.7956862843456171, ""doppler"": 0.0, ""angle"": -19.713587438087558, ""elevation"": 0.0}, {""range"": 2.1185485326864884, ""doppler"": 0.0, ""angle"": 17.329214401221172, ""elevation"": 0.0}, {""range"": 2.1352170325535464, ""doppler"": 0.0, ""angle"": 14.045553421049739, ""elevation"": 0.0}, {""range"": 0.7447664763182503, ""doppler"": 0.0, ""angle"": 18.447999262187572, ""elevation"": 0.0}, {""range"": 2.0656753562926378, ""doppler"": 0.0, ""angle"": 52.72141347781059, ""elevation"": 0.0}, {""range"": 2.023313619928864, ""doppler"": 0.0, ""angle"": 59.21687159635576, ""elevation"": 0.0}]",1785110159831.0762
4,"[{""range"": 0.6804144643243794, ""doppler"": 0.0, ""angle"": -1.9277129380641373, ""elevation"": 0.0}, {""range"": 0.7637394123579708, ""doppler"": 0.0, ""angle"": 16.65298823259538, ""elevation"": 0.0}, {""range"": 0.7502922096723877, ""doppler"": 0.0, ""angle"": 24.13995627825448, ""elevation"": 0.0}, {""range"": 2.058329869905616, ""doppler"": 0.0, ""angle"": 54.64343045031468, ""elevation"": 0.0}]",1785110159831.3843
5,"[{""range"": 0.6618000338770652, ""doppler"": 0.0, ""angle"": 0.3096202204479355, ""elevation"": 0.0}, {""range"": 0.7334455417105149, ""doppler"": 0.0, ""angle"": 13.463677421533022, ""elevation"": 0.0}, {""range"": 0.7486732512280341, ""doppler"": 0.0, ""angle"": 12.974102729236657, ""elevation"": 0.0}, {""range"": 2.0722667540631274, ""doppler"": 0.0, ""angle"": 54.90429254104237, ""elevation"": 0.0}, {""range"": 2.089074952714898, ""doppler"": 0.0, ""angle"": 59.303703694310954, ""elevation"": 0.0}]",1785110159831.66
6,"[{""range"": 0.6519565118641066, ""doppler"": 0.0, ""angle"": 2.3264108714560217, ""elevation"": 0.0}, {""range"": 0.6579643563089382, ""doppler"": 0.0, ""angle"": 2.866293165109708, ""elevation"": 0.0}, {""range"": 0.6777965237001242, ""doppler"": 0.0, ""angle"": 2.0864103391317887, ""elevation"": 0.0}, {""range"": 1.972891251538116, ""doppler"": 0.0, ""angle"": 39.71580963951698, ""elevation"": 0.0}, {""range"": 2.0168211132618903, ""doppler"": 0.0, ""angle"": 43.93669402442795, ""elevation"": 0.0}, {""range"": 2.059610550266733, ""doppler"": 0.0, ""angle"": 54.19169560174339, ""elevation"": 0.0}]",1785110159831.9348
5,"[{""range"": 0.7495430092688128, ""doppler"": 0.0, ""angle"": -14.125752510821325, ""elevation"": 0.0}, {""range"": 0.6388018625012476, ""doppler"": 0.0, ""angle"": -0.8981805208744312, ""elevation"": 0.0}, {""range"": 0.6583167043150541, ""doppler"": 0.0, ""angle"": 1.0116377757839095, ""elevation"": 0.0}, {""range"": 0.6753909056776461, ""doppler"": 0.0, ""angle"": 2.306373626792865, ""elevation"": 0.0}, {""range"": 0.6952366020849102, ""doppler"": 0.0, ""angle"": 2.919069584098723, ""elevation"": 0.0}]",1785110159832.2097
7,"[{""range"": 0.61863341798354, ""doppler"": 0.0, ""angle"": -5.623254589880865, ""elevation"": 0.0}, {""range"": 0.6418219735677115, ""doppler"": 0.0, ""angle"": -7.814053190446565, ""elevation"": 0.0}, {""range"": 0.6830341207758892, ""doppler"": 0.0, ""angle"": -8.278591639108678, ""elevation"": 0.0}, {""range"": 0.7160095772269175, ""doppler"": 0.0, ""angle"": -5.158155922023551, ""elevation"": 0.0}, {""range"": 0.756385499699645, ""doppler"": 0.0, ""angle"": -5.575814671145076, ""elevation"": 0.0}, {""range"": 2.0880607297077427, ""doppler"": 0.0, ""angle"": 53.749327629497145, ""elevation"": 0.0}, {""range"": 2.0672890612197774, ""doppler"": 0.0, ""angle"": 57.37524696468592, ""elevation"": 0.0}]",1785110159832.4968
5,"[{""range"": 0.7478531479159068, ""doppler"": 0.0, ""angle"": -13.890047177774132, ""elevation"": 0.0}, {""range"": 0.6259994155230925, ""doppler"": 0.0, ""angle"": -5.787132944657628, ""elevation"": 0.0}, {""range"": 0.6548556900040235, ""doppler"": 0.0, ""angle"": -0.6258165045238974, ""elevation"": 0.0}, {""range"": 0.6809418689820368, ""doppler"": 0.0, ""angle"": 0.4212849041685975, ""elevation"": 0.0}, {""range"": 0.7068518442712229, ""doppler"": 0.0, ""angle"": -0.05797698958527503, ""elevation"": 0.0}]",1785110159832.761
5,"[{""range"": 1.2188035679705824, ""doppler"": 0.0, ""angle"": -22.105797768445175, ""elevation"": 0.0}, {""range"": 0.6932939078395157, ""doppler"": 0.0, ""angle"": 2.6609409893343265, ""elevation"": 0.0}, {""range"": 0.7089290580089953, ""doppler"": 0.0, ""angle"": 3.991918916915743, ""elevation"": 0.0}, {""range"": 2.0857737630178326, ""doppler"": 0.0, ""angle"": 51.47060272606674, ""elevation"": 0.0}, {""range"": 2.0940606684257674, ""doppler"": 0.0, ""angle"": 48.596835457175146, ""elevation"": 0.0}]",1785110159833.026
5,"[{""range"": 0.6164444342148135, ""doppler"": 0.0, ""angle"": -5.760205587877693, ""elevation"": 0.0}, {""range"": 0.6368297542308123, ""doppler"": 0.0, ""angle"": -2.1079966800904915, ""elevation"": 0.0}, {""range"": 0.6604751124933537, ""doppler"": 0.0, ""angle"": 1.0703896151164034, ""elevation"": 0.0}, {""range"": 0.6906721487705854, ""doppler"": 0.0, ""angle"": 4.023261816097677, ""elevation"": 0.0}, {""range"": 2.0944884954605274, ""doppler"": 0.0, ""angle"": 58.14446423835333, ""elevation"": 0.0}]",1785110159833.282
6,"[{""range"": 0.6145529001317462, ""doppler"": 0.0, ""angle"": -5.141602277384703, ""elevation"": 0.0}, {""range"": 0.6272459442670976, ""doppler"": 0.0, ""angle"": -3.824939888871137, ""elevation"": 0.0}, {""range"": 0.6441871937956449, ""doppler"": 0.0, ""angle"": -3.1824767391851627, ""elevation"": 0.0}, {""range"": 0.7272281809249685, ""doppler"": 0.0, ""angle"": 20.676414327190795, ""elevation"": 0.0}, {""range"": 2.0826970479618687, ""doppler"": 0.0, ""angle"": 42.929885584138425, ""elevation"": 0.0}, {""range"": 2.098595026159499, ""doppler"": 0.0, ""angle"": 47.77655574528826, ""elevation"": 0.0}]",1785110159833.534
10,"[{""range"": 0.6276370113731367, ""doppler"": 0.0, ""angle"": -4.739240896497117, ""elevation"": 0.0}, {""range"": 0.6478823670304465, ""doppler"": 0.0, ""angle"": -0.6325525992175546, ""elevation"": 0.0}, {""range"": 2.720099166776649, ""doppler"": 0.0, ""angle"": 2.856198236647779, ""elevation"": 0.0}, {""range"": 0.671362030310439, ""doppler"": 0.0, ""angle"": 4.491168792418359, ""elevation"": 0.0}, {""range"": 2.7133001138126187, ""doppler"": 0.0, ""angle"": 3.7143593358251277, ""elevation"": 0.0}, {""range"": 0.7093873535219728, ""doppler"": 0.0, ""angle"": 15.602192711816443, ""elevation"": 0.0}, {""range"": 0.7471149400421043, ""doppler"": 0.0, ""angle"": 21.99748761078024, ""elevation"": 0.0}, {""range"": 1.1171167099025894, ""doppler"": 0.0, ""angle"": 28.447968717551714, ""elevation"": 0.0}, {""range"": 1.1335122488880753, ""doppler"": 0.0, ""angle"": 26.05169084972766, ""elevation"": 0.0}, {""range"": 2.0955373416444587, ""doppler"": 0.0, ""angle"": 56.96895878899173, ""elevation"": 0.0}]",1785110159833.791
6,"[{""range"": 0.6691464947618393, ""doppler"": 0.0, ""angle"": 8.606473519788873, ""elevation"": 0.0}, {""range"": 0.6874551414286955, ""doppler"": 0.0, ""angle"": 5.777324739649602, ""elevation"": 0.0}, {""range"": 0.717958967226534, ""doppler"": 0.0, ""angle"": 9.504549774029082, ""elevation"": 0.0}, {""range"": 2.7366397991409928, ""doppler"": 0.0, ""angle"": 9.420470379059397, ""elevation"": 0.0}, {""range"": 0.7518679421873249, ""doppler"": 0.0, ""angle"": 16.042726196202853, ""elevation"": 0.0}, {""range"": 2.0964904355232243, ""doppler"": 0.0, ""angle"": 55.427548553106845, ""elevation"": 0.0}]",1785110159834.086
5,"[{""range"": 0.6460662514654075, ""doppler"": 0.0, ""angle"": -11.931944509721175, ""elevation"": 0.0}, {""range"": 0.6562391726948399, ""doppler"": 0.0, ""angle"": -13.1993983355285, ""elevation"": 0.0}, {""range"": 0.6323776971659991, ""doppler"": 0.0, ""angle"": -10.788845031346055, ""elevation"": 0.0}, {""range"": 0.7485609418165122, ""doppler"": 0.0, ""angle"": 48.20506132659382, ""elevation"": 0.0}, {""range"": 2.0988258024356097, ""doppler"": 0.0, ""angle"": 50.708188941047425, ""elevation"": 0.0}]",1785110159834.346
5,"[{""range"": 0.6687188117217259, ""doppler"": 0.0, ""angle"": -12.148259516884796, ""elevation"": 0.0}, {""range"": 0.6836971297987193, ""doppler"": 0.0, ""angle"": -12.96766041681153, ""elevation"": 0.0}, {""range"": 0.8123589655904031, ""doppler"": 0.0, ""angle"": -15.53828793994121, ""elevation"": 0.0}, {""range"": 1.1560091975617086, ""doppler"": 0.0, ""angle"": 17.341864529692085, ""elevation"": 0.0}, {""range"": 1.1744103892592976, ""doppler"": 0.0, ""angle"": 26.57285395239583, ""elevation"": 0.0}]",1785110159834.6108
7,"[{""range"": 0.7454044109213217, ""doppler"": 0.0, ""angle"": -37.43618429081807, ""elevation"": 0.0}, {""range"": 0.720559919587218, ""doppler"": 0.0, ""angle"": -29.937112783451244, ""elevation"": 0.0}, {""range"": 0.6901917905046228, ""doppler"": 0.0, ""angle"": -19.11561225551229, ""elevation"": 0.0}, {""range"": 0.7098710504035667, ""doppler"": 0.0, ""angle"": -24.654178511713166, ""elevation"": 0.0}, {""range"": 0.804292434696498, ""doppler"": 0.0, ""angle"": 7.640098830122766, ""elevation"": 0.0}, {""range"": 0.8732021241263912, ""doppler"": 0.0, ""angle"": 24.31869177251289, ""elevation"": 0.0}, {""range"": 1.1474366998836274, ""doppler"": 0.0, ""angle"": 25.099423422862607, ""elevation"": 0.0}]",1785110159834.87
12,"[{""range"": 0.7191696592799934, ""doppler"": 0.0, ""angle"": -60.573179901965055, ""elevation"": 0.0}, {""range"": 0.7564413820849454, ""doppler"": 0.0, ""angle"": -21.756138259600835, ""elevation"": 0.0}, {""range"": 0.7578602231716799, ""doppler"": 0.0, ""angle"": -23.55893657703542, ""elevation"": 0.0}, {""range"": 0.7825269809570325, ""doppler"": 0.0, ""angle"": -20.799692559228692, ""elevation"": 0.0}, {""range"": 0.8635320906663168, ""doppler"": 0.0, ""angle"": -3.133761848538382, ""elevation"": 0.0}, {""range"": 2.335764352773254, ""doppler"": 0.0, ""angle"": -2.795160031640785, ""elevation"": 0.0}, {""range"": 0.909828791478082, ""doppler"": 0.0, ""angle"": 10.371320702794137, ""elevation"": 0.0}, {""range"": 0.9635458828434912, ""doppler"": 0.0, ""angle"": 22.648491978576587, ""elevation"": 0.0}, {""range"": 0.9942438419232191, ""doppler"": 0.0, ""angle"": 24.264863411753126, ""elevation"": 0.0}, {""range"": 1.063434069432257, ""doppler"": 0.0, ""angle"": 31.29255472574984, ""elevation"": 0.0}, {""range"": 1.110046674306638, ""doppler"": 0.0, ""angle"": 36.688997238793746, ""elevation"": 0.0}, {""range"": 1.1189205749605133, ""doppler"": 0.0, ""angle"": 36.62450538994149, ""elevation"": 0.0}]",1785110159835.1318
9,"[{""range"": 0.7926190611144609, ""doppler"": 0.0, ""angle"": -56.0733225408813, ""elevation"": 0.0}, {""range"": 0.8450228353454969, ""doppler"": 0.0, ""angle"": -26.640961127286147, ""elevation"": 0.0}, {""range"": 0.8680763107091714, ""doppler"": 0.0, ""angle"": -15.459039515779857, ""elevation"": 0.0}, {""range"": 0.7444096246929025, ""doppler"": 0.0, ""angle"": -7.439121697513057, ""elevation"": 0.0}, {""range"": 0.9030270102827549, ""doppler"": 0.0, ""angle"": -2.8148136157542805, ""elevation"": 0.0}, {""range"": 1.0608307516660695, ""doppler"": 0.0, ""angle"": 27.148139243687172, ""elevation"": 0.0}, {""range"": 1.0776806668375525, ""doppler"": 0.0, ""angle"": 33.13107632238024, ""elevation"": 0.0}, {""range"": 2.099124916849734, ""doppler"": 0.0, ""angle"": 53.57718271032739, ""elevation"": 0.0}, {""range"": 2.0862276356631173, ""doppler"": 0.0, ""angle"": 55.8999542190376, ""elevation"": 0.0}]",1785110159835.383
11,"[{""range"": 0.7383059315883889, ""doppler"": 0.0, ""angle"": -21.064410918189726, ""elevation"": 0.0}, {""range"": 0.7075980084112856, ""doppler"": 0.0, ""angle"": -17.835134796029354, ""elevation"": 0.0}, {""range"": 0.7620005329600579, ""doppler"": 0.0, ""angle"": -17.818431762482508, ""elevation"": 0.0}, {""range"": 1.130667103696339, ""doppler"": 0.0, ""angle"": -14.08679015148002, ""elevation"": 0.0}, {""range"": 1.107864209706223, ""doppler"": 0.0, ""angle"": -10.442980073124682, ""elevation"": 0.0}, {""range"": 0.8371536185719634, ""doppler"": 0.0, ""angle"": 2.82818091627902, ""elevation"": 0.0}, {""range"": 0.9019220457771137, ""doppler"": 0.0, ""angle"": 1.0905672350150388, ""elevation"": 0.0}, {""range"": 0.8775331675772874, ""doppler"": 0.0, ""angle"": 4.558093696902059, ""elevation"": 0.0}, {""range"": 0.9469149254012025, ""doppler"": 0.0, ""angle"": 11.237787615346834, ""elevation"": 0.0}, {""range"": 2.079704808976174, ""doppler"": 0.0, ""angle"": 64.40216252477528, ""elevation"": 0.0}, {""range"": 2.0950998088176016, ""doppler"": 0.0, ""angle"": 61.914856289936544, ""elevation"": 0.0}]",1785110159835.636
9,"[{""range"": 0.6771088958206184, ""doppler"": 0.0, ""angle"": -11.62448041339236, ""elevation"": 0.0}, {""range"": 0.7548101962958185, ""doppler"": 0.0, ""angle"": -6.010426878048585, ""elevation"": 0.0}, {""range"": 0.7989622696299007, ""doppler"": 0.0, ""angle"": -5.161921984930611, ""elevation"": 0.0}, {""range"": 0.8304332613664634, ""doppler"": 0.0, ""angle"": -7.248966749537007, ""elevation"": 0.0}, {""range"": 0.8592433961136993, ""doppler"": 0.0, ""angle"": -7.954731747845869, ""elevation"": 0.0}, {""range"": 1.0406523779718893, ""doppler"": 0.0, ""angle"": 11.24621689037978, ""elevation"": 0.0}, {""range"": 0.9870873353233807, ""doppler"": 0.0, ""angle"": 25.19559929708424, ""elevation"": 0.0}, {""range"": 1.0023814903915618, ""doppler"": 0.0, ""angle"": 20.34550107500071, ""elevation"": 0.0}, {""range"": 2.0997719217569504, ""doppler"": 0.0, ""angle"": 63.033446333461896, ""elevation"": 0.0}]",1785110159835.895
9,"[{""range"": 0.7367594569129865, ""doppler"": 0.0, ""angle"": -22.413415765029526, ""elevation"": 0.0}, {""range"": 0.6324034075345215, ""doppler"": 0.0, ""angle"": -12.259955659638662, ""elevation"": 0.0}, {""range"": 0.6718123041115467, ""doppler"": 0.0, ""angle"": -17.759777287642112, ""elevation"": 0.0}, {""range"": 0.7759541004759147, ""doppler"": 0.0, ""angle"": -16.534837857345156, ""elevation"": 0.0}, {""range"": 0.8402041894639192, ""doppler"": 0.0, ""angle"": 3.0743131498107084, ""elevation"": 0.0}, {""range"": 0.8841852192472183, ""doppler"": 0.0, ""angle"": 4.570225145497784, ""elevation"": 0.0}, {""range"": 0.9009133849975298, ""doppler"": 0.0, ""angle"": 4.4623760280367915, ""elevation"": 0.0}, {""range"": 2.0864119125262515, ""doppler"": 0.0, ""angle"": 57.17478583745975, ""elevation"": 0.0}, {""range"": 2.0898047235599884, ""doppler"": 0.0, ""angle"": 54.67261760467176, ""elevation"": 0.0}]",1785110159836.155
7,"[{""range"": 0.7263750842918516, ""doppler"": 0.0, ""angle"": -35.74427225544779, ""elevation"": 0.0}, {""range"": 0.688228096557869, ""doppler"": 0.0, ""angle"": -30.596120892577133, ""elevation"": 0.0}, {""range"": 0.8490497037126495, ""doppler"": 0.0, ""angle"": -4.590279797504356, ""elevation"": 0.0}, {""range"": 0.8668346441973419, ""doppler"": 0.0, ""angle"": -6.015192404537706, ""elevation"": 0.0}, {""range"": 0.8851712570784154, ""doppler"": 0.0, ""angle"": -7.8371030360492835, ""elevation"": 0.0}, {""range"": 0.8105393433881003, ""doppler"": 0.0, ""angle"": -1.643436001422334, ""elevation"": 0.0}, {""range"": 2.1045721720926447, ""doppler"": 0.0, ""angle"": 62.61851473288586, ""elevation"": 0.0}]",1785110159836.404
10,"[{""range"": 0.7187466517334848, ""doppler"": 0.0, ""angle"": -27.387422157076173, ""elevation"": 0.0}, {""range"": 0.7748065342899458, ""doppler"": 0.0, ""angle"": -27.369315650228607, ""elevation"": 0.0}, {""range"": 0.6998561749574266, ""doppler"": 0.0, ""angle"": -19.64791565237718, ""elevation"": 0.0}, {""range"": 2.8855725882676175, ""doppler"": 0.0, ""angle"": -22.275462414949406, ""elevation"": 0.0}, {""range"": 0.6754791692538308, ""doppler"": 0.0, ""angle"": -6.536162747804416, ""elevation"": 0.0}, {""range"": 0.8528965811712742, ""doppler"": 0.0, ""angle"": -8.609169936781353, ""elevation"": 0.0}, {""range"": 0.8674558839167673, ""doppler"": 0.0, ""angle"": -6.498009401404421, ""elevation"": 0.0}, {""range"": 0.8931549638362792, ""doppler"": 0.0, ""angle"": -1.0783274658337019, ""elevation"": 0.0}, {""range"": 0.95756631589077, ""doppler"": 0.0, ""angle"": 14.73430498089246, ""elevation"": 0.0}, {""range"": 2.098159228185397, ""doppler"": 0.0, ""angle"": 55.802064500996764, ""elevation"": 0.0}]",1785110159836.664
8,"[{""range"": 0.7128386710192692, ""doppler"": 0.0, ""angle"": -25.337288741845313, ""elevation"": 0.0}, {""range"": 0.7433363858769619, ""doppler"": 0.0, ""angle"": -19.35899417569472, ""elevation"": 0.0}, {""range"": 0.7980494736344298, ""doppler"": 0.0, ""angle"": -20.623660578892824, ""elevation"": 0.0}, {""range"": 0.7680483124642721, ""doppler"": 0.0, ""angle"": -17.519543017763475, ""elevation"": 0.0}, {""range"": 0.8058817292190851, ""doppler"": 0.0, ""angle"": -8.176847990430911, ""elevation"": 0.0}, {""range"": 0.851745804416714, ""doppler"": 0.0, ""angle"": -7.175743010736986, ""elevation"": 0.0}, {""range"": 1.0132806476410687, ""doppler"": 0.0, ""angle"": 29.066388908381953, ""elevation"": 0.0}, {""range"": 2.0994880302130023, ""doppler"": 0.0, ""angle"": 46.94306457610385, ""elevation"": 0.0}]",1785110159836.928
3,"[{""range"": 0.8278652789049463, ""doppler"": 0.0, ""angle"": -24.705128563179365, ""elevation"": 0.0}, {""range"": 0.85257045637511, ""doppler"": 0.0, ""angle"": -18.89476446821666, ""elevation"": 0.0}, {""range"": 0.9740187208594837, ""doppler"": 0.0, ""angle"": 26.800254205285317, ""elevation"": 0.0}]",1785110159837.1838
10,"[{""range"": 1.1799705127524647, ""doppler"": 0.0, ""angle"": -27.050432478927586, ""elevation"": 0.0}, {""range"": 0.7257665285572918, ""doppler"": 0.0, ""angle"": -24.20328635002435, ""elevation"": 0.0}, {""range"": 0.745615340672833, ""doppler"": 0.0, ""angle"": -18.51316233654461, ""elevation"": 0.0}, {""range"": 0.7523439198739257, ""doppler"": 0.0, ""angle"": -17.440135995497652, ""elevation"": 0.0}, {""range"": 1.144222876725009, ""doppler"": 0.0, ""angle"": -16.608335384144667, ""elevation"": 0.0}, {""range"": 1.1035413549226403, ""doppler"": 0.0, ""angle"": -3.334840479270711, ""elevation"": 0.0}, {""range"": 1.249532850073908, ""doppler"": 0.0, ""angle"": 3.7415354524307816, ""elevation"": 0.0}, {""range"": 0.9628207194350487, ""doppler"": 0.0, ""angle"": 18.135466944898052, ""elevation"": 0.0}, {""range"": 2.0910579770305193, ""doppler"": 0.0, ""angle"": 49.87700053854766, ""elevation"": 0.0}, {""range"": 2.097203439438301, ""doppler"": 0.0, ""angle"": 48.176189457931024, ""elevation"": 0.0}]",1785110159837.439
9,"[{""range"": 0.7038749271676019, ""doppler"": 0.0, ""angle"": -30.519418596596125, ""elevation"": 0.0}, {""range"": 0.7648816988494967, ""doppler"": 0.0, ""angle"": -14.832192600817619, ""elevation"": 0.0}, {""range"": 1.1913883332514426, ""doppler"": 0.0, ""angle"": -15.513063365266571, ""elevation"": 0.0}, {""range"": 0.8038769700425126, ""doppler"": 0.0, ""angle"": -8.519422157411114, ""elevation"": 0.0}, {""range"": 0.8158820529352651, ""doppler"": 0.0, ""angle"": -5.331992175385316, ""elevation"": 0.0}, {""range"": 0.83749569243821, ""doppler"": 0.0, ""angle"": 1.5048612316444168, ""elevation"": 0.0}, {""range"": 0.9483089636582875, ""doppler"": 0.0, ""angle"": 22.062216933813957, ""elevation"": 0.0}, {""range"": 1.1274000747325188, ""doppler"": 0.0, ""angle"": 37.15524731629353, ""elevation"": 0.0}, {""range"": 1.0971517243083564, ""doppler"": 0.0, ""angle"": 44.597212749262034, ""elevation"": 0.0}]",1785110159837.7112
12,"[{""range"": 0.7778691829170533, ""doppler"": 0.0, ""angle"": -16.68536719318687, ""elevation"": 0.0}, {""range"": 1.1884761438609588, ""doppler"": 0.0, ""angle"": -16.27813539263268, ""elevation"": 0.0}, {""range"": 0.8078838289141939, ""doppler"": 0.0, ""angle"": -9.426879804725813, ""elevation"": 0.0}, {""range"": 0.8039630788890704, ""doppler"": 0.0, ""angle"": -8.299509361571324, ""elevation"": 0.0}, {""range"": 0.876489290769318, ""doppler"": 0.0, ""angle"": 16.327533366667478, ""elevation"": 0.0}, {""range"": 2.9572879512431305, ""doppler"": 0.0, ""angle"": 15.983465864515363, ""elevation"": 0.0}, {""range"": 0.9180373912142268, ""doppler"": 0.0, ""angle"": 20.369261509438942, ""elevation"": 0.0}, {""range"": 0.947000520735194, ""doppler"": 0.0, ""angle"": 25.224732248503006, ""elevation"": 0.0}, {""range"": 0.9942667392509671, ""doppler"": 0.0, ""angle"": 24.015847700550093, ""elevation"": 0.0}, {""range"": 2.9414631801107753, ""doppler"": 0.0, ""angle"": 18.46468768579773, ""elevation"": 0.0}, {""range"": 2.090611354902953, ""doppler"": 0.0, ""angle"": 39.34940314332145, ""elevation"": 0.0}, {""range"": 2.0935488085176805, ""doppler"": 0.0, ""angle"": 42.51465575890949, ""elevation"": 0.0}]",1785110159837.988
12,"[{""range"": 0.7023549351181138, ""doppler"": 0.0, ""angle"": -27.40661619958153, ""elevation"": 0.0}, {""range"": 0.716062984311259, ""doppler"": 0.0, ""angle"": -33.22180658575129, ""elevation"": 0.0}, {""range"": 0.8541951375144827, ""doppler"": 0.0, ""angle"": -16.929009727869214, ""elevation"": 0.0}, {""range"": 0.8179942467627052, ""doppler"": 0.0, ""angle"": -9.931797333592526, ""elevation"": 0.0}, {""range"": 0.8025816590747678, ""doppler"": 0.0, ""angle"": -0.7276479168810885, ""elevation"": 0.0}, {""range"": 0.9591042213681542, ""doppler"": 0.0, ""angle"": 9.313050760715083, ""elevation"": 0.0}, {""range"": 0.927004427924291, ""doppler"": 0.0, ""angle"": 14.808254223509666, ""elevation"": 0.0}, {""range"": 2.9950114890809347, ""doppler"": 0.0, ""angle"": 16.67467036570445, ""elevation"": 0.0}, {""range"": 2.9436583677221173, ""doppler"": 0.0, ""angle"": 19.21531106500417, ""elevation"": 0.0}, {""range"": 2.9658463595884026, ""doppler"": 0.0, ""angle"": 20.733941671364697, ""elevation"": 0.0}, {""range"": 2.0818459896713533, ""doppler"": 0.0, ""angle"": 62.371877409694534, ""elevation"": 0.0}, {""range"": 2.0963842144275153, ""doppler"": 0.0, ""angle"": 59.581039019367154, ""elevation"": 0.0}]",1785110159838.2458
10,"[{""range"": 0.7139202256094103, ""doppler"": 0.0, ""angle"": -25.916834885957865, ""elevation"": 0.0}, {""range"": 0.7295219546004377, ""doppler"": 0.0, ""angle"": -22.101316380635136, ""elevation"": 0.0}, {""range"": 0.905920205549899, ""doppler"": 0.0, ""angle"": -24.475777446110673, ""elevation"": 0.0}, {""range"": 0.957088366525911, ""doppler"": 0.0, ""angle"": -24.69289966822427, ""elevation"": 0.0}, {""range"": 0.8069146156556524, ""doppler"": 0.0, ""angle"": -4.448369410323582, ""elevation"": 0.0}, {""range"": 0.8338568484948727, ""doppler"": 0.0, ""angle"": -7.627932206247494, ""elevation"": 0.0}, {""range"": 0.8512632992452991, ""doppler"": 0.0, ""angle"": -9.076491213035684, ""elevation"": 0.0}, {""range"": 0.9183509389545883, ""doppler"": 0.0, ""angle"": 11.922557803933806, ""elevation"": 0.0}, {""range"": 2.9390884645585253, ""doppler"": 0.0, ""angle"": 12.255443397944134, ""elevation"": 0.0}, {""range"": 0.9531927476144583, ""doppler"": 0.0, ""angle"": 20.593785325781784, ""elevation"": 0.0}]",1785110159838.509
11,"[{""range"": 0.8925077086239966, ""doppler"": 0.0, ""angle"": -39.740901538151306, ""elevation"": 0.0}, {""range"": 0.7518385982277791, ""doppler"": 0.0, ""angle"": -11.023977088711788, ""elevation"": 0.0}, {""range"": 0.6994897595941351, ""doppler"": 0.0, ""angle"": -4.457119979385541, ""elevation"": 0.0}, {""range"": 0.7980335072871141, ""doppler"": 0.0, ""angle"": -9.935097693450809, ""elevation"": 0.0}, {""range"": 0.8212158373309532, ""doppler"": 0.0, ""angle"": -6.827909152207636, ""elevation"": 0.0}, {""range"": 0.8477773990267891, ""doppler"": 0.0, ""angle"": -0.39880408973683, ""elevation"": 0.0}, {""range"": 0.9063586394125865, ""doppler"": 0.0, ""angle"": 16.33978338466429, ""elevation"": 0.0}, {""range"": 0.9557896675188359, ""doppler"": 0.0, ""angle"": 20.672721742589232, ""elevation"": 0.0}, {""range"": 1.0070555194842568, ""doppler"": 0.0, ""angle"": 24.763061246478486, ""elevation"": 0.0}, {""range"": 1.0643011529838027, ""doppler"": 0.0, ""angle"": 34.5204217017351, ""elevation"": 0.0}, {""range"": 1.0926058158724612, ""doppler"": 0.0, ""angle"": 37.4325222406925, ""elevation"": 0.0}]",1785110159838.769
10,"[{""range"": 0.8845386017343676, ""doppler"": 0.0, ""angle"": -36.50851717931346, ""elevation"": 0.0}, {""range"": 0.860599811585285, ""doppler"": 0.0, ""angle"": -29.13207609536159, ""elevation"": 0.0}, {""range"": 0.7692107622998675, ""doppler"": 0.0, ""angle"": -18.809811104549084, ""elevation"": 0.0}, {""range"": 0.8318529160141929, ""doppler"": 0.0, ""angle"": -19.13601786520092, ""elevation"": 0.0}, {""range"": 0.8003798989607452, ""doppler"": 0.0, ""angle"": -12.673202708888983, ""elevation"": 0.0}, {""range"": 0.8953368683873953, ""doppler"": 0.0, ""angle"": -11.065319962831591, ""elevation"": 0.0}, {""range"": 0.9439103201173005, ""doppler"": 0.0, ""angle"": 6.854412324910025, ""elevation"": 0.0}, {""range"": 2.942418063035648, ""doppler"": 0.0, ""angle"": 18.77078071735325, ""elevation"": 0.0}, {""range"": 2.076796464343136, ""doppler"": 0.0, ""angle"": 55.93229889407326, ""elevation"": 0.0}, {""range"": 2.0835621379110285, ""doppler"": 0.0, ""angle"": 55.58847122912875, ""elevation"": 0.0}]",1785110159839.0322
14,"[{""range"": 0.8381396516746019, ""doppler"": 0.0, ""angle"": -17.42986281766783, ""elevation"": 0.0}, {""range"": 0.7494339234008339, ""doppler"": 0.0, ""angle"": -7.209798440785446, ""elevation"": 0.0}, {""range"": 0.7802158502549181, ""doppler"": 0.0, ""angle"": -6.527256849171086, ""elevation"": 0.0}, {""range"": 0.8805528022872309, ""doppler"": 0.0, ""angle"": -3.7258442020936924, ""elevation"": 0.0}, {""range"": 0.8964053995967773, ""doppler"": 0.0, ""angle"": -0.28573361524291085, ""elevation"": 0.0}, {""range"": 3.872823196891916, ""doppler"": 0.0, ""angle"": 6.977359826253775, ""elevation"": 0.0}, {""range"": 3.8849899269400385, ""doppler"": 0.0, ""angle"": 7.710531322292875, ""elevation"": 0.0}, {""range"": 3.901333213617371, ""doppler"": 0.0, ""angle"": 8.449867666170842, ""elevation"": 0.0}, {""range"": 0.9645881467297218, ""doppler"": 0.0, ""angle"": 19.59380829958458, ""elevation"": 0.0}, {""range"": 0.9800123571431637, ""doppler"": 0.0, ""angle"": 21.931476933430577, ""elevation"": 0.0}, {""range"": 2.93458218066068, ""doppler"": 0.0, ""angle"": 19.780875383250212, ""elevation"": 0.0}, {""range"": 2.947582008305564, ""doppler"": 0.0, ""angle"": 22.375219490928988, ""elevation"": 0.0}, {""range"": 2.0897754693793473, ""doppler"": 0.0, ""angle"": 61.32967629052374, ""elevation"": 0.0}, {""range"": 2.102475975096469, ""doppler"": 0.0, ""angle"": 55.14890055550135, ""elevation"": 0.0}]",1785110159839.29
11,"[{""range"": 0.7957881862466569, ""doppler"": 0.0, ""angle"": -16.13815544303178, ""elevation"": 0.0}, {""range"": 0.8170411753713733, ""doppler"": 0.0, ""angle"": -15.407989203359199, ""elevation"": 0.0}, {""range"": 0.7206403880911443, ""doppler"": 0.0, ""angle"": -10.233636872230678, ""elevation"": 0.0}, {""range"": 0.7615515002116191, ""doppler"": 0.0, ""angle"": -10.320489217320373, ""elevation"": 0.0}, {""range"": 0.8845896233591187, ""doppler"": 0.0, ""angle"": 2.5720594314223257, ""elevation"": 0.0}, {""range"": 3.8584761368099634, ""doppler"": 0.0, ""angle"": 5.5502181100082595, ""elevation"": 0.0}, {""range"": 3.875407518301451, ""doppler"": 0.0, ""angle"": 5.501990366264083, ""elevation"": 0.0}, {""range"": 0.9327861919996324, ""doppler"": 0.0, ""angle"": 11.488718678942684, ""elevation"": 0.0}, {""range"": 0.9516891011683793, ""doppler"": 0.0, ""angle"": 14.226845749895878, ""elevation"": 0.0}, {""range"": 0.9680888806000134, ""doppler"": 0.0, ""angle"": 13.055695461065717, ""elevation"": 0.0}, {""range"": 2.9338590779872598, ""doppler"": 0.0, ""angle"": 15.36354049647288, ""elevation"": 0.0}]",1785110159839.571
11,"[{""range"": 0.7339569703598616, ""doppler"": 0.0, ""angle"": -26.25916029428569, ""elevation"": 0.0}, {""range"": 0.7572042794524944, ""doppler"": 0.0, ""angle"": -27.327497531170142, ""elevation"": 0.0}, {""range"": 0.7786496862762344, ""doppler"": 0.0, ""angle"": -23.079379251651094, ""elevation"": 0.0}, {""range"": 0.8355947791299042, ""doppler"": 0.0, ""angle"": -7.68619986401957, ""elevation"": 0.0}, {""range"": 0.8842544317259109, ""doppler"": 0.0, ""angle"": 4.767490467620188, ""elevation"": 0.0}, {""range"": 0.904589225243119, ""doppler"": 0.0, ""angle"": 7.885037893895158, ""elevation"": 0.0}, {""range"": 3.8668177911924655, ""doppler"": 0.0, ""angle"": 6.353358413594697, ""elevation"": 0.0}, {""range"": 3.8751541177019466, ""doppler"": 0.0, ""angle"": 6.265157187139389, ""elevation"": 0.0}, {""range"": 0.9410852502182657, ""doppler"": 0.0, ""angle"": 13.146391174716031, ""elevation"": 0.0}, {""range"": 0.9716879664690425, ""doppler"": 0.0, ""angle"": 13.22301156389681, ""elevation"": 0.0}, {""range"": 2.9337912345496813, ""doppler"": 0.0, ""angle"": 16.093139286750944, ""elevation"": 0.0}]",1785110159839.9119
7,"[{""range"": 0.8456150846070614, ""doppler"": 0.0, ""angle"": -25.34041305452541, ""elevation"": 0.0}, {""range"": 0.8946198558743081, ""doppler"": 0.0, ""angle"": -8.88808450190069, ""elevation"": 0.0}, {""range"": 0.899910859705389, ""doppler"": 0.0, ""angle"": -8.374830773293281, ""elevation"": 0.0}, {""range"": 2.912719738235511, ""doppler"": 0.0, ""angle"": 12.83669478173539, ""elevation"": 0.0}, {""range"": 2.9367166901515067, ""doppler"": 0.0, ""angle"": 15.116816493002698, ""elevation"": 0.0}, {""range"": 2.9552546088875062, ""doppler"": 0.0, ""angle"": 17.64997405604939, ""elevation"": 0.0}, {""range"": 2.096490557534455, ""doppler"": 0.0, ""angle"": 55.912804480025706, ""elevation"": 0.0}]",1785110159840.176
10,"[{""range"": 0.7980745543781753, ""doppler"": 0.0, ""angle"": -14.18880767621278, ""elevation"": 0.0}, {""range"": 0.8240842265116175, ""doppler"": 0.0, ""angle"": -12.748609687208651, ""elevation"": 0.0}, {""range"": 0.7031964538764579, ""doppler"": 0.0, ""angle"": -7.378016096492726, ""elevation"": 0.0}, {""range"": 0.7378555877593767, ""doppler"": 0.0, ""angle"": -1.48588459541057, ""elevation"": 0.0}, {""range"": 0.8786674380890253, ""doppler"": 0.0, ""angle"": -2.799519639702539, ""elevation"": 0.0}, {""range"": 0.9105280334026085, ""doppler"": 0.0, ""angle"": -1.1590375725422037, ""elevation"": 0.0}, {""range"": 0.9320488977607646, ""doppler"": 0.0, ""angle"": 1.7370363675417209, ""elevation"": 0.0}, {""range"": 2.916274475900085, ""doppler"": 0.0, ""angle"": 12.277311489316325, ""elevation"": 0.0}, {""range"": 2.93706396364408, ""doppler"": 0.0, ""angle"": 14.735928252239065, ""elevation"": 0.0}, {""range"": 2.9579349832296797, ""doppler"": 0.0, ""angle"": 15.124188048388493, ""elevation"": 0.0}]",1785110159840.451
10,"[{""range"": 0.8090776284872696, ""doppler"": 0.0, ""angle"": -19.46813132194619, ""elevation"": 0.0}, {""range"": 0.8362626081499183, ""doppler"": 0.0, ""angle"": -24.400356096250476, ""elevation"": 0.0}, {""range"": 0.784086460568384, ""doppler"": 0.0, ""angle"": -13.598903791283515, ""elevation"": 0.0}, {""range"": 0.7294846987598557, ""doppler"": 0.0, ""angle"": -6.785322031589157, ""elevation"": 0.0}, {""range"": 0.7533818975611517, ""doppler"": 0.0, ""angle"": -8.585904888055074, ""elevation"": 0.0}, {""range"": 2.942229600968101, ""doppler"": 0.0, ""angle"": 15.20686475050431, ""elevation"": 0.0}, {""range"": 2.955141580657148, ""doppler"": 0.0, ""angle"": 16.775952922759664, ""elevation"": 0.0}, {""range"": 0.9243123520146138, ""doppler"": 0.0, ""angle"": 20.650748901128562, ""elevation"": 0.0}, {""range"": 0.9436269010318138, ""doppler"": 0.0, ""angle"": 20.186252589116236, ""elevation"": 0.0}, {""range"": 2.095961267024596, ""doppler"": 0.0, ""angle"": 57.22101273525633, ""elevation"": 0.0}]",1785110159840.733
9,"[{""range"": 0.7445359594180656, ""doppler"": 0.0, ""angle"": -23.37566299916361, ""elevation"": 0.0}, {""range"": 0.8241413768497069, ""doppler"": 0.0, ""angle"": -22.503200360280612, ""elevation"": 0.0}, {""range"": 0.7806870772711746, ""doppler"": 0.0, ""angle"": -5.335817538101642, ""elevation"": 0.0}, {""range"": 1.1222113070669668, ""doppler"": 0.0, ""angle"": -7.581370820900667, ""elevation"": 0.0}, {""range"": 0.9083379844565864, ""doppler"": 0.0, ""angle"": 1.5228650487384612, ""elevation"": 0.0}, {""range"": 0.8941521368142518, ""doppler"": 0.0, ""angle"": 5.669548689104702, ""elevation"": 0.0}, {""range"": 0.947892547800632, ""doppler"": 0.0, ""angle"": 4.164934301041656, ""elevation"": 0.0}, {""range"": 1.0558509191092247, ""doppler"": 0.0, ""angle"": 40.693912514647444, ""elevation"": 0.0}, {""range"": 2.0885873607507386, ""doppler"": 0.0, ""angle"": 50.61775035858524, ""elevation"": 0.0}]",1785110159840.992
9,"[{""range"": 0.8561394564438743, ""doppler"": 0.0, ""angle"": -26.68278939630476, ""elevation"": 0.0}, {""range"": 0.8793054995250655, ""doppler"": 0.0, ""angle"": -29.426935979558117, ""elevation"": 0.0}, {""range"": 0.8322333611787489, ""doppler"": 0.0, ""angle"": -20.303896428325885, ""elevation"": 0.0}, {""range"": 0.7520419410961919, ""doppler"": 0.0, ""angle"": -16.62095175110603, ""elevation"": 0.0}, {""range"": 0.7945882832321028, ""doppler"": 0.0, ""angle"": -14.81181581744257, ""elevation"": 0.0}, {""range"": 2.938240283931405, ""doppler"": 0.0, ""angle"": 15.774407122973015, ""elevation"": 0.0}, {""range"": 2.952773859138102, ""doppler"": 0.0, ""angle"": 16.366239259283585, ""elevation"": 0.0}, {""range"": 1.0683088071993705, ""doppler"": 0.0, ""angle"": 33.55175571374492, ""elevation"": 0.0}, {""range"": 2.094293326056894, ""doppler"": 0.0, ""angle"": 51.186627139329175, ""elevation"": 0.0}]",1785110159841.239
7,"[{""range"": 0.8684212814247453, ""doppler"": 0.0, ""angle"": -6.431389644378416, ""elevation"": 0.0}, {""range"": 0.8927963249149616, ""doppler"": 0.0, ""angle"": -3.007962393283712, ""elevation"": 0.0}, {""range"": 0.8984296111696589, ""doppler"": 0.0, ""angle"": -0.7070378209527586, ""elevation"": 0.0}, {""range"": 0.916564331308083, ""doppler"": 0.0, ""angle"": 9.398004832849034, ""elevation"": 0.0}, {""range"": 2.9569123807348845, ""doppler"": 0.0, ""angle"": 17.625210990202824, ""elevation"": 0.0}, {""range"": 2.937108853890855, ""doppler"": 0.0, ""angle"": 18.41950581160634, ""elevation"": 0.0}, {""range"": 2.0903206742988507, ""doppler"": 0.0, ""angle"": 50.31366289632907, ""elevation"": 0.0}]",1785110159841.4988
9,"[{""range"": 0.7457494031605836, ""doppler"": 0.0, ""angle"": -15.022567868721664, ""elevation"": 0.0}, {""range"": 0.7770466863429263, ""doppler"": 0.0, ""angle"": -6.6867287026241815, ""elevation"": 0.0}, {""range"": 0.847714392795722, ""doppler"": 0.0, ""angle"": 4.961364841024273, ""elevation"": 0.0}, {""range"": 0.9345313869466693, ""doppler"": 0.0, ""angle"": 7.87428471651215, ""elevation"": 0.0}, {""range"": 0.8846350577805088, ""doppler"": 0.0, ""angle"": 11.43712498896684, ""elevation"": 0.0}, {""range"": 0.8979278229705285, ""doppler"": 0.0, ""angle"": 11.13763168419689, ""elevation"": 0.0}, {""range"": 2.934579255154984, ""doppler"": 0.0, ""angle"": 19.996230652539182, ""elevation"": 0.0}, {""range"": 2.9635034666756837, ""doppler"": 0.0, ""angle"": 22.73873789626357, ""elevation"": 0.0}, {""range"": 2.2912878794724025, ""doppler"": 0.0, ""angle"": 27.6929404983417, ""elevation"": 0.0}]",1785110159841.7559
9,"[{""range"": 0.7960264957433965, ""doppler"": 0.0, ""angle"": -30.31480296287848, ""elevation"": 0.0}, {""range"": 0.8344732118102972, ""doppler"": 0.0, ""angle"": -28.168540727874642, ""elevation"": 0.0}, {""range"": 0.716444242507311, ""doppler"": 0.0, ""angle"": -11.86803612617477, ""elevation"": 0.0}, {""range"": 0.7088780002197854, ""doppler"": 0.0, ""angle"": -10.00881703062975, ""elevation"": 0.0}, {""range"": 0.8737507555999823, ""doppler"": 0.0, ""angle"": -0.7035558707821145, ""elevation"": 0.0}, {""range"": 0.9060486524736866, ""doppler"": 0.0, ""angle"": 8.214856997022604, ""elevation"": 0.0}, {""range"": 1.0022899376382872, ""doppler"": 0.0, ""angle"": 11.171609773420052, ""elevation"": 0.0}, {""range"": 2.9355850268794246, ""doppler"": 0.0, ""angle"": 16.923883909983633, ""elevation"": 0.0}, {""range"": 2.9537656794528737, ""doppler"": 0.0, ""angle"": 17.764757092207702, ""elevation"": 0.0}]",1785110159842.012
9,"[{""range"": 0.7676691917804312, ""doppler"": 0.0, ""angle"": -18.55311909042583, ""elevation"": 0.0}, {""range"": 0.7980324855902758, ""doppler"": 0.0, ""angle"": -20.36371267569992, ""elevation"": 0.0}, {""range"": 0.811817231154889, ""doppler"": 0.0, ""angle"": -21.365512505732983, ""elevation"": 0.0}, {""range"": 0.8428198992164594, ""doppler"": 0.0, ""angle"": -24.55864276575274, ""elevation"": 0.0}, {""range"": 1.2004589680391062, ""doppler"": 0.0, ""angle"": -0.6657038134768979, ""elevation"": 0.0}, {""range"": 1.211042304247006, ""doppler"": 0.0, ""angle"": 1.8784318961899156, ""elevation"": 0.0}, {""range"": 0.952106744678418, ""doppler"": 0.0, ""angle"": 9.338489358791081, ""elevation"": 0.0}, {""range"": 3.0174966070169282, ""doppler"": 0.0, ""angle"": 7.199978259760275, ""elevation"": 0.0}, {""range"": 0.9110899674529622, ""doppler"": 0.0, ""angle"": 10.974718497178058, ""elevation"": 0.0}]",1785110159842.259
11,"[{""range"": 0.7952869088320944, ""doppler"": 0.0, ""angle"": -26.363407737794404, ""elevation"": 0.0}, {""range"": 0.7634982492508438, ""doppler"": 0.0, ""angle"": -22.8056650122004, ""elevation"": 0.0}, {""range"": 0.7745506327747999, ""doppler"": 0.0, ""angle"": -23.511223530493343, ""elevation"": 0.0}, {""range"": 1.1100493099221567, ""doppler"": 0.0, ""angle"": -5.620592147340662, ""elevation"": 0.0}, {""range"": 1.1138020697976563, ""doppler"": 0.0, ""angle"": -4.456555631099761, ""elevation"": 0.0}, {""range"": 1.2543613962012208, ""doppler"": 0.0, ""angle"": -3.858082887126175, ""elevation"": 0.0}, {""range"": 0.8736774355551031, ""doppler"": 0.0, ""angle"": 5.048978819135165, ""elevation"": 0.0}, {""range"": 0.8884631742031941, ""doppler"": 0.0, ""angle"": 6.3669339343037334, ""elevation"": 0.0}, {""range"": 0.935318585165663, ""doppler"": 0.0, ""angle"": 14.934239560811218, ""elevation"": 0.0}, {""range"": 2.98796002904673, ""doppler"": 0.0, ""angle"": 11.351624621135691, ""elevation"": 0.0}, {""range"": 3.0131344424808244, ""doppler"": 0.0, ""angle"": 10.929833367610627, ""elevation"": 0.0}]",1785110159842.539
8,"[{""range"": 0.9008864290902624, ""doppler"": 0.0, ""angle"": -12.692865446658297, ""elevation"": 0.0}, {""range"": 0.7250585766547178, ""doppler"": 0.0, ""angle"": -7.068931666303307, ""elevation"": 0.0}, {""range"": 0.8427354842015417, ""doppler"": 0.0, ""angle"": -5.894465458009678, ""elevation"": 0.0}, {""range"": 0.8559595173332413, ""doppler"": 0.0, ""angle"": -7.116108653871384, ""elevation"": 0.0}, {""range"": 0.7114903984233232, ""doppler"": 0.0, ""angle"": -2.203705016453979, ""elevation"": 0.0}, {""range"": 0.9368476364291268, ""doppler"": 0.0, ""angle"": 22.654355135623593, ""elevation"": 0.0}, {""range"": 0.9654347796356065, ""doppler"": 0.0, ""angle"": 24.955988967647798, ""elevation"": 0.0}, {""range"": 0.9886201985671866, ""doppler"": 0.0, ""angle"": 30.18706281592562, ""elevation"": 0.0}]",1785110159842.792
9,"[{""range"": 0.7482074383883206, ""doppler"": 0.0, ""angle"": -34.533206067759245, ""elevation"": 0.0}, {""range"": 0.7677611523522604, ""doppler"": 0.0, ""angle"": -25.168452199188458, ""elevation"": 0.0}, {""range"": 0.8058080866003774, ""doppler"": 0.0, ""angle"": -3.702436754923589, ""elevation"": 0.0}, {""range"": 0.717007778512413, ""doppler"": 0.0, ""angle"": 1.1431913425621203, ""elevation"": 0.0}, {""range"": 0.9130058954977777, ""doppler"": 0.0, ""angle"": 10.58587808143312, ""elevation"": 0.0}, {""range"": 0.8725705561997648, ""doppler"": 0.0, ""angle"": 12.341596399389319, ""elevation"": 0.0}, {""range"": 0.9515960314012731, ""doppler"": 0.0, ""angle"": 19.929755942321947, ""elevation"": 0.0}, {""range"": 2.086339822118832, ""doppler"": 0.0, ""angle"": 61.266871627263114, ""elevation"": 0.0}, {""range"": 2.0902567648788275, ""doppler"": 0.0, ""angle"": 56.08698753330266, ""elevation"": 0.0}]",1785110159843.0378
8,"[{""range"": 0.7602877888325041, ""doppler"": 0.0, ""angle"": -43.95179098698269, ""elevation"": 0.0}, {""range"": 0.8291470250184646, ""doppler"": 0.0, ""angle"": -8.907746285079384, ""elevation"": 0.0}, {""range"": 0.8021615415687473, ""doppler"": 0.0, ""angle"": -3.4249609284903877, ""elevation"": 0.0}, {""range"": 0.8615411417641439, ""doppler"": 0.0, ""angle"": -0.3448645787195203, ""elevation"": 0.0}, {""range"": 0.9393739991410462, ""doppler"": 0.0, ""angle"": 25.867546348487522, ""elevation"": 0.0}, {""range"": 0.9313015954515758, ""doppler"": 0.0, ""angle"": 27.84923002207151, ""elevation"": 0.0}, {""range"": 2.1085660358594622, ""doppler"": 0.0, ""angle"": 42.88653337618287, ""elevation"": 0.0}, {""range"": 2.142504983897214, ""doppler"": 0.0, ""angle"": 35.289751546008446, ""elevation"": 0.0}]",1785110159843.2808
10,"[{""range"": 0.7841285435794016, ""doppler"": 0.0, ""angle"": -27.575979496426292, ""elevation"": 0.0}, {""range"": 0.7606632323637877, ""doppler"": 0.0, ""angle"": -24.884262712222935, ""elevation"": 0.0}, {""range"": 0.8940709590902596, ""doppler"": 0.0, ""angle"": -4.289724681114182, ""elevation"": 0.0}, {""range"": 0.8531523692168019, ""doppler"": 0.0, ""angle"": -2.089983960297241, ""elevation"": 0.0}, {""range"": 0.8769140351803942, ""doppler"": 0.0, ""angle"": -0.28040125003973426, ""elevation"": 0.0}, {""range"": 2.911164143849914, ""doppler"": 0.0, ""angle"": 19.51675477574369, ""elevation"": 0.0}, {""range"": 2.9303314060575754, ""doppler"": 0.0, ""angle"": 19.31727122878754, ""elevation"": 0.0}, {""range"": 2.941552597380572, ""doppler"": 0.0, ""angle"": 19.10792326174283, ""elevation"": 0.0}, {""range"": 0.9724257035392111, ""doppler"": 0.0, ""angle"": 37.85188237845554, ""elevation"": 0.0}, {""range"": 0.999017464276162, ""doppler"": 0.0, ""angle"": 39.01376811729672, ""elevation"": 0.0}]",1785110159843.529
17,"[{""range"": 0.8151819562093875, ""doppler"": 0.0, ""angle"": -29.08390141006377, ""elevation"": 0.0}, {""range"": 0.7955047492990633, ""doppler"": 0.0, ""angle"": -22.77243141743098, ""elevation"": 0.0}, {""range"": 0.7700243133463983, ""doppler"": 0.0, ""angle"": -15.43366054486771, ""elevation"": 0.0}, {""range"": 0.7381287596775662, ""doppler"": 0.0, ""angle"": -8.919228886168725, ""elevation"": 0.0}, {""range"": 2.9974815341499945, ""doppler"": 0.0, ""angle"": 10.601388420462795, ""elevation"": 0.0}, {""range"": 3.685614652745073, ""doppler"": 0.0, ""angle"": 3.8473585937939343, ""elevation"": 0.0}, {""range"": 3.6980939303214155, ""doppler"": 0.0, ""angle"": 6.103697894398973, ""elevation"": 0.0}, {""range"": 2.0633313227926466, ""doppler"": 0.0, ""angle"": 13.588243560159418, ""elevation"": 0.0}, {""range"": 2.9755774398079566, ""doppler"": 0.0, ""angle"": 14.132277755048063, ""elevation"": 0.0}, {""range"": 3.7317941672903547, ""doppler"": 0.0, ""angle"": 14.042902051421173, ""elevation"": 0.0}, {""range"": 0.8939191870407799, ""doppler"": 0.0, ""angle"": 22.69744770074629, ""elevation"": 0.0}, {""range"": 2.9387304574879485, ""doppler"": 0.0, ""angle"": 25.545333587950182, ""elevation"": 0.0}, {""range"": 0.9141163155109131, ""doppler"": 0.0, ""angle"": 26.44976807407226, ""elevation"": 0.0}, {""range"": 0.9371223922296218, ""doppler"": 0.0, ""angle"": 31.342497905403714, ""elevation"": 0.0}, {""range"": 0.9723638357886258, ""doppler"": 0.0, ""angle"": 32.99162258834634, ""elevation"": 0.0}, {""range"": 2.902911390684942, ""doppler"": 0.0, ""angle"": 38.906740406373345, ""elevation"": 0.0}, {""range"": 2.1007056514502795, ""doppler"": 0.0, ""angle"": 49.03475622684895, ""elevation"": 0.0}]",1785110159843.7952
14,"[{""range"": 0.8045697357194486, ""doppler"": 0.0, ""angle"": -12.371352789744241, ""elevation"": 0.0}, {""range"": 0.8431759426920902, ""doppler"": 0.0, ""angle"": -16.63639696905666, ""elevation"": 0.0}, {""range"": 0.7345347559043429, ""doppler"": 0.0, ""angle"": -5.630096249548314, ""elevation"": 0.0}, {""range"": 0.7606483308363605, ""doppler"": 0.0, ""angle"": -6.560330210126232, ""elevation"": 0.0}, {""range"": 0.7845631061658723, ""doppler"": 0.0, ""angle"": -9.047982704080967, ""elevation"": 0.0}, {""range"": 2.996061428615279, ""doppler"": 0.0, ""angle"": -1.4261137813446987, ""elevation"": 0.0}, {""range"": 3.009935354377803, ""doppler"": 0.0, ""angle"": 3.109215137550103, ""elevation"": 0.0}, {""range"": 2.836888754283233, ""doppler"": 0.0, ""angle"": 28.40495470029667, ""elevation"": 0.0}, {""range"": 2.856889596277707, ""doppler"": 0.0, ""angle"": 29.54783039016348, ""elevation"": 0.0}, {""range"": 3.714169798015486, ""doppler"": 0.0, ""angle"": 29.518383136431797, ""elevation"": 0.0}, {""range"": 3.7463834447491027, ""doppler"": 0.0, ""angle"": 28.08664309774821, ""elevation"": 0.0}, {""range"": 0.9324827273321865, ""doppler"": 0.0, ""angle"": 42.917434720269114, ""elevation"": 0.0}, {""range"": 0.9515379169792016, ""doppler"": 0.0, ""angle"": 43.82744308906573, ""elevation"": 0.0}, {""range"": 0.9743329096952286, ""doppler"": 0.0, ""angle"": 45.85509739626673, ""elevation"": 0.0}]",1785110159844.042
9,"[{""range"": 0.7842121523957177, ""doppler"": 0.0, ""angle"": -22.11436549485408, ""elevation"": 0.0}, {""range"": 0.8128989426528909, ""doppler"": 0.0, ""angle"": -20.8628706931269, ""elevation"": 0.0}, {""range"": 0.8337999997704979, ""doppler"": 0.0, ""angle"": -10.9532843479026, ""elevation"": 0.0}, {""range"": 0.8681736934299767, ""doppler"": 0.0, ""angle"": 1.2628050449848078, ""elevation"": 0.0}, {""range"": 0.8939444931137214, ""doppler"": 0.0, ""angle"": 1.3066399551224597, ""elevation"": 0.0}, {""range"": 0.9266007122772971, ""doppler"": 0.0, ""angle"": 1.0836357612412681, ""elevation"": 0.0}, {""range"": 3.7009810847167905, ""doppler"": 0.0, ""angle"": 37.99443769785066, ""elevation"": 0.0}, {""range"": 3.7062776935893775, ""doppler"": 0.0, ""angle"": 35.08939835894608, ""elevation"": 0.0}, {""range"": 0.7581406530423549, ""doppler"": 0.0, ""angle"": 48.777208240623374, ""elevation"": 0.0}]",1785110159844.2922
7,"[{""range"": 0.7692289064441856, ""doppler"": 0.0, ""angle"": -12.553366550130583, ""elevation"": 0.0}, {""range"": 0.7389220531100708, ""doppler"": 0.0, ""angle"": -8.306577503008821, ""elevation"": 0.0}, {""range"": 0.7898831656213604, ""doppler"": 0.0, ""angle"": -9.86747374555994, ""elevation"": 0.0}, {""range"": 0.8093212894016751, ""doppler"": 0.0, ""angle"": -6.495365979809559, ""elevation"": 0.0}, {""range"": 0.8414130673249366, ""doppler"": 0.0, ""angle"": -5.3531731094241835, ""elevation"": 0.0}, {""range"": 0.8900848637920887, ""doppler"": 0.0, ""angle"": -5.475799153453611, ""elevation"": 0.0}, {""range"": 3.7062720342083737, ""doppler"": 0.0, ""angle"": 26.202831357738166, ""elevation"": 0.0}]",1785110159844.544
7,"[{""range"": 0.7528351415358087, ""doppler"": 0.0, ""angle"": -4.700352692407494, ""elevation"": 0.0}, {""range"": 0.7687539416737743, ""doppler"": 0.0, ""angle"": -5.124447153971341, ""elevation"": 0.0}, {""range"": 0.8025012590093165, ""doppler"": 0.0, ""angle"": 1.6726738045324097, ""elevation"": 0.0}, {""range"": 0.7330212196157097, ""doppler"": 0.0, ""angle"": 7.203028708502289, ""elevation"": 0.0}, {""range"": 0.8503027508222695, ""doppler"": 0.0, ""angle"": 11.425719555898418, ""elevation"": 0.0}, {""range"": 0.887641447529573, ""doppler"": 0.0, ""angle"": 12.73161934911483, ""elevation"": 0.0}, {""range"": 2.9643517373406683, ""doppler"": 0.0, ""angle"": 12.41821994438229, ""elevation"": 0.0}]",1785110159844.793
6,"[{""range"": 0.72121443334473, ""doppler"": 0.0, ""angle"": -14.604737868157754, ""elevation"": 0.0}, {""range"": 0.7337489424684419, ""doppler"": 0.0, ""angle"": -15.086119544275665, ""elevation"": 0.0}, {""range"": 0.7512014242958708, ""doppler"": 0.0, ""angle"": -14.72759662865254, ""elevation"": 0.0}, {""range"": 2.853271324697202, ""doppler"": 0.0, ""angle"": -0.5170699589216134, ""elevation"": 0.0}, {""range"": 2.86672672552152, ""doppler"": 0.0, ""angle"": 5.864217918311923, ""elevation"": 0.0}, {""range"": 0.807974991684967, ""doppler"": 0.0, ""angle"": 22.319440392975086, ""elevation"": 0.0}]",1785110159845.032
6,"[{""range"": 0.749804417979929, ""doppler"": 0.0, ""angle"": -20.17222393373787, ""elevation"": 0.0}, {""range"": 0.6433492020022336, ""doppler"": 0.0, ""angle"": -5.550549476893641, ""elevation"": 0.0}, {""range"": 0.6711984858289415, ""doppler"": 0.0, ""angle"": -8.009216253193525, ""elevation"": 0.0}, {""range"": 0.6874030002990508, ""doppler"": 0.0, ""angle"": -5.583051881108759, ""elevation"": 0.0}, {""range"": 0.6980443908316719, ""doppler"": 0.0, ""angle"": -4.981819727218441, ""elevation"": 0.0}, {""range"": 0.8345345165917001, ""doppler"": 0.0, ""angle"": 29.72356307130193, ""elevation"": 0.0}]",1785110159845.283
9,"[{""range"": 0.6481462488810301, ""doppler"": 0.0, ""angle"": -6.272113436509795, ""elevation"": 0.0}, {""range"": 0.6724402551347951, ""doppler"": 0.0, ""angle"": -3.384354410353697, ""elevation"": 0.0}, {""range"": 0.6936231465167592, ""doppler"": 0.0, ""angle"": 0.19201916603572278, ""elevation"": 0.0}, {""range"": 2.779724287432828, ""doppler"": 0.0, ""angle"": 0.9951942805281739, ""elevation"": 0.0}, {""range"": 2.784682689997688, ""doppler"": 0.0, ""angle"": 2.3479590346460046, ""elevation"": 0.0}, {""range"": 0.7153492732281093, ""doppler"": 0.0, ""angle"": 3.7407176800715978, ""elevation"": 0.0}, {""range"": 0.7391814215099576, ""doppler"": 0.0, ""angle"": 5.887124924786335, ""elevation"": 0.0}, {""range"": 2.80310014703263, ""doppler"": 0.0, ""angle"": 5.865522886923446, ""elevation"": 0.0}, {""range"": 0.7883719801993597, ""doppler"": 0.0, ""angle"": 16.877242715670956, ""elevation"": 0.0}]",1785110159845.553
8,"[{""range"": 0.6528747743014615, ""doppler"": 0.0, ""angle"": -1.9619547697139061, ""elevation"": 0.0}, {""range"": 0.6726004314514362, ""doppler"": 0.0, ""angle"": -2.7886204918275577, ""elevation"": 0.0}, {""range"": 1.718097768021649, ""doppler"": 0.0, ""angle"": 3.1262443450232547, ""elevation"": 0.0}, {""range"": 0.7194186821770876, ""doppler"": 0.0, ""angle"": 3.676716037384187, ""elevation"": 0.0}, {""range"": 0.7611854001540352, ""doppler"": 0.0, ""angle"": 9.123769230710394, ""elevation"": 0.0}, {""range"": 1.7041378288992446, ""doppler"": 0.0, ""angle"": 4.0012342496535185, ""elevation"": 0.0}, {""range"": 0.8049673854654239, ""doppler"": 0.0, ""angle"": 14.05167792138458, ""elevation"": 0.0}, {""range"": 2.789262718179317, ""doppler"": 0.0, ""angle"": 21.60292369283746, ""elevation"": 0.0}]",1785110159845.8052
7,"[{""range"": 0.6289895726119941, ""doppler"": 0.0, ""angle"": -4.6473107355772605, ""elevation"": 0.0}, {""range"": 0.6408251590703071, ""doppler"": 0.0, ""angle"": -3.247229584851686, ""elevation"": 0.0}, {""range"": 0.6616792611972675, ""doppler"": 0.0, ""angle"": -1.5640541357469888, ""elevation"": 0.0}, {""range"": 2.750870456420418, ""doppler"": 0.0, ""angle"": 2.846596364527713, ""elevation"": 0.0}, {""range"": 2.763068671134604, ""doppler"": 0.0, ""angle"": 3.0716427322016724, ""elevation"": 0.0}, {""range"": 0.7603483045535951, ""doppler"": 0.0, ""angle"": 16.645038214675942, ""elevation"": 0.0}, {""range"": 2.06946020744363, ""doppler"": 0.0, ""angle"": 62.04662125019464, ""elevation"": 0.0}]",1785110159846.049
9,"[{""range"": 0.6592315640066131, ""doppler"": 0.0, ""angle"": -3.452246386243824, ""elevation"": 0.0}, {""range"": 0.6764332371710069, ""doppler"": 0.0, ""angle"": 1.242072427485709, ""elevation"": 0.0}, {""range"": 2.72815950210064, ""doppler"": 0.0, ""angle"": 6.04989163257748, ""elevation"": 0.0}, {""range"": 2.7391279013501473, ""doppler"": 0.0, ""angle"": 5.08606566284026, ""elevation"": 0.0}, {""range"": 2.7661369045829165, ""doppler"": 0.0, ""angle"": 6.331602348627187, ""elevation"": 0.0}, {""range"": 0.7089562091518382, ""doppler"": 0.0, ""angle"": 15.476924063664235, ""elevation"": 0.0}, {""range"": 0.7334539554616573, ""doppler"": 0.0, ""angle"": 20.016522094582232, ""elevation"": 0.0}, {""range"": 2.0732332524421544, ""doppler"": 0.0, ""angle"": 60.02955558597364, ""elevation"": 0.0}, {""range"": 2.0863838367963785, ""doppler"": 0.0, ""angle"": 62.87933619567513, ""elevation"": 0.0}]",1785110159846.303
7,"[{""range"": 0.7804161216779785, ""doppler"": 0.0, ""angle"": -20.045916058495774, ""elevation"": 0.0}, {""range"": 0.8039426761023969, ""doppler"": 0.0, ""angle"": -20.03101268089773, ""elevation"": 0.0}, {""range"": 0.6431367244791345, ""doppler"": 0.0, ""angle"": 1.1151830065690382, ""elevation"": 0.0}, {""range"": 0.6626031105043118, ""doppler"": 0.0, ""angle"": 7.240087215803773, ""elevation"": 0.0}, {""range"": 2.723200239138599, ""doppler"": 0.0, ""angle"": 4.655226497673488, ""elevation"": 0.0}, {""range"": 2.722073263394887, ""doppler"": 0.0, ""angle"": 5.3750302005150346, ""elevation"": 0.0}, {""range"": 0.6971439567891263, ""doppler"": 0.0, ""angle"": 15.105602475735452, ""elevation"": 0.0}]",1785110159846.557
5,"[{""range"": 0.8285184407100953, ""doppler"": 0.0, ""angle"": -15.214990298292259, ""elevation"": 0.0}, {""range"": 0.6393962244400084, ""doppler"": 0.0, ""angle"": -2.6287552222435444, ""elevation"": 0.0}, {""range"": 0.7065280912890254, ""doppler"": 0.0, ""angle"": 29.023618183973895, ""elevation"": 0.0}, {""range"": 0.7165139278096726, ""doppler"": 0.0, ""angle"": 26.628997333019505, ""elevation"": 0.0}, {""range"": 0.7430653435852379, ""doppler"": 0.0, ""angle"": 26.713038225127125, ""elevation"": 0.0}]",1785110159846.817
6,"[{""range"": 0.7562635121173825, ""doppler"": 0.0, ""angle"": -19.89167039198889, ""elevation"": 0.0}, {""range"": 0.7483058926677645, ""doppler"": 0.0, ""angle"": 7.911306381942974, ""elevation"": 0.0}, {""range"": 0.691972544865513, ""doppler"": 0.0, ""angle"": 17.58278611000351, ""elevation"": 0.0}, {""range"": 0.7085140167129619, ""doppler"": 0.0, ""angle"": 17.008109635538478, ""elevation"": 0.0}, {""range"": 2.068691172658451, ""doppler"": 0.0, ""angle"": 52.392152917435865, ""elevation"": 0.0}, {""range"": 2.086766581287226, ""doppler"": 0.0, ""angle"": 50.57034377343925, ""elevation"": 0.0}]",1785110159847.053
8,"[{""range"": 0.7600023033047558, ""doppler"": 0.0, ""angle"": -1.8606492215551025, ""elevation"": 0.0}, {""range"": 0.8082777516173422, ""doppler"": 0.0, ""angle"": 8.883007306125265, ""elevation"": 0.0}, {""range"": 0.6706832280993393, ""doppler"": 0.0, ""angle"": 14.877296805526875, ""elevation"": 0.0}, {""range"": 0.6944304695147799, ""doppler"": 0.0, ""angle"": 23.700339543290447, ""elevation"": 0.0}, {""range"": 0.7070721042656914, ""doppler"": 0.0, ""angle"": 25.366162921106366, ""elevation"": 0.0}, {""range"": 2.0259686702023454, ""doppler"": 0.0, ""angle"": 49.62139956738532, ""elevation"": 0.0}, {""range"": 2.0582138497706426, ""doppler"": 0.0, ""angle"": 52.46904185771953, ""elevation"": 0.0}, {""range"": 2.0846134675756836, ""doppler"": 0.0, ""angle"": 53.08586990320598, ""elevation"": 0.0}]",1785110159847.2952
8,"[{""range"": 0.6966020360757738, ""doppler"": 0.0, ""angle"": 11.534914745099588, ""elevation"": 0.0}, {""range"": 0.7750484279639256, ""doppler"": 0.0, ""angle"": 17.13480076276365, ""elevation"": 0.0}, {""range"": 0.813081745707903, ""doppler"": 0.0, ""angle"": 18.183915300976544, ""elevation"": 0.0}, {""range"": 0.7298435906242421, ""doppler"": 0.0, ""angle"": 18.217432768957227, ""elevation"": 0.0}, {""range"": 0.8400697855787346, ""doppler"": 0.0, ""angle"": 19.22558424972761, ""elevation"": 0.0}, {""range"": 2.0156586974102395, ""doppler"": 0.0, ""angle"": 51.81251241450104, ""elevation"": 0.0}, {""range"": 2.058985555519423, ""doppler"": 0.0, ""angle"": 54.411998325499816, ""elevation"": 0.0}, {""range"": 2.0877062884602156, ""doppler"": 0.0, ""angle"": 58.7088521954191, ""elevation"": 0.0}]",1785110159847.5342
5,"[{""range"": 0.6565487146606128, ""doppler"": 0.0, ""angle"": 1.1080068717137845, ""elevation"": 0.0}, {""range"": 0.675962556310917, ""doppler"": 0.0, ""angle"": 4.977618782855407, ""elevation"": 0.0}, {""range"": 0.706311554839792, ""doppler"": 0.0, ""angle"": 12.590167363893997, ""elevation"": 0.0}, {""range"": 0.7456066138765531, ""doppler"": 0.0, ""angle"": 16.10960459672181, ""elevation"": 0.0}, {""range"": 2.0624188805653643, ""doppler"": 0.0, ""angle"": 56.70811003108962, ""elevation"": 0.0}]",1785110159847.765
3,"[{""range"": 0.6730344843881285, ""doppler"": 0.0, ""angle"": -4.357842350554304, ""elevation"": 0.0}, {""range"": 0.6380577556556873, ""doppler"": 0.0, ""angle"": -3.1165917369896183, ""elevation"": 0.0}, {""range"": 2.0521446222628907, ""doppler"": 0.0, ""angle"": 57.84432340827018, ""elevation"": 0.0}]",1785110159847.996
6,"[{""range"": 0.652369697536235, ""doppler"": 0.0, ""angle"": 0.7538483330707672, ""elevation"": 0.0}, {""range"": 0.667818169896361, ""doppler"": 0.0, ""angle"": 1.7338458752175656, ""elevation"": 0.0}, {""range"": 0.7066784599777307, ""doppler"": 0.0, ""angle"": 0.2319654512982052, ""elevation"": 0.0}, {""range"": 2.059665195780305, ""doppler"": 0.0, ""angle"": 52.5063194374553, ""elevation"": 0.0}, {""range"": 2.078402488494673, ""doppler"": 0.0, ""angle"": 47.95013315156026, ""elevation"": 0.0}, {""range"": 2.0313938202682107, ""doppler"": 0.0, ""angle"": 57.152045365046185, ""elevation"": 0.0}]",1785110159848.233
5,"[{""range"": 0.783902422804073, ""doppler"": 0.0, ""angle"": -21.883926224601343, ""elevation"": 0.0}, {""range"": 0.6490965766324367, ""doppler"": 0.0, ""angle"": 0.1420553606086371, ""elevation"": 0.0}, {""range"": 0.6695736658571366, ""doppler"": 0.0, ""angle"": 3.383532499623015, ""elevation"": 0.0}, {""range"": 2.0643093465871107, ""doppler"": 0.0, ""angle"": 60.6638748505467, ""elevation"": 0.0}, {""range"": 2.081280283047472, ""doppler"": 0.0, ""angle"": 59.833209775461214, ""elevation"": 0.0}]",1785110159848.4941
8,"[{""range"": 0.6360701198330506, ""doppler"": 0.0, ""angle"": -5.630456990820647, ""elevation"": 0.0}, {""range"": 0.7490503756681383, ""doppler"": 0.0, ""angle"": -3.065266026847321, ""elevation"": 0.0}, {""range"": 0.7283540212455971, ""doppler"": 0.0, ""angle"": 9.867012015688603, ""elevation"": 0.0}, {""range"": 0.7071326976492075, ""doppler"": 0.0, ""angle"": 15.157272870731735, ""elevation"": 0.0}, {""range"": 0.704455962095153, ""doppler"": 0.0, ""angle"": 28.718404912207973, ""elevation"": 0.0}, {""range"": 2.0820319597185715, ""doppler"": 0.0, ""angle"": 53.58478997359475, ""elevation"": 0.0}, {""range"": 2.032255386616324, ""doppler"": 0.0, ""angle"": 57.741853935871966, ""elevation"": 0.0}, {""range"": 2.059491807708817, ""doppler"": 0.0, ""angle"": 54.62366621551783, ""elevation"": 0.0}]",1785110159848.734
4,"[{""range"": 0.7503270047972495, ""doppler"": 0.0, ""angle"": -7.628028832961918, ""elevation"": 0.0}, {""range"": 0.6545638612084139, ""doppler"": 0.0, ""angle"": -2.536464838069236, ""elevation"": 0.0}, {""range"": 0.6712966839822337, ""doppler"": 0.0, ""angle"": 0.534175327790124, ""elevation"": 0.0}, {""range"": 0.7084729934002584, ""doppler"": 0.0, ""angle"": 12.240198032602294, ""elevation"": 0.0}]",1785110159848.9722
4,"[{""range"": 0.7675862595539342, ""doppler"": 0.0, ""angle"": -46.71798064983615, ""elevation"": 0.0}, {""range"": 0.6389232312939814, ""doppler"": 0.0, ""angle"": 0.46502690206053066, ""elevation"": 0.0}, {""range"": 0.6546569597132227, ""doppler"": 0.0, ""angle"": 0.4382000947272508, ""elevation"": 0.0}, {""range"": 0.6938880423940521, ""doppler"": 0.0, ""angle"": -1.5948301075826523, ""elevation"": 0.0}]",1785110159849.226
8,"[{""range"": 0.7825573805589687, ""doppler"": 0.0, ""angle"": -23.51318207908592, ""elevation"": 0.0}, {""range"": 0.6298363896653294, ""doppler"": 0.0, ""angle"": 2.8315372842560436, ""elevation"": 0.0}, {""range"": 0.651130753459794, ""doppler"": 0.0, ""angle"": 3.116988599120171, ""elevation"": 0.0}, {""range"": 0.666821352572784, ""doppler"": 0.0, ""angle"": 5.956732469740493, ""elevation"": 0.0}, {""range"": 0.6915914578785538, ""doppler"": 0.0, ""angle"": 12.634857322969127, ""elevation"": 0.0}, {""range"": 2.0372898310765932, ""doppler"": 0.0, ""angle"": 56.767418629602325, ""elevation"": 0.0}, {""range"": 2.0632251380115947, ""doppler"": 0.0, ""angle"": 59.31642244214704, ""elevation"": 0.0}, {""range"": 2.084292527325018, ""doppler"": 0.0, ""angle"": 60.97213214700517, ""elevation"": 0.0}]",1785110159849.458
7,"[{""range"": 0.7889989328863533, ""doppler"": 0.0, ""angle"": -19.198737793032308, ""elevation"": 0.0}, {""range"": 0.8212689630589016, ""doppler"": 0.0, ""angle"": -21.201414967044798, ""elevation"": 0.0}, {""range"": 1.1637302065974189, ""doppler"": 0.0, ""angle"": -13.126591910962283, ""elevation"": 0.0}, {""range"": 1.182799894899625, ""doppler"": 0.0, ""angle"": -12.929043923571863, ""elevation"": 0.0}, {""range"": 0.6546167130861203, ""doppler"": 0.0, ""angle"": 2.9593192459997577, ""elevation"": 0.0}, {""range"": 0.6667543863247193, ""doppler"": 0.0, ""angle"": 6.606602898161277, ""elevation"": 0.0}, {""range"": 0.6916000802995929, ""doppler"": 0.0, ""angle"": 11.725385690177198, ""elevation"": 0.0}]",1785110159849.6902
8,"[{""range"": 1.189428906765949, ""doppler"": 0.0, ""angle"": -9.317882942309177, ""elevation"": 0.0}, {""range"": 0.6230921577740098, ""doppler"": 0.0, ""angle"": 2.598829092033817, ""elevation"": 0.0}, {""range"": 0.6394870310904438, ""doppler"": 0.0, ""angle"": 0.7049460535502499, ""elevation"": 0.0}, {""range"": 0.6605650302619409, ""doppler"": 0.0, ""angle"": 0.5118328176748075, ""elevation"": 0.0}, {""range"": 0.6908415432572897, ""doppler"": 0.0, ""angle"": 0.8898447754901733, ""elevation"": 0.0}, {""range"": 2.028852220292632, ""doppler"": 0.0, ""angle"": 54.2997156455731, ""elevation"": 0.0}, {""range"": 2.0636595126571047, ""doppler"": 0.0, ""angle"": 55.74537890733499, ""elevation"": 0.0}, {""range"": 2.080408526872566, ""doppler"": 0.0, ""angle"": 59.36816153066858, ""elevation"": 0.0}]",1785110159849.933
7,"[{""range"": 0.7683323481448705, ""doppler"": 0.0, ""angle"": -32.17358377487582, ""elevation"": 0.0}, {""range"": 0.6532251440833575, ""doppler"": 0.0, ""angle"": 0.4234760135111717, ""elevation"": 0.0}, {""range"": 0.6584939365662439, ""doppler"": 0.0, ""angle"": 2.521316700307889, ""elevation"": 0.0}, {""range"": 0.6861764266700413, ""doppler"": 0.0, ""angle"": 8.421498735120258, ""elevation"": 0.0}, {""range"": 1.8815244101158044, ""doppler"": 0.0, ""angle"": 31.392395264775637, ""elevation"": 0.0}, {""range"": 2.0641093795573546, ""doppler"": 0.0, ""angle"": 56.42970002705602, ""elevation"": 0.0}, {""range"": 2.0800399922051316, ""doppler"": 0.0, ""angle"": 59.14436770971161, ""elevation"": 0.0}]",1785110159850.168
7,"[{""range"": 0.7622591586159695, ""doppler"": 0.0, ""angle"": -15.134878374464693, ""elevation"": 0.0}, {""range"": 0.6420946205494575, ""doppler"": 0.0, ""angle"": -4.024228468272707, ""elevation"": 0.0}, {""range"": 0.669960452236866, ""doppler"": 0.0, ""angle"": -4.899527782432007, ""elevation"": 0.0}, {""range"": 0.7115351573179028, ""doppler"": 0.0, ""angle"": -6.189133370471793, ""elevation"": 0.0}, {""range"": 2.031142828230187, ""doppler"": 0.0, ""angle"": 52.461239749373156, ""elevation"": 0.0}, {""range"": 2.0642400546553077, ""doppler"": 0.0, ""angle"": 51.432431685731146, ""elevation"": 0.0}, {""range"": 2.0829114487119633, ""doppler"": 0.0, ""angle"": 49.99038003735799, ""elevation"": 0.0}]",1785110159850.399
7,"[{""range"": 0.7856512081423169, ""doppler"": 0.0, ""angle"": -16.257074988562348, ""elevation"": 0.0}, {""range"": 0.8124339035135778, ""doppler"": 0.0, ""angle"": -16.823655660468702, ""elevation"": 0.0}, {""range"": 1.1898180296463687, ""doppler"": 0.0, ""angle"": -9.218837137305119, ""elevation"": 0.0}, {""range"": 0.6761371966169669, ""doppler"": 0.0, ""angle"": -0.6364252233562885, ""elevation"": 0.0}, {""range"": 2.066068924511179, ""doppler"": 0.0, ""angle"": 53.84320046153876, ""elevation"": 0.0}, {""range"": 2.086599620950023, ""doppler"": 0.0, ""angle"": 53.76252811054607, ""elevation"": 0.0}, {""range"": 2.0282763915605453, ""doppler"": 0.0, ""angle"": 55.55339305944388, ""elevation"": 0.0}]",1785110159850.656
6,"[{""range"": 0.7726381259645733, ""doppler"": 0.0, ""angle"": -13.585991207888908, ""elevation"": 0.0}, {""range"": 0.8109339870234182, ""doppler"": 0.0, ""angle"": -14.780859747159548, ""elevation"": 0.0}, {""range"": 1.4144127950552223, ""doppler"": 0.0, ""angle"": -9.209867067114066, ""elevation"": 0.0}, {""range"": 0.6583929304711391, ""doppler"": 0.0, ""angle"": -0.015561047828444533, ""elevation"": 0.0}, {""range"": 0.6727041049542217, ""doppler"": 0.0, ""angle"": -0.2436807402533348, ""elevation"": 0.0}, {""range"": 0.7095505000774921, ""doppler"": 0.0, ""angle"": -2.9035053742608823, ""elevation"": 0.0}]",1785110159959.5762
8,"[{""range"": 0.8041233202019642, ""doppler"": 0.0, ""angle"": -20.760341938321424, ""elevation"": 0.0}, {""range"": 0.6565635195255316, ""doppler"": 0.0, ""angle"": 5.140744151241388, ""elevation"": 0.0}, {""range"": 0.6697111099296502, ""doppler"": 0.0, ""angle"": 10.631872060461623, ""elevation"": 0.0}, {""range"": 2.0982211520609906, ""doppler"": 0.0, ""angle"": 10.19042189485938, ""elevation"": 0.0}, {""range"": 3.5611876956872694, ""doppler"": 0.0, ""angle"": 5.156661494046253, ""elevation"": 0.0}, {""range"": 3.568485839892689, ""doppler"": 0.0, ""angle"": 6.944824738007394, ""elevation"": 0.0}, {""range"": 3.583775011472544, ""doppler"": 0.0, ""angle"": 8.83723206794527, ""elevation"": 0.0}, {""range"": 2.0652430080363677, ""doppler"": 0.0, ""angle"": 55.4265813057979, ""elevation"": 0.0}]",1785110160059.247
5,"[{""range"": 0.7660843063699755, ""doppler"": 0.0, ""angle"": -18.451865202564246, ""elevation"": 0.0}, {""range"": 0.8235089134989241, ""doppler"": 0.0, ""angle"": -9.814114241623896, ""elevation"": 0.0}, {""range"": 0.6661912249136266, ""doppler"": 0.0, ""angle"": 16.401690670324264, ""elevation"": 0.0}, {""range"": 0.6834455007363608, ""doppler"": 0.0, ""angle"": 21.342095469116494, ""elevation"": 0.0}, {""range"": 0.699244202352813, ""doppler"": 0.0, ""angle"": 24.264489221982878, ""elevation"": 0.0}]",1785110160163.275
5,"[{""range"": 0.6387507055293384, ""doppler"": 0.0, ""angle"": 1.9893057691942213, ""elevation"": 0.0}, {""range"": 0.686424865327682, ""doppler"": 0.0, ""angle"": 2.5381773342406952, ""elevation"": 0.0}, {""range"": 0.6506898533340486, ""doppler"": 0.0, ""angle"": 5.01338893107746, ""elevation"": 0.0}, {""range"": 0.6583948487600733, ""doppler"": 0.0, ""angle"": 6.268017867116384, ""elevation"": 0.0}, {""range"": 0.9586766021147635, ""doppler"": 0.0, ""angle"": 39.64958268143638, ""elevation"": 0.0}]",1785110160259.678
8,"[{""range"": 0.7704979762818117, ""doppler"": 0.0, ""angle"": -31.524746476120555, ""elevation"": 0.0}, {""range"": 0.6507150121529005, ""doppler"": 0.0, ""angle"": 7.61129034686259, ""elevation"": 0.0}, {""range"": 0.6789604644770663, ""doppler"": 0.0, ""angle"": 19.95732258488161, ""elevation"": 0.0}, {""range"": 0.6938110152491064, ""doppler"": 0.0, ""angle"": 19.873347043312958, ""elevation"": 0.0}, {""range"": 0.8536530404867418, ""doppler"": 0.0, ""angle"": 18.95870328333423, ""elevation"": 0.0}, {""range"": 0.9739363208037457, ""doppler"": 0.0, ""angle"": 28.776689664988137, ""elevation"": 0.0}, {""range"": 0.9819977109181969, ""doppler"": 0.0, ""angle"": 28.483063758056097, ""elevation"": 0.0}, {""range"": 1.0059501256377925, ""doppler"": 0.0, ""angle"": 30.060696528186917, ""elevation"": 0.0}]",1785110160359.968
4,"[{""range"": 0.6627830800845658, ""doppler"": 0.0, ""angle"": 21.442597922606943, ""elevation"": 0.0}, {""range"": 0.6687811827648928, ""doppler"": 0.0, ""angle"": 21.701843910442314, ""elevation"": 0.0}, {""range"": 0.6863116639281425, ""doppler"": 0.0, ""angle"": 21.008573224203776, ""elevation"": 0.0}, {""range"": 0.9932693162219297, ""doppler"": 0.0, ""angle"": 21.535168854169587, ""elevation"": 0.0}]",1785110160463.211
5,"[{""range"": 0.6460064141535169, ""doppler"": 0.0, ""angle"": 8.820919960984314, ""elevation"": 0.0}, {""range"": 0.6614356677059537, ""doppler"": 0.0, ""angle"": 15.700716388514152, ""elevation"": 0.0}, {""range"": 0.6889645430591412, ""doppler"": 0.0, ""angle"": 18.726503950019577, ""elevation"": 0.0}, {""range"": 2.066697524738334, ""doppler"": 0.0, ""angle"": 53.05375958283873, ""elevation"": 0.0}, {""range"": 2.0855283113617014, ""doppler"": 0.0, ""angle"": 52.09054754300557, ""elevation"": 0.0}]",1785110160553.231
7,"[{""range"": 0.6234201585028905, ""doppler"": 0.0, ""angle"": 0.887471215229771, ""elevation"": 0.0}, {""range"": 0.6274841858415006, ""doppler"": 0.0, ""angle"": 0.5224890627282082, ""elevation"": 0.0}, {""range"": 0.6405377702107314, ""doppler"": 0.0, ""angle"": 1.9837534950750895, ""elevation"": 0.0}, {""range"": 1.8706763637063384, ""doppler"": 0.0, ""angle"": 4.523040218958624, ""elevation"": 0.0}, {""range"": 0.6913390252684114, ""doppler"": 0.0, ""angle"": 23.521610437263046, ""elevation"": 0.0}, {""range"": 2.014078383409681, ""doppler"": 0.0, ""angle"": 48.33984702901198, ""elevation"": 0.0}, {""range"": 2.0571133177955856, ""doppler"": 0.0, ""angle"": 56.37209185748055, ""elevation"": 0.0}]",1785110160659.33
7,"[{""range"": 0.6443150416358184, ""doppler"": 0.0, ""angle"": -6.373555308621186, ""elevation"": 0.0}, {""range"": 0.6248544389498613, ""doppler"": 0.0, ""angle"": -2.5422563638267723, ""elevation"": 0.0}, {""range"": 0.9499384023969909, ""doppler"": 0.0, ""angle"": 33.38196434093666, ""elevation"": 0.0}, {""range"": 0.9588493533739906, ""doppler"": 0.0, ""angle"": 32.68836040728848, ""elevation"": 0.0}, {""range"": 0.9726782797589358, ""doppler"": 0.0, ""angle"": 31.11549479511659, ""elevation"": 0.0}, {""range"": 2.0864984054677604, ""doppler"": 0.0, ""angle"": 49.07967975240577, ""elevation"": 0.0}, {""range"": 2.0677671322762867, ""doppler"": 0.0, ""angle"": 55.064807142512585, ""elevation"": 0.0}]",1785110160763.0852
4,"[{""range"": 0.6337891591876709, ""doppler"": 0.0, ""angle"": 3.445248362068641, ""elevation"": 0.0}, {""range"": 0.6509966066176331, ""doppler"": 0.0, ""angle"": 7.909760738620543, ""elevation"": 0.0}, {""range"": 0.9742811399233082, ""doppler"": 0.0, ""angle"": 38.24759188334055, ""elevation"": 0.0}, {""range"": 0.9836477813497844, ""doppler"": 0.0, ""angle"": 39.44550180440304, ""elevation"": 0.0}]",1785110160863.0981
5,"[{""range"": 0.6269645196841847, ""doppler"": 0.0, ""angle"": -0.6699999668291537, ""elevation"": 0.0}, {""range"": 0.6727854971842137, ""doppler"": 0.0, ""angle"": 25.60476248835078, ""elevation"": 0.0}, {""range"": 0.6876930287559835, ""doppler"": 0.0, ""angle"": 22.23022068916898, ""elevation"": 0.0}, {""range"": 2.0790268290415184, ""doppler"": 0.0, ""angle"": 52.47467432432454, ""elevation"": 0.0}, {""range"": 2.061386276554221, ""doppler"": 0.0, ""angle"": 56.89716504676846, ""elevation"": 0.0}]",1785110160950.6262
4,"[{""range"": 0.6217256611802845, ""doppler"": 0.0, ""angle"": 2.3571311550347285, ""elevation"": 0.0}, {""range"": 0.625792211293007, ""doppler"": 0.0, ""angle"": 2.9646007547728157, ""elevation"": 0.0}, {""range"": 0.6368958004107714, ""doppler"": 0.0, ""angle"": 5.04150847958116, ""elevation"": 0.0}, {""range"": 0.6855621070308827, ""doppler"": 0.0, ""angle"": 25.061131737215593, ""elevation"": 0.0}]",1785110161059.732
3,"[{""range"": 0.6342191720068828, ""doppler"": 0.0, ""angle"": -5.744348537431399, ""elevation"": 0.0}, {""range"": 0.6553852696594108, ""doppler"": 0.0, ""angle"": -1.4539747921493673, ""elevation"": 0.0}, {""range"": 2.0597787591130348, ""doppler"": 0.0, ""angle"": 48.2057777915021, ""elevation"": 0.0}]",1785110161163.04
8,"[{""range"": 0.6895349335830417, ""doppler"": 0.0, ""angle"": -0.52004595788447, ""elevation"": 0.0}, {""range"": 0.6405539933850672, ""doppler"": 0.0, ""angle"": 5.623060418365104, ""elevation"": 0.0}, {""range"": 0.6611137837349521, ""doppler"": 0.0, ""angle"": 13.961071929434892, ""elevation"": 0.0}, {""range"": 2.6439844643631583, ""doppler"": 0.0, ""angle"": 11.46875981330603, ""elevation"": 0.0}, {""range"": 0.963681911545358, ""doppler"": 0.0, ""angle"": 34.3771121355997, ""elevation"": 0.0}, {""range"": 0.9774567314135952, ""doppler"": 0.0, ""angle"": 34.53605424001464, ""elevation"": 0.0}, {""range"": 2.0256710496086825, ""doppler"": 0.0, ""angle"": 61.46219740149904, ""elevation"": 0.0}, {""range"": 2.049328297416027, ""doppler"": 0.0, ""angle"": 56.221192167240716, ""elevation"": 0.0}]",1785110161250.1882
7,"[{""range"": 1.1448901998379135, ""doppler"": 0.0, ""angle"": -14.526755242364903, ""elevation"": 0.0}, {""range"": 0.6563392192570221, ""doppler"": 0.0, ""angle"": 19.777727064384763, ""elevation"": 0.0}, {""range"": 0.6597460967016766, ""doppler"": 0.0, ""angle"": 18.930940009830902, ""elevation"": 0.0}, {""range"": 0.6797965369149511, ""doppler"": 0.0, ""angle"": 18.32056711592171, ""elevation"": 0.0}, {""range"": 2.082649516351993, ""doppler"": 0.0, ""angle"": 42.14992806462281, ""elevation"": 0.0}, {""range"": 2.0613877035773567, ""doppler"": 0.0, ""angle"": 47.55580525922395, ""elevation"": 0.0}, {""range"": 2.0290914644725127, ""doppler"": 0.0, ""angle"": 56.31273326492149, ""elevation"": 0.0}]",1785110161353.3198
1,"[{""range"": 0.6507134151864763, ""doppler"": 0.0, ""angle"": 25.593313290389965, ""elevation"": 0.0}]",1785110161448.961
4,"[{""range"": 0.6645641219576829, ""doppler"": 0.0, ""angle"": 20.985489371850274, ""elevation"": 0.0}, {""range"": 0.699099666854125, ""doppler"": 0.0, ""angle"": 28.125072419256938, ""elevation"": 0.0}, {""range"": 1.8836588473736857, ""doppler"": 0.0, ""angle"": 34.20598714137359, ""elevation"": 0.0}, {""range"": 1.9068783686983184, ""doppler"": 0.0, ""angle"": 36.71945896057549, ""elevation"": 0.0}]",1785110161538.791
3,"[{""range"": 0.6391294303053244, ""doppler"": 0.0, ""angle"": 0.7053404994669575, ""elevation"": 0.0}, {""range"": 0.6517607977361032, ""doppler"": 0.0, ""angle"": 1.8552124693156877, ""elevation"": 0.0}, {""range"": 0.6946466589370163, ""doppler"": 0.0, ""angle"": 17.49743975536727, ""elevation"": 0.0}]",1785110161653.456
3,"[{""range"": 0.6532481250229677, ""doppler"": 0.0, ""angle"": 25.730365156070288, ""elevation"": 0.0}, {""range"": 0.6658589386745646, ""doppler"": 0.0, ""angle"": 27.232531262089044, ""elevation"": 0.0}, {""range"": 0.6898446454808009, ""doppler"": 0.0, ""angle"": 30.00093570753835, ""elevation"": 0.0}]",1785110161762.918
3,"[{""range"": 0.6294333036786328, ""doppler"": 0.0, ""angle"": -5.6409493873383845, ""elevation"": 0.0}, {""range"": 0.692270035060653, ""doppler"": 0.0, ""angle"": 23.698018739949188, ""elevation"": 0.0}, {""range"": 0.6669410982166473, ""doppler"": 0.0, ""angle"": 31.5934130379336, ""elevation"": 0.0}]",1785110161853.4011
3,"[{""range"": 0.6668821270731274, ""doppler"": 0.0, ""angle"": 23.850178097082, ""elevation"": 0.0}, {""range"": 0.6914936217001465, ""doppler"": 0.0, ""angle"": 22.373687906773206, ""elevation"": 0.0}, {""range"": 2.05192538617178, ""doppler"": 0.0, ""angle"": 45.98155235162607, ""elevation"": 0.0}]",1785110161953.352
4,"[{""range"": 0.6333831367044473, ""doppler"": 0.0, ""angle"": 2.410859629006138, ""elevation"": 0.0}, {""range"": 0.6690853285858962, ""doppler"": 0.0, ""angle"": 24.23612352702583, ""elevation"": 0.0}, {""range"": 0.6909215855794697, ""doppler"": 0.0, ""angle"": 28.302764382289975, ""elevation"": 0.0}, {""range"": 2.0621451273150573, ""doppler"": 0.0, ""angle"": 50.39353523391014, ""elevation"": 0.0}]",1785110162053.3901
8,"[{""range"": 0.9124186663363276, ""doppler"": 0.0, ""angle"": -8.542980536496101, ""elevation"": 0.0}, {""range"": 0.9290689189888296, ""doppler"": 0.0, ""angle"": -8.622916874149613, ""elevation"": 0.0}, {""range"": 0.9431092394959402, ""doppler"": 0.0, ""angle"": -9.49446870522088, ""elevation"": 0.0}, {""range"": 0.6898600335687496, ""doppler"": 0.0, ""angle"": 22.31712652217645, ""elevation"": 0.0}, {""range"": 0.6638368271079259, ""doppler"": 0.0, ""angle"": 31.12521231343805, ""elevation"": 0.0}, {""range"": 0.6710840977100362, ""doppler"": 0.0, ""angle"": 28.313163716331378, ""elevation"": 0.0}, {""range"": 2.05650952564408, ""doppler"": 0.0, ""angle"": 51.18380572340478, ""elevation"": 0.0}, {""range"": 2.017780456532659, ""doppler"": 0.0, ""angle"": 60.44531459928996, ""elevation"": 0.0}]",1785110162153.5571
5,"[{""range"": 0.6484420507213772, ""doppler"": 0.0, ""angle"": 6.36461896025255, ""elevation"": 0.0}, {""range"": 0.656652414745065, ""doppler"": 0.0, ""angle"": 10.131802772006951, ""elevation"": 0.0}, {""range"": 0.6792847885460774, ""doppler"": 0.0, ""angle"": 14.061849701080375, ""elevation"": 0.0}, {""range"": 2.0609452402947688, ""doppler"": 0.0, ""angle"": 52.976990515442616, ""elevation"": 0.0}, {""range"": 2.0252172860182287, ""doppler"": 0.0, ""angle"": 64.61147400699387, ""elevation"": 0.0}]",1785110162258.869
7,"[{""range"": 0.6628094200570923, ""doppler"": 0.0, ""angle"": 8.705030213113904, ""elevation"": 0.0}, {""range"": 2.696987695968933, ""doppler"": 0.0, ""angle"": 4.833991997745598, ""elevation"": 0.0}, {""range"": 0.6716090695908862, ""doppler"": 0.0, ""angle"": 13.958546797886202, ""elevation"": 0.0}, {""range"": 0.6894731646468968, ""doppler"": 0.0, ""angle"": 18.148307849254333, ""elevation"": 0.0}, {""range"": 0.7343601791751216, ""doppler"": 0.0, ""angle"": 17.018619863174887, ""elevation"": 0.0}, {""range"": 2.055531158411468, ""doppler"": 0.0, ""angle"": 51.19385064429824, ""elevation"": 0.0}, {""range"": 2.023314876266894, ""doppler"": 0.0, ""angle"": 58.66716985904842, ""elevation"": 0.0}]",1785110162358.863
3,"[{""range"": 0.6535233440032231, ""doppler"": 0.0, ""angle"": -3.969454959495925, ""elevation"": 0.0}, {""range"": 0.660387966501446, ""doppler"": 0.0, ""angle"": -7.327066119206533, ""elevation"": 0.0}, {""range"": 0.6965570520751474, ""doppler"": 0.0, ""angle"": 30.191854110697648, ""elevation"": 0.0}]",1785110162458.9949
7,"[{""range"": 0.6885713897731067, ""doppler"": 0.0, ""angle"": 20.11022687489164, ""elevation"": 0.0}, {""range"": 0.6980363289791052, ""doppler"": 0.0, ""angle"": 21.220867010168025, ""elevation"": 0.0}, {""range"": 0.7234689140011012, ""doppler"": 0.0, ""angle"": 20.849416671413437, ""elevation"": 0.0}, {""range"": 1.9734241511084103, ""doppler"": 0.0, ""angle"": 42.44411187731805, ""elevation"": 0.0}, {""range"": 2.0206991735530093, ""doppler"": 0.0, ""angle"": 49.32061429042846, ""elevation"": 0.0}, {""range"": 2.0552698514929952, ""doppler"": 0.0, ""angle"": 52.41226014143602, ""elevation"": 0.0}, {""range"": 2.0845100158561474, ""doppler"": 0.0, ""angle"": 55.57652984196247, ""elevation"": 0.0}]",1785110162558.884
4,"[{""range"": 0.6483642354914501, ""doppler"": 0.0, ""angle"": 5.698014481387111, ""elevation"": 0.0}, {""range"": 0.6586864850735976, ""doppler"": 0.0, ""angle"": 7.863939669339356, ""elevation"": 0.0}, {""range"": 0.6840038521281877, ""doppler"": 0.0, ""angle"": 10.757672785448747, ""elevation"": 0.0}, {""range"": 1.002263730319417, ""doppler"": 0.0, ""angle"": 53.86816153196623, ""elevation"": 0.0}]",1785110162658.844
7,"[{""range"": 0.6431957351026291, ""doppler"": 0.0, ""angle"": -9.941543522958678, ""elevation"": 0.0}, {""range"": 3.5374105537017795, ""doppler"": 0.0, ""angle"": 5.694742726345292, ""elevation"": 0.0}, {""range"": 3.556042729665824, ""doppler"": 0.0, ""angle"": 8.851304072760685, ""elevation"": 0.0}, {""range"": 0.7123186784692059, ""doppler"": 0.0, ""angle"": 23.17970470132106, ""elevation"": 0.0}, {""range"": 0.730085031222831, ""doppler"": 0.0, ""angle"": 19.531108932965854, ""elevation"": 0.0}, {""range"": 0.6921558725239922, ""doppler"": 0.0, ""angle"": 28.769939063476432, ""elevation"": 0.0}, {""range"": 2.019719789319361, ""doppler"": 0.0, ""angle"": 62.46850177963625, ""elevation"": 0.0}]",1785110162750.171
