num_points,points,timestamp_ms
6,"[{""range"": 0.7147005728067641, ""doppler"": 0.0, ""angle"": -8.401759594388821, ""elevation"": 0.0}, {""range"": 0.7585953296409804, ""doppler"": 0.0, ""angle"": -3.3783568040671663, ""elevation"": 0.0}, {""range"": 0.7807076577781428, ""doppler"": 0.0, ""angle"": -1.246790350833889, ""elevation"": 0.0}, {""range"": 0.8011269173329946, ""doppler"": 0.0, ""angle"": 2.1745823503190795, ""elevation"": 0.0}, {""range"": 2.0452066580543304, ""doppler"": 0.0, ""angle"": 38.87808130493724, ""elevation"": 0.0}, {""range"": 2.0339150066685505, ""doppler"": 0.0, ""angle"": 43.73187621286375, ""elevation"": 0.0}]",1785099400008.395
8,"[{""range"": 0.7045470742542269, ""doppler"": 0.0, ""angle"": -33.331116543115016, ""elevation"": 0.0}, {""range"": 0.7748466866456664, ""doppler"": 0.0, ""angle"": -4.964586221315823, ""elevation"": 0.0}, {""range"": 0.7881020033076004, ""doppler"": 0.0, ""angle"": -1.8853324270122733, ""elevation"": 0.0}, {""range"": 0.8039577097848829, ""doppler"": 0.0, ""angle"": 1.7333886410114723, ""elevation"": 0.0}, {""range"": 0.8481379965058835, ""doppler"": 0.0, ""angle"": 3.142306575938424, ""elevation"": 0.0}, {""range"": 1.9808184257005428, ""doppler"": 0.0, ""angle"": 32.727457015792496, ""elevation"": 0.0}, {""range"": 2.0162009095643083, ""doppler"": 0.0, ""angle"": 33.577319544365146, ""elevation"": 0.0}, {""range"": 2.045350742217807, ""doppler"": 0.0, ""angle"": 28.17590934006931, ""elevation"": 0.0}]",1785099400008.61
9,"[{""range"": 0.729545512458877, ""doppler"": 0.0, ""angle"": -3.569326359925051, ""elevation"": 0.0}, {""range"": 0.7649660110473633, ""doppler"": 0.0, ""angle"": 0.0, ""elevation"": 0.0}, {""range"": 0.7890639733215455, ""doppler"": 0.0, ""angle"": 3.611971110931943, ""elevation"": 0.0}, {""range"": 0.8037845270009364, ""doppler"": 0.0, ""angle"": 4.69589619523374, ""elevation"": 0.0}, {""range"": 0.841600447718681, ""doppler"": 0.0, ""angle"": 3.654549155573455, ""elevation"": 0.0}, {""range"": 2.036752110636734, ""doppler"": 0.0, ""angle"": 42.11770102354696, ""elevation"": 0.0}, {""range"": 2.056236976059399, ""doppler"": 0.0, ""angle"": 41.322790943372404, ""elevation"": 0.0}, {""range"": 1.893387832132756, ""doppler"": 0.0, ""angle"": 53.475331708464445, ""elevation"": 0.0}, {""range"": 1.8829671142835347, ""doppler"": 0.0, ""angle"": 55.990007828425185, ""elevation"": 0.0}]",1785099400008.811
6,"[{""range"": 0.7833904584114936, ""doppler"": 0.0, ""angle"": 0.23540703675632813, ""elevation"": 0.0}, {""range"": 0.7938472758574185, ""doppler"": 0.0, ""angle"": 1.4972504460984668, ""elevation"": 0.0}, {""range"": 1.838690996412094, ""doppler"": 0.0, ""angle"": -2.2182312137813778, ""elevation"": 0.0}, {""range"": 1.8679252183176578, ""doppler"": 0.0, ""angle"": -0.8666388482971241, ""elevation"": 0.0}, {""range"": 0.8024029990327575, ""doppler"": 0.0, ""angle"": 4.7424347778376275, ""elevation"": 0.0}, {""range"": 0.8375831359840168, ""doppler"": 0.0, ""angle"": 13.896809080674098, ""elevation"": 0.0}]",1785099400009.006
10,"[{""range"": 0.9359257635662457, ""doppler"": 0.0, ""angle"": -34.66469104952786, ""elevation"": 0.0}, {""range"": 0.9159848289745346, ""doppler"": 0.0, ""angle"": -30.670269050231216, ""elevation"": 0.0}, {""range"": 1.1631881063616452, ""doppler"": 0.0, ""angle"": -11.518945666095863, ""elevation"": 0.0}, {""range"": 1.1829869472612093, ""doppler"": 0.0, ""angle"": -15.176882147503868, ""elevation"": 0.0}, {""range"": 0.7832785140800277, ""doppler"": 0.0, ""angle"": 0.7848246029918882, ""elevation"": 0.0}, {""range"": 0.8056213708120606, ""doppler"": 0.0, ""angle"": 2.2133509566618965, ""elevation"": 0.0}, {""range"": 0.8174630136661609, ""doppler"": 0.0, ""angle"": 2.269070465234956, ""elevation"": 0.0}, {""range"": 0.8418631621711042, ""doppler"": 0.0, ""angle"": -2.3737848073943155, ""elevation"": 0.0}, {""range"": 1.882595909799185, ""doppler"": 0.0, ""angle"": 45.28091600443035, ""elevation"": 0.0}, {""range"": 1.903293316231308, ""doppler"": 0.0, ""angle"": 47.1777291875799, ""elevation"": 0.0}]",1785099400009.1929
8,"[{""range"": 0.9332613239407118, ""doppler"": 0.0, ""angle"": -10.900868399893907, ""elevation"": 0.0}, {""range"": 0.7836745639597745, ""doppler"": 0.0, ""angle"": -3.9906098033357273, ""elevation"": 0.0}, {""range"": 0.8927096871450759, ""doppler"": 0.0, ""angle"": -6.4289083748394855, ""elevation"": 0.0}, {""range"": 0.8042225627354606, ""doppler"": 0.0, ""angle"": -2.574217430600242, ""elevation"": 0.0}, {""range"": 0.826720617265795, ""doppler"": 0.0, ""angle"": 1.3881159088396697, ""elevation"": 0.0}, {""range"": 0.8559859643104424, ""doppler"": 0.0, ""angle"": -0.16756603848643561, ""elevation"": 0.0}, {""range"": 1.880351738014485, ""doppler"": 0.0, ""angle"": 50.49859339526247, ""elevation"": 0.0}, {""range"": 1.894476748729063, ""doppler"": 0.0, ""angle"": 51.66113529519907, ""elevation"": 0.0}]",1785099400009.388
11,"[{""range"": 1.0134183931486886, ""doppler"": 0.0, ""angle"": -19.05197119685568, ""elevation"": 0.0}, {""range"": 0.9131250818545087, ""doppler"": 0.0, ""angle"": -9.536104640376475, ""elevation"": 0.0}, {""range"": 1.9515116840741307, ""doppler"": 0.0, ""angle"": -3.60908248928349, ""elevation"": 0.0}, {""range"": 0.7835449704145595, ""doppler"": 0.0, ""angle"": 4.39770250586268, ""elevation"": 0.0}, {""range"": 0.7970716718143503, ""doppler"": 0.0, ""angle"": 5.367822734998317, ""elevation"": 0.0}, {""range"": 0.8106396345612045, ""doppler"": 0.0, ""angle"": 7.465190856121426, ""elevation"": 0.0}, {""range"": 0.8463645839175584, ""doppler"": 0.0, ""angle"": 9.522023946878216, ""elevation"": 0.0}, {""range"": 2.0196852138608388, ""doppler"": 0.0, ""angle"": 42.10409863471695, ""elevation"": 0.0}, {""range"": 2.0564658511037357, ""doppler"": 0.0, ""angle"": 40.231677472756886, ""elevation"": 0.0}, {""range"": 1.8813223503840355, ""doppler"": 0.0, ""angle"": 49.84230949358855, ""elevation"": 0.0}, {""range"": 1.9054093085029966, ""doppler"": 0.0, ""angle"": 52.07078356009388, ""elevation"": 0.0}]",1785099400009.604
7,"[{""range"": 0.9255205067227998, ""doppler"": 0.0, ""angle"": -19.233103088021867, ""elevation"": 0.0}, {""range"": 0.8987381524515493, ""doppler"": 0.0, ""angle"": -13.801233385075271, ""elevation"": 0.0}, {""range"": 0.8566627550609457, ""doppler"": 0.0, ""angle"": -5.341685103530768, ""elevation"": 0.0}, {""range"": 0.7908227331779359, ""doppler"": 0.0, ""angle"": 1.5418574593442638, ""elevation"": 0.0}, {""range"": 0.805005258919412, ""doppler"": 0.0, ""angle"": 2.062215565339086, ""elevation"": 0.0}, {""range"": 0.8163230564641042, ""doppler"": 0.0, ""angle"": 2.460659440074689, ""elevation"": 0.0}, {""range"": 1.8797162068164985, ""doppler"": 0.0, ""angle"": 51.56235967794017, ""elevation"": 0.0}]",1785099400009.791
7,"[{""range"": 1.1846794941304146, ""doppler"": 0.0, ""angle"": -11.421871276831595, ""elevation"": 0.0}, {""range"": 0.8554926945352167, ""doppler"": 0.0, ""angle"": -5.890531871365403, ""elevation"": 0.0}, {""range"": 0.8998973579548555, ""doppler"": 0.0, ""angle"": -6.423170741872684, ""elevation"": 0.0}, {""range"": 0.7922317003997459, ""doppler"": 0.0, ""angle"": -3.5456802565934082, ""elevation"": 0.0}, {""range"": 0.8075919082399358, ""doppler"": 0.0, ""angle"": -3.046126136236665, ""elevation"": 0.0}, {""range"": 0.8185996647691675, ""doppler"": 0.0, ""angle"": -3.155531656726751, ""elevation"": 0.0}, {""range"": 1.8785629585384895, ""doppler"": 0.0, ""angle"": 52.3861847961488, ""elevation"": 0.0}]",1785099400010.031
7,"[{""range"": 1.1845419454340846, ""doppler"": 0.0, ""angle"": -11.476164063741434, ""elevation"": 0.0}, {""range"": 0.7920407345123188, ""doppler"": 0.0, ""angle"": -6.260197690363773, ""elevation"": 0.0}, {""range"": 0.8104755923805009, ""doppler"": 0.0, ""angle"": -5.037636422284493, ""elevation"": 0.0}, {""range"": 0.818173859677564, ""doppler"": 0.0, ""angle"": -4.41215101020453, ""elevation"": 0.0}, {""range"": 0.8461081042879871, ""doppler"": 0.0, ""angle"": -6.748036346435664, ""elevation"": 0.0}, {""range"": 1.1653786039857115, ""doppler"": 0.0, ""angle"": -9.440642803044126, ""elevation"": 0.0}, {""range"": 2.016976292914753, ""doppler"": 0.0, ""angle"": 46.921955958931434, ""elevation"": 0.0}]",1785099400010.227
8,"[{""range"": 1.1814403897217727, ""doppler"": 0.0, ""angle"": -10.940879898765253, ""elevation"": 0.0}, {""range"": 0.891575403688951, ""doppler"": 0.0, ""angle"": -4.739784355532236, ""elevation"": 0.0}, {""range"": 0.7909553991533824, ""doppler"": 0.0, ""angle"": -1.4120252295600948, ""elevation"": 0.0}, {""range"": 0.8096542115799448, ""doppler"": 0.0, ""angle"": -1.1515824685612484, ""elevation"": 0.0}, {""range"": 0.8220179445441481, ""doppler"": 0.0, ""angle"": -0.286663461591691, ""elevation"": 0.0}, {""range"": 0.848030715643661, ""doppler"": 0.0, ""angle"": -0.8578018558606562, ""elevation"": 0.0}, {""range"": 1.8827521241735825, ""doppler"": 0.0, ""angle"": 50.20557662416506, ""elevation"": 0.0}, {""range"": 1.8937417170282222, ""doppler"": 0.0, ""angle"": 52.534983459489276, ""elevation"": 0.0}]",1785099400010.419
8,"[{""range"": 1.1623891916985392, ""doppler"": 0.0, ""angle"": -12.879666000255458, ""elevation"": 0.0}, {""range"": 1.1817341051365102, ""doppler"": 0.0, ""angle"": -15.382102810928984, ""elevation"": 0.0}, {""range"": 0.7894460839801011, ""doppler"": 0.0, ""angle"": -2.700384744953398, ""elevation"": 0.0}, {""range"": 0.8075350714896996, ""doppler"": 0.0, ""angle"": -1.24343407611037, ""elevation"": 0.0}, {""range"": 0.8178949551546889, ""doppler"": 0.0, ""angle"": -0.012526405465721925, ""elevation"": 0.0}, {""range"": 0.8397617153718538, ""doppler"": 0.0, ""angle"": -0.6344247805479795, ""elevation"": 0.0}, {""range"": 1.8852208931704666, ""doppler"": 0.0, ""angle"": 50.669679331944025, ""elevation"": 0.0}, {""range"": 1.8987215634918644, ""doppler"": 0.0, ""angle"": 50.64073693798045, ""elevation"": 0.0}]",1785099400010.609
6,"[{""range"": 0.7909817558563668, ""doppler"": 0.0, ""angle"": -9.564533324063945, ""elevation"": 0.0}, {""range"": 0.8107183598627671, ""doppler"": 0.0, ""angle"": -7.311544778154155, ""elevation"": 0.0}, {""range"": 0.8234397402012126, ""doppler"": 0.0, ""angle"": -9.259821099403563, ""elevation"": 0.0}, {""range"": 0.8556928166548, ""doppler"": 0.0, ""angle"": -9.186750293785808, ""elevation"": 0.0}, {""range"": 1.8795489291820302, ""doppler"": 0.0, ""angle"": 50.28027305910586, ""elevation"": 0.0}, {""range"": 1.8994987545032183, ""doppler"": 0.0, ""angle"": 49.3290871881472, ""elevation"": 0.0}]",1785099400010.8008
9,"[{""range"": 0.790050977626408, ""doppler"": 0.0, ""angle"": -4.92087272676799, ""elevation"": 0.0}, {""range"": 0.8891064150514271, ""doppler"": 0.0, ""angle"": -3.678402998955252, ""elevation"": 0.0}, {""range"": 0.8052841012410664, ""doppler"": 0.0, ""angle"": -2.82555580212948, ""elevation"": 0.0}, {""range"": 0.8127080725354807, ""doppler"": 0.0, ""angle"": -1.1976906295829846, ""elevation"": 0.0}, {""range"": 0.8364541431000614, ""doppler"": 0.0, ""angle"": -1.0534277970659771, ""elevation"": 0.0}, {""range"": 1.8371770018214013, ""doppler"": 0.0, ""angle"": -0.3903681630315748, ""elevation"": 0.0}, {""range"": 1.8647644384260516, ""doppler"": 0.0, ""angle"": -0.5714004143650014, ""elevation"": 0.0}, {""range"": 2.9360934926952935, ""doppler"": 0.0, ""angle"": 16.36000236948443, ""elevation"": 0.0}, {""range"": 1.8796208534997498, ""doppler"": 0.0, ""angle"": 51.43468155767229, ""elevation"": 0.0}]",1785099400011.0002
10,"[{""range"": 0.9675516898346443, ""doppler"": 0.0, ""angle"": -46.025837540558356, ""elevation"": 0.0}, {""range"": 0.9067655314921459, ""doppler"": 0.0, ""angle"": -36.84730021869266, ""elevation"": 0.0}, {""range"": 0.9315783816929789, ""doppler"": 0.0, ""angle"": -39.04798044835107, ""elevation"": 0.0}, {""range"": 0.8724404421897626, ""doppler"": 0.0, ""angle"": -15.52599680158242, ""elevation"": 0.0}, {""range"": 1.194721319375322, ""doppler"": 0.0, ""angle"": -13.19387212111697, ""elevation"": 0.0}, {""range"": 1.2234531710770615, ""doppler"": 0.0, ""angle"": -13.136468811035414, ""elevation"": 0.0}, {""range"": 0.7876394141317666, ""doppler"": 0.0, ""angle"": 3.4099990618466136, ""elevation"": 0.0}, {""range"": 0.8141263523006239, ""doppler"": 0.0, ""angle"": 2.379133395083533, ""elevation"": 0.0}, {""range"": 0.8339310240210581, ""doppler"": 0.0, ""angle"": 5.1299166813131585, ""elevation"": 0.0}, {""range"": 2.9331848243609167, ""doppler"": 0.0, ""angle"": 17.860574284733786, ""elevation"": 0.0}]",1785099400011.2
9,"[{""range"": 0.9942070346501005, ""doppler"": 0.0, ""angle"": -45.18216834048289, ""elevation"": 0.0}, {""range"": 1.1535555218178064, ""doppler"": 0.0, ""angle"": -13.071171773651713, ""elevation"": 0.0}, {""range"": 1.183380647195368, ""doppler"": 0.0, ""angle"": -15.378129491064922, ""elevation"": 0.0}, {""range"": 1.221077191606137, ""doppler"": 0.0, ""angle"": -15.823230244875647, ""elevation"": 0.0}, {""range"": 0.8120736344308431, ""doppler"": 0.0, ""angle"": -10.800232213825877, ""elevation"": 0.0}, {""range"": 0.8333335021010478, ""doppler"": 0.0, ""angle"": 28.924443635069604, ""elevation"": 0.0}, {""range"": 2.0403167476571307, ""doppler"": 0.0, ""angle"": 40.20097416709132, ""elevation"": 0.0}, {""range"": 1.8786170154473936, ""doppler"": 0.0, ""angle"": 50.63154758979956, ""elevation"": 0.0}, {""range"": 2.025457101628055, ""doppler"": 0.0, ""angle"": 44.86050746075972, ""elevation"": 0.0}]",1785099400011.392
7,"[{""range"": 1.789053849971431, ""doppler"": 0.0, ""angle"": -21.420705169220188, ""elevation"": 0.0}, {""range"": 0.7902661951437981, ""doppler"": 0.0, ""angle"": -6.509129336864273, ""elevation"": 0.0}, {""range"": 0.8152764405402034, ""doppler"": 0.0, ""angle"": 0.7163170161725441, ""elevation"": 0.0}, {""range"": 0.8284369104880898, ""doppler"": 0.0, ""angle"": 7.241595735115119, ""elevation"": 0.0}, {""range"": 0.8440140823298642, ""doppler"": 0.0, ""angle"": 11.995563524007725, ""elevation"": 0.0}, {""range"": 2.043475893374242, ""doppler"": 0.0, ""angle"": 39.03330257179504, ""elevation"": 0.0}, {""range"": 2.0232921830471615, ""doppler"": 0.0, ""angle"": 43.57837366892771, ""elevation"": 0.0}]",1785099400011.59
5,"[{""range"": 0.7874784780979242, ""doppler"": 0.0, ""angle"": -6.335881524033358, ""elevation"": 0.0}, {""range"": 0.8061612202811386, ""doppler"": 0.0, ""angle"": -6.20125063009558, ""elevation"": 0.0}, {""range"": 0.8192748101882555, ""doppler"": 0.0, ""angle"": -3.102832762816444, ""elevation"": 0.0}, {""range"": 0.8565973042257171, ""doppler"": 0.0, ""angle"": 4.129928393233486, ""elevation"": 0.0}, {""range"": 2.0289396462218234, ""doppler"": 0.0, ""angle"": 51.28972062332381, ""elevation"": 0.0}]",1785099400011.772
9,"[{""range"": 0.7920960995797177, ""doppler"": 0.0, ""angle"": -1.0348078493021267, ""elevation"": 0.0}, {""range"": 0.8098041664949966, ""doppler"": 0.0, ""angle"": 1.5943019409581305, ""elevation"": 0.0}, {""range"": 0.8185699787049776, ""doppler"": 0.0, ""angle"": 3.74497258936087, ""elevation"": 0.0}, {""range"": 0.8302790798300789, ""doppler"": 0.0, ""angle"": 5.8591610653069734, ""elevation"": 0.0}, {""range"": 1.9645312634606078, ""doppler"": 0.0, ""angle"": 36.68841085685097, ""elevation"": 0.0}, {""range"": 2.0146752361259703, ""doppler"": 0.0, ""angle"": 34.422093413664534, ""elevation"": 0.0}, {""range"": 2.050216076246715, ""doppler"": 0.0, ""angle"": 39.170214429920655, ""elevation"": 0.0}, {""range"": 1.8851763117820484, ""doppler"": 0.0, ""angle"": 48.730229905828196, ""elevation"": 0.0}, {""range"": 1.9127611546591026, ""doppler"": 0.0, ""angle"": 47.35267479474204, ""elevation"": 0.0}]",1785099400011.953
9,"[{""range"": 0.9134172301084936, ""doppler"": 0.0, ""angle"": -42.850135948610465, ""elevation"": 0.0}, {""range"": 0.9371478452503895, ""doppler"": 0.0, ""angle"": -35.588512469003064, ""elevation"": 0.0}, {""range"": 0.7904267253887929, ""doppler"": 0.0, ""angle"": -2.24294904967861, ""elevation"": 0.0}, {""range"": 0.8068782385948209, ""doppler"": 0.0, ""angle"": -1.4222587459338205, ""elevation"": 0.0}, {""range"": 0.8146927884111506, ""doppler"": 0.0, ""angle"": 0.36469604173880377, ""elevation"": 0.0}, {""range"": 0.8377172517956213, ""doppler"": 0.0, ""angle"": 2.324337878920183, ""elevation"": 0.0}, {""range"": 1.985776812960402, ""doppler"": 0.0, ""angle"": 39.54133619791811, ""elevation"": 0.0}, {""range"": 2.0198920562032003, ""doppler"": 0.0, ""angle"": 46.28769153810723, ""elevation"": 0.0}, {""range"": 2.0401645579522607, ""doppler"": 0.0, ""angle"": 45.74571924440238, ""elevation"": 0.0}]",1785099400012.158
7,"[{""range"": 0.8673612222740484, ""doppler"": 0.0, ""angle"": -45.893738324248716, ""elevation"": 0.0}, {""range"": 0.8088143258372099, ""doppler"": 0.0, ""angle"": -12.499955105725562, ""elevation"": 0.0}, {""range"": 0.8142318761017088, ""doppler"": 0.0, ""angle"": -16.588364866410405, ""elevation"": 0.0}, {""range"": 0.7895711655848777, ""doppler"": 0.0, ""angle"": -9.581781570007221, ""elevation"": 0.0}, {""range"": 1.1553680981326655, ""doppler"": 0.0, ""angle"": -7.962057956497246, ""elevation"": 0.0}, {""range"": 1.8799960044342907, ""doppler"": 0.0, ""angle"": 49.58667403909828, ""elevation"": 0.0}, {""range"": 1.9002802127870932, ""doppler"": 0.0, ""angle"": 53.421242418588484, ""elevation"": 0.0}]",1785099400012.345
6,"[{""range"": 0.7939770805996899, ""doppler"": 0.0, ""angle"": -1.35502032204537, ""elevation"": 0.0}, {""range"": 0.8129900936772226, ""doppler"": 0.0, ""angle"": -0.9073803870812998, ""elevation"": 0.0}, {""range"": 0.8197706243497297, ""doppler"": 0.0, ""angle"": -0.8373786870422075, ""elevation"": 0.0}, {""range"": 0.838443360279773, ""doppler"": 0.0, ""angle"": -1.6376239924357638, ""elevation"": 0.0}, {""range"": 1.8872660428368362, ""doppler"": 0.0, ""angle"": 52.54162767171439, ""elevation"": 0.0}, {""range"": 1.9128906102054977, ""doppler"": 0.0, ""angle"": 49.207578771596324, ""elevation"": 0.0}]",1785099400012.5188
10,"[{""range"": 1.1509381767675584, ""doppler"": 0.0, ""angle"": -8.181716757174582, ""elevation"": 0.0}, {""range"": 1.175657328616331, ""doppler"": 0.0, ""angle"": -7.533600990854902, ""elevation"": 0.0}, {""range"": 0.7944963893306254, ""doppler"": 0.0, ""angle"": -0.46423653495385886, ""elevation"": 0.0}, {""range"": 0.8132837133817522, ""doppler"": 0.0, ""angle"": -1.3228475570989353, ""elevation"": 0.0}, {""range"": 0.8208425365548205, ""doppler"": 0.0, ""angle"": -1.8850350739853128, ""elevation"": 0.0}, {""range"": 0.8404705740625881, ""doppler"": 0.0, ""angle"": -3.1832110002233884, ""elevation"": 0.0}, {""range"": 2.095960878015563, ""doppler"": 0.0, ""angle"": 23.20757627457715, ""elevation"": 0.0}, {""range"": 2.0467830120324297, ""doppler"": 0.0, ""angle"": 31.830819582263917, ""elevation"": 0.0}, {""range"": 1.985658719431163, ""doppler"": 0.0, ""angle"": 37.90394559448843, ""elevation"": 0.0}, {""range"": 2.02039414570834, ""doppler"": 0.0, ""angle"": 39.264074799006046, ""elevation"": 0.0}]",1785099400012.701
9,"[{""range"": 1.1482016301950473, ""doppler"": 0.0, ""angle"": -9.121995910743019, ""elevation"": 0.0}, {""range"": 1.172846061339322, ""doppler"": 0.0, ""angle"": -9.397698076267803, ""elevation"": 0.0}, {""range"": 1.2187815178663384, ""doppler"": 0.0, ""angle"": -9.969510249921603, ""elevation"": 0.0}, {""range"": 0.7916093074577989, ""doppler"": 0.0, ""angle"": -0.012942348890576294, ""elevation"": 0.0}, {""range"": 0.8137844743552686, ""doppler"": 0.0, ""angle"": 1.2086986503921486, ""elevation"": 0.0}, {""range"": 0.8193558277169642, ""doppler"": 0.0, ""angle"": 1.7633524203137956, ""elevation"": 0.0}, {""range"": 2.014391224763701, ""doppler"": 0.0, ""angle"": 41.570605743890525, ""elevation"": 0.0}, {""range"": 1.8803637771551591, ""doppler"": 0.0, ""angle"": 45.481595304360795, ""elevation"": 0.0}, {""range"": 1.9053675908071304, ""doppler"": 0.0, ""angle"": 43.63489594324253, ""elevation"": 0.0}]",1785099400012.9048
9,"[{""range"": 0.7924541533319462, ""doppler"": 0.0, ""angle"": -4.8280611664538515, ""elevation"": 0.0}, {""range"": 0.8123547737429672, ""doppler"": 0.0, ""angle"": -5.380546192096573, ""elevation"": 0.0}, {""range"": 0.8196626733692564, ""doppler"": 0.0, ""angle"": -5.973022315371704, ""elevation"": 0.0}, {""range"": 0.8479510615226938, ""doppler"": 0.0, ""angle"": -5.275376726723692, ""elevation"": 0.0}, {""range"": 1.1488927755074472, ""doppler"": 0.0, ""angle"": -9.27906781936908, ""elevation"": 0.0}, {""range"": 1.1765094300801269, ""doppler"": 0.0, ""angle"": -8.689224021093679, ""elevation"": 0.0}, {""range"": 1.8780555119754943, ""doppler"": 0.0, ""angle"": 48.408139868824065, ""elevation"": 0.0}, {""range"": 2.0238500922292766, ""doppler"": 0.0, ""angle"": 45.37227772180247, ""elevation"": 0.0}, {""range"": 2.0388770420391795, ""doppler"": 0.0, ""angle"": 45.27359637146264, ""elevation"": 0.0}]",1785099400013.134
8,"[{""range"": 1.152342395107373, ""doppler"": 0.0, ""angle"": -9.764883908965817, ""elevation"": 0.0}, {""range"": 1.1744179172067133, ""doppler"": 0.0, ""angle"": -9.747723104675803, ""elevation"": 0.0}, {""range"": 0.7906594323067093, ""doppler"": 0.0, ""angle"": -1.0107684191513573, ""elevation"": 0.0}, {""range"": 0.810347226979492, ""doppler"": 0.0, ""angle"": 2.0106621729436434, ""elevation"": 0.0}, {""range"": 0.8713421011428445, ""doppler"": 0.0, ""angle"": 1.5993024351572604, ""elevation"": 0.0}, {""range"": 0.8298689192209507, ""doppler"": 0.0, ""angle"": 5.3162609155851, ""elevation"": 0.0}, {""range"": 2.028083474251169, ""doppler"": 0.0, ""angle"": 43.749667033953266, ""elevation"": 0.0}, {""range"": 2.040912193811811, ""doppler"": 0.0, ""angle"": 45.33721802888145, ""elevation"": 0.0}]",1785099400013.3208
11,"[{""range"": 1.2199910215953418, ""doppler"": 0.0, ""angle"": -11.318167229132257, ""elevation"": 0.0}, {""range"": 1.1581022055438046, ""doppler"": 0.0, ""angle"": -8.819475207858163, ""elevation"": 0.0}, {""range"": 1.177907703364407, ""doppler"": 0.0, ""angle"": -10.690717950006832, ""elevation"": 0.0}, {""range"": 0.7933721375513453, ""doppler"": 0.0, ""angle"": 2.3897072293530814, ""elevation"": 0.0}, {""range"": 0.8181279195767324, ""doppler"": 0.0, ""angle"": 5.531158908647072, ""elevation"": 0.0}, {""range"": 0.8255645504597404, ""doppler"": 0.0, ""angle"": 7.442108661977625, ""elevation"": 0.0}, {""range"": 0.8402863854071141, ""doppler"": 0.0, ""angle"": 9.702857232852375, ""elevation"": 0.0}, {""range"": 2.014600546954391, ""doppler"": 0.0, ""angle"": 42.759118877946996, ""elevation"": 0.0}, {""range"": 1.8788004586350935, ""doppler"": 0.0, ""angle"": 48.88589266142835, ""elevation"": 0.0}, {""range"": 1.9055009717925455, ""doppler"": 0.0, ""angle"": 45.38019202771203, ""elevation"": 0.0}, {""range"": 2.0402920495332353, ""doppler"": 0.0, ""angle"": 44.60941756828346, ""elevation"": 0.0}]",1785099400013.523
12,"[{""range"": 1.0774283116350558, ""doppler"": 0.0, ""angle"": -18.320682173664693, ""elevation"": 0.0}, {""range"": 0.9074983336707096, ""doppler"": 0.0, ""angle"": -3.6150667667523977, ""elevation"": 0.0}, {""range"": 1.1489868948822333, ""doppler"": 0.0, ""angle"": -9.947545051957926, ""elevation"": 0.0}, {""range"": 1.1786569413062062, ""doppler"": 0.0, ""angle"": -8.269011371724009, ""elevation"": 0.0}, {""range"": 0.7893333376325036, ""doppler"": 0.0, ""angle"": -0.636016737487528, ""elevation"": 0.0}, {""range"": 0.818995694972884, ""doppler"": 0.0, ""angle"": 9.449982844358582, ""elevation"": 0.0}, {""range"": 0.8526565789396127, ""doppler"": 0.0, ""angle"": 9.353676660835264, ""elevation"": 0.0}, {""range"": 0.8338594367931089, ""doppler"": 0.0, ""angle"": 11.10270665381822, ""elevation"": 0.0}, {""range"": 2.0563664799056682, ""doppler"": 0.0, ""angle"": 42.497898792293164, ""elevation"": 0.0}, {""range"": 1.8855856119341876, ""doppler"": 0.0, ""angle"": 52.08355672577944, ""elevation"": 0.0}, {""range"": 1.9012045855745936, ""doppler"": 0.0, ""angle"": 53.95677880435062, ""elevation"": 0.0}, {""range"": 2.0294816344327162, ""doppler"": 0.0, ""angle"": 47.01011709303967, ""elevation"": 0.0}]",1785099400013.762
10,"[{""range"": 0.9708936844058599, ""doppler"": 0.0, ""angle"": -30.52760832302182, ""elevation"": 0.0}, {""range"": 0.9122257134646596, ""doppler"": 0.0, ""angle"": -13.431518001275597, ""elevation"": 0.0}, {""range"": 0.930302499982028, ""doppler"": 0.0, ""angle"": -13.256284767175757, ""elevation"": 0.0}, {""range"": 0.8195862701994937, ""doppler"": 0.0, ""angle"": -5.546404478629781, ""elevation"": 0.0}, {""range"": 1.1855746415166581, ""doppler"": 0.0, ""angle"": -9.409757287440126, ""elevation"": 0.0}, {""range"": 0.8755357292685697, ""doppler"": 0.0, ""angle"": -1.345822840203104, ""elevation"": 0.0}, {""range"": 0.8257210450650764, ""doppler"": 0.0, ""angle"": 4.583321066494093, ""elevation"": 0.0}, {""range"": 0.8424259217399357, ""doppler"": 0.0, ""angle"": 12.528807709151511, ""elevation"": 0.0}, {""range"": 2.0256362994964796, ""doppler"": 0.0, ""angle"": 43.250862938496546, ""elevation"": 0.0}, {""range"": 2.0516067742760242, ""doppler"": 0.0, ""angle"": 42.02544456789512, ""elevation"": 0.0}]",1785099400013.954
8,"[{""range"": 0.9263678972612366, ""doppler"": 0.0, ""angle"": -49.39150784488791, ""elevation"": 0.0}, {""range"": 0.9538438765470197, ""doppler"": 0.0, ""angle"": -38.545740217451474, ""elevation"": 0.0}, {""range"": 0.7925555227295912, ""doppler"": 0.0, ""angle"": -4.43836326838068, ""elevation"": 0.0}, {""range"": 0.8124125524197887, ""doppler"": 0.0, ""angle"": -5.684241598188708, ""elevation"": 0.0}, {""range"": 0.8233753376080603, ""doppler"": 0.0, ""angle"": -4.571440579482913, ""elevation"": 0.0}, {""range"": 0.8465369120991655, ""doppler"": 0.0, ""angle"": -0.49621213091500127, ""elevation"": 0.0}, {""range"": 1.9090564288750862, ""doppler"": 0.0, ""angle"": 52.62348171439523, ""elevation"": 0.0}, {""range"": 2.0142426480452644, ""doppler"": 0.0, ""angle"": 50.500517546683525, ""elevation"": 0.0}]",1785099400014.143
9,"[{""range"": 0.9676116512751068, ""doppler"": 0.0, ""angle"": -28.51159089099399, ""elevation"": 0.0}, {""range"": 0.98617582120667, ""doppler"": 0.0, ""angle"": -26.304871027998846, ""elevation"": 0.0}, {""range"": 0.7933363284842851, ""doppler"": 0.0, ""angle"": -2.894005479493816, ""elevation"": 0.0}, {""range"": 0.8114891563099803, ""doppler"": 0.0, ""angle"": -0.5050180319447541, ""elevation"": 0.0}, {""range"": 0.8203868721741291, ""doppler"": 0.0, ""angle"": 2.3734665002491133, ""elevation"": 0.0}, {""range"": 0.8429552301422223, ""doppler"": 0.0, ""angle"": 3.9410051235235426, ""elevation"": 0.0}, {""range"": 2.031155484827117, ""doppler"": 0.0, ""angle"": 41.609662780299985, ""elevation"": 0.0}, {""range"": 2.043060100433468, ""doppler"": 0.0, ""angle"": 39.54168209153042, ""elevation"": 0.0}, {""range"": 1.8812677083588927, ""doppler"": 0.0, ""angle"": 47.36510325621491, ""elevation"": 0.0}]",1785099400014.3418
7,"[{""range"": 1.2031974952216857, ""doppler"": 0.0, ""angle"": -12.39211676711614, ""elevation"": 0.0}, {""range"": 0.7937811570925433, ""doppler"": 0.0, ""angle"": -0.46465484195068635, ""elevation"": 0.0}, {""range"": 0.8120603062909021, ""doppler"": 0.0, ""angle"": 0.7317715303622216, ""elevation"": 0.0}, {""range"": 0.8140058295096531, ""doppler"": 0.0, ""angle"": 2.16535102466519, ""elevation"": 0.0}, {""range"": 0.8329911584412562, ""doppler"": 0.0, ""angle"": 8.766734580989722, ""elevation"": 0.0}, {""range"": 1.8853418266442858, ""doppler"": 0.0, ""angle"": 48.175567199630066, ""elevation"": 0.0}, {""range"": 1.8994703400439978, ""doppler"": 0.0, ""angle"": 48.281802384385315, ""elevation"": 0.0}]",1785099400014.5203
6,"[{""range"": 0.7913423542803739, ""doppler"": 0.0, ""angle"": -0.8674630302474196, ""elevation"": 0.0}, {""range"": 0.8096559886934832, ""doppler"": 0.0, ""angle"": 1.6705478672852012, ""elevation"": 0.0}, {""range"": 0.8190815026284658, ""doppler"": 0.0, ""angle"": 4.256722935692787, ""elevation"": 0.0}, {""range"": 0.8375372297380232, ""doppler"": 0.0, ""angle"": 7.384470597290345, ""elevation"": 0.0}, {""range"": 2.023853180894278, ""doppler"": 0.0, ""angle"": 47.15898727078827, ""elevation"": 0.0}, {""range"": 2.0269305538745535, ""doppler"": 0.0, ""angle"": 47.2808961819158, ""elevation"": 0.0}]",1785099400014.699
8,"[{""range"": 1.193441505830648, ""doppler"": 0.0, ""angle"": -4.348007547901727, ""elevation"": 0.0}, {""range"": 0.8187198627946134, ""doppler"": 0.0, ""angle"": 13.180330778988786, ""elevation"": 0.0}, {""range"": 0.8285048754094583, ""doppler"": 0.0, ""angle"": 14.537115134061054, ""elevation"": 0.0}, {""range"": 0.8507710683889552, ""doppler"": 0.0, ""angle"": 13.417043204391282, ""elevation"": 0.0}, {""range"": 2.042469616844776, ""doppler"": 0.0, ""angle"": 40.78954499992799, ""elevation"": 0.0}, {""range"": 1.8798540442395884, ""doppler"": 0.0, ""angle"": 49.28165954010306, ""elevation"": 0.0}, {""range"": 1.8909446313443459, ""doppler"": 0.0, ""angle"": 49.356392897304914, ""elevation"": 0.0}, {""range"": 2.039893633438576, ""doppler"": 0.0, ""angle"": 44.69812829631473, ""elevation"": 0.0}]",1785099400014.878
10,"[{""range"": 1.1918873609740226, ""doppler"": 0.0, ""angle"": -9.81278531248247, ""elevation"": 0.0}, {""range"": 1.2264358151595571, ""doppler"": 0.0, ""angle"": -9.482922319618702, ""elevation"": 0.0}, {""range"": 0.7915730954960389, ""doppler"": 0.0, ""angle"": 4.00262357910423, ""elevation"": 0.0}, {""range"": 0.8145702297634125, ""doppler"": 0.0, ""angle"": 6.731880427596156, ""elevation"": 0.0}, {""range"": 0.827729392963285, ""doppler"": 0.0, ""angle"": 9.612902096591386, ""elevation"": 0.0}, {""range"": 0.8511405405763198, ""doppler"": 0.0, ""angle"": 8.712301135282297, ""elevation"": 0.0}, {""range"": 1.8765173204063765, ""doppler"": 0.0, ""angle"": 47.21654545524936, ""elevation"": 0.0}, {""range"": 1.8919962622936788, ""doppler"": 0.0, ""angle"": 49.26948905440677, ""elevation"": 0.0}, {""range"": 2.0348760567724193, ""doppler"": 0.0, ""angle"": 48.53036433707366, ""elevation"": 0.0}, {""range"": 2.041594624370498, ""doppler"": 0.0, ""angle"": 43.95669614904467, ""elevation"": 0.0}]",1785099400015.075
9,"[{""range"": 1.1933064140264609, ""doppler"": 0.0, ""angle"": -9.39174877105734, ""elevation"": 0.0}, {""range"": 0.7909206328337495, ""doppler"": 0.0, ""angle"": 6.112743587506112, ""elevation"": 0.0}, {""range"": 0.8126835811111022, ""doppler"": 0.0, ""angle"": 8.911019683018466, ""elevation"": 0.0}, {""range"": 0.818640051712096, ""doppler"": 0.0, ""angle"": 10.738049113108058, ""elevation"": 0.0}, {""range"": 0.8435156690727417, ""doppler"": 0.0, ""angle"": 15.441541051893592, ""elevation"": 0.0}, {""range"": 1.874632456116734, ""doppler"": 0.0, ""angle"": 50.849409225534636, ""elevation"": 0.0}, {""range"": 2.0292277035659674, ""doppler"": 0.0, ""angle"": 47.77861294047652, ""elevation"": 0.0}, {""range"": 2.0356946836102026, ""doppler"": 0.0, ""angle"": 45.078292320791554, ""elevation"": 0.0}, {""range"": 1.895695433511775, ""doppler"": 0.0, ""angle"": 56.10607643768266, ""elevation"": 0.0}]",1785099400015.2659
10,"[{""range"": 1.1976385465999149, ""doppler"": 0.0, ""angle"": -14.579846126242403, ""elevation"": 0.0}, {""range"": 1.2245211906893694, ""doppler"": 0.0, ""angle"": -14.192495073577701, ""elevation"": 0.0}, {""range"": 1.908427265024424, ""doppler"": 0.0, ""angle"": -1.2885350288097657, ""elevation"": 0.0}, {""range"": 0.7885398907862727, ""doppler"": 0.0, ""angle"": 3.627393617571674, ""elevation"": 0.0}, {""range"": 0.8105918276912902, ""doppler"": 0.0, ""angle"": 6.828718272593211, ""elevation"": 0.0}, {""range"": 0.8251516201425961, ""doppler"": 0.0, ""angle"": 8.059865454600041, ""elevation"": 0.0}, {""range"": 0.8480004573854953, ""doppler"": 0.0, ""angle"": 5.566332142690975, ""elevation"": 0.0}, {""range"": 2.0363712473655684, ""doppler"": 0.0, ""angle"": 41.044411153925495, ""elevation"": 0.0}, {""range"": 2.0329388357691167, ""doppler"": 0.0, ""angle"": 45.29934081911878, ""elevation"": 0.0}, {""range"": 1.8962562241481762, ""doppler"": 0.0, ""angle"": 56.617125419053515, ""elevation"": 0.0}]",1785099400015.462
8,"[{""range"": 0.7878554933340735, ""doppler"": 0.0, ""angle"": 2.9922832299138133, ""elevation"": 0.0}, {""range"": 1.8436961000202639, ""doppler"": 0.0, ""angle"": 1.0392022360462707, ""elevation"": 0.0}, {""range"": 0.8071137490216622, ""doppler"": 0.0, ""angle"": 4.931252872566436, ""elevation"": 0.0}, {""range"": 0.8132435125820271, ""doppler"": 0.0, ""angle"": 6.692173142652053, ""elevation"": 0.0}, {""range"": 0.849783493725488, ""doppler"": 0.0, ""angle"": 10.00937661217543, ""elevation"": 0.0}, {""range"": 1.8850370740188533, ""doppler"": 0.0, ""angle"": 50.57369048893001, ""elevation"": 0.0}, {""range"": 1.895802678386144, ""doppler"": 0.0, ""angle"": 50.23871281762745, ""elevation"": 0.0}, {""range"": 2.0299146293592862, ""doppler"": 0.0, ""angle"": 47.80983000468007, ""elevation"": 0.0}]",1785099400015.6592
8,"[{""range"": 1.1930492096852867, ""doppler"": 0.0, ""angle"": -15.954832547454057, ""elevation"": 0.0}, {""range"": 1.2313700612630882, ""doppler"": 0.0, ""angle"": -13.95754329550017, ""elevation"": 0.0}, {""range"": 0.7884013635849096, ""doppler"": 0.0, ""angle"": -0.2988865899822577, ""elevation"": 0.0}, {""range"": 0.8036473941805599, ""doppler"": 0.0, ""angle"": 1.3897207203306159, ""elevation"": 0.0}, {""range"": 0.8093100493828314, ""doppler"": 0.0, ""angle"": 2.4059705166453, ""elevation"": 0.0}, {""range"": 0.8450141891968336, ""doppler"": 0.0, ""angle"": 2.255719691011063, ""elevation"": 0.0}, {""range"": 1.8810294828789222, ""doppler"": 0.0, ""angle"": 48.24071600891749, ""elevation"": 0.0}, {""range"": 1.8951653774713026, ""doppler"": 0.0, ""angle"": 48.476901135006976, ""elevation"": 0.0}]",1785099400015.865
6,"[{""range"": 0.8057366396862843, ""doppler"": 0.0, ""angle"": -4.518658557217072, ""elevation"": 0.0}, {""range"": 0.811573413448421, ""doppler"": 0.0, ""angle"": -5.195571828871538, ""elevation"": 0.0}, {""range"": 0.8429901262545416, ""doppler"": 0.0, ""angle"": -4.9160451980208775, ""elevation"": 0.0}, {""range"": 0.7892933955986814, ""doppler"": 0.0, ""angle"": -2.999825121413307, ""elevation"": 0.0}, {""range"": 1.8843712230102592, ""doppler"": 0.0, ""angle"": 51.20178615741347, ""elevation"": 0.0}, {""range"": 1.9024632891212694, ""doppler"": 0.0, ""angle"": 47.49881573299012, ""elevation"": 0.0}]",1785099400016.0662
5,"[{""range"": 0.8472645948040103, ""doppler"": 0.0, ""angle"": -13.722433726625955, ""elevation"": 0.0}, {""range"": 0.7889049693694715, ""doppler"": 0.0, ""angle"": -4.706481819725834, ""elevation"": 0.0}, {""range"": 0.8058682391566431, ""doppler"": 0.0, ""angle"": -6.126790172405439, ""elevation"": 0.0}, {""range"": 0.8119007256764669, ""doppler"": 0.0, ""angle"": -8.205054742084934, ""elevation"": 0.0}, {""range"": 2.017809027270638, ""doppler"": 0.0, ""angle"": 40.52914970474837, ""elevation"": 0.0}]",1785099400016.255
4,"[{""range"": 0.8215294415833884, ""doppler"": 0.0, ""angle"": 10.179917193839186, ""elevation"": 0.0}, {""range"": 0.836669347764032, ""doppler"": 0.0, ""angle"": 12.102454329150618, ""elevation"": 0.0}, {""range"": 0.8550056098413443, ""doppler"": 0.0, ""angle"": 11.105481809129463, ""elevation"": 0.0}, {""range"": 2.0224210118802772, ""doppler"": 0.0, ""angle"": 44.34804415316495, ""elevation"": 0.0}]",1785099400016.4429
6,"[{""range"": 1.7858507143299436, ""doppler"": 0.0, ""angle"": -31.625918316643126, ""elevation"": 0.0}, {""range"": 0.7920170573469402, ""doppler"": 0.0, ""angle"": -5.207311469393396, ""elevation"": 0.0}, {""range"": 0.8097537041886188, ""doppler"": 0.0, ""angle"": -6.428216504351204, ""elevation"": 0.0}, {""range"": 0.8144939377516528, ""doppler"": 0.0, ""angle"": -6.466598696143639, ""elevation"": 0.0}, {""range"": 0.8514606038482345, ""doppler"": 0.0, ""angle"": 13.91367335288389, ""elevation"": 0.0}, {""range"": 2.0235644848874434, ""doppler"": 0.0, ""angle"": 43.069975396801446, ""elevation"": 0.0}]",1785099400016.622
3,"[{""range"": 0.8741147396126803, ""doppler"": 0.0, ""angle"": -36.942566339589234, ""elevation"": 0.0}, {""range"": 0.8267391236268262, ""doppler"": 0.0, ""angle"": -21.96019327081384, ""elevation"": 0.0}, {""range"": 0.8225747289344522, ""doppler"": 0.0, ""angle"": 26.130578579158534, ""elevation"": 0.0}]",1785099400016.799
4,"[{""range"": 0.80519916612573, ""doppler"": 0.0, ""angle"": -12.21828321994119, ""elevation"": 0.0}, {""range"": 0.7847429552340223, ""doppler"": 0.0, ""angle"": -7.989780411098934, ""elevation"": 0.0}, {""range"": 0.8254942518394097, ""doppler"": 0.0, ""angle"": 25.49375994704705, ""elevation"": 0.0}, {""range"": 1.8775523815738069, ""doppler"": 0.0, ""angle"": 48.27764201232956, ""elevation"": 0.0}]",1785099400016.9668
10,"[{""range"": 1.1963073039885024, ""doppler"": 0.0, ""angle"": -23.399880033750478, ""elevation"": 0.0}, {""range"": 1.2262860019733228, ""doppler"": 0.0, ""angle"": -12.779825160571201, ""elevation"": 0.0}, {""range"": 0.7902731340582078, ""doppler"": 0.0, ""angle"": -4.1391892557261984, ""elevation"": 0.0}, {""range"": 0.802379627644207, ""doppler"": 0.0, ""angle"": -5.575917302763856, ""elevation"": 0.0}, {""range"": 0.7995315105891724, ""doppler"": 0.0, ""angle"": -7.69879738359816, ""elevation"": 0.0}, {""range"": 0.8194510208817251, ""doppler"": 0.0, ""angle"": 12.271147952391035, ""elevation"": 0.0}, {""range"": 0.8519861007404789, ""doppler"": 0.0, ""angle"": 16.133699742350913, ""elevation"": 0.0}, {""range"": 1.9705438759408092, ""doppler"": 0.0, ""angle"": 27.2277366078076, ""elevation"": 0.0}, {""range"": 2.0145269025611143, ""doppler"": 0.0, ""angle"": 41.39069047961996, ""elevation"": 0.0}, {""range"": 1.8768674185066048, ""doppler"": 0.0, ""angle"": 53.17595556247533, ""elevation"": 0.0}]",1785099400017.162
11,"[{""range"": 0.8060714985626452, ""doppler"": 0.0, ""angle"": -11.77606579505288, ""elevation"": 0.0}, {""range"": 0.80473313420743, ""doppler"": 0.0, ""angle"": -15.676083412341045, ""elevation"": 0.0}, {""range"": 1.1967407604975793, ""doppler"": 0.0, ""angle"": -11.296500890251002, ""elevation"": 0.0}, {""range"": 0.7891122942858642, ""doppler"": 0.0, ""angle"": -6.688599013334286, ""elevation"": 0.0}, {""range"": 0.8614091019555358, ""doppler"": 0.0, ""angle"": 17.15606965156955, ""elevation"": 0.0}, {""range"": 2.9289219455889053, ""doppler"": 0.0, ""angle"": 17.190425997422704, ""elevation"": 0.0}, {""range"": 0.8245807550299077, ""doppler"": 0.0, ""angle"": 22.70588310180711, ""elevation"": 0.0}, {""range"": 1.8833415816845829, ""doppler"": 0.0, ""angle"": 50.980818135571354, ""elevation"": 0.0}, {""range"": 1.8955910669633946, ""doppler"": 0.0, ""angle"": 52.09989265201038, ""elevation"": 0.0}, {""range"": 2.0369655393983415, ""doppler"": 0.0, ""angle"": 45.91762150615057, ""elevation"": 0.0}, {""range"": 2.041977746886887, ""doppler"": 0.0, ""angle"": 43.772370496773796, ""elevation"": 0.0}]",1785099400017.3398
9,"[{""range"": 1.1930453101930212, ""doppler"": 0.0, ""angle"": -21.423472365929186, ""elevation"": 0.0}, {""range"": 1.2275917804890744, ""doppler"": 0.0, ""angle"": -15.390534857302097, ""elevation"": 0.0}, {""range"": 0.8500126461592279, ""doppler"": 0.0, ""angle"": 16.536462731745996, ""elevation"": 0.0}, {""range"": 2.9267848813217396, ""doppler"": 0.0, ""angle"": 15.855960723268975, ""elevation"": 0.0}, {""range"": 0.8144936040688106, ""doppler"": 0.0, ""angle"": 24.404395943330588, ""elevation"": 0.0}, {""range"": 0.8246570250390185, ""doppler"": 0.0, ""angle"": 22.878851996188622, ""elevation"": 0.0}, {""range"": 2.0238287242259263, ""doppler"": 0.0, ""angle"": 43.28511265480597, ""elevation"": 0.0}, {""range"": 2.044650267993509, ""doppler"": 0.0, ""angle"": 40.59151173627458, ""elevation"": 0.0}, {""range"": 1.8770276613501464, ""doppler"": 0.0, ""angle"": 50.99324848722012, ""elevation"": 0.0}]",1785099400017.51
9,"[{""range"": 1.8424859460898735, ""doppler"": 0.0, ""angle"": -2.8704580021418087, ""elevation"": 0.0}, {""range"": 0.8263623398806877, ""doppler"": 0.0, ""angle"": 25.040112284950958, ""elevation"": 0.0}, {""range"": 0.8484617927051598, ""doppler"": 0.0, ""angle"": 21.525606165778715, ""elevation"": 0.0}, {""range"": 0.8151216475951936, ""doppler"": 0.0, ""angle"": 26.317724713812698, ""elevation"": 0.0}, {""range"": 1.974623201890056, ""doppler"": 0.0, ""angle"": 37.105455089083875, ""elevation"": 0.0}, {""range"": 2.043952072306286, ""doppler"": 0.0, ""angle"": 40.61488665962664, ""elevation"": 0.0}, {""range"": 1.878903188186564, ""doppler"": 0.0, ""angle"": 49.50812167834717, ""elevation"": 0.0}, {""range"": 1.9044168895941946, ""doppler"": 0.0, ""angle"": 48.47904521074013, ""elevation"": 0.0}, {""range"": 2.0219849969487775, ""doppler"": 0.0, ""angle"": 43.627629524452736, ""elevation"": 0.0}]",1785099400017.689
9,"[{""range"": 0.8443134245662488, ""doppler"": 0.0, ""angle"": -20.246433441344944, ""elevation"": 0.0}, {""range"": 0.8084703202452148, ""doppler"": 0.0, ""angle"": -13.246324885166516, ""elevation"": 0.0}, {""range"": 0.8132236178570856, ""doppler"": 0.0, ""angle"": -16.03192182432286, ""elevation"": 0.0}, {""range"": 0.7888899528123824, ""doppler"": 0.0, ""angle"": -8.262340102587714, ""elevation"": 0.0}, {""range"": 1.9729862621180587, ""doppler"": 0.0, ""angle"": 33.15861943986664, ""elevation"": 0.0}, {""range"": 2.0183663372144838, ""doppler"": 0.0, ""angle"": 41.92609017917822, ""elevation"": 0.0}, {""range"": 1.883473891147735, ""doppler"": 0.0, ""angle"": 46.17322032449352, ""elevation"": 0.0}, {""range"": 1.906834243352247, ""doppler"": 0.0, ""angle"": 49.933701407956775, ""elevation"": 0.0}, {""range"": 2.039908806350513, ""doppler"": 0.0, ""angle"": 44.02332073632903, ""elevation"": 0.0}]",1785099400017.8672
8,"[{""range"": 0.7882853242662291, ""doppler"": 0.0, ""angle"": -8.321259128195422, ""elevation"": 0.0}, {""range"": 0.8006660428635158, ""doppler"": 0.0, ""angle"": -9.123633962419115, ""elevation"": 0.0}, {""range"": 0.8091013003805327, ""doppler"": 0.0, ""angle"": -10.222168633636125, ""elevation"": 0.0}, {""range"": 0.8588142125009821, ""doppler"": 0.0, ""angle"": 11.761476290000289, ""elevation"": 0.0}, {""range"": 2.023583635657148, ""doppler"": 0.0, ""angle"": 39.66879166439734, ""elevation"": 0.0}, {""range"": 2.041964820707912, ""doppler"": 0.0, ""angle"": 39.71691877793263, ""elevation"": 0.0}, {""range"": 1.8822359712764043, ""doppler"": 0.0, ""angle"": 48.53551960806361, ""elevation"": 0.0}, {""range"": 1.902352066512471, ""doppler"": 0.0, ""angle"": 48.26538240278256, ""elevation"": 0.0}]",1785099400018.036
9,"[{""range"": 0.7897617164647615, ""doppler"": 0.0, ""angle"": -2.634371261850202, ""elevation"": 0.0}, {""range"": 0.804162505766452, ""doppler"": 0.0, ""angle"": -1.3251109023969887, ""elevation"": 0.0}, {""range"": 0.813726734151068, ""doppler"": 0.0, ""angle"": 1.5614239965318204, ""elevation"": 0.0}, {""range"": 0.8424877864032904, ""doppler"": 0.0, ""angle"": 7.794741423192522, ""elevation"": 0.0}, {""range"": 0.8896366308047514, ""doppler"": 0.0, ""angle"": 5.883625865587866, ""elevation"": 0.0}, {""range"": 2.0318718707703396, ""doppler"": 0.0, ""angle"": 42.46057807714014, ""elevation"": 0.0}, {""range"": 2.0459109035994913, ""doppler"": 0.0, ""angle"": 39.99022801606506, ""elevation"": 0.0}, {""range"": 1.8832994770252458, ""doppler"": 0.0, ""angle"": 47.37025024237185, ""elevation"": 0.0}, {""range"": 1.8982935778190073, ""doppler"": 0.0, ""angle"": 48.05450850356853, ""elevation"": 0.0}]",1785099400018.2139
10,"[{""range"": 1.1895609983858573, ""doppler"": 0.0, ""angle"": -13.190217645377054, ""elevation"": 0.0}, {""range"": 0.7926823523844126, ""doppler"": 0.0, ""angle"": 0.038774489577915815, ""elevation"": 0.0}, {""range"": 0.8095596240194102, ""doppler"": 0.0, ""angle"": 1.4175470442106117, ""elevation"": 0.0}, {""range"": 0.8194709985309823, ""doppler"": 0.0, ""angle"": 2.626405638290746, ""elevation"": 0.0}, {""range"": 0.8394148512582568, ""doppler"": 0.0, ""angle"": 2.4662257497502718, ""elevation"": 0.0}, {""range"": 0.8809716677643856, ""doppler"": 0.0, ""angle"": -1.0001901157083193, ""elevation"": 0.0}, {""range"": 2.031052041596862, ""doppler"": 0.0, ""angle"": 41.0948153580685, ""elevation"": 0.0}, {""range"": 2.045945324978428, ""doppler"": 0.0, ""angle"": 40.18578056317452, ""elevation"": 0.0}, {""range"": 1.8843345034271286, ""doppler"": 0.0, ""angle"": 51.047240702126246, ""elevation"": 0.0}, {""range"": 1.8986789915585387, ""doppler"": 0.0, ""angle"": 49.96643532950355, ""elevation"": 0.0}]",1785099400018.388
7,"[{""range"": 1.1891720065030122, ""doppler"": 0.0, ""angle"": -13.1857613021877, ""elevation"": 0.0}, {""range"": 0.7936246090808753, ""doppler"": 0.0, ""angle"": 0.6325775401165522, ""elevation"": 0.0}, {""range"": 0.8100473522982232, ""doppler"": 0.0, ""angle"": 3.4295903450399283, ""elevation"": 0.0}, {""range"": 0.8177507654063291, ""doppler"": 0.0, ""angle"": 5.647014295989597, ""elevation"": 0.0}, {""range"": 0.8339649750008312, ""doppler"": 0.0, ""angle"": 6.488067248482715, ""elevation"": 0.0}, {""range"": 1.883366589369331, ""doppler"": 0.0, ""angle"": 51.685117686951, ""elevation"": 0.0}, {""range"": 1.8936939761878941, ""doppler"": 0.0, ""angle"": 51.28273629324093, ""elevation"": 0.0}]",1785099400018.557
6,"[{""range"": 0.7946684578651846, ""doppler"": 0.0, ""angle"": 0.3996715472708558, ""elevation"": 0.0}, {""range"": 0.81581009690994, ""doppler"": 0.0, ""angle"": 3.8583496343219124, ""elevation"": 0.0}, {""range"": 0.8250694665723415, ""doppler"": 0.0, ""angle"": 5.484480411475376, ""elevation"": 0.0}, {""range"": 0.8420924005303269, ""doppler"": 0.0, ""angle"": 4.469622866139983, ""elevation"": 0.0}, {""range"": 1.881173079573647, ""doppler"": 0.0, ""angle"": 54.091950105614856, ""elevation"": 0.0}, {""range"": 1.8917156873423606, ""doppler"": 0.0, ""angle"": 54.07575596009081, ""elevation"": 0.0}]",1785099400018.729
6,"[{""range"": 0.7954185890494994, ""doppler"": 0.0, ""angle"": 6.466785327964396, ""elevation"": 0.0}, {""range"": 0.8207286295672945, ""doppler"": 0.0, ""angle"": 8.78507441426744, ""elevation"": 0.0}, {""range"": 0.8323581208452119, ""doppler"": 0.0, ""angle"": 8.138805951159226, ""elevation"": 0.0}, {""range"": 0.8499780947856016, ""doppler"": 0.0, ""angle"": 4.464342584384809, ""elevation"": 0.0}, {""range"": 1.8813464076682778, ""doppler"": 0.0, ""angle"": 50.650437093240924, ""elevation"": 0.0}, {""range"": 1.8954212007545979, ""doppler"": 0.0, ""angle"": 52.65551327618521, ""elevation"": 0.0}]",1785099400018.924
6,"[{""range"": 0.7948192688755604, ""doppler"": 0.0, ""angle"": 13.995601518412357, ""elevation"": 0.0}, {""range"": 0.8192912211776939, ""doppler"": 0.0, ""angle"": 13.723850962952831, ""elevation"": 0.0}, {""range"": 0.826621929016652, ""doppler"": 0.0, ""angle"": 12.683406457470486, ""elevation"": 0.0}, {""range"": 0.8380495000807583, ""doppler"": 0.0, ""angle"": 13.511424891872284, ""elevation"": 0.0}, {""range"": 1.8832813445674557, ""doppler"": 0.0, ""angle"": 52.049629720049644, ""elevation"": 0.0}, {""range"": 1.8971317853067473, ""doppler"": 0.0, ""angle"": 54.804466827150705, ""elevation"": 0.0}]",1785099400019.0999
7,"[{""range"": 1.190453750989601, ""doppler"": 0.0, ""angle"": -14.82109666152684, ""elevation"": 0.0}, {""range"": 0.7947456874599238, ""doppler"": 0.0, ""angle"": 17.27712172486531, ""elevation"": 0.0}, {""range"": 0.8178489798393942, ""doppler"": 0.0, ""angle"": 13.94205704492301, ""elevation"": 0.0}, {""range"": 0.823485830493216, ""doppler"": 0.0, ""angle"": 14.024173575643871, ""elevation"": 0.0}, {""range"": 0.8424674626545325, ""doppler"": 0.0, ""angle"": 17.83501494266806, ""elevation"": 0.0}, {""range"": 1.8842994800156816, ""doppler"": 0.0, ""angle"": 49.23298665204889, ""elevation"": 0.0}, {""range"": 1.9015590083120641, ""doppler"": 0.0, ""angle"": 48.8622250923524, ""elevation"": 0.0}]",1785099400019.283
7,"[{""range"": 1.1849629624987328, ""doppler"": 0.0, ""angle"": -12.56819526906502, ""elevation"": 0.0}, {""range"": 0.8171540312112087, ""doppler"": 0.0, ""angle"": 18.169307018093967, ""elevation"": 0.0}, {""range"": 0.8248156688769498, ""doppler"": 0.0, ""angle"": 17.342909745712387, ""elevation"": 0.0}, {""range"": 0.8450472030083926, ""doppler"": 0.0, ""angle"": 13.409908274646993, ""elevation"": 0.0}, {""range"": 0.7926184560110092, ""doppler"": 0.0, ""angle"": 23.23932451674783, ""elevation"": 0.0}, {""range"": 1.8871497226349843, ""doppler"": 0.0, ""angle"": 50.27436643268191, ""elevation"": 0.0}, {""range"": 1.9048123194871138, ""doppler"": 0.0, ""angle"": 51.467872023731, ""elevation"": 0.0}]",1785099400019.4612
11,"[{""range"": 1.1597087409679439, ""doppler"": 0.0, ""angle"": -11.337653441685124, ""elevation"": 0.0}, {""range"": 1.1855011741665435, ""doppler"": 0.0, ""angle"": -10.999770508902348, ""elevation"": 0.0}, {""range"": 1.224887196978745, ""doppler"": 0.0, ""angle"": -8.5464818930764, ""elevation"": 0.0}, {""range"": 0.8508151519597535, ""doppler"": 0.0, ""angle"": 7.717983119802145, ""elevation"": 0.0}, {""range"": 0.7939601665084934, ""doppler"": 0.0, ""angle"": 10.970818304230932, ""elevation"": 0.0}, {""range"": 0.8197439646074592, ""doppler"": 0.0, ""angle"": 13.536081387610341, ""elevation"": 0.0}, {""range"": 0.828719636475974, ""doppler"": 0.0, ""angle"": 11.714834335734169, ""elevation"": 0.0}, {""range"": 2.0202438500820685, ""doppler"": 0.0, ""angle"": 42.991452152627915, ""elevation"": 0.0}, {""range"": 1.887826703747652, ""doppler"": 0.0, ""angle"": 47.856272908203714, ""elevation"": 0.0}, {""range"": 1.907012993740695, ""doppler"": 0.0, ""angle"": 46.8997870688724, ""elevation"": 0.0}, {""range"": 2.041956325869782, ""doppler"": 0.0, ""angle"": 43.8007466064006, ""elevation"": 0.0}]",1785099400019.64
7,"[{""range"": 1.1561675916101257, ""doppler"": 0.0, ""angle"": -11.761782566322568, ""elevation"": 0.0}, {""range"": 1.1824417503552265, ""doppler"": 0.0, ""angle"": -12.57767723990937, ""elevation"": 0.0}, {""range"": 0.8584949913129807, ""doppler"": 0.0, ""angle"": 16.132272065458867, ""elevation"": 0.0}, {""range"": 0.8164177612136162, ""doppler"": 0.0, ""angle"": 19.153241597646964, ""elevation"": 0.0}, {""range"": 0.8263089418403409, ""doppler"": 0.0, ""angle"": 18.274193276771218, ""elevation"": 0.0}, {""range"": 2.0454823577830417, ""doppler"": 0.0, ""angle"": 42.58029142814861, ""elevation"": 0.0}, {""range"": 2.0236920268619083, ""doppler"": 0.0, ""angle"": 44.810267715438734, ""elevation"": 0.0}]",1785099400019.809
5,"[{""range"": 0.8778991708938926, ""doppler"": 0.0, ""angle"": -4.708399578710301, ""elevation"": 0.0}, {""range"": 0.8383009503784769, ""doppler"": 0.0, ""angle"": 20.33289963445208, ""elevation"": 0.0}, {""range"": 2.03864781564107, ""doppler"": 0.0, ""angle"": 40.293314399139824, ""elevation"": 0.0}, {""range"": 1.8742906494313347, ""doppler"": 0.0, ""angle"": 51.192504936458064, ""elevation"": 0.0}, {""range"": 2.0266497114375297, ""doppler"": 0.0, ""angle"": 44.556742268548376, ""elevation"": 0.0}]",1785099400019.9858
8,"[{""range"": 0.8114448276726446, ""doppler"": 0.0, ""angle"": -6.008345083652172, ""elevation"": 0.0}, {""range"": 0.8213874469440772, ""doppler"": 0.0, ""angle"": -7.329234388231956, ""elevation"": 0.0}, {""range"": 0.8667171714463432, ""doppler"": 0.0, ""angle"": -4.804871556130439, ""elevation"": 0.0}, {""range"": 0.9468992236421325, ""doppler"": 0.0, ""angle"": -4.516543099325771, ""elevation"": 0.0}, {""range"": 0.788744190214623, ""doppler"": 0.0, ""angle"": -3.2230613336268417, ""elevation"": 0.0}, {""range"": 0.9735968805326739, ""doppler"": 0.0, ""angle"": 2.8529462280115196, ""elevation"": 0.0}, {""range"": 1.8834770572255477, ""doppler"": 0.0, ""angle"": 49.41227542331077, ""elevation"": 0.0}, {""range"": 1.8955291274438668, ""doppler"": 0.0, ""angle"": 48.997119697857556, ""elevation"": 0.0}]",1785099400020.16
9,"[{""range"": 0.9832711763771895, ""doppler"": 0.0, ""angle"": -15.494550355007155, ""elevation"": 0.0}, {""range"": 1.1870533232372449, ""doppler"": 0.0, ""angle"": -15.598030859642689, ""elevation"": 0.0}, {""range"": 1.2250980467302195, ""doppler"": 0.0, ""angle"": -11.654352488030689, ""elevation"": 0.0}, {""range"": 0.7934250119129276, ""doppler"": 0.0, ""angle"": 0.4777765843764317, ""elevation"": 0.0}, {""range"": 0.8149828521879354, ""doppler"": 0.0, ""angle"": 1.5715926656100987, ""elevation"": 0.0}, {""range"": 0.8173859550329402, ""doppler"": 0.0, ""angle"": 2.720945271565545, ""elevation"": 0.0}, {""range"": 0.8625436315882419, ""doppler"": 0.0, ""angle"": 10.559823222104532, ""elevation"": 0.0}, {""range"": 1.881538931340704, ""doppler"": 0.0, ""angle"": 55.148496726426295, ""elevation"": 0.0}, {""range"": 1.8973668262634276, ""doppler"": 0.0, ""angle"": 55.38885781546961, ""elevation"": 0.0}]",1785099400020.326
9,"[{""range"": 0.9684881280979084, ""doppler"": 0.0, ""angle"": -28.027061021890564, ""elevation"": 0.0}, {""range"": 0.944576598229142, ""doppler"": 0.0, ""angle"": -24.100150118196215, ""elevation"": 0.0}, {""range"": 0.905900404857423, ""doppler"": 0.0, ""angle"": -17.93424938852955, ""elevation"": 0.0}, {""range"": 0.7964417799931639, ""doppler"": 0.0, ""angle"": 0.19295766581301688, ""elevation"": 0.0}, {""range"": 0.815773175832025, ""doppler"": 0.0, ""angle"": 0.4395688160583558, ""elevation"": 0.0}, {""range"": 0.8237204161160365, ""doppler"": 0.0, ""angle"": 0.9079986436015248, ""elevation"": 0.0}, {""range"": 0.8428229911115439, ""doppler"": 0.0, ""angle"": -0.7536884006785467, ""elevation"": 0.0}, {""range"": 2.041200543133295, ""doppler"": 0.0, ""angle"": 43.24645034483742, ""elevation"": 0.0}, {""range"": 2.0229210511531153, ""doppler"": 0.0, ""angle"": 44.362531070633814, ""elevation"": 0.0}]",1785099400020.5
6,"[{""range"": 1.1510432959602874, ""doppler"": 0.0, ""angle"": -7.569939561111485, ""elevation"": 0.0}, {""range"": 1.1796311201236263, ""doppler"": 0.0, ""angle"": -4.3467478878740105, ""elevation"": 0.0}, {""range"": 0.780387359511193, ""doppler"": 0.0, ""angle"": 0.6039203143031966, ""elevation"": 0.0}, {""range"": 0.7979405074821678, ""doppler"": 0.0, ""angle"": 3.301619167817931, ""elevation"": 0.0}, {""range"": 0.8175111031775578, ""doppler"": 0.0, ""angle"": 3.7623894368476005, ""elevation"": 0.0}, {""range"": 0.8534963664146148, ""doppler"": 0.0, ""angle"": 5.638927166185282, ""elevation"": 0.0}]",1785099400020.677
4,"[{""range"": 0.7524131062740118, ""doppler"": 0.0, ""angle"": -3.910991263474114, ""elevation"": 0.0}, {""range"": 0.7722286524775257, ""doppler"": 0.0, ""angle"": -4.715163454913184, ""elevation"": 0.0}, {""range"": 0.8047463453055758, ""doppler"": 0.0, ""angle"": -5.85374044595083, ""elevation"": 0.0}, {""range"": 0.7066531217242409, ""doppler"": 0.0, ""angle"": 5.750986972744199, ""elevation"": 0.0}]",1785099400020.8481
9,"[{""range"": 0.6060878191011535, ""doppler"": 0.0, ""angle"": -18.99088967625504, ""elevation"": 0.0}, {""range"": 0.5973674976156487, ""doppler"": 0.0, ""angle"": -18.011909293279412, ""elevation"": 0.0}, {""range"": 0.7730186150787672, ""doppler"": 0.0, ""angle"": 0.225311873910267, ""elevation"": 0.0}, {""range"": 0.8024470103112178, ""doppler"": 0.0, ""angle"": 1.953814063623789, ""elevation"": 0.0}, {""range"": 0.8020045761652262, ""doppler"": 0.0, ""angle"": 4.38596838751318, ""elevation"": 0.0}, {""range"": 0.6708359118355158, ""doppler"": 0.0, ""angle"": 27.35736004356504, ""elevation"": 0.0}, {""range"": 2.048297133352351, ""doppler"": 0.0, ""angle"": 40.556807404561674, ""elevation"": 0.0}, {""range"": 2.0379569693765975, ""doppler"": 0.0, ""angle"": 44.3921194587825, ""elevation"": 0.0}, {""range"": 2.7511078944693628, ""doppler"": 0.0, ""angle"": 50.27405732095923, ""elevation"": 0.0}]",1785099400021.025
5,"[{""range"": 0.8118333990427858, ""doppler"": 0.0, ""angle"": 1.2620954435898677, ""elevation"": 0.0}, {""range"": 0.8201562842750434, ""doppler"": 0.0, ""angle"": 0.9619189959400646, ""elevation"": 0.0}, {""range"": 0.8384588431335207, ""doppler"": 0.0, ""angle"": -0.048876746099222504, ""elevation"": 0.0}, {""range"": 2.0465257595906996, ""doppler"": 0.0, ""angle"": 41.14212754231982, ""elevation"": 0.0}, {""range"": 2.020808898256319, ""doppler"": 0.0, ""angle"": 43.52642091571747, ""elevation"": 0.0}]",1785099400021.202
7,"[{""range"": 0.8013634795995195, ""doppler"": 0.0, ""angle"": -4.774258901669803, ""elevation"": 0.0}, {""range"": 0.8084875833238099, ""doppler"": 0.0, ""angle"": -5.953952783346683, ""elevation"": 0.0}, {""range"": 1.1556738488686948, ""doppler"": 0.0, ""angle"": -8.560135469718517, ""elevation"": 0.0}, {""range"": 1.1762370949782104, ""doppler"": 0.0, ""angle"": -8.717686553861114, ""elevation"": 0.0}, {""range"": 1.9786523373587763, ""doppler"": 0.0, ""angle"": 41.76899009963179, ""elevation"": 0.0}, {""range"": 2.0196840423376825, ""doppler"": 0.0, ""angle"": 42.7432237295579, ""elevation"": 0.0}, {""range"": 2.0503031370347387, ""doppler"": 0.0, ""angle"": 42.49049462284129, ""elevation"": 0.0}]",1785099400021.369
6,"[{""range"": 1.1856610488291484, ""doppler"": 0.0, ""angle"": -10.857459608507481, ""elevation"": 0.0}, {""range"": 1.2221977539718683, ""doppler"": 0.0, ""angle"": -13.684515518524979, ""elevation"": 0.0}, {""range"": 0.7921874041283086, ""doppler"": 0.0, ""angle"": -4.258846122170349, ""elevation"": 0.0}, {""range"": 0.7982996848688283, ""doppler"": 0.0, ""angle"": -6.352947132337268, ""elevation"": 0.0}, {""range"": 1.15417766805515, ""doppler"": 0.0, ""angle"": -7.72838567993457, ""elevation"": 0.0}, {""range"": 2.0268640225657166, ""doppler"": 0.0, ""angle"": 41.66334328096633, ""elevation"": 0.0}]",1785099400021.548
7,"[{""range"": 1.1794419225175694, ""doppler"": 0.0, ""angle"": -8.983916423521329, ""elevation"": 0.0}, {""range"": 0.7831296043458161, ""doppler"": 0.0, ""angle"": 2.31623123147385, ""elevation"": 0.0}, {""range"": 0.7947505957817116, ""doppler"": 0.0, ""angle"": 4.309721472161143, ""elevation"": 0.0}, {""range"": 0.8019142897016505, ""doppler"": 0.0, ""angle"": 6.915839191743777, ""elevation"": 0.0}, {""range"": 0.8349288094391591, ""doppler"": 0.0, ""angle"": 9.442149059252465, ""elevation"": 0.0}, {""range"": 1.8910496347650476, ""doppler"": 0.0, ""angle"": 49.08725444171415, ""elevation"": 0.0}, {""range"": 1.9049677442968524, ""doppler"": 0.0, ""angle"": 47.48030228879714, ""elevation"": 0.0}]",1785099400021.728
6,"[{""range"": 1.163750222548525, ""doppler"": 0.0, ""angle"": -8.945623405769371, ""elevation"": 0.0}, {""range"": 1.1816003267378885, ""doppler"": 0.0, ""angle"": -9.828665808356668, ""elevation"": 0.0}, {""range"": 0.7797840110367209, ""doppler"": 0.0, ""angle"": 2.707562784617147, ""elevation"": 0.0}, {""range"": 0.8543812302577719, ""doppler"": 0.0, ""angle"": -0.25182160365601497, ""elevation"": 0.0}, {""range"": 0.7925350885093769, ""doppler"": 0.0, ""angle"": 6.2302684966348005, ""elevation"": 0.0}, {""range"": 0.8063162066932525, ""doppler"": 0.0, ""angle"": 9.059161097403743, ""elevation"": 0.0}]",1785099400021.903
7,"[{""range"": 1.1606239464995762, ""doppler"": 0.0, ""angle"": -5.481340973632693, ""elevation"": 0.0}, {""range"": 1.961142230283827, ""doppler"": 0.0, ""angle"": -6.591725259639549, ""elevation"": 0.0}, {""range"": 0.7794500217713367, ""doppler"": 0.0, ""angle"": -0.026288495293651206, ""elevation"": 0.0}, {""range"": 0.7913777485292924, ""doppler"": 0.0, ""angle"": 1.0227990445228585, ""elevation"": 0.0}, {""range"": 0.8063110713617981, ""doppler"": 0.0, ""angle"": 2.4785143363514948, ""elevation"": 0.0}, {""range"": 0.8430859314139904, ""doppler"": 0.0, ""angle"": 1.1059118416361506, ""elevation"": 0.0}, {""range"": 1.179556713338215, ""doppler"": 0.0, ""angle"": -3.0849162002094785, ""elevation"": 0.0}]",1785099400022.069
6,"[{""range"": 1.1643041994418173, ""doppler"": 0.0, ""angle"": -8.602993358319258, ""elevation"": 0.0}, {""range"": 1.1798651253013503, ""doppler"": 0.0, ""angle"": -8.488687513225887, ""elevation"": 0.0}, {""range"": 0.7956046650121306, ""doppler"": 0.0, ""angle"": 10.698760264568556, ""elevation"": 0.0}, {""range"": 0.8094560982020645, ""doppler"": 0.0, ""angle"": 17.25813283962434, ""elevation"": 0.0}, {""range"": 2.0717010554591737, ""doppler"": 0.0, ""angle"": 43.233791103912154, ""elevation"": 0.0}, {""range"": 2.0968907542902695, ""doppler"": 0.0, ""angle"": 45.04836835037592, ""elevation"": 0.0}]",1785099400022.245
5,"[{""range"": 1.1801823295875205, ""doppler"": 0.0, ""angle"": -7.338214972958705, ""elevation"": 0.0}, {""range"": 0.7836136666397299, ""doppler"": 0.0, ""angle"": -0.6537345180339248, ""elevation"": 0.0}, {""range"": 0.7948460405217093, ""doppler"": 0.0, ""angle"": 0.3866923030914126, ""elevation"": 0.0}, {""range"": 0.800617241073812, ""doppler"": 0.0, ""angle"": 1.4205827232589987, ""elevation"": 0.0}, {""range"": 0.8312595931535122, ""doppler"": 0.0, ""angle"": 5.146447176706243, ""elevation"": 0.0}]",1785099400022.441
6,"[{""range"": 0.7763938150384257, ""doppler"": 0.0, ""angle"": -3.6709958790177475, ""elevation"": 0.0}, {""range"": 0.7863020249861272, ""doppler"": 0.0, ""angle"": -4.460663999868103, ""elevation"": 0.0}, {""range"": 1.1789918141126827, ""doppler"": 0.0, ""angle"": -4.828590591128586, ""elevation"": 0.0}, {""range"": 0.7968223590478133, ""doppler"": 0.0, ""angle"": -0.4757394800270065, ""elevation"": 0.0}, {""range"": 2.009293041716286, ""doppler"": 0.0, ""angle"": 37.19521237197971, ""elevation"": 0.0}, {""range"": 1.9097489335553544, ""doppler"": 0.0, ""angle"": 57.65512476118159, ""elevation"": 0.0}]",1785099400022.605
7,"[{""range"": 0.7681332344883286, ""doppler"": 0.0, ""angle"": -4.231960980082483, ""elevation"": 0.0}, {""range"": 0.7828540415611026, ""doppler"": 0.0, ""angle"": -5.202722855948926, ""elevation"": 0.0}, {""range"": 0.7984263229086408, ""doppler"": 0.0, ""angle"": -6.080872475591843, ""elevation"": 0.0}, {""range"": 2.043557506894174, ""doppler"": 0.0, ""angle"": 35.972452491060295, ""elevation"": 0.0}, {""range"": 1.8815355920636838, ""doppler"": 0.0, ""angle"": 45.889459092546275, ""elevation"": 0.0}, {""range"": 1.9007108716743943, ""doppler"": 0.0, ""angle"": 45.44213534451591, ""elevation"": 0.0}, {""range"": 2.0255233081839767, ""doppler"": 0.0, ""angle"": 43.97345762799052, ""elevation"": 0.0}]",1785099400022.779
9,"[{""range"": 0.7999716552935, ""doppler"": 0.0, ""angle"": -8.380047584493884, ""elevation"": 0.0}, {""range"": 0.8186720590973282, ""doppler"": 0.0, ""angle"": -4.20866074850548, ""elevation"": 0.0}, {""range"": 0.8600265441962429, ""doppler"": 0.0, ""angle"": 3.6238925956693198, ""elevation"": 0.0}, {""range"": 0.6946416877045084, ""doppler"": 0.0, ""angle"": 23.88611461429412, ""elevation"": 0.0}, {""range"": 0.7364791997233252, ""doppler"": 0.0, ""angle"": 35.04444397025677, ""elevation"": 0.0}, {""range"": 2.0421679346816313, ""doppler"": 0.0, ""angle"": 40.571910243169135, ""elevation"": 0.0}, {""range"": 1.8812659832426748, ""doppler"": 0.0, ""angle"": 49.39043560533717, ""elevation"": 0.0}, {""range"": 1.8936931741652663, ""doppler"": 0.0, ""angle"": 51.317378545026536, ""elevation"": 0.0}, {""range"": 2.03634935127329, ""doppler"": 0.0, ""angle"": 44.30269384418895, ""elevation"": 0.0}]",1785099400022.9531
11,"[{""range"": 1.2059161883553218, ""doppler"": 0.0, ""angle"": -14.196966300405158, ""elevation"": 0.0}, {""range"": 0.7408151454857005, ""doppler"": 0.0, ""angle"": -5.762885360983469, ""elevation"": 0.0}, {""range"": 0.7625284102816418, ""doppler"": 0.0, ""angle"": -8.72675346993796, ""elevation"": 0.0}, {""range"": 0.7734153298936424, ""doppler"": 0.0, ""angle"": -10.631861449705687, ""elevation"": 0.0}, {""range"": 0.7984074806646463, ""doppler"": 0.0, ""angle"": -6.972219477023088, ""elevation"": 0.0}, {""range"": 0.9158120222636992, ""doppler"": 0.0, ""angle"": -4.88348772746602, ""elevation"": 0.0}, {""range"": 0.8636731538693512, ""doppler"": 0.0, ""angle"": -0.11862463280874663, ""elevation"": 0.0}, {""range"": 2.021919188484646, ""doppler"": 0.0, ""angle"": 40.602943460230435, ""elevation"": 0.0}, {""range"": 2.0388286456725595, ""doppler"": 0.0, ""angle"": 39.90143713885445, ""elevation"": 0.0}, {""range"": 1.8810653745812598, ""doppler"": 0.0, ""angle"": 51.0577895849304, ""elevation"": 0.0}, {""range"": 1.909665343614181, ""doppler"": 0.0, ""angle"": 47.740024679502, ""elevation"": 0.0}]",1785099400023.197
6,"[{""range"": 0.8236072177262675, ""doppler"": 0.0, ""angle"": -27.99492280617005, ""elevation"": 0.0}, {""range"": 0.8610390785301251, ""doppler"": 0.0, ""angle"": -30.56991419558656, ""elevation"": 0.0}, {""range"": 0.7735959726966436, ""doppler"": 0.0, ""angle"": 4.653658565397999, ""elevation"": 0.0}, {""range"": 0.7863571231850769, ""doppler"": 0.0, ""angle"": 9.040360097367369, ""elevation"": 0.0}, {""range"": 1.8828645894790785, ""doppler"": 0.0, ""angle"": 49.568091533404676, ""elevation"": 0.0}, {""range"": 1.90478667011108, ""doppler"": 0.0, ""angle"": 51.18478925327471, ""elevation"": 0.0}]",1785099400023.3691
8,"[{""range"": 0.8845698331739122, ""doppler"": 0.0, ""angle"": -37.81504978661757, ""elevation"": 0.0}, {""range"": 0.8617879638883839, ""doppler"": 0.0, ""angle"": -32.338069518700586, ""elevation"": 0.0}, {""range"": 0.7674989231913637, ""doppler"": 0.0, ""angle"": -10.80989975521781, ""elevation"": 0.0}, {""range"": 1.1925586178136574, ""doppler"": 0.0, ""angle"": -12.266963710290419, ""elevation"": 0.0}, {""range"": 0.7727601974677475, ""doppler"": 0.0, ""angle"": -10.802903413105437, ""elevation"": 0.0}, {""range"": 0.7891421768396277, ""doppler"": 0.0, ""angle"": -4.757172708083114, ""elevation"": 0.0}, {""range"": 0.8090662467628181, ""doppler"": 0.0, ""angle"": -9.695484473921676, ""elevation"": 0.0}, {""range"": 1.8796212107328696, ""doppler"": 0.0, ""angle"": 53.08213603676146, ""elevation"": 0.0}]",1785099400023.54
9,"[{""range"": 0.9078963154896544, ""doppler"": 0.0, ""angle"": -39.63796823093155, ""elevation"": 0.0}, {""range"": 1.7894071227264265, ""doppler"": 0.0, ""angle"": -40.96024637101491, ""elevation"": 0.0}, {""range"": 0.867293850657473, ""doppler"": 0.0, ""angle"": -26.010337587397267, ""elevation"": 0.0}, {""range"": 0.8540877189956323, ""doppler"": 0.0, ""angle"": -18.063199114247606, ""elevation"": 0.0}, {""range"": 0.7806597995840617, ""doppler"": 0.0, ""angle"": -7.541741095756662, ""elevation"": 0.0}, {""range"": 0.7948975899947537, ""doppler"": 0.0, ""angle"": -9.216528212020737, ""elevation"": 0.0}, {""range"": 0.8078626939877703, ""doppler"": 0.0, ""angle"": -10.586156265490617, ""elevation"": 0.0}, {""range"": 2.0220580297390596, ""doppler"": 0.0, ""angle"": 43.40905869320974, ""elevation"": 0.0}, {""range"": 1.8787862991642728, ""doppler"": 0.0, ""angle"": 52.28810731149665, ""elevation"": 0.0}]",1785099400023.7178
8,"[{""range"": 1.7899889052986682, ""doppler"": 0.0, ""angle"": -42.664097116208914, ""elevation"": 0.0}, {""range"": 0.776140228926563, ""doppler"": 0.0, ""angle"": -4.996042078027223, ""elevation"": 0.0}, {""range"": 0.7879654889170916, ""doppler"": 0.0, ""angle"": -5.678248957946933, ""elevation"": 0.0}, {""range"": 0.8073219425951005, ""doppler"": 0.0, ""angle"": -7.022702565665954, ""elevation"": 0.0}, {""range"": 0.8544078196458773, ""doppler"": 0.0, ""angle"": -8.55744707375153, ""elevation"": 0.0}, {""range"": 0.957664998913305, ""doppler"": 0.0, ""angle"": 8.980413029971865, ""elevation"": 0.0}, {""range"": 2.945534117516533, ""doppler"": 0.0, ""angle"": 18.42724940355634, ""elevation"": 0.0}, {""range"": 2.968399175096065, ""doppler"": 0.0, ""angle"": 20.14440464184154, ""elevation"": 0.0}]",1785099400023.883
7,"[{""range"": 0.8440406384246684, ""doppler"": 0.0, ""angle"": -18.96466825808558, ""elevation"": 0.0}, {""range"": 0.8134693975971835, ""doppler"": 0.0, ""angle"": -12.582084490349215, ""elevation"": 0.0}, {""range"": 0.7501252217567348, ""doppler"": 0.0, ""angle"": -0.08194861565212179, ""elevation"": 0.0}, {""range"": 0.7722977135682505, ""doppler"": 0.0, ""angle"": -0.053063915843058335, ""elevation"": 0.0}, {""range"": 0.7848778913742583, ""doppler"": 0.0, ""angle"": -3.317403444604318, ""elevation"": 0.0}, {""range"": 1.8890631265003826, ""doppler"": 0.0, ""angle"": 49.36458637205983, ""elevation"": 0.0}, {""range"": 1.913055908416437, ""doppler"": 0.0, ""angle"": 45.68544129481165, ""elevation"": 0.0}]",1785099400024.055
8,"[{""range"": 0.7384662180986183, ""doppler"": 0.0, ""angle"": -1.6928418102615608, ""elevation"": 0.0}, {""range"": 0.7709694819291245, ""doppler"": 0.0, ""angle"": -3.16435035272113, ""elevation"": 0.0}, {""range"": 0.779817490251055, ""doppler"": 0.0, ""angle"": 0.28903839864898095, ""elevation"": 0.0}, {""range"": 0.7970033131518133, ""doppler"": 0.0, ""angle"": 5.174644052399588, ""elevation"": 0.0}, {""range"": 2.099014548585628, ""doppler"": 0.0, ""angle"": 30.54102523494941, ""elevation"": 0.0}, {""range"": 2.138190377891113, ""doppler"": 0.0, ""angle"": 27.432940308016356, ""elevation"": 0.0}, {""range"": 2.026832479573303, ""doppler"": 0.0, ""angle"": 46.801744703860365, ""elevation"": 0.0}, {""range"": 2.043294254040459, ""doppler"": 0.0, ""angle"": 44.7801781621218, ""elevation"": 0.0}]",1785099400024.229
10,"[{""range"": 0.702703930996243, ""doppler"": 0.0, ""angle"": -11.924701144798798, ""elevation"": 0.0}, {""range"": 1.1525793190640194, ""doppler"": 0.0, ""angle"": -8.493405299963333, ""elevation"": 0.0}, {""range"": 0.7611923521303324, ""doppler"": 0.0, ""angle"": 2.1136240088179243, ""elevation"": 0.0}, {""range"": 0.7845766365203506, ""doppler"": 0.0, ""angle"": 2.9132692943544365, ""elevation"": 0.0}, {""range"": 0.703782228728808, ""doppler"": 0.0, ""angle"": 4.444482124101232, ""elevation"": 0.0}, {""range"": 0.8020320049699777, ""doppler"": 0.0, ""angle"": 4.4114418868845435, ""elevation"": 0.0}, {""range"": 0.8375467929514268, ""doppler"": 0.0, ""angle"": 7.939809100148998, ""elevation"": 0.0}, {""range"": 2.0598127314256462, ""doppler"": 0.0, ""angle"": 38.43686860289257, ""elevation"": 0.0}, {""range"": 2.0893717213884595, ""doppler"": 0.0, ""angle"": 36.95718040147217, ""elevation"": 0.0}, {""range"": 2.03569329355037, ""doppler"": 0.0, ""angle"": 43.89316203097775, ""elevation"": 0.0}]",1785099400024.3972
9,"[{""range"": 1.1552828431868607, ""doppler"": 0.0, ""angle"": -10.911652955618543, ""elevation"": 0.0}, {""range"": 1.1786134816968878, ""doppler"": 0.0, ""angle"": -9.650959016677389, ""elevation"": 0.0}, {""range"": 0.76676365816214, ""doppler"": 0.0, ""angle"": 7.638791749061315, ""elevation"": 0.0}, {""range"": 0.7977986027917322, ""doppler"": 0.0, ""angle"": 12.60959618120446, ""elevation"": 0.0}, {""range"": 0.8118639615760935, ""doppler"": 0.0, ""angle"": 14.125002884416952, ""elevation"": 0.0}, {""range"": 2.025796328167069, ""doppler"": 0.0, ""angle"": 38.86595559041415, ""elevation"": 0.0}, {""range"": 2.0392121702562953, ""doppler"": 0.0, ""angle"": 36.62873830036183, ""elevation"": 0.0}, {""range"": 1.873207195801264, ""doppler"": 0.0, ""angle"": 46.318912275543596, ""elevation"": 0.0}, {""range"": 1.895565731380582, ""doppler"": 0.0, ""angle"": 63.548554041793224, ""elevation"": 0.0}]",1785099400024.579
8,"[{""range"": 1.1554143415696048, ""doppler"": 0.0, ""angle"": -9.549787710273634, ""elevation"": 0.0}, {""range"": 1.1747911911526765, ""doppler"": 0.0, ""angle"": -7.935236281782138, ""elevation"": 0.0}, {""range"": 1.9649957051445073, ""doppler"": 0.0, ""angle"": -5.247297841843057, ""elevation"": 0.0}, {""range"": 1.8312433491823772, ""doppler"": 0.0, ""angle"": -0.8224512786332556, ""elevation"": 0.0}, {""range"": 0.7807009000595603, ""doppler"": 0.0, ""angle"": 5.203933847845537, ""elevation"": 0.0}, {""range"": 0.792617689545974, ""doppler"": 0.0, ""angle"": 7.570726708387087, ""elevation"": 0.0}, {""range"": 0.8035833948347003, ""doppler"": 0.0, ""angle"": 8.290574111816637, ""elevation"": 0.0}, {""range"": 1.2384332559561904, ""doppler"": 0.0, ""angle"": 27.07191654091035, ""elevation"": 0.0}]",1785099400024.7622
6,"[{""range"": 1.1557496548983353, ""doppler"": 0.0, ""angle"": -8.70302851599766, ""elevation"": 0.0}, {""range"": 1.1765879972113782, ""doppler"": 0.0, ""angle"": -5.188122099151006, ""elevation"": 0.0}, {""range"": 0.7778540355247973, ""doppler"": 0.0, ""angle"": -3.2682336777891017, ""elevation"": 0.0}, {""range"": 0.7857985413916316, ""doppler"": 0.0, ""angle"": -3.1176330924527247, ""elevation"": 0.0}, {""range"": 0.8005456903554239, ""doppler"": 0.0, ""angle"": 1.7023678515251912, ""elevation"": 0.0}, {""range"": 0.8463911795958649, ""doppler"": 0.0, ""angle"": 6.806718078428456, ""elevation"": 0.0}]",1785099400024.928
7,"[{""range"": 1.1591771314035233, ""doppler"": 0.0, ""angle"": -9.375140626628152, ""elevation"": 0.0}, {""range"": 1.179714683242102, ""doppler"": 0.0, ""angle"": -8.49855887949368, ""elevation"": 0.0}, {""range"": 0.7812177581113148, ""doppler"": 0.0, ""angle"": -1.15415444289165, ""elevation"": 0.0}, {""range"": 0.7903577717720444, ""doppler"": 0.0, ""angle"": 0.03888853215934816, ""elevation"": 0.0}, {""range"": 0.7988606525368575, ""doppler"": 0.0, ""angle"": 1.9369242272163303, ""elevation"": 0.0}, {""range"": 0.8350372566322909, ""doppler"": 0.0, ""angle"": 2.3318017976017713, ""elevation"": 0.0}, {""range"": 1.899442219747485, ""doppler"": 0.0, ""angle"": 41.29400347529249, ""elevation"": 0.0}]",1785099400025.164
8,"[{""range"": 1.1600758469438728, ""doppler"": 0.0, ""angle"": -7.902788905144957, ""elevation"": 0.0}, {""range"": 1.1780014588106629, ""doppler"": 0.0, ""angle"": -7.194056473053677, ""elevation"": 0.0}, {""range"": 0.7861002431603565, ""doppler"": 0.0, ""angle"": 0.5343627955877371, ""elevation"": 0.0}, {""range"": 0.7980807443126691, ""doppler"": 0.0, ""angle"": 3.0181852553638744, ""elevation"": 0.0}, {""range"": 1.9161358205629186, ""doppler"": 0.0, ""angle"": -2.187391457782855, ""elevation"": 0.0}, {""range"": 0.8045563826254404, ""doppler"": 0.0, ""angle"": 5.97034709234095, ""elevation"": 0.0}, {""range"": 0.826729551422842, ""doppler"": 0.0, ""angle"": 12.19948662064653, ""elevation"": 0.0}, {""range"": 1.8839241507369608, ""doppler"": 0.0, ""angle"": 49.33794946027357, ""elevation"": 0.0}]",1785099400025.3608
11,"[{""range"": 1.1598198746687176, ""doppler"": 0.0, ""angle"": -8.314991285225416, ""elevation"": 0.0}, {""range"": 1.1814022695576794, ""doppler"": 0.0, ""angle"": -5.890078711694656, ""elevation"": 0.0}, {""range"": 0.7869968539002966, ""doppler"": 0.0, ""angle"": -1.3409971980896527, ""elevation"": 0.0}, {""range"": 0.7982254228604735, ""doppler"": 0.0, ""angle"": -0.012835075841099613, ""elevation"": 0.0}, {""range"": 0.801532737582147, ""doppler"": 0.0, ""angle"": 2.2630227338556943, ""elevation"": 0.0}, {""range"": 0.8879822381837023, ""doppler"": 0.0, ""angle"": -3.243829846961382, ""elevation"": 0.0}, {""range"": 1.219349315379113, ""doppler"": 0.0, ""angle"": -2.614008004813957, ""elevation"": 0.0}, {""range"": 0.826477017922021, ""doppler"": 0.0, ""angle"": 4.616428839625374, ""elevation"": 0.0}, {""range"": 1.8992454838613997, ""doppler"": 0.0, ""angle"": 49.42913078956348, ""elevation"": 0.0}, {""range"": 1.0407937204103297, ""doppler"": 0.0, ""angle"": 59.53595237005049, ""elevation"": 0.0}, {""range"": 1.0457534978448209, ""doppler"": 0.0, ""angle"": 55.470284946689894, ""elevation"": 0.0}]",1785099400025.5588
5,"[{""range"": 1.1816919086704076, ""doppler"": 0.0, ""angle"": -6.577638221171111, ""elevation"": 0.0}, {""range"": 0.7854951769129482, ""doppler"": 0.0, ""angle"": -1.6436546875926978, ""elevation"": 0.0}, {""range"": 0.7981260956368882, ""doppler"": 0.0, ""angle"": -0.8087372579235771, ""elevation"": 0.0}, {""range"": 0.8078075783061327, ""doppler"": 0.0, ""angle"": 2.2835133346045464, ""elevation"": 0.0}, {""range"": 0.8365921472369494, ""doppler"": 0.0, ""angle"": 4.966027559732145, ""elevation"": 0.0}]",1785099400025.792
5,"[{""range"": 0.7902995337442251, ""doppler"": 0.0, ""angle"": -5.5441898510097, ""elevation"": 0.0}, {""range"": 0.7934146750911368, ""doppler"": 0.0, ""angle"": -8.175756352074057, ""elevation"": 0.0}, {""range"": 1.159996809196479, ""doppler"": 0.0, ""angle"": -8.313714020709028, ""elevation"": 0.0}, {""range"": 1.183704945544511, ""doppler"": 0.0, ""angle"": -7.508277946541168, ""elevation"": 0.0}, {""range"": 1.218857963517676, ""doppler"": 0.0, ""angle"": -4.088611165973963, ""elevation"": 0.0}]",1785099400025.974
6,"[{""range"": 0.7943003725155346, ""doppler"": 0.0, ""angle"": -11.874043294854701, ""elevation"": 0.0}, {""range"": 0.7898032541776377, ""doppler"": 0.0, ""angle"": -7.310048411189312, ""elevation"": 0.0}, {""range"": 1.1844312416828695, ""doppler"": 0.0, ""angle"": -9.603104783698683, ""elevation"": 0.0}, {""range"": 0.7720501125294812, ""doppler"": 0.0, ""angle"": -0.968773062289184, ""elevation"": 0.0}, {""range"": 1.068231824608904, ""doppler"": 0.0, ""angle"": 49.62340577307942, ""elevation"": 0.0}, {""range"": 1.0844929494583715, ""doppler"": 0.0, ""angle"": 45.273884699466514, ""elevation"": 0.0}]",1785099400026.155
6,"[{""range"": 1.158400803340772, ""doppler"": 0.0, ""angle"": -8.262684911531244, ""elevation"": 0.0}, {""range"": 1.1773740047875694, ""doppler"": 0.0, ""angle"": -7.891361065965793, ""elevation"": 0.0}, {""range"": 0.786165706428842, ""doppler"": 0.0, ""angle"": 0.9122760766042206, ""elevation"": 0.0}, {""range"": 0.7986925096951099, ""doppler"": 0.0, ""angle"": 1.5394935860070982, ""elevation"": 0.0}, {""range"": 0.8079846673552803, ""doppler"": 0.0, ""angle"": 3.9211948496006, ""elevation"": 0.0}, {""range"": 0.8292301049082504, ""doppler"": 0.0, ""angle"": 5.8790192545158435, ""elevation"": 0.0}]",1785099400026.393
7,"[{""range"": 0.7681423713721608, ""doppler"": 0.0, ""angle"": 10.190321868367048, ""elevation"": 0.0}, {""range"": 0.8055126549094753, ""doppler"": 0.0, ""angle"": 6.129505136026836, ""elevation"": 0.0}, {""range"": 0.8184988840169239, ""doppler"": 0.0, ""angle"": 8.758533872064133, ""elevation"": 0.0}, {""range"": 2.9287871911030003, ""doppler"": 0.0, ""angle"": 16.394673020067376, ""elevation"": 0.0}, {""range"": 0.6080086602892146, ""doppler"": 0.0, ""angle"": 22.60560678543531, ""elevation"": 0.0}, {""range"": 0.659547337095056, ""doppler"": 0.0, ""angle"": 23.520863126477927, ""elevation"": 0.0}, {""range"": 2.1138341217438747, ""doppler"": 0.0, ""angle"": 47.73250555516511, ""elevation"": 0.0}]",1785099400026.604
7,"[{""range"": 1.177566127755259, ""doppler"": 0.0, ""angle"": -8.144867404599163, ""elevation"": 0.0}, {""range"": 0.7789345152570392, ""doppler"": 0.0, ""angle"": -0.42089806326771023, ""elevation"": 0.0}, {""range"": 0.7950049220448898, ""doppler"": 0.0, ""angle"": 1.7142359938693439, ""elevation"": 0.0}, {""range"": 0.8050833635680208, ""doppler"": 0.0, ""angle"": 5.314250994653975, ""elevation"": 0.0}, {""range"": 0.8304014762819173, ""doppler"": 0.0, ""angle"": 8.98160634025256, ""elevation"": 0.0}, {""range"": 1.8838985903619054, ""doppler"": 0.0, ""angle"": 49.90128184760906, ""elevation"": 0.0}, {""range"": 1.9064388387054536, ""doppler"": 0.0, ""angle"": 50.85843678504422, ""elevation"": 0.0}]",1785099400026.7861
10,"[{""range"": 0.6738082987740939, ""doppler"": 0.0, ""angle"": -31.23495244367615, ""elevation"": 0.0}, {""range"": 1.154939324198612, ""doppler"": 0.0, ""angle"": -9.077312965207883, ""elevation"": 0.0}, {""range"": 0.7733812014407503, ""doppler"": 0.0, ""angle"": 0.3046914465681112, ""elevation"": 0.0}, {""range"": 0.8043089724913228, ""doppler"": 0.0, ""angle"": 0.1783322194128463, ""elevation"": 0.0}, {""range"": 0.8108031308915387, ""doppler"": 0.0, ""angle"": 2.1991986834125172, ""elevation"": 0.0}, {""range"": 0.8584647108049924, ""doppler"": 0.0, ""angle"": 3.283764625367194, ""elevation"": 0.0}, {""range"": 0.6840371811923336, ""doppler"": 0.0, ""angle"": 9.31212088678427, ""elevation"": 0.0}, {""range"": 2.033110886887751, ""doppler"": 0.0, ""angle"": 38.84868697160407, ""elevation"": 0.0}, {""range"": 2.0436774177792714, ""doppler"": 0.0, ""angle"": 39.54689681217679, ""elevation"": 0.0}, {""range"": 1.8993330003043143, ""doppler"": 0.0, ""angle"": 47.52202619316792, ""elevation"": 0.0}]",1785099400026.966
10,"[{""range"": 0.6527719680646312, ""doppler"": 0.0, ""angle"": -14.888954898722986, ""elevation"": 0.0}, {""range"": 0.6757593160963712, ""doppler"": 0.0, ""angle"": -16.25777892540043, ""elevation"": 0.0}, {""range"": 1.1589309756901376, ""doppler"": 0.0, ""angle"": -8.795226638803955, ""elevation"": 0.0}, {""range"": 1.1775450432817534, ""doppler"": 0.0, ""angle"": -7.363513563906575, ""elevation"": 0.0}, {""range"": 0.7476206103512634, ""doppler"": 0.0, ""angle"": 29.078562747293578, ""elevation"": 0.0}, {""range"": 0.7721877635793089, ""doppler"": 0.0, ""angle"": 28.778823574399027, ""elevation"": 0.0}, {""range"": 0.7959321767805287, ""doppler"": 0.0, ""angle"": 26.85863694832904, ""elevation"": 0.0}, {""range"": 1.8495755673807581, ""doppler"": 0.0, ""angle"": 40.97800982297989, ""elevation"": 0.0}, {""range"": 1.8686735874342817, ""doppler"": 0.0, ""angle"": 42.327903050448754, ""elevation"": 0.0}, {""range"": 1.892556045639124, ""doppler"": 0.0, ""angle"": 43.526097099906, ""elevation"": 0.0}]",1785099400027.143
5,"[{""range"": 0.7161610581017828, ""doppler"": 0.0, ""angle"": -14.75448505592612, ""elevation"": 0.0}, {""range"": 0.7615942616475266, ""doppler"": 0.0, ""angle"": 0.47083990180943147, ""elevation"": 0.0}, {""range"": 0.784770539175826, ""doppler"": 0.0, ""angle"": 4.194443191793678, ""elevation"": 0.0}, {""range"": 0.8030809512084219, ""doppler"": 0.0, ""angle"": 5.4300510730119385, ""elevation"": 0.0}, {""range"": 0.8350244290441443, ""doppler"": 0.0, ""angle"": 6.9987037776412935, ""elevation"": 0.0}]",1785099400027.324
9,"[{""range"": 0.7045428990106558, ""doppler"": 0.0, ""angle"": -39.13900310096123, ""elevation"": 0.0}, {""range"": 0.7193686578097481, ""doppler"": 0.0, ""angle"": -41.069364287867444, ""elevation"": 0.0}, {""range"": 1.1574609532293763, ""doppler"": 0.0, ""angle"": -9.12908406099808, ""elevation"": 0.0}, {""range"": 1.1747582443769344, ""doppler"": 0.0, ""angle"": -8.878774261495577, ""elevation"": 0.0}, {""range"": 0.8016909121136463, ""doppler"": 0.0, ""angle"": 3.5037919653681673, ""elevation"": 0.0}, {""range"": 0.8506646458209115, ""doppler"": 0.0, ""angle"": 2.9399912086396642, ""elevation"": 0.0}, {""range"": 0.8199340157829639, ""doppler"": 0.0, ""angle"": 6.0338591546652385, ""elevation"": 0.0}, {""range"": 1.8812765888582328, ""doppler"": 0.0, ""angle"": 49.591271659027974, ""elevation"": 0.0}, {""range"": 1.8971245043274307, ""doppler"": 0.0, ""angle"": 49.82104115064825, ""elevation"": 0.0}]",1785099400027.5042
7,"[{""range"": 0.7808062523832046, ""doppler"": 0.0, ""angle"": -15.732716328413243, ""elevation"": 0.0}, {""range"": 1.1520054655338485, ""doppler"": 0.0, ""angle"": -10.626211107338213, ""elevation"": 0.0}, {""range"": 1.1727321404929758, ""doppler"": 0.0, ""angle"": -10.382985908235703, ""elevation"": 0.0}, {""range"": 0.8009245189471454, ""doppler"": 0.0, ""angle"": -3.2252421315671267, ""elevation"": 0.0}, {""range"": 0.8089545550965518, ""doppler"": 0.0, ""angle"": -0.05065938513043934, ""elevation"": 0.0}, {""range"": 0.8384460488253824, ""doppler"": 0.0, ""angle"": 3.7295414714621864, ""elevation"": 0.0}, {""range"": 1.8829159672031177, ""doppler"": 0.0, ""angle"": 46.72008859577745, ""elevation"": 0.0}]",1785099400027.6711
8,"[{""range"": 1.1592697124790388, ""doppler"": 0.0, ""angle"": -10.999685195188873, ""elevation"": 0.0}, {""range"": 1.1781816605789266, ""doppler"": 0.0, ""angle"": -11.6987655845328, ""elevation"": 0.0}, {""range"": 0.7912793195060162, ""doppler"": 0.0, ""angle"": -0.47907218938343976, ""elevation"": 0.0}, {""range"": 0.808776136575538, ""doppler"": 0.0, ""angle"": -0.07600585351027556, ""elevation"": 0.0}, {""range"": 0.815247319824841, ""doppler"": 0.0, ""angle"": 0.5278251073705766, ""elevation"": 0.0}, {""range"": 0.8370338329520446, ""doppler"": 0.0, ""angle"": 2.6570295530498105, ""elevation"": 0.0}, {""range"": 1.8824066366289685, ""doppler"": 0.0, ""angle"": 56.78241758719703, ""elevation"": 0.0}, {""range"": 1.907849228441251, ""doppler"": 0.0, ""angle"": 55.358168864195385, ""elevation"": 0.0}]",1785099400027.8499
9,"[{""range"": 0.9011116165729323, ""doppler"": 0.0, ""angle"": -28.777420272686058, ""elevation"": 0.0}, {""range"": 0.9313229846953442, ""doppler"": 0.0, ""angle"": -20.00754289500152, ""elevation"": 0.0}, {""range"": 0.9338964258382304, ""doppler"": 0.0, ""angle"": -22.041795701923377, ""elevation"": 0.0}, {""range"": 1.152795059360311, ""doppler"": 0.0, ""angle"": -8.383988891926618, ""elevation"": 0.0}, {""range"": 1.1778335813350764, ""doppler"": 0.0, ""angle"": -8.41549635347778, ""elevation"": 0.0}, {""range"": 0.7815991637559949, ""doppler"": 0.0, ""angle"": -0.1704056137021669, ""elevation"": 0.0}, {""range"": 0.7976917468498855, ""doppler"": 0.0, ""angle"": -2.106835437979824, ""elevation"": 0.0}, {""range"": 0.87210408240953, ""doppler"": 0.0, ""angle"": 13.916574700689802, ""elevation"": 0.0}, {""range"": 1.87710819923054, ""doppler"": 0.0, ""angle"": 64.75559173129957, ""elevation"": 0.0}]",1785099400028.032
7,"[{""range"": 1.157957123244626, ""doppler"": 0.0, ""angle"": -8.41789266783127, ""elevation"": 0.0}, {""range"": 1.1811823340052492, ""doppler"": 0.0, ""angle"": -8.146048855139469, ""elevation"": 0.0}, {""range"": 0.7873412261321038, ""doppler"": 0.0, ""angle"": 0.44242965803947215, ""elevation"": 0.0}, {""range"": 0.8112901707217361, ""doppler"": 0.0, ""angle"": 0.3030826278031738, ""elevation"": 0.0}, {""range"": 0.8198341010801918, ""doppler"": 0.0, ""angle"": 1.0997838895717391, ""elevation"": 0.0}, {""range"": 0.839022495106397, ""doppler"": 0.0, ""angle"": 0.46402216968650667, ""elevation"": 0.0}, {""range"": 1.877799332122933, ""doppler"": 0.0, ""angle"": 46.36971285989678, ""elevation"": 0.0}]",1785099400028.2122
9,"[{""range"": 0.8082368666591614, ""doppler"": 0.0, ""angle"": -10.929573837782629, ""elevation"": 0.0}, {""range"": 0.8180442007387819, ""doppler"": 0.0, ""angle"": -13.307212929707825, ""elevation"": 0.0}, {""range"": 0.7898056832160423, ""doppler"": 0.0, ""angle"": -6.891715531318825, ""elevation"": 0.0}, {""range"": 1.1557816358048996, ""doppler"": 0.0, ""angle"": -9.969467332102946, ""elevation"": 0.0}, {""range"": 1.9570017926215932, ""doppler"": 0.0, ""angle"": 41.16573325525077, ""elevation"": 0.0}, {""range"": 2.0158485290970307, ""doppler"": 0.0, ""angle"": 40.596884563461984, ""elevation"": 0.0}, {""range"": 2.05548897975734, ""doppler"": 0.0, ""angle"": 41.91459759664404, ""elevation"": 0.0}, {""range"": 1.8843544583355638, ""doppler"": 0.0, ""angle"": 44.3079627708824, ""elevation"": 0.0}, {""range"": 1.9098323105628885, ""doppler"": 0.0, ""angle"": 44.16924476050155, ""elevation"": 0.0}]",1785099400028.384
8,"[{""range"": 1.148384934957447, ""doppler"": 0.0, ""angle"": -11.778842450354826, ""elevation"": 0.0}, {""range"": 1.1753681611074631, ""doppler"": 0.0, ""angle"": -14.456953227975086, ""elevation"": 0.0}, {""range"": 1.2196505750248967, ""doppler"": 0.0, ""angle"": -14.684132280633309, ""elevation"": 0.0}, {""range"": 0.8574900614714722, ""doppler"": 0.0, ""angle"": 7.163547465832367, ""elevation"": 0.0}, {""range"": 0.8278805733676006, ""doppler"": 0.0, ""angle"": 11.739515349548995, ""elevation"": 0.0}, {""range"": 0.8406605227014576, ""doppler"": 0.0, ""angle"": 11.857274444772969, ""elevation"": 0.0}, {""range"": 1.8797531526938827, ""doppler"": 0.0, ""angle"": 49.3939759806204, ""elevation"": 0.0}, {""range"": 1.895895210901925, ""doppler"": 0.0, ""angle"": 49.78966272351967, ""elevation"": 0.0}]",1785099400028.5828
11,"[{""range"": 0.9147380219325152, ""doppler"": 0.0, ""angle"": -50.60026662774882, ""elevation"": 0.0}, {""range"": 1.149767229365129, ""doppler"": 0.0, ""angle"": -12.019452282152958, ""elevation"": 0.0}, {""range"": 1.1748139308294483, ""doppler"": 0.0, ""angle"": -13.556110659822314, ""elevation"": 0.0}, {""range"": 0.7797342508468067, ""doppler"": 0.0, ""angle"": -4.524674238989555, ""elevation"": 0.0}, {""range"": 0.8111653635900347, ""doppler"": 0.0, ""angle"": -6.633098140579308, ""elevation"": 0.0}, {""range"": 0.8216332946542806, ""doppler"": 0.0, ""angle"": -4.768819332092265, ""elevation"": 0.0}, {""range"": 1.2175855580159682, ""doppler"": 0.0, ""angle"": -4.734292927047348, ""elevation"": 0.0}, {""range"": 0.8547213473576691, ""doppler"": 0.0, ""angle"": 11.194743969785454, ""elevation"": 0.0}, {""range"": 1.8769382871719344, ""doppler"": 0.0, ""angle"": 52.63009662133198, ""elevation"": 0.0}, {""range"": 2.0247318371228573, ""doppler"": 0.0, ""angle"": 48.22190624141314, ""elevation"": 0.0}, {""range"": 1.8562289623181374, ""doppler"": 0.0, ""angle"": 57.902177902600535, ""elevation"": 0.0}]",1785099400028.7668
8,"[{""range"": 1.1504771390534345, ""doppler"": 0.0, ""angle"": -8.869386082867624, ""elevation"": 0.0}, {""range"": 1.1736002062445683, ""doppler"": 0.0, ""angle"": -8.68443687931846, ""elevation"": 0.0}, {""range"": 1.2186673913794221, ""doppler"": 0.0, ""angle"": -8.692472053048668, ""elevation"": 0.0}, {""range"": 0.7919945502632828, ""doppler"": 0.0, ""angle"": 0.478639541028431, ""elevation"": 0.0}, {""range"": 0.8156999558430367, ""doppler"": 0.0, ""angle"": 3.5442117616525133, ""elevation"": 0.0}, {""range"": 0.8216991179001145, ""doppler"": 0.0, ""angle"": 6.899224389684709, ""elevation"": 0.0}, {""range"": 0.8382758526073896, ""doppler"": 0.0, ""angle"": 13.93545943904417, ""elevation"": 0.0}, {""range"": 1.8816868222314143, ""doppler"": 0.0, ""angle"": 51.01706670301156, ""elevation"": 0.0}]",1785099400028.939
9,"[{""range"": 1.1523791597313082, ""doppler"": 0.0, ""angle"": -9.827724011163117, ""elevation"": 0.0}, {""range"": 1.180062776629569, ""doppler"": 0.0, ""angle"": -9.753494506366868, ""elevation"": 0.0}, {""range"": 0.7892597714272122, ""doppler"": 0.0, ""angle"": -3.194951159197673, ""elevation"": 0.0}, {""range"": 0.8163540775920104, ""doppler"": 0.0, ""angle"": -2.5108133550833998, ""elevation"": 0.0}, {""range"": 0.8289694039502975, ""doppler"": 0.0, ""angle"": -1.149469815273817, ""elevation"": 0.0}, {""range"": 0.8493671103522664, ""doppler"": 0.0, ""angle"": -0.08443582447389782, ""elevation"": 0.0}, {""range"": 2.038684963171204, ""doppler"": 0.0, ""angle"": 41.40859257188093, ""elevation"": 0.0}, {""range"": 1.8822668712268462, ""doppler"": 0.0, ""angle"": 50.81399565389882, ""elevation"": 0.0}, {""range"": 2.0335777554967747, ""doppler"": 0.0, ""angle"": 48.68611074446609, ""elevation"": 0.0}]",1785099400029.1208
6,"[{""range"": 2.93776535319667, ""doppler"": 0.0, ""angle"": 0.3126005276986254, ""elevation"": -85.52098586196986}, {""range"": 4.420197182861648, ""doppler"": 0.0, ""angle"": 173.82260027761126, ""elevation"": 0.0}, {""range"": 0.5056165016412626, ""doppler"": 0.0, ""angle"": 90.0, ""elevation"": 5.194428907734806}, {""range"": 2.1055340918765704, ""doppler"": -11.741646096110344, ""angle"": -0.004865883598754663, ""elevation"": 0.004865883581207379}, {""range"": 3.421102440973351, ""doppler"": -6.071394941624021, ""angle"": 0.0, ""elevation"": 37.236455300216896}, {""range"": 8.286415008369568, ""doppler"": 1.0479972442553844, ""angle"": -89.89159136686122, ""elevation"": -44.99994872031216}]",1785099400103.236
9,"[{""range"": 0.7829424829545518, ""doppler"": 0.0, ""angle"": -12.42377691905143, ""elevation"": 0.0}, {""range"": 0.8140053385052954, ""doppler"": 0.0, ""angle"": -11.30005899841347, ""elevation"": 0.0}, {""range"": 0.8213717396148105, ""doppler"": 0.0, ""angle"": -13.739768665754077, ""elevation"": 0.0}, {""range"": 0.8544232190327232, ""doppler"": 0.0, ""angle"": -16.223752439667344, ""elevation"": 0.0}, {""range"": 1.1968474136791325, ""doppler"": 0.0, ""angle"": -14.050776585583838, ""elevation"": 0.0}, {""range"": 1.2270143508927476, ""doppler"": 0.0, ""angle"": -11.082316038690958, ""elevation"": 0.0}, {""range"": 2.053017345480316, ""doppler"": 0.0, ""angle"": 39.27395757804468, ""elevation"": 0.0}, {""range"": 1.8851284642721262, ""doppler"": 0.0, ""angle"": 50.982856361863526, ""elevation"": 0.0}, {""range"": 1.9024071029780167, ""doppler"": 0.0, ""angle"": 51.40327149470681, ""elevation"": 0.0}]",1785099400223.5579
6,"[{""range"": 0.8228404480476047, ""doppler"": 0.0, ""angle"": -12.359993290422722, ""elevation"": 0.0}, {""range"": 0.7728168817447709, ""doppler"": 0.0, ""angle"": -5.217233435737485, ""elevation"": 0.0}, {""range"": 0.8065740217417935, ""doppler"": 0.0, ""angle"": -9.790176536289085, ""elevation"": 0.0}, {""range"": 1.8808403070767608, ""doppler"": 0.0, ""angle"": 53.01462196922152, ""elevation"": 0.0}, {""range"": 1.8976166154223224, ""doppler"": 0.0, ""angle"": 52.97029094130076, ""elevation"": 0.0}, {""range"": 1.855184537791515, ""doppler"": 0.0, ""angle"": 57.95363981180771, ""elevation"": 0.0}]",1785099400323.782
8,"[{""range"": 0.8068502017779887, ""doppler"": 0.0, ""angle"": -6.298124367629739, ""elevation"": 0.0}, {""range"": 0.8318361378360172, ""doppler"": 0.0, ""angle"": -7.60929348164683, ""elevation"": 0.0}, {""range"": 0.959794798609344, ""doppler"": 0.0, ""angle"": -4.7663010857569015, ""elevation"": 0.0}, {""range"": 0.994025358172457, ""doppler"": 0.0, ""angle"": -4.208984924170216, ""elevation"": 0.0}, {""range"": 0.7692762496302354, ""doppler"": 0.0, ""angle"": -0.39954568187653766, ""elevation"": 0.0}, {""range"": 0.8360703600567004, ""doppler"": 0.0, ""angle"": 26.373243927751925, ""elevation"": 0.0}, {""range"": 1.8785655201494142, ""doppler"": 0.0, ""angle"": 52.88031842205294, ""elevation"": 0.0}, {""range"": 1.899755744653333, ""doppler"": 0.0, ""angle"": 53.18079607103682, ""elevation"": 0.0}]",1785099400424.331
7,"[{""range"": 0.9620422321470153, ""doppler"": 0.0, ""angle"": -3.516547496335453, ""elevation"": 0.0}, {""range"": 0.9938197601243898, ""doppler"": 0.0, ""angle"": -3.579549662455849, ""elevation"": 0.0}, {""range"": 0.8524687406660252, ""doppler"": 0.0, ""angle"": 12.009977717706757, ""elevation"": 0.0}, {""range"": 0.8353363707510207, ""doppler"": 0.0, ""angle"": 21.749026349982966, ""elevation"": 0.0}, {""range"": 0.8203557696855484, ""doppler"": 0.0, ""angle"": 27.157090217158924, ""elevation"": 0.0}, {""range"": 1.879594673230587, ""doppler"": 0.0, ""angle"": 51.217608623139185, ""elevation"": 0.0}, {""range"": 1.9005503880936006, ""doppler"": 0.0, ""angle"": 52.60396331875163, ""elevation"": 0.0}]",1785099400514.024
7,"[{""range"": 0.7810091972678593, ""doppler"": 0.0, ""angle"": 2.6639149874778, ""elevation"": 0.0}, {""range"": 0.9849422923583679, ""doppler"": 0.0, ""angle"": 3.48679255721367, ""elevation"": 0.0}, {""range"": 0.8147252648343375, ""doppler"": 0.0, ""angle"": 17.05095457449659, ""elevation"": 0.0}, {""range"": 0.8295049669442988, ""doppler"": 0.0, ""angle"": 20.610977450046242, ""elevation"": 0.0}, {""range"": 0.8428527144568152, ""doppler"": 0.0, ""angle"": 22.39732550434297, ""elevation"": 0.0}, {""range"": 2.0377047301753115, ""doppler"": 0.0, ""angle"": 39.855783665525536, ""elevation"": 0.0}, {""range"": 2.0299788004031822, ""doppler"": 0.0, ""angle"": 45.860103757403934, ""elevation"": 0.0}]",1785099400623.8357
6,"[{""range"": 0.8277431641149597, ""doppler"": 0.0, ""angle"": -13.40281842483509, ""elevation"": 0.0}, {""range"": 0.7868386106866943, ""doppler"": 0.0, ""angle"": -6.026726020061065, ""elevation"": 0.0}, {""range"": 0.8026863702751479, ""doppler"": 0.0, ""angle"": -9.682649151626622, ""elevation"": 0.0}, {""range"": 1.8787056630281396, ""doppler"": 0.0, ""angle"": 50.61965666776846, ""elevation"": 0.0}, {""range"": 2.0282796153639464, ""doppler"": 0.0, ""angle"": 51.15165199818733, ""elevation"": 0.0}, {""range"": 1.9011760284279262, ""doppler"": 0.0, ""angle"": 55.317457000074604, ""elevation"": 0.0}]",1785099400714.005
7,"[{""range"": 0.7927518701448415, ""doppler"": 0.0, ""angle"": -1.4346801159074851, ""elevation"": 0.0}, {""range"": 0.8198940825615526, ""doppler"": 0.0, ""angle"": 4.001929175957172, ""elevation"": 0.0}, {""range"": 0.8291720134865382, ""doppler"": 0.0, ""angle"": 8.170292744612054, ""elevation"": 0.0}, {""range"": 0.8630680856485864, ""doppler"": 0.0, ""angle"": 8.939301484623323, ""elevation"": 0.0}, {""range"": 1.9581115465759096, ""doppler"": 0.0, ""angle"": 40.51503238105819, ""elevation"": 0.0}, {""range"": 1.9106038188791148, ""doppler"": 0.0, ""angle"": 52.246355710081126, ""elevation"": 0.0}, {""range"": 1.8818567473099448, ""doppler"": 0.0, ""angle"": 55.5655007147483, ""elevation"": 0.0}]",1785099400813.933
5,"[{""range"": 0.7954804718245757, ""doppler"": 0.0, ""angle"": -0.978879398468885, ""elevation"": 0.0}, {""range"": 0.8154552405032643, ""doppler"": 0.0, ""angle"": 0.7161599454704085, ""elevation"": 0.0}, {""range"": 0.822914159499312, ""doppler"": 0.0, ""angle"": 1.7183580016554572, ""elevation"": 0.0}, {""range"": 0.8402221514862224, ""doppler"": 0.0, ""angle"": 2.000147043334853, ""elevation"": 0.0}, {""range"": 2.2474611882807736, ""doppler"": 0.0, ""angle"": 14.415475157530423, ""elevation"": 0.0}]",1785099400913.535
9,"[{""range"": 0.7359837737082748, ""doppler"": 0.0, ""angle"": 1.211176259161365, ""elevation"": 0.0}, {""range"": 0.7842809532578985, ""doppler"": 0.0, ""angle"": -1.7376829660386515, ""elevation"": 0.0}, {""range"": 0.8129136337030217, ""doppler"": 0.0, ""angle"": -0.4537186420911085, ""elevation"": 0.0}, {""range"": 0.824263346393761, ""doppler"": 0.0, ""angle"": 1.5165912597434983, ""elevation"": 0.0}, {""range"": 0.839103835116261, ""doppler"": 0.0, ""angle"": 2.2471779088161825, ""elevation"": 0.0}, {""range"": 2.015090602462971, ""doppler"": 0.0, ""angle"": 41.30884547611008, ""elevation"": 0.0}, {""range"": 2.031228896256555, ""doppler"": 0.0, ""angle"": 38.6779258696433, ""elevation"": 0.0}, {""range"": 1.8819884815734444, ""doppler"": 0.0, ""angle"": 47.51831250353849, ""elevation"": 0.0}, {""range"": 1.9009992689818822, ""doppler"": 0.0, ""angle"": 44.43597835205341, ""elevation"": 0.0}]",1785099401024.305
8,"[{""range"": 0.7277824002284288, ""doppler"": 0.0, ""angle"": -13.715300321269163, ""elevation"": 0.0}, {""range"": 0.7539431005789621, ""doppler"": 0.0, ""angle"": -12.144109887193208, ""elevation"": 0.0}, {""range"": 0.7904343910250924, ""doppler"": 0.0, ""angle"": -5.373972698245116, ""elevation"": 0.0}, {""range"": 0.8191619342631459, ""doppler"": 0.0, ""angle"": 0.3501990501378862, ""elevation"": 0.0}, {""range"": 0.839931705677696, ""doppler"": 0.0, ""angle"": 1.7689559403422346, ""elevation"": 0.0}, {""range"": 0.8756312416954585, ""doppler"": 0.0, ""angle"": -2.8092345710131643, ""elevation"": 0.0}, {""range"": 2.0570728269819627, ""doppler"": 0.0, ""angle"": 20.634157231976925, ""elevation"": 0.0}, {""range"": 1.9081532198789168, ""doppler"": 0.0, ""angle"": 47.495160001731435, ""elevation"": 0.0}]",1785099401123.7278
10,"[{""range"": 0.6257049105698527, ""doppler"": 0.0, ""angle"": -20.05585059333625, ""elevation"": 0.0}, {""range"": 0.6295549041327888, ""doppler"": 0.0, ""angle"": -20.066528695249126, ""elevation"": 0.0}, {""range"": 0.6460753082431034, ""doppler"": 0.0, ""angle"": -20.240522574439208, ""elevation"": 0.0}, {""range"": 0.8147419048202799, ""doppler"": 0.0, ""angle"": 3.472793568595462, ""elevation"": 0.0}, {""range"": 0.7636591098794354, ""doppler"": 0.0, ""angle"": 4.055029466067392, ""elevation"": 0.0}, {""range"": 0.8288763647665632, ""doppler"": 0.0, ""angle"": 4.193936241465981, ""elevation"": 0.0}, {""range"": 0.8447269051310832, ""doppler"": 0.0, ""angle"": 3.9205694439158556, ""elevation"": 0.0}, {""range"": 2.939307326116756, ""doppler"": 0.0, ""angle"": 21.068041811084324, ""elevation"": 0.0}, {""range"": 1.8848714730225913, ""doppler"": 0.0, ""angle"": 51.44375612086998, ""elevation"": 0.0}, {""range"": 1.9123122423727223, ""doppler"": 0.0, ""angle"": 49.178465454352086, ""elevation"": 0.0}]",1785099401219.7913
7,"[{""range"": 1.1839895114190375, ""doppler"": 0.0, ""angle"": -7.070278251264739, ""elevation"": 0.0}, {""range"": 0.8154848831167736, ""doppler"": 0.0, ""angle"": 0.8669094512104082, ""elevation"": 0.0}, {""range"": 0.8248170644351351, ""doppler"": 0.0, ""angle"": 2.2985533098279944, ""elevation"": 0.0}, {""range"": 0.8412943442515063, ""doppler"": 0.0, ""angle"": 5.525194079283678, ""elevation"": 0.0}, {""range"": 1.884823202152509, ""doppler"": 0.0, ""angle"": 51.53289458781289, ""elevation"": 0.0}, {""range"": 1.9009277666772024, ""doppler"": 0.0, ""angle"": 50.458036767037385, ""elevation"": 0.0}, {""range"": 2.7507858891916714, ""doppler"": 0.0, ""angle"": 46.03770084504328, ""elevation"": 0.0}]",1785099401313.8188
1,"[{""range"": 2.0081968753572577, ""doppler"": 0.0, ""angle"": 38.11481838846824, ""elevation"": 0.0}]",1785099401409.561
3,"[{""range"": 0.8210890731305066, ""doppler"": 0.0, ""angle"": 15.446632867376378, ""elevation"": 0.0}, {""range"": 0.8327195205949525, ""doppler"": 0.0, ""angle"": 17.637334150957322, ""elevation"": 0.0}, {""range"": 0.8577559796748735, ""doppler"": 0.0, ""angle"": 15.06760096011301, ""elevation"": 0.0}]",1785099401523.5012
3,"[{""range"": 0.8126016819353512, ""doppler"": 0.0, ""angle"": 7.739613403936518, ""elevation"": 0.0}, {""range"": 0.8186014029329843, ""doppler"": 0.0, ""angle"": 10.382087083646976, ""elevation"": 0.0}, {""range"": 0.8421101703999059, ""doppler"": 0.0, ""angle"": 16.087444355947007, ""elevation"": 0.0}]",1785099401619.476
5,"[{""range"": 1.011871384033575, ""doppler"": 0.0, ""angle"": -59.94617509777334, ""elevation"": 0.0}, {""range"": 0.8188579466883489, ""doppler"": 0.0, ""angle"": -22.656437536325672, ""elevation"": 0.0}, {""range"": 0.8340435879720604, ""doppler"": 0.0, ""angle"": 22.953421172608696, ""elevation"": 0.0}, {""range"": 1.8771213663683677, ""doppler"": 0.0, ""angle"": 50.946383228670314, ""elevation"": 0.0}, {""range"": 1.8937539834016923, ""doppler"": 0.0, ""angle"": 56.91013343988886, ""elevation"": 0.0}]",1785099401713.7249
8,"[{""range"": 1.1809230982537025, ""doppler"": 0.0, ""angle"": -9.104326302796272, ""elevation"": 0.0}, {""range"": 0.8144442567599723, ""doppler"": 0.0, ""angle"": 10.179955526493128, ""elevation"": 0.0}, {""range"": 0.8612380974920568, ""doppler"": 0.0, ""angle"": 8.044302589909677, ""elevation"": 0.0}, {""range"": 0.8296615854201462, ""doppler"": 0.0, ""angle"": 11.66351593907983, ""elevation"": 0.0}, {""range"": 1.0748440147020428, ""doppler"": 0.0, ""angle"": 49.797785298637045, ""elevation"": 0.0}, {""range"": 1.8645727978582896, ""doppler"": 0.0, ""angle"": 47.17631679191294, ""elevation"": 0.0}, {""range"": 1.87730327804387, ""doppler"": 0.0, ""angle"": 45.76410425586525, ""elevation"": 0.0}, {""range"": 1.8932353326480638, ""doppler"": 0.0, ""angle"": 47.67571243940143, ""elevation"": 0.0}]",1785099401820.493
6,"[{""range"": 0.8115068279849607, ""doppler"": 0.0, ""angle"": -3.663749865435082, ""elevation"": 0.0}, {""range"": 0.8357568559226629, ""doppler"": 0.0, ""angle"": -4.872570832382849, ""elevation"": 0.0}, {""range"": 0.788449765711492, ""doppler"": 0.0, ""angle"": -0.701705013223484, ""elevation"": 0.0}, {""range"": 0.8062950306756922, ""doppler"": 0.0, ""angle"": -2.7329593084645976, ""elevation"": 0.0}, {""range"": 1.8804318529643802, ""doppler"": 0.0, ""angle"": 51.97497019755079, ""elevation"": 0.0}, {""range"": 1.8898976599882558, ""doppler"": 0.0, ""angle"": 62.02381697633288, ""elevation"": 0.0}]",1785099401920.7183
6,"[{""range"": 1.1805525079506733, ""doppler"": 0.0, ""angle"": -11.037616180819827, ""elevation"": 0.0}, {""range"": 0.8071665352932992, ""doppler"": 0.0, ""angle"": -6.270106915034947, ""elevation"": 0.0}, {""range"": 1.156505188640777, ""doppler"": 0.0, ""angle"": -7.721677012000849, ""elevation"": 0.0}, {""range"": 0.785700064557314, ""doppler"": 0.0, ""angle"": -1.708452295241549, ""elevation"": 0.0}, {""range"": 0.8004552193658041, ""doppler"": 0.0, ""angle"": -2.5607167165034372, ""elevation"": 0.0}, {""range"": 1.8995862087806927, ""doppler"": 0.0, ""angle"": 47.14763306644435, ""elevation"": 0.0}]",1785099402023.6711
11,"[{""range"": 1.1883155716443268, ""doppler"": 0.0, ""angle"": -8.236180690905087, ""elevation"": 0.0}, {""range"": 0.8647444822060053, ""doppler"": 0.0, ""angle"": -0.04739103924475062, ""elevation"": 0.0}, {""range"": 1.9141164389860197, ""doppler"": 0.0, ""angle"": -0.5620201696250626, ""elevation"": 0.0}, {""range"": 0.8105625386739689, ""doppler"": 0.0, ""angle"": 5.646450466184449, ""elevation"": 0.0}, {""range"": 0.8253006963584706, ""doppler"": 0.0, ""angle"": 8.56022958798781, ""elevation"": 0.0}, {""range"": 0.769391872803021, ""doppler"": 0.0, ""angle"": 12.046395231946407, ""elevation"": 0.0}, {""range"": 1.268172879071976, ""doppler"": 0.0, ""angle"": 17.81669142170984, ""elevation"": 0.0}, {""range"": 1.2332610897983967, ""doppler"": 0.0, ""angle"": 20.071825976785377, ""elevation"": 0.0}, {""range"": 1.0642677450367726, ""doppler"": 0.0, ""angle"": 48.548734640452395, ""elevation"": 0.0}, {""range"": 1.0795530356125533, ""doppler"": 0.0, ""angle"": 46.96660848899317, ""elevation"": 0.0}, {""range"": 1.8806783234029776, ""doppler"": 0.0, ""angle"": 47.658884394243415, ""elevation"": 0.0}]",1785099402119.5378
4,"[{""range"": 0.8095054533478204, ""doppler"": 0.0, ""angle"": -1.253066236650981, ""elevation"": 0.0}, {""range"": 0.8203986424825487, ""doppler"": 0.0, ""angle"": -0.04995271577695466, ""elevation"": 0.0}, {""range"": 0.8518697520347158, ""doppler"": 0.0, ""angle"": 0.03608046091909238, ""elevation"": 0.0}, {""range"": 0.9025056001824068, ""doppler"": 0.0, ""angle"": 1.2374690576702145, ""elevation"": 0.0}]",1785099402213.823
5,"[{""range"": 0.7877395765555241, ""doppler"": 0.0, ""angle"": -2.237588251688727, ""elevation"": 0.0}, {""range"": 0.8035705824167405, ""doppler"": 0.0, ""angle"": -2.3848824764872405, ""elevation"": 0.0}, {""range"": 0.8148018687430704, ""doppler"": 0.0, ""angle"": -1.0059682524480058, ""elevation"": 0.0}, {""range"": 0.8470565551178079, ""doppler"": 0.0, ""angle"": 2.904081465719198, ""elevation"": 0.0}, {""range"": 0.9529872818648398, ""doppler"": 0.0, ""angle"": 46.62702427138506, ""elevation"": 0.0}]",1785099402323.82
3,"[{""range"": 0.8082394776617073, ""doppler"": 0.0, ""angle"": -0.06338026121989727, ""elevation"": 0.0}, {""range"": 0.8139924544451017, ""doppler"": 0.0, ""angle"": 0.5034648931166246, ""elevation"": 0.0}, {""range"": 2.0167777366025432, ""doppler"": 0.0, ""angle"": 42.930488350840506, ""elevation"": 0.0}]",1785099402423.6338
5,"[{""range"": 0.8027914063646732, ""doppler"": 0.0, ""angle"": -3.319996939476824, ""elevation"": 0.0}, {""range"": 2.747301581590936, ""doppler"": 0.0, ""angle"": 41.5223589000024, ""elevation"": 0.0}, {""range"": 1.876807655061944, ""doppler"": 0.0, ""angle"": 51.992395224476475, ""elevation"": 0.0}, {""range"": 2.018991964992176, ""doppler"": 0.0, ""angle"": 44.38640923505796, ""elevation"": 0.0}, {""range"": 1.9004451609094282, ""doppler"": 0.0, ""angle"": 55.00003015120379, ""elevation"": 0.0}]",1785099402520.2717
6,"[{""range"": 0.6335668139296387, ""doppler"": 0.0, ""angle"": -30.90829112876738, ""elevation"": 0.0}, {""range"": 0.666054902713476, ""doppler"": 0.0, ""angle"": -33.94604101064945, ""elevation"": 0.0}, {""range"": 0.7741503694961495, ""doppler"": 0.0, ""angle"": -5.420883788443633, ""elevation"": 0.0}, {""range"": 0.790688629589763, ""doppler"": 0.0, ""angle"": -3.82527972521438, ""elevation"": 0.0}, {""range"": 0.8046294046505262, ""doppler"": 0.0, ""angle"": -5.099900525430728, ""elevation"": 0.0}, {""range"": 0.857454785929746, ""doppler"": 0.0, ""angle"": -2.677434490217434, ""elevation"": 0.0}]",1785099402624.047
6,"[{""range"": 0.7100135958552796, ""doppler"": 0.0, ""angle"": -37.24218654623659, ""elevation"": 0.0}, {""range"": 0.7339154740593795, ""doppler"": 0.0, ""angle"": -39.74122597137271, ""elevation"": 0.0}, {""range"": 0.8084008884939846, ""doppler"": 0.0, ""angle"": 2.9288581996931056, ""elevation"": 0.0}, {""range"": 0.8102075347451041, ""doppler"": 0.0, ""angle"": 0.1138074017757447, ""elevation"": 0.0}, {""range"": 0.8364756450341252, ""doppler"": 0.0, ""angle"": -2.0213649403560154, ""elevation"": 0.0}, {""range"": 1.8778084248413665, ""doppler"": 0.0, ""angle"": 49.90172824722414, ""elevation"": 0.0}]",1785099402714.122
7,"[{""range"": 0.7923290829473558, ""doppler"": 0.0, ""angle"": -2.988321298490964, ""elevation"": 0.0}, {""range"": 0.8229310224458171, ""doppler"": 0.0, ""angle"": 3.4132494282146935, ""elevation"": 0.0}, {""range"": 0.8386641927136934, ""doppler"": 0.0, ""angle"": 1.7349645532863975, ""elevation"": 0.0}, {""range"": 0.81449289744587, ""doppler"": 0.0, ""angle"": 3.9780730543410936, ""elevation"": 0.0}, {""range"": 2.0203046328062313, ""doppler"": 0.0, ""angle"": 41.3004182989367, ""elevation"": 0.0}, {""range"": 2.052079936807391, ""doppler"": 0.0, ""angle"": 39.430973044754026, ""elevation"": 0.0}, {""range"": 2.0935319930600804, ""doppler"": 0.0, ""angle"": 40.226012894834646, ""elevation"": 0.0}]",1785099402819.889
8,"[{""range"": 0.8607611176109828, ""doppler"": 0.0, ""angle"": -44.21725047896074, ""elevation"": 0.0}, {""range"": 1.1480630253496256, ""doppler"": 0.0, ""angle"": -6.968945701328955, ""elevation"": 0.0}, {""range"": 0.7892886761477781, ""doppler"": 0.0, ""angle"": 0.18172592283511527, ""elevation"": 0.0}, {""range"": 0.8037369488993534, ""doppler"": 0.0, ""angle"": -1.0963141248842403, ""elevation"": 0.0}, {""range"": 0.8103202374756161, ""doppler"": 0.0, ""angle"": -2.5928023026781504, ""elevation"": 0.0}, {""range"": 0.8543443480405519, ""doppler"": 0.0, ""angle"": -2.5791475002834177, ""elevation"": 0.0}, {""range"": 2.9305674076698267, ""doppler"": 0.0, ""angle"": 14.678969853585867, ""elevation"": 0.0}, {""range"": 1.8797491128370336, ""doppler"": 0.0, ""angle"": 48.30082978776706, ""elevation"": 0.0}]",1785099402920.6099
10,"[{""range"": 0.9602070684264111, ""doppler"": 0.0, ""angle"": -20.402440947648117, ""elevation"": 0.0}, {""range"": 0.9897061960132413, ""doppler"": 0.0, ""angle"": -18.94562788328513, ""elevation"": 0.0}, {""range"": 1.1845870364985318, ""doppler"": 0.0, ""angle"": -11.996899307923579, ""elevation"": 0.0}, {""range"": 1.1514527359236564, ""doppler"": 0.0, ""angle"": -9.926026393953274, ""elevation"": 0.0}, {""range"": 1.2263947786998033, ""doppler"": 0.0, ""angle"": -9.771335712866197, ""elevation"": 0.0}, {""range"": 0.785326086043712, ""doppler"": 0.0, ""angle"": 1.1350673409102974, ""elevation"": 0.0}, {""range"": 0.800772901206829, ""doppler"": 0.0, ""angle"": -0.6013405001072257, ""elevation"": 0.0}, {""range"": 0.821497389839708, ""doppler"": 0.0, ""angle"": -2.120634806680935, ""elevation"": 0.0}, {""range"": 1.8783636017304992, ""doppler"": 0.0, ""angle"": 50.70982560170533, ""elevation"": 0.0}, {""range"": 1.8948777712316247, ""doppler"": 0.0, ""angle"": 58.10522958670701, ""elevation"": 0.0}]",1785099403020.5571
10,"[{""range"": 0.9812215993669094, ""doppler"": 0.0, ""angle"": -27.64377315369906, ""elevation"": 0.0}, {""range"": 1.0097623979684274, ""doppler"": 0.0, ""angle"": -21.722276924383277, ""elevation"": 0.0}, {""range"": 1.1476391978665255, ""doppler"": 0.0, ""angle"": -7.8447747104147725, ""elevation"": 0.0}, {""range"": 1.1793687915911908, ""doppler"": 0.0, ""angle"": -6.031286410601312, ""elevation"": 0.0}, {""range"": 0.7908472951430627, ""doppler"": 0.0, ""angle"": 1.6066081168701885, ""elevation"": 0.0}, {""range"": 0.8069269787277714, ""doppler"": 0.0, ""angle"": 2.8706477634436176, ""elevation"": 0.0}, {""range"": 0.8517415248612729, ""doppler"": 0.0, ""angle"": 0.6255011905944771, ""elevation"": 0.0}, {""range"": 0.8142112986594389, ""doppler"": 0.0, ""angle"": 4.05513553573041, ""elevation"": 0.0}, {""range"": 1.8784649679153465, ""doppler"": 0.0, ""angle"": 48.90591547106366, ""elevation"": 0.0}, {""range"": 1.8923710972851144, ""doppler"": 0.0, ""angle"": 54.80218070433842, ""elevation"": 0.0}]",1785099403120.4841
10,"[{""range"": 0.9147959575673789, ""doppler"": 0.0, ""angle"": -4.226053198051881, ""elevation"": 0.0}, {""range"": 0.9567411441470247, ""doppler"": 0.0, ""angle"": -5.136258655109955, ""elevation"": 0.0}, {""range"": 1.1545322838885606, ""doppler"": 0.0, ""angle"": -7.985780796633317, ""elevation"": 0.0}, {""range"": 1.1773004738164268, ""doppler"": 0.0, ""angle"": -7.865501236754262, ""elevation"": 0.0}, {""range"": 0.7932792764853394, ""doppler"": 0.0, ""angle"": -1.4078879287647899, ""elevation"": 0.0}, {""range"": 0.8134862204938115, ""doppler"": 0.0, ""angle"": 0.7052982162930901, ""elevation"": 0.0}, {""range"": 0.8272651730472523, ""doppler"": 0.0, ""angle"": 0.7554777343993427, ""elevation"": 0.0}, {""range"": 0.8612407520050606, ""doppler"": 0.0, ""angle"": -2.451315092103419, ""elevation"": 0.0}, {""range"": 0.9883950046148812, ""doppler"": 0.0, ""angle"": -1.3372807436669676, ""elevation"": 0.0}, {""range"": 1.8757280417996325, ""doppler"": 0.0, ""angle"": 49.88391983193964, ""elevation"": 0.0}]",1785099403219.736
9,"[{""range"": 1.7864041850392445, ""doppler"": 0.0, ""angle"": -28.66355452705137, ""elevation"": 0.0}, {""range"": 0.8765551166505751, ""doppler"": 0.0, ""angle"": -5.678028808795205, ""elevation"": 0.0}, {""range"": 0.9112448096298703, ""doppler"": 0.0, ""angle"": -9.57876937040205, ""elevation"": 0.0}, {""range"": 0.9326555821315192, ""doppler"": 0.0, ""angle"": -4.167012781186968, ""elevation"": 0.0}, {""range"": 1.1644154849267299, ""doppler"": 0.0, ""angle"": -6.879464511502678, ""elevation"": 0.0}, {""range"": 1.1819812874475903, ""doppler"": 0.0, ""angle"": -6.698189986271168, ""elevation"": 0.0}, {""range"": 0.8394949154031085, ""doppler"": 0.0, ""angle"": 1.9774574981964903, ""elevation"": 0.0}, {""range"": 0.8187704363802368, ""doppler"": 0.0, ""angle"": 10.023926705908966, ""elevation"": 0.0}, {""range"": 1.8776513819585798, ""doppler"": 0.0, ""angle"": 50.32437326609113, ""elevation"": 0.0}]",1785099403324.016
7,"[{""range"": 1.1851662925509125, ""doppler"": 0.0, ""angle"": -15.202046009941082, ""elevation"": 0.0}, {""range"": 0.7925776104599979, ""doppler"": 0.0, ""angle"": -1.4479262459891817, ""elevation"": 0.0}, {""range"": 0.8128138001341686, ""doppler"": 0.0, ""angle"": -1.512741169150386, ""elevation"": 0.0}, {""range"": 0.8222541544255606, ""doppler"": 0.0, ""angle"": -0.7351599559199334, ""elevation"": 0.0}, {""range"": 0.8394170224609194, ""doppler"": 0.0, ""angle"": -1.3793250148124014, ""elevation"": 0.0}, {""range"": 2.024776219855221, ""doppler"": 0.0, ""angle"": 39.17583722427635, ""elevation"": 0.0}, {""range"": 1.8770630248551459, ""doppler"": 0.0, ""angle"": 53.56129994647088, ""elevation"": 0.0}]",1785099403423.929
10,"[{""range"": 0.780225767717133, ""doppler"": 0.0, ""angle"": -22.403705036841895, ""elevation"": 0.0}, {""range"": 1.163716976922575, ""doppler"": 0.0, ""angle"": -8.821129536045218, ""elevation"": 0.0}, {""range"": 1.181929807231339, ""doppler"": 0.0, ""angle"": -10.74212748077841, ""elevation"": 0.0}, {""range"": 0.8114604710327156, ""doppler"": 0.0, ""angle"": -0.15150898007865649, ""elevation"": 0.0}, {""range"": 0.822377706366699, ""doppler"": 0.0, ""angle"": 2.09343064337309, ""elevation"": 0.0}, {""range"": 0.8433374913959467, ""doppler"": 0.0, ""angle"": 2.1386322040746366, ""elevation"": 0.0}, {""range"": 0.8882849234644922, ""doppler"": 0.0, ""angle"": -1.4764873752995555, ""elevation"": 0.0}, {""range"": 2.0123884142080004, ""doppler"": 0.0, ""angle"": 36.33430544088024, ""elevation"": 0.0}, {""range"": 1.881349908738046, ""doppler"": 0.0, ""angle"": 46.012786215598716, ""elevation"": 0.0}, {""range"": 1.9102778387024388, ""doppler"": 0.0, ""angle"": 45.21995888841795, ""elevation"": 0.0}]",1785099403523.701
5,"[{""range"": 0.7989045187674614, ""doppler"": 0.0, ""angle"": 2.6555529076219275, ""elevation"": 0.0}, {""range"": 0.826583788837429, ""doppler"": 0.0, ""angle"": 4.553658637528625, ""elevation"": 0.0}, {""range"": 0.836617429283124, ""doppler"": 0.0, ""angle"": 4.842966278429615, ""elevation"": 0.0}, {""range"": 2.144276525843308, ""doppler"": 0.0, ""angle"": 32.69216423058688, ""elevation"": 0.0}, {""range"": 2.1147345555712103, ""doppler"": 0.0, ""angle"": 36.105379116658085, ""elevation"": 0.0}]",1785099403620.668
7,"[{""range"": 1.9570990368034065, ""doppler"": 0.0, ""angle"": -43.226623101186355, ""elevation"": 0.0}, {""range"": 0.7852154967614983, ""doppler"": 0.0, ""angle"": 2.5190243077581473, ""elevation"": 0.0}, {""range"": 0.8127233374997109, ""doppler"": 0.0, ""angle"": 1.2481040791978464, ""elevation"": 0.0}, {""range"": 0.8204120690023586, ""doppler"": 0.0, ""angle"": 2.0984485658577343, ""elevation"": 0.0}, {""range"": 0.8288517917297348, ""doppler"": 0.0, ""angle"": 4.652778560710088, ""elevation"": 0.0}, {""range"": 2.11032858375012, ""doppler"": 0.0, ""angle"": 39.89197312443607, ""elevation"": 0.0}, {""range"": 2.125926919260586, ""doppler"": 0.0, ""angle"": 39.635268811576864, ""elevation"": 0.0}]",1785099403720.605
8,"[{""range"": 0.7912545689028249, ""doppler"": 0.0, ""angle"": 0.15537800422688727, ""elevation"": 0.0}, {""range"": 0.814360198492995, ""doppler"": 0.0, ""angle"": 0.5787255656077621, ""elevation"": 0.0}, {""range"": 0.8222781663662446, ""doppler"": 0.0, ""angle"": 1.8942091733485924, ""elevation"": 0.0}, {""range"": 0.8347997611368603, ""doppler"": 0.0, ""angle"": 3.032783778799632, ""elevation"": 0.0}, {""range"": 1.1940952471655686, ""doppler"": 0.0, ""angle"": -2.780997320411274, ""elevation"": 0.0}, {""range"": 1.2202061632471277, ""doppler"": 0.0, ""angle"": -2.755065913458165, ""elevation"": 0.0}, {""range"": 2.027020121207244, ""doppler"": 0.0, ""angle"": 40.59252309278992, ""elevation"": 0.0}, {""range"": 2.051717791476525, ""doppler"": 0.0, ""angle"": 36.36954107392743, ""elevation"": 0.0}]",1785099403820.044
8,"[{""range"": 0.8055567741394043, ""doppler"": 0.0, ""angle"": 0.0, ""elevation"": 0.0}, {""range"": 0.8180737495422363, ""doppler"": 0.0, ""angle"": 0.0, ""elevation"": 0.0}, {""range"": 0.8413397984700648, ""doppler"": 0.0, ""angle"": 1.7172625335870713, ""elevation"": 0.0}, {""range"": 2.0268525696529887, ""doppler"": 0.0, ""angle"": 39.75638406684672, ""elevation"": 0.0}, {""range"": 2.045749510010161, ""doppler"": 0.0, ""angle"": 37.25652460310634, ""elevation"": 0.0}, {""range"": 0.7500719593693932, ""doppler"": 0.0, ""angle"": 45.48292669165736, ""elevation"": 0.0}, {""range"": 1.8767048193211788, ""doppler"": 0.0, ""angle"": 50.93606458832901, ""elevation"": 0.0}, {""range"": 1.893881218069095, ""doppler"": 0.0, ""angle"": 66.36597591214574, ""elevation"": 0.0}]",1785099403920.2812
2,"[{""range"": 0.31866153246162204, ""doppler"": 0.0, ""angle"": -12.476498734476209, ""elevation"": 0.0}, {""range"": 2.0163829439205454, ""doppler"": 0.0, ""angle"": 43.04512432760593, ""elevation"": 0.0}]",1785099404009.6052
4,"[{""range"": 0.8100612464247569, ""doppler"": 0.0, ""angle"": -2.150587109743764, ""elevation"": 0.0}, {""range"": 0.8966391298565719, ""doppler"": 0.0, ""angle"": 7.275246113922022, ""elevation"": 0.0}, {""range"": 0.8575367639070862, ""doppler"": 0.0, ""angle"": 16.125916477550703, ""elevation"": 0.0}, {""range"": 2.0180871310994677, ""doppler"": 0.0, ""angle"": 38.85326452025782, ""elevation"": 0.0}]",1785099404104.096
3,"[{""range"": 0.8092207755699371, ""doppler"": 0.0, ""angle"": -4.257905909085268, ""elevation"": 0.0}, {""range"": 0.8143839327780781, ""doppler"": 0.0, ""angle"": -6.0498322636925765, ""elevation"": 0.0}, {""range"": 0.8383768493997388, ""doppler"": 0.0, ""angle"": -8.166395033818556, ""elevation"": 0.0}]",1785099404219.864
3,"[{""range"": 0.8089602665271878, ""doppler"": 0.0, ""angle"": 2.419687434469828, ""elevation"": 0.0}, {""range"": 1.2058521538206126, ""doppler"": 0.0, ""angle"": 25.216046658562398, ""elevation"": 0.0}, {""range"": 1.2263520591728994, ""doppler"": 0.0, ""angle"": 23.98623992555196, ""elevation"": 0.0}]",1785099404324.03
7,"[{""range"": 0.47555531375622945, ""doppler"": 0.0, ""angle"": -24.03029977653283, ""elevation"": 0.0}, {""range"": 0.4792622092423512, ""doppler"": 0.0, ""angle"": -24.700488129625725, ""elevation"": 0.0}, {""range"": 1.1774652229785674, ""doppler"": 0.0, ""angle"": -5.6387321101635814, ""elevation"": 0.0}, {""range"": 0.8087902699752121, ""doppler"": 0.0, ""angle"": 7.341842428753527, ""elevation"": 0.0}, {""range"": 0.8216509816430904, ""doppler"": 0.0, ""angle"": 11.231679644126276, ""elevation"": 0.0}, {""range"": 1.0865415775198886, ""doppler"": 0.0, ""angle"": 54.437111233608576, ""elevation"": 0.0}, {""range"": 1.0921917196978064, ""doppler"": 0.0, ""angle"": 57.007199213396824, ""elevation"": 0.0}]",1785099404420.217
1,"[{""range"": 1.8381621668581862, ""doppler"": 0.0, ""angle"": -2.3639007676353425, ""elevation"": 0.0}]",1785099404513.664
5,"[{""range"": 1.82731492322336, ""doppler"": 0.0, ""angle"": -27.71101456805483, ""elevation"": 0.0}, {""range"": 0.8039428550764609, ""doppler"": 0.0, ""angle"": 2.4092874025110746, ""elevation"": 0.0}, {""range"": 0.8114813940479342, ""doppler"": 0.0, ""angle"": 4.359972368154217, ""elevation"": 0.0}, {""range"": 0.850308109314797, ""doppler"": 0.0, ""angle"": 4.74062772209255, ""elevation"": 0.0}, {""range"": 1.9088623421749777, ""doppler"": 0.0, ""angle"": 50.786120412814235, ""elevation"": 0.0}]",1785099404609.681
5,"[{""range"": 0.7905869601524834, ""doppler"": 0.0, ""angle"": -0.6479680709176766, ""elevation"": 0.0}, {""range"": 0.8082468952365579, ""doppler"": 0.0, ""angle"": 0.2535194937720237, ""elevation"": 0.0}, {""range"": 0.8146989698240786, ""doppler"": 0.0, ""angle"": 0.4275725068334077, ""elevation"": 0.0}, {""range"": 0.8314849676624241, ""doppler"": 0.0, ""angle"": 0.03696501391201151, ""elevation"": 0.0}, {""range"": 2.0089772578375285, ""doppler"": 0.0, ""angle"": 50.05143135040734, ""elevation"": 0.0}]",1785099404709.894
4,"[{""range"": 0.8034043207788212, ""doppler"": 0.0, ""angle"": -1.1860521737172987, ""elevation"": 0.0}, {""range"": 0.8100496614238324, ""doppler"": 0.0, ""angle"": -1.277525878296919, ""elevation"": 0.0}, {""range"": 1.8794631199385081, ""doppler"": 0.0, ""angle"": 47.14363727595357, ""elevation"": 0.0}, {""range"": 2.0068437298634025, ""doppler"": 0.0, ""angle"": 44.41157559590706, ""elevation"": 0.0}]",1785099404810.6948
