num_points,points,timestamp_ms
9,"[{""range"": 0.8527497232734881, ""doppler"": 0.0, ""angle"": -4.052233121976142, ""elevation"": 0.0}, {""range"": 0.8664236136321749, ""doppler"": 0.0, ""angle"": -4.260853295962702, ""elevation"": 0.0}, {""range"": 0.8346090533077511, ""doppler"": 0.0, ""angle"": -3.2424752236711023, ""elevation"": 0.0}, {""range"": 0.892818421752026, ""doppler"": 0.0, ""angle"": -0.05737608688254767, ""elevation"": 0.0}, {""range"": 0.9275914545335611, ""doppler"": 0.0, ""angle"": 6.608531238641478, ""elevation"": 0.0}, {""range"": 1.0120104429788408, ""doppler"": 0.0, ""angle"": 20.79183874154808, ""elevation"": 0.0}, {""range"": 1.0748982587491176, ""doppler"": 0.0, ""angle"": 24.910943853823124, ""elevation"": 0.0}, {""range"": 1.0915132549388777, ""doppler"": 0.0, ""angle"": 24.331316287438444, ""elevation"": 0.0}, {""range"": 1.105951101546445, ""doppler"": 0.0, ""angle"": 24.186350913288, ""elevation"": 0.0}]",1785085408727.8762
8,"[{""range"": 0.8630640474732323, ""doppler"": 0.0, ""angle"": -10.807064916112216, ""elevation"": 0.0}, {""range"": 0.8318219923965301, ""doppler"": 0.0, ""angle"": -4.883314578019521, ""elevation"": 0.0}, {""range"": 0.8395315740055032, ""doppler"": 0.0, ""angle"": -6.260679836672985, ""elevation"": 0.0}, {""range"": 0.9519159248023664, ""doppler"": 0.0, ""angle"": 15.414648197357959, ""elevation"": 0.0}, {""range"": 0.9769703814013804, ""doppler"": 0.0, ""angle"": 12.16140815124259, ""elevation"": 0.0}, {""range"": 0.9249173007507802, ""doppler"": 0.0, ""angle"": 24.171682929277164, ""elevation"": 0.0}, {""range"": 1.1170620400171642, ""doppler"": 0.0, ""angle"": 29.983778228767452, ""elevation"": 0.0}, {""range"": 1.1272361492385565, ""doppler"": 0.0, ""angle"": 30.832823480731797, ""elevation"": 0.0}]",1785085408728.0151
9,"[{""range"": 0.8534338760603882, ""doppler"": 0.0, ""angle"": -4.349906955857755, ""elevation"": 0.0}, {""range"": 0.8430970055760436, ""doppler"": 0.0, ""angle"": -3.7211160884687065, ""elevation"": 0.0}, {""range"": 0.8387866044980203, ""doppler"": 0.0, ""angle"": -3.3119492850322962, ""elevation"": 0.0}, {""range"": 0.9531185274049299, ""doppler"": 0.0, ""angle"": -3.5495136492732713, ""elevation"": 0.0}, {""range"": 0.8862053943822118, ""doppler"": 0.0, ""angle"": 7.466297614596689, ""elevation"": 0.0}, {""range"": 1.101179124411475, ""doppler"": 0.0, ""angle"": 16.257227453539866, ""elevation"": 0.0}, {""range"": 1.1173683429263428, ""doppler"": 0.0, ""angle"": 20.29097270329947, ""elevation"": 0.0}, {""range"": 1.0195331714872693, ""doppler"": 0.0, ""angle"": 31.853060666903087, ""elevation"": 0.0}, {""range"": 1.0577020609409373, ""doppler"": 0.0, ""angle"": 31.67476716858982, ""elevation"": 0.0}]",1785085408728.301
9,"[{""range"": 0.862855518574437, ""doppler"": 0.0, ""angle"": -4.4333108505253, ""elevation"": 0.0}, {""range"": 0.8757070635847943, ""doppler"": 0.0, ""angle"": -4.0631109102498355, ""elevation"": 0.0}, {""range"": 0.8393742449246655, ""doppler"": 0.0, ""angle"": -3.3707611797853883, ""elevation"": 0.0}, {""range"": 0.8972181375508577, ""doppler"": 0.0, ""angle"": -1.4503607882311875, ""elevation"": 0.0}, {""range"": 0.9245130195503595, ""doppler"": 0.0, ""angle"": 0.5651818138530471, ""elevation"": 0.0}, {""range"": 1.0175245376827289, ""doppler"": 0.0, ""angle"": 32.87739612810414, ""elevation"": 0.0}, {""range"": 1.04834894886792, ""doppler"": 0.0, ""angle"": 28.38349281833826, ""elevation"": 0.0}, {""range"": 1.0981732250959153, ""doppler"": 0.0, ""angle"": 27.69162559875946, ""elevation"": 0.0}, {""range"": 1.1420587854348554, ""doppler"": 0.0, ""angle"": 33.886626012371735, ""elevation"": 0.0}]",1785085408728.737
9,"[{""range"": 0.8377190647981003, ""doppler"": 0.0, ""angle"": -5.143495402471724, ""elevation"": 0.0}, {""range"": 0.8585209132609658, ""doppler"": 0.0, ""angle"": -4.850852828223489, ""elevation"": 0.0}, {""range"": 0.8645348237764034, ""doppler"": 0.0, ""angle"": -4.008783405227607, ""elevation"": 0.0}, {""range"": 0.8813764761621311, ""doppler"": 0.0, ""angle"": 1.1624983189362548, ""elevation"": 0.0}, {""range"": 0.9444835723784346, ""doppler"": 0.0, ""angle"": 17.1896591098454, ""elevation"": 0.0}, {""range"": 1.1113232071961185, ""doppler"": 0.0, ""angle"": 15.635144408343573, ""elevation"": 0.0}, {""range"": 0.9969359865161476, ""doppler"": 0.0, ""angle"": 21.396836213216872, ""elevation"": 0.0}, {""range"": 1.0649105438169082, ""doppler"": 0.0, ""angle"": 23.293335956193808, ""elevation"": 0.0}, {""range"": 1.1059641982628243, ""doppler"": 0.0, ""angle"": 18.915380749274547, ""elevation"": 0.0}]",1785085408729.511
9,"[{""range"": 0.8600340170250372, ""doppler"": 0.0, ""angle"": -3.015291964000916, ""elevation"": 0.0}, {""range"": 0.8763679677767797, ""doppler"": 0.0, ""angle"": -3.2751565546267334, ""elevation"": 0.0}, {""range"": 0.8965224952495018, ""doppler"": 0.0, ""angle"": -3.5677802126970564, ""elevation"": 0.0}, {""range"": 0.9220355474477927, ""doppler"": 0.0, ""angle"": -1.3335115503212334, ""elevation"": 0.0}, {""range"": 1.0236022613739857, ""doppler"": 0.0, ""angle"": 19.077485459282236, ""elevation"": 0.0}, {""range"": 1.0668740197946536, ""doppler"": 0.0, ""angle"": 18.802399624506847, ""elevation"": 0.0}, {""range"": 1.0948373596942578, ""doppler"": 0.0, ""angle"": 21.973442275570754, ""elevation"": 0.0}, {""range"": 1.1396889552964984, ""doppler"": 0.0, ""angle"": 28.57960958543812, ""elevation"": 0.0}, {""range"": 1.169991651671196, ""doppler"": 0.0, ""angle"": 32.359033449002105, ""elevation"": 0.0}]",1785085408729.734
8,"[{""range"": 0.8498950303201631, ""doppler"": 0.0, ""angle"": -12.40459295501745, ""elevation"": 0.0}, {""range"": 0.8200318322594048, ""doppler"": 0.0, ""angle"": -4.6277224368665, ""elevation"": 0.0}, {""range"": 0.8281923488802795, ""doppler"": 0.0, ""angle"": -3.280015459259161, ""elevation"": 0.0}, {""range"": 0.9311056361258275, ""doppler"": 0.0, ""angle"": 1.1884473147241512, ""elevation"": 0.0}, {""range"": 0.9279154022343402, ""doppler"": 0.0, ""angle"": 9.640208105414452, ""elevation"": 0.0}, {""range"": 1.071736348209348, ""doppler"": 0.0, ""angle"": 24.705035647237167, ""elevation"": 0.0}, {""range"": 1.0325863743991306, ""doppler"": 0.0, ""angle"": 31.683553369001388, ""elevation"": 0.0}, {""range"": 1.0455356400906641, ""doppler"": 0.0, ""angle"": 28.055194447591372, ""elevation"": 0.0}]",1785085408729.877
7,"[{""range"": 0.864365214528999, ""doppler"": 0.0, ""angle"": -4.496886076138618, ""elevation"": 0.0}, {""range"": 0.880500584426287, ""doppler"": 0.0, ""angle"": -4.9163166955607815, ""elevation"": 0.0}, {""range"": 0.9172611924608165, ""doppler"": 0.0, ""angle"": -6.570848844540821, ""elevation"": 0.0}, {""range"": 0.8296660752148752, ""doppler"": 0.0, ""angle"": -2.000893399682404, ""elevation"": 0.0}, {""range"": 0.8505324024448572, ""doppler"": 0.0, ""angle"": -3.0007584232569884, ""elevation"": 0.0}, {""range"": 1.1044265582581274, ""doppler"": 0.0, ""angle"": 17.20571503453632, ""elevation"": 0.0}, {""range"": 1.1245176000605381, ""doppler"": 0.0, ""angle"": 21.178800906789785, ""elevation"": 0.0}]",1785085408729.94
8,"[{""range"": 0.8294991849654401, ""doppler"": 0.0, ""angle"": -4.104096450195317, ""elevation"": 0.0}, {""range"": 0.8635250924429495, ""doppler"": 0.0, ""angle"": -3.335805564108068, ""elevation"": 0.0}, {""range"": 0.8815845774868856, ""doppler"": 0.0, ""angle"": -2.057437313146945, ""elevation"": 0.0}, {""range"": 0.8990799470210293, ""doppler"": 0.0, ""angle"": -0.15953437553969468, ""elevation"": 0.0}, {""range"": 0.9251945108866463, ""doppler"": 0.0, ""angle"": 1.971499401058948, ""elevation"": 0.0}, {""range"": 1.0716029063316304, ""doppler"": 0.0, ""angle"": 11.668061589082198, ""elevation"": 0.0}, {""range"": 1.0997083419674933, ""doppler"": 0.0, ""angle"": 18.29942841246326, ""elevation"": 0.0}, {""range"": 1.1189276189551132, ""doppler"": 0.0, ""angle"": 25.00472407155114, ""elevation"": 0.0}]",1785085408729.99
5,"[{""range"": 0.8349974521747586, ""doppler"": 0.0, ""angle"": -3.486785874533625, ""elevation"": 0.0}, {""range"": 0.8585531842475986, ""doppler"": 0.0, ""angle"": -1.3724488283469347, ""elevation"": 0.0}, {""range"": 0.8692218918127034, ""doppler"": 0.0, ""angle"": 0.23573526522556668, ""elevation"": 0.0}, {""range"": 0.8820868181228676, ""doppler"": 0.0, ""angle"": 1.626293821782679, ""elevation"": 0.0}, {""range"": 0.9205109656137138, ""doppler"": 0.0, ""angle"": 4.356023763134123, ""elevation"": 0.0}]",1785085408730.03
4,"[{""range"": 0.8603475013242062, ""doppler"": 0.0, ""angle"": -2.453861711845938, ""elevation"": 0.0}, {""range"": 0.8651783371879895, ""doppler"": 0.0, ""angle"": -3.1752320590139083, ""elevation"": 0.0}, {""range"": 0.8785987316951184, ""doppler"": 0.0, ""angle"": -2.7063434432870324, ""elevation"": 0.0}, {""range"": 1.0211504099879358, ""doppler"": 0.0, ""angle"": 29.810837183496655, ""elevation"": 0.0}]",1785085408730.065
6,"[{""range"": 0.8803941782267832, ""doppler"": 0.0, ""angle"": -5.103821115992171, ""elevation"": 0.0}, {""range"": 0.8271002724935669, ""doppler"": 0.0, ""angle"": -1.449432555268647, ""elevation"": 0.0}, {""range"": 0.8490659722754789, ""doppler"": 0.0, ""angle"": -1.351577198843202, ""elevation"": 0.0}, {""range"": 0.8569227173855103, ""doppler"": 0.0, ""angle"": -2.4158078737047504, ""elevation"": 0.0}, {""range"": 1.0733334224220816, ""doppler"": 0.0, ""angle"": 25.16048006041591, ""elevation"": 0.0}, {""range"": 1.0776862892241832, ""doppler"": 0.0, ""angle"": 27.04122953560898, ""elevation"": 0.0}]",1785085408730.0999
8,"[{""range"": 0.8680291623507163, ""doppler"": 0.0, ""angle"": -4.560744082655582, ""elevation"": 0.0}, {""range"": 0.8791892020974885, ""doppler"": 0.0, ""angle"": -3.614860114721576, ""elevation"": 0.0}, {""range"": 0.8887773159330323, ""doppler"": 0.0, ""angle"": -4.511871577890585, ""elevation"": 0.0}, {""range"": 0.926135507063336, ""doppler"": 0.0, ""angle"": -4.951053259916764, ""elevation"": 0.0}, {""range"": 1.0540695432094274, ""doppler"": 0.0, ""angle"": 24.965220656605307, ""elevation"": 0.0}, {""range"": 1.0652612884533146, ""doppler"": 0.0, ""angle"": 23.191013377322985, ""elevation"": 0.0}, {""range"": 1.073614780305151, ""doppler"": 0.0, ""angle"": 21.843938743017343, ""elevation"": 0.0}, {""range"": 1.1022502982672653, ""doppler"": 0.0, ""angle"": 23.429261380013184, ""elevation"": 0.0}]",1785085408730.1372
9,"[{""range"": 0.9342652979535689, ""doppler"": 0.0, ""angle"": -13.187774683897102, ""elevation"": 0.0}, {""range"": 0.864343943983636, ""doppler"": 0.0, ""angle"": -4.9132643875133635, ""elevation"": 0.0}, {""range"": 0.8749367816545921, ""doppler"": 0.0, ""angle"": -5.7944848928366826, ""elevation"": 0.0}, {""range"": 0.8837541284690106, ""doppler"": 0.0, ""angle"": -7.849749245033757, ""elevation"": 0.0}, {""range"": 1.0532648472213122, ""doppler"": 0.0, ""angle"": 23.100243009476053, ""elevation"": 0.0}, {""range"": 1.072392172319719, ""doppler"": 0.0, ""angle"": 22.46847580545432, ""elevation"": 0.0}, {""range"": 1.0827795748891509, ""doppler"": 0.0, ""angle"": 23.071863130955922, ""elevation"": 0.0}, {""range"": 1.1141347395235528, ""doppler"": 0.0, ""angle"": 26.910499580829832, ""elevation"": 0.0}, {""range"": 1.164538483861219, ""doppler"": 0.0, ""angle"": 34.919946447310835, ""elevation"": 0.0}]",1785085408730.18
10,"[{""range"": 0.8448266576266085, ""doppler"": 0.0, ""angle"": -4.187571070183977, ""elevation"": 0.0}, {""range"": 0.8719284463658598, ""doppler"": 0.0, ""angle"": -2.0684744214225796, ""elevation"": 0.0}, {""range"": 0.8821153090720354, ""doppler"": 0.0, ""angle"": -0.44135344769642265, ""elevation"": 0.0}, {""range"": 0.8902242875805949, ""doppler"": 0.0, ""angle"": 1.4041964132110343, ""elevation"": 0.0}, {""range"": 0.9118637225454685, ""doppler"": 0.0, ""angle"": 4.014372326624885, ""elevation"": 0.0}, {""range"": 0.9934342335864915, ""doppler"": 0.0, ""angle"": 16.35054659491936, ""elevation"": 0.0}, {""range"": 1.079823934153648, ""doppler"": 0.0, ""angle"": 21.773219683207945, ""elevation"": 0.0}, {""range"": 1.093151884286246, ""doppler"": 0.0, ""angle"": 22.07987163948751, ""elevation"": 0.0}, {""range"": 1.1184629060321551, ""doppler"": 0.0, ""angle"": 24.581928949017243, ""elevation"": 0.0}, {""range"": 1.1725190732183788, ""doppler"": 0.0, ""angle"": 36.23551751932034, ""elevation"": 0.0}]",1785085408730.224
8,"[{""range"": 0.8750022858249811, ""doppler"": 0.0, ""angle"": -5.229411247629825, ""elevation"": 0.0}, {""range"": 0.8887849787329721, ""doppler"": 0.0, ""angle"": -4.662168953331013, ""elevation"": 0.0}, {""range"": 0.8973037164218274, ""doppler"": 0.0, ""angle"": -3.6333124826727428, ""elevation"": 0.0}, {""range"": 0.912691299756598, ""doppler"": 0.0, ""angle"": -2.5714694573219155, ""elevation"": 0.0}, {""range"": 1.0373351424428718, ""doppler"": 0.0, ""angle"": 18.41933263919502, ""elevation"": 0.0}, {""range"": 1.0886627305591432, ""doppler"": 0.0, ""angle"": 18.92896833787608, ""elevation"": 0.0}, {""range"": 1.0908193604024508, ""doppler"": 0.0, ""angle"": 20.606612268820772, ""elevation"": 0.0}, {""range"": 1.1109372425806792, ""doppler"": 0.0, ""angle"": 22.974567155413872, ""elevation"": 0.0}]",1785085408730.272
9,"[{""range"": 0.878919600553229, ""doppler"": 0.0, ""angle"": -4.211853490088602, ""elevation"": 0.0}, {""range"": 0.8927526489256128, ""doppler"": 0.0, ""angle"": -3.169008305316984, ""elevation"": 0.0}, {""range"": 0.9051114839613026, ""doppler"": 0.0, ""angle"": 3.171039727249393, ""elevation"": 0.0}, {""range"": 0.9463309317415719, ""doppler"": 0.0, ""angle"": 11.609307363445138, ""elevation"": 0.0}, {""range"": 1.004716687972819, ""doppler"": 0.0, ""angle"": 15.705876985789766, ""elevation"": 0.0}, {""range"": 1.0705400740097992, ""doppler"": 0.0, ""angle"": 17.55726914045544, ""elevation"": 0.0}, {""range"": 1.05550648368667, ""doppler"": 0.0, ""angle"": 19.125595809349985, ""elevation"": 0.0}, {""range"": 1.1372921736801507, ""doppler"": 0.0, ""angle"": 38.50786400163138, ""elevation"": 0.0}, {""range"": 1.1855381781145917, ""doppler"": 0.0, ""angle"": 39.006666716586295, ""elevation"": 0.0}]",1785085408730.314
5,"[{""range"": 0.9875772019331628, ""doppler"": 0.0, ""angle"": 16.590934760902485, ""elevation"": 0.0}, {""range"": 1.0758134207311312, ""doppler"": 0.0, ""angle"": 18.028389011375285, ""elevation"": 0.0}, {""range"": 0.9568155177781227, ""doppler"": 0.0, ""angle"": 18.546689164911825, ""elevation"": 0.0}, {""range"": 1.0428766066828346, ""doppler"": 0.0, ""angle"": 18.43184218194945, ""elevation"": 0.0}, {""range"": 0.9414753510997237, ""doppler"": 0.0, ""angle"": 26.277917677382582, ""elevation"": 0.0}]",1785085408730.347
8,"[{""range"": 0.8828366101127352, ""doppler"": 0.0, ""angle"": -5.789115257852741, ""elevation"": 0.0}, {""range"": 0.8985323336258267, ""doppler"": 0.0, ""angle"": -7.4092866190839635, ""elevation"": 0.0}, {""range"": 0.9043030998725359, ""doppler"": 0.0, ""angle"": -8.082035436310717, ""elevation"": 0.0}, {""range"": 0.9236657100769342, ""doppler"": 0.0, ""angle"": -8.483049303540088, ""elevation"": 0.0}, {""range"": 1.0430419114039058, ""doppler"": 0.0, ""angle"": 30.12987701924072, ""elevation"": 0.0}, {""range"": 1.0532235602953806, ""doppler"": 0.0, ""angle"": 29.350335035769895, ""elevation"": 0.0}, {""range"": 1.0578353369885518, ""doppler"": 0.0, ""angle"": 29.65478422342172, ""elevation"": 0.0}, {""range"": 1.2283551212495818, ""doppler"": 0.0, ""angle"": 38.635059021537884, ""elevation"": 0.0}]",1785085408730.371
7,"[{""range"": 0.871129552639074, ""doppler"": 0.0, ""angle"": -7.940492071406175, ""elevation"": 0.0}, {""range"": 0.8834486422120104, ""doppler"": 0.0, ""angle"": -10.743611784307898, ""elevation"": 0.0}, {""range"": 0.915200618236694, ""doppler"": 0.0, ""angle"": -3.786522702470982, ""elevation"": 0.0}, {""range"": 0.9606133030921442, ""doppler"": 0.0, ""angle"": 6.8313368758088915, ""elevation"": 0.0}, {""range"": 0.9818698534448962, ""doppler"": 0.0, ""angle"": 7.89252109287117, ""elevation"": 0.0}, {""range"": 1.0229891579111983, ""doppler"": 0.0, ""angle"": 9.223584314721819, ""elevation"": 0.0}, {""range"": 1.0775371302799037, ""doppler"": 0.0, ""angle"": 12.682470626141237, ""elevation"": 0.0}]",1785085408730.3901
7,"[{""range"": 0.8768335953541037, ""doppler"": 0.0, ""angle"": -7.287335115982695, ""elevation"": 0.0}, {""range"": 0.8897946852478374, ""doppler"": 0.0, ""angle"": -8.913365667007211, ""elevation"": 0.0}, {""range"": 0.8974157067536136, ""doppler"": 0.0, ""angle"": -9.832064137511374, ""elevation"": 0.0}, {""range"": 0.927910164552093, ""doppler"": 0.0, ""angle"": -7.229098248970227, ""elevation"": 0.0}, {""range"": 0.9975710320741823, ""doppler"": 0.0, ""angle"": 5.296709483062232, ""elevation"": 0.0}, {""range"": 1.0740920056598704, ""doppler"": 0.0, ""angle"": 23.321333000481957, ""elevation"": 0.0}, {""range"": 1.05510793475428, ""doppler"": 0.0, ""angle"": 26.317526611756925, ""elevation"": 0.0}]",1785085408730.4102
6,"[{""range"": 0.8800073759583379, ""doppler"": 0.0, ""angle"": -5.339886808799345, ""elevation"": 0.0}, {""range"": 0.8944938070877733, ""doppler"": 0.0, ""angle"": -5.1726525098588745, ""elevation"": 0.0}, {""range"": 0.9015309317405504, ""doppler"": 0.0, ""angle"": -4.071852320179156, ""elevation"": 0.0}, {""range"": 0.9180837475861012, ""doppler"": 0.0, ""angle"": -2.3441324740698417, ""elevation"": 0.0}, {""range"": 1.0712534470745845, ""doppler"": 0.0, ""angle"": 29.36765206613156, ""elevation"": 0.0}, {""range"": 1.0759931592938436, ""doppler"": 0.0, ""angle"": 32.58876761941387, ""elevation"": 0.0}]",1785085408730.4268
8,"[{""range"": 0.8744219509575331, ""doppler"": 0.0, ""angle"": -4.198311579491374, ""elevation"": 0.0}, {""range"": 0.8987798299613589, ""doppler"": 0.0, ""angle"": -4.896171964595724, ""elevation"": 0.0}, {""range"": 0.9171442170352234, ""doppler"": 0.0, ""angle"": -5.313769658375825, ""elevation"": 0.0}, {""range"": 0.9340116113231801, ""doppler"": 0.0, ""angle"": -3.611230351612941, ""elevation"": 0.0}, {""range"": 0.9632690709208711, ""doppler"": 0.0, ""angle"": 4.130325817207437, ""elevation"": 0.0}, {""range"": 1.0630182948829516, ""doppler"": 0.0, ""angle"": 36.36679183178762, ""elevation"": 0.0}, {""range"": 1.0877410801515022, ""doppler"": 0.0, ""angle"": 34.620095161800116, ""elevation"": 0.0}, {""range"": 1.2417488117946704, ""doppler"": 0.0, ""angle"": 37.599278288363585, ""elevation"": 0.0}]",1785085408730.4478
7,"[{""range"": 0.8827949948493368, ""doppler"": 0.0, ""angle"": -5.4045720311517, ""elevation"": 0.0}, {""range"": 0.9054861146425548, ""doppler"": 0.0, ""angle"": -5.200575204590986, ""elevation"": 0.0}, {""range"": 0.9127687021513763, ""doppler"": 0.0, ""angle"": -5.508439276698177, ""elevation"": 0.0}, {""range"": 0.9210764250738981, ""doppler"": 0.0, ""angle"": -5.536825876431758, ""elevation"": 0.0}, {""range"": 0.9672115791667758, ""doppler"": 0.0, ""angle"": 4.549002340425924, ""elevation"": 0.0}, {""range"": 1.0651007230768335, ""doppler"": 0.0, ""angle"": 26.362867044671855, ""elevation"": 0.0}, {""range"": 1.082767024589079, ""doppler"": 0.0, ""angle"": 26.56505117707799, ""elevation"": 0.0}]",1785085408730.467
11,"[{""range"": 0.9201685313095314, ""doppler"": 0.0, ""angle"": -11.023881757337028, ""elevation"": 0.0}, {""range"": 0.9294954879137741, ""doppler"": 0.0, ""angle"": -12.341106240093099, ""elevation"": 0.0}, {""range"": 0.9127396441807323, ""doppler"": 0.0, ""angle"": -10.372112680959617, ""elevation"": 0.0}, {""range"": 0.9637422298738082, ""doppler"": 0.0, ""angle"": -7.623445805596815, ""elevation"": 0.0}, {""range"": 1.079212239181413, ""doppler"": 0.0, ""angle"": 30.840021806182705, ""elevation"": 0.0}, {""range"": 1.0982891734864861, ""doppler"": 0.0, ""angle"": 28.651406486868705, ""elevation"": 0.0}, {""range"": 1.1350052885649538, ""doppler"": 0.0, ""angle"": 30.3058183019243, ""elevation"": 0.0}, {""range"": 1.189558310464912, ""doppler"": 0.0, ""angle"": 33.193206012557496, ""elevation"": 0.0}, {""range"": 2.177564530117263, ""doppler"": 0.0, ""angle"": 26.238912730212213, ""elevation"": 0.0}, {""range"": 2.189140623966331, ""doppler"": 0.0, ""angle"": 28.204078996567127, ""elevation"": 0.0}, {""range"": 1.229748083530757, ""doppler"": 0.0, ""angle"": 34.46647325139418, ""elevation"": 0.0}]",1785085408730.4941
7,"[{""range"": 0.9084646288961105, ""doppler"": 0.0, ""angle"": -9.139720509677424, ""elevation"": 0.0}, {""range"": 0.925426809149964, ""doppler"": 0.0, ""angle"": -8.903560917142178, ""elevation"": 0.0}, {""range"": 0.9509542910320284, ""doppler"": 0.0, ""angle"": -0.3878556893499095, ""elevation"": 0.0}, {""range"": 0.9918467389163383, ""doppler"": 0.0, ""angle"": 12.610596345290194, ""elevation"": 0.0}, {""range"": 1.1139281458057044, ""doppler"": 0.0, ""angle"": 23.51983577413113, ""elevation"": 0.0}, {""range"": 1.0579962796663305, ""doppler"": 0.0, ""angle"": 26.91150669451928, ""elevation"": 0.0}, {""range"": 1.0947043679053436, ""doppler"": 0.0, ""angle"": 26.20091459260372, ""elevation"": 0.0}]",1785085408730.513
6,"[{""range"": 0.884356522899114, ""doppler"": 0.0, ""angle"": -8.90998987126081, ""elevation"": 0.0}, {""range"": 0.9111186042727665, ""doppler"": 0.0, ""angle"": -10.745373395612017, ""elevation"": 0.0}, {""range"": 0.921555044131988, ""doppler"": 0.0, ""angle"": -10.463945759985359, ""elevation"": 0.0}, {""range"": 0.9322311451764603, ""doppler"": 0.0, ""angle"": -9.01604894801022, ""elevation"": 0.0}, {""range"": 0.9658602675356093, ""doppler"": 0.0, ""angle"": -2.334277689589569, ""elevation"": 0.0}, {""range"": 1.2404508344943477, ""doppler"": 0.0, ""angle"": 42.102013859067476, ""elevation"": 0.0}]",1785085408730.529
4,"[{""range"": 1.4730329523852395, ""doppler"": 0.0, ""angle"": -44.24751049541326, ""elevation"": 0.0}, {""range"": 0.9355851435510997, ""doppler"": 0.0, ""angle"": -12.708160801067573, ""elevation"": 0.0}, {""range"": 0.9032847617861732, ""doppler"": 0.0, ""angle"": -1.81506395265204, ""elevation"": 0.0}, {""range"": 0.9108197333316863, ""doppler"": 0.0, ""angle"": -1.8563141935434677, ""elevation"": 0.0}]",1785085408730.5442
6,"[{""range"": 0.9214824916012608, ""doppler"": 0.0, ""angle"": -5.087729230862714, ""elevation"": 0.0}, {""range"": 0.9295748275775694, ""doppler"": 0.0, ""angle"": -6.7053296385063375, ""elevation"": 0.0}, {""range"": 0.9294500791193988, ""doppler"": 0.0, ""angle"": -9.993293324383314, ""elevation"": 0.0}, {""range"": 1.0056297423995082, ""doppler"": 0.0, ""angle"": 23.638711475976873, ""elevation"": 0.0}, {""range"": 1.026091942977696, ""doppler"": 0.0, ""angle"": 18.681231379825803, ""elevation"": 0.0}, {""range"": 1.278861819504509, ""doppler"": 0.0, ""angle"": 32.04784276035391, ""elevation"": 0.0}]",1785085408730.56
5,"[{""range"": 1.4989698227900439, ""doppler"": 0.0, ""angle"": -40.65096491213838, ""elevation"": 0.0}, {""range"": 0.9283158767717933, ""doppler"": 0.0, ""angle"": -11.950614146539179, ""elevation"": 0.0}, {""range"": 1.0177998980520235, ""doppler"": 0.0, ""angle"": 7.967815994654553, ""elevation"": 0.0}, {""range"": 0.9935425166316144, ""doppler"": 0.0, ""angle"": 14.263834742668099, ""elevation"": 0.0}, {""range"": 0.9724193739075917, ""doppler"": 0.0, ""angle"": 20.067719721154877, ""elevation"": 0.0}]",1785085408730.577
5,"[{""range"": 0.9223076608716166, ""doppler"": 0.0, ""angle"": -5.2839362049286756, ""elevation"": 0.0}, {""range"": 0.939512727832587, ""doppler"": 0.0, ""angle"": -4.628706883803025, ""elevation"": 0.0}, {""range"": 0.9551074763112288, ""doppler"": 0.0, ""angle"": -1.2873289415250384, ""elevation"": 0.0}, {""range"": 0.9745620255960574, ""doppler"": 0.0, ""angle"": 2.934327432384418, ""elevation"": 0.0}, {""range"": 1.0065555963586705, ""doppler"": 0.0, ""angle"": 4.330007284567719, ""elevation"": 0.0}]",1785085408730.592
5,"[{""range"": 0.9164283914998178, ""doppler"": 0.0, ""angle"": -6.509329175980832, ""elevation"": 0.0}, {""range"": 0.9212966255812087, ""doppler"": 0.0, ""angle"": -8.089212751212512, ""elevation"": 0.0}, {""range"": 0.9350826235120195, ""doppler"": 0.0, ""angle"": -10.36658547455164, ""elevation"": 0.0}, {""range"": 0.997429960027942, ""doppler"": 0.0, ""angle"": 13.139357233126228, ""elevation"": 0.0}, {""range"": 1.0077367004762814, ""doppler"": 0.0, ""angle"": 13.671307132195833, ""elevation"": 0.0}]",1785085408730.609
5,"[{""range"": 0.9213593717010127, ""doppler"": 0.0, ""angle"": -7.460172354273829, ""elevation"": 0.0}, {""range"": 0.9402603562728504, ""doppler"": 0.0, ""angle"": -5.160887993807177, ""elevation"": 0.0}, {""range"": 0.9600505646335714, ""doppler"": 0.0, ""angle"": 2.209570596728004, ""elevation"": 0.0}, {""range"": 0.9830989112270256, ""doppler"": 0.0, ""angle"": 10.140793146112795, ""elevation"": 0.0}, {""range"": 1.010930504159061, ""doppler"": 0.0, ""angle"": 13.856810682389993, ""elevation"": 0.0}]",1785085408730.6262
5,"[{""range"": 0.9128521401512953, ""doppler"": 0.0, ""angle"": -5.203573959098397, ""elevation"": 0.0}, {""range"": 0.9318502133114557, ""doppler"": 0.0, ""angle"": -6.17992424918311, ""elevation"": 0.0}, {""range"": 0.9574684909612562, ""doppler"": 0.0, ""angle"": -2.087037031630731, ""elevation"": 0.0}, {""range"": 0.988639991963156, ""doppler"": 0.0, ""angle"": 8.225363186404028, ""elevation"": 0.0}, {""range"": 1.0105892360827367, ""doppler"": 0.0, ""angle"": 8.188884881389393, ""elevation"": 0.0}]",1785085408730.6462
5,"[{""range"": 0.944859275599152, ""doppler"": 0.0, ""angle"": 8.499668271435752, ""elevation"": 0.0}, {""range"": 0.9734333159126958, ""doppler"": 0.0, ""angle"": 13.653341307905363, ""elevation"": 0.0}, {""range"": 0.9923117169031956, ""doppler"": 0.0, ""angle"": 14.932747318114403, ""elevation"": 0.0}, {""range"": 1.0225455877364553, ""doppler"": 0.0, ""angle"": 21.760477291682346, ""elevation"": 0.0}, {""range"": 1.0711878995782598, ""doppler"": 0.0, ""angle"": 29.633367197232385, ""elevation"": 0.0}]",1785085408730.665
5,"[{""range"": 1.475953090842597, ""doppler"": 0.0, ""angle"": -41.39488516382911, ""elevation"": 0.0}, {""range"": 0.931238592175947, ""doppler"": 0.0, ""angle"": -5.929537310487769, ""elevation"": 0.0}, {""range"": 0.9426125793746437, ""doppler"": 0.0, ""angle"": -9.312226013751106, ""elevation"": 0.0}, {""range"": 0.998978064273224, ""doppler"": 0.0, ""angle"": 19.751786693062996, ""elevation"": 0.0}, {""range"": 1.0126334616680843, ""doppler"": 0.0, ""angle"": 19.32442425573843, ""elevation"": 0.0}]",1785085408730.6812
2,"[{""range"": 0.9293229743004866, ""doppler"": 0.0, ""angle"": -5.410020677759842, ""elevation"": 0.0}, {""range"": 0.9510767567891555, ""doppler"": 0.0, ""angle"": -2.898985350585026, ""elevation"": 0.0}]",1785085408730.693
6,"[{""range"": 1.4739699854102113, ""doppler"": 0.0, ""angle"": -39.669407100930215, ""elevation"": 0.0}, {""range"": 0.916059387620164, ""doppler"": 0.0, ""angle"": -5.3088481792440465, ""elevation"": 0.0}, {""range"": 0.9268882336629133, ""doppler"": 0.0, ""angle"": -4.714073115606767, ""elevation"": 0.0}, {""range"": 0.9341871952093973, ""doppler"": 0.0, ""angle"": -4.2481420459028, ""elevation"": 0.0}, {""range"": 0.9617678299407185, ""doppler"": 0.0, ""angle"": -1.3956225804316618, ""elevation"": 0.0}, {""range"": 1.04523574195615, ""doppler"": 0.0, ""angle"": 24.87714506297095, ""elevation"": 0.0}]",1785085408730.711
6,"[{""range"": 1.4736005011754902, ""doppler"": 0.0, ""angle"": -40.59073710329365, ""elevation"": 0.0}, {""range"": 1.494762695748958, ""doppler"": 0.0, ""angle"": -40.293511589071585, ""elevation"": 0.0}, {""range"": 0.9111013731569395, ""doppler"": 0.0, ""angle"": -3.6345539318558737, ""elevation"": 0.0}, {""range"": 0.9238272702251495, ""doppler"": 0.0, ""angle"": -1.7524999743631013, ""elevation"": 0.0}, {""range"": 0.9376962479433025, ""doppler"": 0.0, ""angle"": 1.5735440332816746, ""elevation"": 0.0}, {""range"": 0.9665330002251913, ""doppler"": 0.0, ""angle"": 6.063934254376006, ""elevation"": 0.0}]",1785085408730.728
4,"[{""range"": 0.9209221422869133, ""doppler"": 0.0, ""angle"": -4.398705354995532, ""elevation"": 0.0}, {""range"": 0.9070379781527269, ""doppler"": 0.0, ""angle"": -1.8075509338934537, ""elevation"": 0.0}, {""range"": 0.95602357858861, ""doppler"": 0.0, ""angle"": 6.120070240608267, ""elevation"": 0.0}, {""range"": 0.9811386310311523, ""doppler"": 0.0, ""angle"": 10.03399061605943, ""elevation"": 0.0}]",1785085408730.742
6,"[{""range"": 1.475744585852108, ""doppler"": 0.0, ""angle"": -41.86646178830464, ""elevation"": 0.0}, {""range"": 1.496213646894591, ""doppler"": 0.0, ""angle"": -42.723710515323035, ""elevation"": 0.0}, {""range"": 0.9272975652853288, ""doppler"": 0.0, ""angle"": -10.1289445609807, ""elevation"": 0.0}, {""range"": 0.9904559187020696, ""doppler"": 0.0, ""angle"": 23.17685875686248, ""elevation"": 0.0}, {""range"": 1.0081499804371152, ""doppler"": 0.0, ""angle"": 24.410312731841227, ""elevation"": 0.0}, {""range"": 0.9784225624458182, ""doppler"": 0.0, ""angle"": 26.26066289498463, ""elevation"": 0.0}]",1785085408730.7588
6,"[{""range"": 1.4759141067213382, ""doppler"": 0.0, ""angle"": -39.706026830280805, ""elevation"": 0.0}, {""range"": 0.9149121323637848, ""doppler"": 0.0, ""angle"": -2.901549702847814, ""elevation"": 0.0}, {""range"": 0.9283620643204687, ""doppler"": 0.0, ""angle"": -2.185632442790183, ""elevation"": 0.0}, {""range"": 0.9488445129858598, ""doppler"": 0.0, ""angle"": 1.6954772931385609, ""elevation"": 0.0}, {""range"": 0.990231239090712, ""doppler"": 0.0, ""angle"": 13.311019168867228, ""elevation"": 0.0}, {""range"": 1.0170146855143942, ""doppler"": 0.0, ""angle"": 15.375279919897652, ""elevation"": 0.0}]",1785085408730.777
7,"[{""range"": 1.470274455135765, ""doppler"": 0.0, ""angle"": -41.459933829534165, ""elevation"": 0.0}, {""range"": 0.9210580957985816, ""doppler"": 0.0, ""angle"": -1.568593214842726, ""elevation"": 0.0}, {""range"": 0.9382036559342996, ""doppler"": 0.0, ""angle"": 1.5071484870073262, ""elevation"": 0.0}, {""range"": 0.9545254801904199, ""doppler"": 0.0, ""angle"": 5.33144641949856, ""elevation"": 0.0}, {""range"": 0.9743764893422606, ""doppler"": 0.0, ""angle"": 8.081031209840148, ""elevation"": 0.0}, {""range"": 1.0061441243817943, ""doppler"": 0.0, ""angle"": 8.966803496508527, ""elevation"": 0.0}, {""range"": 1.2780026035667518, ""doppler"": 0.0, ""angle"": 40.69346448686159, ""elevation"": 0.0}]",1785085408730.7961
7,"[{""range"": 1.472968048452709, ""doppler"": 0.0, ""angle"": -41.2840734957559, ""elevation"": 0.0}, {""range"": 1.4928640039196095, ""doppler"": 0.0, ""angle"": -43.04881366200074, ""elevation"": 0.0}, {""range"": 0.9232202392121308, ""doppler"": 0.0, ""angle"": -0.1664602507509483, ""elevation"": 0.0}, {""range"": 0.9449539393976037, ""doppler"": 0.0, ""angle"": 3.6236761872826078, ""elevation"": 0.0}, {""range"": 0.9581846407564404, ""doppler"": 0.0, ""angle"": 7.225809709187373, ""elevation"": 0.0}, {""range"": 0.974597097805292, ""doppler"": 0.0, ""angle"": 8.674230873103534, ""elevation"": 0.0}, {""range"": 1.0019333444823686, ""doppler"": 0.0, ""angle"": 5.4379083516705276, ""elevation"": 0.0}]",1785085408730.815
6,"[{""range"": 1.4744257983594433, ""doppler"": 0.0, ""angle"": -40.81986469839363, ""elevation"": 0.0}, {""range"": 0.9206967124111326, ""doppler"": 0.0, ""angle"": -7.488018646914228, ""elevation"": 0.0}, {""range"": 0.9063214733902889, ""doppler"": 0.0, ""angle"": -1.4018667614755111, ""elevation"": 0.0}, {""range"": 1.0218376528155917, ""doppler"": 0.0, ""angle"": 7.076515418460724, ""elevation"": 0.0}, {""range"": 0.9940884831344667, ""doppler"": 0.0, ""angle"": 15.6212064986578, ""elevation"": 0.0}, {""range"": 0.9855458750827126, ""doppler"": 0.0, ""angle"": 25.24926065400995, ""elevation"": 0.0}]",1785085408730.831
6,"[{""range"": 0.9075435020074611, ""doppler"": 0.0, ""angle"": -2.631268270908681, ""elevation"": 0.0}, {""range"": 0.9329944443429437, ""doppler"": 0.0, ""angle"": 2.9002426769338103, ""elevation"": 0.0}, {""range"": 0.9819080186818264, ""doppler"": 0.0, ""angle"": 9.867147780709436, ""elevation"": 0.0}, {""range"": 0.9660302778268063, ""doppler"": 0.0, ""angle"": 12.019203223501348, ""elevation"": 0.0}, {""range"": 1.2550784329835114, ""doppler"": 0.0, ""angle"": 31.85136266641116, ""elevation"": 0.0}, {""range"": 1.2767270457767386, ""doppler"": 0.0, ""angle"": 35.92294619907055, ""elevation"": 0.0}]",1785085408730.847
6,"[{""range"": 1.497502848701608, ""doppler"": 0.0, ""angle"": -43.24847011484318, ""elevation"": 0.0}, {""range"": 0.9438744633531635, ""doppler"": 0.0, ""angle"": 9.376667686789935, ""elevation"": 0.0}, {""range"": 0.9640139141592662, ""doppler"": 0.0, ""angle"": 13.734662385758364, ""elevation"": 0.0}, {""range"": 0.9740228899200545, ""doppler"": 0.0, ""angle"": 12.155732675533049, ""elevation"": 0.0}, {""range"": 1.2630732840216097, ""doppler"": 0.0, ""angle"": 32.06556963460761, ""elevation"": 0.0}, {""range"": 1.2773218037404945, ""doppler"": 0.0, ""angle"": 35.54793432288476, ""elevation"": 0.0}]",1785085408730.863
5,"[{""range"": 0.9124099053974635, ""doppler"": 0.0, ""angle"": -0.8534216400882919, ""elevation"": 0.0}, {""range"": 0.9362869207847295, ""doppler"": 0.0, ""angle"": 3.5585875025548024, ""elevation"": 0.0}, {""range"": 0.9572666652014616, ""doppler"": 0.0, ""angle"": 8.3995210043776, ""elevation"": 0.0}, {""range"": 0.978749074851824, ""doppler"": 0.0, ""angle"": 7.558673549162898, ""elevation"": 0.0}, {""range"": 1.2673500637371962, ""doppler"": 0.0, ""angle"": 28.814335416610692, ""elevation"": 0.0}]",1785085408730.878
6,"[{""range"": 1.4720693451448865, ""doppler"": 0.0, ""angle"": -40.531844334281224, ""elevation"": 0.0}, {""range"": 1.0149234757198533, ""doppler"": 0.0, ""angle"": 0.9994197127262237, ""elevation"": 0.0}, {""range"": 0.9485176339627662, ""doppler"": 0.0, ""angle"": 4.519655752368786, ""elevation"": 0.0}, {""range"": 0.966836624750103, ""doppler"": 0.0, ""angle"": 9.291597352469376, ""elevation"": 0.0}, {""range"": 0.9847339861499752, ""doppler"": 0.0, ""angle"": 6.998550048453534, ""elevation"": 0.0}, {""range"": 1.270602294006184, ""doppler"": 0.0, ""angle"": 33.578249206753405, ""elevation"": 0.0}]",1785085408730.8958
6,"[{""range"": 1.4748907708371533, ""doppler"": 0.0, ""angle"": -39.60367590259982, ""elevation"": 0.0}, {""range"": 0.9231981946745162, ""doppler"": 0.0, ""angle"": -1.5538543860382636, ""elevation"": 0.0}, {""range"": 0.947391425922748, ""doppler"": 0.0, ""angle"": 4.3406465363335665, ""elevation"": 0.0}, {""range"": 0.9598929360811603, ""doppler"": 0.0, ""angle"": 7.008515929562022, ""elevation"": 0.0}, {""range"": 0.9756450236906705, ""doppler"": 0.0, ""angle"": 8.303855902615991, ""elevation"": 0.0}, {""range"": 1.0064947781756615, ""doppler"": 0.0, ""angle"": 5.689322961525574, ""elevation"": 0.0}]",1785085408730.9128
6,"[{""range"": 1.47500756279743, ""doppler"": 0.0, ""angle"": -41.35320019116397, ""elevation"": 0.0}, {""range"": 0.9150923768097088, ""doppler"": 0.0, ""angle"": -3.315837318646846, ""elevation"": 0.0}, {""range"": 0.9451357789529772, ""doppler"": 0.0, ""angle"": 5.058012979546865, ""elevation"": 0.0}, {""range"": 0.9634260143426178, ""doppler"": 0.0, ""angle"": 9.303230805465228, ""elevation"": 0.0}, {""range"": 0.9813513658951214, ""doppler"": 0.0, ""angle"": 11.338596740967814, ""elevation"": 0.0}, {""range"": 1.007919268157121, ""doppler"": 0.0, ""angle"": 14.906535862959746, ""elevation"": 0.0}]",1785085408731.091
7,"[{""range"": 1.474171453655868, ""doppler"": 0.0, ""angle"": -42.62571729592868, ""elevation"": 0.0}, {""range"": 0.9151999893693153, ""doppler"": 0.0, ""angle"": -1.668228809076946, ""elevation"": 0.0}, {""range"": 0.9328232119426977, ""doppler"": 0.0, ""angle"": 0.9555733583741959, ""elevation"": 0.0}, {""range"": 0.9518181070205359, ""doppler"": 0.0, ""angle"": 6.569606620086142, ""elevation"": 0.0}, {""range"": 0.9761043873871027, ""doppler"": 0.0, ""angle"": 14.199167003070741, ""elevation"": 0.0}, {""range"": 1.0044030262728263, ""doppler"": 0.0, ""angle"": 22.803471944830523, ""elevation"": 0.0}, {""range"": 1.2704548827750843, ""doppler"": 0.0, ""angle"": 32.802092072099384, ""elevation"": 0.0}]",1785085408731.929
6,"[{""range"": 0.9081597618110335, ""doppler"": 0.0, ""angle"": -1.0153761954296572, ""elevation"": 0.0}, {""range"": 0.9209929683773939, ""doppler"": 0.0, ""angle"": -1.4129129817371284, ""elevation"": 0.0}, {""range"": 0.9390967356370783, ""doppler"": 0.0, ""angle"": 2.182472017925329, ""elevation"": 0.0}, {""range"": 0.9825749056381011, ""doppler"": 0.0, ""angle"": 16.63432722176186, ""elevation"": 0.0}, {""range"": 1.0048251712152865, ""doppler"": 0.0, ""angle"": 18.273734336966275, ""elevation"": 0.0}, {""range"": 1.2804940623603156, ""doppler"": 0.0, ""angle"": 41.46742655975012, ""elevation"": 0.0}]",1785085408731.9622
4,"[{""range"": 0.9025735672077243, ""doppler"": 0.0, ""angle"": -0.8513705550386906, ""elevation"": 0.0}, {""range"": 0.9237530616378812, ""doppler"": 0.0, ""angle"": -0.04436373833751455, ""elevation"": 0.0}, {""range"": 0.9591664276825252, ""doppler"": 0.0, ""angle"": 8.436752468471354, ""elevation"": 0.0}, {""range"": 0.9847548479761421, ""doppler"": 0.0, ""angle"": 8.889332201224903, ""elevation"": 0.0}]",1785085408731.9832
5,"[{""range"": 0.9096605096005727, ""doppler"": 0.0, ""angle"": -0.4955674135025334, ""elevation"": 0.0}, {""range"": 0.9374125020536105, ""doppler"": 0.0, ""angle"": 0.6994940300639075, ""elevation"": 0.0}, {""range"": 0.9595565752925096, ""doppler"": 0.0, ""angle"": 4.31763458754339, ""elevation"": 0.0}, {""range"": 0.9794096409755018, ""doppler"": 0.0, ""angle"": 8.21886414141689, ""elevation"": 0.0}, {""range"": 1.029861728428698, ""doppler"": 0.0, ""angle"": 19.885364157747375, ""elevation"": 0.0}]",1785085408732.002
4,"[{""range"": 0.9438086236031099, ""doppler"": 0.0, ""angle"": -1.6393672544028084, ""elevation"": 0.0}, {""range"": 0.9579031752671904, ""doppler"": 0.0, ""angle"": 2.4714341375762516, ""elevation"": 0.0}, {""range"": 0.9845659876935159, ""doppler"": 0.0, ""angle"": 12.23647908144146, ""elevation"": 0.0}, {""range"": 1.026581153234322, ""doppler"": 0.0, ""angle"": 23.497371889526327, ""elevation"": 0.0}]",1785085408732.019
2,"[{""range"": 0.9703989708602732, ""doppler"": 0.0, ""angle"": 9.717469857641351, ""elevation"": 0.0}, {""range"": 0.9895222875682614, ""doppler"": 0.0, ""angle"": 11.79320693308318, ""elevation"": 0.0}]",1785085408732.032
4,"[{""range"": 0.9349683394372557, ""doppler"": 0.0, ""angle"": -5.685515059463421, ""elevation"": 0.0}, {""range"": 0.903548508757069, ""doppler"": 0.0, ""angle"": -1.1453093711962479, ""elevation"": 0.0}, {""range"": 0.9154299164039836, ""doppler"": 0.0, ""angle"": -3.4827857691270996, ""elevation"": 0.0}, {""range"": 0.9810090482198007, ""doppler"": 0.0, ""angle"": 8.353122461198542, ""elevation"": 0.0}]",1785085408732.0479
4,"[{""range"": 0.9212112277709177, ""doppler"": 0.0, ""angle"": -4.486562624716879, ""elevation"": 0.0}, {""range"": 0.9335256440296601, ""doppler"": 0.0, ""angle"": -5.220262879821183, ""elevation"": 0.0}, {""range"": 0.9090007362762444, ""doppler"": 0.0, ""angle"": -2.897864361925978, ""elevation"": 0.0}, {""range"": 0.9695146573920491, ""doppler"": 0.0, ""angle"": 5.270010652621057, ""elevation"": 0.0}]",1785085408732.063
6,"[{""range"": 1.481174288140981, ""doppler"": 0.0, ""angle"": -44.530453158898595, ""elevation"": 0.0}, {""range"": 1.49786388594152, ""doppler"": 0.0, ""angle"": -44.53568508986261, ""elevation"": 0.0}, {""range"": 0.9192357578272834, ""doppler"": 0.0, ""angle"": -4.3397230435407845, ""elevation"": 0.0}, {""range"": 0.9294992030805925, ""doppler"": 0.0, ""angle"": -6.472868527880535, ""elevation"": 0.0}, {""range"": 0.9087139239507442, ""doppler"": 0.0, ""angle"": -3.576334374997351, ""elevation"": 0.0}, {""range"": 0.9742686688222597, ""doppler"": 0.0, ""angle"": 11.400675120005538, ""elevation"": 0.0}]",1785085408732.0803
6,"[{""range"": 1.499192767775483, ""doppler"": 0.0, ""angle"": -44.29447022603933, ""elevation"": 0.0}, {""range"": 0.918596576380345, ""doppler"": 0.0, ""angle"": -3.604858772616923, ""elevation"": 0.0}, {""range"": 0.929927362587236, ""doppler"": 0.0, ""angle"": -6.004392585024679, ""elevation"": 0.0}, {""range"": 0.9092867372661951, ""doppler"": 0.0, ""angle"": -2.806701248024623, ""elevation"": 0.0}, {""range"": 0.9905357986019123, ""doppler"": 0.0, ""angle"": 21.809092202877533, ""elevation"": 0.0}, {""range"": 1.2757614827562953, ""doppler"": 0.0, ""angle"": 39.13515088854741, ""elevation"": 0.0}]",1785085408732.097
6,"[{""range"": 0.9119303259174305, ""doppler"": 0.0, ""angle"": -2.2362774284095717, ""elevation"": 0.0}, {""range"": 0.9219315246769245, ""doppler"": 0.0, ""angle"": -2.9462025677532417, ""elevation"": 0.0}, {""range"": 0.9325436750345938, ""doppler"": 0.0, ""angle"": -3.3967823734174956, ""elevation"": 0.0}, {""range"": 0.9860113760799383, ""doppler"": 0.0, ""angle"": 18.799675875820547, ""elevation"": 0.0}, {""range"": 1.0169765172572243, ""doppler"": 0.0, ""angle"": 28.75518221626123, ""elevation"": 0.0}, {""range"": 1.2764714205548409, ""doppler"": 0.0, ""angle"": 31.708459235021312, ""elevation"": 0.0}]",1785085408732.116
5,"[{""range"": 0.9122788492325, ""doppler"": 0.0, ""angle"": -1.9095265728652042, ""elevation"": 0.0}, {""range"": 0.9291234144230028, ""doppler"": 0.0, ""angle"": -0.2095101922157076, ""elevation"": 0.0}, {""range"": 0.9496336679965482, ""doppler"": 0.0, ""angle"": 5.185638065552508, ""elevation"": 0.0}, {""range"": 0.9758217666943324, ""doppler"": 0.0, ""angle"": 11.5858461916393, ""elevation"": 0.0}, {""range"": 1.0322380171125634, ""doppler"": 0.0, ""angle"": 26.30316494762525, ""elevation"": 0.0}]",1785085408732.131
6,"[{""range"": 1.4738293990120634, ""doppler"": 0.0, ""angle"": -42.5907279036399, ""elevation"": 0.0}, {""range"": 0.907832145763676, ""doppler"": 0.0, ""angle"": -1.1173292184050045, ""elevation"": 0.0}, {""range"": 0.9370767729544762, ""doppler"": 0.0, ""angle"": 8.19504249095131, ""elevation"": 0.0}, {""range"": 0.965672347513805, ""doppler"": 0.0, ""angle"": 16.834399505905814, ""elevation"": 0.0}, {""range"": 0.9817778209271631, ""doppler"": 0.0, ""angle"": 17.68583294044865, ""elevation"": 0.0}, {""range"": 1.0088824318398635, ""doppler"": 0.0, ""angle"": 16.633101949362725, ""elevation"": 0.0}]",1785085408732.149
7,"[{""range"": 1.4731044519355099, ""doppler"": 0.0, ""angle"": -41.67858999010227, ""elevation"": 0.0}, {""range"": 1.4934750893213526, ""doppler"": 0.0, ""angle"": -41.864835921295395, ""elevation"": 0.0}, {""range"": 0.9088383347450674, ""doppler"": 0.0, ""angle"": -5.2832215265402915, ""elevation"": 0.0}, {""range"": 0.9304927352274456, ""doppler"": 0.0, ""angle"": -5.469561373409657, ""elevation"": 0.0}, {""range"": 0.9807609321573366, ""doppler"": 0.0, ""angle"": 12.776947746391063, ""elevation"": 0.0}, {""range"": 0.9891111001289549, ""doppler"": 0.0, ""angle"": 14.051316676553114, ""elevation"": 0.0}, {""range"": 1.010261841961436, ""doppler"": 0.0, ""angle"": 19.522164741673837, ""elevation"": 0.0}]",1785085408732.168
5,"[{""range"": 0.9162806367907331, ""doppler"": 0.0, ""angle"": -3.2443342068967813, ""elevation"": 0.0}, {""range"": 0.927504309337939, ""doppler"": 0.0, ""angle"": -2.7515305926134217, ""elevation"": 0.0}, {""range"": 0.9420367460458056, ""doppler"": 0.0, ""angle"": 1.6750922835581057, ""elevation"": 0.0}, {""range"": 1.0109923205738147, ""doppler"": 0.0, ""angle"": 7.060911670932365, ""elevation"": 0.0}, {""range"": 0.9770383717457455, ""doppler"": 0.0, ""angle"": 11.250294377548094, ""elevation"": 0.0}]",1785085408732.2131
5,"[{""range"": 0.9188737273284895, ""doppler"": 0.0, ""angle"": -1.8623491459769013, ""elevation"": 0.0}, {""range"": 0.936307803423646, ""doppler"": 0.0, ""angle"": 2.298482144193724, ""elevation"": 0.0}, {""range"": 0.9542219928870233, ""doppler"": 0.0, ""angle"": 8.187802011904505, ""elevation"": 0.0}, {""range"": 0.9715475626176787, ""doppler"": 0.0, ""angle"": 10.28409601451098, ""elevation"": 0.0}, {""range"": 1.0048539368807843, ""doppler"": 0.0, ""angle"": 14.026352094781226, ""elevation"": 0.0}]",1785085408732.2292
7,"[{""range"": 1.4750843640523637, ""doppler"": 0.0, ""angle"": -40.240436881270995, ""elevation"": 0.0}, {""range"": 1.4937154227447387, ""doppler"": 0.0, ""angle"": -41.61759045761792, ""elevation"": 0.0}, {""range"": 0.9058679674937006, ""doppler"": 0.0, ""angle"": -6.927218126009166, ""elevation"": 0.0}, {""range"": 0.9102167088331996, ""doppler"": 0.0, ""angle"": -9.601106403977498, ""elevation"": 0.0}, {""range"": 0.9846256598971179, ""doppler"": 0.0, ""angle"": 24.81511098184579, ""elevation"": 0.0}, {""range"": 0.9883706610583256, ""doppler"": 0.0, ""angle"": 19.070886846601326, ""elevation"": 0.0}, {""range"": 1.0157152944512355, ""doppler"": 0.0, ""angle"": 20.31402830405416, ""elevation"": 0.0}]",1785085408732.247
7,"[{""range"": 1.4721855573320186, ""doppler"": 0.0, ""angle"": -40.53713366453024, ""elevation"": 0.0}, {""range"": 0.9140597710069813, ""doppler"": 0.0, ""angle"": -3.723859424557197, ""elevation"": 0.0}, {""range"": 0.9307303930141886, ""doppler"": 0.0, ""angle"": 0.1651170631110666, ""elevation"": 0.0}, {""range"": 0.9521153082573139, ""doppler"": 0.0, ""angle"": 10.288484771074984, ""elevation"": 0.0}, {""range"": 1.0049692140233255, ""doppler"": 0.0, ""angle"": 4.214178522734044, ""elevation"": 0.0}, {""range"": 0.9718603131300482, ""doppler"": 0.0, ""angle"": 11.60144314421042, ""elevation"": 0.0}, {""range"": 2.387923437947991, ""doppler"": 0.0, ""angle"": 48.475845779284896, ""elevation"": 0.0}]",1785085408732.2668
10,"[{""range"": 0.9122271155035658, ""doppler"": 0.0, ""angle"": -3.8551642079358057, ""elevation"": 0.0}, {""range"": 0.9214160408236658, ""doppler"": 0.0, ""angle"": -1.0897339522895475, ""elevation"": 0.0}, {""range"": 0.9384637731559453, ""doppler"": 0.0, ""angle"": 5.949577636070951, ""elevation"": 0.0}, {""range"": 0.9659770535232279, ""doppler"": 0.0, ""angle"": 12.356247907089225, ""elevation"": 0.0}, {""range"": 1.1485539849007786, ""doppler"": 0.0, ""angle"": 20.838977307248864, ""elevation"": 0.0}, {""range"": 1.1705067947376022, ""doppler"": 0.0, ""angle"": 21.367432732345137, ""elevation"": 0.0}, {""range"": 1.232148435012334, ""doppler"": 0.0, ""angle"": 29.958370361116124, ""elevation"": 0.0}, {""range"": 1.276894091221546, ""doppler"": 0.0, ""angle"": 29.174619566163802, ""elevation"": 0.0}, {""range"": 2.3869316650391905, ""doppler"": 0.0, ""angle"": 46.65738047534228, ""elevation"": 0.0}, {""range"": 2.4081040899317436, ""doppler"": 0.0, ""angle"": 45.899544739384076, ""elevation"": 0.0}]",1785085408732.2947
10,"[{""range"": 0.9230828548902741, ""doppler"": 0.0, ""angle"": -12.235066030383216, ""elevation"": 0.0}, {""range"": 0.8841535945011101, ""doppler"": 0.0, ""angle"": -4.082314429574321, ""elevation"": 0.0}, {""range"": 0.9000759022331394, ""doppler"": 0.0, ""angle"": -7.545751062174552, ""elevation"": 0.0}, {""range"": 0.8175267673486282, ""doppler"": 0.0, ""angle"": 2.9212323686599326, ""elevation"": 0.0}, {""range"": 0.8476414988706621, ""doppler"": 0.0, ""angle"": 0.7010526100456357, ""elevation"": 0.0}, {""range"": 1.1360947785298197, ""doppler"": 0.0, ""angle"": 13.146024487648978, ""elevation"": 0.0}, {""range"": 1.1653505356578355, ""doppler"": 0.0, ""angle"": 16.95018534395199, ""elevation"": 0.0}, {""range"": 0.9876825984328158, ""doppler"": 0.0, ""angle"": 21.674278363743806, ""elevation"": 0.0}, {""range"": 1.1734997778653953, ""doppler"": 0.0, ""angle"": 18.542621582067454, ""elevation"": 0.0}, {""range"": 1.197345808497462, ""doppler"": 0.0, ""angle"": 22.03339423626475, ""elevation"": 0.0}]",1785085408732.32
7,"[{""range"": 0.9097812588682825, ""doppler"": 0.0, ""angle"": -4.802919958649277, ""elevation"": 0.0}, {""range"": 0.8851298599527732, ""doppler"": 0.0, ""angle"": -0.0810242806543179, ""elevation"": 0.0}, {""range"": 0.9336247447703625, ""doppler"": 0.0, ""angle"": 5.958459824732644, ""elevation"": 0.0}, {""range"": 0.826920471780445, ""doppler"": 0.0, ""angle"": 17.518106528415956, ""elevation"": 0.0}, {""range"": 0.9658396762515045, ""doppler"": 0.0, ""angle"": 15.17603876206361, ""elevation"": 0.0}, {""range"": 0.7895958677192122, ""doppler"": 0.0, ""angle"": 20.688167886625383, ""elevation"": 0.0}, {""range"": 0.8081836161912769, ""doppler"": 0.0, ""angle"": 19.705841346192237, ""elevation"": 0.0}]",1785085408732.338
5,"[{""range"": 0.8851773978483857, ""doppler"": 0.0, ""angle"": 25.74201157392139, ""elevation"": 0.0}, {""range"": 0.989382071573254, ""doppler"": 0.0, ""angle"": 19.489433671433225, ""elevation"": 0.0}, {""range"": 0.8707245705494464, ""doppler"": 0.0, ""angle"": 29.070604037089918, ""elevation"": 0.0}, {""range"": 0.8994394398429658, ""doppler"": 0.0, ""angle"": 28.51136986587518, ""elevation"": 0.0}, {""range"": 0.9318956423983313, ""doppler"": 0.0, ""angle"": 30.269890406354946, ""elevation"": 0.0}]",1785085408732.3542
7,"[{""range"": 0.8899644780372434, ""doppler"": 0.0, ""angle"": -9.273065515379463, ""elevation"": 0.0}, {""range"": 0.9829885832345107, ""doppler"": 0.0, ""angle"": 25.05467257028624, ""elevation"": 0.0}, {""range"": 1.0124785561308265, ""doppler"": 0.0, ""angle"": 29.35830476055768, ""elevation"": 0.0}, {""range"": 1.0209219779002652, ""doppler"": 0.0, ""angle"": 32.24259842154448, ""elevation"": 0.0}, {""range"": 1.057851281229107, ""doppler"": 0.0, ""angle"": 39.16197863135046, ""elevation"": 0.0}, {""range"": 1.199454828505276, ""doppler"": 0.0, ""angle"": 35.52874130667143, ""elevation"": 0.0}, {""range"": 1.2183623194786477, ""doppler"": 0.0, ""angle"": 40.267467527970666, ""elevation"": 0.0}]",1785085408732.373
7,"[{""range"": 0.8780875774158833, ""doppler"": 0.0, ""angle"": -7.465111071098007, ""elevation"": 0.0}, {""range"": 0.9035541530633874, ""doppler"": 0.0, ""angle"": -5.473657902341709, ""elevation"": 0.0}, {""range"": 0.9264350627706973, ""doppler"": 0.0, ""angle"": 0.022117651676157975, ""elevation"": 0.0}, {""range"": 0.9575161774800596, ""doppler"": 0.0, ""angle"": 7.500603510355013, ""elevation"": 0.0}, {""range"": 1.0026262971061342, ""doppler"": 0.0, ""angle"": 17.349147984684617, ""elevation"": 0.0}, {""range"": 1.0402280817365168, ""doppler"": 0.0, ""angle"": 23.718482871260935, ""elevation"": 0.0}, {""range"": 1.0698691129511855, ""doppler"": 0.0, ""angle"": 27.4815684075406, ""elevation"": 0.0}]",1785085408732.393
9,"[{""range"": 0.9038800829144644, ""doppler"": 0.0, ""angle"": -17.83276310414096, ""elevation"": 0.0}, {""range"": 0.9454515678157956, ""doppler"": 0.0, ""angle"": 24.611661515284794, ""elevation"": 0.0}, {""range"": 0.9756505294717641, ""doppler"": 0.0, ""angle"": 21.40165983637271, ""elevation"": 0.0}, {""range"": 1.0195149657840537, ""doppler"": 0.0, ""angle"": 22.566527014360283, ""elevation"": 0.0}, {""range"": 1.0475790191830754, ""doppler"": 0.0, ""angle"": 23.56329782971539, ""elevation"": 0.0}, {""range"": 1.0641370023269265, ""doppler"": 0.0, ""angle"": 23.752314479305554, ""elevation"": 0.0}, {""range"": 1.2042927315687988, ""doppler"": 0.0, ""angle"": 30.162744648760878, ""elevation"": 0.0}, {""range"": 1.2365826528367214, ""doppler"": 0.0, ""angle"": 30.607110079249736, ""elevation"": 0.0}, {""range"": 1.2631616927988878, ""doppler"": 0.0, ""angle"": 30.027575204042964, ""elevation"": 0.0}]",1785085408732.414
6,"[{""range"": 0.8780919470497615, ""doppler"": 0.0, ""angle"": -3.9467917487191846, ""elevation"": 0.0}, {""range"": 0.8999750790745442, ""doppler"": 0.0, ""angle"": -0.18214372819660093, ""elevation"": 0.0}, {""range"": 0.9170160167268662, ""doppler"": 0.0, ""angle"": 5.348177540993818, ""elevation"": 0.0}, {""range"": 0.9389221890542906, ""doppler"": 0.0, ""angle"": 11.468290466394906, ""elevation"": 0.0}, {""range"": 0.9650594662000874, ""doppler"": 0.0, ""angle"": 16.490789632497588, ""elevation"": 0.0}, {""range"": 1.2237295782726643, ""doppler"": 0.0, ""angle"": 23.373382828943704, ""elevation"": 0.0}]",1785085408732.43
7,"[{""range"": 0.9071314778608341, ""doppler"": 0.0, ""angle"": -10.931170515683695, ""elevation"": 0.0}, {""range"": 0.8821048153752888, ""doppler"": 0.0, ""angle"": -2.846745095440785, ""elevation"": 0.0}, {""range"": 0.9809420501924246, ""doppler"": 0.0, ""angle"": 15.315576592109132, ""elevation"": 0.0}, {""range"": 0.966350223844014, ""doppler"": 0.0, ""angle"": 19.444151495758785, ""elevation"": 0.0}, {""range"": 1.0121563695491484, ""doppler"": 0.0, ""angle"": 21.124719146072483, ""elevation"": 0.0}, {""range"": 1.2484597965396134, ""doppler"": 0.0, ""angle"": 34.07699536324537, ""elevation"": 0.0}, {""range"": 1.2684603375481276, ""doppler"": 0.0, ""angle"": 35.1104626275196, ""elevation"": 0.0}]",1785085408732.4521
10,"[{""range"": 0.9117534717904663, ""doppler"": 0.0, ""angle"": -1.5621228011642359, ""elevation"": 0.0}, {""range"": 0.9252895278384264, ""doppler"": 0.0, ""angle"": 2.4145232354862456, ""elevation"": 0.0}, {""range"": 0.9384635857652867, ""doppler"": 0.0, ""angle"": 6.454722872767946, ""elevation"": 0.0}, {""range"": 0.9618582201248512, ""doppler"": 0.0, ""angle"": 11.126105315763681, ""elevation"": 0.0}, {""range"": 1.025717439701394, ""doppler"": 0.0, ""angle"": 30.391605773959977, ""elevation"": 0.0}, {""range"": 1.2141440464197686, ""doppler"": 0.0, ""angle"": 29.184920279624514, ""elevation"": 0.0}, {""range"": 1.2297800640880543, ""doppler"": 0.0, ""angle"": 30.397961241078082, ""elevation"": 0.0}, {""range"": 1.273895593207462, ""doppler"": 0.0, ""angle"": 31.9789556605981, ""elevation"": 0.0}, {""range"": 1.3257659421175227, ""doppler"": 0.0, ""angle"": 31.509792768491668, ""elevation"": 0.0}, {""range"": 1.3452916821626577, ""doppler"": 0.0, ""angle"": 28.891870261410972, ""elevation"": 0.0}]",1785085408732.4749
9,"[{""range"": 0.8975988768491857, ""doppler"": 0.0, ""angle"": -6.646489002302834, ""elevation"": 0.0}, {""range"": 0.9087275937863418, ""doppler"": 0.0, ""angle"": -4.684057768402736, ""elevation"": 0.0}, {""range"": 0.9646543746887917, ""doppler"": 0.0, ""angle"": 16.409319199548943, ""elevation"": 0.0}, {""range"": 1.0169621173284014, ""doppler"": 0.0, ""angle"": 20.589060564677432, ""elevation"": 0.0}, {""range"": 1.0557704084582609, ""doppler"": 0.0, ""angle"": 23.708280649248767, ""elevation"": 0.0}, {""range"": 1.066081493278945, ""doppler"": 0.0, ""angle"": 23.727327604533947, ""elevation"": 0.0}, {""range"": 1.2936013632411183, ""doppler"": 0.0, ""angle"": 31.092791684894614, ""elevation"": 0.0}, {""range"": 1.326118110210752, ""doppler"": 0.0, ""angle"": 30.24030988322956, ""elevation"": 0.0}, {""range"": 1.3534928582608015, ""doppler"": 0.0, ""angle"": 29.514854413503237, ""elevation"": 0.0}]",1785085408732.497
9,"[{""range"": 0.9036303212097192, ""doppler"": 0.0, ""angle"": -2.665371255348467, ""elevation"": 0.0}, {""range"": 0.910578020157863, ""doppler"": 0.0, ""angle"": -1.3052760936605936, ""elevation"": 0.0}, {""range"": 0.9262542812040747, ""doppler"": 0.0, ""angle"": 2.9767436523508533, ""elevation"": 0.0}, {""range"": 0.9999625986212931, ""doppler"": 0.0, ""angle"": 9.02269542628351, ""elevation"": 0.0}, {""range"": 1.072008252676438, ""doppler"": 0.0, ""angle"": 23.640322483057236, ""elevation"": 0.0}, {""range"": 1.083046241765213, ""doppler"": 0.0, ""angle"": 25.714688890923714, ""elevation"": 0.0}, {""range"": 1.2233850102186066, ""doppler"": 0.0, ""angle"": 24.55346174974134, ""elevation"": 0.0}, {""range"": 1.133394120589022, ""doppler"": 0.0, ""angle"": 26.771222922166416, ""elevation"": 0.0}, {""range"": 1.1808962793814468, ""doppler"": 0.0, ""angle"": 26.347772903089023, ""elevation"": 0.0}]",1785085408732.517
8,"[{""range"": 0.8827025396480221, ""doppler"": 0.0, ""angle"": -2.1361318398624, ""elevation"": 0.0}, {""range"": 0.9073809982345934, ""doppler"": 0.0, ""angle"": -0.7565222975409951, ""elevation"": 0.0}, {""range"": 0.9173438732873671, ""doppler"": 0.0, ""angle"": 2.010728713403677, ""elevation"": 0.0}, {""range"": 0.931685136794546, ""doppler"": 0.0, ""angle"": 6.679000507050632, ""elevation"": 0.0}, {""range"": 0.9573771185590199, ""doppler"": 0.0, ""angle"": 9.731496211533145, ""elevation"": 0.0}, {""range"": 1.2177697353344075, ""doppler"": 0.0, ""angle"": 27.912141917981796, ""elevation"": 0.0}, {""range"": 1.2414570226920456, ""doppler"": 0.0, ""angle"": 27.576352121081776, ""elevation"": 0.0}, {""range"": 1.2673017359886096, ""doppler"": 0.0, ""angle"": 29.94743470610429, ""elevation"": 0.0}]",1785085408732.5361
7,"[{""range"": 0.9193236868217528, ""doppler"": 0.0, ""angle"": -16.753683534162008, ""elevation"": 0.0}, {""range"": 0.8818966917854565, ""doppler"": 0.0, ""angle"": -4.605419761132832, ""elevation"": 0.0}, {""range"": 0.9007414496161622, ""doppler"": 0.0, ""angle"": -7.2533997629095985, ""elevation"": 0.0}, {""range"": 0.8989909094083373, ""doppler"": 0.0, ""angle"": -10.520944382989958, ""elevation"": 0.0}, {""range"": 0.979114340345683, ""doppler"": 0.0, ""angle"": 21.884962128962368, ""elevation"": 0.0}, {""range"": 0.9551639843283567, ""doppler"": 0.0, ""angle"": 26.987182570880275, ""elevation"": 0.0}, {""range"": 1.0273222972910176, ""doppler"": 0.0, ""angle"": 30.95349460152419, ""elevation"": 0.0}]",1785085408732.553
8,"[{""range"": 0.8858807218032824, ""doppler"": 0.0, ""angle"": -3.8540783259329574, ""elevation"": 0.0}, {""range"": 0.9076549686887643, ""doppler"": 0.0, ""angle"": -3.00388852527754, ""elevation"": 0.0}, {""range"": 0.9162795201217544, ""doppler"": 0.0, ""angle"": -0.5143511040622447, ""elevation"": 0.0}, {""range"": 0.9314610588110138, ""doppler"": 0.0, ""angle"": 3.7423728363196376, ""elevation"": 0.0}, {""range"": 0.9563592762579128, ""doppler"": 0.0, ""angle"": 7.466509448740462, ""elevation"": 0.0}, {""range"": 1.2505132956867653, ""doppler"": 0.0, ""angle"": 32.972004685221705, ""elevation"": 0.0}, {""range"": 1.2813506219702653, ""doppler"": 0.0, ""angle"": 26.90832827994828, ""elevation"": 0.0}, {""range"": 1.3088482550894454, ""doppler"": 0.0, ""angle"": 27.4927660973067, ""elevation"": 0.0}]",1785085408732.5708
8,"[{""range"": 0.886274683600572, ""doppler"": 0.0, ""angle"": -6.755084526160247, ""elevation"": 0.0}, {""range"": 0.9087937761056969, ""doppler"": 0.0, ""angle"": -6.05385217836158, ""elevation"": 0.0}, {""range"": 0.9145145639868085, ""doppler"": 0.0, ""angle"": -6.139771154632256, ""elevation"": 0.0}, {""range"": 0.9242787619312202, ""doppler"": 0.0, ""angle"": -6.6658019941334326, ""elevation"": 0.0}, {""range"": 0.9557070172972386, ""doppler"": 0.0, ""angle"": -7.57976686831033, ""elevation"": 0.0}, {""range"": 1.1219174556119296, ""doppler"": 0.0, ""angle"": 33.631814388559086, ""elevation"": 0.0}, {""range"": 1.0719955017044762, ""doppler"": 0.0, ""angle"": 36.67875313557283, ""elevation"": 0.0}, {""range"": 1.105971006759407, ""doppler"": 0.0, ""angle"": 34.95938730427456, ""elevation"": 0.0}]",1785085408732.59
11,"[{""range"": 0.8864999939564434, ""doppler"": 0.0, ""angle"": -7.696980335792423, ""elevation"": 0.0}, {""range"": 0.9100385027660637, ""doppler"": 0.0, ""angle"": -6.045540991057317, ""elevation"": 0.0}, {""range"": 0.9175692034517583, ""doppler"": 0.0, ""angle"": -4.986184463549066, ""elevation"": 0.0}, {""range"": 0.923956584518746, ""doppler"": 0.0, ""angle"": -4.239671300975314, ""elevation"": 0.0}, {""range"": 0.9595941452047323, ""doppler"": 0.0, ""angle"": 12.658509308797651, ""elevation"": 0.0}, {""range"": 1.0493071803465417, ""doppler"": 0.0, ""angle"": 32.918262389414096, ""elevation"": 0.0}, {""range"": 1.1869038192339236, ""doppler"": 0.0, ""angle"": 28.08619648935641, ""elevation"": 0.0}, {""range"": 1.249954704765215, ""doppler"": 0.0, ""angle"": 29.583233147261403, ""elevation"": 0.0}, {""range"": 1.2986735083740464, ""doppler"": 0.0, ""angle"": 31.44676852187542, ""elevation"": 0.0}, {""range"": 1.3124212399307227, ""doppler"": 0.0, ""angle"": 31.619776187081857, ""elevation"": 0.0}, {""range"": 1.1151643241252323, ""doppler"": 0.0, ""angle"": 37.10141675709243, ""elevation"": 0.0}]",1785085408732.613
5,"[{""range"": 0.9093986934752887, ""doppler"": 0.0, ""angle"": -7.604321583876926, ""elevation"": 0.0}, {""range"": 0.9156349401093918, ""doppler"": 0.0, ""angle"": -7.981356464448083, ""elevation"": 0.0}, {""range"": 0.921996707179362, ""doppler"": 0.0, ""angle"": -9.049459214966229, ""elevation"": 0.0}, {""range"": 1.0780521411797306, ""doppler"": 0.0, ""angle"": 34.088076613919625, ""elevation"": 0.0}, {""range"": 1.0789975958068456, ""doppler"": 0.0, ""angle"": 35.639226805532175, ""elevation"": 0.0}]",1785085408732.628
5,"[{""range"": 0.9072023761157977, ""doppler"": 0.0, ""angle"": -8.478274461772351, ""elevation"": 0.0}, {""range"": 0.9155585134218241, ""doppler"": 0.0, ""angle"": -8.264617816405476, ""elevation"": 0.0}, {""range"": 0.92285790084902, ""doppler"": 0.0, ""angle"": -9.310838163211155, ""elevation"": 0.0}, {""range"": 1.206990215507329, ""doppler"": 0.0, ""angle"": 39.75883807432648, ""elevation"": 0.0}, {""range"": 1.213648519047869, ""doppler"": 0.0, ""angle"": 39.1159710054109, ""elevation"": 0.0}]",1785085408732.643
5,"[{""range"": 0.9105451524633763, ""doppler"": 0.0, ""angle"": -7.549287379333437, ""elevation"": 0.0}, {""range"": 0.9183587902032605, ""doppler"": 0.0, ""angle"": -6.866255832917264, ""elevation"": 0.0}, {""range"": 0.9263058873687318, ""doppler"": 0.0, ""angle"": -6.784790644730246, ""elevation"": 0.0}, {""range"": 0.9526597098302072, ""doppler"": 0.0, ""angle"": -5.514763941308088, ""elevation"": 0.0}, {""range"": 1.226186850829828, ""doppler"": 0.0, ""angle"": 38.42753639282402, ""elevation"": 0.0}]",1785085408732.659
3,"[{""range"": 0.9022797683585914, ""doppler"": 0.0, ""angle"": -12.463532349628084, ""elevation"": 0.0}, {""range"": 0.9143051799332795, ""doppler"": 0.0, ""angle"": -11.129730018181103, ""elevation"": 0.0}, {""range"": 0.9360037041591809, ""doppler"": 0.0, ""angle"": -7.806575737858387, ""elevation"": 0.0}]",1785085408732.6719
3,"[{""range"": 0.9004189822859393, ""doppler"": 0.0, ""angle"": -12.921272230178992, ""elevation"": 0.0}, {""range"": 0.9104901596290732, ""doppler"": 0.0, ""angle"": -11.016427408381876, ""elevation"": 0.0}, {""range"": 0.9299104628030251, ""doppler"": 0.0, ""angle"": -8.67077422465549, ""elevation"": 0.0}]",1785085408732.688
5,"[{""range"": 0.9028401249746785, ""doppler"": 0.0, ""angle"": -9.27763014872744, ""elevation"": 0.0}, {""range"": 0.9113854870340493, ""doppler"": 0.0, ""angle"": -7.0776091635885505, ""elevation"": 0.0}, {""range"": 0.922039084605238, ""doppler"": 0.0, ""angle"": -6.12300063806299, ""elevation"": 0.0}, {""range"": 1.3193079781832076, ""doppler"": 0.0, ""angle"": 33.50699389675537, ""elevation"": 0.0}, {""range"": 1.297302499936636, ""doppler"": 0.0, ""angle"": 35.38344501343871, ""elevation"": 0.0}]",1785085408732.703
5,"[{""range"": 0.8841006489978218, ""doppler"": 0.0, ""angle"": -7.67122148326199, ""elevation"": 0.0}, {""range"": 0.9056890469714813, ""doppler"": 0.0, ""angle"": -7.293388425554518, ""elevation"": 0.0}, {""range"": 0.9088703318833896, ""doppler"": 0.0, ""angle"": -7.438211887482181, ""elevation"": 0.0}, {""range"": 0.9159534818142258, ""doppler"": 0.0, ""angle"": -8.95111111477625, ""elevation"": 0.0}, {""range"": 0.9853785504528711, ""doppler"": 0.0, ""angle"": 31.191996946141405, ""elevation"": 0.0}]",1785085408732.7192
5,"[{""range"": 0.8847196853680517, ""doppler"": 0.0, ""angle"": -7.79437274512294, ""elevation"": 0.0}, {""range"": 0.9058404883611613, ""doppler"": 0.0, ""angle"": -7.0983619310913015, ""elevation"": 0.0}, {""range"": 0.9122874712354347, ""doppler"": 0.0, ""angle"": -6.606831795819854, ""elevation"": 0.0}, {""range"": 0.9232256247182977, ""doppler"": 0.0, ""angle"": -6.584064679579956, ""elevation"": 0.0}, {""range"": 0.9535886085263074, ""doppler"": 0.0, ""angle"": -5.96289221141445, ""elevation"": 0.0}]",1785085408732.736
7,"[{""range"": 0.8841716220107233, ""doppler"": 0.0, ""angle"": -7.168133696472783, ""elevation"": 0.0}, {""range"": 0.9031047098998194, ""doppler"": 0.0, ""angle"": -6.799971330038415, ""elevation"": 0.0}, {""range"": 0.9063080671420624, ""doppler"": 0.0, ""angle"": -7.242796215771864, ""elevation"": 0.0}, {""range"": 0.9139261525720795, ""doppler"": 0.0, ""angle"": -9.220895893434813, ""elevation"": 0.0}, {""range"": 1.250065130756722, ""doppler"": 0.0, ""angle"": 24.724767646398213, ""elevation"": 0.0}, {""range"": 1.2747715483817963, ""doppler"": 0.0, ""angle"": 25.918074892608434, ""elevation"": 0.0}, {""range"": 1.3052074930012678, ""doppler"": 0.0, ""angle"": 27.063537508048938, ""elevation"": 0.0}]",1785085408732.7527
8,"[{""range"": 0.8841968454418454, ""doppler"": 0.0, ""angle"": -5.966551169393579, ""elevation"": 0.0}, {""range"": 0.9021837988534674, ""doppler"": 0.0, ""angle"": -5.151247342203474, ""elevation"": 0.0}, {""range"": 0.907588527175963, ""doppler"": 0.0, ""angle"": -3.8748975594421378, ""elevation"": 0.0}, {""range"": 0.9205267701376865, ""doppler"": 0.0, ""angle"": -1.5806328413323123, ""elevation"": 0.0}, {""range"": 0.9565611597628622, ""doppler"": 0.0, ""angle"": 11.8224635381207, ""elevation"": 0.0}, {""range"": 1.280691837465563, ""doppler"": 0.0, ""angle"": 30.81558521861061, ""elevation"": 0.0}, {""range"": 2.383317691744481, ""doppler"": 0.0, ""angle"": 45.33132634904217, ""elevation"": 0.0}, {""range"": 2.40381750713282, ""doppler"": 0.0, ""angle"": 46.491975804944595, ""elevation"": 0.0}]",1785085408732.775
10,"[{""range"": 0.8817460334620706, ""doppler"": 0.0, ""angle"": -8.172826054719236, ""elevation"": 0.0}, {""range"": 0.9005765823153449, ""doppler"": 0.0, ""angle"": -6.796236669614731, ""elevation"": 0.0}, {""range"": 0.9082615246241952, ""doppler"": 0.0, ""angle"": -5.728551733346384, ""elevation"": 0.0}, {""range"": 0.920629180350697, ""doppler"": 0.0, ""angle"": -3.99840021162758, ""elevation"": 0.0}, {""range"": 0.9660922367549888, ""doppler"": 0.0, ""angle"": 18.619394651866056, ""elevation"": 0.0}, {""range"": 1.2535201665185558, ""doppler"": 0.0, ""angle"": 31.95340168832692, ""elevation"": 0.0}, {""range"": 1.2798419821358327, ""doppler"": 0.0, ""angle"": 30.039777599666643, ""elevation"": 0.0}, {""range"": 1.3086297155503013, ""doppler"": 0.0, ""angle"": 27.89564298618027, ""elevation"": 0.0}, {""range"": 2.38482374432986, ""doppler"": 0.0, ""angle"": 46.69227542211292, ""elevation"": 0.0}, {""range"": 2.4060849850791017, ""doppler"": 0.0, ""angle"": 48.73316052703044, ""elevation"": 0.0}]",1785085408732.7969
8,"[{""range"": 0.8788191335524139, ""doppler"": 0.0, ""angle"": -9.379909870845452, ""elevation"": 0.0}, {""range"": 0.8958957322883345, ""doppler"": 0.0, ""angle"": -7.442747714497963, ""elevation"": 0.0}, {""range"": 0.8994411462067136, ""doppler"": 0.0, ""angle"": -7.757983846164227, ""elevation"": 0.0}, {""range"": 0.919792458939425, ""doppler"": 0.0, ""angle"": -7.821352104374949, ""elevation"": 0.0}, {""range"": 1.156106913793424, ""doppler"": 0.0, ""angle"": 32.711798078902085, ""elevation"": 0.0}, {""range"": 1.1848279429696615, ""doppler"": 0.0, ""angle"": 32.857840580571995, ""elevation"": 0.0}, {""range"": 1.1295268464846773, ""doppler"": 0.0, ""angle"": 34.9429770563347, ""elevation"": 0.0}, {""range"": 1.22301658051498, ""doppler"": 0.0, ""angle"": 36.93523873106248, ""elevation"": 0.0}]",1785085408732.816
10,"[{""range"": 1.4779073356583228, ""doppler"": 0.0, ""angle"": -40.52986293590132, ""elevation"": 0.0}, {""range"": 1.4971500749523754, ""doppler"": 0.0, ""angle"": -39.29036983296218, ""elevation"": 0.0}, {""range"": 0.8802799315898512, ""doppler"": 0.0, ""angle"": -6.824746424391044, ""elevation"": 0.0}, {""range"": 0.8971916942918808, ""doppler"": 0.0, ""angle"": -4.916321333664461, ""elevation"": 0.0}, {""range"": 0.9063604915000772, ""doppler"": 0.0, ""angle"": -3.551655547571828, ""elevation"": 0.0}, {""range"": 0.9216821967937218, ""doppler"": 0.0, ""angle"": -1.3451417705457, ""elevation"": 0.0}, {""range"": 0.9603790782787841, ""doppler"": 0.0, ""angle"": 3.9609667525750436, ""elevation"": 0.0}, {""range"": 1.3364824995227746, ""doppler"": 0.0, ""angle"": 19.045847921539796, ""elevation"": 0.0}, {""range"": 1.0786662577603205, ""doppler"": 0.0, ""angle"": 34.9072056372791, ""elevation"": 0.0}, {""range"": 1.0830884140865762, ""doppler"": 0.0, ""angle"": 36.59557621449766, ""elevation"": 0.0}]",1785085408732.8372
10,"[{""range"": 0.8802792232907305, ""doppler"": 0.0, ""angle"": -10.072704007667978, ""elevation"": 0.0}, {""range"": 0.9014177145851172, ""doppler"": 0.0, ""angle"": -6.2636283935913735, ""elevation"": 0.0}, {""range"": 0.915767401416571, ""doppler"": 0.0, ""angle"": -2.0701653560250315, ""elevation"": 0.0}, {""range"": 0.9305464085196644, ""doppler"": 0.0, ""angle"": 1.58563741109692, ""elevation"": 0.0}, {""range"": 0.9624217454978209, ""doppler"": 0.0, ""angle"": 7.913313429951739, ""elevation"": 0.0}, {""range"": 1.2919841824575264, ""doppler"": 0.0, ""angle"": 25.24923907246318, ""elevation"": 0.0}, {""range"": 1.0509183811785194, ""doppler"": 0.0, ""angle"": 30.15117607620408, ""elevation"": 0.0}, {""range"": 1.331308121252861, ""doppler"": 0.0, ""angle"": 32.04209139631944, ""elevation"": 0.0}, {""range"": 1.3697094262010192, ""doppler"": 0.0, ""angle"": 32.04264797695051, ""elevation"": 0.0}, {""range"": 1.1155092712720092, ""doppler"": 0.0, ""angle"": 35.09886324653442, ""elevation"": 0.0}]",1785085408732.943
12,"[{""range"": 0.9177876673767651, ""doppler"": 0.0, ""angle"": -12.238214531291847, ""elevation"": 0.0}, {""range"": 0.8772087844510208, ""doppler"": 0.0, ""angle"": -7.013470004975547, ""elevation"": 0.0}, {""range"": 0.8864347983609592, ""doppler"": 0.0, ""angle"": -6.54440840667624, ""elevation"": 0.0}, {""range"": 0.8851712570784154, ""doppler"": 0.0, ""angle"": -7.8371030360492835, ""elevation"": 0.0}, {""range"": 1.0079632196904915, ""doppler"": 0.0, ""angle"": 1.8502319585280826, ""elevation"": 0.0}, {""range"": 1.08992620074512, ""doppler"": 0.0, ""angle"": 28.591704665092312, ""elevation"": 0.0}, {""range"": 1.1099405099673088, ""doppler"": 0.0, ""angle"": 27.71683968467338, ""elevation"": 0.0}, {""range"": 1.1275491880801942, ""doppler"": 0.0, ""angle"": 27.247740405366727, ""elevation"": 0.0}, {""range"": 1.1599978015084669, ""doppler"": 0.0, ""angle"": 28.034560607952045, ""elevation"": 0.0}, {""range"": 1.288872232710348, ""doppler"": 0.0, ""angle"": 34.474952525063784, ""elevation"": 0.0}, {""range"": 1.3192744354737935, ""doppler"": 0.0, ""angle"": 34.61411287875249, ""elevation"": 0.0}, {""range"": 2.065485049686709, ""doppler"": 0.0, ""angle"": 39.981492004869175, ""elevation"": 0.0}]",1785085408732.97
6,"[{""range"": 0.8762134577578062, ""doppler"": 0.0, ""angle"": -4.353865968694032, ""elevation"": 0.0}, {""range"": 0.892420487487338, ""doppler"": 0.0, ""angle"": -2.986238216954063, ""elevation"": 0.0}, {""range"": 0.9008351769247608, ""doppler"": 0.0, ""angle"": -1.922413678257546, ""elevation"": 0.0}, {""range"": 0.9172538721297028, ""doppler"": 0.0, ""angle"": -0.9159394987080458, ""elevation"": 0.0}, {""range"": 0.9865113060386912, ""doppler"": 0.0, ""angle"": 29.934239171975317, ""elevation"": 0.0}, {""range"": 1.03856981830949, ""doppler"": 0.0, ""angle"": 32.81998503417152, ""elevation"": 0.0}]",1785085408732.9863
10,"[{""range"": 0.8783600007137872, ""doppler"": 0.0, ""angle"": -8.275263228492975, ""elevation"": 0.0}, {""range"": 0.8924500816483321, ""doppler"": 0.0, ""angle"": -5.495840633280406, ""elevation"": 0.0}, {""range"": 0.8992383328664285, ""doppler"": 0.0, ""angle"": -4.699302709134453, ""elevation"": 0.0}, {""range"": 0.9187543122667522, ""doppler"": 0.0, ""angle"": -3.0010655420495613, ""elevation"": 0.0}, {""range"": 0.9729559310643173, ""doppler"": 0.0, ""angle"": 17.68570060748036, ""elevation"": 0.0}, {""range"": 1.167930833144029, ""doppler"": 0.0, ""angle"": 19.497452723184157, ""elevation"": 0.0}, {""range"": 1.1791186617439744, ""doppler"": 0.0, ""angle"": 20.06179519037116, ""elevation"": 0.0}, {""range"": 1.2404304064868352, ""doppler"": 0.0, ""angle"": 30.761198685498876, ""elevation"": 0.0}, {""range"": 1.2828889916713038, ""doppler"": 0.0, ""angle"": 32.5869560315082, ""elevation"": 0.0}, {""range"": 1.2879750345462535, ""doppler"": 0.0, ""angle"": 32.527320344482916, ""elevation"": 0.0}]",1785085408733.0098
8,"[{""range"": 0.9036105057245063, ""doppler"": 0.0, ""angle"": -0.6803058017042429, ""elevation"": 0.0}, {""range"": 0.93473514565172, ""doppler"": 0.0, ""angle"": 2.072010196692973, ""elevation"": 0.0}, {""range"": 0.9517654989328929, ""doppler"": 0.0, ""angle"": 5.628117777158905, ""elevation"": 0.0}, {""range"": 0.9621789054352029, ""doppler"": 0.0, ""angle"": 5.513522794025993, ""elevation"": 0.0}, {""range"": 0.828713906892606, ""doppler"": 0.0, ""angle"": 24.77341364799595, ""elevation"": 0.0}, {""range"": 1.19668697611735, ""doppler"": 0.0, ""angle"": 19.91873913084645, ""elevation"": 0.0}, {""range"": 0.8034172154442882, ""doppler"": 0.0, ""angle"": 29.77177032576881, ""elevation"": 0.0}, {""range"": 1.2664326699210986, ""doppler"": 0.0, ""angle"": 33.189709819883326, ""elevation"": 0.0}]",1785085408733.029
9,"[{""range"": 0.8800622389915779, ""doppler"": 0.0, ""angle"": 1.4902857354869496, ""elevation"": 0.0}, {""range"": 0.9067629749889896, ""doppler"": 0.0, ""angle"": 1.9663676404750645, ""elevation"": 0.0}, {""range"": 0.9265720018178515, ""doppler"": 0.0, ""angle"": 5.826117538304867, ""elevation"": 0.0}, {""range"": 0.9445341487045241, ""doppler"": 0.0, ""angle"": 9.150256778014878, ""elevation"": 0.0}, {""range"": 0.9664891992422453, ""doppler"": 0.0, ""angle"": 10.586444865208962, ""elevation"": 0.0}, {""range"": 1.0108592263586162, ""doppler"": 0.0, ""angle"": 21.686603525284056, ""elevation"": 0.0}, {""range"": 1.180111344362698, ""doppler"": 0.0, ""angle"": 19.684191501619257, ""elevation"": 0.0}, {""range"": 1.182135903981115, ""doppler"": 0.0, ""angle"": 21.59379949760035, ""elevation"": 0.0}, {""range"": 1.1962745889587671, ""doppler"": 0.0, ""angle"": 21.72189170423437, ""elevation"": 0.0}]",1785085408733.053
9,"[{""range"": 0.9050685435789119, ""doppler"": 0.0, ""angle"": -5.9764178754530635, ""elevation"": 0.0}, {""range"": 0.9184389526593556, ""doppler"": 0.0, ""angle"": -5.687283671926998, ""elevation"": 0.0}, {""range"": 0.9330675752659227, ""doppler"": 0.0, ""angle"": -4.63871713786203, ""elevation"": 0.0}, {""range"": 2.9007457723717565, ""doppler"": 0.0, ""angle"": -6.52702048384657, ""elevation"": 0.0}, {""range"": 2.916214221881157, ""doppler"": 0.0, ""angle"": -7.9477605016284265, ""elevation"": 0.0}, {""range"": 0.8106947549072421, ""doppler"": 0.0, ""angle"": 24.63744666473202, ""elevation"": 0.0}, {""range"": 1.1454038748881452, ""doppler"": 0.0, ""angle"": 20.420995394639185, ""elevation"": 0.0}, {""range"": 0.7728873795991674, ""doppler"": 0.0, ""angle"": 27.98203517545706, ""elevation"": 0.0}, {""range"": 0.7876996348908621, ""doppler"": 0.0, ""angle"": 26.914056684973232, ""elevation"": 0.0}]",1785085408733.0718
7,"[{""range"": 0.9106523368045759, ""doppler"": 0.0, ""angle"": -1.4964851266889143, ""elevation"": 0.0}, {""range"": 0.9373812063083007, ""doppler"": 0.0, ""angle"": 4.06926391176558, ""elevation"": 0.0}, {""range"": 0.9575835456675676, ""doppler"": 0.0, ""angle"": 9.99000611382843, ""elevation"": 0.0}, {""range"": 0.9828729076906321, ""doppler"": 0.0, ""angle"": 10.418591317233226, ""elevation"": 0.0}, {""range"": 0.7751149277555274, ""doppler"": 0.0, ""angle"": 29.14318788173819, ""elevation"": 0.0}, {""range"": 1.161612532987256, ""doppler"": 0.0, ""angle"": 32.34943048699176, ""elevation"": 0.0}, {""range"": 1.1695502635678205, ""doppler"": 0.0, ""angle"": 32.861547636859854, ""elevation"": 0.0}]",1785085408733.091
7,"[{""range"": 0.9067158282524294, ""doppler"": 0.0, ""angle"": -4.513099172438729, ""elevation"": 0.0}, {""range"": 0.9147707739307794, ""doppler"": 0.0, ""angle"": -3.5414030403059296, ""elevation"": 0.0}, {""range"": 0.926942322635894, ""doppler"": 0.0, ""angle"": -1.5254629909681228, ""elevation"": 0.0}, {""range"": 1.1360015894235758, ""doppler"": 0.0, ""angle"": 8.928553668365435, ""elevation"": 0.0}, {""range"": 0.9882820972143271, ""doppler"": 0.0, ""angle"": 16.871025804057407, ""elevation"": 0.0}, {""range"": 1.1127253642918848, ""doppler"": 0.0, ""angle"": 14.956327353574686, ""elevation"": 0.0}, {""range"": 1.0581420589986743, ""doppler"": 0.0, ""angle"": 24.330167893410994, ""elevation"": 0.0}]",1785085408733.1099
8,"[{""range"": 0.8583572492127967, ""doppler"": 0.0, ""angle"": 0.6206799975868706, ""elevation"": 0.0}, {""range"": 0.8837265406169371, ""doppler"": 0.0, ""angle"": -1.6928642680406727, ""elevation"": 0.0}, {""range"": 0.8967207169180926, ""doppler"": 0.0, ""angle"": -1.039757393960555, ""elevation"": 0.0}, {""range"": 1.1192713205948517, ""doppler"": 0.0, ""angle"": 17.85312414631278, ""elevation"": 0.0}, {""range"": 1.025167872932518, ""doppler"": 0.0, ""angle"": 22.597571170658856, ""elevation"": 0.0}, {""range"": 1.1351549380220962, ""doppler"": 0.0, ""angle"": 20.324704163781334, ""elevation"": 0.0}, {""range"": 1.0654962844342095, ""doppler"": 0.0, ""angle"": 26.68545642060645, ""elevation"": 0.0}, {""range"": 1.1672078707080256, ""doppler"": 0.0, ""angle"": 27.212766209059215, ""elevation"": 0.0}]",1785085408733.129
6,"[{""range"": 0.9155510921676404, ""doppler"": 0.0, ""angle"": -6.009005957494525, ""elevation"": 0.0}, {""range"": 0.7800837966568008, ""doppler"": 0.0, ""angle"": 8.55544331050312, ""elevation"": 0.0}, {""range"": 0.9750448547375785, ""doppler"": 0.0, ""angle"": 20.69501386859793, ""elevation"": 0.0}, {""range"": 1.017299503132241, ""doppler"": 0.0, ""angle"": 23.40620696556642, ""elevation"": 0.0}, {""range"": 1.0508611497810465, ""doppler"": 0.0, ""angle"": 24.32776577970897, ""elevation"": 0.0}, {""range"": 1.0844655296494834, ""doppler"": 0.0, ""angle"": 30.061267496577017, ""elevation"": 0.0}]",1785085408733.1462
9,"[{""range"": 0.9123907186475012, ""doppler"": 0.0, ""angle"": -1.370075032693326, ""elevation"": 0.0}, {""range"": 0.9318454609716164, ""doppler"": 0.0, ""angle"": 7.963730643190922, ""elevation"": 0.0}, {""range"": 0.9525822257539133, ""doppler"": 0.0, ""angle"": 12.246495813715775, ""elevation"": 0.0}, {""range"": 0.9912238483740291, ""doppler"": 0.0, ""angle"": 14.489987475467577, ""elevation"": 0.0}, {""range"": 1.1170346325101361, ""doppler"": 0.0, ""angle"": 17.21669055376906, ""elevation"": 0.0}, {""range"": 0.796429575335716, ""doppler"": 0.0, ""angle"": 22.39622838888508, ""elevation"": 0.0}, {""range"": 1.0501701564212675, ""doppler"": 0.0, ""angle"": 23.002596593357843, ""elevation"": 0.0}, {""range"": 1.0834451967715026, ""doppler"": 0.0, ""angle"": 21.01646462246163, ""elevation"": 0.0}, {""range"": 0.8381815576095635, ""doppler"": 0.0, ""angle"": 29.46894916354408, ""elevation"": 0.0}]",1785085408733.166
9,"[{""range"": 0.9028758229686301, ""doppler"": 0.0, ""angle"": 0.5673787547439302, ""elevation"": 0.0}, {""range"": 0.9128762909114617, ""doppler"": 0.0, ""angle"": -2.0205732158976737, ""elevation"": 0.0}, {""range"": 0.9289209547325216, ""doppler"": 0.0, ""angle"": -3.354802805981703, ""elevation"": 0.0}, {""range"": 0.9742807296922603, ""doppler"": 0.0, ""angle"": -0.8307726443775819, ""elevation"": 0.0}, {""range"": 0.8809049741025627, ""doppler"": 0.0, ""angle"": 4.062415077195564, ""elevation"": 0.0}, {""range"": 1.1237441878685681, ""doppler"": 0.0, ""angle"": 16.900967578873914, ""elevation"": 0.0}, {""range"": 1.0869031249848073, ""doppler"": 0.0, ""angle"": 25.418361116340446, ""elevation"": 0.0}, {""range"": 1.0316679045129096, ""doppler"": 0.0, ""angle"": 26.618345429916392, ""elevation"": 0.0}, {""range"": 1.063509835930877, ""doppler"": 0.0, ""angle"": 29.39238824771113, ""elevation"": 0.0}]",1785085408733.185
6,"[{""range"": 0.9150892146259071, ""doppler"": 0.0, ""angle"": 7.81659848173176, ""elevation"": 0.0}, {""range"": 0.9437860605327965, ""doppler"": 0.0, ""angle"": 9.003665940825385, ""elevation"": 0.0}, {""range"": 0.8742566005516926, ""doppler"": 0.0, ""angle"": 12.941914878667118, ""elevation"": 0.0}, {""range"": 0.8962591779756617, ""doppler"": 0.0, ""angle"": 13.969704317141417, ""elevation"": 0.0}, {""range"": 0.9851417101173311, ""doppler"": 0.0, ""angle"": 15.691117906592595, ""elevation"": 0.0}, {""range"": 1.0306598469844068, ""doppler"": 0.0, ""angle"": 22.08383428309879, ""elevation"": 0.0}]",1785085408733.2
4,"[{""range"": 1.0120233336378597, ""doppler"": 0.0, ""angle"": 6.156845877286902, ""elevation"": 0.0}, {""range"": 0.8914871588121702, ""doppler"": 0.0, ""angle"": 11.922987442058654, ""elevation"": 0.0}, {""range"": 1.0440577058138927, ""doppler"": 0.0, ""angle"": 17.615695495815086, ""elevation"": 0.0}, {""range"": 1.0647679133561856, ""doppler"": 0.0, ""angle"": 20.732855676954845, ""elevation"": 0.0}]",1785085408733.215
7,"[{""range"": 0.8883148173767581, ""doppler"": 0.0, ""angle"": 12.55632909629031, ""elevation"": 0.0}, {""range"": 0.914913530285948, ""doppler"": 0.0, ""angle"": 13.218719089181036, ""elevation"": 0.0}, {""range"": 0.9263027979835952, ""doppler"": 0.0, ""angle"": 12.826327037552772, ""elevation"": 0.0}, {""range"": 0.9393270935899557, ""doppler"": 0.0, ""angle"": 12.377379022941973, ""elevation"": 0.0}, {""range"": 0.9689845926726518, ""doppler"": 0.0, ""angle"": 14.556820103263268, ""elevation"": 0.0}, {""range"": 1.0212169148461543, ""doppler"": 0.0, ""angle"": 25.259326624186677, ""elevation"": 0.0}, {""range"": 2.0589763233822165, ""doppler"": 0.0, ""angle"": 41.28890598235797, ""elevation"": 0.0}]",1785085408733.244
6,"[{""range"": 0.813998680456969, ""doppler"": 0.0, ""angle"": 15.101676815061568, ""elevation"": 0.0}, {""range"": 0.962057603668194, ""doppler"": 0.0, ""angle"": 14.279031685856294, ""elevation"": 0.0}, {""range"": 0.8759535443432754, ""doppler"": 0.0, ""angle"": 18.37207180654402, ""elevation"": 0.0}, {""range"": 0.9068596763125136, ""doppler"": 0.0, ""angle"": 20.704140417355816, ""elevation"": 0.0}, {""range"": 0.9139110910678931, ""doppler"": 0.0, ""angle"": 20.154547027478998, ""elevation"": 0.0}, {""range"": 0.926837660377587, ""doppler"": 0.0, ""angle"": 19.02920954570941, ""elevation"": 0.0}]",1785085408733.26
6,"[{""range"": 0.9090966544072154, ""doppler"": 0.0, ""angle"": -8.665620917755824, ""elevation"": 0.0}, {""range"": 0.9204040782261222, ""doppler"": 0.0, ""angle"": -7.771181954933369, ""elevation"": 0.0}, {""range"": 0.9321890595811049, ""doppler"": 0.0, ""angle"": -8.493811114390573, ""elevation"": 0.0}, {""range"": 1.084807475840596, ""doppler"": 0.0, ""angle"": 21.668122942487063, ""elevation"": 0.0}, {""range"": 1.0934838332127148, ""doppler"": 0.0, ""angle"": 23.240419427101667, ""elevation"": 0.0}, {""range"": 1.1190148293651954, ""doppler"": 0.0, ""angle"": 23.636192977384884, ""elevation"": 0.0}]",1785085408733.275
4,"[{""range"": 0.9107729545769452, ""doppler"": 0.0, ""angle"": -10.990044841364163, ""elevation"": 0.0}, {""range"": 0.9184137470646614, ""doppler"": 0.0, ""angle"": -8.092239627459916, ""elevation"": 0.0}, {""range"": 0.9309811443083797, ""doppler"": 0.0, ""angle"": -9.764456992472423, ""elevation"": 0.0}, {""range"": 0.9698990599785302, ""doppler"": 0.0, ""angle"": 8.534944161707939, ""elevation"": 0.0}]",1785085408733.289
6,"[{""range"": 0.9158879215899755, ""doppler"": 0.0, ""angle"": -11.053258225111827, ""elevation"": 0.0}, {""range"": 0.9237547403961729, ""doppler"": 0.0, ""angle"": -14.999287904437745, ""elevation"": 0.0}, {""range"": 0.9051293060063564, ""doppler"": 0.0, ""angle"": -9.931262869878346, ""elevation"": 0.0}, {""range"": 1.1070778492942428, ""doppler"": 0.0, ""angle"": 23.72476021190667, ""elevation"": 0.0}, {""range"": 1.077859916039317, ""doppler"": 0.0, ""angle"": 27.121922432074708, ""elevation"": 0.0}, {""range"": 1.0840374106196515, ""doppler"": 0.0, ""angle"": 27.220193838666887, ""elevation"": 0.0}]",1785085408733.305
7,"[{""range"": 1.4787393539799405, ""doppler"": 0.0, ""angle"": -43.47619655971728, ""elevation"": 0.0}, {""range"": 0.8666377221420831, ""doppler"": 0.0, ""angle"": 14.030509015709919, ""elevation"": 0.0}, {""range"": 0.8965972815143447, ""doppler"": 0.0, ""angle"": 13.529067257808595, ""elevation"": 0.0}, {""range"": 0.9180363811695499, ""doppler"": 0.0, ""angle"": 13.218793248259502, ""elevation"": 0.0}, {""range"": 0.9374632552210158, ""doppler"": 0.0, ""angle"": 13.861303159973067, ""elevation"": 0.0}, {""range"": 0.9747876435017823, ""doppler"": 0.0, ""angle"": 17.221729567290172, ""elevation"": 0.0}, {""range"": 1.038449511236251, ""doppler"": 0.0, ""angle"": 25.92527122055631, ""elevation"": 0.0}]",1785085408733.322
7,"[{""range"": 1.4736632617739858, ""doppler"": 0.0, ""angle"": -39.18423761814545, ""elevation"": 0.0}, {""range"": 1.4924668902569558, ""doppler"": 0.0, ""angle"": -39.90137452459374, ""elevation"": 0.0}, {""range"": 0.9287822448051762, ""doppler"": 0.0, ""angle"": -5.1694616874116, ""elevation"": 0.0}, {""range"": 0.9060140852958702, ""doppler"": 0.0, ""angle"": -3.179202860199993, ""elevation"": 0.0}, {""range"": 0.9658300756635235, ""doppler"": 0.0, ""angle"": 4.970659673402698, ""elevation"": 0.0}, {""range"": 0.9884831863529305, ""doppler"": 0.0, ""angle"": 11.604671706532093, ""elevation"": 0.0}, {""range"": 1.022233158347728, ""doppler"": 0.0, ""angle"": 21.44407159339648, ""elevation"": 0.0}]",1785085408820.5928
7,"[{""range"": 1.4748133741323384, ""doppler"": 0.0, ""angle"": -39.850043644546936, ""elevation"": 0.0}, {""range"": 1.4930738658696636, ""doppler"": 0.0, ""angle"": -41.01809213206787, ""elevation"": 0.0}, {""range"": 0.9085111041736249, ""doppler"": 0.0, ""angle"": -5.772308862896346, ""elevation"": 0.0}, {""range"": 0.9370963414047039, ""doppler"": 0.0, ""angle"": -6.684288276140784, ""elevation"": 0.0}, {""range"": 0.8945846862426658, ""doppler"": 0.0, ""angle"": -2.2567375536632066, ""elevation"": 0.0}, {""range"": 0.9953787314323086, ""doppler"": 0.0, ""angle"": 12.385906273660812, ""elevation"": 0.0}, {""range"": 1.0239961017578019, ""doppler"": 0.0, ""angle"": 21.201290797098927, ""elevation"": 0.0}]",1785085408920.4119
5,"[{""range"": 1.4766000400935793, ""doppler"": 0.0, ""angle"": -40.36347924080655, ""elevation"": 0.0}, {""range"": 1.4930171788519522, ""doppler"": 0.0, ""angle"": -42.20398783035489, ""elevation"": 0.0}, {""range"": 0.8842414321986377, ""doppler"": 0.0, ""angle"": -0.22014448001982748, ""elevation"": 0.0}, {""range"": 0.9095776752266186, ""doppler"": 0.0, ""angle"": 0.9687313215582755, ""elevation"": 0.0}, {""range"": 0.9469548539704615, ""doppler"": 0.0, ""angle"": 4.950526852400941, ""elevation"": 0.0}]",1785085409021.3198
6,"[{""range"": 1.495587282696676, ""doppler"": 0.0, ""angle"": -43.44006408653735, ""elevation"": 0.0}, {""range"": 1.4759924855312319, ""doppler"": 0.0, ""angle"": -41.44907748136484, ""elevation"": 0.0}, {""range"": 0.9301626898241069, ""doppler"": 0.0, ""angle"": -5.371931973132761, ""elevation"": 0.0}, {""range"": 0.9386872524740529, ""doppler"": 0.0, ""angle"": -3.451062182504753, ""elevation"": 0.0}, {""range"": 1.2506309588682316, ""doppler"": 0.0, ""angle"": 32.40396366527809, ""elevation"": 0.0}, {""range"": 1.265454704095688, ""doppler"": 0.0, ""angle"": 33.121956330239534, ""elevation"": 0.0}]",1785085409121.0999
7,"[{""range"": 1.4742109718665322, ""doppler"": 0.0, ""angle"": -41.14931403121421, ""elevation"": 0.0}, {""range"": 1.4918273791383256, ""doppler"": 0.0, ""angle"": -43.227229238611564, ""elevation"": 0.0}, {""range"": 0.9421207991644327, ""doppler"": 0.0, ""angle"": -2.4257833763426895, ""elevation"": 0.0}, {""range"": 0.9519186791410988, ""doppler"": 0.0, ""angle"": 1.3670017380830919, ""elevation"": 0.0}, {""range"": 0.9710032133220301, ""doppler"": 0.0, ""angle"": 7.066123951229664, ""elevation"": 0.0}, {""range"": 1.2505689326777418, ""doppler"": 0.0, ""angle"": 31.64238829462294, ""elevation"": 0.0}, {""range"": 1.2584530884385197, ""doppler"": 0.0, ""angle"": 31.354695446722346, ""elevation"": 0.0}]",1785085409220.9868
7,"[{""range"": 1.4724029377834078, ""doppler"": 0.0, ""angle"": -40.749975334562, ""elevation"": 0.0}, {""range"": 1.4928093758637129, ""doppler"": 0.0, ""angle"": -41.88773721376289, ""elevation"": 0.0}, {""range"": 0.9044983084525213, ""doppler"": 0.0, ""angle"": -0.6456546444790292, ""elevation"": 0.0}, {""range"": 0.9254446891205341, ""doppler"": 0.0, ""angle"": 1.3618194318568024, ""elevation"": 0.0}, {""range"": 0.951218635966539, ""doppler"": 0.0, ""angle"": 5.512323802839152, ""elevation"": 0.0}, {""range"": 0.9724219386464076, ""doppler"": 0.0, ""angle"": 8.672467921759676, ""elevation"": 0.0}, {""range"": 1.2501675544855988, ""doppler"": 0.0, ""angle"": 33.737798845062244, ""elevation"": 0.0}]",1785085409320.858
6,"[{""range"": 1.4969532051603633, ""doppler"": 0.0, ""angle"": -41.1885005173508, ""elevation"": 0.0}, {""range"": 0.9041292451506282, ""doppler"": 0.0, ""angle"": 0.5779243781077562, ""elevation"": 0.0}, {""range"": 0.9210316947524444, ""doppler"": 0.0, ""angle"": 2.7151998805457986, ""elevation"": 0.0}, {""range"": 0.9500239104319245, ""doppler"": 0.0, ""angle"": 8.16975551720698, ""elevation"": 0.0}, {""range"": 0.9855747168108758, ""doppler"": 0.0, ""angle"": 12.064263609117837, ""elevation"": 0.0}, {""range"": 1.0255902002709183, ""doppler"": 0.0, ""angle"": 13.83999262256684, ""elevation"": 0.0}]",1785085409420.68
8,"[{""range"": 0.8155508301456857, ""doppler"": 0.0, ""angle"": -3.9603118304583846, ""elevation"": 0.0}, {""range"": 0.8454632934943344, ""doppler"": 0.0, ""angle"": -3.7592617811347977, ""elevation"": 0.0}, {""range"": 0.8911451610156297, ""doppler"": 0.0, ""angle"": -4.822836456117624, ""elevation"": 0.0}, {""range"": 0.7831847215984421, ""doppler"": 0.0, ""angle"": -2.970846833308048, ""elevation"": 0.0}, {""range"": 0.7983456445442075, ""doppler"": 0.0, ""angle"": -3.132847705090568, ""elevation"": 0.0}, {""range"": 1.1105992245747531, ""doppler"": 0.0, ""angle"": 26.424782411842873, ""elevation"": 0.0}, {""range"": 1.2494462535532374, ""doppler"": 0.0, ""angle"": 31.16485274067231, ""elevation"": 0.0}, {""range"": 1.2594664738346193, ""doppler"": 0.0, ""angle"": 30.974917141528294, ""elevation"": 0.0}]",1785085409520.577
8,"[{""range"": 0.9545209914859696, ""doppler"": 0.0, ""angle"": -0.28980383182834446, ""elevation"": 0.0}, {""range"": 0.9687384468304461, ""doppler"": 0.0, ""angle"": 3.7465389533677627, ""elevation"": 0.0}, {""range"": 0.9828333484753334, ""doppler"": 0.0, ""angle"": 6.4138662590461495, ""elevation"": 0.0}, {""range"": 1.0194979515470282, ""doppler"": 0.0, ""angle"": 11.944555333481988, ""elevation"": 0.0}, {""range"": 1.0794634072036078, ""doppler"": 0.0, ""angle"": 22.282564282395008, ""elevation"": 0.0}, {""range"": 1.2637292348362625, ""doppler"": 0.0, ""angle"": 33.07620766287046, ""elevation"": 0.0}, {""range"": 1.2866784368946682, ""doppler"": 0.0, ""angle"": 32.65867821085355, ""elevation"": 0.0}, {""range"": 1.3051241495780466, ""doppler"": 0.0, ""angle"": 28.422508781913397, ""elevation"": 0.0}]",1785085409620.48
6,"[{""range"": 0.9218022211377105, ""doppler"": 0.0, ""angle"": -4.528275736760115, ""elevation"": 0.0}, {""range"": 0.9385753831985502, ""doppler"": 0.0, ""angle"": -3.692088769327013, ""elevation"": 0.0}, {""range"": 0.9557709334259358, ""doppler"": 0.0, ""angle"": -0.2679857890631061, ""elevation"": 0.0}, {""range"": 0.9860172131110961, ""doppler"": 0.0, ""angle"": 7.502635125374944, ""elevation"": 0.0}, {""range"": 1.0248282259263537, ""doppler"": 0.0, ""angle"": 12.79230202714093, ""elevation"": 0.0}, {""range"": 1.1399351147983776, ""doppler"": 0.0, ""angle"": 24.128573812986893, ""elevation"": 0.0}]",1785085409721.282
11,"[{""range"": 1.472990667472249, ""doppler"": 0.0, ""angle"": -41.9344791968302, ""elevation"": 0.0}, {""range"": 0.9214883209969795, ""doppler"": 0.0, ""angle"": -3.2593878392812883, ""elevation"": 0.0}, {""range"": 0.9374862603720429, ""doppler"": 0.0, ""angle"": -2.919162340042793, ""elevation"": 0.0}, {""range"": 0.9503921751389683, ""doppler"": 0.0, ""angle"": -1.5633025220582506, ""elevation"": 0.0}, {""range"": 0.9709521716181849, ""doppler"": 0.0, ""angle"": 1.0763459226797958, ""elevation"": 0.0}, {""range"": 1.0073104429910573, ""doppler"": 0.0, ""angle"": 4.4899741337806125, ""elevation"": 0.0}, {""range"": 1.257013324051784, ""doppler"": 0.0, ""angle"": 30.994508106317294, ""elevation"": 0.0}, {""range"": 1.2731025968218075, ""doppler"": 0.0, ""angle"": 32.13419122587683, ""elevation"": 0.0}, {""range"": 1.2879187294356735, ""doppler"": 0.0, ""angle"": 33.45840577291149, ""elevation"": 0.0}, {""range"": 0.7393692391289923, ""doppler"": 0.0, ""angle"": 42.7360198476349, ""elevation"": 0.0}, {""range"": 0.748955797507291, ""doppler"": 0.0, ""angle"": 43.76178351518417, ""elevation"": 0.0}]",1785085409826.2131
7,"[{""range"": 0.9307787451813659, ""doppler"": 0.0, ""angle"": -4.804776177565873, ""elevation"": 0.0}, {""range"": 0.9239724512243521, ""doppler"": 0.0, ""angle"": -2.3180870549330637, ""elevation"": 0.0}, {""range"": 1.1582737019884952, ""doppler"": 0.0, ""angle"": 21.252795469703084, ""elevation"": 0.0}, {""range"": 1.1780169708988337, ""doppler"": 0.0, ""angle"": 18.974006111534823, ""elevation"": 0.0}, {""range"": 0.8270869545467455, ""doppler"": 0.0, ""angle"": 52.59001284534513, ""elevation"": 0.0}, {""range"": 0.8406257771194431, ""doppler"": 0.0, ""angle"": 51.77226693945884, ""elevation"": 0.0}, {""range"": 0.8491614684794135, ""doppler"": 0.0, ""angle"": 51.00855940524475, ""elevation"": 0.0}]",1785085409921.06
6,"[{""range"": 0.9166709339235519, ""doppler"": 0.0, ""angle"": -4.441565744601886, ""elevation"": 0.0}, {""range"": 0.9290412828865889, ""doppler"": 0.0, ""angle"": -4.43761187462154, ""elevation"": 0.0}, {""range"": 0.9397549434011035, ""doppler"": 0.0, ""angle"": -4.255723320373518, ""elevation"": 0.0}, {""range"": 0.9679424381292917, ""doppler"": 0.0, ""angle"": 0.391633258165605, ""elevation"": 0.0}, {""range"": 1.0345845564620038, ""doppler"": 0.0, ""angle"": 20.624428303820206, ""elevation"": 0.0}, {""range"": 1.1811594732996287, ""doppler"": 0.0, ""angle"": 18.829934534705217, ""elevation"": 0.0}]",1785085410020.916
6,"[{""range"": 0.9159619295955417, ""doppler"": 0.0, ""angle"": -2.3831501364735295, ""elevation"": 0.0}, {""range"": 0.930166402326062, ""doppler"": 0.0, ""angle"": -1.04643219306428, ""elevation"": 0.0}, {""range"": 0.9834736802316727, ""doppler"": 0.0, ""angle"": 42.376699787420065, ""elevation"": 0.0}, {""range"": 0.966419507257256, ""doppler"": 0.0, ""angle"": 50.427894581001105, ""elevation"": 0.0}, {""range"": 2.3901983421017956, ""doppler"": 0.0, ""angle"": 46.28218788516478, ""elevation"": 0.0}, {""range"": 2.412210478858753, ""doppler"": 0.0, ""angle"": 46.28850970307529, ""elevation"": 0.0}]",1785085410120.789
6,"[{""range"": 1.4743642087844582, ""doppler"": 0.0, ""angle"": -42.13906702970192, ""elevation"": 0.0}, {""range"": 0.9207023731405287, ""doppler"": 0.0, ""angle"": -1.9365854813805972, ""elevation"": 0.0}, {""range"": 0.9298432044637059, ""doppler"": 0.0, ""angle"": -0.2754583561352399, ""elevation"": 0.0}, {""range"": 0.9342758560400292, ""doppler"": 0.0, ""angle"": 1.5244560489464885, ""elevation"": 0.0}, {""range"": 0.9686210199799729, ""doppler"": 0.0, ""angle"": 7.862346045965155, ""elevation"": 0.0}, {""range"": 2.4117870694088563, ""doppler"": 0.0, ""angle"": 46.37286485948014, ""elevation"": 0.0}]",1785085410220.638
6,"[{""range"": 0.9227215714526312, ""doppler"": 0.0, ""angle"": -4.256490234402715, ""elevation"": 0.0}, {""range"": 0.9390387499986923, ""doppler"": 0.0, ""angle"": -2.3682300081936067, ""elevation"": 0.0}, {""range"": 1.0113707589458818, ""doppler"": 0.0, ""angle"": 31.56834720524546, ""elevation"": 0.0}, {""range"": 0.9736802944767592, ""doppler"": 0.0, ""angle"": 37.86114074740208, ""elevation"": 0.0}, {""range"": 0.9564968785812078, ""doppler"": 0.0, ""angle"": 48.06135335860222, ""elevation"": 0.0}, {""range"": 2.4130715245987235, ""doppler"": 0.0, ""angle"": 46.72351945375709, ""elevation"": 0.0}]",1785085410320.501
9,"[{""range"": 0.9235823488732519, ""doppler"": 0.0, ""angle"": -3.5742584911000534, ""elevation"": 0.0}, {""range"": 0.9403375125509016, ""doppler"": 0.0, ""angle"": -1.852528177728151, ""elevation"": 0.0}, {""range"": 0.9526579645359458, ""doppler"": 0.0, ""angle"": 1.807042102243112, ""elevation"": 0.0}, {""range"": 0.9752329851145334, ""doppler"": 0.0, ""angle"": 6.1998152207240755, ""elevation"": 0.0}, {""range"": 1.009722308910542, ""doppler"": 0.0, ""angle"": 9.458986014975174, ""elevation"": 0.0}, {""range"": 1.2257461603013156, ""doppler"": 0.0, ""angle"": 25.925841167734987, ""elevation"": 0.0}, {""range"": 1.253578692582303, ""doppler"": 0.0, ""angle"": 29.311007291827732, ""elevation"": 0.0}, {""range"": 1.2716427460908533, ""doppler"": 0.0, ""angle"": 31.059095117880663, ""elevation"": 0.0}, {""range"": 1.2950525958042114, ""doppler"": 0.0, ""angle"": 33.17443698499218, ""elevation"": 0.0}]",1785085410421.3782
11,"[{""range"": 0.9106797760744193, ""doppler"": 0.0, ""angle"": -4.527269679190503, ""elevation"": 0.0}, {""range"": 0.9336611664011082, ""doppler"": 0.0, ""angle"": -4.107507478720959, ""elevation"": 0.0}, {""range"": 0.9516482960679042, ""doppler"": 0.0, ""angle"": 1.572008397244323, ""elevation"": 0.0}, {""range"": 0.9847718455731308, ""doppler"": 0.0, ""angle"": 12.34035770176543, ""elevation"": 0.0}, {""range"": 1.0160717238911634, ""doppler"": 0.0, ""angle"": 15.295799159542344, ""elevation"": 0.0}, {""range"": 1.170940381247071, ""doppler"": 0.0, ""angle"": 21.180737612106796, ""elevation"": 0.0}, {""range"": 1.191383153515413, ""doppler"": 0.0, ""angle"": 19.071300689670814, ""elevation"": 0.0}, {""range"": 1.2262302149593411, ""doppler"": 0.0, ""angle"": 21.622986205323368, ""elevation"": 0.0}, {""range"": 1.2710749515897308, ""doppler"": 0.0, ""angle"": 30.670700188398936, ""elevation"": 0.0}, {""range"": 0.8272962476702405, ""doppler"": 0.0, ""angle"": 48.162829126060636, ""elevation"": 0.0}, {""range"": 0.8430931561834673, ""doppler"": 0.0, ""angle"": 49.64518548278638, ""elevation"": 0.0}]",1785085410526.3538
8,"[{""range"": 0.919941387455449, ""doppler"": 0.0, ""angle"": -6.461948322495633, ""elevation"": 0.0}, {""range"": 0.9414078151617623, ""doppler"": 0.0, ""angle"": -3.484688360332516, ""elevation"": 0.0}, {""range"": 0.9613774156414475, ""doppler"": 0.0, ""angle"": 5.892982106789839, ""elevation"": 0.0}, {""range"": 1.0277986803710513, ""doppler"": 0.0, ""angle"": 10.201422987059212, ""elevation"": 0.0}, {""range"": 0.984578165987973, ""doppler"": 0.0, ""angle"": 11.375236083882434, ""elevation"": 0.0}, {""range"": 1.1068708194919115, ""doppler"": 0.0, ""angle"": 17.943201882553108, ""elevation"": 0.0}, {""range"": 1.1463127751306812, ""doppler"": 0.0, ""angle"": 16.80111622636298, ""elevation"": 0.0}, {""range"": 0.7694588822346956, ""doppler"": 0.0, ""angle"": 47.213091827887034, ""elevation"": 0.0}]",1785085410621.096
6,"[{""range"": 0.9407328349051435, ""doppler"": 0.0, ""angle"": -10.491873629962047, ""elevation"": 0.0}, {""range"": 0.9650696708253932, ""doppler"": 0.0, ""angle"": -1.1359979716392825, ""elevation"": 0.0}, {""range"": 0.9926279753020619, ""doppler"": 0.0, ""angle"": 8.9227244230106, ""elevation"": 0.0}, {""range"": 1.0331187796434667, ""doppler"": 0.0, ""angle"": 11.825325801850674, ""elevation"": 0.0}, {""range"": 1.1463987947784755, ""doppler"": 0.0, ""angle"": 25.449897062313322, ""elevation"": 0.0}, {""range"": 1.1631730287618602, ""doppler"": 0.0, ""angle"": 24.098426010527174, ""elevation"": 0.0}]",1785085410720.948
8,"[{""range"": 0.9176035966768612, ""doppler"": 0.0, ""angle"": -6.658306560815164, ""elevation"": 0.0}, {""range"": 0.9306876383305126, ""doppler"": 0.0, ""angle"": -6.1323129547493105, ""elevation"": 0.0}, {""range"": 0.9534432924857418, ""doppler"": 0.0, ""angle"": -0.22565737970060484, ""elevation"": 0.0}, {""range"": 0.9884208841503834, ""doppler"": 0.0, ""angle"": 10.275179233922527, ""elevation"": 0.0}, {""range"": 1.1556006249295063, ""doppler"": 0.0, ""angle"": 21.666410198213097, ""elevation"": 0.0}, {""range"": 1.1928725271110971, ""doppler"": 0.0, ""angle"": 23.256106186783672, ""elevation"": 0.0}, {""range"": 1.2406042722315853, ""doppler"": 0.0, ""angle"": 29.306469686127013, ""elevation"": 0.0}, {""range"": 1.2778183624421222, ""doppler"": 0.0, ""angle"": 34.98216754996445, ""elevation"": 0.0}]",1785085410820.8042
6,"[{""range"": 0.6980210753328546, ""doppler"": 0.0, ""angle"": 2.466600948525398, ""elevation"": 0.0}, {""range"": 0.6759946736483742, ""doppler"": 0.0, ""angle"": 3.594296915630687, ""elevation"": 0.0}, {""range"": 0.9443307605787937, ""doppler"": 0.0, ""angle"": 6.512718351105026, ""elevation"": 0.0}, {""range"": 0.9617194233188726, ""doppler"": 0.0, ""angle"": 9.341478468936605, ""elevation"": 0.0}, {""range"": 0.9778481321774194, ""doppler"": 0.0, ""angle"": 8.87839469978523, ""elevation"": 0.0}, {""range"": 2.086688481184482, ""doppler"": 0.0, ""angle"": 37.87842861506436, ""elevation"": 0.0}]",1785085410920.7083
5,"[{""range"": 0.9280407532033601, ""doppler"": 0.0, ""angle"": -10.861760140234022, ""elevation"": 0.0}, {""range"": 0.8756888070480253, ""doppler"": 0.0, ""angle"": -0.5264932628462519, ""elevation"": 0.0}, {""range"": 0.9860538072662821, ""doppler"": 0.0, ""angle"": 10.331796941303246, ""elevation"": 0.0}, {""range"": 1.0031383623747383, ""doppler"": 0.0, ""angle"": 7.878781347384253, ""elevation"": 0.0}, {""range"": 1.2371270832044956, ""doppler"": 0.0, ""angle"": 32.79195129951094, ""elevation"": 0.0}]",1785085411020.574
6,"[{""range"": 0.8548087868388724, ""doppler"": 0.0, ""angle"": -2.9737310824801084, ""elevation"": 0.0}, {""range"": 0.8740537782401726, ""doppler"": 0.0, ""angle"": 1.6646973387366175, ""elevation"": 0.0}, {""range"": 0.9069054229353827, ""doppler"": 0.0, ""angle"": 7.181065027049845, ""elevation"": 0.0}, {""range"": 0.9845742202370652, ""doppler"": 0.0, ""angle"": 5.690920234363023, ""elevation"": 0.0}, {""range"": 0.9537877261261178, ""doppler"": 0.0, ""angle"": 13.012329499312548, ""elevation"": 0.0}, {""range"": 1.2490112353089113, ""doppler"": 0.0, ""angle"": 30.861063428249334, ""elevation"": 0.0}]",1785085411120.4211
8,"[{""range"": 0.8797933592675476, ""doppler"": 0.0, ""angle"": -5.680466130197899, ""elevation"": 0.0}, {""range"": 0.8975542589676855, ""doppler"": 0.0, ""angle"": -4.502010288166655, ""elevation"": 0.0}, {""range"": 0.9070427899657741, ""doppler"": 0.0, ""angle"": -3.696112880978235, ""elevation"": 0.0}, {""range"": 0.9550889464438497, ""doppler"": 0.0, ""angle"": -4.865196676567775, ""elevation"": 0.0}, {""range"": 0.9194015393960356, ""doppler"": 0.0, ""angle"": -2.4411489633251757, ""elevation"": 0.0}, {""range"": 1.0450203617084433, ""doppler"": 0.0, ""angle"": 28.437540813247384, ""elevation"": 0.0}, {""range"": 1.2448966134857553, ""doppler"": 0.0, ""angle"": 32.84549591098122, ""elevation"": 0.0}, {""range"": 1.2624515645415906, ""doppler"": 0.0, ""angle"": 35.004652129321144, ""elevation"": 0.0}]",1785085411221.301
7,"[{""range"": 1.4712167658830093, ""doppler"": 0.0, ""angle"": -40.909471571842985, ""elevation"": 0.0}, {""range"": 1.494872534341314, ""doppler"": 0.0, ""angle"": -42.139530850914355, ""elevation"": 0.0}, {""range"": 0.9118045135157203, ""doppler"": 0.0, ""angle"": -5.582017178721729, ""elevation"": 0.0}, {""range"": 0.9197819605592815, ""doppler"": 0.0, ""angle"": -5.958865166829314, ""elevation"": 0.0}, {""range"": 0.9295572162360981, ""doppler"": 0.0, ""angle"": -3.8052770179275477, ""elevation"": 0.0}, {""range"": 0.9755558125975994, ""doppler"": 0.0, ""angle"": 13.677098846953093, ""elevation"": 0.0}, {""range"": 1.028146380409875, ""doppler"": 0.0, ""angle"": 27.567792070205407, ""elevation"": 0.0}]",1785085411321.1782
7,"[{""range"": 1.4707981334675122, ""doppler"": 0.0, ""angle"": -42.05814614648493, ""elevation"": 0.0}, {""range"": 0.9058584901991914, ""doppler"": 0.0, ""angle"": -11.05041637475088, ""elevation"": 0.0}, {""range"": 0.8903438840449712, ""doppler"": 0.0, ""angle"": -3.0738723359593223, ""elevation"": 0.0}, {""range"": 0.9817286421953365, ""doppler"": 0.0, ""angle"": 16.431354755521863, ""elevation"": 0.0}, {""range"": 0.9943354763054281, ""doppler"": 0.0, ""angle"": 14.401100219221942, ""elevation"": 0.0}, {""range"": 1.0291858087670422, ""doppler"": 0.0, ""angle"": 22.720178213308014, ""elevation"": 0.0}, {""range"": 1.0800561168861118, ""doppler"": 0.0, ""angle"": 26.78564689846943, ""elevation"": 0.0}]",1785085411421.044
9,"[{""range"": 1.4710629511447066, ""doppler"": 0.0, ""angle"": -40.721405072545394, ""elevation"": 0.0}, {""range"": 0.8840617696454728, ""doppler"": 0.0, ""angle"": -6.212213894161448, ""elevation"": 0.0}, {""range"": 0.9054719014965992, ""doppler"": 0.0, ""angle"": -5.314283664935135, ""elevation"": 0.0}, {""range"": 0.9181071860928032, ""doppler"": 0.0, ""angle"": -3.4726172312065775, ""elevation"": 0.0}, {""range"": 0.9316274620725828, ""doppler"": 0.0, ""angle"": -0.21994433042420616, ""elevation"": 0.0}, {""range"": 0.9575474329014128, ""doppler"": 0.0, ""angle"": 3.500916255019771, ""elevation"": 0.0}, {""range"": 1.0563719775730689, ""doppler"": 0.0, ""angle"": 32.67054324957867, ""elevation"": 0.0}, {""range"": 1.0953612839053772, ""doppler"": 0.0, ""angle"": 29.775044905375932, ""elevation"": 0.0}, {""range"": 1.135494516292011, ""doppler"": 0.0, ""angle"": 30.31229174675097, ""elevation"": 0.0}]",1785085411520.9229
9,"[{""range"": 0.7912661866293056, ""doppler"": 0.0, ""angle"": -4.406649861255362, ""elevation"": 0.0}, {""range"": 0.8072671266640061, ""doppler"": 0.0, ""angle"": -5.197875961546735, ""elevation"": 0.0}, {""range"": 0.8133941030104616, ""doppler"": 0.0, ""angle"": -5.867258446265083, ""elevation"": 0.0}, {""range"": 0.8513819654077827, ""doppler"": 0.0, ""angle"": -5.544154455144689, ""elevation"": 0.0}, {""range"": 0.9061371553775395, ""doppler"": 0.0, ""angle"": -3.8584487636874574, ""elevation"": 0.0}, {""range"": 0.9354339886176527, ""doppler"": 0.0, ""angle"": -5.858807247759407, ""elevation"": 0.0}, {""range"": 1.0904717197664293, ""doppler"": 0.0, ""angle"": 27.62814115082723, ""elevation"": 0.0}, {""range"": 1.2321821308070322, ""doppler"": 0.0, ""angle"": 33.99677977735386, ""elevation"": 0.0}, {""range"": 1.2523024238472527, ""doppler"": 0.0, ""angle"": 33.81032699510388, ""elevation"": 0.0}]",1785085411620.7512
12,"[{""range"": 0.9116172880941336, ""doppler"": 0.0, ""angle"": 2.810772252379863, ""elevation"": 0.0}, {""range"": 0.9391384946556623, ""doppler"": 0.0, ""angle"": 6.900397151550692, ""elevation"": 0.0}, {""range"": 0.956355113780025, ""doppler"": 0.0, ""angle"": 8.895212727379883, ""elevation"": 0.0}, {""range"": 0.969207319165194, ""doppler"": 0.0, ""angle"": 6.344861138305186, ""elevation"": 0.0}, {""range"": 1.1882223609279041, ""doppler"": 0.0, ""angle"": 25.693553058952332, ""elevation"": 0.0}, {""range"": 1.1060491785958664, ""doppler"": 0.0, ""angle"": 30.088412876057188, ""elevation"": 0.0}, {""range"": 1.1389449078045353, ""doppler"": 0.0, ""angle"": 27.3978151112338, ""elevation"": 0.0}, {""range"": 1.229758691807798, ""doppler"": 0.0, ""angle"": 28.428277626799577, ""elevation"": 0.0}, {""range"": 1.2742631757780465, ""doppler"": 0.0, ""angle"": 30.11985354381423, ""elevation"": 0.0}, {""range"": 1.3145944409845358, ""doppler"": 0.0, ""angle"": 26.540653681345226, ""elevation"": 0.0}, {""range"": 1.078241351804444, ""doppler"": 0.0, ""angle"": 35.0737544933483, ""elevation"": 0.0}, {""range"": 2.062695961264135, ""doppler"": 0.0, ""angle"": 42.93791940008371, ""elevation"": 0.0}]",1785085411726.581
7,"[{""range"": 0.9195598152471448, ""doppler"": 0.0, ""angle"": -5.713919002178761, ""elevation"": 0.0}, {""range"": 0.9311031636227826, ""doppler"": 0.0, ""angle"": -5.399646421861078, ""elevation"": 0.0}, {""range"": 0.9416746192597302, ""doppler"": 0.0, ""angle"": -4.061586893473292, ""elevation"": 0.0}, {""range"": 0.9840579861427485, ""doppler"": 0.0, ""angle"": 7.74875453299163, ""elevation"": 0.0}, {""range"": 1.0292474141476002, ""doppler"": 0.0, ""angle"": 15.37385178740552, ""elevation"": 0.0}, {""range"": 1.2618211639230859, ""doppler"": 0.0, ""angle"": 32.44690571192319, ""elevation"": 0.0}, {""range"": 1.2794884224030267, ""doppler"": 0.0, ""angle"": 33.92991821946555, ""elevation"": 0.0}]",1785085411820.5
7,"[{""range"": 0.9185077423093078, ""doppler"": 0.0, ""angle"": -3.515801131977174, ""elevation"": 0.0}, {""range"": 0.9372321321220429, ""doppler"": 0.0, ""angle"": -1.7274270051908556, ""elevation"": 0.0}, {""range"": 0.9527741370991114, ""doppler"": 0.0, ""angle"": 2.301784339775011, ""elevation"": 0.0}, {""range"": 0.9751142089827106, ""doppler"": 0.0, ""angle"": 8.308408146321058, ""elevation"": 0.0}, {""range"": 1.0184931532685828, ""doppler"": 0.0, ""angle"": 15.749187708981175, ""elevation"": 0.0}, {""range"": 1.1418228008377693, ""doppler"": 0.0, ""angle"": 28.15429727714994, ""elevation"": 0.0}, {""range"": 0.7188445150655154, ""doppler"": 0.0, ""angle"": 51.382483017152154, ""elevation"": 0.0}]",1785085411920.369
8,"[{""range"": 0.936701412951663, ""doppler"": 0.0, ""angle"": 2.3522489378028886, ""elevation"": 0.0}, {""range"": 0.955255869670996, ""doppler"": 0.0, ""angle"": 4.025249954956964, ""elevation"": 0.0}, {""range"": 0.9742246084567202, ""doppler"": 0.0, ""angle"": 8.167283257121904, ""elevation"": 0.0}, {""range"": 1.0086654388219642, ""doppler"": 0.0, ""angle"": 16.086312037453045, ""elevation"": 0.0}, {""range"": 1.2920684848200137, ""doppler"": 0.0, ""angle"": 32.2802313925377, ""elevation"": 0.0}, {""range"": 0.8303259842364181, ""doppler"": 0.0, ""angle"": 50.2860591053983, ""elevation"": 0.0}, {""range"": 0.8462599308758018, ""doppler"": 0.0, ""angle"": 50.2378312700838, ""elevation"": 0.0}, {""range"": 0.8592092159362305, ""doppler"": 0.0, ""angle"": 47.84261568394055, ""elevation"": 0.0}]",1785085412021.2988
5,"[{""range"": 0.9241100146950465, ""doppler"": 0.0, ""angle"": -10.885945791628059, ""elevation"": 0.0}, {""range"": 0.915831853053484, ""doppler"": 0.0, ""angle"": -7.403916879801293, ""elevation"": 0.0}, {""range"": 0.9189978065045455, ""doppler"": 0.0, ""angle"": -8.267267630148798, ""elevation"": 0.0}, {""range"": 0.9923390409154329, ""doppler"": 0.0, ""angle"": 23.377537567986234, ""elevation"": 0.0}, {""range"": 1.0170933126396686, ""doppler"": 0.0, ""angle"": 25.614488915314578, ""elevation"": 0.0}]",1785085412121.08
7,"[{""range"": 0.9181157185358328, ""doppler"": 0.0, ""angle"": -6.643341189624037, ""elevation"": 0.0}, {""range"": 0.9267883263421626, ""doppler"": 0.0, ""angle"": -6.84804182855857, ""elevation"": 0.0}, {""range"": 0.9367060041151963, ""doppler"": 0.0, ""angle"": -4.1050985131625755, ""elevation"": 0.0}, {""range"": 0.9745111538857977, ""doppler"": 0.0, ""angle"": 10.124302029054276, ""elevation"": 0.0}, {""range"": 1.2956304397530864, ""doppler"": 0.0, ""angle"": 31.40857375685432, ""elevation"": 0.0}, {""range"": 1.3150391176291947, ""doppler"": 0.0, ""angle"": 30.540202248063864, ""elevation"": 0.0}, {""range"": 1.0205187579908888, ""doppler"": 0.0, ""angle"": 49.61213297046478, ""elevation"": 0.0}]",1785085412221.001
6,"[{""range"": 1.4697221561560594, ""doppler"": 0.0, ""angle"": -38.76214342190901, ""elevation"": 0.0}, {""range"": 0.9189009384978851, ""doppler"": 0.0, ""angle"": -7.907776230245417, ""elevation"": 0.0}, {""range"": 0.9286331158417447, ""doppler"": 0.0, ""angle"": -7.980317965969613, ""elevation"": 0.0}, {""range"": 0.9373325124853124, ""doppler"": 0.0, ""angle"": -8.745331250625624, ""elevation"": 0.0}, {""range"": 0.9666481668282515, ""doppler"": 0.0, ""angle"": -1.0387365794243146, ""elevation"": 0.0}, {""range"": 1.0170851075340115, ""doppler"": 0.0, ""angle"": 21.060653821098747, ""elevation"": 0.0}]",1785085412320.8562
5,"[{""range"": 1.471315877345324, ""doppler"": 0.0, ""angle"": -40.924556663089064, ""elevation"": 0.0}, {""range"": 0.9221712154574011, ""doppler"": 0.0, ""angle"": -6.401536240149716, ""elevation"": 0.0}, {""range"": 0.9309570682456528, ""doppler"": 0.0, ""angle"": -5.975595999970241, ""elevation"": 0.0}, {""range"": 0.9331695000672198, ""doppler"": 0.0, ""angle"": -5.222260726550675, ""elevation"": 0.0}, {""range"": 0.9513714673111645, ""doppler"": 0.0, ""angle"": -2.822609774532355, ""elevation"": 0.0}]",1785085412420.7092
6,"[{""range"": 1.4748955077304666, ""doppler"": 0.0, ""angle"": -40.21025210521096, ""elevation"": 0.0}, {""range"": 0.9208592101241898, ""doppler"": 0.0, ""angle"": -4.19817734532374, ""elevation"": 0.0}, {""range"": 0.9329496856645791, ""doppler"": 0.0, ""angle"": -4.407970111182793, ""elevation"": 0.0}, {""range"": 0.9394516706724795, ""doppler"": 0.0, ""angle"": -4.3008440145146665, ""elevation"": 0.0}, {""range"": 0.9596384274964321, ""doppler"": 0.0, ""angle"": -2.6379512097049815, ""elevation"": 0.0}, {""range"": 1.017114170914849, ""doppler"": 0.0, ""angle"": 24.956649411598605, ""elevation"": 0.0}]",1785085412520.549
6,"[{""range"": 1.4770982706739457, ""doppler"": 0.0, ""angle"": -40.4290121012788, ""elevation"": 0.0}, {""range"": 1.497544676348313, ""doppler"": 0.0, ""angle"": -42.43521996028504, ""elevation"": 0.0}, {""range"": 0.9222727323519372, ""doppler"": 0.0, ""angle"": -4.615114152148012, ""elevation"": 0.0}, {""range"": 0.9325040209062772, ""doppler"": 0.0, ""angle"": -4.619481010749313, ""elevation"": 0.0}, {""range"": 0.9377449058302056, ""doppler"": 0.0, ""angle"": -4.648413354759712, ""elevation"": 0.0}, {""range"": 0.9644470076674532, ""doppler"": 0.0, ""angle"": -0.8392439948525671, ""elevation"": 0.0}]",1785085412620.39
6,"[{""range"": 1.4748427723506954, ""doppler"": 0.0, ""angle"": -40.66835392866653, ""elevation"": 0.0}, {""range"": 0.9222114005643974, ""doppler"": 0.0, ""angle"": -4.425971204826239, ""elevation"": 0.0}, {""range"": 0.9324425048099527, ""doppler"": 0.0, ""angle"": -4.840289075872679, ""elevation"": 0.0}, {""range"": 0.936834922992106, ""doppler"": 0.0, ""angle"": -6.047930492506576, ""elevation"": 0.0}, {""range"": 0.959560573934046, ""doppler"": 0.0, ""angle"": -6.08668790353943, ""elevation"": 0.0}, {""range"": 1.0222064300993599, ""doppler"": 0.0, ""angle"": 17.027566711703127, ""elevation"": 0.0}]",1785085412721.2522
8,"[{""range"": 1.4757219440421394, ""doppler"": 0.0, ""angle"": -40.41981506655734, ""elevation"": 0.0}, {""range"": 1.497027022352107, ""doppler"": 0.0, ""angle"": -41.60569053905549, ""elevation"": 0.0}, {""range"": 0.9589796799365273, ""doppler"": 0.0, ""angle"": -11.192600536347978, ""elevation"": 0.0}, {""range"": 0.9213636749287525, ""doppler"": 0.0, ""angle"": -5.490408830009839, ""elevation"": 0.0}, {""range"": 0.9322816145158206, ""doppler"": 0.0, ""angle"": -5.690910255070011, ""elevation"": 0.0}, {""range"": 0.9364345064903933, ""doppler"": 0.0, ""angle"": -7.593197400074469, ""elevation"": 0.0}, {""range"": 1.0208899848726978, ""doppler"": 0.0, ""angle"": 20.86026358078382, ""elevation"": 0.0}, {""range"": 1.0006119245387328, ""doppler"": 0.0, ""angle"": 30.95146469197917, ""elevation"": 0.0}]",1785085412821.127
8,"[{""range"": 1.475207155380421, ""doppler"": 0.0, ""angle"": -39.954959135008295, ""elevation"": 0.0}, {""range"": 0.9278483438843744, ""doppler"": 0.0, ""angle"": -5.385370812262485, ""elevation"": 0.0}, {""range"": 0.9280043521720306, ""doppler"": 0.0, ""angle"": -9.26993340281773, ""elevation"": 0.0}, {""range"": 0.9150410991662706, ""doppler"": 0.0, ""angle"": -3.259948389620543, ""elevation"": 0.0}, {""range"": 1.0234163677997898, ""doppler"": 0.0, ""angle"": 13.973115674700628, ""elevation"": 0.0}, {""range"": 1.0044108574692836, ""doppler"": 0.0, ""angle"": 24.260766941882796, ""elevation"": 0.0}, {""range"": 1.2358181974596, ""doppler"": 0.0, ""angle"": 23.311801618915005, ""elevation"": 0.0}, {""range"": 0.8720702779702763, ""doppler"": 0.0, ""angle"": 54.67400684122403, ""elevation"": 0.0}]",1785085412921.033
9,"[{""range"": 1.4734941980432201, ""doppler"": 0.0, ""angle"": -39.60348454623197, ""elevation"": 0.0}, {""range"": 0.9328660572648487, ""doppler"": 0.0, ""angle"": -13.863104726299708, ""elevation"": 0.0}, {""range"": 0.9171557914869739, ""doppler"": 0.0, ""angle"": -6.414207696873953, ""elevation"": 0.0}, {""range"": 0.925575884714439, ""doppler"": 0.0, ""angle"": -8.599729373845626, ""elevation"": 0.0}, {""range"": 1.0271960971081915, ""doppler"": 0.0, ""angle"": 11.049774531128364, ""elevation"": 0.0}, {""range"": 1.0027586505909523, ""doppler"": 0.0, ""angle"": 19.989216861262406, ""elevation"": 0.0}, {""range"": 1.1609927322407518, ""doppler"": 0.0, ""angle"": 25.02968818831325, ""elevation"": 0.0}, {""range"": 1.1226136607101034, ""doppler"": 0.0, ""angle"": 33.13826307457771, ""elevation"": 0.0}, {""range"": 1.1500930963296936, ""doppler"": 0.0, ""angle"": 27.21045300551687, ""elevation"": 0.0}]",1785085413020.9028
7,"[{""range"": 0.9381057717134812, ""doppler"": 0.0, ""angle"": -15.681368832717013, ""elevation"": 0.0}, {""range"": 0.915569688844039, ""doppler"": 0.0, ""angle"": -7.451187926770741, ""elevation"": 0.0}, {""range"": 0.9238466174732078, ""doppler"": 0.0, ""angle"": -10.065797202951229, ""elevation"": 0.0}, {""range"": 1.0160112707827482, ""doppler"": 0.0, ""angle"": 11.594708268231734, ""elevation"": 0.0}, {""range"": 1.0023359862094536, ""doppler"": 0.0, ""angle"": 18.299192406567673, ""elevation"": 0.0}, {""range"": 1.1960954823693555, ""doppler"": 0.0, ""angle"": 24.350380641899402, ""elevation"": 0.0}, {""range"": 2.421003168993183, ""doppler"": 0.0, ""angle"": 48.81208434696753, ""elevation"": 0.0}]",1785085413120.769
7,"[{""range"": 0.9229863636485847, ""doppler"": 0.0, ""angle"": -7.021756014623266, ""elevation"": 0.0}, {""range"": 0.9415002619261713, ""doppler"": 0.0, ""angle"": -5.83186532350685, ""elevation"": 0.0}, {""range"": 0.9559134872937217, ""doppler"": 0.0, ""angle"": -2.17623539078148, ""elevation"": 0.0}, {""range"": 0.9795099099636109, ""doppler"": 0.0, ""angle"": 7.415624879865185, ""elevation"": 0.0}, {""range"": 1.0169442743389807, ""doppler"": 0.0, ""angle"": 15.512246841911468, ""elevation"": 0.0}, {""range"": 1.2880301208062572, ""doppler"": 0.0, ""angle"": 27.141333511666318, ""elevation"": 0.0}, {""range"": 0.7065901567550329, ""doppler"": 0.0, ""angle"": 34.51449713213818, ""elevation"": 0.0}]",1785085413220.632
4,"[{""range"": 0.9229409117570847, ""doppler"": 0.0, ""angle"": -7.178714345844351, ""elevation"": 0.0}, {""range"": 0.9393332036982668, ""doppler"": 0.0, ""angle"": -6.997848932239232, ""elevation"": 0.0}, {""range"": 0.9461788576101591, ""doppler"": 0.0, ""angle"": -5.6179339035599725, ""elevation"": 0.0}, {""range"": 0.9660047748806033, ""doppler"": 0.0, ""angle"": -0.5939371943881361, ""elevation"": 0.0}]",1785085413320.4639
8,"[{""range"": 1.47284756701638, ""doppler"": 0.0, ""angle"": -39.932041805873794, ""elevation"": 0.0}, {""range"": 0.9218958708982301, ""doppler"": 0.0, ""angle"": -6.448190345613575, ""elevation"": 0.0}, {""range"": 0.9340868191456644, ""doppler"": 0.0, ""angle"": -5.470488796268214, ""elevation"": 0.0}, {""range"": 0.93826532252115, ""doppler"": 0.0, ""angle"": -4.897849082777933, ""elevation"": 0.0}, {""range"": 0.9549717161959242, ""doppler"": 0.0, ""angle"": -4.90886540841948, ""elevation"": 0.0}, {""range"": 1.1955343058793304, ""doppler"": 0.0, ""angle"": 22.364752884202712, ""elevation"": 0.0}, {""range"": 2.079815002790848, ""doppler"": 0.0, ""angle"": 40.53343780299484, ""elevation"": 0.0}, {""range"": 2.0875211532335816, ""doppler"": 0.0, ""angle"": 39.15266136999785, ""elevation"": 0.0}]",1785085413420.372
10,"[{""range"": 0.9006682499875983, ""doppler"": 0.0, ""angle"": -6.451991923603295, ""elevation"": 0.0}, {""range"": 0.9378719261376193, ""doppler"": 0.0, ""angle"": -3.8700270165637907, ""elevation"": 0.0}, {""range"": 0.7154739687710053, ""doppler"": 0.0, ""angle"": 0.6014332300822189, ""elevation"": 0.0}, {""range"": 0.7419021165745647, ""doppler"": 0.0, ""angle"": -0.16571401229383206, ""elevation"": 0.0}, {""range"": 0.7712250169897782, ""doppler"": 0.0, ""angle"": -0.06642215841139354, ""elevation"": 0.0}, {""range"": 0.8232904241086074, ""doppler"": 0.0, ""angle"": -0.4977787833066581, ""elevation"": 0.0}, {""range"": 0.9677321742609991, ""doppler"": 0.0, ""angle"": 4.535929795898972, ""elevation"": 0.0}, {""range"": 0.9856496721584326, ""doppler"": 0.0, ""angle"": 8.681359681670353, ""elevation"": 0.0}, {""range"": 1.2845256881963965, ""doppler"": 0.0, ""angle"": 30.806452402181076, ""elevation"": 0.0}, {""range"": 1.298923964264097, ""doppler"": 0.0, ""angle"": 27.214107479618747, ""elevation"": 0.0}]",1785085413526.301
6,"[{""range"": 0.9104303169092179, ""doppler"": 0.0, ""angle"": -12.94991312046546, ""elevation"": 0.0}, {""range"": 0.8120238644252388, ""doppler"": 0.0, ""angle"": -6.384777723594181, ""elevation"": 0.0}, {""range"": 0.8283731858974822, ""doppler"": 0.0, ""angle"": -5.785663278409537, ""elevation"": 0.0}, {""range"": 0.8573297436998534, ""doppler"": 0.0, ""angle"": -6.5750957354776265, ""elevation"": 0.0}, {""range"": 0.9770022417258583, ""doppler"": 0.0, ""angle"": 23.17242868780665, ""elevation"": 0.0}, {""range"": 0.9985596594362433, ""doppler"": 0.0, ""angle"": 18.74966849659055, ""elevation"": 0.0}]",1785085413621.06
9,"[{""range"": 1.4781846261896752, ""doppler"": 0.0, ""angle"": -40.77645767326379, ""elevation"": 0.0}, {""range"": 1.498462818117039, ""doppler"": 0.0, ""angle"": -41.42004671563341, ""elevation"": 0.0}, {""range"": 0.8734291959415418, ""doppler"": 0.0, ""angle"": -3.944379183709977, ""elevation"": 0.0}, {""range"": 0.8966209964091005, ""doppler"": 0.0, ""angle"": -4.323336971195682, ""elevation"": 0.0}, {""range"": 0.9200320988107352, ""doppler"": 0.0, ""angle"": -3.945186229037563, ""elevation"": 0.0}, {""range"": 0.953175153334873, ""doppler"": 0.0, ""angle"": 0.8169201062665249, ""elevation"": 0.0}, {""range"": 0.9827939991400716, ""doppler"": 0.0, ""angle"": 7.432756286936237, ""elevation"": 0.0}, {""range"": 1.2545534786468762, ""doppler"": 0.0, ""angle"": 32.39665777489388, ""elevation"": 0.0}, {""range"": 1.2679419071007725, ""doppler"": 0.0, ""angle"": 33.367353569867106, ""elevation"": 0.0}]",1785085413720.954
