num_points,points,timestamp_ms
5,"[{""range"": 0.8842412875574818, ""doppler"": 0.0, ""angle"": -10.450969199178447, ""elevation"": 0.0}, {""range"": 0.9096721968479312, ""doppler"": 0.0, ""angle"": -8.375390248627987, ""elevation"": 0.0}, {""range"": 0.9214083717831878, ""doppler"": 0.0, ""angle"": -4.775645834592665, ""elevation"": 0.0}, {""range"": 0.9378897393133359, ""doppler"": 0.0, ""angle"": 0.27309506967701497, ""elevation"": 0.0}, {""range"": 0.9649497265265804, ""doppler"": 0.0, ""angle"": 5.103109480761418, ""elevation"": 0.0}]",1785085593428.313
9,"[{""range"": 1.4823652722994, ""doppler"": 0.0, ""angle"": -39.50823675347272, ""elevation"": 0.0}, {""range"": 1.4972737367375182, ""doppler"": 0.0, ""angle"": -37.903190137042294, ""elevation"": 0.0}, {""range"": 0.8864632036704239, ""doppler"": 0.0, ""angle"": -9.943037604959232, ""elevation"": 0.0}, {""range"": 0.9096646045479388, ""doppler"": 0.0, ""angle"": -8.056834133846554, ""elevation"": 0.0}, {""range"": 0.9186374747592205, ""doppler"": 0.0, ""angle"": -6.72938323044917, ""elevation"": 0.0}, {""range"": 0.9307310457422294, ""doppler"": 0.0, ""angle"": -4.054245900765704, ""elevation"": 0.0}, {""range"": 0.9546972410225976, ""doppler"": 0.0, ""angle"": -0.25755561831853746, ""elevation"": 0.0}, {""range"": 1.1705930987779325, ""doppler"": 0.0, ""angle"": 17.715329530522773, ""elevation"": 0.0}, {""range"": 1.1595353334778487, ""doppler"": 0.0, ""angle"": 19.250849950946826, ""elevation"": 0.0}]",1785085593428.692
7,"[{""range"": 1.4794941847879182, ""doppler"": 0.0, ""angle"": -40.023684301199914, ""elevation"": 0.0}, {""range"": 1.4931349085495014, ""doppler"": 0.0, ""angle"": -40.28350072722533, ""elevation"": 0.0}, {""range"": 0.8975346121472652, ""doppler"": 0.0, ""angle"": -10.828617160316918, ""elevation"": 0.0}, {""range"": 0.9052164329157675, ""doppler"": 0.0, ""angle"": -12.979346966526835, ""elevation"": 0.0}, {""range"": 0.955200957107283, ""doppler"": 0.0, ""angle"": 15.683147513634362, ""elevation"": 0.0}, {""range"": 0.9818668574761295, ""doppler"": 0.0, ""angle"": 16.04859269051776, ""elevation"": 0.0}, {""range"": 1.2495732674062876, ""doppler"": 0.0, ""angle"": 33.60820347379431, ""elevation"": 0.0}]",1785085593428.759
6,"[{""range"": 0.910808762920055, ""doppler"": 0.0, ""angle"": -15.848054046751164, ""elevation"": 0.0}, {""range"": 0.9346847061671616, ""doppler"": 0.0, ""angle"": -5.621157172674485, ""elevation"": 0.0}, {""range"": 0.9557671698361924, ""doppler"": 0.0, ""angle"": -0.2143891940599776, ""elevation"": 0.0}, {""range"": 0.978484831374258, ""doppler"": 0.0, ""angle"": 1.5812552222319467, ""elevation"": 0.0}, {""range"": 1.1572846670819312, ""doppler"": 0.0, ""angle"": 15.118463807230071, ""elevation"": 0.0}, {""range"": 1.1819069880367594, ""doppler"": 0.0, ""angle"": 18.90918180230135, ""elevation"": 0.0}]",1785085593428.821
7,"[{""range"": 1.497045091630949, ""doppler"": 0.0, ""angle"": -39.479607215256905, ""elevation"": 0.0}, {""range"": 0.9063275590559501, ""doppler"": 0.0, ""angle"": -10.906447738961464, ""elevation"": 0.0}, {""range"": 0.9192923839507992, ""doppler"": 0.0, ""angle"": -8.69278111696351, ""elevation"": 0.0}, {""range"": 0.9398673526805349, ""doppler"": 0.0, ""angle"": -4.200560783769082, ""elevation"": 0.0}, {""range"": 0.972062957390076, ""doppler"": 0.0, ""angle"": -0.45321323300817873, ""elevation"": 0.0}, {""range"": 1.1609560200558147, ""doppler"": 0.0, ""angle"": 12.68770167514796, ""elevation"": 0.0}, {""range"": 1.1697915743633784, ""doppler"": 0.0, ""angle"": 15.825092505061145, ""elevation"": 0.0}]",1785085593428.9192
8,"[{""range"": 1.4800911639216727, ""doppler"": 0.0, ""angle"": -40.04043576546124, ""elevation"": 0.0}, {""range"": 1.4955682016607525, ""doppler"": 0.0, ""angle"": -40.835350800532034, ""elevation"": 0.0}, {""range"": 0.9060604392445464, ""doppler"": 0.0, ""angle"": -18.86046666648886, ""elevation"": 0.0}, {""range"": 0.9006491681175754, ""doppler"": 0.0, ""angle"": -15.440689813411261, ""elevation"": 0.0}, {""range"": 0.998350751567364, ""doppler"": 0.0, ""angle"": 7.212844436118719, ""elevation"": 0.0}, {""range"": 1.020509546476895, ""doppler"": 0.0, ""angle"": 5.157163069754225, ""elevation"": 0.0}, {""range"": 0.9765983061499837, ""doppler"": 0.0, ""angle"": 13.662215581493264, ""elevation"": 0.0}, {""range"": 2.3861530785484977, ""doppler"": 0.0, ""angle"": 47.18649558235153, ""elevation"": 0.0}]",1785085593428.977
9,"[{""range"": 1.482267180079589, ""doppler"": 0.0, ""angle"": -42.628909081720906, ""elevation"": 0.0}, {""range"": 1.4987473779931269, ""doppler"": 0.0, ""angle"": -40.96535258428003, ""elevation"": 0.0}, {""range"": 0.8754476207257316, ""doppler"": 0.0, ""angle"": -15.046756402706496, ""elevation"": 0.0}, {""range"": 0.8847443510784844, ""doppler"": 0.0, ""angle"": -16.78686765488064, ""elevation"": 0.0}, {""range"": 0.9438064723426419, ""doppler"": 0.0, ""angle"": 8.28976008006391, ""elevation"": 0.0}, {""range"": 0.9587626481385014, ""doppler"": 0.0, ""angle"": 7.814255636155011, ""elevation"": 0.0}, {""range"": 0.9762311494268232, ""doppler"": 0.0, ""angle"": 9.084473683224816, ""elevation"": 0.0}, {""range"": 1.0067083641933479, ""doppler"": 0.0, ""angle"": 11.443656313401556, ""elevation"": 0.0}, {""range"": 1.1556666553375008, ""doppler"": 0.0, ""angle"": 15.19524852681988, ""elevation"": 0.0}]",1785085593429.491
11,"[{""range"": 1.4971721150686719, ""doppler"": 0.0, ""angle"": -38.72606835903277, ""elevation"": 0.0}, {""range"": 0.8790667058709225, ""doppler"": 0.0, ""angle"": -12.368262634702148, ""elevation"": 0.0}, {""range"": 0.9024008142992311, ""doppler"": 0.0, ""angle"": -9.24767635275416, ""elevation"": 0.0}, {""range"": 0.9167444427394595, ""doppler"": 0.0, ""angle"": -4.205848720931776, ""elevation"": 0.0}, {""range"": 0.9352830485637241, ""doppler"": 0.0, ""angle"": 0.7777725562431587, ""elevation"": 0.0}, {""range"": 0.9624433899613959, ""doppler"": 0.0, ""angle"": 6.08979835779628, ""elevation"": 0.0}, {""range"": 1.1300036898458032, ""doppler"": 0.0, ""angle"": 17.915995087265475, ""elevation"": 0.0}, {""range"": 1.1574209520832652, ""doppler"": 0.0, ""angle"": 17.20880924471925, ""elevation"": 0.0}, {""range"": 1.1818253520409268, ""doppler"": 0.0, ""angle"": 19.838680490780213, ""elevation"": 0.0}, {""range"": 1.2208800125414163, ""doppler"": 0.0, ""angle"": 26.354888783487908, ""elevation"": 0.0}, {""range"": 1.2500257908572674, ""doppler"": 0.0, ""angle"": 29.968532955418567, ""elevation"": 0.0}]",1785085593429.596
8,"[{""range"": 1.480555123842332, ""doppler"": 0.0, ""angle"": -38.66521178308487, ""elevation"": 0.0}, {""range"": 1.495591387492754, ""doppler"": 0.0, ""angle"": -37.52891322825607, ""elevation"": 0.0}, {""range"": 0.8819577636222652, ""doppler"": 0.0, ""angle"": -14.320804155890212, ""elevation"": 0.0}, {""range"": 0.9079974387582854, ""doppler"": 0.0, ""angle"": -10.553114515462475, ""elevation"": 0.0}, {""range"": 0.9207191988454428, ""doppler"": 0.0, ""angle"": -8.307926581593904, ""elevation"": 0.0}, {""range"": 0.9334174551775913, ""doppler"": 0.0, ""angle"": -5.386219048471915, ""elevation"": 0.0}, {""range"": 0.9600097985257587, ""doppler"": 0.0, ""angle"": -2.1455858222177007, ""elevation"": 0.0}, {""range"": 1.1541645505119884, ""doppler"": 0.0, ""angle"": 17.28677237044852, ""elevation"": 0.0}]",1785085593429.6948
8,"[{""range"": 1.4769524507579226, ""doppler"": 0.0, ""angle"": -39.59152336905573, ""elevation"": 0.0}, {""range"": 0.8729046483296057, ""doppler"": 0.0, ""angle"": -13.335952307416033, ""elevation"": 0.0}, {""range"": 0.8749322683554352, ""doppler"": 0.0, ""angle"": -16.84617342245311, ""elevation"": 0.0}, {""range"": 0.946478978221387, ""doppler"": 0.0, ""angle"": 6.312697998071263, ""elevation"": 0.0}, {""range"": 0.9579872881617146, ""doppler"": 0.0, ""angle"": 6.010685299176238, ""elevation"": 0.0}, {""range"": 0.9412441091360376, ""doppler"": 0.0, ""angle"": 12.898346136051764, ""elevation"": 0.0}, {""range"": 1.1575799954229662, ""doppler"": 0.0, ""angle"": 18.835181503523195, ""elevation"": 0.0}, {""range"": 1.1636520215706054, ""doppler"": 0.0, ""angle"": 22.34421774183521, ""elevation"": 0.0}]",1785085593429.9
10,"[{""range"": 1.4772639025574354, ""doppler"": 0.0, ""angle"": -38.794114453580484, ""elevation"": 0.0}, {""range"": 1.4906482127998435, ""doppler"": 0.0, ""angle"": -39.54860949848239, ""elevation"": 0.0}, {""range"": 0.8795508628179101, ""doppler"": 0.0, ""angle"": -12.67157623073163, ""elevation"": 0.0}, {""range"": 0.9055989467466052, ""doppler"": 0.0, ""angle"": -9.501379897547118, ""elevation"": 0.0}, {""range"": 0.9201850019237694, ""doppler"": 0.0, ""angle"": -6.090594766018229, ""elevation"": 0.0}, {""range"": 0.9375235210387264, ""doppler"": 0.0, ""angle"": -2.743983966668757, ""elevation"": 0.0}, {""range"": 0.9582706809046819, ""doppler"": 0.0, ""angle"": -2.224376128804584, ""elevation"": 0.0}, {""range"": 1.1392067493881024, ""doppler"": 0.0, ""angle"": 18.002664834205607, ""elevation"": 0.0}, {""range"": 1.1554144661005987, ""doppler"": 0.0, ""angle"": 18.179779172625274, ""elevation"": 0.0}, {""range"": 1.1593491445411697, ""doppler"": 0.0, ""angle"": 20.014061702316816, ""elevation"": 0.0}]",1785085593429.9688
9,"[{""range"": 1.4766410090544706, ""doppler"": 0.0, ""angle"": -40.343919165022484, ""elevation"": 0.0}, {""range"": 0.8892307464440266, ""doppler"": 0.0, ""angle"": -15.416799485936693, ""elevation"": 0.0}, {""range"": 0.8994272108080392, ""doppler"": 0.0, ""angle"": -16.49303530737562, ""elevation"": 0.0}, {""range"": 0.940441301391798, ""doppler"": 0.0, ""angle"": 8.242570732773478, ""elevation"": 0.0}, {""range"": 1.126707408980718, ""doppler"": 0.0, ""angle"": 10.1185974121163, ""elevation"": 0.0}, {""range"": 1.1456521834940727, ""doppler"": 0.0, ""angle"": 12.667514652965574, ""elevation"": 0.0}, {""range"": 0.9837306030690098, ""doppler"": 0.0, ""angle"": 19.30774026495319, ""elevation"": 0.0}, {""range"": 1.1757053304475842, ""doppler"": 0.0, ""angle"": 20.540746491059842, ""elevation"": 0.0}, {""range"": 1.0633670326263678, ""doppler"": 0.0, ""angle"": 36.42476736016478, ""elevation"": 0.0}]",1785085593430.014
9,"[{""range"": 0.8735091622745879, ""doppler"": 0.0, ""angle"": -12.83285910601425, ""elevation"": 0.0}, {""range"": 0.8851741287967337, ""doppler"": 0.0, ""angle"": -13.671307132195833, ""elevation"": 0.0}, {""range"": 0.8948831374258216, ""doppler"": 0.0, ""angle"": -16.75846012314174, ""elevation"": 0.0}, {""range"": 0.9752860977099373, ""doppler"": 0.0, ""angle"": 12.688326221754833, ""elevation"": 0.0}, {""range"": 0.9797082304985215, ""doppler"": 0.0, ""angle"": 11.49656301758578, ""elevation"": 0.0}, {""range"": 1.136544587811646, ""doppler"": 0.0, ""angle"": 17.223350089293113, ""elevation"": 0.0}, {""range"": 1.1565235464040184, ""doppler"": 0.0, ""angle"": 19.91423324839182, ""elevation"": 0.0}, {""range"": 1.1729563455885887, ""doppler"": 0.0, ""angle"": 23.90395604164213, ""elevation"": 0.0}, {""range"": 1.2051095688777251, ""doppler"": 0.0, ""angle"": 30.68236109383363, ""elevation"": 0.0}]",1785085593430.066
10,"[{""range"": 0.8724933440019956, ""doppler"": 0.0, ""angle"": -14.115987020491149, ""elevation"": 0.0}, {""range"": 0.889156275556149, ""doppler"": 0.0, ""angle"": -13.407443271721512, ""elevation"": 0.0}, {""range"": 0.90186106726218, ""doppler"": 0.0, ""angle"": -11.575054731646345, ""elevation"": 0.0}, {""range"": 0.970179961973401, ""doppler"": 0.0, ""angle"": 10.073435495282185, ""elevation"": 0.0}, {""range"": 0.9848242489253128, ""doppler"": 0.0, ""angle"": 8.57294667053434, ""elevation"": 0.0}, {""range"": 1.0430404399640958, ""doppler"": 0.0, ""angle"": 11.150044858266805, ""elevation"": 0.0}, {""range"": 1.123453668825441, ""doppler"": 0.0, ""angle"": 14.45206409148963, ""elevation"": 0.0}, {""range"": 1.149166707686652, ""doppler"": 0.0, ""angle"": 16.18174914166901, ""elevation"": 0.0}, {""range"": 1.1713492537906884, ""doppler"": 0.0, ""angle"": 21.135473902387265, ""elevation"": 0.0}, {""range"": 1.2182269990745929, ""doppler"": 0.0, ""angle"": 31.977748016597765, ""elevation"": 0.0}]",1785085593430.113
5,"[{""range"": 0.8791742910583026, ""doppler"": 0.0, ""angle"": -13.886447227035504, ""elevation"": 0.0}, {""range"": 0.9029641588115073, ""doppler"": 0.0, ""angle"": -10.878241822559222, ""elevation"": 0.0}, {""range"": 0.9168229153973375, ""doppler"": 0.0, ""angle"": -8.264432304105124, ""elevation"": 0.0}, {""range"": 0.938544535046715, ""doppler"": 0.0, ""angle"": -1.8451466125878915, ""elevation"": 0.0}, {""range"": 0.9700865732288794, ""doppler"": 0.0, ""angle"": 9.089025493197793, ""elevation"": 0.0}]",1785085593430.15
11,"[{""range"": 1.477615722106994, ""doppler"": 0.0, ""angle"": -40.01242057284972, ""elevation"": 0.0}, {""range"": 1.4956151608818014, ""doppler"": 0.0, ""angle"": -39.29422665618268, ""elevation"": 0.0}, {""range"": 0.8801144465300437, ""doppler"": 0.0, ""angle"": -20.73997748751632, ""elevation"": 0.0}, {""range"": 0.9617354981781278, ""doppler"": 0.0, ""angle"": 8.737253077494504, ""elevation"": 0.0}, {""range"": 0.9708027851235402, ""doppler"": 0.0, ""angle"": 9.349549047322522, ""elevation"": 0.0}, {""range"": 0.9503577068517037, ""doppler"": 0.0, ""angle"": 13.680649712315383, ""elevation"": 0.0}, {""range"": 1.1560162644952166, ""doppler"": 0.0, ""angle"": 16.952211584929135, ""elevation"": 0.0}, {""range"": 1.0330760530908658, ""doppler"": 0.0, ""angle"": 27.12388685530278, ""elevation"": 0.0}, {""range"": 1.2019058239033835, ""doppler"": 0.0, ""angle"": 27.16737998620768, ""elevation"": 0.0}, {""range"": 1.2365498139023783, ""doppler"": 0.0, ""angle"": 31.741029499231885, ""elevation"": 0.0}, {""range"": 1.2608356270566576, ""doppler"": 0.0, ""angle"": 33.86360178756704, ""elevation"": 0.0}]",1785085593430.197
10,"[{""range"": 1.479834778805032, ""doppler"": 0.0, ""angle"": -41.50245162373108, ""elevation"": 0.0}, {""range"": 1.4973367756513454, ""doppler"": 0.0, ""angle"": -40.335601946230646, ""elevation"": 0.0}, {""range"": 0.8794549398650182, ""doppler"": 0.0, ""angle"": -12.696863390654514, ""elevation"": 0.0}, {""range"": 0.9062805660727553, ""doppler"": 0.0, ""angle"": -7.493792980099899, ""elevation"": 0.0}, {""range"": 0.9206058928834894, ""doppler"": 0.0, ""angle"": -3.2736624156403744, ""elevation"": 0.0}, {""range"": 0.9344084978783487, ""doppler"": 0.0, ""angle"": 2.4019200047599414, ""elevation"": 0.0}, {""range"": 0.9742410185091567, ""doppler"": 0.0, ""angle"": 11.551232879688854, ""elevation"": 0.0}, {""range"": 1.1121209700273842, ""doppler"": 0.0, ""angle"": 11.293672202151454, ""elevation"": 0.0}, {""range"": 1.1528335152834621, ""doppler"": 0.0, ""angle"": 18.85931260889969, ""elevation"": 0.0}, {""range"": 1.1752573686086445, ""doppler"": 0.0, ""angle"": 23.68278801982706, ""elevation"": 0.0}]",1785085593430.243
12,"[{""range"": 1.478480247393797, ""doppler"": 0.0, ""angle"": -40.374304459037894, ""elevation"": 0.0}, {""range"": 0.8806939347929824, ""doppler"": 0.0, ""angle"": -10.091542545463582, ""elevation"": 0.0}, {""range"": 0.9014284091068967, ""doppler"": 0.0, ""angle"": -8.785911386839114, ""elevation"": 0.0}, {""range"": 0.9097189794834765, ""doppler"": 0.0, ""angle"": -7.49938367850729, ""elevation"": 0.0}, {""range"": 0.9226176953416152, ""doppler"": 0.0, ""angle"": -6.040974180129204, ""elevation"": 0.0}, {""range"": 0.9883325674460239, ""doppler"": 0.0, ""angle"": 22.565641577495935, ""elevation"": 0.0}, {""range"": 1.050972612734159, ""doppler"": 0.0, ""angle"": 21.645729573803745, ""elevation"": 0.0}, {""range"": 1.1171379044971175, ""doppler"": 0.0, ""angle"": 22.18459048070113, ""elevation"": 0.0}, {""range"": 1.1537125067283152, ""doppler"": 0.0, ""angle"": 22.451139488658278, ""elevation"": 0.0}, {""range"": 1.1813855975196097, ""doppler"": 0.0, ""angle"": 24.54012949222869, ""elevation"": 0.0}, {""range"": 1.2246505154870229, ""doppler"": 0.0, ""angle"": 26.89429063776222, ""elevation"": 0.0}, {""range"": 1.2638147514885494, ""doppler"": 0.0, ""angle"": 29.143578742536693, ""elevation"": 0.0}]",1785085593430.274
10,"[{""range"": 1.4787484895669512, ""doppler"": 0.0, ""angle"": -41.54896021534669, ""elevation"": 0.0}, {""range"": 1.4972851830247649, ""doppler"": 0.0, ""angle"": -40.481061187879675, ""elevation"": 0.0}, {""range"": 0.8905239308245592, ""doppler"": 0.0, ""angle"": -26.54961589202222, ""elevation"": 0.0}, {""range"": 0.8657486179772983, ""doppler"": 0.0, ""angle"": -19.24704311763993, ""elevation"": 0.0}, {""range"": 0.9485550849088696, ""doppler"": 0.0, ""angle"": 9.69138335965405, ""elevation"": 0.0}, {""range"": 0.9536471847310634, ""doppler"": 0.0, ""angle"": 6.297481519372057, ""elevation"": 0.0}, {""range"": 0.9689292701721317, ""doppler"": 0.0, ""angle"": 6.846972813048016, ""elevation"": 0.0}, {""range"": 1.0321291623274993, ""doppler"": 0.0, ""angle"": 25.00669903316367, ""elevation"": 0.0}, {""range"": 1.1316029011694553, ""doppler"": 0.0, ""angle"": 19.265264309180022, ""elevation"": 0.0}, {""range"": 1.0992084664201183, ""doppler"": 0.0, ""angle"": 29.99343891030966, ""elevation"": 0.0}]",1785085593430.3171
8,"[{""range"": 0.8820117803036719, ""doppler"": 0.0, ""angle"": -12.588023574186039, ""elevation"": 0.0}, {""range"": 0.9075931951505353, ""doppler"": 0.0, ""angle"": -10.47749962473007, ""elevation"": 0.0}, {""range"": 0.9223072448573297, ""doppler"": 0.0, ""angle"": -6.859096619029725, ""elevation"": 0.0}, {""range"": 0.9405045381163586, ""doppler"": 0.0, ""angle"": -3.477125709703981, ""elevation"": 0.0}, {""range"": 0.9631902659557122, ""doppler"": 0.0, ""angle"": -0.8190632180962331, ""elevation"": 0.0}, {""range"": 1.1061487789724476, ""doppler"": 0.0, ""angle"": 24.344304714507395, ""elevation"": 0.0}, {""range"": 1.1360164084380229, ""doppler"": 0.0, ""angle"": 19.73268949966101, ""elevation"": 0.0}, {""range"": 1.0558239062518748, ""doppler"": 0.0, ""angle"": 27.801926970684942, ""elevation"": 0.0}]",1785085593430.352
6,"[{""range"": 0.8764390379813283, ""doppler"": 0.0, ""angle"": -14.606120344175181, ""elevation"": 0.0}, {""range"": 0.8986881653516349, ""doppler"": 0.0, ""angle"": -14.119192613014208, ""elevation"": 0.0}, {""range"": 0.9224277251532232, ""doppler"": 0.0, ""angle"": -8.494518452543664, ""elevation"": 0.0}, {""range"": 0.9531314765220915, ""doppler"": 0.0, ""angle"": 2.3009209113397513, ""elevation"": 0.0}, {""range"": 0.9778140431240928, ""doppler"": 0.0, ""angle"": 3.5227405103571146, ""elevation"": 0.0}, {""range"": 1.0251432953505393, ""doppler"": 0.0, ""angle"": 3.71036736622253, ""elevation"": 0.0}]",1785085593430.371
8,"[{""range"": 0.8751916813151933, ""doppler"": 0.0, ""angle"": -13.758000541642865, ""elevation"": 0.0}, {""range"": 0.8951265704285702, ""doppler"": 0.0, ""angle"": -12.35376264552358, ""elevation"": 0.0}, {""range"": 0.9140160441237135, ""doppler"": 0.0, ""angle"": -9.993045329167668, ""elevation"": 0.0}, {""range"": 0.9470169804893996, ""doppler"": 0.0, ""angle"": 0.3570121325063796, ""elevation"": 0.0}, {""range"": 0.9909428939440088, ""doppler"": 0.0, ""angle"": 7.037814083887066, ""elevation"": 0.0}, {""range"": 1.0551352235223035, ""doppler"": 0.0, ""angle"": 11.268038465623174, ""elevation"": 0.0}, {""range"": 1.1008040537219657, ""doppler"": 0.0, ""angle"": 14.977580411695172, ""elevation"": 0.0}, {""range"": 1.121597542495174, ""doppler"": 0.0, ""angle"": 17.412331225177674, ""elevation"": 0.0}]",1785085593430.393
8,"[{""range"": 0.8816876124426594, ""doppler"": 0.0, ""angle"": -11.25068143049515, ""elevation"": 0.0}, {""range"": 0.9013080839860573, ""doppler"": 0.0, ""angle"": -10.123872361569303, ""elevation"": 0.0}, {""range"": 0.9084622531554231, ""doppler"": 0.0, ""angle"": -9.75711392908221, ""elevation"": 0.0}, {""range"": 0.9216856659247352, ""doppler"": 0.0, ""angle"": -9.683441555530115, ""elevation"": 0.0}, {""range"": 0.9881978450081724, ""doppler"": 0.0, ""angle"": 12.031759695507747, ""elevation"": 0.0}, {""range"": 1.1277051007560608, ""doppler"": 0.0, ""angle"": 19.05551869712477, ""elevation"": 0.0}, {""range"": 1.1428803051266607, ""doppler"": 0.0, ""angle"": 19.99995596867114, ""elevation"": 0.0}, {""range"": 1.1470350114506997, ""doppler"": 0.0, ""angle"": 21.164484205778592, ""elevation"": 0.0}]",1785085593430.415
7,"[{""range"": 1.479718140960991, ""doppler"": 0.0, ""angle"": -39.44919469842809, ""elevation"": 0.0}, {""range"": 1.494909141847198, ""doppler"": 0.0, ""angle"": -38.672652201384935, ""elevation"": 0.0}, {""range"": 0.8786186017870928, ""doppler"": 0.0, ""angle"": -11.671256540262677, ""elevation"": 0.0}, {""range"": 0.8981655892204062, ""doppler"": 0.0, ""angle"": -9.638599047650075, ""elevation"": 0.0}, {""range"": 0.9043299539370464, ""doppler"": 0.0, ""angle"": -8.013142926432748, ""elevation"": 0.0}, {""range"": 0.916930813054002, ""doppler"": 0.0, ""angle"": -8.387670106976858, ""elevation"": 0.0}, {""range"": 0.9842128165788006, ""doppler"": 0.0, ""angle"": 19.198671736168723, ""elevation"": 0.0}]",1785085593430.435
7,"[{""range"": 0.8715578996045303, ""doppler"": 0.0, ""angle"": -15.884037576348849, ""elevation"": 0.0}, {""range"": 0.8826352160266274, ""doppler"": 0.0, ""angle"": -14.81327863434212, ""elevation"": 0.0}, {""range"": 0.8983129420800752, ""doppler"": 0.0, ""angle"": -9.27857434682906, ""elevation"": 0.0}, {""range"": 0.9412889999269994, ""doppler"": 0.0, ""angle"": 13.199386472373446, ""elevation"": 0.0}, {""range"": 1.1510296843437509, ""doppler"": 0.0, ""angle"": 19.36103686261968, ""elevation"": 0.0}, {""range"": 0.9768232246025689, ""doppler"": 0.0, ""angle"": 26.869937834186967, ""elevation"": 0.0}, {""range"": 1.1716345964372992, ""doppler"": 0.0, ""angle"": 26.92483156293986, ""elevation"": 0.0}]",1785085593430.456
6,"[{""range"": 0.8725347543359012, ""doppler"": 0.0, ""angle"": -14.60012646190974, ""elevation"": 0.0}, {""range"": 0.889072393946116, ""doppler"": 0.0, ""angle"": -14.346476120315478, ""elevation"": 0.0}, {""range"": 0.9075061026437815, ""doppler"": 0.0, ""angle"": -8.829419744630751, ""elevation"": 0.0}, {""range"": 0.9444640723486034, ""doppler"": 0.0, ""angle"": 7.386043151267269, ""elevation"": 0.0}, {""range"": 0.9799319457093918, ""doppler"": 0.0, ""angle"": 12.220354271792516, ""elevation"": 0.0}, {""range"": 1.1389803924368065, ""doppler"": 0.0, ""angle"": 16.255527237484625, ""elevation"": 0.0}]",1785085593430.475
5,"[{""range"": 0.8795919954178903, ""doppler"": 0.0, ""angle"": -18.82170327332263, ""elevation"": 0.0}, {""range"": 0.8681244325452603, ""doppler"": 0.0, ""angle"": -17.389929977335697, ""elevation"": 0.0}, {""range"": 0.9596536042902551, ""doppler"": 0.0, ""angle"": 18.141230765515825, ""elevation"": 0.0}, {""range"": 1.1381413087810164, ""doppler"": 0.0, ""angle"": 15.481707877706357, ""elevation"": 0.0}, {""range"": 0.9800099917153645, ""doppler"": 0.0, ""angle"": 21.133584344750474, ""elevation"": 0.0}]",1785085593430.544
7,"[{""range"": 0.8735494080669217, ""doppler"": 0.0, ""angle"": -13.157246105078618, ""elevation"": 0.0}, {""range"": 0.8886035181201272, ""doppler"": 0.0, ""angle"": -11.067988752141856, ""elevation"": 0.0}, {""range"": 0.9042256446769447, ""doppler"": 0.0, ""angle"": -5.560645847499523, ""elevation"": 0.0}, {""range"": 0.9287893193578618, ""doppler"": 0.0, ""angle"": 1.654849187100308, ""elevation"": 0.0}, {""range"": 0.9695854295120193, ""doppler"": 0.0, ""angle"": 7.246905347354142, ""elevation"": 0.0}, {""range"": 1.1446087912729166, ""doppler"": 0.0, ""angle"": 16.453186569966164, ""elevation"": 0.0}, {""range"": 1.1844882550019808, ""doppler"": 0.0, ""angle"": 31.68173348176444, ""elevation"": 0.0}]",1785085593430.5698
7,"[{""range"": 0.8600786667535304, ""doppler"": 0.0, ""angle"": -18.77397314737346, ""elevation"": 0.0}, {""range"": 0.8688823725070912, ""doppler"": 0.0, ""angle"": -23.94333331421391, ""elevation"": 0.0}, {""range"": 0.9160329995798671, ""doppler"": 0.0, ""angle"": -2.2150638579790973, ""elevation"": 0.0}, {""range"": 1.0087852725367448, ""doppler"": 0.0, ""angle"": 11.047018276275418, ""elevation"": 0.0}, {""range"": 1.0514055281722023, ""doppler"": 0.0, ""angle"": 12.204329923839612, ""elevation"": 0.0}, {""range"": 1.1096417809610784, ""doppler"": 0.0, ""angle"": 17.48015622429102, ""elevation"": 0.0}, {""range"": 1.2401427031649614, ""doppler"": 0.0, ""angle"": 32.163885831377264, ""elevation"": 0.0}]",1785085593430.594
5,"[{""range"": 0.880613622386862, ""doppler"": 0.0, ""angle"": -10.707561765576093, ""elevation"": 0.0}, {""range"": 0.9009933784257704, ""doppler"": 0.0, ""angle"": -7.974114903438752, ""elevation"": 0.0}, {""range"": 0.909348589149783, ""doppler"": 0.0, ""angle"": -6.957321863314247, ""elevation"": 0.0}, {""range"": 0.9192989228608031, ""doppler"": 0.0, ""angle"": -8.084395610464524, ""elevation"": 0.0}, {""range"": 1.1451097063559446, ""doppler"": 0.0, ""angle"": 13.951614859533683, ""elevation"": 0.0}]",1785085593430.6821
8,"[{""range"": 0.8759218779225988, ""doppler"": 0.0, ""angle"": -14.192269614564305, ""elevation"": 0.0}, {""range"": 0.9043301660792135, ""doppler"": 0.0, ""angle"": -8.253470498351318, ""elevation"": 0.0}, {""range"": 0.9186296955056852, ""doppler"": 0.0, ""angle"": -3.973577634629897, ""elevation"": 0.0}, {""range"": 0.9318869787894498, ""doppler"": 0.0, ""angle"": -2.8596601236074717, ""elevation"": 0.0}, {""range"": 0.9632360758607502, ""doppler"": 0.0, ""angle"": 5.037465115118737, ""elevation"": 0.0}, {""range"": 1.1543391803040823, ""doppler"": 0.0, ""angle"": 13.198846938261346, ""elevation"": 0.0}, {""range"": 1.0336521015989129, ""doppler"": 0.0, ""angle"": 22.123509643353383, ""elevation"": 0.0}, {""range"": 1.1739582972385592, ""doppler"": 0.0, ""angle"": 22.76084176549954, ""elevation"": 0.0}]",1785085593430.707
8,"[{""range"": 1.4935384598356445, ""doppler"": 0.0, ""angle"": -41.18463454581725, ""elevation"": 0.0}, {""range"": 0.8791517239923894, ""doppler"": 0.0, ""angle"": -10.642563278138265, ""elevation"": 0.0}, {""range"": 0.8979312948533975, ""doppler"": 0.0, ""angle"": -8.220463990760244, ""elevation"": 0.0}, {""range"": 0.9053167959710433, ""doppler"": 0.0, ""angle"": -7.376275077635774, ""elevation"": 0.0}, {""range"": 0.9144169238322952, ""doppler"": 0.0, ""angle"": -8.546831917841477, ""elevation"": 0.0}, {""range"": 1.158210870758922, ""doppler"": 0.0, ""angle"": 19.51756163441981, ""elevation"": 0.0}, {""range"": 1.1730313073331153, ""doppler"": 0.0, ""angle"": 22.240939907727505, ""elevation"": 0.0}, {""range"": 0.9894838182066962, ""doppler"": 0.0, ""angle"": 29.94266030752402, ""elevation"": 0.0}]",1785085593430.73
8,"[{""range"": 0.8800041422026182, ""doppler"": 0.0, ""angle"": -11.355597387849327, ""elevation"": 0.0}, {""range"": 0.9010353419693019, ""doppler"": 0.0, ""angle"": -8.847307444736845, ""elevation"": 0.0}, {""range"": 0.9117697437328209, ""doppler"": 0.0, ""angle"": -7.3577717684917285, ""elevation"": 0.0}, {""range"": 0.9255323737142339, ""doppler"": 0.0, ""angle"": -6.757045446303539, ""elevation"": 0.0}, {""range"": 0.9523525559323481, ""doppler"": 0.0, ""angle"": -7.693458513959956, ""elevation"": 0.0}, {""range"": 1.1655901647471547, ""doppler"": 0.0, ""angle"": 20.839985852876048, ""elevation"": 0.0}, {""range"": 1.1820257458300234, ""doppler"": 0.0, ""angle"": 23.283948563116137, ""elevation"": 0.0}, {""range"": 1.210696555069823, ""doppler"": 0.0, ""angle"": 27.65882595266077, ""elevation"": 0.0}]",1785085593430.75
5,"[{""range"": 0.897276848065509, ""doppler"": 0.0, ""angle"": -26.054407126451423, ""elevation"": 0.0}, {""range"": 0.8833940075882777, ""doppler"": 0.0, ""angle"": -18.933734456545235, ""elevation"": 0.0}, {""range"": 0.8735482550754786, ""doppler"": 0.0, ""angle"": -15.080248823820867, ""elevation"": 0.0}, {""range"": 0.9583387634350556, ""doppler"": 0.0, ""angle"": 11.964089923409553, ""elevation"": 0.0}, {""range"": 0.9655964705671378, ""doppler"": 0.0, ""angle"": 13.307957418120179, ""elevation"": 0.0}]",1785085593430.767
9,"[{""range"": 0.8919131676315208, ""doppler"": 0.0, ""angle"": -18.75823990639167, ""elevation"": 0.0}, {""range"": 0.874467292061681, ""doppler"": 0.0, ""angle"": -17.579077347654103, ""elevation"": 0.0}, {""range"": 0.910342301630983, ""doppler"": 0.0, ""angle"": -18.175146149558785, ""elevation"": 0.0}, {""range"": 0.9538977946013862, ""doppler"": 0.0, ""angle"": 2.6215824381012376, ""elevation"": 0.0}, {""range"": 0.9697956872145383, ""doppler"": 0.0, ""angle"": 6.830186466543206, ""elevation"": 0.0}, {""range"": 1.137616568971937, ""doppler"": 0.0, ""angle"": 14.938378645770559, ""elevation"": 0.0}, {""range"": 1.1568454510871975, ""doppler"": 0.0, ""angle"": 16.78237497028697, ""elevation"": 0.0}, {""range"": 1.1585838329418565, ""doppler"": 0.0, ""angle"": 15.321042751917085, ""elevation"": 0.0}, {""range"": 1.0440402187072002, ""doppler"": 0.0, ""angle"": 25.63463616654683, ""elevation"": 0.0}]",1785085593430.7893
7,"[{""range"": 1.4940779209196124, ""doppler"": 0.0, ""angle"": -38.830085484835195, ""elevation"": 0.0}, {""range"": 0.8963094075602934, ""doppler"": 0.0, ""angle"": -16.504361381755018, ""elevation"": 0.0}, {""range"": 0.9069310188828916, ""doppler"": 0.0, ""angle"": -13.871852814831408, ""elevation"": 0.0}, {""range"": 0.9344597392635404, ""doppler"": 0.0, ""angle"": -13.28634849332673, ""elevation"": 0.0}, {""range"": 1.138050394441038, ""doppler"": 0.0, ""angle"": 12.688946833038832, ""elevation"": 0.0}, {""range"": 1.1474660841602975, ""doppler"": 0.0, ""angle"": 11.733689375760964, ""elevation"": 0.0}, {""range"": 1.1541360709399162, ""doppler"": 0.0, ""angle"": 11.447465757358513, ""elevation"": 0.0}]",1785085593430.808
8,"[{""range"": 0.8779928056310095, ""doppler"": 0.0, ""angle"": -15.910133018638543, ""elevation"": 0.0}, {""range"": 0.8976281756088844, ""doppler"": 0.0, ""angle"": -13.607162934419886, ""elevation"": 0.0}, {""range"": 0.9139538608931027, ""doppler"": 0.0, ""angle"": -11.477013546074863, ""elevation"": 0.0}, {""range"": 0.9445416638311095, ""doppler"": 0.0, ""angle"": -7.505762766093022, ""elevation"": 0.0}, {""range"": 0.9734551918092417, ""doppler"": 0.0, ""angle"": -5.809033999021643, ""elevation"": 0.0}, {""range"": 1.1936842682567932, ""doppler"": 0.0, ""angle"": 21.734469609174493, ""elevation"": 0.0}, {""range"": 1.2337522904830387, ""doppler"": 0.0, ""angle"": 29.180429416315718, ""elevation"": 0.0}, {""range"": 1.2680113670150013, ""doppler"": 0.0, ""angle"": 35.64005698772896, ""elevation"": 0.0}]",1785085593430.827
8,"[{""range"": 0.8801955855029687, ""doppler"": 0.0, ""angle"": -13.115885828809603, ""elevation"": 0.0}, {""range"": 0.9219844305399224, ""doppler"": 0.0, ""angle"": -12.898833789693143, ""elevation"": 0.0}, {""range"": 0.8998264704407865, ""doppler"": 0.0, ""angle"": -10.742754493400579, ""elevation"": 0.0}, {""range"": 0.9055907553725568, ""doppler"": 0.0, ""angle"": -10.224906451732357, ""elevation"": 0.0}, {""range"": 0.9940074894616273, ""doppler"": 0.0, ""angle"": 22.385180717908213, ""elevation"": 0.0}, {""range"": 1.0239172708538986, ""doppler"": 0.0, ""angle"": 25.531315125889847, ""elevation"": 0.0}, {""range"": 1.187739830137088, ""doppler"": 0.0, ""angle"": 21.783789873414253, ""elevation"": 0.0}, {""range"": 1.2270821538082164, ""doppler"": 0.0, ""angle"": 34.78545122056196, ""elevation"": 0.0}]",1785085593430.848
7,"[{""range"": 0.8801744613909437, ""doppler"": 0.0, ""angle"": -14.242332350234987, ""elevation"": 0.0}, {""range"": 0.8999300460550532, ""doppler"": 0.0, ""angle"": -11.542132943467063, ""elevation"": 0.0}, {""range"": 0.9094548597794153, ""doppler"": 0.0, ""angle"": -9.654931013766332, ""elevation"": 0.0}, {""range"": 0.9238880102245969, ""doppler"": 0.0, ""angle"": -7.46200600475206, ""elevation"": 0.0}, {""range"": 0.9792833556732129, ""doppler"": 0.0, ""angle"": 4.031203434234735, ""elevation"": 0.0}, {""range"": 1.2299621814089157, ""doppler"": 0.0, ""angle"": 25.719404676804828, ""elevation"": 0.0}, {""range"": 1.2614411729044028, ""doppler"": 0.0, ""angle"": 29.250243615751792, ""elevation"": 0.0}]",1785085593430.866
6,"[{""range"": 1.4701741316582757, ""doppler"": 0.0, ""angle"": -36.78209129483871, ""elevation"": 0.0}, {""range"": 0.8742360278450002, ""doppler"": 0.0, ""angle"": -12.401695816721304, ""elevation"": 0.0}, {""range"": 0.8985221028320818, ""doppler"": 0.0, ""angle"": -9.704138392291615, ""elevation"": 0.0}, {""range"": 0.916786068961371, ""doppler"": 0.0, ""angle"": -5.192405394420688, ""elevation"": 0.0}, {""range"": 0.9388961881669418, ""doppler"": 0.0, ""angle"": -0.9275649116861092, ""elevation"": 0.0}, {""range"": 0.9634204387005381, ""doppler"": 0.0, ""angle"": -1.0103090589077959, ""elevation"": 0.0}]",1785085593430.883
8,"[{""range"": 1.4772320850141603, ""doppler"": 0.0, ""angle"": -37.95466836521677, ""elevation"": 0.0}, {""range"": 1.4944184968126846, ""doppler"": 0.0, ""angle"": -38.89000514668749, ""elevation"": 0.0}, {""range"": 0.8664485787707791, ""doppler"": 0.0, ""angle"": -15.51335086948938, ""elevation"": 0.0}, {""range"": 0.8729461124086364, ""doppler"": 0.0, ""angle"": -16.861121692340024, ""elevation"": 0.0}, {""range"": 0.8964403194561843, ""doppler"": 0.0, ""angle"": -17.69764792454279, ""elevation"": 0.0}, {""range"": 0.9553673754750407, ""doppler"": 0.0, ""angle"": 13.276748861694967, ""elevation"": 0.0}, {""range"": 1.1636071771815126, ""doppler"": 0.0, ""angle"": 13.671075907829072, ""elevation"": 0.0}, {""range"": 1.172331564348888, ""doppler"": 0.0, ""angle"": 17.257576840535062, ""elevation"": 0.0}]",1785085593430.903
8,"[{""range"": 1.4744612003573825, ""doppler"": 0.0, ""angle"": -38.18883815638014, ""elevation"": 0.0}, {""range"": 0.8749242832306626, ""doppler"": 0.0, ""angle"": -13.882879499228267, ""elevation"": 0.0}, {""range"": 0.8915624750425818, ""doppler"": 0.0, ""angle"": -12.274538167539015, ""elevation"": 0.0}, {""range"": 0.9071408537372104, ""doppler"": 0.0, ""angle"": -8.604481593092656, ""elevation"": 0.0}, {""range"": 0.9259228631338717, ""doppler"": 0.0, ""angle"": -6.386624655802338, ""elevation"": 0.0}, {""range"": 1.168215094835733, ""doppler"": 0.0, ""angle"": 21.053881967296196, ""elevation"": 0.0}, {""range"": 1.1785809808918055, ""doppler"": 0.0, ""angle"": 21.980589370083038, ""elevation"": 0.0}, {""range"": 1.1957418682576504, ""doppler"": 0.0, ""angle"": 24.01990652972535, ""elevation"": 0.0}]",1785085593430.9238
6,"[{""range"": 0.8661204502902707, ""doppler"": 0.0, ""angle"": -13.442362565863611, ""elevation"": 0.0}, {""range"": 0.8732110038095314, ""doppler"": 0.0, ""angle"": -12.95768128101577, ""elevation"": 0.0}, {""range"": 0.9083531383690766, ""doppler"": 0.0, ""angle"": -7.954642553356691, ""elevation"": 0.0}, {""range"": 0.9651411001814604, ""doppler"": 0.0, ""angle"": -2.8035636835145206, ""elevation"": 0.0}, {""range"": 0.9889825457566599, ""doppler"": 0.0, ""angle"": -2.8396429406327037, ""elevation"": 0.0}, {""range"": 1.1532808577046703, ""doppler"": 0.0, ""angle"": 17.235315518685468, ""elevation"": 0.0}]",1785085593430.9421
7,"[{""range"": 0.8695634847957517, ""doppler"": 0.0, ""angle"": -12.698775062545687, ""elevation"": 0.0}, {""range"": 0.8794598117016923, ""doppler"": 0.0, ""angle"": -11.933656600614453, ""elevation"": 0.0}, {""range"": 0.8932431692335897, ""doppler"": 0.0, ""angle"": -10.356140796613763, ""elevation"": 0.0}, {""range"": 0.9365073175690979, ""doppler"": 0.0, ""angle"": -10.417373258491846, ""elevation"": 0.0}, {""range"": 1.1326871951309276, ""doppler"": 0.0, ""angle"": 11.003047583849906, ""elevation"": 0.0}, {""range"": 1.148938973443728, ""doppler"": 0.0, ""angle"": 16.491695062480634, ""elevation"": 0.0}, {""range"": 1.1716479823214236, ""doppler"": 0.0, ""angle"": 20.055573209202215, ""elevation"": 0.0}]",1785085593430.964
5,"[{""range"": 0.8705853844576935, ""doppler"": 0.0, ""angle"": -18.613578889564774, ""elevation"": 0.0}, {""range"": 0.8964234839021625, ""doppler"": 0.0, ""angle"": -21.385430249762486, ""elevation"": 0.0}, {""range"": 0.8620594737652147, ""doppler"": 0.0, ""angle"": -15.705420109882882, ""elevation"": 0.0}, {""range"": 0.9528185182258373, ""doppler"": 0.0, ""angle"": -4.909193588529397, ""elevation"": 0.0}, {""range"": 1.1492432211601162, ""doppler"": 0.0, ""angle"": 19.43014473557808, ""elevation"": 0.0}]",1785085593430.982
5,"[{""range"": 0.8697575938293047, ""doppler"": 0.0, ""angle"": -13.481988231837613, ""elevation"": 0.0}, {""range"": 0.8850369983626738, ""doppler"": 0.0, ""angle"": -12.508718025713552, ""elevation"": 0.0}, {""range"": 0.8987640521472091, ""doppler"": 0.0, ""angle"": -10.813625898516788, ""elevation"": 0.0}, {""range"": 0.9296976677232964, ""doppler"": 0.0, ""angle"": -6.183204063804302, ""elevation"": 0.0}, {""range"": 0.9774598390349037, ""doppler"": 0.0, ""angle"": 0.6498693731098397, ""elevation"": 0.0}]",1785085593432.066
7,"[{""range"": 0.8673964451318054, ""doppler"": 0.0, ""angle"": -15.250974942342278, ""elevation"": 0.0}, {""range"": 0.8874239393961333, ""doppler"": 0.0, ""angle"": -13.731034744658041, ""elevation"": 0.0}, {""range"": 0.9142443278798106, ""doppler"": 0.0, ""angle"": -7.67684247630195, ""elevation"": 0.0}, {""range"": 0.9393719568581284, ""doppler"": 0.0, ""angle"": -2.5857240493931988, ""elevation"": 0.0}, {""range"": 0.9632806388408651, ""doppler"": 0.0, ""angle"": 3.5013651251033804, ""elevation"": 0.0}, {""range"": 1.1216560107335973, ""doppler"": 0.0, ""angle"": 10.880007230059912, ""elevation"": 0.0}, {""range"": 1.1400882819324079, ""doppler"": 0.0, ""angle"": 13.13606428150195, ""elevation"": 0.0}]",1785085593432.1357
6,"[{""range"": 0.8680816147392486, ""doppler"": 0.0, ""angle"": -13.168885867513536, ""elevation"": 0.0}, {""range"": 0.8870634880624247, ""doppler"": 0.0, ""angle"": -10.030058583163534, ""elevation"": 0.0}, {""range"": 0.9029771720808661, ""doppler"": 0.0, ""angle"": -5.6823686178550545, ""elevation"": 0.0}, {""range"": 0.9343152809679252, ""doppler"": 0.0, ""angle"": 0.29607124928483536, ""elevation"": 0.0}, {""range"": 0.981094113313167, ""doppler"": 0.0, ""angle"": 12.237709958134044, ""elevation"": 0.0}, {""range"": 1.148912521178004, ""doppler"": 0.0, ""angle"": 18.700022395562705, ""elevation"": 0.0}]",1785085593432.163
5,"[{""range"": 0.8690445878906936, ""doppler"": 0.0, ""angle"": -13.335701147792262, ""elevation"": 0.0}, {""range"": 0.8848205122840981, ""doppler"": 0.0, ""angle"": -11.611952532499352, ""elevation"": 0.0}, {""range"": 0.9276423314083428, ""doppler"": 0.0, ""angle"": -11.643497057348844, ""elevation"": 0.0}, {""range"": 0.8966141494662988, ""doppler"": 0.0, ""angle"": -9.18054195762615, ""elevation"": 0.0}, {""range"": 1.0128897119135032, ""doppler"": 0.0, ""angle"": 15.36601075998225, ""elevation"": 0.0}]",1785085593432.183
6,"[{""range"": 0.874530985029005, ""doppler"": 0.0, ""angle"": -14.070339638171744, ""elevation"": 0.0}, {""range"": 0.8941770250719151, ""doppler"": 0.0, ""angle"": -11.512167894108332, ""elevation"": 0.0}, {""range"": 0.9147044997295505, ""doppler"": 0.0, ""angle"": -7.6390529549801975, ""elevation"": 0.0}, {""range"": 0.9429616812171469, ""doppler"": 0.0, ""angle"": -2.0647979228384603, ""elevation"": 0.0}, {""range"": 0.9679716226921695, ""doppler"": 0.0, ""angle"": 3.3571377075789446, ""elevation"": 0.0}, {""range"": 1.1423771669599327, ""doppler"": 0.0, ""angle"": 14.540885727611041, ""elevation"": 0.0}]",1785085593432.204
5,"[{""range"": 0.8748939135092215, ""doppler"": 0.0, ""angle"": -12.596126313351402, ""elevation"": 0.0}, {""range"": 0.8953679374368719, ""doppler"": 0.0, ""angle"": -10.773592678274865, ""elevation"": 0.0}, {""range"": 0.9117028831320533, ""doppler"": 0.0, ""angle"": -7.5849896135157335, ""elevation"": 0.0}, {""range"": 0.929905098819512, ""doppler"": 0.0, ""angle"": -4.411380477459599, ""elevation"": 0.0}, {""range"": 1.1435869269304006, ""doppler"": 0.0, ""angle"": 18.327292718329797, ""elevation"": 0.0}]",1785085593432.221
6,"[{""range"": 0.8613667855490793, ""doppler"": 0.0, ""angle"": -12.821663728734348, ""elevation"": 0.0}, {""range"": 0.8706917775187984, ""doppler"": 0.0, ""angle"": -15.374833043483111, ""elevation"": 0.0}, {""range"": 0.9443993232679253, ""doppler"": 0.0, ""angle"": 5.6285539448560975, ""elevation"": 0.0}, {""range"": 0.953677628183575, ""doppler"": 0.0, ""angle"": 4.204254090213257, ""elevation"": 0.0}, {""range"": 0.9629872819440848, ""doppler"": 0.0, ""angle"": 8.661230556842401, ""elevation"": 0.0}, {""range"": 1.03568922707662, ""doppler"": 0.0, ""angle"": 26.949937119356097, ""elevation"": 0.0}]",1785085593432.242
8,"[{""range"": 1.4964126545704042, ""doppler"": 0.0, ""angle"": -40.72605390240305, ""elevation"": 0.0}, {""range"": 0.864120201623409, ""doppler"": 0.0, ""angle"": -12.05169685279586, ""elevation"": 0.0}, {""range"": 0.8626288140573805, ""doppler"": 0.0, ""angle"": -15.263452028504519, ""elevation"": 0.0}, {""range"": 0.9583423501041786, ""doppler"": 0.0, ""angle"": 7.548017218965561, ""elevation"": 0.0}, {""range"": 0.9644633685912147, ""doppler"": 0.0, ""angle"": 5.2550186310044715, ""elevation"": 0.0}, {""range"": 0.9466050461037527, ""doppler"": 0.0, ""angle"": 15.671845904100238, ""elevation"": 0.0}, {""range"": 1.144620886979466, ""doppler"": 0.0, ""angle"": 18.112270737328412, ""elevation"": 0.0}, {""range"": 1.1782131954293429, ""doppler"": 0.0, ""angle"": 20.24461393020994, ""elevation"": 0.0}]",1785085593432.264
6,"[{""range"": 0.8690980643115505, ""doppler"": 0.0, ""angle"": -11.367729915894262, ""elevation"": 0.0}, {""range"": 0.8764971704370101, ""doppler"": 0.0, ""angle"": -11.34202580959245, ""elevation"": 0.0}, {""range"": 0.8883926880045201, ""doppler"": 0.0, ""angle"": -11.870839602769612, ""elevation"": 0.0}, {""range"": 1.1133289422142854, ""doppler"": 0.0, ""angle"": 22.43369325320769, ""elevation"": 0.0}, {""range"": 1.1371959195490868, ""doppler"": 0.0, ""angle"": 21.40491101992422, ""elevation"": 0.0}, {""range"": 1.069204818315724, ""doppler"": 0.0, ""angle"": 28.596694363231805, ""elevation"": 0.0}]",1785085593432.2822
10,"[{""range"": 1.4953389536455017, ""doppler"": 0.0, ""angle"": -38.87916315294898, ""elevation"": 0.0}, {""range"": 0.8738999932949089, ""doppler"": 0.0, ""angle"": -12.190558374005827, ""elevation"": 0.0}, {""range"": 0.8977287637079783, ""doppler"": 0.0, ""angle"": -8.049404126512865, ""elevation"": 0.0}, {""range"": 0.9142706801139541, ""doppler"": 0.0, ""angle"": -4.385813482525832, ""elevation"": 0.0}, {""range"": 0.9338995928158961, ""doppler"": 0.0, ""angle"": -1.481173547603274, ""elevation"": 0.0}, {""range"": 0.9601995926577279, ""doppler"": 0.0, ""angle"": 1.4939625887119854, ""elevation"": 0.0}, {""range"": 1.126990280126672, ""doppler"": 0.0, ""angle"": 21.500921706468105, ""elevation"": 0.0}, {""range"": 1.147198463008006, ""doppler"": 0.0, ""angle"": 19.22008289111277, ""elevation"": 0.0}, {""range"": 1.1611431904968312, ""doppler"": 0.0, ""angle"": 20.179104739986332, ""elevation"": 0.0}, {""range"": 1.067647075660398, ""doppler"": 0.0, ""angle"": 28.883105010942174, ""elevation"": 0.0}]",1785085593432.307
8,"[{""range"": 0.8689180120765791, ""doppler"": 0.0, ""angle"": -19.486471587815874, ""elevation"": 0.0}, {""range"": 0.8564195334070059, ""doppler"": 0.0, ""angle"": -16.50903435741525, ""elevation"": 0.0}, {""range"": 0.9292627787963121, ""doppler"": 0.0, ""angle"": -1.8856451172981235, ""elevation"": 0.0}, {""range"": 0.950111732853864, ""doppler"": 0.0, ""angle"": 0.7117122060356939, ""elevation"": 0.0}, {""range"": 0.9767900981739054, ""doppler"": 0.0, ""angle"": 6.358724322634103, ""elevation"": 0.0}, {""range"": 1.044873654391789, ""doppler"": 0.0, ""angle"": 24.670361398660944, ""elevation"": 0.0}, {""range"": 1.1592458680080242, ""doppler"": 0.0, ""angle"": 22.395518017529636, ""elevation"": 0.0}, {""range"": 1.1808961710758314, ""doppler"": 0.0, ""angle"": 30.572436623762155, ""elevation"": 0.0}]",1785085593432.4082
6,"[{""range"": 0.8652494580720186, ""doppler"": 0.0, ""angle"": -20.00030425875876, ""elevation"": 0.0}, {""range"": 0.8615700894601176, ""doppler"": 0.0, ""angle"": -15.677515541343038, ""elevation"": 0.0}, {""range"": 0.9143285404503682, ""doppler"": 0.0, ""angle"": 0.6163008676792125, ""elevation"": 0.0}, {""range"": 0.9519411166280235, ""doppler"": 0.0, ""angle"": 2.637748661215898, ""elevation"": 0.0}, {""range"": 1.118422210521278, ""doppler"": 0.0, ""angle"": 16.438651137863353, ""elevation"": 0.0}, {""range"": 1.123510873635962, ""doppler"": 0.0, ""angle"": 13.32406423511007, ""elevation"": 0.0}]",1785085593432.4392
7,"[{""range"": 0.8687737336381176, ""doppler"": 0.0, ""angle"": -14.67693637730866, ""elevation"": 0.0}, {""range"": 0.8870665699257453, ""doppler"": 0.0, ""angle"": -11.912451472579736, ""elevation"": 0.0}, {""range"": 0.9036697385794589, ""doppler"": 0.0, ""angle"": -9.177150383746183, ""elevation"": 0.0}, {""range"": 0.9205119208399002, ""doppler"": 0.0, ""angle"": -10.294891507609481, ""elevation"": 0.0}, {""range"": 1.1331453126962074, ""doppler"": 0.0, ""angle"": 15.279701337078768, ""elevation"": 0.0}, {""range"": 1.1420801190852399, ""doppler"": 0.0, ""angle"": 17.240573093910374, ""elevation"": 0.0}, {""range"": 1.1664704120093803, ""doppler"": 0.0, ""angle"": 21.12453294368023, ""elevation"": 0.0}]",1785085593432.608
5,"[{""range"": 0.8712087391187426, ""doppler"": 0.0, ""angle"": -12.590033390262526, ""elevation"": 0.0}, {""range"": 0.8855823056754466, ""doppler"": 0.0, ""angle"": -11.44833328788692, ""elevation"": 0.0}, {""range"": 0.8972627721465537, ""doppler"": 0.0, ""angle"": -11.506993707350956, ""elevation"": 0.0}, {""range"": 0.9179482592008933, ""doppler"": 0.0, ""angle"": -14.231144734730794, ""elevation"": 0.0}, {""range"": 0.9822296451589305, ""doppler"": 0.0, ""angle"": 22.44254378620437, ""elevation"": 0.0}]",1785085593432.6558
7,"[{""range"": 0.8687215438767345, ""doppler"": 0.0, ""angle"": -13.449861804656837, ""elevation"": 0.0}, {""range"": 0.8843182152323014, ""doppler"": 0.0, ""angle"": -11.394000456756821, ""elevation"": 0.0}, {""range"": 0.9146887693880847, ""doppler"": 0.0, ""angle"": -12.188633201931882, ""elevation"": 0.0}, {""range"": 0.8954547643569374, ""doppler"": 0.0, ""angle"": -10.49314370167322, ""elevation"": 0.0}, {""range"": 1.116079701466984, ""doppler"": 0.0, ""angle"": 18.87328767448896, ""elevation"": 0.0}, {""range"": 1.1327851449016915, ""doppler"": 0.0, ""angle"": 18.48929013397546, ""elevation"": 0.0}, {""range"": 1.0898517279541131, ""doppler"": 0.0, ""angle"": 30.52846014993946, ""elevation"": 0.0}]",1785085593432.685
10,"[{""range"": 1.4758597287056239, ""doppler"": 0.0, ""angle"": -36.9379283688445, ""elevation"": 0.0}, {""range"": 0.863751358118914, ""doppler"": 0.0, ""angle"": -13.345792980987543, ""elevation"": 0.0}, {""range"": 0.8757974278374501, ""doppler"": 0.0, ""angle"": -12.044100581500846, ""elevation"": 0.0}, {""range"": 0.8887790067912819, ""doppler"": 0.0, ""angle"": -11.065775800577152, ""elevation"": 0.0}, {""range"": 0.918701464016342, ""doppler"": 0.0, ""angle"": -9.850998376232425, ""elevation"": 0.0}, {""range"": 0.9883048738431307, ""doppler"": 0.0, ""angle"": 24.40877926172314, ""elevation"": 0.0}, {""range"": 1.1305244965607828, ""doppler"": 0.0, ""angle"": 19.842192063362308, ""elevation"": 0.0}, {""range"": 1.15021497206698, ""doppler"": 0.0, ""angle"": 22.214923045562394, ""elevation"": 0.0}, {""range"": 1.1856282422999258, ""doppler"": 0.0, ""angle"": 29.410473929699023, ""elevation"": 0.0}, {""range"": 1.2183466780900436, ""doppler"": 0.0, ""angle"": 34.00959208916527, ""elevation"": 0.0}]",1785085593432.776
9,"[{""range"": 1.477391122593234, ""doppler"": 0.0, ""angle"": -37.74786669865895, ""elevation"": 0.0}, {""range"": 1.491971970258737, ""doppler"": 0.0, ""angle"": -37.618415525458545, ""elevation"": 0.0}, {""range"": 0.8610092774220941, ""doppler"": 0.0, ""angle"": -13.40131723794421, ""elevation"": 0.0}, {""range"": 0.8677731352055624, ""doppler"": 0.0, ""angle"": -14.279639537844648, ""elevation"": 0.0}, {""range"": 0.9118223800745339, ""doppler"": 0.0, ""angle"": -2.6076642309380644, ""elevation"": 0.0}, {""range"": 0.9547341314053193, ""doppler"": 0.0, ""angle"": 5.114762429417004, ""elevation"": 0.0}, {""range"": 0.9771935618222054, ""doppler"": 0.0, ""angle"": 7.264162411119906, ""elevation"": 0.0}, {""range"": 1.1538731280751862, ""doppler"": 0.0, ""angle"": 22.56317569394227, ""elevation"": 0.0}, {""range"": 1.1792993163997134, ""doppler"": 0.0, ""angle"": 24.338263028291752, ""elevation"": 0.0}]",1785085593432.8052
8,"[{""range"": 0.8708145522475931, ""doppler"": 0.0, ""angle"": -12.849113532150785, ""elevation"": 0.0}, {""range"": 0.8906520133475859, ""doppler"": 0.0, ""angle"": -10.339828085297231, ""elevation"": 0.0}, {""range"": 0.9088673239540913, ""doppler"": 0.0, ""angle"": -4.366716345900876, ""elevation"": 0.0}, {""range"": 0.9321587547178167, ""doppler"": 0.0, ""angle"": 0.10990928301204703, ""elevation"": 0.0}, {""range"": 0.9640632668947832, ""doppler"": 0.0, ""angle"": 3.0088776351461197, ""elevation"": 0.0}, {""range"": 1.1261306925678847, ""doppler"": 0.0, ""angle"": 17.387673759320926, ""elevation"": 0.0}, {""range"": 1.1479008528691963, ""doppler"": 0.0, ""angle"": 19.74748278871108, ""elevation"": 0.0}, {""range"": 1.1828078019746415, ""doppler"": 0.0, ""angle"": 26.63090391339235, ""elevation"": 0.0}]",1785085593432.832
8,"[{""range"": 0.8658057878898409, ""doppler"": 0.0, ""angle"": -21.40368111643935, ""elevation"": 0.0}, {""range"": 0.8563373924682918, ""doppler"": 0.0, ""angle"": -16.448280286088647, ""elevation"": 0.0}, {""range"": 0.9465142464910145, ""doppler"": 0.0, ""angle"": 2.7937571335415368, ""elevation"": 0.0}, {""range"": 0.9379703631408316, ""doppler"": 0.0, ""angle"": 4.943246009410081, ""elevation"": 0.0}, {""range"": 0.97807595061085, ""doppler"": 0.0, ""angle"": 6.466279042459947, ""elevation"": 0.0}, {""range"": 1.0436417181021942, ""doppler"": 0.0, ""angle"": 17.314202152134435, ""elevation"": 0.0}, {""range"": 1.1027833276983048, ""doppler"": 0.0, ""angle"": 23.305940681789377, ""elevation"": 0.0}, {""range"": 1.1266776961536304, ""doppler"": 0.0, ""angle"": 20.338928098917677, ""elevation"": 0.0}]",1785085593432.859
7,"[{""range"": 1.4767658685936385, ""doppler"": 0.0, ""angle"": -37.11132855737612, ""elevation"": 0.0}, {""range"": 0.8711534469770761, ""doppler"": 0.0, ""angle"": -11.964976452519558, ""elevation"": 0.0}, {""range"": 0.8863907908777302, ""doppler"": 0.0, ""angle"": -10.56640312637964, ""elevation"": 0.0}, {""range"": 0.899721941143358, ""doppler"": 0.0, ""angle"": -9.945313907482962, ""elevation"": 0.0}, {""range"": 0.9318069781356921, ""doppler"": 0.0, ""angle"": 0.23089711308726382, ""elevation"": 0.0}, {""range"": 0.9729416683409, ""doppler"": 0.0, ""angle"": 10.440473132577793, ""elevation"": 0.0}, {""range"": 1.142234874109371, ""doppler"": 0.0, ""angle"": 19.725623242917706, ""elevation"": 0.0}]",1785085593432.8809
10,"[{""range"": 1.4742939956992938, ""doppler"": 0.0, ""angle"": -36.67114780091256, ""elevation"": 0.0}, {""range"": 0.8651635727279035, ""doppler"": 0.0, ""angle"": -13.981673340021372, ""elevation"": 0.0}, {""range"": 0.8782656405920284, ""doppler"": 0.0, ""angle"": -13.841023800365969, ""elevation"": 0.0}, {""range"": 0.8922993955849926, ""doppler"": 0.0, ""angle"": -12.275993559756692, ""elevation"": 0.0}, {""range"": 0.9677323725044017, ""doppler"": 0.0, ""angle"": 10.91751598531486, ""elevation"": 0.0}, {""range"": 0.9962765623059564, ""doppler"": 0.0, ""angle"": 14.62736348679318, ""elevation"": 0.0}, {""range"": 1.0496039350578756, ""doppler"": 0.0, ""angle"": 21.025597327051226, ""elevation"": 0.0}, {""range"": 1.099667752006747, ""doppler"": 0.0, ""angle"": 19.1066982400998, ""elevation"": 0.0}, {""range"": 1.143810904663702, ""doppler"": 0.0, ""angle"": 20.488950490791137, ""elevation"": 0.0}, {""range"": 1.190574919299464, ""doppler"": 0.0, ""angle"": 26.318751653866936, ""elevation"": 0.0}]",1785085593432.9111
10,"[{""range"": 0.8676074389938518, ""doppler"": 0.0, ""angle"": -14.379928100701543, ""elevation"": 0.0}, {""range"": 0.8900175956335005, ""doppler"": 0.0, ""angle"": -10.932917734286715, ""elevation"": 0.0}, {""range"": 0.8583507861890384, ""doppler"": 0.0, ""angle"": -10.090260536070051, ""elevation"": 0.0}, {""range"": 0.9262134602445722, ""doppler"": 0.0, ""angle"": 7.621688986122202, ""elevation"": 0.0}, {""range"": 0.9544564724017235, ""doppler"": 0.0, ""angle"": 10.099386337401734, ""elevation"": 0.0}, {""range"": 0.9842027617061797, ""doppler"": 0.0, ""angle"": 14.940134322625571, ""elevation"": 0.0}, {""range"": 0.8114727254441831, ""doppler"": 0.0, ""angle"": 18.993914303754174, ""elevation"": 0.0}, {""range"": 1.1153748169250646, ""doppler"": 0.0, ""angle"": 20.358229676710373, ""elevation"": 0.0}, {""range"": 1.1283231518116534, ""doppler"": 0.0, ""angle"": 20.588990315741285, ""elevation"": 0.0}, {""range"": 1.1493068069364734, ""doppler"": 0.0, ""angle"": 24.898416021835256, ""elevation"": 0.0}]",1785085593432.935
10,"[{""range"": 1.4747553889816445, ""doppler"": 0.0, ""angle"": -39.30211557825143, ""elevation"": 0.0}, {""range"": 0.882346972298472, ""doppler"": 0.0, ""angle"": -9.553949563419303, ""elevation"": 0.0}, {""range"": 0.8977501336654794, ""doppler"": 0.0, ""angle"": -7.726617619097229, ""elevation"": 0.0}, {""range"": 0.9204010385105145, ""doppler"": 0.0, ""angle"": -5.898886888624854, ""elevation"": 0.0}, {""range"": 0.8452670099494222, ""doppler"": 0.0, ""angle"": 2.65539827133648, ""elevation"": 0.0}, {""range"": 0.7840211907329314, ""doppler"": 0.0, ""angle"": 14.124985615482712, ""elevation"": 0.0}, {""range"": 0.7950514140241686, ""doppler"": 0.0, ""angle"": 16.140104155268904, ""elevation"": 0.0}, {""range"": 1.1157908118391349, ""doppler"": 0.0, ""angle"": 22.282244868401122, ""elevation"": 0.0}, {""range"": 1.13802852165955, ""doppler"": 0.0, ""angle"": 23.600510244231174, ""elevation"": 0.0}, {""range"": 1.2397498648880776, ""doppler"": 0.0, ""angle"": 34.570237504423105, ""elevation"": 0.0}]",1785085593432.959
9,"[{""range"": 1.4770703135914247, ""doppler"": 0.0, ""angle"": -39.29135898527478, ""elevation"": 0.0}, {""range"": 1.4908307197853954, ""doppler"": 0.0, ""angle"": -41.13873197448608, ""elevation"": 0.0}, {""range"": 0.8823846589352898, ""doppler"": 0.0, ""angle"": -5.243835401995145, ""elevation"": 0.0}, {""range"": 0.8330308668487134, ""doppler"": 0.0, ""angle"": 1.9312779930406623, ""elevation"": 0.0}, {""range"": 0.8602020269975572, ""doppler"": 0.0, ""angle"": -1.4770436132065539, ""elevation"": 0.0}, {""range"": 0.8710684741173025, ""doppler"": 0.0, ""angle"": -2.929950886154927, ""elevation"": 0.0}, {""range"": 0.9389370025974085, ""doppler"": 0.0, ""angle"": 21.694019283777415, ""elevation"": 0.0}, {""range"": 1.1168784326629573, ""doppler"": 0.0, ""angle"": 19.68529372507172, ""elevation"": 0.0}, {""range"": 1.1341775432264944, ""doppler"": 0.0, ""angle"": 19.36337058951531, ""elevation"": 0.0}]",1785085593432.981
10,"[{""range"": 0.8675795035453735, ""doppler"": 0.0, ""angle"": -13.285824237269713, ""elevation"": 0.0}, {""range"": 0.8904076802126047, ""doppler"": 0.0, ""angle"": -9.233435402858202, ""elevation"": 0.0}, {""range"": 0.9081059096891629, ""doppler"": 0.0, ""angle"": -4.619355533170963, ""elevation"": 0.0}, {""range"": 0.9323705765795678, ""doppler"": 0.0, ""angle"": 0.49448524428875573, ""elevation"": 0.0}, {""range"": 0.9645814673312806, ""doppler"": 0.0, ""angle"": 4.028860581462882, ""elevation"": 0.0}, {""range"": 1.1167655166140198, ""doppler"": 0.0, ""angle"": 18.919437512093893, ""elevation"": 0.0}, {""range"": 1.138384502657121, ""doppler"": 0.0, ""angle"": 18.537404905970483, ""elevation"": 0.0}, {""range"": 1.1776629920080697, ""doppler"": 0.0, ""angle"": 25.121481271371643, ""elevation"": 0.0}, {""range"": 1.0715386782412066, ""doppler"": 0.0, ""angle"": 30.373437391498925, ""elevation"": 0.0}, {""range"": 1.2238958367533994, ""doppler"": 0.0, ""angle"": 30.851777952471682, ""elevation"": 0.0}]",1785085593433.003
9,"[{""range"": 0.8593530537647546, ""doppler"": 0.0, ""angle"": -13.452144017169307, ""elevation"": 0.0}, {""range"": 0.865001978737415, ""doppler"": 0.0, ""angle"": -17.678340905117935, ""elevation"": 0.0}, {""range"": 0.8982054599964331, ""doppler"": 0.0, ""angle"": -16.67083834292546, ""elevation"": 0.0}, {""range"": 0.9568294193747618, ""doppler"": 0.0, ""angle"": 5.4261196284021675, ""elevation"": 0.0}, {""range"": 0.9676948376961065, ""doppler"": 0.0, ""angle"": 4.769796287525874, ""elevation"": 0.0}, {""range"": 0.9379816124262754, ""doppler"": 0.0, ""angle"": 13.246774230140323, ""elevation"": 0.0}, {""range"": 1.128317597549699, ""doppler"": 0.0, ""angle"": 14.71675714672386, ""elevation"": 0.0}, {""range"": 1.1358982449955628, ""doppler"": 0.0, ""angle"": 17.14848494629797, ""elevation"": 0.0}, {""range"": 1.172068393183775, ""doppler"": 0.0, ""angle"": 22.24130101154772, ""elevation"": 0.0}]",1785085593433.024
10,"[{""range"": 0.8634625687612433, ""doppler"": 0.0, ""angle"": -8.155272558795298, ""elevation"": 0.0}, {""range"": 0.8781264663929997, ""doppler"": 0.0, ""angle"": -8.725760310717453, ""elevation"": 0.0}, {""range"": 0.8982415557618505, ""doppler"": 0.0, ""angle"": -3.6752305061679986, ""elevation"": 0.0}, {""range"": 0.8353187630062109, ""doppler"": 0.0, ""angle"": -1.8523555855652007, ""elevation"": 0.0}, {""range"": 0.9321236979479899, ""doppler"": 0.0, ""angle"": 3.332252690630389, ""elevation"": 0.0}, {""range"": 0.9792565652934201, ""doppler"": 0.0, ""angle"": 5.837599944766198, ""elevation"": 0.0}, {""range"": 1.1175348603441995, ""doppler"": 0.0, ""angle"": 14.265265272475698, ""elevation"": 0.0}, {""range"": 1.1306922578136718, ""doppler"": 0.0, ""angle"": 17.154025086111336, ""elevation"": 0.0}, {""range"": 1.1658726934128665, ""doppler"": 0.0, ""angle"": 19.263089746526738, ""elevation"": 0.0}, {""range"": 1.2700565163514577, ""doppler"": 0.0, ""angle"": 31.792468194076648, ""elevation"": 0.0}]",1785085593433.05
9,"[{""range"": 0.8582161691529298, ""doppler"": 0.0, ""angle"": -11.745401981426257, ""elevation"": 0.0}, {""range"": 0.8779962470909424, ""doppler"": 0.0, ""angle"": -9.554403603842028, ""elevation"": 0.0}, {""range"": 0.9100151023939753, ""doppler"": 0.0, ""angle"": -0.4728567705043259, ""elevation"": 0.0}, {""range"": 0.9426907981065152, ""doppler"": 0.0, ""angle"": 7.4000145671013895, ""elevation"": 0.0}, {""range"": 0.9875530810481542, ""doppler"": 0.0, ""angle"": 7.302593320918321, ""elevation"": 0.0}, {""range"": 1.0772480704877976, ""doppler"": 0.0, ""angle"": 18.97631015657815, ""elevation"": 0.0}, {""range"": 1.115636744996939, ""doppler"": 0.0, ""angle"": 20.235744232261798, ""elevation"": 0.0}, {""range"": 1.1323882124660762, ""doppler"": 0.0, ""angle"": 21.724125838016242, ""elevation"": 0.0}, {""range"": 1.153186312432824, ""doppler"": 0.0, ""angle"": 22.712125301925028, ""elevation"": 0.0}]",1785085593433.072
11,"[{""range"": 0.9210663926180106, ""doppler"": 0.0, ""angle"": -7.406470909783159, ""elevation"": 0.0}, {""range"": 0.9432236219633983, ""doppler"": 0.0, ""angle"": -4.850237469011375, ""elevation"": 0.0}, {""range"": 0.8788028336405782, ""doppler"": 0.0, ""angle"": -2.7407286532680546, ""elevation"": 0.0}, {""range"": 0.9747713246565904, ""doppler"": 0.0, ""angle"": -3.1652547501676818, ""elevation"": 0.0}, {""range"": 0.8486190760079395, ""doppler"": 0.0, ""angle"": 6.533510105497299, ""elevation"": 0.0}, {""range"": 0.8311617323631803, ""doppler"": 0.0, ""angle"": 12.095617994482783, ""elevation"": 0.0}, {""range"": 1.1121702335176236, ""doppler"": 0.0, ""angle"": 16.09217805383006, ""elevation"": 0.0}, {""range"": 1.1407410940088534, ""doppler"": 0.0, ""angle"": 18.914934953887524, ""elevation"": 0.0}, {""range"": 1.1942544666516588, ""doppler"": 0.0, ""angle"": 26.308000723617457, ""elevation"": 0.0}, {""range"": 1.2356082842702814, ""doppler"": 0.0, ""angle"": 31.369033760837183, ""elevation"": 0.0}, {""range"": 1.2580129751845934, ""doppler"": 0.0, ""angle"": 32.77975501373555, ""elevation"": 0.0}]",1785085593433.0981
8,"[{""range"": 0.8673019613343643, ""doppler"": 0.0, ""angle"": -9.697306801135724, ""elevation"": 0.0}, {""range"": 0.881391368084206, ""doppler"": 0.0, ""angle"": -4.911335777878976, ""elevation"": 0.0}, {""range"": 0.895761528237661, ""doppler"": 0.0, ""angle"": -1.384073630374816, ""elevation"": 0.0}, {""range"": 0.9250141436328365, ""doppler"": 0.0, ""angle"": 3.7462936227871606, ""elevation"": 0.0}, {""range"": 0.9868649181889584, ""doppler"": 0.0, ""angle"": 14.834449729493029, ""elevation"": 0.0}, {""range"": 1.1042542420238304, ""doppler"": 0.0, ""angle"": 21.417203582821298, ""elevation"": 0.0}, {""range"": 1.1304849564841621, ""doppler"": 0.0, ""angle"": 20.36405585943491, ""elevation"": 0.0}, {""range"": 1.282055220197702, ""doppler"": 0.0, ""angle"": 37.593928403785874, ""elevation"": 0.0}]",1785085593433.1191
5,"[{""range"": 0.8593862794660397, ""doppler"": 0.0, ""angle"": -11.16965091433913, ""elevation"": 0.0}, {""range"": 0.86953671534334, ""doppler"": 0.0, ""angle"": -9.218256331800607, ""elevation"": 0.0}, {""range"": 0.8775436066331229, ""doppler"": 0.0, ""angle"": -8.861554309933071, ""elevation"": 0.0}, {""range"": 0.8237611536364667, ""doppler"": 0.0, ""angle"": 25.15213819534086, ""elevation"": 0.0}, {""range"": 1.09858189416866, ""doppler"": 0.0, ""angle"": 23.339414240934392, ""elevation"": 0.0}]",1785085593433.135
6,"[{""range"": 0.8682725382430896, ""doppler"": 0.0, ""angle"": -9.219840840184888, ""elevation"": 0.0}, {""range"": 0.8843184321751527, ""doppler"": 0.0, ""angle"": -6.4668530444303025, ""elevation"": 0.0}, {""range"": 0.8996072878744766, ""doppler"": 0.0, ""angle"": -4.114827376943775, ""elevation"": 0.0}, {""range"": 0.9204958555403641, ""doppler"": 0.0, ""angle"": -2.716781638467406, ""elevation"": 0.0}, {""range"": 1.1236656250878099, ""doppler"": 0.0, ""angle"": 22.058764684850892, ""elevation"": 0.0}, {""range"": 1.1306058208904253, ""doppler"": 0.0, ""angle"": 20.45847003504233, ""elevation"": 0.0}]",1785085593433.1519
5,"[{""range"": 0.8573629918703396, ""doppler"": 0.0, ""angle"": -9.277656182820307, ""elevation"": 0.0}, {""range"": 0.8719238258170026, ""doppler"": 0.0, ""angle"": -8.467435480112695, ""elevation"": 0.0}, {""range"": 0.9364272677525511, ""doppler"": 0.0, ""angle"": -5.698617960500466, ""elevation"": 0.0}, {""range"": 0.9058900278510934, ""doppler"": 0.0, ""angle"": -1.6514350676081853, ""elevation"": 0.0}, {""range"": 1.1459620890136004, ""doppler"": 0.0, ""angle"": 14.448233419301594, ""elevation"": 0.0}]",1785085593433.1711
9,"[{""range"": 0.8904570549134543, ""doppler"": 0.0, ""angle"": -8.429498227031322, ""elevation"": 0.0}, {""range"": 0.9107038615595414, ""doppler"": 0.0, ""angle"": -6.912919256635326, ""elevation"": 0.0}, {""range"": 0.9311295538198071, ""doppler"": 0.0, ""angle"": -5.532132886425007, ""elevation"": 0.0}, {""range"": 0.9608878852568206, ""doppler"": 0.0, ""angle"": -4.514827608236949, ""elevation"": 0.0}, {""range"": 0.8655215814445764, ""doppler"": 0.0, ""angle"": -0.6865694531272863, ""elevation"": 0.0}, {""range"": 0.8250487331286809, ""doppler"": 0.0, ""angle"": 22.719207335726736, ""elevation"": 0.0}, {""range"": 1.1207001387354611, ""doppler"": 0.0, ""angle"": 18.74427769139184, ""elevation"": 0.0}, {""range"": 1.1402527573229806, ""doppler"": 0.0, ""angle"": 19.952400568349365, ""elevation"": 0.0}, {""range"": 1.1730337196587861, ""doppler"": 0.0, ""angle"": 22.675628227059985, ""elevation"": 0.0}]",1785085593433.1938
8,"[{""range"": 1.4776392545503236, ""doppler"": 0.0, ""angle"": -36.20426199612815, ""elevation"": 0.0}, {""range"": 0.8623506610705797, ""doppler"": 0.0, ""angle"": -16.12001293436584, ""elevation"": 0.0}, {""range"": 0.8788354695446513, ""doppler"": 0.0, ""angle"": -16.185594799136158, ""elevation"": 0.0}, {""range"": 0.9147190413157004, ""doppler"": 0.0, ""angle"": -5.001760381405753, ""elevation"": 0.0}, {""range"": 0.9408959162453873, ""doppler"": 0.0, ""angle"": -5.572990784889924, ""elevation"": 0.0}, {""range"": 0.973406988637611, ""doppler"": 0.0, ""angle"": -1.8001019014081903, ""elevation"": 0.0}, {""range"": 1.125023282824346, ""doppler"": 0.0, ""angle"": 14.50670325063763, ""elevation"": 0.0}, {""range"": 1.1373695422064523, ""doppler"": 0.0, ""angle"": 12.410585624598498, ""elevation"": 0.0}]",1785085593433.2148
11,"[{""range"": 1.4807265772587235, ""doppler"": 0.0, ""angle"": -37.290582233238396, ""elevation"": 0.0}, {""range"": 1.4946985000712318, ""doppler"": 0.0, ""angle"": -38.11064372408795, ""elevation"": 0.0}, {""range"": 0.8640066156403049, ""doppler"": 0.0, ""angle"": 2.5740249642153423, ""elevation"": 0.0}, {""range"": 0.8859296630648376, ""doppler"": 0.0, ""angle"": 1.3994368332545635, ""elevation"": 0.0}, {""range"": 0.9079778066174523, ""doppler"": 0.0, ""angle"": 1.8959955076482544, ""elevation"": 0.0}, {""range"": 0.9265938970744768, ""doppler"": 0.0, ""angle"": 1.9132043901631608, ""elevation"": 0.0}, {""range"": 0.9724704208018806, ""doppler"": 0.0, ""angle"": 17.385448852664627, ""elevation"": 0.0}, {""range"": 0.8316342542512456, ""doppler"": 0.0, ""angle"": 22.169726253632327, ""elevation"": 0.0}, {""range"": 0.8553493476807462, ""doppler"": 0.0, ""angle"": 18.957664557887515, ""elevation"": 0.0}, {""range"": 1.1525248470963778, ""doppler"": 0.0, ""angle"": 18.255039204767492, ""elevation"": 0.0}, {""range"": 1.1775674175208442, ""doppler"": 0.0, ""angle"": 23.93775406150979, ""elevation"": 0.0}]",1785085593433.239
8,"[{""range"": 1.495933403567008, ""doppler"": 0.0, ""angle"": -39.417104328719184, ""elevation"": 0.0}, {""range"": 0.8601767318759875, ""doppler"": 0.0, ""angle"": -18.419882880720447, ""elevation"": 0.0}, {""range"": 0.8821056671998874, ""doppler"": 0.0, ""angle"": -14.498228039591746, ""elevation"": 0.0}, {""range"": 0.9390218609656446, ""doppler"": 0.0, ""angle"": 2.826990043444972, ""elevation"": 0.0}, {""range"": 0.9659624063952829, ""doppler"": 0.0, ""angle"": -0.2545519550122736, ""elevation"": 0.0}, {""range"": 0.8976055559819055, ""doppler"": 0.0, ""angle"": 10.60703444284764, ""elevation"": 0.0}, {""range"": 0.9191928511289074, ""doppler"": 0.0, ""angle"": 5.929079304116269, ""elevation"": 0.0}, {""range"": 1.1458539783287145, ""doppler"": 0.0, ""angle"": 18.638525548401763, ""elevation"": 0.0}]",1785085593433.258
8,"[{""range"": 0.870006697304431, ""doppler"": 0.0, ""angle"": -10.815697037893683, ""elevation"": 0.0}, {""range"": 0.8900878813099656, ""doppler"": 0.0, ""angle"": -6.772374280659894, ""elevation"": 0.0}, {""range"": 0.9104286311418378, ""doppler"": 0.0, ""angle"": -1.384284791948773, ""elevation"": 0.0}, {""range"": 0.9308748408774911, ""doppler"": 0.0, ""angle"": 1.519017097646616, ""elevation"": 0.0}, {""range"": 0.9642977076319237, ""doppler"": 0.0, ""angle"": 1.8277423038838778, ""elevation"": 0.0}, {""range"": 1.1286817830704954, ""doppler"": 0.0, ""angle"": 13.794072547074778, ""elevation"": 0.0}, {""range"": 1.148146894837643, ""doppler"": 0.0, ""angle"": 17.698438219995058, ""elevation"": 0.0}, {""range"": 1.1561005111853622, ""doppler"": 0.0, ""angle"": 19.300919950014908, ""elevation"": 0.0}]",1785085593433.2778
6,"[{""range"": 0.8612336237837955, ""doppler"": 0.0, ""angle"": -19.857079183026425, ""elevation"": 0.0}, {""range"": 0.8582291158074229, ""doppler"": 0.0, ""angle"": -11.452744361094144, ""elevation"": 0.0}, {""range"": 0.9355639713687672, ""doppler"": 0.0, ""angle"": 8.319043314335996, ""elevation"": 0.0}, {""range"": 0.9389365088164033, ""doppler"": 0.0, ""angle"": 6.4185156506925445, ""elevation"": 0.0}, {""range"": 0.9608811967747286, ""doppler"": 0.0, ""angle"": 11.050639475568167, ""elevation"": 0.0}, {""range"": 1.1326965106032685, ""doppler"": 0.0, ""angle"": 11.694866902025597, ""elevation"": 0.0}]",1785085593433.294
11,"[{""range"": 1.482748799645974, ""doppler"": 0.0, ""angle"": -37.6313641241193, ""elevation"": 0.0}, {""range"": 1.4950830767453016, ""doppler"": 0.0, ""angle"": -37.1645629727048, ""elevation"": 0.0}, {""range"": 0.9074391921648177, ""doppler"": 0.0, ""angle"": 2.9593809269028943, ""elevation"": 0.0}, {""range"": 0.943317331344613, ""doppler"": 0.0, ""angle"": -0.716838699261408, ""elevation"": 0.0}, {""range"": 0.9867328955589667, ""doppler"": 0.0, ""angle"": 10.081961020681034, ""elevation"": 0.0}, {""range"": 0.8654091954423203, ""doppler"": 0.0, ""angle"": 17.955748040453063, ""elevation"": 0.0}, {""range"": 1.1129143973360118, ""doppler"": 0.0, ""angle"": 14.449303581513172, ""elevation"": 0.0}, {""range"": 1.1361884243330909, ""doppler"": 0.0, ""angle"": 15.191058683916292, ""elevation"": 0.0}, {""range"": 0.8347075058953537, ""doppler"": 0.0, ""angle"": 21.938164209981526, ""elevation"": 0.0}, {""range"": 0.8504148772895155, ""doppler"": 0.0, ""angle"": 21.26672405921816, ""elevation"": 0.0}, {""range"": 1.1629616331530643, ""doppler"": 0.0, ""angle"": 19.780640801013156, ""elevation"": 0.0}]",1785085593433.316
10,"[{""range"": 1.4817134277767934, ""doppler"": 0.0, ""angle"": -38.23217933817951, ""elevation"": 0.0}, {""range"": 1.493422806622745, ""doppler"": 0.0, ""angle"": -38.192675215766, ""elevation"": 0.0}, {""range"": 0.8629583813437719, ""doppler"": 0.0, ""angle"": -14.655337461033364, ""elevation"": 0.0}, {""range"": 0.874403521320611, ""doppler"": 0.0, ""angle"": -13.891313474724232, ""elevation"": 0.0}, {""range"": 0.9046042122037365, ""doppler"": 0.0, ""angle"": -10.512512369885457, ""elevation"": 0.0}, {""range"": 0.9589963341847823, ""doppler"": 0.0, ""angle"": 3.8488964510404977, ""elevation"": 0.0}, {""range"": 0.9827188422488756, ""doppler"": 0.0, ""angle"": 7.317691237566097, ""elevation"": 0.0}, {""range"": 1.1325810356779615, ""doppler"": 0.0, ""angle"": 22.54053880411213, ""elevation"": 0.0}, {""range"": 1.1511992347103919, ""doppler"": 0.0, ""angle"": 20.199806621434103, ""elevation"": 0.0}, {""range"": 1.1665781195807456, ""doppler"": 0.0, ""angle"": 24.23535368102115, ""elevation"": 0.0}]",1785085593433.3389
8,"[{""range"": 0.8667882398441904, ""doppler"": 0.0, ""angle"": -11.506967796279278, ""elevation"": 0.0}, {""range"": 0.8872563992741104, ""doppler"": 0.0, ""angle"": -8.985833386688899, ""elevation"": 0.0}, {""range"": 0.9069128267961102, ""doppler"": 0.0, ""angle"": -5.317161557242074, ""elevation"": 0.0}, {""range"": 0.9307516923245432, ""doppler"": 0.0, ""angle"": -3.204864240845819, ""elevation"": 0.0}, {""range"": 0.9640718900973406, ""doppler"": 0.0, ""angle"": -0.7651735990134442, ""elevation"": 0.0}, {""range"": 1.1212401101436835, ""doppler"": 0.0, ""angle"": 17.16923710773867, ""elevation"": 0.0}, {""range"": 1.0640842830672048, ""doppler"": 0.0, ""angle"": 23.553847860880197, ""elevation"": 0.0}, {""range"": 1.1002141370283758, ""doppler"": 0.0, ""angle"": 21.339705384659467, ""elevation"": 0.0}]",1785085593433.3582
8,"[{""range"": 0.8563605420756194, ""doppler"": 0.0, ""angle"": -14.857434478414497, ""elevation"": 0.0}, {""range"": 0.8613120309730856, ""doppler"": 0.0, ""angle"": -16.350606544168247, ""elevation"": 0.0}, {""range"": 0.9193589360566321, ""doppler"": 0.0, ""angle"": 17.4058784127665, ""elevation"": 0.0}, {""range"": 0.9427480503756639, ""doppler"": 0.0, ""angle"": 15.681176186339243, ""elevation"": 0.0}, {""range"": 0.8255291695057012, ""doppler"": 0.0, ""angle"": 21.139979146959583, ""elevation"": 0.0}, {""range"": 1.1123142595697493, ""doppler"": 0.0, ""angle"": 23.23487356248567, ""elevation"": 0.0}, {""range"": 1.1354097685314026, ""doppler"": 0.0, ""angle"": 19.9931285227621, ""elevation"": 0.0}, {""range"": 1.1662521842650548, ""doppler"": 0.0, ""angle"": 20.9498421116143, ""elevation"": 0.0}]",1785085593433.449
10,"[{""range"": 1.4808318214020129, ""doppler"": 0.0, ""angle"": -40.1067567259425, ""elevation"": 0.0}, {""range"": 1.4913392256695457, ""doppler"": 0.0, ""angle"": -39.03854155229921, ""elevation"": 0.0}, {""range"": 0.8935867435823811, ""doppler"": 0.0, ""angle"": -13.16305242357763, ""elevation"": 0.0}, {""range"": 0.8675344658755396, ""doppler"": 0.0, ""angle"": -7.687511490730464, ""elevation"": 0.0}, {""range"": 0.9294203557981308, ""doppler"": 0.0, ""angle"": -10.295972879636508, ""elevation"": 0.0}, {""range"": 0.8417308275455438, ""doppler"": 0.0, ""angle"": 7.408843347902932, ""elevation"": 0.0}, {""range"": 0.8263954797552268, ""doppler"": 0.0, ""angle"": 13.858839102224294, ""elevation"": 0.0}, {""range"": 1.1266745176577289, ""doppler"": 0.0, ""angle"": 16.922217775525958, ""elevation"": 0.0}, {""range"": 1.1362987912355536, ""doppler"": 0.0, ""angle"": 19.852152011131714, ""elevation"": 0.0}, {""range"": 1.1699629014605855, ""doppler"": 0.0, ""angle"": 23.395213761868792, ""elevation"": 0.0}]",1785085593433.475
6,"[{""range"": 0.8650414375120892, ""doppler"": 0.0, ""angle"": -12.608454713515746, ""elevation"": 0.0}, {""range"": 0.9087493208367501, ""doppler"": 0.0, ""angle"": -14.099133722749581, ""elevation"": 0.0}, {""range"": 0.8789927197750541, ""doppler"": 0.0, ""angle"": -10.265230768434128, ""elevation"": 0.0}, {""range"": 0.8883202885197029, ""doppler"": 0.0, ""angle"": -9.687954695824423, ""elevation"": 0.0}, {""range"": 1.120857218074167, ""doppler"": 0.0, ""angle"": 13.581770922475831, ""elevation"": 0.0}, {""range"": 1.1294311195934579, ""doppler"": 0.0, ""angle"": 17.19276416713831, ""elevation"": 0.0}]",1785085593433.493
9,"[{""range"": 1.4807910007772964, ""doppler"": 0.0, ""angle"": -37.838574560777765, ""elevation"": 0.0}, {""range"": 1.4946873655519852, ""doppler"": 0.0, ""angle"": -38.57416920269862, ""elevation"": 0.0}, {""range"": 0.8620658348035174, ""doppler"": 0.0, ""angle"": -14.474377428476863, ""elevation"": 0.0}, {""range"": 0.8769547445468121, ""doppler"": 0.0, ""angle"": -11.193081964005803, ""elevation"": 0.0}, {""range"": 0.8934183549772656, ""doppler"": 0.0, ""angle"": -8.459319576232184, ""elevation"": 0.0}, {""range"": 0.9162407324780867, ""doppler"": 0.0, ""angle"": -9.41268842787015, ""elevation"": 0.0}, {""range"": 1.1137175087781492, ""doppler"": 0.0, ""angle"": 22.385639113481623, ""elevation"": 0.0}, {""range"": 1.1436263355418421, ""doppler"": 0.0, ""angle"": 22.912743327234416, ""elevation"": 0.0}, {""range"": 1.181898926141297, ""doppler"": 0.0, ""angle"": 27.100039186118693, ""elevation"": 0.0}]",1785085593433.514
7,"[{""range"": 0.8883191906943801, ""doppler"": 0.0, ""angle"": -11.84826623841443, ""elevation"": 0.0}, {""range"": 0.8733155392697436, ""doppler"": 0.0, ""angle"": -10.380395764314114, ""elevation"": 0.0}, {""range"": 0.919916014479429, ""doppler"": 0.0, ""angle"": 1.4034268643949026, ""elevation"": 0.0}, {""range"": 0.8317539333254177, ""doppler"": 0.0, ""angle"": 11.13117060849528, ""elevation"": 0.0}, {""range"": 1.1152861464437134, ""doppler"": 0.0, ""angle"": 15.406587913830116, ""elevation"": 0.0}, {""range"": 0.8161123205151759, ""doppler"": 0.0, ""angle"": 20.428215381220046, ""elevation"": 0.0}, {""range"": 1.135655292965755, ""doppler"": 0.0, ""angle"": 22.086202395934944, ""elevation"": 0.0}]",1785085593433.535
11,"[{""range"": 0.8514734466858064, ""doppler"": 0.0, ""angle"": -16.44454165800157, ""elevation"": 0.0}, {""range"": 0.8669001519965355, ""doppler"": 0.0, ""angle"": -14.623857185667053, ""elevation"": 0.0}, {""range"": 0.9158068724725258, ""doppler"": 0.0, ""angle"": 5.613747766893171, ""elevation"": 0.0}, {""range"": 0.9409819571521401, ""doppler"": 0.0, ""angle"": 4.654234887580811, ""elevation"": 0.0}, {""range"": 0.8107458488110743, ""doppler"": 0.0, ""angle"": 23.308104467970903, ""elevation"": 0.0}, {""range"": 0.8270016875442732, ""doppler"": 0.0, ""angle"": 25.540042628377687, ""elevation"": 0.0}, {""range"": 1.1322921485894355, ""doppler"": 0.0, ""angle"": 19.47366264262826, ""elevation"": 0.0}, {""range"": 1.1369169656947715, ""doppler"": 0.0, ""angle"": 21.12032516610437, ""elevation"": 0.0}, {""range"": 1.178998417848289, ""doppler"": 0.0, ""angle"": 23.073077197344762, ""elevation"": 0.0}, {""range"": 1.238152422687441, ""doppler"": 0.0, ""angle"": 26.365221715814215, ""elevation"": 0.0}, {""range"": 2.0656941166582077, ""doppler"": 0.0, ""angle"": 45.33317241250841, ""elevation"": 0.0}]",1785085593433.561
10,"[{""range"": 0.8621829585371327, ""doppler"": 0.0, ""angle"": -18.88963786237012, ""elevation"": 0.0}, {""range"": 0.8548686520076153, ""doppler"": 0.0, ""angle"": -15.40542925129969, ""elevation"": 0.0}, {""range"": 0.9426301333626234, ""doppler"": 0.0, ""angle"": 4.111945423931189, ""elevation"": 0.0}, {""range"": 0.9497898852056869, ""doppler"": 0.0, ""angle"": 3.78896115813684, ""elevation"": 0.0}, {""range"": 0.9683437436995592, ""doppler"": 0.0, ""angle"": 7.256247863609075, ""elevation"": 0.0}, {""range"": 1.13206309569742, ""doppler"": 0.0, ""angle"": 15.85837699265318, ""elevation"": 0.0}, {""range"": 0.8172730725341124, ""doppler"": 0.0, ""angle"": 21.068111972927593, ""elevation"": 0.0}, {""range"": 1.1162489031962457, ""doppler"": 0.0, ""angle"": 18.87031870718845, ""elevation"": 0.0}, {""range"": 1.2685396875543964, ""doppler"": 0.0, ""angle"": 41.79451037436473, ""elevation"": 0.0}, {""range"": 2.064035541990774, ""doppler"": 0.0, ""angle"": 45.25271191949919, ""elevation"": 0.0}]",1785085593433.585
11,"[{""range"": 1.4808110495558644, ""doppler"": 0.0, ""angle"": -36.243051144354325, ""elevation"": 0.0}, {""range"": 1.4934663542558184, ""doppler"": 0.0, ""angle"": -36.63665462112663, ""elevation"": 0.0}, {""range"": 0.8732007509714523, ""doppler"": 0.0, ""angle"": -11.277717982909456, ""elevation"": 0.0}, {""range"": 0.8876371429166721, ""doppler"": 0.0, ""angle"": -12.625206145975667, ""elevation"": 0.0}, {""range"": 0.8606916690795275, ""doppler"": 0.0, ""angle"": -7.6048692795150075, ""elevation"": 0.0}, {""range"": 0.8253576462441706, ""doppler"": 0.0, ""angle"": 9.150092278907021, ""elevation"": 0.0}, {""range"": 1.124656021992381, ""doppler"": 0.0, ""angle"": 17.57357468918489, ""elevation"": 0.0}, {""range"": 0.9590657487772553, ""doppler"": 0.0, ""angle"": 23.084972572126954, ""elevation"": 0.0}, {""range"": 0.9839857853419554, ""doppler"": 0.0, ""angle"": 20.77661874476213, ""elevation"": 0.0}, {""range"": 1.1369094144299259, ""doppler"": 0.0, ""angle"": 18.990647737565645, ""elevation"": 0.0}, {""range"": 1.1496227500644987, ""doppler"": 0.0, ""angle"": 21.688876761579653, ""elevation"": 0.0}]",1785085593433.609
6,"[{""range"": 0.8604734799071296, ""doppler"": 0.0, ""angle"": -11.167493082486269, ""elevation"": 0.0}, {""range"": 0.8681015045634117, ""doppler"": 0.0, ""angle"": -10.659529594318725, ""elevation"": 0.0}, {""range"": 0.8879047276809896, ""doppler"": 0.0, ""angle"": -7.591593368354083, ""elevation"": 0.0}, {""range"": 0.9468164052173593, ""doppler"": 0.0, ""angle"": 3.8551026966796087, ""elevation"": 0.0}, {""range"": 1.1101100857681534, ""doppler"": 0.0, ""angle"": 23.06286472468436, ""elevation"": 0.0}, {""range"": 1.1333736672749435, ""doppler"": 0.0, ""angle"": 21.43211097068494, ""elevation"": 0.0}]",1785085593433.625
5,"[{""range"": 0.8666361541117785, ""doppler"": 0.0, ""angle"": -10.84623444394547, ""elevation"": 0.0}, {""range"": 0.880022363715914, ""doppler"": 0.0, ""angle"": -8.530189946534978, ""elevation"": 0.0}, {""range"": 0.8933347482917684, ""doppler"": 0.0, ""angle"": -6.967118354321504, ""elevation"": 0.0}, {""range"": 0.9970062873833019, ""doppler"": 0.0, ""angle"": -0.8837751115219674, ""elevation"": 0.0}, {""range"": 1.1442666784614952, ""doppler"": 0.0, ""angle"": 18.570854745965683, ""elevation"": 0.0}]",1785085593433.64
10,"[{""range"": 0.8644801588974649, ""doppler"": 0.0, ""angle"": -13.748804051680304, ""elevation"": 0.0}, {""range"": 0.8772104247078447, ""doppler"": 0.0, ""angle"": -12.789771027500194, ""elevation"": 0.0}, {""range"": 0.907027843298153, ""doppler"": 0.0, ""angle"": -7.419233439990072, ""elevation"": 0.0}, {""range"": 0.9419167201936386, ""doppler"": 0.0, ""angle"": -4.1150651992377165, ""elevation"": 0.0}, {""range"": 0.9786534816773843, ""doppler"": 0.0, ""angle"": -1.905664784961758, ""elevation"": 0.0}, {""range"": 1.1257289426926769, ""doppler"": 0.0, ""angle"": 18.70548143543551, ""elevation"": 0.0}, {""range"": 1.1413498588382913, ""doppler"": 0.0, ""angle"": 19.33198514133169, ""elevation"": 0.0}, {""range"": 1.1725700667351673, ""doppler"": 0.0, ""angle"": 22.779827880390467, ""elevation"": 0.0}, {""range"": 1.2267798651562964, ""doppler"": 0.0, ""angle"": 30.373660374030234, ""elevation"": 0.0}, {""range"": 1.255588983540542, ""doppler"": 0.0, ""angle"": 33.10391295227706, ""elevation"": 0.0}]",1785085593433.6692
9,"[{""range"": 1.4776278400096743, ""doppler"": 0.0, ""angle"": -38.27756051546206, ""elevation"": 0.0}, {""range"": 0.8656013178888321, ""doppler"": 0.0, ""angle"": -13.852520970758029, ""elevation"": 0.0}, {""range"": 0.8819364460617392, ""doppler"": 0.0, ""angle"": -12.934537352720104, ""elevation"": 0.0}, {""range"": 0.914358387188715, ""doppler"": 0.0, ""angle"": -7.031900018245389, ""elevation"": 0.0}, {""range"": 0.9510438094195683, ""doppler"": 0.0, ""angle"": -1.7993320977539171, ""elevation"": 0.0}, {""range"": 0.9750747448906436, ""doppler"": 0.0, ""angle"": 0.12608623588576587, ""elevation"": 0.0}, {""range"": 1.1273821361284981, ""doppler"": 0.0, ""angle"": 13.128122337359482, ""elevation"": 0.0}, {""range"": 1.1468724008684292, ""doppler"": 0.0, ""angle"": 15.416519252226987, ""elevation"": 0.0}, {""range"": 1.1572833961549827, ""doppler"": 0.0, ""angle"": 18.149396144174478, ""elevation"": 0.0}]",1785085593433.6902
7,"[{""range"": 1.4749693340945458, ""doppler"": 0.0, ""angle"": -39.26839165024651, ""elevation"": 0.0}, {""range"": 0.8629524900392339, ""doppler"": 0.0, ""angle"": -14.12838656591537, ""elevation"": 0.0}, {""range"": 0.8781867627499255, ""doppler"": 0.0, ""angle"": -14.347492109849966, ""elevation"": 0.0}, {""range"": 0.9089013780573834, ""doppler"": 0.0, ""angle"": -6.72234881604882, ""elevation"": 0.0}, {""range"": 0.9448529812623536, ""doppler"": 0.0, ""angle"": -0.032529772912644694, ""elevation"": 0.0}, {""range"": 0.9796014864244474, ""doppler"": 0.0, ""angle"": 0.6275299944660772, ""elevation"": 0.0}, {""range"": 1.1097476281304037, ""doppler"": 0.0, ""angle"": 14.443764807090238, ""elevation"": 0.0}]",1785085593433.7102
8,"[{""range"": 0.8630259617340403, ""doppler"": 0.0, ""angle"": -13.08893514112765, ""elevation"": 0.0}, {""range"": 0.8746893563875233, ""doppler"": 0.0, ""angle"": -12.263280807941907, ""elevation"": 0.0}, {""range"": 0.9942035452048696, ""doppler"": 0.0, ""angle"": -5.0973997379790035, ""elevation"": 0.0}, {""range"": 1.033803525200273, ""doppler"": 0.0, ""angle"": -6.16618068765229, ""elevation"": 0.0}, {""range"": 0.9146256006036416, ""doppler"": 0.0, ""angle"": -3.575635637457744, ""elevation"": 0.0}, {""range"": 0.9504083238332692, ""doppler"": 0.0, ""angle"": 0.29105790025892125, ""elevation"": 0.0}, {""range"": 1.0950773232179056, ""doppler"": 0.0, ""angle"": 4.15760641340532, ""elevation"": 0.0}, {""range"": 1.1296910481129487, ""doppler"": 0.0, ""angle"": 9.502577894936609, ""elevation"": 0.0}]",1785085593433.729
9,"[{""range"": 1.480030242181786, ""doppler"": 0.0, ""angle"": -37.38077366610662, ""elevation"": 0.0}, {""range"": 0.8652354154404216, ""doppler"": 0.0, ""angle"": -12.447894218987075, ""elevation"": 0.0}, {""range"": 0.8864465934380638, ""doppler"": 0.0, ""angle"": -8.725073086335733, ""elevation"": 0.0}, {""range"": 0.9044127032844876, ""doppler"": 0.0, ""angle"": -3.7522849965992884, ""elevation"": 0.0}, {""range"": 0.9297197473052883, ""doppler"": 0.0, ""angle"": 0.683240997542709, ""elevation"": 0.0}, {""range"": 0.9662077868216696, ""doppler"": 0.0, ""angle"": 4.330391564067202, ""elevation"": 0.0}, {""range"": 1.1199020775602315, ""doppler"": 0.0, ""angle"": 16.788622317861925, ""elevation"": 0.0}, {""range"": 1.135700734295321, ""doppler"": 0.0, ""angle"": 17.08548458943091, ""elevation"": 0.0}, {""range"": 1.1672540422817408, ""doppler"": 0.0, ""angle"": 21.70361574378496, ""elevation"": 0.0}]",1785085593433.749
6,"[{""range"": 0.8703201715240507, ""doppler"": 0.0, ""angle"": -10.60808504620072, ""elevation"": 0.0}, {""range"": 0.8867610889813532, ""doppler"": 0.0, ""angle"": -8.628456041912607, ""elevation"": 0.0}, {""range"": 0.897383746572797, ""doppler"": 0.0, ""angle"": -7.4648785783999, ""elevation"": 0.0}, {""range"": 0.9213087552113435, ""doppler"": 0.0, ""angle"": -5.904233988001039, ""elevation"": 0.0}, {""range"": 1.1002360931501982, ""doppler"": 0.0, ""angle"": 21.41925884032167, ""elevation"": 0.0}, {""range"": 1.0643327723993548, ""doppler"": 0.0, ""angle"": 27.051509026243252, ""elevation"": 0.0}]",1785085593433.7651
8,"[{""range"": 0.8518286321031103, ""doppler"": 0.0, ""angle"": -16.525289551709946, ""elevation"": 0.0}, {""range"": 0.8704044092638961, ""doppler"": 0.0, ""angle"": -13.50809463202957, ""elevation"": 0.0}, {""range"": 0.9131918558339982, ""doppler"": 0.0, ""angle"": -3.9185555209904797, ""elevation"": 0.0}, {""range"": 0.9461492036015826, ""doppler"": 0.0, ""angle"": -1.2453642667683475, ""elevation"": 0.0}, {""range"": 0.9838342829125006, ""doppler"": 0.0, ""angle"": 4.231779165754354, ""elevation"": 0.0}, {""range"": 1.0635588858471008, ""doppler"": 0.0, ""angle"": 25.194971078571143, ""elevation"": 0.0}, {""range"": 1.0989250343018788, ""doppler"": 0.0, ""angle"": 22.300012494632966, ""elevation"": 0.0}, {""range"": 1.120140567957893, ""doppler"": 0.0, ""angle"": 22.983613751214563, ""elevation"": 0.0}]",1785085593433.784
7,"[{""range"": 0.8574768612801094, ""doppler"": 0.0, ""angle"": -12.917599159756653, ""elevation"": 0.0}, {""range"": 0.8663563720903923, ""doppler"": 0.0, ""angle"": -12.177351483564276, ""elevation"": 0.0}, {""range"": 0.8824321091950762, ""doppler"": 0.0, ""angle"": -10.389999810211108, ""elevation"": 0.0}, {""range"": 0.9371520248023315, ""doppler"": 0.0, ""angle"": 12.585725205622062, ""elevation"": 0.0}, {""range"": 1.1090517216409208, ""doppler"": 0.0, ""angle"": 23.2871390173949, ""elevation"": 0.0}, {""range"": 1.125818111338894, ""doppler"": 0.0, ""angle"": 21.62228154531132, ""elevation"": 0.0}, {""range"": 1.0805208209392165, ""doppler"": 0.0, ""angle"": 32.31193069443037, ""elevation"": 0.0}]",1785085593433.802
6,"[{""range"": 0.8660503608488802, ""doppler"": 0.0, ""angle"": -11.142889858339318, ""elevation"": 0.0}, {""range"": 0.8846999523045704, ""doppler"": 0.0, ""angle"": -8.976840912155673, ""elevation"": 0.0}, {""range"": 0.9057240854885013, ""doppler"": 0.0, ""angle"": -3.973593047623312, ""elevation"": 0.0}, {""range"": 0.932905490360325, ""doppler"": 0.0, ""angle"": 1.6585323305961697, ""elevation"": 0.0}, {""range"": 0.959833575102762, ""doppler"": 0.0, ""angle"": 6.138625348530286, ""elevation"": 0.0}, {""range"": 1.1406127676571605, ""doppler"": 0.0, ""angle"": 18.812730204334272, ""elevation"": 0.0}]",1785085593433.824
5,"[{""range"": 0.8587763850770026, ""doppler"": 0.0, ""angle"": -11.981437183268989, ""elevation"": 0.0}, {""range"": 0.8594294188714233, ""doppler"": 0.0, ""angle"": -13.52448108996894, ""elevation"": 0.0}, {""range"": 0.9526372053580445, ""doppler"": 0.0, ""angle"": 2.086864300040434, ""elevation"": 0.0}, {""range"": 0.9639678924469118, ""doppler"": 0.0, ""angle"": 2.1793149999923545, ""elevation"": 0.0}, {""range"": 0.9356412415368399, ""doppler"": 0.0, ""angle"": 6.187829008971964, ""elevation"": 0.0}]",1785085593433.84
9,"[{""range"": 1.476001443153961, ""doppler"": 0.0, ""angle"": -37.666777960746614, ""elevation"": 0.0}, {""range"": 1.4914281886024627, ""doppler"": 0.0, ""angle"": -38.86793715974117, ""elevation"": 0.0}, {""range"": 0.8688878924121824, ""doppler"": 0.0, ""angle"": -11.238246303858368, ""elevation"": 0.0}, {""range"": 0.8886495029205465, ""doppler"": 0.0, ""angle"": -8.108906454787958, ""elevation"": 0.0}, {""range"": 0.9112386515369435, ""doppler"": 0.0, ""angle"": -3.4087151542695064, ""elevation"": 0.0}, {""range"": 0.9334397893158107, ""doppler"": 0.0, ""angle"": 1.9980074049164016, ""elevation"": 0.0}, {""range"": 0.9689052460567301, ""doppler"": 0.0, ""angle"": 3.894259894078092, ""elevation"": 0.0}, {""range"": 1.119718307678079, ""doppler"": 0.0, ""angle"": 14.841829051397108, ""elevation"": 0.0}, {""range"": 1.1325718604143151, ""doppler"": 0.0, ""angle"": 17.124676532360745, ""elevation"": 0.0}]",1785085593433.861
8,"[{""range"": 1.4761837574153065, ""doppler"": 0.0, ""angle"": -36.989272355931774, ""elevation"": 0.0}, {""range"": 0.869365709695965, ""doppler"": 0.0, ""angle"": -12.532642425782837, ""elevation"": 0.0}, {""range"": 0.8892973730049152, ""doppler"": 0.0, ""angle"": -9.782407031807287, ""elevation"": 0.0}, {""range"": 0.9119312200069968, ""doppler"": 0.0, ""angle"": -5.310383282795176, ""elevation"": 0.0}, {""range"": 0.9430262747113223, ""doppler"": 0.0, ""angle"": -0.9886968347057244, ""elevation"": 0.0}, {""range"": 0.9733973969892493, ""doppler"": 0.0, ""angle"": -0.8736323990265912, ""elevation"": 0.0}, {""range"": 1.1111557445145464, ""doppler"": 0.0, ""angle"": 18.843156121181607, ""elevation"": 0.0}, {""range"": 1.1341118123114355, ""doppler"": 0.0, ""angle"": 20.286427475532818, ""elevation"": 0.0}]",1785085593433.882
6,"[{""range"": 1.4766454371853985, ""doppler"": 0.0, ""angle"": -38.30764670912268, ""elevation"": 0.0}, {""range"": 0.8692410934281588, ""doppler"": 0.0, ""angle"": -13.939049702778357, ""elevation"": 0.0}, {""range"": 0.889086185957021, ""doppler"": 0.0, ""angle"": -10.80370335418061, ""elevation"": 0.0}, {""range"": 0.9092127485884473, ""doppler"": 0.0, ""angle"": -5.0434414831617405, ""elevation"": 0.0}, {""range"": 0.9384504342546809, ""doppler"": 0.0, ""angle"": 1.2228231287041227, ""elevation"": 0.0}, {""range"": 0.9760542676212409, ""doppler"": 0.0, ""angle"": 3.718417874051622, ""elevation"": 0.0}]",1785085593433.9001
7,"[{""range"": 0.8763037697912075, ""doppler"": 0.0, ""angle"": -21.134881356008346, ""elevation"": 0.0}, {""range"": 0.8580083625933782, ""doppler"": 0.0, ""angle"": -17.58909315396496, ""elevation"": 0.0}, {""range"": 0.9542516975942222, ""doppler"": 0.0, ""angle"": 3.0505953208987417, ""elevation"": 0.0}, {""range"": 0.9724067145207496, ""doppler"": 0.0, ""angle"": 1.148501652235689, ""elevation"": 0.0}, {""range"": 0.9439551687958161, ""doppler"": 0.0, ""angle"": 6.504396927647221, ""elevation"": 0.0}, {""range"": 1.1134160168031146, ""doppler"": 0.0, ""angle"": 9.950944696612911, ""elevation"": 0.0}, {""range"": 1.1304501527186974, ""doppler"": 0.0, ""angle"": 14.080205539797346, ""elevation"": 0.0}]",1785085593433.919
7,"[{""range"": 0.8656424115200808, ""doppler"": 0.0, ""angle"": -15.761688472539797, ""elevation"": 0.0}, {""range"": 0.8829069604375791, ""doppler"": 0.0, ""angle"": -13.205968765675626, ""elevation"": 0.0}, {""range"": 0.9124219954710395, ""doppler"": 0.373114684043685, ""angle"": -6.672199997199424, ""elevation"": 6.549338021177528}, {""range"": 0.4328976775158569, ""doppler"": -11.926201359339757, ""angle"": 89.80464252198531, ""elevation"": 32.00272484804786}, {""range"": 3.402254417649525, ""doppler"": 0.0, ""angle"": 78.26031426286401, ""elevation"": -46.598331972785026}, {""range"": 0.2288818359375, ""doppler"": 0.09318766742944717, ""angle"": 0.0, ""elevation"": 0.0}, {""range"": 2.1060316369591785, ""doppler"": 0.000364014325896278, ""angle"": -90.22381050036854, ""elevation"": 88.7545205039717}]",1785085593466.96
5,"[{""range"": 0.900232265919109, ""doppler"": 0.0, ""angle"": -6.306258431602055, ""elevation"": 0.0}, {""range"": 0.9089628868068396, ""doppler"": 0.0, ""angle"": -7.903751409224057, ""elevation"": 0.0}, {""range"": 0.9244078228262406, ""doppler"": 0.0, ""angle"": -9.87957460301377, ""elevation"": 0.0}, {""range"": 1.1220264478028619, ""doppler"": 0.0, ""angle"": 19.38786534895526, ""elevation"": 0.0}, {""range"": 1.1316527010424124, ""doppler"": 0.0, ""angle"": 23.494594874338993, ""elevation"": 0.0}]",1785085593583.421
4,"[{""range"": 0.9035900351642666, ""doppler"": 0.0, ""angle"": -5.95203186310741, ""elevation"": 0.0}, {""range"": 0.9153827445012204, ""doppler"": 0.0, ""angle"": -6.528062297171623, ""elevation"": 0.0}, {""range"": 0.9294545512961164, ""doppler"": 0.0, ""angle"": -5.83014654504209, ""elevation"": 0.0}, {""range"": 1.1525072301973556, ""doppler"": 0.0, ""angle"": 26.77973044539437, ""elevation"": 0.0}]",1785085593684.242
3,"[{""range"": 0.9268150291460966, ""doppler"": 0.0, ""angle"": -12.61513619454892, ""elevation"": 0.0}, {""range"": 0.9014213326464878, ""doppler"": 0.0, ""angle"": -6.160707646153547, ""elevation"": 0.0}, {""range"": 0.9097233377732974, ""doppler"": 0.0, ""angle"": -9.2068201993147, ""elevation"": 0.0}]",1785085593785.1008
6,"[{""range"": 0.9324432763580306, ""doppler"": 0.0, ""angle"": -12.346466735055587, ""elevation"": 0.0}, {""range"": 0.9008114664877391, ""doppler"": 0.0, ""angle"": -6.119138495864832, ""elevation"": 0.0}, {""range"": 0.9126248745453732, ""doppler"": 0.0, ""angle"": -9.416182920597667, ""elevation"": 0.0}, {""range"": 1.1202675146939627, ""doppler"": 0.0, ""angle"": 21.77423738357503, ""elevation"": 0.0}, {""range"": 1.1468455106122781, ""doppler"": 0.0, ""angle"": 22.718820104096086, ""elevation"": 0.0}, {""range"": 1.1743132703268384, ""doppler"": 0.0, ""angle"": 25.671523300005834, ""elevation"": 0.0}]",1785085593885.981
8,"[{""range"": 0.9011840883199639, ""doppler"": 0.0, ""angle"": -4.677726881493907, ""elevation"": 0.0}, {""range"": 0.914630739566502, ""doppler"": 0.0, ""angle"": -6.894378392958241, ""elevation"": 0.0}, {""range"": 0.9342062081132168, ""doppler"": 0.0, ""angle"": -8.430986958326336, ""elevation"": 0.0}, {""range"": 0.9727525524679096, ""doppler"": 0.0, ""angle"": -5.273573259673543, ""elevation"": 0.0}, {""range"": 1.0690182106416992, ""doppler"": 0.0, ""angle"": 21.45793079538191, ""elevation"": 0.0}, {""range"": 1.1081811626717148, ""doppler"": 0.0, ""angle"": 21.755056465756397, ""elevation"": 0.0}, {""range"": 1.1346438935606156, ""doppler"": 0.0, ""angle"": 22.555963753596885, ""elevation"": 0.0}, {""range"": 1.161875389294772, ""doppler"": 0.0, ""angle"": 23.692996483811985, ""elevation"": 0.0}]",1785085593985.891
6,"[{""range"": 0.9005151576241397, ""doppler"": 0.0, ""angle"": -4.7154558778200455, ""elevation"": 0.0}, {""range"": 0.9157125825326942, ""doppler"": 0.0, ""angle"": -7.258239516501015, ""elevation"": 0.0}, {""range"": 0.9373350197246582, ""doppler"": 0.0, ""angle"": -7.167043911401189, ""elevation"": 0.0}, {""range"": 0.9797934085281316, ""doppler"": 0.0, ""angle"": -4.008136739963365, ""elevation"": 0.0}, {""range"": 1.1078042775548493, ""doppler"": 0.0, ""angle"": 15.705299254601817, ""elevation"": 0.0}, {""range"": 1.125758481742882, ""doppler"": 0.0, ""angle"": 20.13317044135657, ""elevation"": 0.0}]",1785085594085.7012
4,"[{""range"": 0.9328077871449685, ""doppler"": 0.0, ""angle"": -12.600285929077904, ""elevation"": 0.0}, {""range"": 0.9098830336074003, ""doppler"": 0.0, ""angle"": -5.84280186649122, ""elevation"": 0.0}, {""range"": 0.9005182822182437, ""doppler"": 0.0, ""angle"": -3.4379458982898674, ""elevation"": 0.0}, {""range"": 1.049892398313793, ""doppler"": 0.0, ""angle"": 32.48017352433761, ""elevation"": 0.0}]",1785085594185.5613
8,"[{""range"": 1.4938220099547463, ""doppler"": 0.0, ""angle"": -38.5655507193443, ""elevation"": 0.0}, {""range"": 0.9137398342794797, ""doppler"": 0.0, ""angle"": -0.06727485696566408, ""elevation"": 0.0}, {""range"": 0.926686700302519, ""doppler"": 0.0, ""angle"": 0.7186473112360704, ""elevation"": 0.0}, {""range"": 0.9372004038918503, ""doppler"": 0.0, ""angle"": 1.6618660221427024, ""elevation"": 0.0}, {""range"": 0.9683776378318124, ""doppler"": 0.0, ""angle"": 4.055465473335499, ""elevation"": 0.0}, {""range"": 1.0334069249494937, ""doppler"": 0.0, ""angle"": 5.959188967971692, ""elevation"": 0.0}, {""range"": 1.0933757536007231, ""doppler"": 0.0, ""angle"": 14.229417987194626, ""elevation"": 0.0}, {""range"": 1.1264869847174834, ""doppler"": 0.0, ""angle"": 25.670195190729086, ""elevation"": 0.0}]",1785085594285.4731
7,"[{""range"": 1.479185926236624, ""doppler"": 0.0, ""angle"": -39.82596799161407, ""elevation"": 0.0}, {""range"": 1.4948860416849206, ""doppler"": 0.0, ""angle"": -39.53003258009355, ""elevation"": 0.0}, {""range"": 0.8962557531287438, ""doppler"": 0.0, ""angle"": -3.6604753686546516, ""elevation"": 0.0}, {""range"": 0.908937277721723, ""doppler"": 0.0, ""angle"": -3.6206303338404493, ""elevation"": 0.0}, {""range"": 0.869909556536775, ""doppler"": 0.0, ""angle"": -2.568335976019296, ""elevation"": 0.0}, {""range"": 0.9360320570055646, ""doppler"": 0.0, ""angle"": -2.145808043402899, ""elevation"": 0.0}, {""range"": 0.9781363619818708, ""doppler"": 0.0, ""angle"": 2.713855714780819, ""elevation"": 0.0}]",1785085594385.3372
7,"[{""range"": 0.940111653607303, ""doppler"": 0.0, ""angle"": 14.630960547188309, ""elevation"": 0.0}, {""range"": 0.9494872583711804, ""doppler"": 0.0, ""angle"": 14.360758184442203, ""elevation"": 0.0}, {""range"": 1.197212706279418, ""doppler"": 0.0, ""angle"": 25.857023143805364, ""elevation"": 0.0}, {""range"": 1.0536640326107742, ""doppler"": 0.0, ""angle"": 28.57010670669142, ""elevation"": 0.0}, {""range"": 1.2232881332004621, ""doppler"": 0.0, ""angle"": 30.508433516711612, ""elevation"": 0.0}, {""range"": 2.08826161097243, ""doppler"": 0.0, ""angle"": 38.21233774300287, ""elevation"": 0.0}, {""range"": 2.07351103146918, ""doppler"": 0.0, ""angle"": 44.80085088844693, ""elevation"": 0.0}]",1785085594485.1638
5,"[{""range"": 0.8982993095291006, ""doppler"": 0.0, ""angle"": -3.7321392397717705, ""elevation"": 0.0}, {""range"": 0.9033606517894146, ""doppler"": 0.0, ""angle"": -7.563915746160823, ""elevation"": 0.0}, {""range"": 0.9239404752946111, ""doppler"": 0.0, ""angle"": -8.446875660942181, ""elevation"": 0.0}, {""range"": 1.2568565344262839, ""doppler"": 0.0, ""angle"": 31.93539443064074, ""elevation"": 0.0}, {""range"": 1.2659392224802704, ""doppler"": 0.0, ""angle"": 33.61150641079389, ""elevation"": 0.0}]",1785085594585.0088
8,"[{""range"": 0.8939473903003979, ""doppler"": 0.0, ""angle"": -3.6814247754399694, ""elevation"": 0.0}, {""range"": 0.9041649099296301, ""doppler"": 0.0, ""angle"": -6.187530162982806, ""elevation"": 0.0}, {""range"": 0.9545186466319677, ""doppler"": 0.0, ""angle"": 9.619369069936726, ""elevation"": 0.0}, {""range"": 0.988516681059405, ""doppler"": 0.0, ""angle"": 11.033496914504122, ""elevation"": 0.0}, {""range"": 1.2467872961622282, ""doppler"": 0.0, ""angle"": 32.994930469861075, ""elevation"": 0.0}, {""range"": 0.6856367498355059, ""doppler"": 0.0, ""angle"": 40.51539399045538, ""elevation"": 0.0}, {""range"": 0.7015905937730363, ""doppler"": 0.0, ""angle"": 41.77663902595762, ""elevation"": 0.0}, {""range"": 1.2653357787058652, ""doppler"": 0.0, ""angle"": 37.12576019881098, ""elevation"": 0.0}]",1785085594685.913
9,"[{""range"": 0.9011400737384563, ""doppler"": 0.0, ""angle"": -1.8193852046369345, ""elevation"": 0.0}, {""range"": 0.921397405985463, ""doppler"": 0.0, ""angle"": 2.7252532126503746, ""elevation"": 0.0}, {""range"": 0.9518641115185783, ""doppler"": 0.0, ""angle"": 11.837658500907372, ""elevation"": 0.0}, {""range"": 0.9778728521288487, ""doppler"": 0.0, ""angle"": 12.257206520405752, ""elevation"": 0.0}, {""range"": 1.1278741885467916, ""doppler"": 0.0, ""angle"": 30.244013826045517, ""elevation"": 0.0}, {""range"": 1.1397798511495856, ""doppler"": 0.0, ""angle"": 29.44050486106324, ""elevation"": 0.0}, {""range"": 1.1614020096381845, ""doppler"": 0.0, ""angle"": 30.505351663743348, ""elevation"": 0.0}, {""range"": 1.0920702051105609, ""doppler"": 0.0, ""angle"": 35.8866655851914, ""elevation"": 0.0}, {""range"": 0.7763665512460752, ""doppler"": 0.0, ""angle"": 50.39211630383887, ""elevation"": 0.0}]",1785085594785.782
8,"[{""range"": 0.9015034800143658, ""doppler"": 0.0, ""angle"": 0.8637471469733601, ""elevation"": 0.0}, {""range"": 0.9207038490918595, ""doppler"": 0.0, ""angle"": 3.1841508823376388, ""elevation"": 0.0}, {""range"": 0.9452863803739137, ""doppler"": 0.0, ""angle"": 8.6711764580501, ""elevation"": 0.0}, {""range"": 0.9759092006178556, ""doppler"": 0.0, ""angle"": 14.451275407963704, ""elevation"": 0.0}, {""range"": 1.20228916667521, ""doppler"": 0.0, ""angle"": 26.0429476432878, ""elevation"": 0.0}, {""range"": 1.237888689730874, ""doppler"": 0.0, ""angle"": 25.983932956814673, ""elevation"": 0.0}, {""range"": 1.2670142291568518, ""doppler"": 0.0, ""angle"": 29.220323222396846, ""elevation"": 0.0}, {""range"": 0.8536739219479682, ""doppler"": 0.0, ""angle"": 52.155541534885906, ""elevation"": 0.0}]",1785085594885.6692
3,"[{""range"": 0.9023234615793942, ""doppler"": 0.0, ""angle"": -0.45417819605441184, ""elevation"": 0.0}, {""range"": 0.9087341735309383, ""doppler"": 0.0, ""angle"": -0.11274243519145327, ""elevation"": 0.0}, {""range"": 0.9286709038710494, ""doppler"": 0.0, ""angle"": 4.428319947100335, ""elevation"": 0.0}]",1785085594985.525
5,"[{""range"": 0.9112730029883004, ""doppler"": 0.0, ""angle"": -1.6866674884161834, ""elevation"": 0.0}, {""range"": 0.9194689181986242, ""doppler"": 0.0, ""angle"": -0.23399546486176528, ""elevation"": 0.0}, {""range"": 0.9240373340445706, ""doppler"": 0.0, ""angle"": 56.236129449772406, ""elevation"": 0.0}, {""range"": 0.9316982636870965, ""doppler"": 0.0, ""angle"": 58.130993427932566, ""elevation"": 0.0}, {""range"": 0.9617472507748955, ""doppler"": 0.0, ""angle"": 61.26201254535781, ""elevation"": 0.0}]",1785085595085.376
5,"[{""range"": 0.8963943241171862, ""doppler"": 0.0, ""angle"": 0.02285887750773428, ""elevation"": 0.0}, {""range"": 0.917698424003929, ""doppler"": 0.0, ""angle"": -2.803309270300042, ""elevation"": 0.0}, {""range"": 1.2611408068863748, ""doppler"": 0.0, ""angle"": 32.64004415962681, ""elevation"": 0.0}, {""range"": 1.280974826712708, ""doppler"": 0.0, ""angle"": 33.91411198128049, ""elevation"": 0.0}, {""range"": 1.2963688122923973, ""doppler"": 0.0, ""angle"": 35.908840179424104, ""elevation"": 0.0}]",1785085595185.256
6,"[{""range"": 1.4789600193830519, ""doppler"": 0.0, ""angle"": -39.923536476761406, ""elevation"": 0.0}, {""range"": 0.9099441246119215, ""doppler"": 0.0, ""angle"": -3.729443020637348, ""elevation"": 0.0}, {""range"": 0.9218318952674378, ""doppler"": 0.0, ""angle"": -7.075389335773418, ""elevation"": 0.0}, {""range"": 0.9004934982078637, ""doppler"": 0.0, ""angle"": -3.0050137200253317, ""elevation"": 0.0}, {""range"": 1.2930208073337242, ""doppler"": 0.0, ""angle"": 38.18214824280212, ""elevation"": 0.0}, {""range"": 1.3057571519212476, ""doppler"": 0.0, ""angle"": 43.39638125089991, ""elevation"": 0.0}]",1785085595285.122
7,"[{""range"": 1.481612271087617, ""doppler"": 0.0, ""angle"": -40.5165409650854, ""elevation"": 0.0}, {""range"": 0.9127964981509198, ""doppler"": 0.0, ""angle"": -2.941996659047312, ""elevation"": 0.0}, {""range"": 0.9252745303574499, ""doppler"": 0.0, ""angle"": -2.3923975036284264, ""elevation"": 0.0}, {""range"": 0.9342595482809402, ""doppler"": 0.0, ""angle"": -0.9760396441973397, ""elevation"": 0.0}, {""range"": 0.9652503543404208, ""doppler"": 0.0, ""angle"": 6.627365666928999, ""elevation"": 0.0}, {""range"": 1.2594057460061294, ""doppler"": 0.0, ""angle"": 20.17423769989586, ""elevation"": 0.0}, {""range"": 1.2812994035028356, ""doppler"": 0.0, ""angle"": 27.079991266080913, ""elevation"": 0.0}]",1785085595386.035
8,"[{""range"": 0.9075860610664965, ""doppler"": 0.0, ""angle"": -1.433788930017303, ""elevation"": 0.0}, {""range"": 0.9252095787829544, ""doppler"": 0.0, ""angle"": -0.4318695560060455, ""elevation"": 0.0}, {""range"": 0.9397841527347063, ""doppler"": 0.0, ""angle"": 1.8208973101791006, ""elevation"": 0.0}, {""range"": 0.9630332343118915, ""doppler"": 0.0, ""angle"": 2.852311206755932, ""elevation"": 0.0}, {""range"": 1.2274067975992784, ""doppler"": 0.0, ""angle"": 25.00075694735824, ""elevation"": 0.0}, {""range"": 1.2077798537202655, ""doppler"": 0.0, ""angle"": 27.760120923615716, ""elevation"": 0.0}, {""range"": 1.2545451572130386, ""doppler"": 0.0, ""angle"": 27.872646677411204, ""elevation"": 0.0}, {""range"": 0.8496937496592908, ""doppler"": 0.0, ""angle"": 52.92029930948021, ""elevation"": 0.0}]",1785085595485.8857
11,"[{""range"": 0.9142270332668749, ""doppler"": 0.0, ""angle"": -1.8718181712958097, ""elevation"": 0.0}, {""range"": 0.9340923644986894, ""doppler"": 0.0, ""angle"": 1.5137835542775537, ""elevation"": 0.0}, {""range"": 0.947997701845347, ""doppler"": 0.0, ""angle"": 5.52025312873735, ""elevation"": 0.0}, {""range"": 0.967618772378719, ""doppler"": 0.0, ""angle"": 6.067752081133301, ""elevation"": 0.0}, {""range"": 1.1306707658539037, ""doppler"": 0.0, ""angle"": 25.377638901724932, ""elevation"": 0.0}, {""range"": 1.1168514071427917, ""doppler"": 0.0, ""angle"": 28.132383613279718, ""elevation"": 0.0}, {""range"": 1.2419846034179105, ""doppler"": 0.0, ""angle"": 30.574707488687658, ""elevation"": 0.0}, {""range"": 2.0695160683710903, ""doppler"": 0.0, ""angle"": 42.13182602087905, ""elevation"": 0.0}, {""range"": 0.7708582640375129, ""doppler"": 0.0, ""angle"": 45.80825298281772, ""elevation"": 0.0}, {""range"": 0.7827686741943345, ""doppler"": 0.0, ""angle"": 47.00874247182336, ""elevation"": 0.0}, {""range"": 0.8013261323055607, ""doppler"": 0.0, ""angle"": 48.60960685416817, ""elevation"": 0.0}]",1785085595590.6912
5,"[{""range"": 1.4797069153259508, ""doppler"": 0.0, ""angle"": -41.84053809097811, ""elevation"": 0.0}, {""range"": 0.9248965412120185, ""doppler"": 0.0, ""angle"": -6.416034784788522, ""elevation"": 0.0}, {""range"": 0.9004251788652469, ""doppler"": 0.0, ""angle"": -1.8208301964615845, ""elevation"": 0.0}, {""range"": 0.952202484465727, ""doppler"": 0.0, ""angle"": -0.35506789099559394, ""elevation"": 0.0}, {""range"": 0.9837106946385248, ""doppler"": 0.0, ""angle"": 8.277391951331143, ""elevation"": 0.0}]",1785085595685.555
5,"[{""range"": 0.9136396965574761, ""doppler"": 0.0, ""angle"": -1.7720474896847913, ""elevation"": 0.0}, {""range"": 0.9275644293677137, ""doppler"": 0.0, ""angle"": 1.712285785106323, ""elevation"": 0.0}, {""range"": 0.9423168091220632, ""doppler"": 0.0, ""angle"": 5.673810292843755, ""elevation"": 0.0}, {""range"": 0.9670174244939285, ""doppler"": 0.0, ""angle"": 12.190952922783564, ""elevation"": 0.0}, {""range"": 1.2025096690411323, ""doppler"": 0.0, ""angle"": 20.108306404904827, ""elevation"": 0.0}]",1785085595785.4631
8,"[{""range"": 0.9002044726781174, ""doppler"": 0.0, ""angle"": -3.66720560673315, ""elevation"": 0.0}, {""range"": 0.93674722117403, ""doppler"": 0.0, ""angle"": 5.2132426535071135, ""elevation"": 0.0}, {""range"": 0.9479638210860334, ""doppler"": 0.0, ""angle"": 8.438847897505307, ""elevation"": 0.0}, {""range"": 0.9624166623836066, ""doppler"": 0.0, ""angle"": 11.184668616944746, ""elevation"": 0.0}, {""range"": 1.1485594273832302, ""doppler"": 0.0, ""angle"": 21.89251284620919, ""elevation"": 0.0}, {""range"": 1.1748559524850275, ""doppler"": 0.0, ""angle"": 18.354976905568197, ""elevation"": 0.0}, {""range"": 1.2784451641391164, ""doppler"": 0.0, ""angle"": 25.669037590885882, ""elevation"": 0.0}, {""range"": 2.0653115696447797, ""doppler"": 0.0, ""angle"": 40.73419504654929, ""elevation"": 0.0}]",1785085595885.364
7,"[{""range"": 0.9073278046956571, ""doppler"": 0.0, ""angle"": -4.1250373384374655, ""elevation"": 0.0}, {""range"": 0.9210630947280237, ""doppler"": 0.0, ""angle"": -5.045384083311888, ""elevation"": 0.0}, {""range"": 0.734402434032848, ""doppler"": 0.0, ""angle"": 0.3487647422501385, ""elevation"": 0.0}, {""range"": 0.7512297077941321, ""doppler"": 0.0, ""angle"": 0.5318903144512511, ""elevation"": 0.0}, {""range"": 0.765718097727446, ""doppler"": 0.0, ""angle"": 0.5619676722757665, ""elevation"": 0.0}, {""range"": 0.8127093511839508, ""doppler"": 0.0, ""angle"": -0.012606331922667885, ""elevation"": 0.0}, {""range"": 0.8794424329368487, ""doppler"": 0.0, ""angle"": -3.100346041103477, ""elevation"": 0.0}]",1785085595985.219
7,"[{""range"": 0.8631170979587084, ""doppler"": 0.0, ""angle"": -3.6703698289809203, ""elevation"": 0.0}, {""range"": 0.8803011621373947, ""doppler"": 0.0, ""angle"": -2.829277211461023, ""elevation"": 0.0}, {""range"": 0.9016374145385471, ""doppler"": 0.0, ""angle"": -2.079881259518622, ""elevation"": 0.0}, {""range"": 0.9415945163549586, ""doppler"": 0.0, ""angle"": 3.8328930831190133, ""elevation"": 0.0}, {""range"": 0.9775042769388417, ""doppler"": 0.0, ""angle"": 9.539860656963887, ""elevation"": 0.0}, {""range"": 1.2664195789574315, ""doppler"": 0.0, ""angle"": 34.52477249928976, ""elevation"": 0.0}, {""range"": 1.2678044764650724, ""doppler"": 0.0, ""angle"": 36.20561446360192, ""elevation"": 0.0}]",1785085596086.046
9,"[{""range"": 1.475698966041549, ""doppler"": 0.0, ""angle"": -39.281102630833495, ""elevation"": 0.0}, {""range"": 0.912510493435817, ""doppler"": 0.0, ""angle"": -9.30358297827177, ""elevation"": 0.0}, {""range"": 0.9221340279377023, ""doppler"": 0.0, ""angle"": -7.980833555603706, ""elevation"": 0.0}, {""range"": 0.9455606622862684, ""doppler"": 0.0, ""angle"": 4.97959649192403, ""elevation"": 0.0}, {""range"": 0.9841010701454437, ""doppler"": 0.0, ""angle"": 9.99290275860396, ""elevation"": 0.0}, {""range"": 1.0713840077661054, ""doppler"": 0.0, ""angle"": 22.2116093604027, ""elevation"": 0.0}, {""range"": 1.0966735563874206, ""doppler"": 0.0, ""angle"": 19.78516409955068, ""elevation"": 0.0}, {""range"": 1.129465162098287, ""doppler"": 0.0, ""angle"": 21.792987352131554, ""elevation"": 0.0}, {""range"": 1.241978836609381, ""doppler"": 0.0, ""angle"": 35.974002222113555, ""elevation"": 0.0}]",1785085596185.917
9,"[{""range"": 1.4776512965246424, ""doppler"": 0.0, ""angle"": -38.613246577815644, ""elevation"": 0.0}, {""range"": 0.9028557961428528, ""doppler"": 0.0, ""angle"": 0.41986648734450166, ""elevation"": 0.0}, {""range"": 0.9885106161918725, ""doppler"": 0.0, ""angle"": 0.42494281608028645, ""elevation"": 0.0}, {""range"": 1.0475077321443653, ""doppler"": 0.0, ""angle"": 2.6123327425085603, ""elevation"": 0.0}, {""range"": 0.9364272677525511, ""doppler"": 0.0, ""angle"": 5.698617960500466, ""elevation"": 0.0}, {""range"": 0.9599492123618815, ""doppler"": 0.0, ""angle"": 5.687229646258842, ""elevation"": 0.0}, {""range"": 1.1223294728147528, ""doppler"": 0.0, ""angle"": 18.619698781609102, ""elevation"": 0.0}, {""range"": 1.126633139633967, ""doppler"": 0.0, ""angle"": 18.699512878929124, ""elevation"": 0.0}, {""range"": 1.1549022950009793, ""doppler"": 0.0, ""angle"": 19.2653456135796, ""elevation"": 0.0}]",1785085596285.826
7,"[{""range"": 0.981300243352922, ""doppler"": 0.0, ""angle"": -4.619713247378632, ""elevation"": 0.0}, {""range"": 0.8847714193231527, ""doppler"": 0.0, ""angle"": -0.02315916588227249, ""elevation"": 0.0}, {""range"": 0.9943694973795413, ""doppler"": 0.0, ""angle"": -1.0406901674744027, ""elevation"": 0.0}, {""range"": 0.9245648439477794, ""doppler"": 0.0, ""angle"": 9.271039434891275, ""elevation"": 0.0}, {""range"": 1.131328899092653, ""doppler"": 0.0, ""angle"": 15.793635832450095, ""elevation"": 0.0}, {""range"": 1.1374444738924665, ""doppler"": 0.0, ""angle"": 17.757025030042914, ""elevation"": 0.0}, {""range"": 1.1567377356373518, ""doppler"": 0.0, ""angle"": 17.219290851875424, ""elevation"": 0.0}]",1785085596385.703
8,"[{""range"": 1.4828177175108512, ""doppler"": 0.0, ""angle"": -41.538864107333694, ""elevation"": 0.0}, {""range"": 1.4951701488785736, ""doppler"": 0.0, ""angle"": -41.19366043431492, ""elevation"": 0.0}, {""range"": 0.9946685626309726, ""doppler"": 0.0, ""angle"": -0.8343455755467915, ""elevation"": 0.0}, {""range"": 0.9304238178915897, ""doppler"": 0.0, ""angle"": 12.137055966954623, ""elevation"": 0.0}, {""range"": 0.9496243581209356, ""doppler"": 0.0, ""angle"": 12.638807232397305, ""elevation"": 0.0}, {""range"": 1.1273606945134793, ""doppler"": 0.0, ""angle"": 15.133965936013189, ""elevation"": 0.0}, {""range"": 1.1359409744051665, ""doppler"": 0.0, ""angle"": 16.3096299541704, ""elevation"": 0.0}, {""range"": 1.1494064560622872, ""doppler"": 0.0, ""angle"": 16.09476912222398, ""elevation"": 0.0}]",1785085596485.548
9,"[{""range"": 1.477525267479572, ""doppler"": 0.0, ""angle"": -38.227718310686875, ""elevation"": 0.0}, {""range"": 0.9098769365808689, ""doppler"": 0.0, ""angle"": -2.0948408860333414, ""elevation"": 0.0}, {""range"": 0.9265034830579829, ""doppler"": 0.0, ""angle"": -0.6966717268783673, ""elevation"": 0.0}, {""range"": 0.942361258617168, ""doppler"": 0.0, ""angle"": 1.1525020858367558, ""elevation"": 0.0}, {""range"": 0.9637166995569679, ""doppler"": 0.0, ""angle"": -0.7760876046333375, ""elevation"": 0.0}, {""range"": 1.1205528532905098, ""doppler"": 0.0, ""angle"": 20.855678622280966, ""elevation"": 0.0}, {""range"": 1.1249796271351216, ""doppler"": 0.0, ""angle"": 20.730853670913394, ""elevation"": 0.0}, {""range"": 1.1531719497456023, ""doppler"": 0.0, ""angle"": 22.548789432303646, ""elevation"": 0.0}, {""range"": 1.0926449123740405, ""doppler"": 0.0, ""angle"": 27.42052405439242, ""elevation"": 0.0}]",1785085596585.378
12,"[{""range"": 1.480267001972019, ""doppler"": 0.0, ""angle"": -41.23866391080752, ""elevation"": 0.0}, {""range"": 1.4926222159752194, ""doppler"": 0.0, ""angle"": -40.98769300714724, ""elevation"": 0.0}, {""range"": 0.8784753705836114, ""doppler"": 0.0, ""angle"": -3.617801386120457, ""elevation"": 0.0}, {""range"": 0.9046003947939395, ""doppler"": 0.0, ""angle"": -1.0760101103671214, ""elevation"": 0.0}, {""range"": 0.917795610539635, ""doppler"": 0.0, ""angle"": 1.85336878046181, ""elevation"": 0.0}, {""range"": 0.9346496757204089, ""doppler"": 0.0, ""angle"": 5.81966549672372, ""elevation"": 0.0}, {""range"": 0.9716930833479932, ""doppler"": 0.0, ""angle"": 9.72579704007865, ""elevation"": 0.0}, {""range"": 1.0469560130449915, ""doppler"": 0.0, ""angle"": 16.042176949637952, ""elevation"": 0.0}, {""range"": 1.0986870170470486, ""doppler"": 0.0, ""angle"": 19.440552087488552, ""elevation"": 0.0}, {""range"": 1.1406461400644596, ""doppler"": 0.0, ""angle"": 20.24171582736734, ""elevation"": 0.0}, {""range"": 1.2037485383387725, ""doppler"": 0.0, ""angle"": 32.12717760538406, ""elevation"": 0.0}, {""range"": 1.2331774991989275, ""doppler"": 0.0, ""angle"": 35.34934847435231, ""elevation"": 0.0}]",1785085596691.2288
9,"[{""range"": 0.8791869472736461, ""doppler"": 0.0, ""angle"": -3.96523023014854, ""elevation"": 0.0}, {""range"": 0.9176039799780841, ""doppler"": 0.0, ""angle"": -4.470637604509548, ""elevation"": 0.0}, {""range"": 0.7726652730239447, ""doppler"": 0.0, ""angle"": -2.7723519538291614, ""elevation"": 0.0}, {""range"": 0.7964976620886061, ""doppler"": 0.0, ""angle"": -2.80523664963662, ""elevation"": 0.0}, {""range"": 0.827616144074461, ""doppler"": 0.0, ""angle"": -3.232704360568583, ""elevation"": 0.0}, {""range"": 0.9426866600708106, ""doppler"": 0.0, ""angle"": -1.5325954549495042, ""elevation"": 0.0}, {""range"": 1.2062139109131764, ""doppler"": 0.0, ""angle"": 28.396250561004866, ""elevation"": 0.0}, {""range"": 1.241939703987009, ""doppler"": 0.0, ""angle"": 31.451856039422378, ""elevation"": 0.0}, {""range"": 1.2686231156579122, ""doppler"": 0.0, ""angle"": 33.88045545927991, ""elevation"": 0.0}]",1785085596785.16
5,"[{""range"": 0.9020632554802823, ""doppler"": 0.0, ""angle"": -4.935304033427122, ""elevation"": 0.0}, {""range"": 0.9164090097564892, ""doppler"": 0.0, ""angle"": -3.187891999579299, ""elevation"": 0.0}, {""range"": 0.9505271933299315, ""doppler"": 0.0, ""angle"": 11.227492560389166, ""elevation"": 0.0}, {""range"": 0.9746315782324486, ""doppler"": 0.0, ""angle"": 11.610922214165141, ""elevation"": 0.0}, {""range"": 2.062985101834895, ""doppler"": 0.0, ""angle"": 46.07111977677327, ""elevation"": 0.0}]",1785085596885.064
8,"[{""range"": 1.4794841677189534, ""doppler"": 0.0, ""angle"": -39.861429605221055, ""elevation"": 0.0}, {""range"": 0.9077433149804616, ""doppler"": 0.0, ""angle"": -4.3268573559787376, ""elevation"": 0.0}, {""range"": 0.9008752667305662, ""doppler"": 0.0, ""angle"": -3.4365819274341614, ""elevation"": 0.0}, {""range"": 0.9253781600610684, ""doppler"": 0.0, ""angle"": -3.5784062303842625, ""elevation"": 0.0}, {""range"": 0.9886731256091975, ""doppler"": 0.0, ""angle"": 18.834741299201774, ""elevation"": 0.0}, {""range"": 1.1040683309627632, ""doppler"": 0.0, ""angle"": 20.190029731542268, ""elevation"": 0.0}, {""range"": 1.1431567129645408, ""doppler"": 0.0, ""angle"": 21.134029137786925, ""elevation"": 0.0}, {""range"": 1.2330583909553579, ""doppler"": 0.0, ""angle"": 33.60941149258407, ""elevation"": 0.0}]",1785085596985.902
9,"[{""range"": 0.8985292555036124, ""doppler"": 0.0, ""angle"": -3.0115889229331105, ""elevation"": 0.0}, {""range"": 0.9124506430493308, ""doppler"": 0.0, ""angle"": -3.5504194601102923, ""elevation"": 0.0}, {""range"": 0.9356590971805642, ""doppler"": 0.0, ""angle"": 2.3987077270721744, ""elevation"": 0.0}, {""range"": 1.1153439278307034, ""doppler"": 0.0, ""angle"": 31.94209342231749, ""elevation"": 0.0}, {""range"": 1.1334520085200797, ""doppler"": 0.0, ""angle"": 32.213298550813256, ""elevation"": 0.0}, {""range"": 1.1751621970625346, ""doppler"": 0.0, ""angle"": 35.143435376379, ""elevation"": 0.0}, {""range"": 0.7714765922428127, ""doppler"": 0.0, ""angle"": 53.007925371826026, ""elevation"": 0.0}, {""range"": 0.7817413504308991, ""doppler"": 0.0, ""angle"": 52.34111303616254, ""elevation"": 0.0}, {""range"": 0.800013022599544, ""doppler"": 0.0, ""angle"": 51.6981982059329, ""elevation"": 0.0}]",1785085597085.751
9,"[{""range"": 1.4810384443812095, ""doppler"": 0.0, ""angle"": -42.16666292807155, ""elevation"": 0.0}, {""range"": 1.4976781476242844, ""doppler"": 0.0, ""angle"": -40.792727532098056, ""elevation"": 0.0}, {""range"": 0.9044094507293157, ""doppler"": 0.0, ""angle"": -1.9148133627212438, ""elevation"": 0.0}, {""range"": 0.9188714306967547, ""doppler"": 0.0, ""angle"": -2.6992634210076156, ""elevation"": 0.0}, {""range"": 0.9282697041475756, ""doppler"": 0.0, ""angle"": -0.5739319752121598, ""elevation"": 0.0}, {""range"": 2.081734474930155, ""doppler"": 0.0, ""angle"": 42.38558627743677, ""elevation"": 0.0}, {""range"": 0.8536630599063206, ""doppler"": 0.0, ""angle"": 50.44797559843697, ""elevation"": 0.0}, {""range"": 0.8702856548401973, ""doppler"": 0.0, ""angle"": 47.756402896402484, ""elevation"": 0.0}, {""range"": 2.060406174678373, ""doppler"": 0.0, ""angle"": 43.66025944872829, ""elevation"": 0.0}]",1785085597185.67
6,"[{""range"": 0.909890834930469, ""doppler"": 0.0, ""angle"": -11.058191287191514, ""elevation"": 0.0}, {""range"": 0.9265566282433849, ""doppler"": 0.0, ""angle"": -7.529611777057995, ""elevation"": 0.0}, {""range"": 0.9405202446435791, ""doppler"": 0.0, ""angle"": -4.4379724953082125, ""elevation"": 0.0}, {""range"": 0.9788551115860439, ""doppler"": 0.0, ""angle"": 5.156524851665345, ""elevation"": 0.0}, {""range"": 2.075168257745246, ""doppler"": 0.0, ""angle"": 37.19080990126261, ""elevation"": 0.0}, {""range"": 0.943056281207446, ""doppler"": 0.0, ""angle"": 45.660662195746845, ""elevation"": 0.0}]",1785085597285.506
4,"[{""range"": 0.9377107910170703, ""doppler"": 0.0, ""angle"": -2.973164270345565, ""elevation"": 0.0}, {""range"": 0.9506056353551974, ""doppler"": 0.0, ""angle"": 4.034169152178466, ""elevation"": 0.0}, {""range"": 0.9763646412116749, ""doppler"": 0.0, ""angle"": 7.460813851529697, ""elevation"": 0.0}, {""range"": 2.072888145462205, ""doppler"": 0.0, ""angle"": 41.762011436723434, ""elevation"": 0.0}]",1785085597385.392
5,"[{""range"": 0.9136588220830002, ""doppler"": 0.0, ""angle"": -4.883770166467763, ""elevation"": 0.0}, {""range"": 0.9320017093219748, ""doppler"": 0.0, ""angle"": -0.4067360381712199, ""elevation"": 0.0}, {""range"": 0.9469675497208953, ""doppler"": 0.0, ""angle"": 4.288344173064938, ""elevation"": 0.0}, {""range"": 0.9706541168130983, ""doppler"": 0.0, ""angle"": 9.42588224292841, ""elevation"": 0.0}, {""range"": 1.0179837234075895, ""doppler"": 0.0, ""angle"": 21.051962504297414, ""elevation"": 0.0}]",1785085597485.2632
6,"[{""range"": 0.9116592536395398, ""doppler"": 0.0, ""angle"": -2.371908630231948, ""elevation"": 0.0}, {""range"": 0.9281631073974038, ""doppler"": 0.0, ""angle"": 2.4291396469382214, ""elevation"": 0.0}, {""range"": 0.9409929325787737, ""doppler"": 0.0, ""angle"": 6.744184503343787, ""elevation"": 0.0}, {""range"": 0.9632656353712482, ""doppler"": 0.0, ""angle"": 13.909842646643273, ""elevation"": 0.0}, {""range"": 1.2484526638291342, ""doppler"": 0.0, ""angle"": 39.851802776685666, ""elevation"": 0.0}, {""range"": 1.2676052329626026, ""doppler"": 0.0, ""angle"": 40.617951158921585, ""elevation"": 0.0}]",1785085597585.047
4,"[{""range"": 0.9146546860534996, ""doppler"": 0.0, ""angle"": -0.3920471135887715, ""elevation"": 0.0}, {""range"": 0.9320858440746933, ""doppler"": 0.0, ""angle"": 4.434112665236516, ""elevation"": 0.0}, {""range"": 0.9408034610752183, ""doppler"": 0.0, ""angle"": 8.393455021952757, ""elevation"": 0.0}, {""range"": 0.9616382968684286, ""doppler"": 0.0, ""angle"": 14.901906975337036, ""elevation"": 0.0}]",1785085597684.9211
4,"[{""range"": 0.9173211298317027, ""doppler"": 0.0, ""angle"": -0.20103699783460577, ""elevation"": 0.0}, {""range"": 0.9358289223476981, ""doppler"": 0.0, ""angle"": 3.9662767452820065, ""elevation"": 0.0}, {""range"": 0.9454126072855716, ""doppler"": 0.0, ""angle"": 6.319847359027118, ""elevation"": 0.0}, {""range"": 0.9665925948251269, ""doppler"": 0.0, ""angle"": 7.280150133371673, ""elevation"": 0.0}]",1785085597785.7861
5,"[{""range"": 0.9167055875683288, ""doppler"": 0.0, ""angle"": -5.1367537054538355, ""elevation"": 0.0}, {""range"": 0.9401573806932529, ""doppler"": 0.0, ""angle"": 5.9936052465905165, ""elevation"": 0.0}, {""range"": 0.9470242902167115, ""doppler"": 0.0, ""angle"": 9.268461704072052, ""elevation"": 0.0}, {""range"": 0.9678237583887048, ""doppler"": 0.0, ""angle"": 11.855945948228559, ""elevation"": 0.0}, {""range"": 1.0159817667233233, ""doppler"": 0.0, ""angle"": 25.902102206789603, ""elevation"": 0.0}]",1785085597885.71
6,"[{""range"": 0.9401912366898602, ""doppler"": 0.0, ""angle"": 3.5219553667430823, ""elevation"": 0.0}, {""range"": 0.9491350655721966, ""doppler"": 0.0, ""angle"": 7.208026486872819, ""elevation"": 0.0}, {""range"": 0.9663792083404233, ""doppler"": 0.0, ""angle"": 10.609235138367959, ""elevation"": 0.0}, {""range"": 1.0183463607361134, ""doppler"": 0.0, ""angle"": 24.481423132480163, ""elevation"": 0.0}, {""range"": 0.8864172497371365, ""doppler"": 0.0, ""angle"": 50.60731365248028, ""elevation"": 0.0}, {""range"": 0.8646577516491291, ""doppler"": 0.0, ""angle"": 57.31888073653528, ""elevation"": 0.0}]",1785085597985.52
9,"[{""range"": 0.9359199899307895, ""doppler"": 0.0, ""angle"": 6.1419372447107135, ""elevation"": 0.0}, {""range"": 0.9513501759182676, ""doppler"": 0.0, ""angle"": 5.251953792537415, ""elevation"": 0.0}, {""range"": 0.9709291196465973, ""doppler"": 0.0, ""angle"": 12.259842282049288, ""elevation"": 0.0}, {""range"": 1.1823298763908177, ""doppler"": 0.0, ""angle"": 23.16445608712436, ""elevation"": 0.0}, {""range"": 1.193022154182574, ""doppler"": 0.0, ""angle"": 21.18425221977593, ""elevation"": 0.0}, {""range"": 1.2145652403947274, ""doppler"": 0.0, ""angle"": 23.541953470237935, ""elevation"": 0.0}, {""range"": 0.860008047736263, ""doppler"": 0.0, ""angle"": 41.78886301215173, ""elevation"": 0.0}, {""range"": 0.8131856356669861, ""doppler"": 0.0, ""angle"": 51.58024271608708, ""elevation"": 0.0}, {""range"": 0.828159280909807, ""doppler"": 0.0, ""angle"": 50.46687167568866, ""elevation"": 0.0}]",1785085598085.45
4,"[{""range"": 0.9576042477025287, ""doppler"": 0.0, ""angle"": 19.311252477987132, ""elevation"": 0.0}, {""range"": 1.2377963059870232, ""doppler"": 0.0, ""angle"": 32.59498221518045, ""elevation"": 0.0}, {""range"": 0.747742340256827, ""doppler"": 0.0, ""angle"": 49.568126666632615, ""elevation"": 0.0}, {""range"": 0.7554229306893824, ""doppler"": 0.0, ""angle"": 50.88903652186202, ""elevation"": 0.0}]",1785085598185.271
8,"[{""range"": 0.8971333167908937, ""doppler"": 0.0, ""angle"": -2.833320497599413, ""elevation"": 0.0}, {""range"": 0.9341897793441598, ""doppler"": 0.0, ""angle"": 6.948178084762373, ""elevation"": 0.0}, {""range"": 0.9554281350537972, ""doppler"": 0.0, ""angle"": 8.676048790649856, ""elevation"": 0.0}, {""range"": 0.9911740415118119, ""doppler"": 0.0, ""angle"": 9.37565724593934, ""elevation"": 0.0}, {""range"": 1.0402034603900394, ""doppler"": 0.0, ""angle"": 15.524638218097817, ""elevation"": 0.0}, {""range"": 1.079800304496984, ""doppler"": 0.0, ""angle"": 25.903094140010317, ""elevation"": 0.0}, {""range"": 1.1964768919540059, ""doppler"": 0.0, ""angle"": 29.668410498821363, ""elevation"": 0.0}, {""range"": 1.2298385369566054, ""doppler"": 0.0, ""angle"": 26.79976175111459, ""elevation"": 0.0}]",1785085598285.1711
3,"[{""range"": 1.2119344427609093, ""doppler"": 0.0, ""angle"": 26.24369913538358, ""elevation"": 0.0}, {""range"": 1.2415278227126658, ""doppler"": 0.0, ""angle"": 30.26178319351279, ""elevation"": 0.0}, {""range"": 1.2673531669439106, ""doppler"": 0.0, ""angle"": 34.643003260884335, ""elevation"": 0.0}]",1785085598385.052
