num_points,points,timestamp_ms
6,"[{""range"": 1.4814915214211704, ""doppler"": 0.0, ""angle"": -40.32975980913037, ""elevation"": 0.0}, {""range"": 1.4916254231936568, ""doppler"": 0.0, ""angle"": -40.775624303335604, ""elevation"": 0.0}, {""range"": 0.9154855904427314, ""doppler"": 0.0, ""angle"": -10.864392968023038, ""elevation"": 0.0}, {""range"": 0.8979271820060695, ""doppler"": 0.0, ""angle"": -9.548608142388739, ""elevation"": 0.0}, {""range"": 0.9019808932252925, ""doppler"": 0.0, ""angle"": -9.908623438287227, ""elevation"": 0.0}, {""range"": 1.108110657964582, ""doppler"": 0.0, ""angle"": 22.555144876068507, ""elevation"": 0.0}]",1785085666353.112
9,"[{""range"": 1.4767753844647589, ""doppler"": 0.0, ""angle"": -39.11270418887037, ""elevation"": 0.0}, {""range"": 1.4927123769556236, ""doppler"": 0.0, ""angle"": -38.8634704605252, ""elevation"": 0.0}, {""range"": 0.9038834258107772, ""doppler"": 0.0, ""angle"": -5.209821895251489, ""elevation"": 0.0}, {""range"": 0.9102518013915237, ""doppler"": 0.0, ""angle"": -3.3109415146114434, ""elevation"": 0.0}, {""range"": 0.9205410808132156, ""doppler"": 0.0, ""angle"": -0.22259320612180392, ""elevation"": 0.0}, {""range"": 1.0821306518017966, ""doppler"": 0.0, ""angle"": 16.976738598550543, ""elevation"": 0.0}, {""range"": 1.10355009066269, ""doppler"": 0.0, ""angle"": 21.092834472898634, ""elevation"": 0.0}, {""range"": 1.1354137533244317, ""doppler"": 0.0, ""angle"": 22.578912625509805, ""elevation"": 0.0}, {""range"": 1.2304236715193713, ""doppler"": 0.0, ""angle"": 39.06033510748972, ""elevation"": 0.0}]",1785085666353.207
8,"[{""range"": 1.4756478411441682, ""doppler"": 0.0, ""angle"": -42.32833156827252, ""elevation"": 0.0}, {""range"": 0.8826835765324247, ""doppler"": 0.0, ""angle"": -8.891768609189906, ""elevation"": 0.0}, {""range"": 0.9048215835817629, ""doppler"": 0.0, ""angle"": -4.431705830634241, ""elevation"": 0.0}, {""range"": 0.9137597275368214, ""doppler"": 0.0, ""angle"": -1.6484251350389898, ""elevation"": 0.0}, {""range"": 0.9232128968637222, ""doppler"": 0.0, ""angle"": 1.5871344137227474, ""elevation"": 0.0}, {""range"": 0.9655107686389108, ""doppler"": 0.0, ""angle"": 6.668302411706654, ""elevation"": 0.0}, {""range"": 1.1151447837222699, ""doppler"": 0.0, ""angle"": 14.192222725806484, ""elevation"": 0.0}, {""range"": 1.1274134753215996, ""doppler"": 0.0, ""angle"": 16.445951970835566, ""elevation"": 0.0}]",1785085666353.3782
11,"[{""range"": 0.8802003260981817, ""doppler"": 0.0, ""angle"": -6.052262761004928, ""elevation"": 0.0}, {""range"": 0.896610369360892, ""doppler"": 0.0, ""angle"": -5.860676992032808, ""elevation"": 0.0}, {""range"": 0.9027940306852609, ""doppler"": 0.0, ""angle"": -6.014351987478054, ""elevation"": 0.0}, {""range"": 0.9179584998956862, ""doppler"": 0.0, ""angle"": -5.723919803295854, ""elevation"": 0.0}, {""range"": 1.0067199093801844, ""doppler"": 0.0, ""angle"": 21.506599052814277, ""elevation"": 0.0}, {""range"": 1.0794369111942945, ""doppler"": 0.0, ""angle"": 19.16731516883238, ""elevation"": 0.0}, {""range"": 1.107781547802826, ""doppler"": 0.0, ""angle"": 18.961388337567104, ""elevation"": 0.0}, {""range"": 1.1298744411261048, ""doppler"": 0.0, ""angle"": 21.550519999084635, ""elevation"": 0.0}, {""range"": 1.1914688578056618, ""doppler"": 0.0, ""angle"": 33.349025247120935, ""elevation"": 0.0}, {""range"": 1.2334416951148965, ""doppler"": 0.0, ""angle"": 35.59561276786098, ""elevation"": 0.0}, {""range"": 1.2586616431269588, ""doppler"": 0.0, ""angle"": 37.43806664536768, ""elevation"": 0.0}]",1785085666353.6848
10,"[{""range"": 1.4755738970433585, ""doppler"": 0.0, ""angle"": -39.961144975480934, ""elevation"": 0.0}, {""range"": 1.4942055710802193, ""doppler"": 0.0, ""angle"": -39.86351299222178, ""elevation"": 0.0}, {""range"": 0.8801894826301603, ""doppler"": 0.0, ""angle"": -2.678143285466406, ""elevation"": 0.0}, {""range"": 0.9012970332765002, ""doppler"": 0.0, ""angle"": -2.399194344638379, ""elevation"": 0.0}, {""range"": 0.9129270071794305, ""doppler"": 0.0, ""angle"": -1.3692700444796988, ""elevation"": 0.0}, {""range"": 0.927910629742173, ""doppler"": 0.0, ""angle"": 1.2588026011511124, ""elevation"": 0.0}, {""range"": 0.957692576921528, ""doppler"": 0.0, ""angle"": 10.739259532854383, ""elevation"": 0.0}, {""range"": 1.1280598468868535, ""doppler"": 0.0, ""angle"": 18.0529634716249, ""elevation"": 0.0}, {""range"": 1.125382170131633, ""doppler"": 0.0, ""angle"": 15.86036141346592, ""elevation"": 0.0}, {""range"": 1.2447595925109995, ""doppler"": 0.0, ""angle"": 34.1922887653175, ""elevation"": 0.0}]",1785085666353.9377
11,"[{""range"": 1.4757215432031399, ""doppler"": 0.0, ""angle"": -42.37269455001605, ""elevation"": 0.0}, {""range"": 1.4908476416775478, ""doppler"": 0.0, ""angle"": -42.77387021134695, ""elevation"": 0.0}, {""range"": 0.9056643515045629, ""doppler"": 0.0, ""angle"": -6.222762046515222, ""elevation"": 0.0}, {""range"": 0.9235257780568511, ""doppler"": 0.0, ""angle"": -2.452448318961613, ""elevation"": 0.0}, {""range"": 0.9373449121682096, ""doppler"": 0.0, ""angle"": 2.7445072265914683, ""elevation"": 0.0}, {""range"": 0.9733826644274682, ""doppler"": 0.0, ""angle"": 6.910910483787091, ""elevation"": 0.0}, {""range"": 1.0633589440245348, ""doppler"": 0.0, ""angle"": 21.62965148120304, ""elevation"": 0.0}, {""range"": 1.1081237435848306, ""doppler"": 0.0, ""angle"": 22.604929726192378, ""elevation"": 0.0}, {""range"": 1.1363748768093893, ""doppler"": 0.0, ""angle"": 21.935344384287706, ""elevation"": 0.0}, {""range"": 1.1806290050412824, ""doppler"": 0.0, ""angle"": 22.92626013990967, ""elevation"": 0.0}, {""range"": 1.2303274266971536, ""doppler"": 0.0, ""angle"": 29.355485462944106, ""elevation"": 0.0}]",1785085666354.3308
10,"[{""range"": 1.4951095956281961, ""doppler"": 0.0, ""angle"": -43.400787058268754, ""elevation"": 0.0}, {""range"": 0.899530174799601, ""doppler"": 0.0, ""angle"": -5.303732508280163, ""elevation"": 0.0}, {""range"": 0.9073707967342938, ""doppler"": 0.0, ""angle"": -7.143222824143182, ""elevation"": 0.0}, {""range"": 0.9259300631302901, ""doppler"": 0.0, ""angle"": -5.652240422967007, ""elevation"": 0.0}, {""range"": 0.87971878005351, ""doppler"": 0.0, ""angle"": -2.516364234741787, ""elevation"": 0.0}, {""range"": 1.10875593978575, ""doppler"": 0.0, ""angle"": 15.537960473131593, ""elevation"": 0.0}, {""range"": 1.1175724553103752, ""doppler"": 0.0, ""angle"": 16.059987307160643, ""elevation"": 0.0}, {""range"": 0.9755451113068386, ""doppler"": 0.0, ""angle"": 32.75794265927052, ""elevation"": 0.0}, {""range"": 1.252509526436517, ""doppler"": 0.0, ""angle"": 32.41723911568098, ""elevation"": 0.0}, {""range"": 1.2391185848209278, ""doppler"": 0.0, ""angle"": 36.645001952136994, ""elevation"": 0.0}]",1785085666354.498
11,"[{""range"": 1.4783319142776543, ""doppler"": 0.0, ""angle"": -41.184621270131316, ""elevation"": 0.0}, {""range"": 1.4964806547234528, ""doppler"": 0.0, ""angle"": -39.6039589432179, ""elevation"": 0.0}, {""range"": 0.8900865701278592, ""doppler"": 0.0, ""angle"": -3.582078384753978, ""elevation"": 0.0}, {""range"": 0.9505539188378519, ""doppler"": 0.0, ""angle"": 18.094109419869632, ""elevation"": 0.0}, {""range"": 0.9598259798305168, ""doppler"": 0.0, ""angle"": 12.425766186376402, ""elevation"": 0.0}, {""range"": 0.9776496305457913, ""doppler"": 0.0, ""angle"": 12.442421375043052, ""elevation"": 0.0}, {""range"": 1.0619476988306147, ""doppler"": 0.0, ""angle"": 12.941105843949428, ""elevation"": 0.0}, {""range"": 1.1210097117513498, ""doppler"": 0.0, ""angle"": 15.876349749569433, ""elevation"": 0.0}, {""range"": 1.1292011465645626, ""doppler"": 0.0, ""angle"": 16.655792263321157, ""elevation"": 0.0}, {""range"": 1.1526133297943169, ""doppler"": 0.0, ""angle"": 12.626183830831328, ""elevation"": 0.0}, {""range"": 1.2378496344500562, ""doppler"": 0.0, ""angle"": 39.32551226010577, ""elevation"": 0.0}]",1785085666354.55
6,"[{""range"": 0.9206787055036646, ""doppler"": 0.0, ""angle"": -2.203881209497432, ""elevation"": 0.0}, {""range"": 0.9318128630414461, ""doppler"": 0.0, ""angle"": -0.3078615212301734, ""elevation"": 0.0}, {""range"": 0.9375642758617044, ""doppler"": 0.0, ""angle"": 1.2458392655622075, ""elevation"": 0.0}, {""range"": 0.9581297291886398, ""doppler"": 0.0, ""angle"": 6.38624469040403, ""elevation"": 0.0}, {""range"": 1.131892966997875, ""doppler"": 0.0, ""angle"": 17.799500105462613, ""elevation"": 0.0}, {""range"": 1.1271728785987887, ""doppler"": 0.0, ""angle"": 16.94301383883196, ""elevation"": 0.0}]",1785085666354.5908
10,"[{""range"": 1.4799418687966157, ""doppler"": 0.0, ""angle"": -42.03712528461285, ""elevation"": 0.0}, {""range"": 1.494043101455468, ""doppler"": 0.0, ""angle"": -41.18592516570965, ""elevation"": 0.0}, {""range"": 0.9209995299306827, ""doppler"": 0.0, ""angle"": -5.369669451741879, ""elevation"": 0.0}, {""range"": 0.9352211853318023, ""doppler"": 0.0, ""angle"": -3.387046126631558, ""elevation"": 0.0}, {""range"": 0.9419221685310094, ""doppler"": 0.0, ""angle"": -2.1214989723485327, ""elevation"": 0.0}, {""range"": 0.9628447625334454, ""doppler"": 0.0, ""angle"": -1.4047050954754612, ""elevation"": 0.0}, {""range"": 1.1208623671422389, ""doppler"": 0.0, ""angle"": 21.378764238783052, ""elevation"": 0.0}, {""range"": 1.1322595042175851, ""doppler"": 0.0, ""angle"": 18.918530544618925, ""elevation"": 0.0}, {""range"": 1.1632427112018382, ""doppler"": 0.0, ""angle"": 19.159115542481484, ""elevation"": 0.0}, {""range"": 1.092157583969347, ""doppler"": 0.0, ""angle"": 29.28876807583897, ""elevation"": 0.0}]",1785085666354.6392
8,"[{""range"": 1.4836271009825157, ""doppler"": 0.0, ""angle"": -41.42823449639433, ""elevation"": 0.0}, {""range"": 1.4951119053150836, ""doppler"": 0.0, ""angle"": -39.29229971211484, ""elevation"": 0.0}, {""range"": 0.9360124321449561, ""doppler"": 0.0, ""angle"": -2.8689644345904393, ""elevation"": 0.0}, {""range"": 0.9448826759513131, ""doppler"": 0.0, ""angle"": -0.4554072791416695, ""elevation"": 0.0}, {""range"": 0.9786957254721341, ""doppler"": 0.0, ""angle"": 6.599143507840605, ""elevation"": 0.0}, {""range"": 1.1150800958074354, ""doppler"": 0.0, ""angle"": 22.864406121839988, ""elevation"": 0.0}, {""range"": 1.1339644924347665, ""doppler"": 0.0, ""angle"": 23.079956056067722, ""elevation"": 0.0}, {""range"": 1.0689045462846298, ""doppler"": 0.0, ""angle"": 27.465247484449407, ""elevation"": 0.0}]",1785085666354.678
9,"[{""range"": 1.4778686951665687, ""doppler"": 0.0, ""angle"": -40.67723981865433, ""elevation"": 0.0}, {""range"": 1.4943716711601351, ""doppler"": 0.0, ""angle"": -39.635275731473996, ""elevation"": 0.0}, {""range"": 0.9472053778730259, ""doppler"": 0.0, ""angle"": 9.727273956736322, ""elevation"": 0.0}, {""range"": 0.9544573266548486, ""doppler"": 0.0, ""angle"": 7.167621372987123, ""elevation"": 0.0}, {""range"": 0.9799803010325718, ""doppler"": 0.0, ""angle"": 7.464761919512057, ""elevation"": 0.0}, {""range"": 1.1235009839578165, ""doppler"": 0.0, ""angle"": 17.65920900730712, ""elevation"": 0.0}, {""range"": 1.0624332646879822, ""doppler"": 0.0, ""angle"": 19.865292117740857, ""elevation"": 0.0}, {""range"": 1.105007758973837, ""doppler"": 0.0, ""angle"": 19.56089554551223, ""elevation"": 0.0}, {""range"": 1.2747658922715577, ""doppler"": 0.0, ""angle"": 33.71458719358674, ""elevation"": 0.0}]",1785085666354.722
8,"[{""range"": 1.4761244939413203, ""doppler"": 0.0, ""angle"": -40.28811968201505, ""elevation"": 0.0}, {""range"": 1.4938583221453257, ""doppler"": 0.0, ""angle"": -41.219474099849755, ""elevation"": 0.0}, {""range"": 0.9199624325915933, ""doppler"": 0.0, ""angle"": 9.10347303735438, ""elevation"": 0.0}, {""range"": 0.9416289488751893, ""doppler"": 0.0, ""angle"": 8.210115744366526, ""elevation"": 0.0}, {""range"": 0.9508463534324916, ""doppler"": 0.0, ""angle"": 7.825340443734904, ""elevation"": 0.0}, {""range"": 0.9690134983715512, ""doppler"": 0.0, ""angle"": 5.942043219746124, ""elevation"": 0.0}, {""range"": 1.1277407972883777, ""doppler"": 0.0, ""angle"": 25.50865297940058, ""elevation"": 0.0}, {""range"": 1.137963125576153, ""doppler"": 0.0, ""angle"": 20.830019234874253, ""elevation"": 0.0}]",1785085666354.761
6,"[{""range"": 1.479977009218587, ""doppler"": 0.0, ""angle"": -38.25870650957227, ""elevation"": 0.0}, {""range"": 1.4964094601431568, ""doppler"": 0.0, ""angle"": -37.62578175871851, ""elevation"": 0.0}, {""range"": 0.9153696980108769, ""doppler"": 0.0, ""angle"": -1.1976857043787925, ""elevation"": 0.0}, {""range"": 0.9244797307424529, ""doppler"": 0.0, ""angle"": 0.2881388218484568, ""elevation"": 0.0}, {""range"": 0.9281168065951004, ""doppler"": 0.0, ""angle"": 1.7443978246277208, ""elevation"": 0.0}, {""range"": 0.9662523285673567, ""doppler"": 0.0, ""angle"": 12.961237835729996, ""elevation"": 0.0}]",1785085666354.799
10,"[{""range"": 1.4760334821866787, ""doppler"": 0.0, ""angle"": -38.556826640385204, ""elevation"": 0.0}, {""range"": 1.4930380592845263, ""doppler"": 0.0, ""angle"": -38.65980825409009, ""elevation"": 0.0}, {""range"": 0.9162562791397236, ""doppler"": 0.0, ""angle"": 0.31308857502065557, ""elevation"": 0.0}, {""range"": 0.9267448032627981, ""doppler"": 0.0, ""angle"": 1.4815524418715358, ""elevation"": 0.0}, {""range"": 0.9318329023251369, ""doppler"": 0.0, ""angle"": 3.2121537525046113, ""elevation"": 0.0}, {""range"": 0.9679042177388231, ""doppler"": 0.0, ""angle"": 14.09272284515595, ""elevation"": 0.0}, {""range"": 1.0537268923457064, ""doppler"": 0.0, ""angle"": 21.14780516003891, ""elevation"": 0.0}, {""range"": 1.1207001387354611, ""doppler"": 0.0, ""angle"": 18.74427769139184, ""elevation"": 0.0}, {""range"": 1.1438313111142462, ""doppler"": 0.0, ""angle"": 20.51725677741784, ""elevation"": 0.0}, {""range"": 1.1648947765761646, ""doppler"": 0.0, ""angle"": 20.017671387119734, ""elevation"": 0.0}]",1785085666354.8423
8,"[{""range"": 1.4721699955741085, ""doppler"": 0.0, ""angle"": -38.356572552754834, ""elevation"": 0.0}, {""range"": 1.4881958318469923, ""doppler"": 0.0, ""angle"": -38.9328992240721, ""elevation"": 0.0}, {""range"": 0.9183104630488782, ""doppler"": 0.0, ""angle"": 2.6674067780173236, ""elevation"": 0.0}, {""range"": 0.9336376902800118, ""doppler"": 0.0, ""angle"": 4.525791573809278, ""elevation"": 0.0}, {""range"": 0.9420221679297779, ""doppler"": 0.0, ""angle"": 6.134814189374808, ""elevation"": 0.0}, {""range"": 0.9695958503198185, ""doppler"": 0.0, ""angle"": 7.417285724160583, ""elevation"": 0.0}, {""range"": 1.1188962278303507, ""doppler"": 0.0, ""angle"": 13.398860322427952, ""elevation"": 0.0}, {""range"": 1.127742058979926, ""doppler"": 0.0, ""angle"": 16.081416030610193, ""elevation"": 0.0}]",1785085666354.884
7,"[{""range"": 1.4743467832388297, ""doppler"": 0.0, ""angle"": -39.11779139578275, ""elevation"": 0.0}, {""range"": 1.4910090977536863, ""doppler"": 0.0, ""angle"": -39.066527409235995, ""elevation"": 0.0}, {""range"": 0.9207640658887098, ""doppler"": 0.0, ""angle"": 3.250809450612078, ""elevation"": 0.0}, {""range"": 0.9355483866959655, ""doppler"": 0.0, ""angle"": 4.61540291321345, ""elevation"": 0.0}, {""range"": 0.9433312115411261, ""doppler"": 0.0, ""angle"": 7.362108412209865, ""elevation"": 0.0}, {""range"": 0.9700950604898735, ""doppler"": 0.0, ""angle"": 7.232431891455231, ""elevation"": 0.0}, {""range"": 1.1070615598279525, ""doppler"": 0.0, ""angle"": 16.506004563610933, ""elevation"": 0.0}]",1785085666354.909
8,"[{""range"": 1.4949357600637712, ""doppler"": 0.0, ""angle"": -41.256198222560236, ""elevation"": 0.0}, {""range"": 0.9239963978409877, ""doppler"": 0.0, ""angle"": 4.27284431470746, ""elevation"": 0.0}, {""range"": 0.9390502418586054, ""doppler"": 0.0, ""angle"": 4.116709739525884, ""elevation"": 0.0}, {""range"": 0.944229143210387, ""doppler"": 0.0, ""angle"": 5.956755746817227, ""elevation"": 0.0}, {""range"": 0.9637906012510843, ""doppler"": 0.0, ""angle"": 10.30294488135487, ""elevation"": 0.0}, {""range"": 1.1249990535575873, ""doppler"": 0.0, ""angle"": 14.318965143124974, ""elevation"": 0.0}, {""range"": 1.1318383187082168, ""doppler"": 0.0, ""angle"": 14.099910297645167, ""elevation"": 0.0}, {""range"": 1.1595944669945184, ""doppler"": 0.0, ""angle"": 16.30826836483188, ""elevation"": 0.0}]",1785085666354.95
9,"[{""range"": 1.4775151613196382, ""doppler"": 0.0, ""angle"": -41.693427564467214, ""elevation"": 0.0}, {""range"": 1.4948038086267788, ""doppler"": 0.0, ""angle"": -39.93369438627069, ""elevation"": 0.0}, {""range"": 0.9276774885938801, ""doppler"": 0.0, ""angle"": 9.35156902498542, ""elevation"": 0.0}, {""range"": 0.9464513606272734, ""doppler"": 0.0, ""angle"": 7.043113502377969, ""elevation"": 0.0}, {""range"": 0.9511746340027909, ""doppler"": 0.0, ""angle"": 7.149064382541569, ""elevation"": 0.0}, {""range"": 0.9613284738205865, ""doppler"": 0.0, ""angle"": 6.364906970837425, ""elevation"": 0.0}, {""range"": 1.1262172458283173, ""doppler"": 0.0, ""angle"": 19.824554327956392, ""elevation"": 0.0}, {""range"": 1.1371471075643897, ""doppler"": 0.0, ""angle"": 19.272613383648547, ""elevation"": 0.0}, {""range"": 1.1747667907586126, ""doppler"": 0.0, ""angle"": 23.54098921328732, ""elevation"": 0.0}]",1785085666354.9868
6,"[{""range"": 1.4761901363279677, ""doppler"": 0.0, ""angle"": -39.33726239284649, ""elevation"": 0.0}, {""range"": 1.494690371131636, ""doppler"": 0.0, ""angle"": -39.660763196262415, ""elevation"": 0.0}, {""range"": 0.9068800378111364, ""doppler"": 0.0, ""angle"": -4.500947964653145, ""elevation"": 0.0}, {""range"": 0.920161459974354, ""doppler"": 0.0, ""angle"": -3.7326046753087634, ""elevation"": 0.0}, {""range"": 0.9362386310999977, ""doppler"": 0.0, ""angle"": 1.8825391829508369, ""elevation"": 0.0}, {""range"": 0.9661835130223076, ""doppler"": 0.0, ""angle"": 16.71447923137789, ""elevation"": 0.0}]",1785085666355.0059
8,"[{""range"": 1.478119569909183, ""doppler"": 0.0, ""angle"": -40.014124998193395, ""elevation"": 0.0}, {""range"": 1.4908983204159565, ""doppler"": 0.0, ""angle"": -41.2460452764962, ""elevation"": 0.0}, {""range"": 0.9023674893069048, ""doppler"": 0.0, ""angle"": -5.401041903355587, ""elevation"": 0.0}, {""range"": 0.9114884858234845, ""doppler"": 0.0, ""angle"": -5.493615545369568, ""elevation"": 0.0}, {""range"": 0.9457926237409171, ""doppler"": 0.0, ""angle"": 6.524414220413002, ""elevation"": 0.0}, {""range"": 0.9730932894488716, ""doppler"": 0.0, ""angle"": 14.733380921534017, ""elevation"": 0.0}, {""range"": 1.141071626258762, ""doppler"": 0.0, ""angle"": 19.346402149743664, ""elevation"": 0.0}, {""range"": 1.0358075241381846, ""doppler"": 0.0, ""angle"": 29.39277573788924, ""elevation"": 0.0}]",1785085666355.0269
9,"[{""range"": 1.4790035929074243, ""doppler"": 0.0, ""angle"": -39.74171204556609, ""elevation"": 0.0}, {""range"": 1.4919644158187708, ""doppler"": 0.0, ""angle"": -39.685117017610004, ""elevation"": 0.0}, {""range"": 0.9060394064562943, ""doppler"": 0.0, ""angle"": -4.822802421484856, ""elevation"": 0.0}, {""range"": 0.911843226872835, ""doppler"": 0.0, ""angle"": -6.3612851085735285, ""elevation"": 0.0}, {""range"": 0.9253284544974953, ""doppler"": 0.0, ""angle"": -8.792460851931821, ""elevation"": 0.0}, {""range"": 0.9785976275500856, ""doppler"": 0.0, ""angle"": 6.073120914120131, ""elevation"": 0.0}, {""range"": 1.1324168013319615, ""doppler"": 0.0, ""angle"": 19.894216007801553, ""elevation"": 0.0}, {""range"": 1.1405932147011442, ""doppler"": 0.0, ""angle"": 22.266784634074494, ""elevation"": 0.0}, {""range"": 1.1690182335017418, ""doppler"": 0.0, ""angle"": 23.109981152037513, ""elevation"": 0.0}]",1785085666355.0488
8,"[{""range"": 1.4768716547844456, ""doppler"": 0.0, ""angle"": -39.02925061928805, ""elevation"": 0.0}, {""range"": 1.4905554707848823, ""doppler"": 0.0, ""angle"": -38.771447664458904, ""elevation"": 0.0}, {""range"": 0.9071949217501022, ""doppler"": 0.0, ""angle"": -4.318152300770366, ""elevation"": 0.0}, {""range"": 0.9167269162615753, ""doppler"": 0.0, ""angle"": -5.3947700603773105, ""elevation"": 0.0}, {""range"": 0.9268441115573007, ""doppler"": 0.0, ""angle"": -7.148324592649949, ""elevation"": 0.0}, {""range"": 1.1152959942893832, ""doppler"": 0.0, ""angle"": 23.219095939010536, ""elevation"": 0.0}, {""range"": 1.1308493629433447, ""doppler"": 0.0, ""angle"": 20.85082963209352, ""elevation"": 0.0}, {""range"": 1.0799660121085481, ""doppler"": 0.0, ""angle"": 28.533990636221883, ""elevation"": 0.0}]",1785085666355.0698
9,"[{""range"": 1.4765701788081136, ""doppler"": 0.0, ""angle"": -40.50119966499755, ""elevation"": 0.0}, {""range"": 1.4906794115168398, ""doppler"": 0.0, ""angle"": -39.48525521481396, ""elevation"": 0.0}, {""range"": 0.9072850044501498, ""doppler"": 0.0, ""angle"": -5.076858374466856, ""elevation"": 0.0}, {""range"": 0.919239653593706, ""doppler"": 0.0, ""angle"": -5.7383183305939856, ""elevation"": 0.0}, {""range"": 0.9292314494418287, ""doppler"": 0.0, ""angle"": -6.807742981979239, ""elevation"": 0.0}, {""range"": 1.1727051479325399, ""doppler"": 0.0, ""angle"": 15.458172103328716, ""elevation"": 0.0}, {""range"": 1.117642706440815, ""doppler"": 0.0, ""angle"": 22.560632863902395, ""elevation"": 0.0}, {""range"": 1.134987258875109, ""doppler"": 0.0, ""angle"": 20.327839526680606, ""elevation"": 0.0}, {""range"": 1.0745354840141486, ""doppler"": 0.0, ""angle"": 31.658722199681616, ""elevation"": 0.0}]",1785085666355.093
8,"[{""range"": 1.4788793330895627, ""doppler"": 0.0, ""angle"": -41.38730287816046, ""elevation"": 0.0}, {""range"": 1.494598382681745, ""doppler"": 0.0, ""angle"": -41.1581965151968, ""elevation"": 0.0}, {""range"": 0.9071595347057599, ""doppler"": 0.0, ""angle"": -4.986862344715493, ""elevation"": 0.0}, {""range"": 0.917078428144692, ""doppler"": 0.0, ""angle"": -6.470964367291245, ""elevation"": 0.0}, {""range"": 0.926932543390145, ""doppler"": 0.0, ""angle"": -8.71002782542482, ""elevation"": 0.0}, {""range"": 1.1713745852140096, ""doppler"": 0.0, ""angle"": 16.221720646526208, ""elevation"": 0.0}, {""range"": 1.1207164011488484, ""doppler"": 0.0, ""angle"": 20.120568017374637, ""elevation"": 0.0}, {""range"": 1.1382697873535714, ""doppler"": 0.0, ""angle"": 19.243321322985416, ""elevation"": 0.0}]",1785085666355.114
10,"[{""range"": 1.4774987143162834, ""doppler"": 0.0, ""angle"": -39.628003930526276, ""elevation"": 0.0}, {""range"": 1.4967041734393176, ""doppler"": 0.0, ""angle"": -39.93528459601454, ""elevation"": 0.0}, {""range"": 0.9033700491050536, ""doppler"": 0.0, ""angle"": -4.26823090424285, ""elevation"": 0.0}, {""range"": 0.9118286218908762, ""doppler"": 0.0, ""angle"": -6.14662565964667, ""elevation"": 0.0}, {""range"": 0.9356300495481442, ""doppler"": 0.0, ""angle"": -1.3360386390173742, ""elevation"": 0.0}, {""range"": 0.9700711806088077, ""doppler"": 0.0, ""angle"": 12.324900845414204, ""elevation"": 0.0}, {""range"": 1.1266838260846899, ""doppler"": 0.0, ""angle"": 25.0114000094489, ""elevation"": 0.0}, {""range"": 1.1476821169981353, ""doppler"": 0.0, ""angle"": 20.521566199639302, ""elevation"": 0.0}, {""range"": 1.18451685511022, ""doppler"": 0.0, ""angle"": 18.957371633459132, ""elevation"": 0.0}, {""range"": 1.2327679556090905, ""doppler"": 0.0, ""angle"": 31.439808823014637, ""elevation"": 0.0}]",1785085666355.1401
9,"[{""range"": 1.4781642822141392, ""doppler"": 0.0, ""angle"": -41.13506746458871, ""elevation"": 0.0}, {""range"": 1.4954616854560057, ""doppler"": 0.0, ""angle"": -41.02931631834538, ""elevation"": 0.0}, {""range"": 0.9064502338336293, ""doppler"": 0.0, ""angle"": -3.6419030650841853, ""elevation"": 0.0}, {""range"": 0.9175258180615694, ""doppler"": 0.0, ""angle"": -3.6090712347218084, ""elevation"": 0.0}, {""range"": 0.9325326344522983, ""doppler"": 0.0, ""angle"": -1.6262225528988556, ""elevation"": 0.0}, {""range"": 0.9723052032961473, ""doppler"": 0.0, ""angle"": 11.413257362937527, ""elevation"": 0.0}, {""range"": 1.048928117151966, ""doppler"": 0.0, ""angle"": 22.96773622472713, ""elevation"": 0.0}, {""range"": 1.1155955881251036, ""doppler"": 0.0, ""angle"": 22.306205054907643, ""elevation"": 0.0}, {""range"": 1.1376721060655437, ""doppler"": 0.0, ""angle"": 21.976998711000807, ""elevation"": 0.0}]",1785085666355.165
8,"[{""range"": 1.4746225316246862, ""doppler"": 0.0, ""angle"": -38.21927214667354, ""elevation"": 0.0}, {""range"": 1.490569499900011, ""doppler"": 0.0, ""angle"": -39.95341948476038, ""elevation"": 0.0}, {""range"": 0.907078269689344, ""doppler"": 0.0, ""angle"": -2.203032256876095, ""elevation"": 0.0}, {""range"": 0.9218108754682536, ""doppler"": 0.0, ""angle"": -0.4223472718921258, ""elevation"": 0.0}, {""range"": 0.9411387780692032, ""doppler"": 0.0, ""angle"": 2.787928800323722, ""elevation"": 0.0}, {""range"": 0.9650915375162799, ""doppler"": 0.0, ""angle"": 4.005443735151275, ""elevation"": 0.0}, {""range"": 1.1269434803388134, ""doppler"": 0.0, ""angle"": 16.557306896140418, ""elevation"": 0.0}, {""range"": 1.122864047633947, ""doppler"": 0.0, ""angle"": 15.054255793406993, ""elevation"": 0.0}]",1785085666355.187
9,"[{""range"": 1.4743407433470097, ""doppler"": 0.0, ""angle"": -40.00131341248832, ""elevation"": 0.0}, {""range"": 1.4893507374635802, ""doppler"": 0.0, ""angle"": -39.35813582217637, ""elevation"": 0.0}, {""range"": 0.9115738824993327, ""doppler"": 0.0, ""angle"": -2.754644274989563, ""elevation"": 0.0}, {""range"": 0.9221917416324773, ""doppler"": 0.0, ""angle"": -1.700035221555902, ""elevation"": 0.0}, {""range"": 0.932621161157884, ""doppler"": 0.0, ""angle"": -1.4172704289755693, ""elevation"": 0.0}, {""range"": 0.9586243203809619, ""doppler"": 0.0, ""angle"": -1.5712573417371318, ""elevation"": 0.0}, {""range"": 1.1280875675806346, ""doppler"": 0.0, ""angle"": 17.88064833387961, ""elevation"": 0.0}, {""range"": 1.1179335057287647, ""doppler"": 0.0, ""angle"": 20.290034076416674, ""elevation"": 0.0}, {""range"": 1.0830097658849844, ""doppler"": 0.0, ""angle"": 26.696201296165995, ""elevation"": 0.0}]",1785085666355.21
8,"[{""range"": 1.4740781413607027, ""doppler"": 0.0, ""angle"": -38.750986456541035, ""elevation"": 0.0}, {""range"": 1.488218885459647, ""doppler"": 0.0, ""angle"": -39.20706312677753, ""elevation"": 0.0}, {""range"": 0.9296523203953174, ""doppler"": 0.0, ""angle"": -4.633682155583493, ""elevation"": 0.0}, {""range"": 0.9119593570837135, ""doppler"": 0.0, ""angle"": -3.012197039098463, ""elevation"": 0.0}, {""range"": 0.920690704359652, ""doppler"": 0.0, ""angle"": -2.9613193399497963, ""elevation"": 0.0}, {""range"": 1.113491296945816, ""doppler"": 0.0, ""angle"": 24.59777471683502, ""elevation"": 0.0}, {""range"": 1.1346055397426413, ""doppler"": 0.0, ""angle"": 22.19545952867895, ""elevation"": 0.0}, {""range"": 1.077361255241127, ""doppler"": 0.0, ""angle"": 29.304915354159633, ""elevation"": 0.0}]",1785085666355.232
8,"[{""range"": 1.4759577809995184, ""doppler"": 0.0, ""angle"": -38.11668004730299, ""elevation"": 0.0}, {""range"": 1.4911730558397465, ""doppler"": 0.0, ""angle"": -38.8229060866049, ""elevation"": 0.0}, {""range"": 0.9157056164586278, ""doppler"": 0.0, ""angle"": -1.6001496764995855, ""elevation"": 0.0}, {""range"": 0.925157185682987, ""doppler"": 0.0, ""angle"": -1.0410227339753482, ""elevation"": 0.0}, {""range"": 0.928824536402286, ""doppler"": 0.0, ""angle"": -1.3127295752213908, ""elevation"": 0.0}, {""range"": 1.103292176123743, ""doppler"": 0.0, ""angle"": 23.922888817318235, ""elevation"": 0.0}, {""range"": 1.1318284876684095, ""doppler"": 0.0, ""angle"": 22.44857346394782, ""elevation"": 0.0}, {""range"": 1.0732414274762114, ""doppler"": 0.0, ""angle"": 30.69690095786406, ""elevation"": 0.0}]",1785085666355.253
8,"[{""range"": 1.474170065510658, ""doppler"": 0.0, ""angle"": -38.11819225052578, ""elevation"": 0.0}, {""range"": 1.492262706767413, ""doppler"": 0.0, ""angle"": -39.461860314746666, ""elevation"": 0.0}, {""range"": 0.9407049466439228, ""doppler"": 0.0, ""angle"": 9.673599437358536, ""elevation"": 0.0}, {""range"": 0.9412239644832072, ""doppler"": 0.0, ""angle"": 8.191677590539612, ""elevation"": 0.0}, {""range"": 0.9202051380653289, ""doppler"": 0.0, ""angle"": 16.272674447309864, ""elevation"": 0.0}, {""range"": 0.96373872965595, ""doppler"": 0.0, ""angle"": 16.525124414279095, ""elevation"": 0.0}, {""range"": 1.1434013708679083, ""doppler"": 0.0, ""angle"": 24.0998668447078, ""elevation"": 0.0}, {""range"": 1.1181997098309542, ""doppler"": 0.0, ""angle"": 27.950143159446316, ""elevation"": 0.0}]",1785085666355.275
8,"[{""range"": 1.4778237683750264, ""doppler"": 0.0, ""angle"": -40.03280729866783, ""elevation"": 0.0}, {""range"": 1.4977654104632758, ""doppler"": 0.0, ""angle"": -40.196190214681664, ""elevation"": 0.0}, {""range"": 0.914285997984589, ""doppler"": 0.0, ""angle"": 14.949462865000882, ""elevation"": 0.0}, {""range"": 0.9286457005452834, ""doppler"": 0.0, ""angle"": 15.478638165418356, ""elevation"": 0.0}, {""range"": 0.9337521200945323, ""doppler"": 0.0, ""angle"": 14.91445447283399, ""elevation"": 0.0}, {""range"": 1.1157509502301781, ""doppler"": 0.0, ""angle"": 21.36318657027221, ""elevation"": 0.0}, {""range"": 1.1250187496463766, ""doppler"": 0.0, ""angle"": 21.667813713540873, ""elevation"": 0.0}, {""range"": 1.0828184356016264, ""doppler"": 0.0, ""angle"": 29.490214201280377, ""elevation"": 0.0}]",1785085666355.295
5,"[{""range"": 0.906790919821935, ""doppler"": 0.0, ""angle"": 10.199748238062051, ""elevation"": 0.0}, {""range"": 0.919324086795985, ""doppler"": 0.0, ""angle"": 8.095429223402448, ""elevation"": 0.0}, {""range"": 0.9308378980223068, ""doppler"": 0.0, ""angle"": 4.440069265657993, ""elevation"": 0.0}, {""range"": 1.1165718235420121, ""doppler"": 0.0, ""angle"": 14.031792618909325, ""elevation"": 0.0}, {""range"": 1.1293912015032541, ""doppler"": 0.0, ""angle"": 16.142274993011327, ""elevation"": 0.0}]",1785085666355.312
3,"[{""range"": 0.9074414648765605, ""doppler"": 0.0, ""angle"": 1.004887960341639, ""elevation"": 0.0}, {""range"": 0.9185578343642005, ""doppler"": 0.0, ""angle"": 1.9411085177155918, ""elevation"": 0.0}, {""range"": 0.927561516531786, ""doppler"": 0.0, ""angle"": 2.0438315806120158, ""elevation"": 0.0}]",1785085666355.3281
3,"[{""range"": 0.9031916603963687, ""doppler"": 0.0, ""angle"": -2.5531146853276563, ""elevation"": 0.0}, {""range"": 0.9135526904858515, ""doppler"": 0.0, ""angle"": -2.5241397576717595, ""elevation"": 0.0}, {""range"": 0.9290457914475548, ""doppler"": 0.0, ""angle"": 4.581396247400929, ""elevation"": 0.0}]",1785085666355.342
8,"[{""range"": 1.4785769689631767, ""doppler"": 0.0, ""angle"": -39.60240485889833, ""elevation"": 0.0}, {""range"": 1.4916382418427379, ""doppler"": 0.0, ""angle"": -40.63928918818394, ""elevation"": 0.0}, {""range"": 0.9242295161779445, ""doppler"": 0.0, ""angle"": -12.038238638173233, ""elevation"": 0.0}, {""range"": 0.9046119706860438, ""doppler"": 0.0, ""angle"": -5.216987107458433, ""elevation"": 0.0}, {""range"": 0.9130777558598934, ""doppler"": 0.0, ""angle"": -8.128515521145804, ""elevation"": 0.0}, {""range"": 0.9873593965036473, ""doppler"": 0.0, ""angle"": 16.908954119710486, ""elevation"": 0.0}, {""range"": 1.1204032226133396, ""doppler"": 0.0, ""angle"": 17.278199812606356, ""elevation"": 0.0}, {""range"": 1.1325073068044482, ""doppler"": 0.0, ""angle"": 15.804977532686038, ""elevation"": 0.0}]",1785085666355.363
6,"[{""range"": 0.903119774602075, ""doppler"": 0.0, ""angle"": -5.658668216579727, ""elevation"": 0.0}, {""range"": 0.91217110237263, ""doppler"": 0.0, ""angle"": -7.9664958766474685, ""elevation"": 0.0}, {""range"": 0.9262313940716079, ""doppler"": 0.0, ""angle"": -10.56801420900933, ""elevation"": 0.0}, {""range"": 0.9904955931370735, ""doppler"": 0.0, ""angle"": 28.216688950075632, ""elevation"": 0.0}, {""range"": 1.0447723593975238, ""doppler"": 0.0, ""angle"": 29.20604633542265, ""elevation"": 0.0}, {""range"": 1.2375364114732799, ""doppler"": 0.0, ""angle"": 33.97937970736527, ""elevation"": 0.0}]",1785085666355.3801
4,"[{""range"": 0.9232079615259606, ""doppler"": 0.0, ""angle"": -12.426493925915667, ""elevation"": 0.0}, {""range"": 0.8985824361440354, ""doppler"": 0.0, ""angle"": -5.7446282083511955, ""elevation"": 0.0}, {""range"": 0.9037324879094676, ""doppler"": 0.0, ""angle"": -9.130576232360756, ""elevation"": 0.0}, {""range"": 0.9830831043795337, ""doppler"": 0.0, ""angle"": 24.569879367802812, ""elevation"": 0.0}]",1785085666355.395
5,"[{""range"": 1.470179166481101, ""doppler"": 0.0, ""angle"": -39.55663126768876, ""elevation"": 0.0}, {""range"": 0.9206093139726315, ""doppler"": 0.0, ""angle"": -12.416548393508872, ""elevation"": 0.0}, {""range"": 0.903351997677813, ""doppler"": 0.0, ""angle"": -5.338181457925081, ""elevation"": 0.0}, {""range"": 0.9087751287309506, ""doppler"": 0.0, ""angle"": -7.73470142618454, ""elevation"": 0.0}, {""range"": 0.8812290307411258, ""doppler"": 0.0, ""angle"": -3.3036513406651786, ""elevation"": 0.0}]",1785085666355.412
8,"[{""range"": 1.472710455835694, ""doppler"": 0.0, ""angle"": -39.93650719683495, ""elevation"": 0.0}, {""range"": 0.9007822002748966, ""doppler"": 0.0, ""angle"": -5.422000315261462, ""elevation"": 0.0}, {""range"": 0.9093669610563438, ""doppler"": 0.0, ""angle"": -7.1501699784469, ""elevation"": 0.0}, {""range"": 0.9221899386759423, ""doppler"": 0.0, ""angle"": -8.620308217809306, ""elevation"": 0.0}, {""range"": 1.1130702054970496, ""doppler"": 0.0, ""angle"": 17.762555515701948, ""elevation"": 0.0}, {""range"": 1.1435272452521033, ""doppler"": 0.0, ""angle"": 19.236771040875073, ""elevation"": 0.0}, {""range"": 0.9896692845947053, ""doppler"": 0.0, ""angle"": 30.475517618248404, ""elevation"": 0.0}, {""range"": 1.0491193345081005, ""doppler"": 0.0, ""angle"": 32.70412808252873, ""elevation"": 0.0}]",1785085666355.431
9,"[{""range"": 1.478771398560003, ""doppler"": 0.0, ""angle"": -38.534295067074126, ""elevation"": 0.0}, {""range"": 1.4915887350966932, ""doppler"": 0.0, ""angle"": -38.2918656538976, ""elevation"": 0.0}, {""range"": 0.9044174053272647, ""doppler"": 0.0, ""angle"": -11.518764557182541, ""elevation"": 0.0}, {""range"": 0.8974574456771934, ""doppler"": 0.0, ""angle"": -7.049970021854821, ""elevation"": 0.0}, {""range"": 0.9946775151977836, ""doppler"": 0.0, ""angle"": 14.35350920268001, ""elevation"": 0.0}, {""range"": 0.9551259723424655, ""doppler"": 0.0, ""angle"": 23.805654871823936, ""elevation"": 0.0}, {""range"": 1.1040111468812457, ""doppler"": 0.0, ""angle"": 22.332182045741188, ""elevation"": 0.0}, {""range"": 1.123011029960557, ""doppler"": 0.0, ""angle"": 20.174847793630267, ""elevation"": 0.0}, {""range"": 1.071892399678101, ""doppler"": 0.0, ""angle"": 28.779806304397212, ""elevation"": 0.0}]",1785085666355.4602
7,"[{""range"": 1.4787424568424496, ""doppler"": 0.0, ""angle"": -38.765847307977694, ""elevation"": 0.0}, {""range"": 1.4932625322603488, ""doppler"": 0.0, ""angle"": -39.27058005192323, ""elevation"": 0.0}, {""range"": 0.8850835477847071, ""doppler"": 0.0, ""angle"": 6.694283106455913, ""elevation"": 0.0}, {""range"": 0.9122985640583746, ""doppler"": 0.0, ""angle"": 22.458322808897258, ""elevation"": 0.0}, {""range"": 0.9415380259575522, ""doppler"": 0.0, ""angle"": 30.368443807866534, ""elevation"": 0.0}, {""range"": 1.0696469600047662, ""doppler"": 0.0, ""angle"": 33.573180897584486, ""elevation"": 0.0}, {""range"": 1.235193541057887, ""doppler"": 0.0, ""angle"": 33.832697052679954, ""elevation"": 0.0}]",1785085666355.4822
10,"[{""range"": 1.4761951398021402, ""doppler"": 0.0, ""angle"": -38.33030153925185, ""elevation"": 0.0}, {""range"": 0.8773739429198227, ""doppler"": 0.0, ""angle"": -2.9790317598887484, ""elevation"": 0.0}, {""range"": 0.8954993261692712, ""doppler"": 0.0, ""angle"": -2.288780967475126, ""elevation"": 0.0}, {""range"": 0.9071744792036245, ""doppler"": 0.0, ""angle"": 0.6098669909589209, ""elevation"": 0.0}, {""range"": 0.9314914893510877, ""doppler"": 0.0, ""angle"": 4.801091101284626, ""elevation"": 0.0}, {""range"": 0.9675364882176875, ""doppler"": 0.0, ""angle"": 3.793648030072631, ""elevation"": 0.0}, {""range"": 1.1155060466212674, ""doppler"": 0.0, ""angle"": 21.456895347570804, ""elevation"": 0.0}, {""range"": 1.1364723258717884, ""doppler"": 0.0, ""angle"": 21.875067316941227, ""elevation"": 0.0}, {""range"": 1.082670042776887, ""doppler"": 0.0, ""angle"": 27.182931183620262, ""elevation"": 0.0}, {""range"": 1.178139106189777, ""doppler"": 0.0, ""angle"": 26.03613421621915, ""elevation"": 0.0}]",1785085666355.5078
7,"[{""range"": 0.9141620662519863, ""doppler"": 0.0, ""angle"": -14.789197744096889, ""elevation"": 0.0}, {""range"": 0.8964862054361828, ""doppler"": 0.0, ""angle"": -5.551391222476425, ""elevation"": 0.0}, {""range"": 0.8958823841687956, ""doppler"": 0.0, ""angle"": -8.193176690067746, ""elevation"": 0.0}, {""range"": 0.8805515132187636, ""doppler"": 0.0, ""angle"": -2.921670089322538, ""elevation"": 0.0}, {""range"": 1.1171532885728142, ""doppler"": 0.0, ""angle"": 15.884929432228489, ""elevation"": 0.0}, {""range"": 0.983165030531561, ""doppler"": 0.0, ""angle"": 19.05448101812937, ""elevation"": 0.0}, {""range"": 1.1374467368060057, ""doppler"": 0.0, ""angle"": 19.639888491634636, ""elevation"": 0.0}]",1785085666355.53
4,"[{""range"": 0.8948281647049197, ""doppler"": 0.0, ""angle"": -3.6663231848611537, ""elevation"": 0.0}, {""range"": 0.9088549579179427, ""doppler"": 0.0, ""angle"": -4.502454955522058, ""elevation"": 0.0}, {""range"": 0.8800844193993469, ""doppler"": 0.0, ""angle"": -3.4245664868385526, ""elevation"": 0.0}, {""range"": 0.8924898674090592, ""doppler"": 0.0, ""angle"": -2.848073829205812, ""elevation"": 0.0}]",1785085666355.546
7,"[{""range"": 1.4772698330985736, ""doppler"": 0.0, ""angle"": -39.07031014219591, ""elevation"": 0.0}, {""range"": 1.4921410939760669, ""doppler"": 0.0, ""angle"": -40.1000782822875, ""elevation"": 0.0}, {""range"": 0.9037501956296154, ""doppler"": 0.0, ""angle"": -2.823909515052155, ""elevation"": 0.0}, {""range"": 0.908516735246068, ""doppler"": 0.0, ""angle"": -1.5225653542810067, ""elevation"": 0.0}, {""range"": 0.9213460975049529, ""doppler"": 0.0, ""angle"": 1.4012480767588087, ""elevation"": 0.0}, {""range"": 0.9880881996124561, ""doppler"": 0.0, ""angle"": 25.09957854441201, ""elevation"": 0.0}, {""range"": 1.0424390757271536, ""doppler"": 0.0, ""angle"": 27.158426988174096, ""elevation"": 0.0}]",1785085666355.5652
8,"[{""range"": 1.4769255300825295, ""doppler"": 0.0, ""angle"": -38.60022335161528, ""elevation"": 0.0}, {""range"": 1.4907962319885038, ""doppler"": 0.0, ""angle"": -39.69558163297853, ""elevation"": 0.0}, {""range"": 0.8901243601363791, ""doppler"": 0.0, ""angle"": -19.479619162701336, ""elevation"": 0.0}, {""range"": 0.9580230672810452, ""doppler"": 0.0, ""angle"": 3.938564183290821, ""elevation"": 0.0}, {""range"": 0.9341392761834258, ""doppler"": 0.0, ""angle"": 11.729366998305725, ""elevation"": 0.0}, {""range"": 0.9919092611152572, ""doppler"": 0.0, ""angle"": 11.437548812723312, ""elevation"": 0.0}, {""range"": 1.0402775224681036, ""doppler"": 0.0, ""angle"": 22.82744371940909, ""elevation"": 0.0}, {""range"": 1.2393399647994787, ""doppler"": 0.0, ""angle"": 29.472134200976242, ""elevation"": 0.0}]",1785085666355.5852
6,"[{""range"": 1.4782422064506693, ""doppler"": 0.0, ""angle"": -39.37962100310604, ""elevation"": 0.0}, {""range"": 1.492500311126724, ""doppler"": 0.0, ""angle"": -39.570022419909215, ""elevation"": 0.0}, {""range"": 0.8671995953429117, ""doppler"": 0.0, ""angle"": -6.761601357041377, ""elevation"": 0.0}, {""range"": 0.8834643497196157, ""doppler"": 0.0, ""angle"": -6.69493208721615, ""elevation"": 0.0}, {""range"": 0.8975516406039454, ""doppler"": 0.0, ""angle"": -6.911227119024681, ""elevation"": 0.0}, {""range"": 0.9251576868183796, ""doppler"": 0.0, ""angle"": -3.7124187623416374, ""elevation"": 0.0}]",1785085666355.605
6,"[{""range"": 1.4729645752519602, ""doppler"": 0.0, ""angle"": -40.465496093411616, ""elevation"": 0.0}, {""range"": 1.491055589400631, ""doppler"": 0.0, ""angle"": -41.8743412227979, ""elevation"": 0.0}, {""range"": 0.8928562930979735, ""doppler"": 0.0, ""angle"": -15.781473455560079, ""elevation"": 0.0}, {""range"": 0.8745412405525345, ""doppler"": 0.0, ""angle"": -7.672832693671803, ""elevation"": 0.0}, {""range"": 0.9459438304211635, ""doppler"": 0.0, ""angle"": 14.74025521166368, ""elevation"": 0.0}, {""range"": 1.2866516976288398, ""doppler"": 0.0, ""angle"": 30.481694014493133, ""elevation"": 0.0}]",1785085666355.625
5,"[{""range"": 1.4757462866821782, ""doppler"": 0.0, ""angle"": -38.975320011466735, ""elevation"": 0.0}, {""range"": 1.4919866182624186, ""doppler"": 0.0, ""angle"": -39.47058899629267, ""elevation"": 0.0}, {""range"": 0.8849454458295686, ""doppler"": 0.0, ""angle"": -5.984766602192621, ""elevation"": 0.0}, {""range"": 0.9075860610664965, ""doppler"": 0.0, ""angle"": -1.433788930017303, ""elevation"": 0.0}, {""range"": 0.9445930494458448, ""doppler"": 0.0, ""angle"": 6.925909977917895, ""elevation"": 0.0}]",1785085666355.6428
7,"[{""range"": 1.475928101695236, ""doppler"": 0.0, ""angle"": -40.632164401538574, ""elevation"": 0.0}, {""range"": 1.4895581965244475, ""doppler"": 0.0, ""angle"": -42.55776892103378, ""elevation"": 0.0}, {""range"": 0.8723852464398189, ""doppler"": 0.0, ""angle"": -3.6195560078675864, ""elevation"": 0.0}, {""range"": 0.8888779343869427, ""doppler"": 0.0, ""angle"": -3.80640779572872, ""elevation"": 0.0}, {""range"": 0.9057121178250371, ""doppler"": 0.0, ""angle"": -1.1991441242585787, ""elevation"": 0.0}, {""range"": 0.9666584869913671, ""doppler"": 0.0, ""angle"": 3.106929529596427, ""elevation"": 0.0}, {""range"": 0.9336611664011082, ""doppler"": 0.0, ""angle"": 4.107507478720959, ""elevation"": 0.0}]",1785085666355.665
11,"[{""range"": 1.4763929258971429, ""doppler"": 0.0, ""angle"": -39.77180811472766, ""elevation"": 0.0}, {""range"": 0.8697578144039978, ""doppler"": 0.0, ""angle"": -4.0319046250803865, ""elevation"": 0.0}, {""range"": 0.9078552502051191, ""doppler"": 0.0, ""angle"": -3.6136436423084835, ""elevation"": 0.0}, {""range"": 0.8910910521049322, ""doppler"": 0.0, ""angle"": -3.5089183253691445, ""elevation"": 0.0}, {""range"": 0.9355917565558576, ""doppler"": 0.0, ""angle"": 1.6647242220042089, ""elevation"": 0.0}, {""range"": 0.973319214960563, ""doppler"": 0.0, ""angle"": 3.5073911592958478, ""elevation"": 0.0}, {""range"": 1.1137445098625067, ""doppler"": 0.0, ""angle"": 25.12915082681247, ""elevation"": 0.0}, {""range"": 1.1477709173108728, ""doppler"": 0.0, ""angle"": 25.071897409535378, ""elevation"": 0.0}, {""range"": 1.0615080131100514, ""doppler"": 0.0, ""angle"": 31.344464781537102, ""elevation"": 0.0}, {""range"": 1.1934163748757478, ""doppler"": 0.0, ""angle"": 32.063622628472196, ""elevation"": 0.0}, {""range"": 1.2251072467627033, ""doppler"": 0.0, ""angle"": 32.00361030549218, ""elevation"": 0.0}]",1785085666355.6921
8,"[{""range"": 1.4719654729417666, ""doppler"": 0.0, ""angle"": -40.847408374081816, ""elevation"": 0.0}, {""range"": 0.8774653197970669, ""doppler"": 0.0, ""angle"": -6.24735502535075, ""elevation"": 0.0}, {""range"": 0.8871275021124976, ""doppler"": 0.0, ""angle"": -6.109351902176024, ""elevation"": 0.0}, {""range"": 0.8864756295799415, ""doppler"": 0.0, ""angle"": -6.5673724308162456, ""elevation"": 0.0}, {""range"": 0.9905770676286718, ""doppler"": 0.0, ""angle"": 7.603528448427059, ""elevation"": 0.0}, {""range"": 0.9480668930840674, ""doppler"": 0.0, ""angle"": 14.460843027216951, ""elevation"": 0.0}, {""range"": 1.111878286375162, ""doppler"": 0.0, ""angle"": 27.94565341956492, ""elevation"": 0.0}, {""range"": 1.1359184558125572, ""doppler"": 0.0, ""angle"": 31.160201970508915, ""elevation"": 0.0}]",1785085666355.715
8,"[{""range"": 0.8784033003162619, ""doppler"": 0.0, ""angle"": -2.6835931166920948, ""elevation"": 0.0}, {""range"": 0.8979103921351891, ""doppler"": 0.0, ""angle"": -2.9108378261677537, ""elevation"": 0.0}, {""range"": 0.9100754467232359, ""doppler"": 0.0, ""angle"": -1.3960830494203236, ""elevation"": 0.0}, {""range"": 0.9280451632644695, ""doppler"": 0.0, ""angle"": 0.07727749776366151, ""elevation"": 0.0}, {""range"": 0.974581710808089, ""doppler"": 0.0, ""angle"": 1.2300562082765985, ""elevation"": 0.0}, {""range"": 1.0686635977053338, ""doppler"": 0.0, ""angle"": 13.094498967682098, ""elevation"": 0.0}, {""range"": 1.095749875287153, ""doppler"": 0.0, ""angle"": 18.56504532235744, ""elevation"": 0.0}, {""range"": 1.116481959392314, ""doppler"": 0.0, ""angle"": 19.380989074985216, ""elevation"": 0.0}]",1785085666355.7388
8,"[{""range"": 0.8749883997158927, ""doppler"": 0.0, ""angle"": -3.12787000985485, ""elevation"": 0.0}, {""range"": 0.8884776594410341, ""doppler"": 0.0, ""angle"": -3.195821126848719, ""elevation"": 0.0}, {""range"": 0.8965700175256693, ""doppler"": 0.0, ""angle"": -3.4302083569093145, ""elevation"": 0.0}, {""range"": 0.9253829801666205, ""doppler"": 0.0, ""angle"": -1.638790418086159, ""elevation"": 0.0}, {""range"": 1.0104096191449932, ""doppler"": 0.0, ""angle"": 5.769111733968148, ""elevation"": 0.0}, {""range"": 1.0770592048887648, ""doppler"": 0.0, ""angle"": 12.785714600454288, ""elevation"": 0.0}, {""range"": 1.0948619643979018, ""doppler"": 0.0, ""angle"": 15.681895014961784, ""elevation"": 0.0}, {""range"": 1.1142580518019223, ""doppler"": 0.0, ""angle"": 17.376513572755766, ""elevation"": 0.0}]",1785085666355.762
7,"[{""range"": 0.8740977118264462, ""doppler"": 0.0, ""angle"": -4.823017551609216, ""elevation"": 0.0}, {""range"": 0.8860934847326128, ""doppler"": 0.0, ""angle"": -6.3491296473949514, ""elevation"": 0.0}, {""range"": 0.8941443769715621, ""doppler"": 0.0, ""angle"": -7.8967592172497785, ""elevation"": 0.0}, {""range"": 0.9216547728534612, ""doppler"": 0.0, ""angle"": -9.266780468883423, ""elevation"": 0.0}, {""range"": 1.1121641529655908, ""doppler"": 0.0, ""angle"": 16.87042076675095, ""elevation"": 0.0}, {""range"": 1.1301968774453015, ""doppler"": 0.0, ""angle"": 21.885576331696143, ""elevation"": 0.0}, {""range"": 1.0007523882844762, ""doppler"": 0.0, ""angle"": 27.902061069445548, ""elevation"": 0.0}]",1785085666355.783
6,"[{""range"": 0.8737521827821333, ""doppler"": 0.0, ""angle"": -6.285806869376658, ""elevation"": 0.0}, {""range"": 0.8886016290222749, ""doppler"": 0.0, ""angle"": -5.7977837962973595, ""elevation"": 0.0}, {""range"": 0.8942024311204363, ""doppler"": 0.0, ""angle"": -5.220361638612238, ""elevation"": 0.0}, {""range"": 0.9247023192910911, ""doppler"": 0.0, ""angle"": -2.0501538412092457, ""elevation"": 0.0}, {""range"": 1.0973975481198681, ""doppler"": 0.0, ""angle"": 13.033103673769688, ""elevation"": 0.0}, {""range"": 2.0581016604615825, ""doppler"": 0.0, ""angle"": 43.693968385360485, ""elevation"": 0.0}]",1785085666355.802
5,"[{""range"": 0.9041560336510812, ""doppler"": 0.0, ""angle"": -1.7679668821451353, ""elevation"": 0.0}, {""range"": 0.9158738174991863, ""doppler"": 0.0, ""angle"": -1.096329057195106, ""elevation"": 0.0}, {""range"": 0.9334155882660691, ""doppler"": 0.0, ""angle"": 0.21952298525964845, ""elevation"": 0.0}, {""range"": 1.1004431217583646, ""doppler"": 0.0, ""angle"": 26.427651489592698, ""elevation"": 0.0}, {""range"": 1.0789131075283052, ""doppler"": 0.0, ""angle"": 35.584040735376085, ""elevation"": 0.0}]",1785085666355.818
7,"[{""range"": 0.9004891485081729, ""doppler"": 0.0, ""angle"": -3.9397066753122743, ""elevation"": 0.0}, {""range"": 0.9069220110250666, ""doppler"": 0.0, ""angle"": -2.9836940114544155, ""elevation"": 0.0}, {""range"": 0.9218555506398372, ""doppler"": 0.0, ""angle"": -3.269219847524915, ""elevation"": 0.0}, {""range"": 1.0191802741755305, ""doppler"": 0.0, ""angle"": 25.904182841064, ""elevation"": 0.0}, {""range"": 1.0691709804283243, ""doppler"": 0.0, ""angle"": 25.87079865145653, ""elevation"": 0.0}, {""range"": 1.100629180349348, ""doppler"": 0.0, ""angle"": 23.77062477296361, ""elevation"": 0.0}, {""range"": 1.1276968214942087, ""doppler"": 0.0, ""angle"": 24.31763689685909, ""elevation"": 0.0}]",1785085666355.837
9,"[{""range"": 0.8995998238879139, ""doppler"": 0.0, ""angle"": -4.560298328630784, ""elevation"": 0.0}, {""range"": 0.8616381683808481, ""doppler"": 0.0, ""angle"": -2.224076594899259, ""elevation"": 0.0}, {""range"": 0.9317136896943854, ""doppler"": 0.0, ""angle"": -2.3868595836283717, ""elevation"": 0.0}, {""range"": 0.9415586732766816, ""doppler"": 0.0, ""angle"": -0.8487642715535872, ""elevation"": 0.0}, {""range"": 0.9741837134033096, ""doppler"": 0.0, ""angle"": 9.583348750795341, ""elevation"": 0.0}, {""range"": 1.050354770180694, ""doppler"": 0.0, ""angle"": 24.73699016779327, ""elevation"": 0.0}, {""range"": 1.1047437449781425, ""doppler"": 0.0, ""angle"": 24.764777091676525, ""elevation"": 0.0}, {""range"": 1.1459202913312863, ""doppler"": 0.0, ""angle"": 27.87263648270701, ""elevation"": 0.0}, {""range"": 1.1824967504971589, ""doppler"": 0.0, ""angle"": 30.838942272064276, ""elevation"": 0.0}]",1785085666355.86
7,"[{""range"": 0.8777938881743195, ""doppler"": 0.0, ""angle"": -1.996252247212225, ""elevation"": 0.0}, {""range"": 0.8937488397497122, ""doppler"": 0.0, ""angle"": -2.3506295890042734, ""elevation"": 0.0}, {""range"": 0.9026008269768211, ""doppler"": 0.0, ""angle"": -2.475254492718765, ""elevation"": 0.0}, {""range"": 0.9207946415955099, ""doppler"": 0.0, ""angle"": -3.284135442765165, ""elevation"": 0.0}, {""range"": 1.0026230601980322, ""doppler"": 0.0, ""angle"": 18.218446710426445, ""elevation"": 0.0}, {""range"": 1.0530237815705588, ""doppler"": 0.0, ""angle"": 25.142089485581263, ""elevation"": 0.0}, {""range"": 1.1974199910729884, ""doppler"": 0.0, ""angle"": 43.50545604207183, ""elevation"": 0.0}]",1785085666355.8809
6,"[{""range"": 0.8760131690150806, ""doppler"": 0.0, ""angle"": -1.1696165899003366, ""elevation"": 0.0}, {""range"": 0.8935633059900631, ""doppler"": 0.0, ""angle"": 0.47009690757673317, ""elevation"": 0.0}, {""range"": 0.9033407595972969, ""doppler"": 0.0, ""angle"": 2.7570603571306465, ""elevation"": 0.0}, {""range"": 0.9187689811630745, ""doppler"": 0.0, ""angle"": 4.3978501047528376, ""elevation"": 0.0}, {""range"": 1.085706672368845, ""doppler"": 0.0, ""angle"": 12.749891473359233, ""elevation"": 0.0}, {""range"": 1.2001092106842157, ""doppler"": 0.0, ""angle"": 50.85354997931345, ""elevation"": 0.0}]",1785085666355.9011
7,"[{""range"": 0.8735431306506525, ""doppler"": 0.0, ""angle"": -0.5277865202051912, ""elevation"": 0.0}, {""range"": 0.8890939000393133, ""doppler"": 0.0, ""angle"": 1.694169981401877, ""elevation"": 0.0}, {""range"": 0.9029768179807808, ""doppler"": 0.0, ""angle"": 5.203673973104806, ""elevation"": 0.0}, {""range"": 0.9254648144712603, ""doppler"": 0.0, ""angle"": 9.868177966443788, ""elevation"": 0.0}, {""range"": 0.9774035077760627, ""doppler"": 0.0, ""angle"": 10.179214479135153, ""elevation"": 0.0}, {""range"": 1.0886895160036403, ""doppler"": 0.0, ""angle"": 15.070235674650514, ""elevation"": 0.0}, {""range"": 1.1288798278796237, ""doppler"": 0.0, ""angle"": 24.340302425377086, ""elevation"": 0.0}]",1785085666355.92
8,"[{""range"": 0.8681741353841416, ""doppler"": 0.0, ""angle"": 0.4956462846360396, ""elevation"": 0.0}, {""range"": 0.8816504762752128, ""doppler"": 0.0, ""angle"": 2.9529326448965603, ""elevation"": 0.0}, {""range"": 0.9875112485325865, ""doppler"": 0.0, ""angle"": 9.168955098135504, ""elevation"": 0.0}, {""range"": 0.9069844824677268, ""doppler"": 0.0, ""angle"": 11.002000808219258, ""elevation"": 0.0}, {""range"": 0.9330100031355405, ""doppler"": 0.0, ""angle"": 14.393122339546663, ""elevation"": 0.0}, {""range"": 1.0620578326678378, ""doppler"": 0.0, ""angle"": 15.407410729413888, ""elevation"": 0.0}, {""range"": 1.1015734425100236, ""doppler"": 0.0, ""angle"": 19.86153215764091, ""elevation"": 0.0}, {""range"": 1.1275018301391446, ""doppler"": 0.0, ""angle"": 24.47177958026071, ""elevation"": 0.0}]",1785085666355.983
6,"[{""range"": 0.865107801817997, ""doppler"": 0.0, ""angle"": -0.21317058135339687, ""elevation"": 0.0}, {""range"": 0.8840654406527698, ""doppler"": 0.0, ""angle"": 1.1821444899901334, ""elevation"": 0.0}, {""range"": 0.9038496071573202, ""doppler"": 0.0, ""angle"": 4.516070037733119, ""elevation"": 0.0}, {""range"": 0.9219350969153302, ""doppler"": 0.0, ""angle"": 5.274917412087237, ""elevation"": 0.0}, {""range"": 1.0915507062464638, ""doppler"": 0.0, ""angle"": 21.618401048128735, ""elevation"": 0.0}, {""range"": 1.074254024983109, ""doppler"": 0.0, ""angle"": 27.081138560820456, ""elevation"": 0.0}]",1785085666356.013
5,"[{""range"": 0.8566019887829857, ""doppler"": 0.0, ""angle"": 4.453744511469382, ""elevation"": 0.0}, {""range"": 0.8819138952923143, ""doppler"": 0.0, ""angle"": 7.573148336085224, ""elevation"": 0.0}, {""range"": 0.9423028970172157, ""doppler"": 0.0, ""angle"": 7.129062089575281, ""elevation"": 0.0}, {""range"": 0.9141956957838622, ""doppler"": 0.0, ""angle"": 11.268173311106784, ""elevation"": 0.0}, {""range"": 1.1057609214815802, ""doppler"": 0.0, ""angle"": 20.89981143381501, ""elevation"": 0.0}]",1785085666356.032
3,"[{""range"": 0.8783072702364343, ""doppler"": 0.0, ""angle"": -8.570563952448145, ""elevation"": 0.0}, {""range"": 1.0012217571564335, ""doppler"": 0.0, ""angle"": 6.522125546636191, ""elevation"": 0.0}, {""range"": 0.9609600746416032, ""doppler"": 0.0, ""angle"": 13.110488375946353, ""elevation"": 0.0}]",1785085666356.046
5,"[{""range"": 0.8678558148652376, ""doppler"": 0.0, ""angle"": -7.756127403653636, ""elevation"": 0.0}, {""range"": 0.8760102672654985, ""doppler"": 0.0, ""angle"": -7.046682040829234, ""elevation"": 0.0}, {""range"": 0.8912847059379729, ""doppler"": 0.0, ""angle"": -7.6554120571729225, ""elevation"": 0.0}, {""range"": 0.9453923147068477, ""doppler"": 0.0, ""angle"": 5.230731175973007, ""elevation"": 0.0}, {""range"": 1.0790411264692592, ""doppler"": 0.0, ""angle"": 30.657626137952086, ""elevation"": 0.0}]",1785085666356.063
5,"[{""range"": 0.8618152708403949, ""doppler"": 0.0, ""angle"": -5.429061099801802, ""elevation"": 0.0}, {""range"": 0.8571158281115766, ""doppler"": 0.0, ""angle"": -8.059103902870962, ""elevation"": 0.0}, {""range"": 0.9497461200441663, ""doppler"": 0.0, ""angle"": 16.179514989025975, ""elevation"": 0.0}, {""range"": 0.9223031367061707, ""doppler"": 0.0, ""angle"": 27.956175696129332, ""elevation"": 0.0}, {""range"": 1.1846753511680743, ""doppler"": 0.0, ""angle"": 37.48738953540895, ""elevation"": 0.0}]",1785085666356.0781
8,"[{""range"": 0.8698861977651081, ""doppler"": 0.0, ""angle"": -3.984082186186451, ""elevation"": 0.0}, {""range"": 0.8775399447795093, ""doppler"": 0.0, ""angle"": -7.093158010444965, ""elevation"": 0.0}, {""range"": 0.8660121295318077, ""doppler"": 0.0, ""angle"": -2.0470974715022923, ""elevation"": 0.0}, {""range"": 0.9949206823843307, ""doppler"": 0.0, ""angle"": 12.265211230503958, ""elevation"": 0.0}, {""range"": 0.9132629138123052, ""doppler"": 0.0, ""angle"": 20.432622552038165, ""elevation"": 0.0}, {""range"": 0.9463803788685141, ""doppler"": 0.0, ""angle"": 18.87314891764926, ""elevation"": 0.0}, {""range"": 1.1113935224900426, ""doppler"": 0.0, ""angle"": 19.38532084996693, ""elevation"": 0.0}, {""range"": 1.183157971569843, ""doppler"": 0.0, ""angle"": 42.56842796996364, ""elevation"": 0.0}]",1785085666356.1
5,"[{""range"": 0.8636076234360286, ""doppler"": 0.0, ""angle"": -1.4949523384129728, ""elevation"": 0.0}, {""range"": 0.8727017682834584, ""doppler"": 0.0, ""angle"": -0.821809328252705, ""elevation"": 0.0}, {""range"": 0.9037579968227996, ""doppler"": 0.0, ""angle"": 16.541799863113837, ""elevation"": 0.0}, {""range"": 0.9260745346790619, ""doppler"": 0.0, ""angle"": 19.76098700734808, ""elevation"": 0.0}, {""range"": 1.2002593608326402, ""doppler"": 0.0, ""angle"": 47.1492441038249, ""elevation"": 0.0}]",1785085666356.117
5,"[{""range"": 0.8596128162338723, ""doppler"": 0.0, ""angle"": 0.6436118070490034, ""elevation"": 0.0}, {""range"": 0.8859735490945417, ""doppler"": 0.0, ""angle"": 8.60109661142018, ""elevation"": 0.0}, {""range"": 0.9118810093842644, ""doppler"": 0.0, ""angle"": 12.43375354244373, ""elevation"": 0.0}, {""range"": 0.9361063168966158, ""doppler"": 0.0, ""angle"": 12.140621209311727, ""elevation"": 0.0}, {""range"": 0.9880625217079689, ""doppler"": 0.0, ""angle"": 19.428531384168117, ""elevation"": 0.0}]",1785085666356.1333
7,"[{""range"": 0.8621917848235641, ""doppler"": 0.0, ""angle"": 1.5330687951635207, ""elevation"": 0.0}, {""range"": 0.8864026767207311, ""doppler"": 0.0, ""angle"": 5.0343238642022, ""elevation"": 0.0}, {""range"": 0.9109917847577681, ""doppler"": 0.0, ""angle"": 7.330071703352891, ""elevation"": 0.0}, {""range"": 0.938629905806691, ""doppler"": 0.0, ""angle"": 7.850703321654962, ""elevation"": 0.0}, {""range"": 0.9948119225966782, ""doppler"": 0.0, ""angle"": 16.939935795449088, ""elevation"": 0.0}, {""range"": 1.0602297974039163, ""doppler"": 0.0, ""angle"": 25.311703333989044, ""elevation"": 0.0}, {""range"": 1.0872861522854134, ""doppler"": 0.0, ""angle"": 25.262811260095216, ""elevation"": 0.0}]",1785085666356.152
7,"[{""range"": 0.8604672185754072, ""doppler"": 0.0, ""angle"": -0.3333881381260352, ""elevation"": 0.0}, {""range"": 0.8813119174050298, ""doppler"": 0.0, ""angle"": 2.7445582329262104, ""elevation"": 0.0}, {""range"": 0.9154848220662425, ""doppler"": 0.0, ""angle"": 7.666377682557939, ""elevation"": 0.0}, {""range"": 0.9521753518942604, ""doppler"": 0.0, ""angle"": 7.694898970610625, ""elevation"": 0.0}, {""range"": 1.0048869177394621, ""doppler"": 0.0, ""angle"": 11.131977213872732, ""elevation"": 0.0}, {""range"": 1.0604103682038881, ""doppler"": 0.0, ""angle"": 20.491589191034187, ""elevation"": 0.0}, {""range"": 1.081397281655097, ""doppler"": 0.0, ""angle"": 23.61907049035454, ""elevation"": 0.0}]",1785085666356.173
6,"[{""range"": 1.4966690198451422, ""doppler"": 0.0, ""angle"": -38.05149578419792, ""elevation"": 0.0}, {""range"": 0.8653984252744232, ""doppler"": 0.0, ""angle"": 4.610268657540319, ""elevation"": 0.0}, {""range"": 0.883858230934698, ""doppler"": 0.0, ""angle"": 9.14979594416714, ""elevation"": 0.0}, {""range"": 0.9007435794871915, ""doppler"": 0.0, ""angle"": 10.986482998658047, ""elevation"": 0.0}, {""range"": 0.9288552254357647, ""doppler"": 0.0, ""angle"": 11.40294853301699, ""elevation"": 0.0}, {""range"": 1.095191336740104, ""doppler"": 0.0, ""angle"": 19.62424831041809, ""elevation"": 0.0}]",1785085666356.189
4,"[{""range"": 0.856358152467699, ""doppler"": 0.0, ""angle"": 2.6449355063829354, ""elevation"": 0.0}, {""range"": 0.8835175504931663, ""doppler"": 0.0, ""angle"": 13.018084062745944, ""elevation"": 0.0}, {""range"": 0.896287967577668, ""doppler"": 0.0, ""angle"": 16.77916988401837, ""elevation"": 0.0}, {""range"": 0.9243654848135443, ""doppler"": 0.0, ""angle"": 15.01209428877851, ""elevation"": 0.0}]",1785085666356.205
3,"[{""range"": 0.858367977352295, ""doppler"": 0.0, ""angle"": -4.109427658240288, ""elevation"": 0.0}, {""range"": 0.8724194784782326, ""doppler"": 0.0, ""angle"": -5.4336516708162215, ""elevation"": 0.0}, {""range"": 0.8999434584917531, ""doppler"": 0.0, ""angle"": -8.466592652448174, ""elevation"": 0.0}]",1785085666356.2188
4,"[{""range"": 0.8615567291059112, ""doppler"": 0.0, ""angle"": 0.4875612822251871, ""elevation"": 0.0}, {""range"": 0.8748168698234235, ""doppler"": 0.0, ""angle"": 4.537031261155377, ""elevation"": 0.0}, {""range"": 0.8938358418344835, ""doppler"": 0.0, ""angle"": 14.244742473035556, ""elevation"": 0.0}, {""range"": 0.9215791923443576, ""doppler"": 0.0, ""angle"": 19.30683496078225, ""elevation"": 0.0}]",1785085666356.236
6,"[{""range"": 0.8569763905654884, ""doppler"": 0.0, ""angle"": 2.499419596520719, ""elevation"": 0.0}, {""range"": 0.8846134252145749, ""doppler"": 0.0, ""angle"": 8.40363148390423, ""elevation"": 0.0}, {""range"": 0.9132510974586033, ""doppler"": 0.0, ""angle"": 7.549421768263273, ""elevation"": 0.0}, {""range"": 0.9295175894977783, ""doppler"": 0.0, ""angle"": 4.6675309597389765, ""elevation"": 0.0}, {""range"": 1.0764170219119178, ""doppler"": 0.0, ""angle"": 25.24114420979733, ""elevation"": 0.0}, {""range"": 1.0815732246847085, ""doppler"": 0.0, ""angle"": 23.52198284778044, ""elevation"": 0.0}]",1785085666356.253
5,"[{""range"": 0.8651838807249632, ""doppler"": 0.0, ""angle"": -4.112614833437812, ""elevation"": 0.0}, {""range"": 0.8603084776673281, ""doppler"": 0.0, ""angle"": -3.1335892286998885, ""elevation"": 0.0}, {""range"": 0.8998669249768786, ""doppler"": 0.0, ""angle"": -3.3149807881067175, ""elevation"": 0.0}, {""range"": 0.945553544137569, ""doppler"": 0.0, ""angle"": 4.446904734623753, ""elevation"": 0.0}, {""range"": 1.0652659858794182, ""doppler"": 0.0, ""angle"": 27.317767736075687, ""elevation"": 0.0}]",1785085666356.2678
6,"[{""range"": 1.47616686236913, ""doppler"": 0.0, ""angle"": -39.92375968750838, ""elevation"": 0.0}, {""range"": 0.8581554942430092, ""doppler"": 0.0, ""angle"": -3.906990691172695, ""elevation"": 0.0}, {""range"": 0.8717714073210218, ""doppler"": 0.0, ""angle"": -0.6346349869525352, ""elevation"": 0.0}, {""range"": 0.9020118574944945, ""doppler"": 0.0, ""angle"": 3.6826107398203325, ""elevation"": 0.0}, {""range"": 0.9362139047244147, ""doppler"": 0.0, ""angle"": 4.436474485657365, ""elevation"": 0.0}, {""range"": 1.2067015743858556, ""doppler"": 0.0, ""angle"": 34.672063603438644, ""elevation"": 0.0}]",1785085666356.284
5,"[{""range"": 1.4755877760647542, ""doppler"": 0.0, ""angle"": -38.53510861480123, ""elevation"": 0.0}, {""range"": 1.4935403544869885, ""doppler"": 0.0, ""angle"": -39.359390974316035, ""elevation"": 0.0}, {""range"": 0.8786075022489902, ""doppler"": 0.0, ""angle"": -14.027758975242593, ""elevation"": 0.0}, {""range"": 0.9282422164817463, ""doppler"": 0.0, ""angle"": -3.2024829636358674, ""elevation"": 0.0}, {""range"": 0.9408902580664503, ""doppler"": 0.0, ""angle"": -1.0236134309688547, ""elevation"": 0.0}]",1785085666356.301
5,"[{""range"": 0.9214537604692917, ""doppler"": 0.0, ""angle"": 9.73102272938787, ""elevation"": 0.0}, {""range"": 0.9410279307623156, ""doppler"": 0.0, ""angle"": 5.97709329093789, ""elevation"": 0.0}, {""range"": 0.9017818422137381, ""doppler"": 0.0, ""angle"": 19.290046219188735, ""elevation"": 0.0}, {""range"": 1.057478274178244, ""doppler"": 0.0, ""angle"": 25.629127141437813, ""elevation"": 0.0}, {""range"": 1.228407076582159, ""doppler"": 0.0, ""angle"": 38.00592096107838, ""elevation"": 0.0}]",1785085666356.316
5,"[{""range"": 0.8747915404124708, ""doppler"": 0.0, ""angle"": -2.8822902517862703, ""elevation"": 0.0}, {""range"": 0.8888790315221794, ""doppler"": 0.0, ""angle"": -1.613863482228566, ""elevation"": 0.0}, {""range"": 0.8969313362566464, ""doppler"": 0.0, ""angle"": 0.06853558873959688, ""elevation"": 0.0}, {""range"": 0.9163586781125603, ""doppler"": 0.0, ""angle"": 1.4536117892128468, ""elevation"": 0.0}, {""range"": 1.1916534224702326, ""doppler"": 0.0, ""angle"": 43.413079890097386, ""elevation"": 0.0}]",1785085666356.332
5,"[{""range"": 0.8736922025276352, ""doppler"": 0.0, ""angle"": -11.378924709495372, ""elevation"": 0.0}, {""range"": 0.8982791450763377, ""doppler"": 0.0, ""angle"": -7.009013102057591, ""elevation"": 0.0}, {""range"": 0.9056031836351432, ""doppler"": 0.0, ""angle"": -5.029524368316495, ""elevation"": 0.0}, {""range"": 0.9151263390230697, ""doppler"": 0.0, ""angle"": -4.202073077247259, ""elevation"": 0.0}, {""range"": 1.0624396298597578, ""doppler"": 0.0, ""angle"": 19.752421896668846, ""elevation"": 0.0}]",1785085666356.348
4,"[{""range"": 0.8680001353689215, ""doppler"": 0.0, ""angle"": 0.5311570285914865, ""elevation"": 0.0}, {""range"": 1.0025773277884302, ""doppler"": 0.0, ""angle"": 3.026214901481766, ""elevation"": 0.0}, {""range"": 0.8774845960962611, ""doppler"": 0.0, ""angle"": 3.7037892158606636, ""elevation"": 0.0}, {""range"": 0.8859188355850163, ""doppler"": 0.0, ""angle"": 11.727248482444015, ""elevation"": 0.0}]",1785085666356.364
4,"[{""range"": 0.8736174135686302, ""doppler"": 0.0, ""angle"": -3.7789704766519328, ""elevation"": 0.0}, {""range"": 0.8937900523192235, ""doppler"": 0.0, ""angle"": -8.61805223650664, ""elevation"": 0.0}, {""range"": 0.8660245165895264, ""doppler"": 0.0, ""angle"": -1.2541062968006043, ""elevation"": 0.0}, {""range"": 1.09761819190752, ""doppler"": 0.0, ""angle"": 16.681363330940542, ""elevation"": 0.0}]",1785085666356.379
4,"[{""range"": 0.8901150385105313, ""doppler"": 0.0, ""angle"": -3.789574408913291, ""elevation"": 0.0}, {""range"": 0.8751298815432693, ""doppler"": 0.0, ""angle"": -3.4908924667934724, ""elevation"": 0.0}, {""range"": 0.9029474094840251, ""doppler"": 0.0, ""angle"": -3.5423611921937037, ""elevation"": 0.0}, {""range"": 0.9223528493063371, ""doppler"": 0.0, ""angle"": -0.4665315155064691, ""elevation"": 0.0}]",1785085666356.3928
6,"[{""range"": 0.8928201944891627, ""doppler"": 0.0, ""angle"": 17.45876124288421, ""elevation"": 0.0}, {""range"": 0.9114462142272002, ""doppler"": 0.0, ""angle"": 25.333343980194176, ""elevation"": 0.0}, {""range"": 1.0619872164542752, ""doppler"": 0.0, ""angle"": 31.974704930385705, ""elevation"": 0.0}, {""range"": 1.0775439403532727, ""doppler"": 0.0, ""angle"": 27.70894346304066, ""elevation"": 0.0}, {""range"": 1.2143806560606376, ""doppler"": 0.0, ""angle"": 42.33838508462491, ""elevation"": 0.0}, {""range"": 1.2075098578037506, ""doppler"": 0.0, ""angle"": 44.88000901413646, ""elevation"": 0.0}]",1785085666356.41
4,"[{""range"": 0.9313254737808879, ""doppler"": 0.0, ""angle"": -11.652965199604603, ""elevation"": 0.0}, {""range"": 0.902457983017098, ""doppler"": 0.0, ""angle"": -8.224827265506661, ""elevation"": 0.0}, {""range"": 0.9078916666827542, ""doppler"": 0.0, ""angle"": -8.54025148130653, ""elevation"": 0.0}, {""range"": 1.111190548329663, ""doppler"": 0.0, ""angle"": 18.239599865998834, ""elevation"": 0.0}]",1785085666356.425
2,"[{""range"": 0.9152906990245235, ""doppler"": 0.0, ""angle"": -14.793699336980303, ""elevation"": 0.0}, {""range"": 2.0670681829864614, ""doppler"": 0.0, ""angle"": 42.79147514383553, ""elevation"": 0.0}]",1785085666356.436
5,"[{""range"": 0.906327417939528, ""doppler"": 0.0, ""angle"": -3.517808154511387, ""elevation"": 0.0}, {""range"": 0.9117937302906987, ""doppler"": 0.0, ""angle"": -0.3932772679530163, ""elevation"": 0.0}, {""range"": 0.9206575899157095, ""doppler"": 0.0, ""angle"": 2.6940227387414017, ""elevation"": 0.0}, {""range"": 1.0664099802483762, ""doppler"": 0.0, ""angle"": 25.71860994305329, ""elevation"": 0.0}, {""range"": 1.0946056687043357, ""doppler"": 0.0, ""angle"": 20.06307266608825, ""elevation"": 0.0}]",1785085666356.459
6,"[{""range"": 0.9043055042189119, ""doppler"": 0.0, ""angle"": -4.593345854253146, ""elevation"": 0.0}, {""range"": 0.9180024743698076, ""doppler"": 0.0, ""angle"": -4.502277098123261, ""elevation"": 0.0}, {""range"": 0.930022205423476, ""doppler"": 0.0, ""angle"": -3.9027418307572055, ""elevation"": 0.0}, {""range"": 0.9618257750485987, ""doppler"": 0.0, ""angle"": -2.4506870009052535, ""elevation"": 0.0}, {""range"": 1.2514737090865626, ""doppler"": 0.0, ""angle"": 37.58706036844979, ""elevation"": 0.0}, {""range"": 1.2665248077940503, ""doppler"": 0.0, ""angle"": 39.172728918746586, ""elevation"": 0.0}]",1785085666356.481
6,"[{""range"": 0.9141023065118787, ""doppler"": 0.0, ""angle"": 1.9730027402114296, ""elevation"": 0.0}, {""range"": 0.9426993624259904, ""doppler"": 0.0, ""angle"": 9.928654208021332, ""elevation"": 0.0}, {""range"": 0.9545386112046329, ""doppler"": 0.0, ""angle"": 10.065803435321271, ""elevation"": 0.0}, {""range"": 0.973884218047396, ""doppler"": 0.0, ""angle"": 11.813346606274486, ""elevation"": 0.0}, {""range"": 1.02071307336094, ""doppler"": 0.0, ""angle"": 27.28777555616499, ""elevation"": 0.0}, {""range"": 2.064964898749451, ""doppler"": 0.0, ""angle"": 44.22113413652764, ""elevation"": 0.0}]",1785085666356.498
4,"[{""range"": 0.9055058008054043, ""doppler"": 0.0, ""angle"": -4.099320818372487, ""elevation"": 0.0}, {""range"": 0.9232735733866103, ""doppler"": 0.0, ""angle"": 3.2530786619992167, ""elevation"": 0.0}, {""range"": 0.9424194130348501, ""doppler"": 0.0, ""angle"": 10.860069747515677, ""elevation"": 0.0}, {""range"": 0.9659751171360024, ""doppler"": 0.0, ""angle"": 19.82362477033738, ""elevation"": 0.0}]",1785085666356.529
6,"[{""range"": 1.476552941707081, ""doppler"": 0.0, ""angle"": -39.81178991376546, ""elevation"": 0.0}, {""range"": 1.4955613067727689, ""doppler"": 0.0, ""angle"": -40.15992643642352, ""elevation"": 0.0}, {""range"": 0.9060536636345258, ""doppler"": 0.0, ""angle"": -4.108174489496607, ""elevation"": 0.0}, {""range"": 0.919556772740715, ""doppler"": 0.0, ""angle"": -3.4894605264177185, ""elevation"": 0.0}, {""range"": 0.939332046354897, ""doppler"": 0.0, ""angle"": -2.5312446242818316, ""elevation"": 0.0}, {""range"": 0.9722989879789175, ""doppler"": 0.0, ""angle"": -0.7692368213368057, ""elevation"": 0.0}]",1785085666356.547
8,"[{""range"": 1.4753529852538252, ""doppler"": 0.0, ""angle"": -39.1218172464429, ""elevation"": 0.0}, {""range"": 1.4925569535072254, ""doppler"": 0.0, ""angle"": -39.75547508968777, ""elevation"": 0.0}, {""range"": 0.8984183826956584, ""doppler"": 0.0, ""angle"": -6.192850351403781, ""elevation"": 0.0}, {""range"": 0.9047462048698659, ""doppler"": 0.0, ""angle"": -9.924014623208022, ""elevation"": 0.0}, {""range"": 0.9262446500362537, ""doppler"": 0.0, ""angle"": -4.495417023408105, ""elevation"": 0.0}, {""range"": 0.8805822506331695, ""doppler"": 0.0, ""angle"": -3.1778939937705206, ""elevation"": 0.0}, {""range"": 0.9672874946982561, ""doppler"": 0.0, ""angle"": 18.729698274524914, ""elevation"": 0.0}, {""range"": 0.9763237211729789, ""doppler"": 0.0, ""angle"": 18.328759616090366, ""elevation"": 0.0}]",1785085666356.6511
7,"[{""range"": 1.4750415526691052, ""doppler"": 0.0, ""angle"": -40.76251676217419, ""elevation"": 0.0}, {""range"": 1.4936845015052982, ""doppler"": 0.0, ""angle"": -40.961378686265114, ""elevation"": 0.0}, {""range"": 0.903269257353786, ""doppler"": 0.0, ""angle"": -5.281715178744626, ""elevation"": 0.0}, {""range"": 0.9221377554257171, ""doppler"": 0.0, ""angle"": -3.379509121303301, ""elevation"": 0.0}, {""range"": 0.9436315601532514, ""doppler"": 0.0, ""angle"": 2.987108405478555, ""elevation"": 0.0}, {""range"": 0.9774521517431319, ""doppler"": 0.0, ""angle"": 19.303401993811963, ""elevation"": 0.0}, {""range"": 1.0069464985589927, ""doppler"": 0.0, ""angle"": 23.428381616517026, ""elevation"": 0.0}]",1785085666356.673
8,"[{""range"": 1.4772556235687666, ""doppler"": 0.0, ""angle"": -41.22115599813698, ""elevation"": 0.0}, {""range"": 0.8889631292029306, ""doppler"": 0.0, ""angle"": -7.036387435040595, ""elevation"": 0.0}, {""range"": 0.9523489299177506, ""doppler"": 0.0, ""angle"": 23.233905084453667, ""elevation"": 0.0}, {""range"": 0.9687517317548743, ""doppler"": 0.0, ""angle"": 19.528617125481126, ""elevation"": 0.0}, {""range"": 0.9766047887690129, ""doppler"": 0.0, ""angle"": 18.444901190289883, ""elevation"": 0.0}, {""range"": 1.0065768159411546, ""doppler"": 0.0, ""angle"": 29.092171207046928, ""elevation"": 0.0}, {""range"": 1.2902540453149176, ""doppler"": 0.0, ""angle"": 34.45208685530988, ""elevation"": 0.0}, {""range"": 1.3096297514775892, ""doppler"": 0.0, ""angle"": 39.92075947321164, ""elevation"": 0.0}]",1785085666356.694
6,"[{""range"": 1.494979937343411, ""doppler"": 0.0, ""angle"": -42.15429223879883, ""elevation"": 0.0}, {""range"": 0.8994164036155216, ""doppler"": 0.0, ""angle"": -6.655933618700862, ""elevation"": 0.0}, {""range"": 0.896849162272341, ""doppler"": 0.0, ""angle"": -8.611541008903487, ""elevation"": 0.0}, {""range"": 0.9857818236433047, ""doppler"": 0.0, ""angle"": 20.403993170287986, ""elevation"": 0.0}, {""range"": 0.9708937502718193, ""doppler"": 0.0, ""angle"": 27.844057359929753, ""elevation"": 0.0}, {""range"": 1.0246619643708272, ""doppler"": 0.0, ""angle"": 27.88427584416364, ""elevation"": 0.0}]",1785085666356.711
6,"[{""range"": 1.4914651593461132, ""doppler"": 0.0, ""angle"": -41.94330182368353, ""elevation"": 0.0}, {""range"": 0.9135565929871512, ""doppler"": 0.0, ""angle"": -1.1215438799799267, ""elevation"": 0.0}, {""range"": 0.9384708769378676, ""doppler"": 0.0, ""angle"": -0.6222810631994943, ""elevation"": 0.0}, {""range"": 0.9514721874578966, ""doppler"": 0.0, ""angle"": 2.7252866477213518, ""elevation"": 0.0}, {""range"": 0.9741621985026752, ""doppler"": 0.0, ""angle"": 8.433519356368459, ""elevation"": 0.0}, {""range"": 1.0137908795941188, ""doppler"": 0.0, ""angle"": 8.786115864515283, ""elevation"": 0.0}]",1785085666356.7302
6,"[{""range"": 1.4803404308570205, ""doppler"": 0.0, ""angle"": -39.06297330534116, ""elevation"": 0.0}, {""range"": 1.4943251543001796, ""doppler"": 0.0, ""angle"": -39.450044756519276, ""elevation"": 0.0}, {""range"": 0.918723825270394, ""doppler"": 0.0, ""angle"": -7.909310462432395, ""elevation"": 0.0}, {""range"": 0.9312136128580895, ""doppler"": 0.0, ""angle"": -7.170049463144336, ""elevation"": 0.0}, {""range"": 0.9381110888067341, ""doppler"": 0.0, ""angle"": -7.106051862439638, ""elevation"": 0.0}, {""range"": 0.9619509119385597, ""doppler"": 0.0, ""angle"": -8.465989534747232, ""elevation"": 0.0}]",1785085666356.7458
9,"[{""range"": 1.4786272465418027, ""doppler"": 0.0, ""angle"": -37.343840894348666, ""elevation"": 0.0}, {""range"": 1.4924980509568824, ""doppler"": 0.0, ""angle"": -37.689549373363214, ""elevation"": 0.0}, {""range"": 0.9263081655679302, ""doppler"": 0.0, ""angle"": -11.626624327578446, ""elevation"": 0.0}, {""range"": 0.9140586516248594, ""doppler"": 0.0, ""angle"": -7.418360613812424, ""elevation"": 0.0}, {""range"": 0.916218258274204, ""doppler"": 0.0, ""angle"": -8.315125756791886, ""elevation"": 0.0}, {""range"": 1.0040335536098848, ""doppler"": 0.0, ""angle"": 17.80570478954431, ""elevation"": 0.0}, {""range"": 1.3246039124472118, ""doppler"": 0.0, ""angle"": 29.174053084146326, ""elevation"": 0.0}, {""range"": 2.3895478287240377, ""doppler"": 0.0, ""angle"": 47.54143909173689, ""elevation"": 0.0}, {""range"": 2.4148551456741383, ""doppler"": 0.0, ""angle"": 48.08847166274668, ""elevation"": 0.0}]",1785085666356.769
5,"[{""range"": 0.9173764973978402, ""doppler"": 0.0, ""angle"": -9.83136317526469, ""elevation"": 0.0}, {""range"": 0.9287452187124489, ""doppler"": 0.0, ""angle"": -9.74342164684613, ""elevation"": 0.0}, {""range"": 0.9400580502642468, ""doppler"": 0.0, ""angle"": -8.532382308015228, ""elevation"": 0.0}, {""range"": 0.9695617019700978, ""doppler"": 0.0, ""angle"": -2.5051588473946653, ""elevation"": 0.0}, {""range"": 2.415876874850557, ""doppler"": 0.0, ""angle"": 47.979059261829185, ""elevation"": 0.0}]",1785085666356.7842
6,"[{""range"": 0.914259016677341, ""doppler"": 0.0, ""angle"": -4.52075006257133, ""elevation"": 0.0}, {""range"": 0.9287464581034472, ""doppler"": 0.0, ""angle"": -4.892811881228808, ""elevation"": 0.0}, {""range"": 0.9369421882705942, ""doppler"": 0.0, ""angle"": -4.84990993607882, ""elevation"": 0.0}, {""range"": 0.9578529710358752, ""doppler"": 0.0, ""angle"": -6.334285816939848, ""elevation"": 0.0}, {""range"": 2.389892938679529, ""doppler"": 0.0, ""angle"": 46.98287341841852, ""elevation"": 0.0}, {""range"": 2.4149953343583554, ""doppler"": 0.0, ""angle"": 47.25943702106503, ""elevation"": 0.0}]",1785085666356.7988
4,"[{""range"": 0.9144740406546352, ""doppler"": 0.0, ""angle"": -5.565670663916304, ""elevation"": 0.0}, {""range"": 0.9222195309878152, ""doppler"": 0.0, ""angle"": -5.46297733405687, ""elevation"": 0.0}, {""range"": 0.9312091662975781, ""doppler"": 0.0, ""angle"": -4.305884585735018, ""elevation"": 0.0}, {""range"": 0.9626962602359174, ""doppler"": 0.0, ""angle"": 2.416514063648631, ""elevation"": 0.0}]",1785085666356.8188
6,"[{""range"": 0.9155432168415301, ""doppler"": 0.0, ""angle"": -7.60943300172487, ""elevation"": 0.0}, {""range"": 0.9263814273958231, ""doppler"": 0.0, ""angle"": -7.274538130880455, ""elevation"": 0.0}, {""range"": 0.9358557771876934, ""doppler"": 0.0, ""angle"": -6.406683980175127, ""elevation"": 0.0}, {""range"": 0.9554962862710147, ""doppler"": 0.0, ""angle"": -4.368277434588386, ""elevation"": 0.0}, {""range"": 2.389002646647361, ""doppler"": 0.0, ""angle"": 47.96401674049566, ""elevation"": 0.0}, {""range"": 2.412866841948825, ""doppler"": 0.0, ""angle"": 47.48981375809968, ""elevation"": 0.0}]",1785085666356.8352
6,"[{""range"": 1.4841408003500312, ""doppler"": 0.0, ""angle"": -38.88189634267564, ""elevation"": 0.0}, {""range"": 1.491962529881692, ""doppler"": 0.0, ""angle"": -38.90432595969374, ""elevation"": 0.0}, {""range"": 0.9157345104800416, ""doppler"": 0.0, ""angle"": -6.998734923473513, ""elevation"": 0.0}, {""range"": 0.9269330780605681, ""doppler"": 0.0, ""angle"": -5.934953535203029, ""elevation"": 0.0}, {""range"": 0.9361073245225201, ""doppler"": 0.0, ""angle"": -4.052866535310227, ""elevation"": 0.0}, {""range"": 0.962829370370402, ""doppler"": 0.0, ""angle"": 2.0754116451800457, ""elevation"": 0.0}]",1785085666356.8499
8,"[{""range"": 1.4852128227820645, ""doppler"": 0.0, ""angle"": -41.46626289996666, ""elevation"": 0.0}, {""range"": 1.4957592362103551, ""doppler"": 0.0, ""angle"": -41.14661970009976, ""elevation"": 0.0}, {""range"": 0.9191981210907101, ""doppler"": 0.0, ""angle"": -8.19788186307766, ""elevation"": 0.0}, {""range"": 0.9308146598545382, ""doppler"": 0.0, ""angle"": -7.062216005731979, ""elevation"": 0.0}, {""range"": 0.9501073579109699, ""doppler"": 0.0, ""angle"": -0.6901472881294904, ""elevation"": 0.0}, {""range"": 0.9792099864896884, ""doppler"": 0.0, ""angle"": 9.565526742784618, ""elevation"": 0.0}, {""range"": 1.0120070149205562, ""doppler"": 0.0, ""angle"": 8.248934480917722, ""elevation"": 0.0}, {""range"": 2.106491694175894, ""doppler"": 0.0, ""angle"": 42.12711849880665, ""elevation"": 0.0}]",1785085666356.8718
7,"[{""range"": 1.4854098924771486, ""doppler"": 0.0, ""angle"": -42.770597542528535, ""elevation"": 0.0}, {""range"": 1.494781177432277, ""doppler"": 0.0, ""angle"": -40.5269521675691, ""elevation"": 0.0}, {""range"": 0.9149882635902683, ""doppler"": 0.0, ""angle"": -9.755011354963019, ""elevation"": 0.0}, {""range"": 0.9228477664934454, ""doppler"": 0.0, ""angle"": -6.765614255165765, ""elevation"": 0.0}, {""range"": 0.959665915475774, ""doppler"": 0.0, ""angle"": 9.957267922965972, ""elevation"": 0.0}, {""range"": 0.9834282765635156, ""doppler"": 0.0, ""angle"": 12.517507880974756, ""elevation"": 0.0}, {""range"": 1.0081061163394636, ""doppler"": 0.0, ""angle"": 10.847526147960867, ""elevation"": 0.0}]",1785085666356.8901
7,"[{""range"": 1.4765909128684487, ""doppler"": 0.0, ""angle"": -38.58395572978187, ""elevation"": 0.0}, {""range"": 1.4946897721553905, ""doppler"": 0.0, ""angle"": -38.793619128256196, ""elevation"": 0.0}, {""range"": 0.9299195230510622, ""doppler"": 0.0, ""angle"": -13.817129998277187, ""elevation"": 0.0}, {""range"": 0.9135608804693605, ""doppler"": 0.0, ""angle"": -4.243022371648112, ""elevation"": 0.0}, {""range"": 0.9172404688006096, ""doppler"": 0.0, ""angle"": -7.122245491978091, ""elevation"": 0.0}, {""range"": 1.0154901423492153, ""doppler"": 0.0, ""angle"": 17.93723656199968, ""elevation"": 0.0}, {""range"": 0.9915627847041908, ""doppler"": 0.0, ""angle"": 20.323854552066926, ""elevation"": 0.0}]",1785085666356.909
7,"[{""range"": 1.4785244513958142, ""doppler"": 0.0, ""angle"": -41.0034032475621, ""elevation"": 0.0}, {""range"": 1.4954836114811538, ""doppler"": 0.0, ""angle"": -41.70408659268949, ""elevation"": 0.0}, {""range"": 0.9091615261884116, ""doppler"": 0.0, ""angle"": -5.134234642388843, ""elevation"": 0.0}, {""range"": 0.9166774043311259, ""doppler"": 0.0, ""angle"": -5.7094810299781775, ""elevation"": 0.0}, {""range"": 0.9283027709376921, ""doppler"": 0.0, ""angle"": -3.2685990201964064, ""elevation"": 0.0}, {""range"": 0.9870040825756653, ""doppler"": 0.0, ""angle"": 23.987783726872532, ""elevation"": 0.0}, {""range"": 1.033171531576623, ""doppler"": 0.0, ""angle"": 28.680895206220576, ""elevation"": 0.0}]",1785085666356.931
7,"[{""range"": 1.4772343901857299, ""doppler"": 0.0, ""angle"": -40.42451442496065, ""elevation"": 0.0}, {""range"": 1.4938938094221683, ""doppler"": 0.0, ""angle"": -41.6665723565557, ""elevation"": 0.0}, {""range"": 0.9148058141246431, ""doppler"": 0.0, ""angle"": -6.4082139876410285, ""elevation"": 0.0}, {""range"": 0.9271794765633155, ""doppler"": 0.0, ""angle"": -5.178422264901311, ""elevation"": 0.0}, {""range"": 0.9403750002596692, ""doppler"": 0.0, ""angle"": -2.2231156725901284, ""elevation"": 0.0}, {""range"": 0.9647843479279031, ""doppler"": 0.0, ""angle"": 6.384754339190044, ""elevation"": 0.0}, {""range"": 1.0070387392540963, ""doppler"": 0.0, ""angle"": 21.8278583407506, ""elevation"": 0.0}]",1785085666356.951
6,"[{""range"": 0.9316035914836615, ""doppler"": 0.0, ""angle"": -11.626980982306023, ""elevation"": 0.0}, {""range"": 0.9151077508072906, ""doppler"": 0.0, ""angle"": -7.906854667757534, ""elevation"": 0.0}, {""range"": 0.9223143170746874, ""doppler"": 0.0, ""angle"": -9.10256188970777, ""elevation"": 0.0}, {""range"": 1.1587404815487385, ""doppler"": 0.0, ""angle"": 17.29969685844166, ""elevation"": 0.0}, {""range"": 0.9926281041496134, ""doppler"": 0.0, ""angle"": 22.272905943614155, ""elevation"": 0.0}, {""range"": 1.0139499048795624, ""doppler"": 0.0, ""angle"": 29.299959654434463, ""elevation"": 0.0}]",1785085666356.971
8,"[{""range"": 1.4782805019225453, ""doppler"": 0.0, ""angle"": -38.39895650270027, ""elevation"": 0.0}, {""range"": 1.4953093275851617, ""doppler"": 0.0, ""angle"": -40.15910887455354, ""elevation"": 0.0}, {""range"": 0.9521636658455701, ""doppler"": 0.0, ""angle"": -13.897930080751108, ""elevation"": 0.0}, {""range"": 0.9175165308821608, ""doppler"": 0.0, ""angle"": -7.604235954707129, ""elevation"": 0.0}, {""range"": 0.9286521563803672, ""doppler"": 0.0, ""angle"": -8.526401464130574, ""elevation"": 0.0}, {""range"": 0.9339343603889041, ""doppler"": 0.0, ""angle"": -10.468705240085026, ""elevation"": 0.0}, {""range"": 1.0216118156437615, ""doppler"": 0.0, ""angle"": 11.427938169129423, ""elevation"": 0.0}, {""range"": 1.2842882587315116, ""doppler"": 0.0, ""angle"": 32.178732071839015, ""elevation"": 0.0}]",1785085666356.993
9,"[{""range"": 1.479047575894941, ""doppler"": 0.0, ""angle"": -38.61437234156407, ""elevation"": 0.0}, {""range"": 1.4920085953559132, ""doppler"": 0.0, ""angle"": -39.71940944606379, ""elevation"": 0.0}, {""range"": 0.9189128387816229, ""doppler"": 0.0, ""angle"": -6.289710895964906, ""elevation"": 0.0}, {""range"": 0.9348584364130947, ""doppler"": 0.0, ""angle"": -5.388900034049924, ""elevation"": 0.0}, {""range"": 0.9515820533504328, ""doppler"": 0.0, ""angle"": -2.3908744346216864, ""elevation"": 0.0}, {""range"": 0.9720213628382338, ""doppler"": 0.0, ""angle"": 2.6781818284979426, ""elevation"": 0.0}, {""range"": 1.0115630859373832, ""doppler"": 0.0, ""angle"": 7.628777077394137, ""elevation"": 0.0}, {""range"": 1.1517216172725304, ""doppler"": 0.0, ""angle"": 18.972248037059007, ""elevation"": 0.0}, {""range"": 1.1807490828829388, ""doppler"": 0.0, ""angle"": 20.550967427091436, ""elevation"": 0.0}]",1785085666357.014
9,"[{""range"": 1.481231363629377, ""doppler"": 0.0, ""angle"": -41.92706081794701, ""elevation"": 0.0}, {""range"": 1.4940670385866792, ""doppler"": 0.0, ""angle"": -42.977608882915334, ""elevation"": 0.0}, {""range"": 0.9194459491021868, ""doppler"": 0.0, ""angle"": -6.386951746299005, ""elevation"": 0.0}, {""range"": 0.9323679702558443, ""doppler"": 0.0, ""angle"": -7.028246843278714, ""elevation"": 0.0}, {""range"": 0.9393214600008372, ""doppler"": 0.0, ""angle"": -7.756815081374268, ""elevation"": 0.0}, {""range"": 0.9591287576738746, ""doppler"": 0.0, ""angle"": -6.626839298171159, ""elevation"": 0.0}, {""range"": 1.0103511374729672, ""doppler"": 0.0, ""angle"": 20.68659714681817, ""elevation"": 0.0}, {""range"": 1.254946154434835, ""doppler"": 0.0, ""angle"": 28.288591291953104, ""elevation"": 0.0}, {""range"": 1.2696172773924301, ""doppler"": 0.0, ""angle"": 32.653770716402356, ""elevation"": 0.0}]",1785085666357.034
5,"[{""range"": 0.9201179535617534, ""doppler"": 0.0, ""angle"": -6.259036305122252, ""elevation"": 0.0}, {""range"": 0.9322595784600606, ""doppler"": 0.0, ""angle"": -6.696996266631936, ""elevation"": 0.0}, {""range"": 0.9407022274517309, ""doppler"": 0.0, ""angle"": -6.592763973126081, ""elevation"": 0.0}, {""range"": 0.9589371177657932, ""doppler"": 0.0, ""angle"": -4.92068653056042, ""elevation"": 0.0}, {""range"": 1.011898322074616, ""doppler"": 0.0, ""angle"": 18.194817037333756, ""elevation"": 0.0}]",1785085666357.0503
9,"[{""range"": 1.4789374484196636, ""doppler"": 0.0, ""angle"": -38.56460207654511, ""elevation"": 0.0}, {""range"": 1.4948131561940847, ""doppler"": 0.0, ""angle"": -39.40803748582995, ""elevation"": 0.0}, {""range"": 0.9156627189398377, ""doppler"": 0.0, ""angle"": -7.495565710513833, ""elevation"": 0.0}, {""range"": 0.9274043649537456, ""doppler"": 0.0, ""angle"": -2.851371742161577, ""elevation"": 0.0}, {""range"": 0.9517713444195619, ""doppler"": 0.0, ""angle"": 7.9915709681347, ""elevation"": 0.0}, {""range"": 0.9745081845101385, ""doppler"": 0.0, ""angle"": 9.313681906851864, ""elevation"": 0.0}, {""range"": 1.1295779409129074, ""doppler"": 0.0, ""angle"": 17.247433496691492, ""elevation"": 0.0}, {""range"": 1.114655344783052, ""doppler"": 0.0, ""angle"": 23.513591625536854, ""elevation"": 0.0}, {""range"": 1.0668079034943663, ""doppler"": 0.0, ""angle"": 34.61437061124206, ""elevation"": 0.0}]",1785085666448.458
12,"[{""range"": 1.4794439474776433, ""doppler"": 0.0, ""angle"": -41.275826371894716, ""elevation"": 0.0}, {""range"": 1.495765520952189, ""doppler"": 0.0, ""angle"": -40.86503761781958, ""elevation"": 0.0}, {""range"": 0.9180956236353055, ""doppler"": 0.0, ""angle"": -7.621928124524545, ""elevation"": 0.0}, {""range"": 0.9219033277850467, ""doppler"": 0.0, ""angle"": -8.117529218629672, ""elevation"": 0.0}, {""range"": 0.9326954355065816, ""doppler"": 0.0, ""angle"": -9.857807959390701, ""elevation"": 0.0}, {""range"": 0.9974588267679833, ""doppler"": 0.0, ""angle"": 11.03798956533719, ""elevation"": 0.0}, {""range"": 1.066803302774298, ""doppler"": 0.0, ""angle"": 12.831935107247272, ""elevation"": 0.0}, {""range"": 1.1255470758382604, ""doppler"": 0.0, ""angle"": 18.478125739777578, ""elevation"": 0.0}, {""range"": 1.1438338409296684, ""doppler"": 0.0, ""angle"": 19.630326132024276, ""elevation"": 0.0}, {""range"": 1.1727128776837847, ""doppler"": 0.0, ""angle"": 24.36875971645912, ""elevation"": 0.0}, {""range"": 1.2171239419700726, ""doppler"": 0.0, ""angle"": 30.23038288799025, ""elevation"": 0.0}, {""range"": 1.254121264520669, ""doppler"": 0.0, ""angle"": 31.734341944371117, ""elevation"": 0.0}]",1785085666554.2268
10,"[{""range"": 1.4772100612452705, ""doppler"": 0.0, ""angle"": -39.53827975265247, ""elevation"": 0.0}, {""range"": 1.4929619246061832, ""doppler"": 0.0, ""angle"": -40.0735568813283, ""elevation"": 0.0}, {""range"": 0.9166241921563844, ""doppler"": 0.0, ""angle"": -5.204548261128895, ""elevation"": 0.0}, {""range"": 0.9260367788148055, ""doppler"": 0.0, ""angle"": -3.864118660119921, ""elevation"": 0.0}, {""range"": 0.9353062782702033, ""doppler"": 0.0, ""angle"": 0.8763489326732694, ""elevation"": 0.0}, {""range"": 0.9839601953527529, ""doppler"": 0.0, ""angle"": 22.739205953164824, ""elevation"": 0.0}, {""range"": 1.132767856112468, ""doppler"": 0.0, ""angle"": 21.502454330091968, ""elevation"": 0.0}, {""range"": 1.1542609131908221, ""doppler"": 0.0, ""angle"": 22.930528407532478, ""elevation"": 0.0}, {""range"": 1.179189449128491, ""doppler"": 0.0, ""angle"": 30.017531539554714, ""elevation"": 0.0}, {""range"": 1.2099278213828504, ""doppler"": 0.0, ""angle"": 41.47109929623742, ""elevation"": 0.0}]",1785085666654.0989
9,"[{""range"": 1.4755738970433585, ""doppler"": 0.0, ""angle"": -39.961144975480934, ""elevation"": 0.0}, {""range"": 1.4913918815612992, ""doppler"": 0.0, ""angle"": -40.76521996004182, ""elevation"": 0.0}, {""range"": 0.9207064884342231, ""doppler"": 0.0, ""angle"": -8.67932680498485, ""elevation"": 0.0}, {""range"": 0.9528664374541062, ""doppler"": 0.0, ""angle"": -4.552914323140001, ""elevation"": 0.0}, {""range"": 0.8976427622943666, ""doppler"": 0.0, ""angle"": -2.7974291896588177, ""elevation"": 0.0}, {""range"": 1.0048433885050394, ""doppler"": 0.0, ""angle"": 5.01257918140901, ""elevation"": 0.0}, {""range"": 1.0704457630253723, ""doppler"": 0.0, ""angle"": 15.343259529417454, ""elevation"": 0.0}, {""range"": 1.1121070114021452, ""doppler"": 0.0, ""angle"": 19.099184177466967, ""elevation"": 0.0}, {""range"": 1.1172499815824577, ""doppler"": 0.0, ""angle"": 18.736533296970904, ""elevation"": 0.0}]",1785085666748.9778
9,"[{""range"": 1.4790465382184845, ""doppler"": 0.0, ""angle"": -40.11066794621399, ""elevation"": 0.0}, {""range"": 1.4927605398379304, ""doppler"": 0.0, ""angle"": -39.36618815428724, ""elevation"": 0.0}, {""range"": 0.9163905871254165, ""doppler"": 0.0, ""angle"": -8.155399898519317, ""elevation"": 0.0}, {""range"": 0.9224106706337536, ""doppler"": 0.0, ""angle"": -8.023289422546254, ""elevation"": 0.0}, {""range"": 0.9245017620149133, ""doppler"": 0.0, ""angle"": -9.383982134135671, ""elevation"": 0.0}, {""range"": 1.0820877477562862, ""doppler"": 0.0, ""angle"": 1.9413260072542453, ""elevation"": 0.0}, {""range"": 1.1231995987339018, ""doppler"": 0.0, ""angle"": 15.531923214184152, ""elevation"": 0.0}, {""range"": 1.1325037352858567, ""doppler"": 0.0, ""angle"": 18.331960714222205, ""elevation"": 0.0}, {""range"": 1.1685995298620213, ""doppler"": 0.0, ""angle"": 26.176890266075663, ""elevation"": 0.0}]",1785085666848.8882
10,"[{""range"": 1.4770964848134152, ""doppler"": 0.0, ""angle"": -40.74875056547406, ""elevation"": 0.0}, {""range"": 1.492509533869605, ""doppler"": 0.0, ""angle"": -38.75522072790473, ""elevation"": 0.0}, {""range"": 0.9315260207169757, ""doppler"": 0.0, ""angle"": -13.430709539823772, ""elevation"": 0.0}, {""range"": 0.9628834328045676, ""doppler"": 0.0, ""angle"": -15.499620024170461, ""elevation"": 0.0}, {""range"": 0.9127998609365687, ""doppler"": 0.0, ""angle"": -8.085657498643243, ""elevation"": 0.0}, {""range"": 0.9214198753199686, ""doppler"": 0.0, ""angle"": -10.601213308754565, ""elevation"": 0.0}, {""range"": 1.1217417833410142, ""doppler"": 0.0, ""angle"": 24.837017103330655, ""elevation"": 0.0}, {""range"": 1.1418709649205132, ""doppler"": 0.0, ""angle"": 26.356397394328926, ""elevation"": 0.0}, {""range"": 1.1849823634612475, ""doppler"": 0.0, ""angle"": 32.33989577117418, ""elevation"": 0.0}, {""range"": 1.2253656024420032, ""doppler"": 0.0, ""angle"": 34.18168557613434, ""elevation"": 0.0}]",1785085666953.747
7,"[{""range"": 1.474772397761858, ""doppler"": 0.0, ""angle"": -39.65258109529308, ""elevation"": 0.0}, {""range"": 1.4926022294466978, ""doppler"": 0.0, ""angle"": -39.78975178366273, ""elevation"": 0.0}, {""range"": 0.9120832550787652, ""doppler"": 0.0, ""angle"": -6.1900959771774975, ""elevation"": 0.0}, {""range"": 0.9280694009996723, ""doppler"": 0.0, ""angle"": -5.528249056046138, ""elevation"": 0.0}, {""range"": 0.9504442536936744, ""doppler"": 0.0, ""angle"": -2.296641721513465, ""elevation"": 0.0}, {""range"": 0.9806070403030853, ""doppler"": 0.0, ""angle"": 2.435093583614704, ""elevation"": 0.0}, {""range"": 1.0259326960573814, ""doppler"": 0.0, ""angle"": 3.6174476933868887, ""elevation"": 0.0}]",1785085667048.6719
11,"[{""range"": 1.4747978943039661, ""doppler"": 0.0, ""angle"": -39.43555303870329, ""elevation"": 0.0}, {""range"": 0.9078510414367967, ""doppler"": 0.0, ""angle"": -5.096344285242885, ""elevation"": 0.0}, {""range"": 0.9266925832204824, ""doppler"": 0.0, ""angle"": -4.127364340111773, ""elevation"": 0.0}, {""range"": 0.7681403108998764, ""doppler"": 0.0, ""angle"": -2.6952247392069233, ""elevation"": 0.0}, {""range"": 0.786629019975375, ""doppler"": 0.0, ""angle"": -2.488421444067452, ""elevation"": 0.0}, {""range"": 0.8473943295430426, ""doppler"": 0.0, ""angle"": -2.3461811664390146, ""elevation"": 0.0}, {""range"": 0.9398806204432253, ""doppler"": 0.0, ""angle"": -1.2209621160541326, ""elevation"": 0.0}, {""range"": 0.9738864998584795, ""doppler"": 0.0, ""angle"": 7.066298308012375, ""elevation"": 0.0}, {""range"": 1.0478877363348231, ""doppler"": 0.0, ""angle"": 23.748062635325812, ""elevation"": 0.0}, {""range"": 1.1009091241523559, ""doppler"": 0.0, ""angle"": 31.29413049557468, ""elevation"": 0.0}, {""range"": 1.1346529111693953, ""doppler"": 0.0, ""angle"": 32.29252012224378, ""elevation"": 0.0}]",1785085667153.465
6,"[{""range"": 0.9198503195500691, ""doppler"": 0.0, ""angle"": -6.798981144862498, ""elevation"": 0.0}, {""range"": 0.9297942362320376, ""doppler"": 0.0, ""angle"": -6.7259300424844595, ""elevation"": 0.0}, {""range"": 0.9346514717469244, ""doppler"": 0.0, ""angle"": -7.17668192473945, ""elevation"": 0.0}, {""range"": 0.9557444374390466, ""doppler"": 0.0, ""angle"": -5.421530035760344, ""elevation"": 0.0}, {""range"": 1.2039203846549673, ""doppler"": 0.0, ""angle"": 25.24052926478679, ""elevation"": 0.0}, {""range"": 1.2324369278587943, ""doppler"": 0.0, ""angle"": 29.52937998410902, ""elevation"": 0.0}]",1785085667248.343
9,"[{""range"": 1.4783772473741295, ""doppler"": 0.0, ""angle"": -42.59814376242064, ""elevation"": 0.0}, {""range"": 1.4939215051791992, ""doppler"": 0.0, ""angle"": -43.14238343089197, ""elevation"": 0.0}, {""range"": 0.9243663668752544, ""doppler"": 0.0, ""angle"": -8.39813799622106, ""elevation"": 0.0}, {""range"": 0.9362975755990028, ""doppler"": 0.0, ""angle"": -8.323537741827097, ""elevation"": 0.0}, {""range"": 0.9361210042177354, ""doppler"": 0.0, ""angle"": -9.976914185372078, ""elevation"": 0.0}, {""range"": 1.045150191749575, ""doppler"": 0.0, ""angle"": 16.949938663967004, ""elevation"": 0.0}, {""range"": 1.0058496155086742, ""doppler"": 0.0, ""angle"": 26.84291849697013, ""elevation"": 0.0}, {""range"": 1.2559948917470904, ""doppler"": 0.0, ""angle"": 29.999846793972686, ""elevation"": 0.0}, {""range"": 1.2730270852689167, ""doppler"": 0.0, ""angle"": 31.870595952254003, ""elevation"": 0.0}]",1785085667348.2969
7,"[{""range"": 0.9199698877720702, ""doppler"": 0.0, ""angle"": -7.224471301569128, ""elevation"": 0.0}, {""range"": 0.9327897740861041, ""doppler"": 0.0, ""angle"": -7.235365456120984, ""elevation"": 0.0}, {""range"": 0.9407220773739924, ""doppler"": 0.0, ""angle"": -6.790004527602255, ""elevation"": 0.0}, {""range"": 0.9641605221991707, ""doppler"": 0.0, ""angle"": -3.306557886000132, ""elevation"": 0.0}, {""range"": 1.1256250812147774, ""doppler"": 0.0, ""angle"": 19.76770402253332, ""elevation"": 0.0}, {""range"": 1.1453386626251694, ""doppler"": 0.0, ""angle"": 21.706727769497316, ""elevation"": 0.0}, {""range"": 1.1744788877188301, ""doppler"": 0.0, ""angle"": 23.661345243893365, ""elevation"": 0.0}]",1785085667448.158
10,"[{""range"": 0.9178629330521734, ""doppler"": 0.0, ""angle"": -5.9938154221214015, ""elevation"": 0.0}, {""range"": 0.9300977530186336, ""doppler"": 0.0, ""angle"": -5.89253956265394, ""elevation"": 0.0}, {""range"": 0.9398720644587316, ""doppler"": 0.0, ""angle"": -5.141136031865765, ""elevation"": 0.0}, {""range"": 0.9660839625553789, ""doppler"": 0.0, ""angle"": 0.9438843147171768, ""elevation"": 0.0}, {""range"": 1.0061640656120698, ""doppler"": 0.0, ""angle"": 8.709002459406694, ""elevation"": 0.0}, {""range"": 1.158401024158437, ""doppler"": 0.0, ""angle"": 25.089559067707153, ""elevation"": 0.0}, {""range"": 1.1710937388312779, ""doppler"": 0.0, ""angle"": 22.629959341789593, ""elevation"": 0.0}, {""range"": 1.2956974775986594, ""doppler"": 0.0, ""angle"": 31.23090255868291, ""elevation"": 0.0}, {""range"": 1.3014161183563229, ""doppler"": 0.0, ""angle"": 27.86780379073204, ""elevation"": 0.0}, {""range"": 0.7882452885633358, ""doppler"": 0.0, ""angle"": 49.12097645655672, ""elevation"": 0.0}]",1785085667553.931
9,"[{""range"": 0.9318342920197561, ""doppler"": 0.0, ""angle"": -13.0308768092052, ""elevation"": 0.0}, {""range"": 0.9370646256376991, ""doppler"": 0.0, ""angle"": -11.837416139837465, ""elevation"": 0.0}, {""range"": 0.9580190622221648, ""doppler"": 0.0, ""angle"": -13.250317519719506, ""elevation"": 0.0}, {""range"": 1.2607392564839588, ""doppler"": 0.0, ""angle"": 29.026189057151726, ""elevation"": 0.0}, {""range"": 1.2798792563816068, ""doppler"": 0.0, ""angle"": 33.1594428726431, ""elevation"": 0.0}, {""range"": 1.2972928383345559, ""doppler"": 0.0, ""angle"": 32.78979502041408, ""elevation"": 0.0}, {""range"": 0.8712938267409145, ""doppler"": 0.0, ""angle"": 52.370468003178715, ""elevation"": 0.0}, {""range"": 0.8351289394316619, ""doppler"": 0.0, ""angle"": 55.17682442412219, ""elevation"": 0.0}, {""range"": 0.8597212738260593, ""doppler"": 0.0, ""angle"": 55.053864838611034, ""elevation"": 0.0}]",1785085667648.8398
7,"[{""range"": 1.476072679773379, ""doppler"": 0.0, ""angle"": -39.85444916505297, ""elevation"": 0.0}, {""range"": 0.9554192330381899, ""doppler"": 0.0, ""angle"": -13.83858291557458, ""elevation"": 0.0}, {""range"": 0.9129461651469234, ""doppler"": 0.0, ""angle"": -4.887591767784033, ""elevation"": 0.0}, {""range"": 0.9199438899576344, ""doppler"": 0.0, ""angle"": -6.159402005512765, ""elevation"": 0.0}, {""range"": 0.9268020573374348, ""doppler"": 0.0, ""angle"": -8.946190721793466, ""elevation"": 0.0}, {""range"": 1.2887985630628673, ""doppler"": 0.0, ""angle"": 24.947257805338694, ""elevation"": 0.0}, {""range"": 1.051612881175117, ""doppler"": 0.0, ""angle"": 30.830091127733603, ""elevation"": 0.0}]",1785085667748.7302
10,"[{""range"": 1.4763081683135981, ""doppler"": 0.0, ""angle"": -40.83012426733151, ""elevation"": 0.0}, {""range"": 0.913763839105924, ""doppler"": 0.0, ""angle"": -3.949814757255498, ""elevation"": 0.0}, {""range"": 0.9340381418562855, ""doppler"": 0.0, ""angle"": -1.3822036966969675, ""elevation"": 0.0}, {""range"": 0.9457596106169874, ""doppler"": 0.0, ""angle"": 1.60347294089092, ""elevation"": 0.0}, {""range"": 0.9664784637286641, ""doppler"": 0.0, ""angle"": 4.669445837912314, ""elevation"": 0.0}, {""range"": 1.0221143538311324, ""doppler"": 0.0, ""angle"": 23.65003995603728, ""elevation"": 0.0}, {""range"": 1.2475602156558665, ""doppler"": 0.0, ""angle"": 29.920081626920652, ""elevation"": 0.0}, {""range"": 1.2677558886049936, ""doppler"": 0.0, ""angle"": 29.08129199619965, ""elevation"": 0.0}, {""range"": 2.068508354553191, ""doppler"": 0.0, ""angle"": 44.21546322919668, ""elevation"": 0.0}, {""range"": 2.0783614355267264, ""doppler"": 0.0, ""angle"": 44.57125696049403, ""elevation"": 0.0}]",1785085667853.5427
10,"[{""range"": 1.4743998291252394, ""doppler"": 0.0, ""angle"": -39.493284694182705, ""elevation"": 0.0}, {""range"": 1.4915134375341748, ""doppler"": 0.0, ""angle"": -38.882944090531794, ""elevation"": 0.0}, {""range"": 0.9119658083284944, ""doppler"": 0.0, ""angle"": 0.32579601919601325, ""elevation"": 0.0}, {""range"": 0.9303614768964383, ""doppler"": 0.0, ""angle"": 2.9635906916639048, ""elevation"": 0.0}, {""range"": 0.9507797689898299, ""doppler"": 0.0, ""angle"": 9.898117457390063, ""elevation"": 0.0}, {""range"": 0.9761805120954642, ""doppler"": 0.0, ""angle"": 15.6426507201296, ""elevation"": 0.0}, {""range"": 1.0079748298080353, ""doppler"": 0.0, ""angle"": 13.29173608704002, ""elevation"": 0.0}, {""range"": 1.3089516241609005, ""doppler"": 0.0, ""angle"": 38.76126636829466, ""elevation"": 0.0}, {""range"": 1.3104277277032552, ""doppler"": 0.0, ""angle"": 41.531603521999465, ""elevation"": 0.0}, {""range"": 2.067052265849171, ""doppler"": 0.0, ""angle"": 44.91588587469834, ""elevation"": 0.0}]",1785085667953.414
11,"[{""range"": 1.4759881095990333, ""doppler"": 0.0, ""angle"": -38.10693431403029, ""elevation"": 0.0}, {""range"": 1.4916626355562745, ""doppler"": 0.0, ""angle"": -37.74908289468431, ""elevation"": 0.0}, {""range"": 0.9137448907421423, ""doppler"": 0.0, ""angle"": -1.9737747952242248, ""elevation"": 0.0}, {""range"": 0.929884622559489, ""doppler"": 0.0, ""angle"": 2.0387233717823183, ""elevation"": 0.0}, {""range"": 0.9515082619674567, ""doppler"": 0.0, ""angle"": 12.701655701231383, ""elevation"": 0.0}, {""range"": 1.1946202577081093, ""doppler"": 0.0, ""angle"": 16.46020173733133, ""elevation"": 0.0}, {""range"": 0.9723714317754539, ""doppler"": 0.0, ""angle"": 18.66151853092361, ""elevation"": 0.0}, {""range"": 1.244435274698322, ""doppler"": 0.0, ""angle"": 19.106658078333734, ""elevation"": 0.0}, {""range"": 1.2926597831275184, ""doppler"": 0.0, ""angle"": 35.09266203227577, ""elevation"": 0.0}, {""range"": 1.303148513325914, ""doppler"": 0.0, ""angle"": 39.86194177020173, ""elevation"": 0.0}, {""range"": 2.068567711346628, ""doppler"": 0.0, ""angle"": 44.10340370022638, ""elevation"": 0.0}]",1785085668053.298
11,"[{""range"": 1.4747284281996225, ""doppler"": 0.0, ""angle"": -39.069932570170614, ""elevation"": 0.0}, {""range"": 1.490916925064309, ""doppler"": 0.0, ""angle"": -38.73385872582898, ""elevation"": 0.0}, {""range"": 0.9555576399606892, ""doppler"": 0.0, ""angle"": 24.310853472272402, ""elevation"": 0.0}, {""range"": 0.969198741653829, ""doppler"": 0.0, ""angle"": 18.535233048717075, ""elevation"": 0.0}, {""range"": 0.9366891242247896, ""doppler"": 0.0, ""angle"": 33.48378298251362, ""elevation"": 0.0}, {""range"": 1.2057258645702575, ""doppler"": 0.0, ""angle"": 27.629129040853527, ""elevation"": 0.0}, {""range"": 1.2467453523208054, ""doppler"": 0.0, ""angle"": 33.72425490776511, ""elevation"": 0.0}, {""range"": 0.9171724382209525, ""doppler"": 0.0, ""angle"": 36.87659995176913, ""elevation"": 0.0}, {""range"": 1.2825802113781748, ""doppler"": 0.0, ""angle"": 36.18770412834195, ""elevation"": 0.0}, {""range"": 1.3024157888148133, ""doppler"": 0.0, ""angle"": 35.38770833364115, ""elevation"": 0.0}, {""range"": 2.065783179633689, ""doppler"": 0.0, ""angle"": 44.37225107704181, ""elevation"": 0.0}]",1785085668154.167
11,"[{""range"": 1.4748133741323384, ""doppler"": 0.0, ""angle"": -39.850043644546936, ""elevation"": 0.0}, {""range"": 1.4889629193243574, ""doppler"": 0.0, ""angle"": -40.51919836477422, ""elevation"": 0.0}, {""range"": 0.8936062446219549, ""doppler"": 0.0, ""angle"": 2.901910468883643, ""elevation"": 0.0}, {""range"": 0.9538344401551224, ""doppler"": 0.0, ""angle"": 25.13823729215973, ""elevation"": 0.0}, {""range"": 0.9749332053547437, ""doppler"": 0.0, ""angle"": 18.843698972109145, ""elevation"": 0.0}, {""range"": 1.0169589889326247, ""doppler"": 0.0, ""angle"": 24.284705290367405, ""elevation"": 0.0}, {""range"": 1.2058539436519375, ""doppler"": 0.0, ""angle"": 21.276020936161572, ""elevation"": 0.0}, {""range"": 1.25244327877884, ""doppler"": 0.0, ""angle"": 28.59217975242709, ""elevation"": 0.0}, {""range"": 1.279500767406342, ""doppler"": 0.0, ""angle"": 30.14116217845832, ""elevation"": 0.0}, {""range"": 1.301229049236511, ""doppler"": 0.0, ""angle"": 29.668707028266766, ""elevation"": 0.0}, {""range"": 0.9303753613605609, ""doppler"": 0.0, ""angle"": 35.116515248697894, ""elevation"": 0.0}]",1785085668254.0159
8,"[{""range"": 1.4750129929921267, ""doppler"": 0.0, ""angle"": -40.33384094359079, ""elevation"": 0.0}, {""range"": 0.9309645727628092, ""doppler"": 0.0, ""angle"": -12.546712639666508, ""elevation"": 0.0}, {""range"": 0.909765127089153, ""doppler"": 0.0, ""angle"": -8.101435355457483, ""elevation"": 0.0}, {""range"": 0.8975053281461621, ""doppler"": 0.0, ""angle"": -3.072184973630325, ""elevation"": 0.0}, {""range"": 0.9910437544081522, ""doppler"": 0.0, ""angle"": 19.8506227986646, ""elevation"": 0.0}, {""range"": 1.279240497525348, ""doppler"": 0.0, ""angle"": 34.596380902164604, ""elevation"": 0.0}, {""range"": 0.8604608457191827, ""doppler"": 0.0, ""angle"": 52.88006001596749, ""elevation"": 0.0}, {""range"": 0.8751235058529004, ""doppler"": 0.0, ""angle"": 49.043151003709134, ""elevation"": 0.0}]",1785085668348.887
11,"[{""range"": 0.9112457043920466, ""doppler"": 0.0, ""angle"": -6.014890897851099, ""elevation"": 0.0}, {""range"": 0.9205470898412307, ""doppler"": 0.0, ""angle"": -7.24235484908339, ""elevation"": 0.0}, {""range"": 0.9288118336340612, ""doppler"": 0.0, ""angle"": -8.591853159201193, ""elevation"": 0.0}, {""range"": 0.9805391995822602, ""doppler"": 0.0, ""angle"": 14.662194215575377, ""elevation"": 0.0}, {""range"": 1.133921871833231, ""doppler"": 0.0, ""angle"": 25.680104222803706, ""elevation"": 0.0}, {""range"": 1.2557135427196957, ""doppler"": 0.0, ""angle"": 25.163777606818826, ""elevation"": 0.0}, {""range"": 1.2784268563962744, ""doppler"": 0.0, ""angle"": 31.682579141944988, ""elevation"": 0.0}, {""range"": 2.0750016585603315, ""doppler"": 0.0, ""angle"": 39.52424994395023, ""elevation"": 0.0}, {""range"": 2.0945132872681334, ""doppler"": 0.0, ""angle"": 40.11370759572657, ""elevation"": 0.0}, {""range"": 0.7841378406842073, ""doppler"": 0.0, ""angle"": 48.35561021767123, ""elevation"": 0.0}, {""range"": 0.8051882656691439, ""doppler"": 0.0, ""angle"": 52.679665113136004, ""elevation"": 0.0}]",1785085668453.7202
10,"[{""range"": 1.4961724445324152, ""doppler"": 0.0, ""angle"": -40.11331298912086, ""elevation"": 0.0}, {""range"": 0.9142918033205527, ""doppler"": 0.0, ""angle"": -6.3216297998908395, ""elevation"": 0.0}, {""range"": 0.9241346497335691, ""doppler"": 0.0, ""angle"": -6.086764343318721, ""elevation"": 0.0}, {""range"": 0.9347818027447817, ""doppler"": 0.0, ""angle"": -5.455399202767578, ""elevation"": 0.0}, {""range"": 0.974178379852864, ""doppler"": 0.0, ""angle"": -0.021033691974746402, ""elevation"": 0.0}, {""range"": 1.063509896060875, ""doppler"": 0.0, ""angle"": 16.006265779350585, ""elevation"": 0.0}, {""range"": 1.1048076489239116, ""doppler"": 0.0, ""angle"": 21.515552895709586, ""elevation"": 0.0}, {""range"": 1.1213164618566738, ""doppler"": 0.0, ""angle"": 24.505204551076694, ""elevation"": 0.0}, {""range"": 1.280466557191524, ""doppler"": 0.0, ""angle"": 31.494804162805814, ""elevation"": 0.0}, {""range"": 1.294351972651347, ""doppler"": 0.0, ""angle"": 30.217123630788166, ""elevation"": 0.0}]",1785085668553.592
5,"[{""range"": 0.9144022375713579, ""doppler"": 0.0, ""angle"": -7.0541401660968015, ""elevation"": 0.0}, {""range"": 0.9264226378636844, ""doppler"": 0.0, ""angle"": -7.118157864434546, ""elevation"": 0.0}, {""range"": 0.9453855335063598, ""doppler"": 0.0, ""angle"": -3.339732732148364, ""elevation"": 0.0}, {""range"": 0.9787878517859541, ""doppler"": 0.0, ""angle"": 9.092344091854116, ""elevation"": 0.0}, {""range"": 2.0664175841985393, ""doppler"": 0.0, ""angle"": 42.54516772771198, ""elevation"": 0.0}]",1785085668648.457
12,"[{""range"": 0.9370092100375869, ""doppler"": 0.0, ""angle"": -11.92751408346633, ""elevation"": 0.0}, {""range"": 0.9104035374229262, ""doppler"": 0.0, ""angle"": -7.652648576846401, ""elevation"": 0.0}, {""range"": 0.9211141933395652, ""doppler"": 0.0, ""angle"": -9.870094943073184, ""elevation"": 0.0}, {""range"": 0.9787557555704861, ""doppler"": 0.0, ""angle"": 22.028834204663095, ""elevation"": 0.0}, {""range"": 1.1281536778355141, ""doppler"": 0.0, ""angle"": 31.016710102498294, ""elevation"": 0.0}, {""range"": 1.151791131934859, ""doppler"": 0.0, ""angle"": 30.14758907949946, ""elevation"": 0.0}, {""range"": 1.1988361624903803, ""doppler"": 0.0, ""angle"": 29.329356111414608, ""elevation"": 0.0}, {""range"": 1.2515036398701456, ""doppler"": 0.0, ""angle"": 26.711493745125527, ""elevation"": 0.0}, {""range"": 1.278703883039089, ""doppler"": 0.0, ""angle"": 32.51666609759811, ""elevation"": 0.0}, {""range"": 1.3000757571695147, ""doppler"": 0.0, ""angle"": 36.30721888303649, ""elevation"": 0.0}, {""range"": 2.0688692221944414, ""doppler"": 0.0, ""angle"": 41.45053233702391, ""elevation"": 0.0}, {""range"": 2.083056355522738, ""doppler"": 0.0, ""angle"": 44.20355196984371, ""elevation"": 0.0}]",1785085668753.314
9,"[{""range"": 0.9055392045078773, ""doppler"": 0.0, ""angle"": -5.711718924026654, ""elevation"": 0.0}, {""range"": 0.7581644392509818, ""doppler"": 0.0, ""angle"": -1.7434813889974217, ""elevation"": 0.0}, {""range"": 0.7973358446003421, ""doppler"": 0.0, ""angle"": 0.19274129867992815, ""elevation"": 0.0}, {""range"": 0.8368652981043597, ""doppler"": 0.0, ""angle"": -1.2365837122410763, ""elevation"": 0.0}, {""range"": 0.8695860616878066, ""doppler"": 0.0, ""angle"": -3.5013716862720634, ""elevation"": 0.0}, {""range"": 0.9442730286270601, ""doppler"": 0.0, ""angle"": -3.3001992274715652, ""elevation"": 0.0}, {""range"": 1.2628194145457532, ""doppler"": 0.0, ""angle"": 38.79791590273188, ""elevation"": 0.0}, {""range"": 1.279221251346815, ""doppler"": 0.0, ""angle"": 41.0382540160431, ""elevation"": 0.0}, {""range"": 1.3036355657070577, ""doppler"": 0.0, ""angle"": 47.42920602453723, ""elevation"": 0.0}]",1785085668848.2393
10,"[{""range"": 1.478605686860467, ""doppler"": 0.0, ""angle"": -38.81455312251966, ""elevation"": 0.0}, {""range"": 1.4918930914476518, ""doppler"": 0.0, ""angle"": -38.65980825409009, ""elevation"": 0.0}, {""range"": 0.9128306858944277, ""doppler"": 0.0, ""angle"": -4.38148907561191, ""elevation"": 0.0}, {""range"": 0.9263186590191705, ""doppler"": 0.0, ""angle"": -8.458575787928764, ""elevation"": 0.0}, {""range"": 0.9033882594441033, ""doppler"": 0.0, ""angle"": -3.040802666241429, ""elevation"": 0.0}, {""range"": 1.043302461471453, ""doppler"": 0.0, ""angle"": 18.00019244446544, ""elevation"": 0.0}, {""range"": 1.0144132618406294, ""doppler"": 0.0, ""angle"": 21.94394533774501, ""elevation"": 0.0}, {""range"": 1.2151233116584892, ""doppler"": 0.0, ""angle"": 29.28472612744657, ""elevation"": 0.0}, {""range"": 1.2473020608026844, ""doppler"": 0.0, ""angle"": 32.316216619177474, ""elevation"": 0.0}, {""range"": 1.261290992498961, ""doppler"": 0.0, ""angle"": 31.982135643134594, ""elevation"": 0.0}]",1785085668954.086
11,"[{""range"": 1.479034821071307, ""doppler"": 0.0, ""angle"": -40.72977377998122, ""elevation"": 0.0}, {""range"": 1.495374651680436, ""doppler"": 0.0, ""angle"": -40.36349251574274, ""elevation"": 0.0}, {""range"": 0.9136682009684269, ""doppler"": 0.0, ""angle"": -3.6917469570455177, ""elevation"": 0.0}, {""range"": 0.930128210973122, ""doppler"": 0.0, ""angle"": -3.8360558734609738, ""elevation"": 0.0}, {""range"": 0.9465102434058366, ""doppler"": 0.0, ""angle"": -2.013729032619077, ""elevation"": 0.0}, {""range"": 0.9767665620147716, ""doppler"": 0.0, ""angle"": -0.7552283424040266, ""elevation"": 0.0}, {""range"": 1.0770189043266032, ""doppler"": 0.0, ""angle"": 15.889209494634978, ""elevation"": 0.0}, {""range"": 1.1167541069917588, ""doppler"": 0.0, ""angle"": 20.390686794788383, ""elevation"": 0.0}, {""range"": 1.122512359460404, ""doppler"": 0.0, ""angle"": 20.964118786575927, ""elevation"": 0.0}, {""range"": 1.1487720259232843, ""doppler"": 0.0, ""angle"": 24.28304932222548, ""elevation"": 0.0}, {""range"": 1.2739183710000161, ""doppler"": 0.0, ""angle"": 44.60760824038005, ""elevation"": 0.0}]",1785085669053.962
7,"[{""range"": 0.9026084786938491, ""doppler"": 0.0, ""angle"": -6.118325105099496, ""elevation"": 0.0}, {""range"": 0.9303604974152786, ""doppler"": 0.0, ""angle"": -9.20162531364481, ""elevation"": 0.0}, {""range"": 0.96992798787322, ""doppler"": 0.0, ""angle"": 0.5281540989810797, ""elevation"": 0.0}, {""range"": 0.9865170590833024, ""doppler"": 0.0, ""angle"": -0.062311861798859454, ""elevation"": 0.0}, {""range"": 1.121814794635312, ""doppler"": 0.0, ""angle"": 18.45516508583585, ""elevation"": 0.0}, {""range"": 1.1377999631725608, ""doppler"": 0.0, ""angle"": 21.8482279498229, ""elevation"": 0.0}, {""range"": 1.239433213793236, ""doppler"": 0.0, ""angle"": 33.30490702963516, ""elevation"": 0.0}]",1785085669148.855
10,"[{""range"": 1.496932966738355, ""doppler"": 0.0, ""angle"": -39.678506344402884, ""elevation"": 0.0}, {""range"": 0.9021672476888584, ""doppler"": 0.0, ""angle"": -5.961452670757492, ""elevation"": 0.0}, {""range"": 0.9148878605997288, ""doppler"": 0.0, ""angle"": -8.814274188997326, ""elevation"": 0.0}, {""range"": 0.9380280569112889, ""doppler"": 0.0, ""angle"": -6.413766901778067, ""elevation"": 0.0}, {""range"": 0.987421247573863, ""doppler"": 0.0, ""angle"": 7.324495458111191, ""elevation"": 0.0}, {""range"": 1.1225074885668513, ""doppler"": 0.0, ""angle"": 20.681030687466375, ""elevation"": 0.0}, {""range"": 1.1405434267363108, ""doppler"": 0.0, ""angle"": 21.24259859937886, ""elevation"": 0.0}, {""range"": 1.0736839468321298, ""doppler"": 0.0, ""angle"": 27.397221856299772, ""elevation"": 0.0}, {""range"": 1.1802630633178173, ""doppler"": 0.0, ""angle"": 29.77718183632582, ""elevation"": 0.0}, {""range"": 1.230441251271135, ""doppler"": 0.0, ""angle"": 44.03436606768891, ""elevation"": 0.0}]",1785085669253.696
11,"[{""range"": 1.4982374703174366, ""doppler"": 0.0, ""angle"": -40.44998571986665, ""elevation"": 0.0}, {""range"": 0.903898990456214, ""doppler"": 0.0, ""angle"": 1.1221916977307307, ""elevation"": 0.0}, {""range"": 0.935857280489293, ""doppler"": 0.0, ""angle"": 6.880599291122125, ""elevation"": 0.0}, {""range"": 0.9603384093536773, ""doppler"": 0.0, ""angle"": 6.962255963590875, ""elevation"": 0.0}, {""range"": 0.9820200960674653, ""doppler"": 0.0, ""angle"": 4.354696315773558, ""elevation"": 0.0}, {""range"": 1.0769480073021664, ""doppler"": 0.0, ""angle"": 23.930613449368476, ""elevation"": 0.0}, {""range"": 1.117110470228934, ""doppler"": 0.0, ""angle"": 21.188297708375398, ""elevation"": 0.0}, {""range"": 1.122808589694112, ""doppler"": 0.0, ""angle"": 20.305072749062273, ""elevation"": 0.0}, {""range"": 1.1637879318300117, ""doppler"": 0.0, ""angle"": 22.99976804421482, ""elevation"": 0.0}, {""range"": 1.2348937428912306, ""doppler"": 0.0, ""angle"": 33.782108859678196, ""elevation"": 0.0}, {""range"": 1.2597158791281093, ""doppler"": 0.0, ""angle"": 35.49040561736599, ""elevation"": 0.0}]",1785085669353.556
12,"[{""range"": 1.4761790679763638, ""doppler"": 0.0, ""angle"": -39.54431353238387, ""elevation"": 0.0}, {""range"": 1.4919866182624186, ""doppler"": 0.0, ""angle"": -39.47058899629267, ""elevation"": 0.0}, {""range"": 0.9302309390549125, ""doppler"": 0.0, ""angle"": -11.869372070755183, ""elevation"": 0.0}, {""range"": 0.9065527176009837, ""doppler"": 0.0, ""angle"": -7.7081593629996705, ""elevation"": 0.0}, {""range"": 0.9130659020912424, ""doppler"": 0.0, ""angle"": -9.513973250903392, ""elevation"": 0.0}, {""range"": 0.9961702936598467, ""doppler"": 0.0, ""angle"": 9.901931791592023, ""elevation"": 0.0}, {""range"": 0.9686332832106344, ""doppler"": 0.0, ""angle"": 18.535291591636398, ""elevation"": 0.0}, {""range"": 1.10448482091829, ""doppler"": 0.0, ""angle"": 25.457362917819236, ""elevation"": 0.0}, {""range"": 1.131629701543648, ""doppler"": 0.0, ""angle"": 20.54544882246489, ""elevation"": 0.0}, {""range"": 1.0705440314545824, ""doppler"": 0.0, ""angle"": 27.59228417698558, ""elevation"": 0.0}, {""range"": 1.250393920930842, ""doppler"": 0.0, ""angle"": 34.076396849524635, ""elevation"": 0.0}, {""range"": 1.24334100331726, ""doppler"": 0.0, ""angle"": 34.47626950059333, ""elevation"": 0.0}]",1785085669453.423
8,"[{""range"": 1.478552781054447, ""doppler"": 0.0, ""angle"": -38.02023288440972, ""elevation"": 0.0}, {""range"": 1.49107403125754, ""doppler"": 0.0, ""angle"": -39.23284352431312, ""elevation"": 0.0}, {""range"": 0.9081897056597712, ""doppler"": 0.0, ""angle"": -3.589704468964448, ""elevation"": 0.0}, {""range"": 0.8320667168639957, ""doppler"": 0.0, ""angle"": -2.1429712756265094, ""elevation"": 0.0}, {""range"": 0.8602796919402895, ""doppler"": 0.0, ""angle"": -2.620948419244904, ""elevation"": 0.0}, {""range"": 0.8842537808500914, ""doppler"": 0.0, ""angle"": -3.0718571805862176, ""elevation"": 0.0}, {""range"": 0.9397027488076813, ""doppler"": 0.0, ""angle"": -1.657439384123934, ""elevation"": 0.0}, {""range"": 0.9815107279726991, ""doppler"": 0.0, ""angle"": -0.08350626918430193, ""elevation"": 0.0}]",1785085669548.295
10,"[{""range"": 0.9065660144218695, ""doppler"": 0.0, ""angle"": -1.9328717797158603, ""elevation"": 0.0}, {""range"": 0.9423584084834447, ""doppler"": 0.0, ""angle"": -0.2500558941203597, ""elevation"": 0.0}, {""range"": 0.9670514477718491, ""doppler"": 0.0, ""angle"": 3.6787673484210934, ""elevation"": 0.0}, {""range"": 0.9805107804088338, ""doppler"": 0.0, ""angle"": 4.696826003336876, ""elevation"": 0.0}, {""range"": 1.1660102917992075, ""doppler"": 0.0, ""angle"": 24.556668597582004, ""elevation"": 0.0}, {""range"": 1.2043987690965294, ""doppler"": 0.0, ""angle"": 26.610702143724666, ""elevation"": 0.0}, {""range"": 1.238024133816942, ""doppler"": 0.0, ""angle"": 30.606106076157918, ""elevation"": 0.0}, {""range"": 1.2626833002502376, ""doppler"": 0.0, ""angle"": 31.342253285559696, ""elevation"": 0.0}, {""range"": 2.076582810326523, ""doppler"": 0.0, ""angle"": 42.075225503326216, ""elevation"": 0.0}, {""range"": 2.089331067597425, ""doppler"": 0.0, ""angle"": 42.54087099911318, ""elevation"": 0.0}]",1785085669654.1792
4,"[{""range"": 0.9482071487884379, ""doppler"": 0.0, ""angle"": 14.536779327212987, ""elevation"": 0.0}, {""range"": 0.9678706869399917, ""doppler"": 0.0, ""angle"": 14.30067969984561, ""elevation"": 0.0}, {""range"": 0.9808396619783201, ""doppler"": 0.0, ""angle"": 13.752502981245703, ""elevation"": 0.0}, {""range"": 1.280719787183856, ""doppler"": 0.0, ""angle"": 38.2587693341558, ""elevation"": 0.0}]",1785085669748.023
5,"[{""range"": 1.4940966678795449, ""doppler"": 0.0, ""angle"": -41.30268270882241, ""elevation"": 0.0}, {""range"": 0.9329068613201894, ""doppler"": 0.0, ""angle"": -14.145449181997119, ""elevation"": 0.0}, {""range"": 0.9118343727400248, ""doppler"": 0.0, ""angle"": -3.8230436491682727, ""elevation"": 0.0}, {""range"": 0.9198496938615202, ""doppler"": 0.0, ""angle"": -8.698741105314019, ""elevation"": 0.0}, {""range"": 0.9851092042222587, ""doppler"": 0.0, ""angle"": 24.527444898329282, ""elevation"": 0.0}]",1785085669848.011
6,"[{""range"": 0.9564391120867697, ""doppler"": 0.0, ""angle"": -14.475312855010547, ""elevation"": 0.0}, {""range"": 1.1331124248304394, ""doppler"": 0.0, ""angle"": 31.776320155491025, ""elevation"": 0.0}, {""range"": 1.1418734990790735, ""doppler"": 0.0, ""angle"": 29.113864154709603, ""elevation"": 0.0}, {""range"": 1.1555869701506059, ""doppler"": 0.0, ""angle"": 29.976913529625634, ""elevation"": 0.0}, {""range"": 0.7914495018749939, ""doppler"": 0.0, ""angle"": 48.15038101384954, ""elevation"": 0.0}, {""range"": 0.808631526833458, ""doppler"": 0.0, ""angle"": 49.89756224041011, ""elevation"": 0.0}]",1785085669948.7468
9,"[{""range"": 1.4748960280290337, ""doppler"": 0.0, ""angle"": -41.42182725774617, ""elevation"": 0.0}, {""range"": 0.9122661789461816, ""doppler"": 0.0, ""angle"": -10.080843703406583, ""elevation"": 0.0}, {""range"": 0.9869988183040141, ""doppler"": 0.0, ""angle"": 17.088991902460197, ""elevation"": 0.0}, {""range"": 0.9724806298591955, ""doppler"": 0.0, ""angle"": 23.45865938641801, ""elevation"": 0.0}, {""range"": 1.2227807005748803, ""doppler"": 0.0, ""angle"": 22.030124621497674, ""elevation"": 0.0}, {""range"": 1.1924091068736045, ""doppler"": 0.0, ""angle"": 26.745648904854914, ""elevation"": 0.0}, {""range"": 0.8308236508475579, ""doppler"": 0.0, ""angle"": 52.13366868642484, ""elevation"": 0.0}, {""range"": 0.8530690141285479, ""doppler"": 0.0, ""angle"": 51.89538784100174, ""elevation"": 0.0}, {""range"": 0.8683575821788158, ""doppler"": 0.0, ""angle"": 49.342397540134286, ""elevation"": 0.0}]",1785085670048.643
7,"[{""range"": 1.477816898880064, ""doppler"": 0.0, ""angle"": -39.151363816484526, ""elevation"": 0.0}, {""range"": 1.4908175724793118, ""doppler"": 0.0, ""angle"": -38.90451375199229, ""elevation"": 0.0}, {""range"": 0.9740927928879448, ""doppler"": 0.0, ""angle"": 17.267438222410004, ""elevation"": 0.0}, {""range"": 0.981626238307732, ""doppler"": 0.0, ""angle"": 12.904653393967772, ""elevation"": 0.0}, {""range"": 0.8997987179680949, ""doppler"": 0.0, ""angle"": 52.216890842528386, ""elevation"": 0.0}, {""range"": 0.9145089698458881, ""doppler"": 0.0, ""angle"": 44.19195491639023, ""elevation"": 0.0}, {""range"": 0.874302974228732, ""doppler"": 0.0, ""angle"": 54.791980449562395, ""elevation"": 0.0}]",1785085670148.532
7,"[{""range"": 1.473158758018109, ""doppler"": 0.0, ""angle"": -38.0341839318146, ""elevation"": 0.0}, {""range"": 1.4898842464285835, ""doppler"": 0.0, ""angle"": -39.975498914375244, ""elevation"": 0.0}, {""range"": 0.8850618719905591, ""doppler"": 0.0, ""angle"": -4.252214566741725, ""elevation"": 0.0}, {""range"": 0.9740144697124162, ""doppler"": 0.0, ""angle"": 13.115242627010074, ""elevation"": 0.0}, {""range"": 0.9607248693617355, ""doppler"": 0.0, ""angle"": 22.32619024780241, ""elevation"": 0.0}, {""range"": 1.209594481678775, ""doppler"": 0.0, ""angle"": 25.095182429988654, ""elevation"": 0.0}, {""range"": 0.9324913682614547, ""doppler"": 0.0, ""angle"": 54.49042089389798, ""elevation"": 0.0}]",1785085670248.415
6,"[{""range"": 1.4746355956489878, ""doppler"": 0.0, ""angle"": -38.600130823285156, ""elevation"": 0.0}, {""range"": 1.4925426967110895, ""doppler"": 0.0, ""angle"": -39.60430589398069, ""elevation"": 0.0}, {""range"": 0.8877673887416672, ""doppler"": 0.0, ""angle"": -6.976148143429288, ""elevation"": 0.0}, {""range"": 0.9755543704703131, ""doppler"": 0.0, ""angle"": 12.469574335262415, ""elevation"": 0.0}, {""range"": 0.9665241839482303, ""doppler"": 0.0, ""angle"": 19.24952587268173, ""elevation"": 0.0}, {""range"": 0.9533417576368537, ""doppler"": 0.0, ""angle"": 30.38871686824446, ""elevation"": 0.0}]",1785085670348.2517
6,"[{""range"": 1.4782883750284976, ""doppler"": 0.0, ""angle"": -41.36130456004386, ""elevation"": 0.0}, {""range"": 1.4929214356522658, ""doppler"": 0.0, ""angle"": -41.03227773822769, ""elevation"": 0.0}, {""range"": 0.8778261609190849, ""doppler"": 0.0, ""angle"": -8.115247342947976, ""elevation"": 0.0}, {""range"": 0.9770352136949402, ""doppler"": 0.0, ""angle"": 13.634406432436972, ""elevation"": 0.0}, {""range"": 0.9779168135144981, ""doppler"": 0.0, ""angle"": 11.186654073897115, ""elevation"": 0.0}, {""range"": 1.0027462626249133, ""doppler"": 0.0, ""angle"": 11.458211071573457, ""elevation"": 0.0}]",1785085670448.104
6,"[{""range"": 1.477589138109845, ""doppler"": 0.0, ""angle"": -39.64310712452667, ""elevation"": 0.0}, {""range"": 1.4947683429542162, ""doppler"": 0.0, ""angle"": -38.16954544539993, ""elevation"": 0.0}, {""range"": 0.8903739063403215, ""doppler"": 0.0, ""angle"": -6.005994511081179, ""elevation"": 0.0}, {""range"": 0.9096428466335283, ""doppler"": 0.0, ""angle"": -8.592026626129583, ""elevation"": 0.0}, {""range"": 0.9697163904795894, ""doppler"": 0.0, ""angle"": 15.09203114385947, ""elevation"": 0.0}, {""range"": 0.9721378691457313, ""doppler"": 0.0, ""angle"": 12.190446239545716, ""elevation"": 0.0}]",1785085670547.961
7,"[{""range"": 1.477995646807847, ""doppler"": 0.0, ""angle"": -40.126860764388866, ""elevation"": 0.0}, {""range"": 1.4941440799459589, ""doppler"": 0.0, ""angle"": -39.22524047941017, ""elevation"": 0.0}, {""range"": 0.8957045568222288, ""doppler"": 0.0, ""angle"": -2.8378436919554844, ""elevation"": 0.0}, {""range"": 0.9444159299259969, ""doppler"": 0.0, ""angle"": 17.395442485135963, ""elevation"": 0.0}, {""range"": 0.9615147154968775, ""doppler"": 0.0, ""angle"": 15.080360061697503, ""elevation"": 0.0}, {""range"": 0.9690992369737842, ""doppler"": 0.0, ""angle"": 13.628551581989356, ""elevation"": 0.0}, {""range"": 1.0062484182056122, ""doppler"": 0.0, ""angle"": 27.334595325875544, ""elevation"": 0.0}]",1785085670648.849
6,"[{""range"": 1.4782219606040503, ""doppler"": 0.0, ""angle"": -40.75690760287616, ""elevation"": 0.0}, {""range"": 1.494617369133621, ""doppler"": 0.0, ""angle"": -39.850332039550885, ""elevation"": 0.0}, {""range"": 0.9042734339551839, ""doppler"": 0.0, ""angle"": 1.9944566347032895, ""elevation"": 0.0}, {""range"": 0.934260301216274, ""doppler"": 0.0, ""angle"": 15.031018913725088, ""elevation"": 0.0}, {""range"": 0.9507432632671052, ""doppler"": 0.0, ""angle"": 13.730452821357375, ""elevation"": 0.0}, {""range"": 0.9676108251576062, ""doppler"": 0.0, ""angle"": 11.102279789716858, ""elevation"": 0.0}]",1785085670748.6829
7,"[{""range"": 1.4763399624529912, ""doppler"": 0.0, ""angle"": -40.072131423521576, ""elevation"": 0.0}, {""range"": 0.9451045190470444, ""doppler"": 0.0, ""angle"": 3.2321445843327443, ""elevation"": 0.0}, {""range"": 0.97286220076834, ""doppler"": 0.0, ""angle"": 9.308236510216547, ""elevation"": 0.0}, {""range"": 1.155442042466773, ""doppler"": 0.0, ""angle"": 29.409436185368392, ""elevation"": 0.0}, {""range"": 0.885896891486707, ""doppler"": 0.0, ""angle"": 52.77621503470172, ""elevation"": 0.0}, {""range"": 0.8919920325071149, ""doppler"": 0.0, ""angle"": 49.69147315235928, ""elevation"": 0.0}, {""range"": 0.8717416980144049, ""doppler"": 0.0, ""angle"": 55.860102860445075, ""elevation"": 0.0}]",1785085670848.644
8,"[{""range"": 0.8984541674066381, ""doppler"": 0.0, ""angle"": -11.131023517593817, ""elevation"": 0.0}, {""range"": 0.9653192032851998, ""doppler"": 0.0, ""angle"": 17.696555521945214, ""elevation"": 0.0}, {""range"": 0.9742615470955777, ""doppler"": 0.0, ""angle"": 14.454527874360112, ""elevation"": 0.0}, {""range"": 0.952455622981337, ""doppler"": 0.0, ""angle"": 23.841257140134054, ""elevation"": 0.0}, {""range"": 1.0168710912260526, ""doppler"": 0.0, ""angle"": 20.257699958435154, ""elevation"": 0.0}, {""range"": 1.1624393367932107, ""doppler"": 0.0, ""angle"": 23.536519204425716, ""elevation"": 0.0}, {""range"": 1.1807502066931934, ""doppler"": 0.0, ""angle"": 20.476831706970206, ""elevation"": 0.0}, {""range"": 0.8039487214265029, ""doppler"": 0.0, ""angle"": 53.028152676140394, ""elevation"": 0.0}]",1785085670948.5051
5,"[{""range"": 0.8976851674172208, ""doppler"": 0.0, ""angle"": -6.393126678924989, ""elevation"": 0.0}, {""range"": 0.909460010381087, ""doppler"": 0.0, ""angle"": -6.128704897690352, ""elevation"": 0.0}, {""range"": 1.0982091099925042, ""doppler"": 0.0, ""angle"": 21.430680320501455, ""elevation"": 0.0}, {""range"": 0.6843955880407365, ""doppler"": 0.0, ""angle"": 41.218314753981396, ""elevation"": 0.0}, {""range"": 0.7028862792893428, ""doppler"": 0.0, ""angle"": 39.04224490265354, ""elevation"": 0.0}]",1785085671048.322
7,"[{""range"": 0.9158269477660529, ""doppler"": 0.0, ""angle"": 2.1707819857503505, ""elevation"": 0.0}, {""range"": 0.9356645819558238, ""doppler"": 0.0, ""angle"": 4.702716810462451, ""elevation"": 0.0}, {""range"": 0.947102988603141, ""doppler"": 0.0, ""angle"": 5.742884574723023, ""elevation"": 0.0}, {""range"": 0.9642838805431261, ""doppler"": 0.0, ""angle"": 8.950532417779602, ""elevation"": 0.0}, {""range"": 1.235850680684654, ""doppler"": 0.0, ""angle"": 25.211713302184243, ""elevation"": 0.0}, {""range"": 1.098062418527872, ""doppler"": 0.0, ""angle"": 33.73147181271632, ""elevation"": 0.0}, {""range"": 2.0611600421166725, ""doppler"": 0.0, ""angle"": 40.72206244465289, ""elevation"": 0.0}]",1785085671148.261
12,"[{""range"": 1.4771196575389633, ""doppler"": 0.0, ""angle"": -36.270617383047515, ""elevation"": 0.0}, {""range"": 1.4918634398229913, ""doppler"": 0.0, ""angle"": -37.5003414266999, ""elevation"": 0.0}, {""range"": 0.8946711603116054, ""doppler"": 0.0, ""angle"": -6.103710629776098, ""elevation"": 0.0}, {""range"": 0.9015313041419417, ""doppler"": 0.0, ""angle"": -7.464724594522252, ""elevation"": 0.0}, {""range"": 0.719417548833665, ""doppler"": 0.0, ""angle"": -0.6693460428936523, ""elevation"": 0.0}, {""range"": 0.7421012883326915, ""doppler"": 0.0, ""angle"": -0.45559539126015997, ""elevation"": 0.0}, {""range"": 0.7673309294899758, ""doppler"": 0.0, ""angle"": -0.5874914814405148, ""elevation"": 0.0}, {""range"": 0.8365723300120351, ""doppler"": 0.0, ""angle"": -0.796063707152924, ""elevation"": 0.0}, {""range"": 1.0209020430575948, ""doppler"": 0.0, ""angle"": 18.060471936199185, ""elevation"": 0.0}, {""range"": 1.0463331096150361, ""doppler"": 0.0, ""angle"": 25.260014138517008, ""elevation"": 0.0}, {""range"": 1.077987926579022, ""doppler"": 0.0, ""angle"": 23.128705471359094, ""elevation"": 0.0}, {""range"": 1.1910968105863067, ""doppler"": 0.0, ""angle"": 38.00021518126871, ""elevation"": 0.0}]",1785085671254.06
8,"[{""range"": 1.4985699317974035, ""doppler"": 0.0, ""angle"": -40.06292504914467, ""elevation"": 0.0}, {""range"": 0.9036974075552117, ""doppler"": 0.0, ""angle"": -4.949116075131479, ""elevation"": 0.0}, {""range"": 0.9177088591153174, ""doppler"": 0.0, ""angle"": -3.2392796870953537, ""elevation"": 0.0}, {""range"": 0.947987313448563, ""doppler"": 0.0, ""angle"": 6.9118773539948135, ""elevation"": 0.0}, {""range"": 1.0329717594554404, ""doppler"": 0.0, ""angle"": 24.275682104814653, ""elevation"": 0.0}, {""range"": 1.0725713811990438, ""doppler"": 0.0, ""angle"": 23.637581985220535, ""elevation"": 0.0}, {""range"": 1.0784832291019186, ""doppler"": 0.0, ""angle"": 23.334554379369315, ""elevation"": 0.0}, {""range"": 1.0948197929117345, ""doppler"": 0.0, ""angle"": 25.656866294001617, ""elevation"": 0.0}]",1785085671349.007
