num_points,points,timestamp_ms
8,"[{""range"": 0.693494406776828, ""doppler"": 0.0, ""angle"": -40.136592876842535, ""elevation"": 0.0}, {""range"": 0.6533387437882405, ""doppler"": 0.0, ""angle"": -26.56505117707799, ""elevation"": 0.0}, {""range"": 0.6670934162089194, ""doppler"": 0.0, ""angle"": -32.96592151244271, ""elevation"": 0.0}, {""range"": 1.1696375266417744, ""doppler"": 0.0, ""angle"": -19.52360660154506, ""elevation"": 0.0}, {""range"": 1.0796312248422122, ""doppler"": 0.0, ""angle"": -8.716581499071202, ""elevation"": 0.0}, {""range"": 1.0915943367907313, ""doppler"": 0.0, ""angle"": -9.028739133844198, ""elevation"": 0.0}, {""range"": 1.1134160168031146, ""doppler"": 0.0, ""angle"": -9.950944696612911, ""elevation"": 0.0}, {""range"": 0.7423391513987629, ""doppler"": 0.0, ""angle"": 18.6269814904152, ""elevation"": 0.0}]",1785101226273.7688
9,"[{""range"": 0.7166912678654176, ""doppler"": 0.0, ""angle"": -43.817248284127444, ""elevation"": 0.0}, {""range"": 0.6698002890473698, ""doppler"": 0.0, ""angle"": -33.12582522081002, ""elevation"": 0.0}, {""range"": 1.1705388095123814, ""doppler"": 0.0, ""angle"": -21.056991476593325, ""elevation"": 0.0}, {""range"": 1.080208598433644, ""doppler"": 0.0, ""angle"": -9.09589617408291, ""elevation"": 0.0}, {""range"": 1.091221494987245, ""doppler"": 0.0, ""angle"": -9.203011183332064, ""elevation"": 0.0}, {""range"": 1.1120718624914978, ""doppler"": 0.0, ""angle"": -10.140866876745191, ""elevation"": 0.0}, {""range"": 2.031276056997397, ""doppler"": 0.0, ""angle"": 44.83237510400826, ""elevation"": 0.0}, {""range"": 2.0516200994625664, ""doppler"": 0.0, ""angle"": 46.55388174366702, ""elevation"": 0.0}, {""range"": 2.0846783475676576, ""doppler"": 0.0, ""angle"": 48.24402088931707, ""elevation"": 0.0}]",1785101226274.079
9,"[{""range"": 0.6897146441531543, ""doppler"": 0.0, ""angle"": -42.846248021530975, ""elevation"": 0.0}, {""range"": 0.7172764308271914, ""doppler"": 0.0, ""angle"": -36.46424024928448, ""elevation"": 0.0}, {""range"": 1.1721804281815216, ""doppler"": 0.0, ""angle"": -21.28852045747345, ""elevation"": 0.0}, {""range"": 1.0514262379431771, ""doppler"": 0.0, ""angle"": -7.013823565337413, ""elevation"": 0.0}, {""range"": 1.0791745078268389, ""doppler"": 0.0, ""angle"": -8.931661933580576, ""elevation"": 0.0}, {""range"": 1.0903320664963674, ""doppler"": 0.0, ""angle"": -9.610620470371028, ""elevation"": 0.0}, {""range"": 1.1113995497192302, ""doppler"": 0.0, ""angle"": -10.765755544742913, ""elevation"": 0.0}, {""range"": 2.0319390249042897, ""doppler"": 0.0, ""angle"": 46.950605950807216, ""elevation"": 0.0}, {""range"": 2.037164655050023, ""doppler"": 0.0, ""angle"": 49.4532545644987, ""elevation"": 0.0}]",1785101226274.283
9,"[{""range"": 0.6980225411631875, ""doppler"": 0.0, ""angle"": -37.71535710580718, ""elevation"": 0.0}, {""range"": 0.713484179512025, ""doppler"": 0.0, ""angle"": -35.65786454393491, ""elevation"": 0.0}, {""range"": 1.1698156002068776, ""doppler"": 0.0, ""angle"": -20.817433937982404, ""elevation"": 0.0}, {""range"": 1.0796111893917313, ""doppler"": 0.0, ""angle"": -8.956839392174595, ""elevation"": 0.0}, {""range"": 1.0907991200722973, ""doppler"": 0.0, ""angle"": -9.41599889074887, ""elevation"": 0.0}, {""range"": 1.1117272293138296, ""doppler"": 0.0, ""angle"": -10.041078378996238, ""elevation"": 0.0}, {""range"": 2.0329277473736513, ""doppler"": 0.0, ""angle"": 46.58243264583393, ""elevation"": 0.0}, {""range"": 2.044472267515084, ""doppler"": 0.0, ""angle"": 51.195406926239066, ""elevation"": 0.0}, {""range"": 1.9055685606807495, ""doppler"": 0.0, ""angle"": 56.544047127247424, ""elevation"": 0.0}]",1785101226274.508
6,"[{""range"": 0.6806612480350225, ""doppler"": 0.0, ""angle"": -19.28223241576027, ""elevation"": 0.0}, {""range"": 1.167415703729158, ""doppler"": 0.0, ""angle"": -18.8096070931346, ""elevation"": 0.0}, {""range"": 1.0786794782585176, ""doppler"": 0.0, ""angle"": -8.762770990271102, ""elevation"": 0.0}, {""range"": 1.0915956841983767, ""doppler"": 0.0, ""angle"": -9.323453545142739, ""elevation"": 0.0}, {""range"": 1.1138452162672379, ""doppler"": 0.0, ""angle"": -10.180617915299258, ""elevation"": 0.0}, {""range"": 0.7556979183602814, ""doppler"": 0.0, ""angle"": 26.53473595265128, ""elevation"": 0.0}]",1785101226274.6938
7,"[{""range"": 0.6950479916053662, ""doppler"": 0.0, ""angle"": -42.10115966400896, ""elevation"": 0.0}, {""range"": 0.6623266679164242, ""doppler"": 0.0, ""angle"": -31.71188079488452, ""elevation"": 0.0}, {""range"": 0.6478369860889979, ""doppler"": 0.0, ""angle"": -21.14651162384398, ""elevation"": 0.0}, {""range"": 1.1676700656423122, ""doppler"": 0.0, ""angle"": -18.981557672210783, ""elevation"": 0.0}, {""range"": 1.0787890154137034, ""doppler"": 0.0, ""angle"": -8.675401808659121, ""elevation"": 0.0}, {""range"": 1.0912900583357061, ""doppler"": 0.0, ""angle"": -9.107334312254409, ""elevation"": 0.0}, {""range"": 1.1121594954989966, ""doppler"": 0.0, ""angle"": -9.793989462177588, ""elevation"": 0.0}]",1785101226274.8977
8,"[{""range"": 0.6937420683561384, ""doppler"": 0.0, ""angle"": -35.283596178083144, ""elevation"": 0.0}, {""range"": 0.669134668144326, ""doppler"": 0.0, ""angle"": -27.20871995907346, ""elevation"": 0.0}, {""range"": 0.6508533682728396, ""doppler"": 0.0, ""angle"": -20.959529954642214, ""elevation"": 0.0}, {""range"": 1.172160801689325, ""doppler"": 0.0, ""angle"": -19.609727776729134, ""elevation"": 0.0}, {""range"": 1.078387700352515, ""doppler"": 0.0, ""angle"": -8.534523788404634, ""elevation"": 0.0}, {""range"": 1.0903764055984158, ""doppler"": 0.0, ""angle"": -8.924755580694075, ""elevation"": 0.0}, {""range"": 1.112264714987283, ""doppler"": 0.0, ""angle"": -9.270004397720419, ""elevation"": 0.0}, {""range"": 1.9118346511350273, ""doppler"": 0.0, ""angle"": 55.97254391348287, ""elevation"": 0.0}]",1785101226275.094
8,"[{""range"": 0.6350607527381363, ""doppler"": 0.0, ""angle"": -25.966212676144902, ""elevation"": 0.0}, {""range"": 0.6496382832219947, ""doppler"": 0.0, ""angle"": -32.08896805208725, ""elevation"": 0.0}, {""range"": 1.1686006243142204, ""doppler"": 0.0, ""angle"": -18.78981991544406, ""elevation"": 0.0}, {""range"": 1.0801737584009243, ""doppler"": 0.0, ""angle"": -9.144223499950165, ""elevation"": 0.0}, {""range"": 1.0909181823417544, ""doppler"": 0.0, ""angle"": -9.567310314905132, ""elevation"": 0.0}, {""range"": 1.1123178384227925, ""doppler"": 0.0, ""angle"": -10.054399921264606, ""elevation"": 0.0}, {""range"": 2.0295732947807004, ""doppler"": 0.0, ""angle"": 45.496163122227784, ""elevation"": 0.0}, {""range"": 2.0472526742570496, ""doppler"": 0.0, ""angle"": 48.33529116399508, ""elevation"": 0.0}]",1785101226275.316
10,"[{""range"": 0.668474817878064, ""doppler"": 0.0, ""angle"": -34.659288543413176, ""elevation"": 0.0}, {""range"": 0.6920020016135203, ""doppler"": 0.0, ""angle"": -42.32946002761914, ""elevation"": 0.0}, {""range"": 0.6406820422069984, ""doppler"": 0.0, ""angle"": -25.792667037479358, ""elevation"": 0.0}, {""range"": 1.166364161128672, ""doppler"": 0.0, ""angle"": -20.11293680849595, ""elevation"": 0.0}, {""range"": 1.0794458271962475, ""doppler"": 0.0, ""angle"": -9.083154170407562, ""elevation"": 0.0}, {""range"": 1.0917551352200434, ""doppler"": 0.0, ""angle"": -9.76933257476999, ""elevation"": 0.0}, {""range"": 1.1124727098032465, ""doppler"": 0.0, ""angle"": -10.661519538815375, ""elevation"": 0.0}, {""range"": 0.7480169028191616, ""doppler"": 0.0, ""angle"": 25.395036988051512, ""elevation"": 0.0}, {""range"": 2.029294614316777, ""doppler"": 0.0, ""angle"": 45.40340931514487, ""elevation"": 0.0}, {""range"": 2.043717493419905, ""doppler"": 0.0, ""angle"": 48.152892015341735, ""elevation"": 0.0}]",1785101226275.515
7,"[{""range"": 0.6599400240898139, ""doppler"": 0.0, ""angle"": -30.407297523170016, ""elevation"": 0.0}, {""range"": 1.166076267448092, ""doppler"": 0.0, ""angle"": -19.37131618577764, ""elevation"": 0.0}, {""range"": 1.0807033861630702, ""doppler"": 0.0, ""angle"": -9.139703715709302, ""elevation"": 0.0}, {""range"": 1.0919376962018763, ""doppler"": 0.0, ""angle"": -9.824812207479704, ""elevation"": 0.0}, {""range"": 1.1119265541621641, ""doppler"": 0.0, ""angle"": -10.7605921835458, ""elevation"": 0.0}, {""range"": 2.0329496803186644, ""doppler"": 0.0, ""angle"": 46.47190637472051, ""elevation"": 0.0}, {""range"": 2.043635854997404, ""doppler"": 0.0, ""angle"": 50.4781421482324, ""elevation"": 0.0}]",1785101226275.708
7,"[{""range"": 0.662626152233715, ""doppler"": 0.0, ""angle"": -26.23314595697376, ""elevation"": 0.0}, {""range"": 1.1685747676070666, ""doppler"": 0.0, ""angle"": -21.0752784963403, ""elevation"": 0.0}, {""range"": 1.0812228034054412, ""doppler"": 0.0, ""angle"": -8.828290167284713, ""elevation"": 0.0}, {""range"": 1.0917990065259129, ""doppler"": 0.0, ""angle"": -9.03653411362823, ""elevation"": 0.0}, {""range"": 1.113329286850092, ""doppler"": 0.0, ""angle"": -10.597043357043708, ""elevation"": 0.0}, {""range"": 2.0308539010649436, ""doppler"": 0.0, ""angle"": 47.09442656546404, ""elevation"": 0.0}, {""range"": 2.0486405846163516, ""doppler"": 0.0, ""angle"": 47.731020660009534, ""elevation"": 0.0}]",1785101226275.894
6,"[{""range"": 1.3298466350615439, ""doppler"": 0.0, ""angle"": -44.40619793017993, ""elevation"": 0.0}, {""range"": 0.657942852236107, ""doppler"": 0.0, ""angle"": -23.039106563183612, ""elevation"": 0.0}, {""range"": 1.1661850121785036, ""doppler"": 0.0, ""angle"": -20.44396683041618, ""elevation"": 0.0}, {""range"": 1.0794067265745488, ""doppler"": 0.0, ""angle"": -8.948941294780226, ""elevation"": 0.0}, {""range"": 1.0914482210662395, ""doppler"": 0.0, ""angle"": -9.334237156914558, ""elevation"": 0.0}, {""range"": 1.1117599732672625, ""doppler"": 0.0, ""angle"": -10.715325530064346, ""elevation"": 0.0}]",1785101226276.0862
6,"[{""range"": 0.6757067219944342, ""doppler"": 0.0, ""angle"": -39.44836285045003, ""elevation"": 0.0}, {""range"": 0.6913101415461904, ""doppler"": 0.0, ""angle"": -38.75238870999508, ""elevation"": 0.0}, {""range"": 1.1650776367617577, ""doppler"": 0.0, ""angle"": -18.607358433091374, ""elevation"": 0.0}, {""range"": 1.0794681909302775, ""doppler"": 0.0, ""angle"": -8.785128177981836, ""elevation"": 0.0}, {""range"": 1.0919397898827414, ""doppler"": 0.0, ""angle"": -9.082865076625657, ""elevation"": 0.0}, {""range"": 1.1126994017055771, ""doppler"": 0.0, ""angle"": -9.462322208025617, ""elevation"": 0.0}]",1785101226276.276
8,"[{""range"": 0.7453927647282433, ""doppler"": 0.0, ""angle"": -45.47623893822921, ""elevation"": 0.0}, {""range"": 0.7059272021203763, ""doppler"": 0.0, ""angle"": -38.04555176124734, ""elevation"": 0.0}, {""range"": 0.6771996031695549, ""doppler"": 0.0, ""angle"": -32.162542083766866, ""elevation"": 0.0}, {""range"": 0.6516185124837754, ""doppler"": 0.0, ""angle"": -22.03206287659613, ""elevation"": 0.0}, {""range"": 1.1660981076914958, ""doppler"": 0.0, ""angle"": -18.64610484701715, ""elevation"": 0.0}, {""range"": 1.0800960820989498, ""doppler"": 0.0, ""angle"": -8.875973241637599, ""elevation"": 0.0}, {""range"": 1.0924060390047465, ""doppler"": 0.0, ""angle"": -9.116948172419056, ""elevation"": 0.0}, {""range"": 1.112809957603622, ""doppler"": 0.0, ""angle"": -9.825581119524138, ""elevation"": 0.0}]",1785101226276.464
8,"[{""range"": 0.6863480022145223, ""doppler"": 0.0, ""angle"": -34.48084646906384, ""elevation"": 0.0}, {""range"": 0.7075821700954725, ""doppler"": 0.0, ""angle"": -36.180667067304896, ""elevation"": 0.0}, {""range"": 0.7360521086831928, ""doppler"": 0.0, ""angle"": -40.32953804487345, ""elevation"": 0.0}, {""range"": 0.6611274223770925, ""doppler"": 0.0, ""angle"": -30.490687740922954, ""elevation"": 0.0}, {""range"": 1.1696553502534077, ""doppler"": 0.0, ""angle"": -18.310302653688392, ""elevation"": 0.0}, {""range"": 1.0793516278397957, ""doppler"": 0.0, ""angle"": -8.296557924920588, ""elevation"": 0.0}, {""range"": 1.091017493548682, ""doppler"": 0.0, ""angle"": -8.957492636354617, ""elevation"": 0.0}, {""range"": 1.1126806226338921, ""doppler"": 0.0, ""angle"": -9.948240046651199, ""elevation"": 0.0}]",1785101226276.652
8,"[{""range"": 0.7000940046121493, ""doppler"": 0.0, ""angle"": -36.99575147485246, ""elevation"": 0.0}, {""range"": 0.7134702196646686, ""doppler"": 0.0, ""angle"": -34.4308684393772, ""elevation"": 0.0}, {""range"": 1.1657315404966568, ""doppler"": 0.0, ""angle"": -17.514982141052897, ""elevation"": 0.0}, {""range"": 1.0801940202219298, ""doppler"": 0.0, ""angle"": -8.405077061474444, ""elevation"": 0.0}, {""range"": 1.091696222479114, ""doppler"": 0.0, ""angle"": -8.942377474941308, ""elevation"": 0.0}, {""range"": 1.1135856663306924, ""doppler"": 0.0, ""angle"": -9.62264893585096, ""elevation"": 0.0}, {""range"": 1.8832065718016857, ""doppler"": 0.0, ""angle"": 45.06155043101678, ""elevation"": 0.0}, {""range"": 1.9029890105131029, ""doppler"": 0.0, ""angle"": 49.35549279366511, ""elevation"": 0.0}]",1785101226276.8418
8,"[{""range"": 0.6859903357735563, ""doppler"": 0.0, ""angle"": -42.971930110246696, ""elevation"": 0.0}, {""range"": 0.7168813203688972, ""doppler"": 0.0, ""angle"": -37.25577009733073, ""elevation"": 0.0}, {""range"": 1.1649696943998953, ""doppler"": 0.0, ""angle"": -17.600603247375222, ""elevation"": 0.0}, {""range"": 1.08047708355543, ""doppler"": 0.0, ""angle"": -9.064809301869246, ""elevation"": 0.0}, {""range"": 1.091007470516972, ""doppler"": 0.0, ""angle"": -9.595090462239517, ""elevation"": 0.0}, {""range"": 1.1117198233232612, ""doppler"": 0.0, ""angle"": -10.144112075217777, ""elevation"": 0.0}, {""range"": 1.8813737617268724, ""doppler"": 0.0, ""angle"": 42.55794934817729, ""elevation"": 0.0}, {""range"": 1.9040160877436978, ""doppler"": 0.0, ""angle"": 47.60722698366754, ""elevation"": 0.0}]",1785101226277.032
8,"[{""range"": 0.7052946113506707, ""doppler"": 0.0, ""angle"": -54.597413686576864, ""elevation"": 0.0}, {""range"": 1.169144864171042, ""doppler"": 0.0, ""angle"": -20.30578867593211, ""elevation"": 0.0}, {""range"": 1.0790685359581196, ""doppler"": 0.0, ""angle"": -8.519498188154097, ""elevation"": 0.0}, {""range"": 1.0909982093882815, ""doppler"": 0.0, ""angle"": -8.64406521833858, ""elevation"": 0.0}, {""range"": 1.11178860366332, ""doppler"": 0.0, ""angle"": -9.5168607442367, ""elevation"": 0.0}, {""range"": 2.0221637435290942, ""doppler"": 0.0, ""angle"": 44.982087232649796, ""elevation"": 0.0}, {""range"": 2.041938357409103, ""doppler"": 0.0, ""angle"": 44.5990886482378, ""elevation"": 0.0}, {""range"": 1.9090930162995887, ""doppler"": 0.0, ""angle"": 54.39993707173624, ""elevation"": 0.0}]",1785101226277.213
9,"[{""range"": 1.3301672551119663, ""doppler"": 0.0, ""angle"": -44.749468720499706, ""elevation"": 0.0}, {""range"": 0.6827831605483262, ""doppler"": 0.0, ""angle"": -36.88790386131443, ""elevation"": 0.0}, {""range"": 0.6920139918836268, ""doppler"": 0.0, ""angle"": -36.02301943705066, ""elevation"": 0.0}, {""range"": 1.2834256500779455, ""doppler"": 0.0, ""angle"": -26.254459614292394, ""elevation"": 0.0}, {""range"": 1.1681499790253422, ""doppler"": 0.0, ""angle"": -20.07152586453873, ""elevation"": 0.0}, {""range"": 1.0804489255681042, ""doppler"": 0.0, ""angle"": -9.055445297931012, ""elevation"": 0.0}, {""range"": 1.091474894211104, ""doppler"": 0.0, ""angle"": -9.457692744852217, ""elevation"": 0.0}, {""range"": 1.1130671030489818, ""doppler"": 0.0, ""angle"": -10.524662804564997, ""elevation"": 0.0}, {""range"": 2.044691763241924, ""doppler"": 0.0, ""angle"": 60.619318757187756, ""elevation"": 0.0}]",1785101226277.3938
11,"[{""range"": 0.6879681323081023, ""doppler"": 0.0, ""angle"": -45.22113681222657, ""elevation"": 0.0}, {""range"": 0.6582647809685909, ""doppler"": 0.0, ""angle"": -30.312453511401777, ""elevation"": 0.0}, {""range"": 0.6632442401471327, ""doppler"": 0.0, ""angle"": -34.165629141045116, ""elevation"": 0.0}, {""range"": 1.1711923669221829, ""doppler"": 0.0, ""angle"": -19.84035876555993, ""elevation"": 0.0}, {""range"": 1.080135187368394, ""doppler"": 0.0, ""angle"": -8.827651717935804, ""elevation"": 0.0}, {""range"": 1.0908318473702998, ""doppler"": 0.0, ""angle"": -9.016083177272069, ""elevation"": 0.0}, {""range"": 1.1115000514666526, ""doppler"": 0.0, ""angle"": -10.08059798754232, ""elevation"": 0.0}, {""range"": 1.8813798800080117, ""doppler"": 0.0, ""angle"": 51.428639962267646, ""elevation"": 0.0}, {""range"": 1.9088914208437253, ""doppler"": 0.0, ""angle"": 55.83507121035051, ""elevation"": 0.0}, {""range"": 2.0215046162837442, ""doppler"": 0.0, ""angle"": 65.97884747903267, ""elevation"": 0.0}, {""range"": 2.0362061140896186, ""doppler"": 0.0, ""angle"": 63.875988449844165, ""elevation"": 0.0}]",1785101226277.578
9,"[{""range"": 0.6752522737839123, ""doppler"": 0.0, ""angle"": -26.415773074621168, ""elevation"": 0.0}, {""range"": 0.655030807857181, ""doppler"": 0.0, ""angle"": -24.739091064085734, ""elevation"": 0.0}, {""range"": 0.6933837429589912, ""doppler"": 0.0, ""angle"": -25.805117120865308, ""elevation"": 0.0}, {""range"": 1.1695510290616877, ""doppler"": 0.0, ""angle"": -19.590183713286986, ""elevation"": 0.0}, {""range"": 1.0798734718432457, ""doppler"": 0.0, ""angle"": -8.484322134970409, ""elevation"": 0.0}, {""range"": 1.0913586173767538, ""doppler"": 0.0, ""angle"": -8.517768317521144, ""elevation"": 0.0}, {""range"": 1.1127681358648367, ""doppler"": 0.0, ""angle"": -9.704503016064402, ""elevation"": 0.0}, {""range"": 2.0300687687602954, ""doppler"": 0.0, ""angle"": 54.019378375495464, ""elevation"": 0.0}, {""range"": 2.0503678161671828, ""doppler"": 0.0, ""angle"": 55.90941458499839, ""elevation"": 0.0}]",1785101226277.7559
10,"[{""range"": 0.658805598099493, ""doppler"": 0.0, ""angle"": -30.88107869694361, ""elevation"": 0.0}, {""range"": 0.682510089709235, ""doppler"": 0.0, ""angle"": -30.93286377113131, ""elevation"": 0.0}, {""range"": 0.6983730152948517, ""doppler"": 0.0, ""angle"": -29.328185448536413, ""elevation"": 0.0}, {""range"": 1.1704807889176547, ""doppler"": 0.0, ""angle"": -19.351182403335617, ""elevation"": 0.0}, {""range"": 1.0797268212515092, ""doppler"": 0.0, ""angle"": -8.687005965724039, ""elevation"": 0.0}, {""range"": 1.0908374752527412, ""doppler"": 0.0, ""angle"": -8.588352555773115, ""elevation"": 0.0}, {""range"": 1.1124116175159002, ""doppler"": 0.0, ""angle"": -10.081605520496302, ""elevation"": 0.0}, {""range"": 1.9059824232187965, ""doppler"": 0.0, ""angle"": 48.79991611687916, ""elevation"": 0.0}, {""range"": 2.031400100574359, ""doppler"": 0.0, ""angle"": 45.14265071860084, ""elevation"": 0.0}, {""range"": 2.037866525537583, ""doppler"": 0.0, ""angle"": 45.696786991715776, ""elevation"": 0.0}]",1785101226277.9363
7,"[{""range"": 0.6847194857777359, ""doppler"": 0.0, ""angle"": -35.30459970746636, ""elevation"": 0.0}, {""range"": 0.7036333995971907, ""doppler"": 0.0, ""angle"": -36.94270037605692, ""elevation"": 0.0}, {""range"": 1.173120600963025, ""doppler"": 0.0, ""angle"": -19.083969420116283, ""elevation"": 0.0}, {""range"": 1.079576907621838, ""doppler"": 0.0, ""angle"": -8.246865276482964, ""elevation"": 0.0}, {""range"": 1.0908787894695358, ""doppler"": 0.0, ""angle"": -8.084943651850322, ""elevation"": 0.0}, {""range"": 1.1120851458913845, ""doppler"": 0.0, ""angle"": -9.327526676207878, ""elevation"": 0.0}, {""range"": 1.9032757690468542, ""doppler"": 0.0, ""angle"": 51.7950040134704, ""elevation"": 0.0}]",1785101226278.115
7,"[{""range"": 0.7289174078911868, ""doppler"": 0.0, ""angle"": -43.98619715630507, ""elevation"": 0.0}, {""range"": 1.1715401131259588, ""doppler"": 0.0, ""angle"": -21.038138889971826, ""elevation"": 0.0}, {""range"": 1.115386742323329, ""doppler"": 0.0, ""angle"": -11.147805630238638, ""elevation"": 0.0}, {""range"": 1.079413628529653, ""doppler"": 0.0, ""angle"": -8.766367831459476, ""elevation"": 0.0}, {""range"": 1.090320981439121, ""doppler"": 0.0, ""angle"": -8.906189958789318, ""elevation"": 0.0}, {""range"": 1.8838353838019544, ""doppler"": 0.0, ""angle"": 45.93452639759859, ""elevation"": 0.0}, {""range"": 1.9019539228296678, ""doppler"": 0.0, ""angle"": 50.92208005155303, ""elevation"": 0.0}]",1785101226278.291
8,"[{""range"": 0.7302464216197023, ""doppler"": 0.0, ""angle"": -33.23090172553717, ""elevation"": 0.0}, {""range"": 1.1703334299031165, ""doppler"": 0.0, ""angle"": -21.417763525742597, ""elevation"": 0.0}, {""range"": 1.1159505305583473, ""doppler"": 0.0, ""angle"": -11.10467539016372, ""elevation"": 0.0}, {""range"": 1.079997631792497, ""doppler"": 0.0, ""angle"": -8.464157367210824, ""elevation"": 0.0}, {""range"": 1.090833532806889, ""doppler"": 0.0, ""angle"": -8.711886768542906, ""elevation"": 0.0}, {""range"": 1.8809894003104755, ""doppler"": 0.0, ""angle"": 47.43869503049698, ""elevation"": 0.0}, {""range"": 2.021306386156161, ""doppler"": 0.0, ""angle"": 54.30205471129882, ""elevation"": 0.0}, {""range"": 2.0474454095198293, ""doppler"": 0.0, ""angle"": 59.60092700434846, ""elevation"": 0.0}]",1785101226278.469
9,"[{""range"": 0.7203523061758935, ""doppler"": 0.0, ""angle"": -45.43245071701514, ""elevation"": 0.0}, {""range"": 0.63234030529549, ""doppler"": 0.0, ""angle"": -21.06426572713776, ""elevation"": 0.0}, {""range"": 1.1698970493377219, ""doppler"": 0.0, ""angle"": -19.08298829954427, ""elevation"": 0.0}, {""range"": 0.6472760629374728, ""doppler"": 0.0, ""angle"": -12.7193751760892, ""elevation"": 0.0}, {""range"": 1.0803709139007025, ""doppler"": 0.0, ""angle"": -8.403690907733496, ""elevation"": 0.0}, {""range"": 1.0916066245010538, ""doppler"": 0.0, ""angle"": -8.47786007772614, ""elevation"": 0.0}, {""range"": 1.1129711670649451, ""doppler"": 0.0, ""angle"": -9.926925572560569, ""elevation"": 0.0}, {""range"": 1.8837578493359306, ""doppler"": 0.0, ""angle"": 48.59816462752475, ""elevation"": 0.0}, {""range"": 1.9027347088585338, ""doppler"": 0.0, ""angle"": 49.64633549119589, ""elevation"": 0.0}]",1785101226278.6492
10,"[{""range"": 0.7344588135962592, ""doppler"": 0.0, ""angle"": -44.09249812147898, ""elevation"": 0.0}, {""range"": 1.3338890521073063, ""doppler"": 0.0, ""angle"": -44.02235121497015, ""elevation"": 0.0}, {""range"": 1.3539578096827107, ""doppler"": 0.0, ""angle"": -46.95870730016009, ""elevation"": 0.0}, {""range"": 0.6693360027300053, ""doppler"": 0.0, ""angle"": -36.03412558347116, ""elevation"": 0.0}, {""range"": 0.6902904596779694, ""doppler"": 0.0, ""angle"": -38.02468260942821, ""elevation"": 0.0}, {""range"": 0.7073592889768906, ""doppler"": 0.0, ""angle"": -41.34125328782249, ""elevation"": 0.0}, {""range"": 1.1693379290315637, ""doppler"": 0.0, ""angle"": -20.854458039578347, ""elevation"": 0.0}, {""range"": 1.079779531884244, ""doppler"": 0.0, ""angle"": -8.254894482048188, ""elevation"": 0.0}, {""range"": 1.0907653658115835, ""doppler"": 0.0, ""angle"": -8.75044696680954, ""elevation"": 0.0}, {""range"": 1.1117796881996482, ""doppler"": 0.0, ""angle"": -10.265283258771953, ""elevation"": 0.0}]",1785101226278.834
6,"[{""range"": 0.6923184612648559, ""doppler"": 0.0, ""angle"": -37.612803815081556, ""elevation"": 0.0}, {""range"": 0.7034705170537378, ""doppler"": 0.0, ""angle"": -35.79501778145878, ""elevation"": 0.0}, {""range"": 1.1683846006264866, ""doppler"": 0.0, ""angle"": -20.17938831831645, ""elevation"": 0.0}, {""range"": 1.1149901257683448, ""doppler"": 0.0, ""angle"": -10.899062064377164, ""elevation"": 0.0}, {""range"": 1.0804494286599704, ""doppler"": 0.0, ""angle"": -8.873047038825941, ""elevation"": 0.0}, {""range"": 1.0910953300994393, ""doppler"": 0.0, ""angle"": -9.337283120493451, ""elevation"": 0.0}]",1785101226279.0068
11,"[{""range"": 1.3305355968987913, ""doppler"": 0.0, ""angle"": -45.09256176036888, ""elevation"": 0.0}, {""range"": 0.6832312892855443, ""doppler"": 0.0, ""angle"": -29.577486215483095, ""elevation"": 0.0}, {""range"": 0.7021688742209371, ""doppler"": 0.0, ""angle"": -33.30157264402275, ""elevation"": 0.0}, {""range"": 0.6545781980683689, ""doppler"": 0.0, ""angle"": -24.464680328260297, ""elevation"": 0.0}, {""range"": 1.1684885334050361, ""doppler"": 0.0, ""angle"": -21.594631071841018, ""elevation"": 0.0}, {""range"": 1.2687404098206572, ""doppler"": 0.0, ""angle"": -22.56768697398808, ""elevation"": 0.0}, {""range"": 1.080577946161582, ""doppler"": 0.0, ""angle"": -8.977555708097679, ""elevation"": 0.0}, {""range"": 1.0911929110027758, ""doppler"": 0.0, ""angle"": -9.19374297330061, ""elevation"": 0.0}, {""range"": 1.1106393142665183, ""doppler"": 0.0, ""angle"": -10.707488713676229, ""elevation"": 0.0}, {""range"": 2.0493992324628705, ""doppler"": 0.0, ""angle"": 42.66983022694586, ""elevation"": 0.0}, {""range"": 2.0304074059132393, ""doppler"": 0.0, ""angle"": 47.8020029371207, ""elevation"": 0.0}]",1785101226279.193
9,"[{""range"": 0.6815745911700491, ""doppler"": 0.0, ""angle"": -30.298635622483054, ""elevation"": 0.0}, {""range"": 0.7006332928428617, ""doppler"": 0.0, ""angle"": -31.49541881981018, ""elevation"": 0.0}, {""range"": 0.6495775443712529, ""doppler"": 0.0, ""angle"": -24.561433545848086, ""elevation"": 0.0}, {""range"": 1.1694813260569057, ""doppler"": 0.0, ""angle"": -20.823660776505452, ""elevation"": 0.0}, {""range"": 1.0800037750225655, ""doppler"": 0.0, ""angle"": -9.088028793243115, ""elevation"": 0.0}, {""range"": 1.090873879915904, ""doppler"": 0.0, ""angle"": -9.148887713644728, ""elevation"": 0.0}, {""range"": 1.1102453936872294, ""doppler"": 0.0, ""angle"": -10.748901329257132, ""elevation"": 0.0}, {""range"": 2.036602425587508, ""doppler"": 0.0, ""angle"": 52.88259723380943, ""elevation"": 0.0}, {""range"": 2.0456310101113564, ""doppler"": 0.0, ""angle"": 51.733629617805796, ""elevation"": 0.0}]",1785101226279.393
10,"[{""range"": 0.6798810775809532, ""doppler"": 0.0, ""angle"": -28.701861516244175, ""elevation"": 0.0}, {""range"": 0.7015261716975868, ""doppler"": 0.0, ""angle"": -29.753938486166987, ""elevation"": 0.0}, {""range"": 0.6488241122803321, ""doppler"": 0.0, ""angle"": -25.90123233190405, ""elevation"": 0.0}, {""range"": 1.171754013315015, ""doppler"": 0.0, ""angle"": -21.475056983038332, ""elevation"": 0.0}, {""range"": 1.080040959322304, ""doppler"": 0.0, ""angle"": -8.857228409690649, ""elevation"": 0.0}, {""range"": 1.0904263875631863, ""doppler"": 0.0, ""angle"": -8.819739237992502, ""elevation"": 0.0}, {""range"": 1.1107020153855245, ""doppler"": 0.0, ""angle"": -10.059810861684916, ""elevation"": 0.0}, {""range"": 1.9044357358418549, ""doppler"": 0.0, ""angle"": 62.698731479281335, ""elevation"": 0.0}, {""range"": 2.0318042029656844, ""doppler"": 0.0, ""angle"": 54.940645446030416, ""elevation"": 0.0}, {""range"": 2.0449636391042674, ""doppler"": 0.0, ""angle"": 54.86884191829212, ""elevation"": 0.0}]",1785101226279.5679
11,"[{""range"": 1.330161522061242, ""doppler"": 0.0, ""angle"": -45.81153153805761, ""elevation"": 0.0}, {""range"": 0.6633793806553839, ""doppler"": 0.0, ""angle"": -27.987998706758248, ""elevation"": 0.0}, {""range"": 0.6892833482067139, ""doppler"": 0.0, ""angle"": -29.770691865798753, ""elevation"": 0.0}, {""range"": 0.6418927115305036, ""doppler"": 0.0, ""angle"": -25.722736834816942, ""elevation"": 0.0}, {""range"": 1.1689906218183599, ""doppler"": 0.0, ""angle"": -22.056923695997654, ""elevation"": 0.0}, {""range"": 1.0799619263515092, ""doppler"": 0.0, ""angle"": -8.579550719445653, ""elevation"": 0.0}, {""range"": 1.0915688968364092, ""doppler"": 0.0, ""angle"": -8.838929223499282, ""elevation"": 0.0}, {""range"": 1.111155960333212, ""doppler"": 0.0, ""angle"": -10.346081279576454, ""elevation"": 0.0}, {""range"": 2.0320383475826254, ""doppler"": 0.0, ""angle"": 47.40004382534289, ""elevation"": 0.0}, {""range"": 2.042160106117718, ""doppler"": 0.0, ""angle"": 46.820160229401736, ""elevation"": 0.0}, {""range"": 1.9067144466498784, ""doppler"": 0.0, ""angle"": 56.579673395681425, ""elevation"": 0.0}]",1785101226279.7598
12,"[{""range"": 1.3359737000455891, ""doppler"": 0.0, ""angle"": -45.11929825172371, ""elevation"": 0.0}, {""range"": 1.361576351654637, ""doppler"": 0.0, ""angle"": -49.7194558588803, ""elevation"": 0.0}, {""range"": 0.6920487601820349, ""doppler"": 0.0, ""angle"": -27.465500094079317, ""elevation"": 0.0}, {""range"": 0.6451978690592108, ""doppler"": 0.0, ""angle"": -22.933787857468147, ""elevation"": 0.0}, {""range"": 0.6644368739538478, ""doppler"": 0.0, ""angle"": -25.77890421411617, ""elevation"": 0.0}, {""range"": 1.1689679740072465, ""doppler"": 0.0, ""angle"": -20.458594788913047, ""elevation"": 0.0}, {""range"": 1.0793320019390684, ""doppler"": 0.0, ""angle"": -8.738223760305475, ""elevation"": 0.0}, {""range"": 1.0906473422693526, ""doppler"": 0.0, ""angle"": -9.074693603050925, ""elevation"": 0.0}, {""range"": 1.1109803564079779, ""doppler"": 0.0, ""angle"": -10.244634123310755, ""elevation"": 0.0}, {""range"": 2.0297293425930474, ""doppler"": 0.0, ""angle"": 47.46350685069583, ""elevation"": 0.0}, {""range"": 2.0448467902341187, ""doppler"": 0.0, ""angle"": 47.87797415411916, ""elevation"": 0.0}, {""range"": 1.912446259194086, ""doppler"": 0.0, ""angle"": 56.32033313923951, ""elevation"": 0.0}]",1785101226279.942
7,"[{""range"": 1.3327123925354634, ""doppler"": 0.0, ""angle"": -44.12478384991359, ""elevation"": 0.0}, {""range"": 0.685151181243331, ""doppler"": 0.0, ""angle"": -40.62886720279569, ""elevation"": 0.0}, {""range"": 0.7034020396807399, ""doppler"": 0.0, ""angle"": -40.63921061565504, ""elevation"": 0.0}, {""range"": 1.1680570342194652, ""doppler"": 0.0, ""angle"": -20.007835923748367, ""elevation"": 0.0}, {""range"": 1.0798810962410104, ""doppler"": 0.0, ""angle"": -8.925770007137654, ""elevation"": 0.0}, {""range"": 1.0910982459315948, ""doppler"": 0.0, ""angle"": -9.28016682478969, ""elevation"": 0.0}, {""range"": 1.111934490755863, ""doppler"": 0.0, ""angle"": -10.048544689890202, ""elevation"": 0.0}]",1785101226280.127
9,"[{""range"": 1.3345675895073867, ""doppler"": 0.0, ""angle"": -44.25086535860747, ""elevation"": 0.0}, {""range"": 0.6427739163704169, ""doppler"": 0.0, ""angle"": -34.28687697720896, ""elevation"": 0.0}, {""range"": 0.6732993123178462, ""doppler"": 0.0, ""angle"": -38.8118995554598, ""elevation"": 0.0}, {""range"": 0.6930444252085249, ""doppler"": 0.0, ""angle"": -41.02460737781352, ""elevation"": 0.0}, {""range"": 1.1708700372830354, ""doppler"": 0.0, ""angle"": -19.873960444159373, ""elevation"": 0.0}, {""range"": 1.0794314904660793, ""doppler"": 0.0, ""angle"": -8.583798556681293, ""elevation"": 0.0}, {""range"": 1.091309703578108, ""doppler"": 0.0, ""angle"": -8.689061358844937, ""elevation"": 0.0}, {""range"": 1.1115001090004732, ""doppler"": 0.0, ""angle"": -9.650226233108166, ""elevation"": 0.0}, {""range"": 1.9118136032724597, ""doppler"": 0.0, ""angle"": 60.85534837333111, ""elevation"": 0.0}]",1785101226280.3042
9,"[{""range"": 0.6567186096395919, ""doppler"": 0.0, ""angle"": -26.104573823177535, ""elevation"": 0.0}, {""range"": 0.6783589826763307, ""doppler"": 0.0, ""angle"": -29.186628550651953, ""elevation"": 0.0}, {""range"": 0.6926889239592121, ""doppler"": 0.0, ""angle"": -28.880776451946865, ""elevation"": 0.0}, {""range"": 1.1677966919102223, ""doppler"": 0.0, ""angle"": -18.673541141161852, ""elevation"": 0.0}, {""range"": 1.080521693893335, ""doppler"": 0.0, ""angle"": -8.3929251873925, ""elevation"": 0.0}, {""range"": 1.092137207417087, ""doppler"": 0.0, ""angle"": -8.47371105561911, ""elevation"": 0.0}, {""range"": 1.1128763433333293, ""doppler"": 0.0, ""angle"": -9.40481002031244, ""elevation"": 0.0}, {""range"": 2.032211552704467, ""doppler"": 0.0, ""angle"": 52.38898920214374, ""elevation"": 0.0}, {""range"": 2.053151724413624, ""doppler"": 0.0, ""angle"": 51.39630217430658, ""elevation"": 0.0}]",1785101226280.513
9,"[{""range"": 0.6833412576797924, ""doppler"": 0.0, ""angle"": -30.786338942399038, ""elevation"": 0.0}, {""range"": 0.7016929687219556, ""doppler"": 0.0, ""angle"": -31.35689040799538, ""elevation"": 0.0}, {""range"": 0.6531261136616905, ""doppler"": 0.0, ""angle"": -25.526740243805648, ""elevation"": 0.0}, {""range"": 1.1697721127950709, ""doppler"": 0.0, ""angle"": -20.13575522721182, ""elevation"": 0.0}, {""range"": 1.0799688099549951, ""doppler"": 0.0, ""angle"": -9.136365033254553, ""elevation"": 0.0}, {""range"": 1.090740668697715, ""doppler"": 0.0, ""angle"": -9.397466081684732, ""elevation"": 0.0}, {""range"": 1.11121107904797, ""doppler"": 0.0, ""angle"": -10.514309365828158, ""elevation"": 0.0}, {""range"": 2.028293826837173, ""doppler"": 0.0, ""angle"": 51.0546224159225, ""elevation"": 0.0}, {""range"": 2.049081678972599, ""doppler"": 0.0, ""angle"": 50.79748641047599, ""elevation"": 0.0}]",1785101226280.707
7,"[{""range"": 0.706535694205663, ""doppler"": 0.0, ""angle"": -29.322207809734053, ""elevation"": 0.0}, {""range"": 0.6799476444877651, ""doppler"": 0.0, ""angle"": -24.650959917222988, ""elevation"": 0.0}, {""range"": 1.1684432726099316, ""doppler"": 0.0, ""angle"": -20.589911608688542, ""elevation"": 0.0}, {""range"": 1.1164768903576643, ""doppler"": 0.0, ""angle"": -10.809623959481872, ""elevation"": 0.0}, {""range"": 1.0802899220047193, ""doppler"": 0.0, ""angle"": -8.941565046896507, ""elevation"": 0.0}, {""range"": 1.0910788606298032, ""doppler"": 0.0, ""angle"": -9.156665284297171, ""elevation"": 0.0}, {""range"": 1.9057733933942769, ""doppler"": 0.0, ""angle"": 52.00431243790597, ""elevation"": 0.0}]",1785101226280.8982
10,"[{""range"": 0.7250598114281741, ""doppler"": 0.0, ""angle"": -38.280240025866924, ""elevation"": 0.0}, {""range"": 0.6295279092350711, ""doppler"": 0.0, ""angle"": -19.773151320553254, ""elevation"": 0.0}, {""range"": 1.1673553914528652, ""doppler"": 0.0, ""angle"": -20.497494208514507, ""elevation"": 0.0}, {""range"": 0.6563156888587944, ""doppler"": 0.0, ""angle"": -13.631132369938971, ""elevation"": 0.0}, {""range"": 1.0799165822927617, ""doppler"": 0.0, ""angle"": -8.752653884804989, ""elevation"": 0.0}, {""range"": 1.0918907264178621, ""doppler"": 0.0, ""angle"": -9.301895061663593, ""elevation"": 0.0}, {""range"": 1.1128241660056766, ""doppler"": 0.0, ""angle"": -10.658112988913006, ""elevation"": 0.0}, {""range"": 2.025842557896776, ""doppler"": 0.0, ""angle"": 38.34072061362435, ""elevation"": 0.0}, {""range"": 1.882263465292368, ""doppler"": 0.0, ""angle"": 52.79480759170093, ""elevation"": 0.0}, {""range"": 1.9078274159473971, ""doppler"": 0.0, ""angle"": 60.270438607932235, ""elevation"": 0.0}]",1785101226281.085
9,"[{""range"": 0.7063379917761723, ""doppler"": 0.0, ""angle"": -32.88948343212098, ""elevation"": 0.0}, {""range"": 0.6471489729922612, ""doppler"": 0.0, ""angle"": -23.77441855242891, ""elevation"": 0.0}, {""range"": 0.668918168268173, ""doppler"": 0.0, ""angle"": -24.427476270800973, ""elevation"": 0.0}, {""range"": 1.1700175043941932, ""doppler"": 0.0, ""angle"": -20.720025180092613, ""elevation"": 0.0}, {""range"": 1.0793048509537229, ""doppler"": 0.0, ""angle"": -8.72884145809086, ""elevation"": 0.0}, {""range"": 1.091011866594848, ""doppler"": 0.0, ""angle"": -9.252363672339921, ""elevation"": 0.0}, {""range"": 1.1125058054470542, ""doppler"": 0.0, ""angle"": -10.670569758766316, ""elevation"": 0.0}, {""range"": 2.0300438593280803, ""doppler"": 0.0, ""angle"": 50.69780976659935, ""elevation"": 0.0}, {""range"": 2.049569855012527, ""doppler"": 0.0, ""angle"": 48.806080708691006, ""elevation"": 0.0}]",1785101226281.261
12,"[{""range"": 0.6702108706268349, ""doppler"": 0.0, ""angle"": -31.726676334368364, ""elevation"": 0.0}, {""range"": 0.6864969457904742, ""doppler"": 0.0, ""angle"": -30.907448717212272, ""elevation"": 0.0}, {""range"": 0.69694260382554, ""doppler"": 0.0, ""angle"": -29.47867108104614, ""elevation"": 0.0}, {""range"": 1.169823690709783, ""doppler"": 0.0, ""angle"": -20.218804075080598, ""elevation"": 0.0}, {""range"": 1.0792791953852408, ""doppler"": 0.0, ""angle"": -8.844315867521962, ""elevation"": 0.0}, {""range"": 1.0910287034092765, ""doppler"": 0.0, ""angle"": -9.081004378791329, ""elevation"": 0.0}, {""range"": 1.1123721809571334, ""doppler"": 0.0, ""angle"": -10.381459376114465, ""elevation"": 0.0}, {""range"": 1.88611963161623, ""doppler"": 0.0, ""angle"": 52.82917163899872, ""elevation"": 0.0}, {""range"": 1.909716829088331, ""doppler"": 0.0, ""angle"": 53.3908334224552, ""elevation"": 0.0}, {""range"": 2.0249188759967485, ""doppler"": 0.0, ""angle"": 47.54456610310267, ""elevation"": 0.0}, {""range"": 2.0445842820117024, ""doppler"": 0.0, ""angle"": 45.970901837555445, ""elevation"": 0.0}, {""range"": 1.9634214901703628, ""doppler"": 0.0, ""angle"": 58.298831479266674, ""elevation"": 0.0}]",1785101226281.429
10,"[{""range"": 0.6724031652406894, ""doppler"": 0.0, ""angle"": -24.711289429388113, ""elevation"": 0.0}, {""range"": 0.6761662319582583, ""doppler"": 0.0, ""angle"": -25.50112836352194, ""elevation"": 0.0}, {""range"": 0.6900603023319116, ""doppler"": 0.0, ""angle"": -21.03218128464045, ""elevation"": 0.0}, {""range"": 1.1670347281613613, ""doppler"": 0.0, ""angle"": -19.895352716329835, ""elevation"": 0.0}, {""range"": 1.078794483828776, ""doppler"": 0.0, ""angle"": -8.55048860741967, ""elevation"": 0.0}, {""range"": 1.0913336700019591, ""doppler"": 0.0, ""angle"": -9.002397752453208, ""elevation"": 0.0}, {""range"": 1.1120260162918914, ""doppler"": 0.0, ""angle"": -9.589551709148246, ""elevation"": 0.0}, {""range"": 2.026446935475544, ""doppler"": 0.0, ""angle"": 48.06164068805166, ""elevation"": 0.0}, {""range"": 2.0402416728962187, ""doppler"": 0.0, ""angle"": 47.29798982505862, ""elevation"": 0.0}, {""range"": 1.9093715819655, ""doppler"": 0.0, ""angle"": 56.28463304055479, ""elevation"": 0.0}]",1785101226281.6091
7,"[{""range"": 0.6741385165089899, ""doppler"": 0.0, ""angle"": -30.898597369524616, ""elevation"": 0.0}, {""range"": 0.7013401872729816, ""doppler"": 0.0, ""angle"": -25.264879761973866, ""elevation"": 0.0}, {""range"": 1.1713806996134288, ""doppler"": 0.0, ""angle"": -20.349261277989463, ""elevation"": 0.0}, {""range"": 1.078881144874512, ""doppler"": 0.0, ""angle"": -9.136036418680959, ""elevation"": 0.0}, {""range"": 1.0901822327367607, ""doppler"": 0.0, ""angle"": -9.392797904057774, ""elevation"": 0.0}, {""range"": 1.1120204093832995, ""doppler"": 0.0, ""angle"": -10.384779834801996, ""elevation"": 0.0}, {""range"": 1.8705286791969382, ""doppler"": 0.0, ""angle"": 47.96026927142526, ""elevation"": 0.0}]",1785101226281.79
6,"[{""range"": 1.165394407556132, ""doppler"": 0.0, ""angle"": -21.182681567068588, ""elevation"": 0.0}, {""range"": 0.6558337878233983, ""doppler"": 0.0, ""angle"": -18.05950332217707, ""elevation"": 0.0}, {""range"": 1.1162639557942868, ""doppler"": 0.0, ""angle"": -11.13893304287753, ""elevation"": 0.0}, {""range"": 0.698736813057511, ""doppler"": 0.0, ""angle"": -7.63243166069598, ""elevation"": 0.0}, {""range"": 1.079192936654817, ""doppler"": 0.0, ""angle"": -8.99878433688361, ""elevation"": 0.0}, {""range"": 1.0910663325304613, ""doppler"": 0.0, ""angle"": -9.328017380115325, ""elevation"": 0.0}]",1785101226281.9578
7,"[{""range"": 0.7256798430569555, ""doppler"": 0.0, ""angle"": -37.561705620361614, ""elevation"": 0.0}, {""range"": 1.1678146942057406, ""doppler"": 0.0, ""angle"": -22.402563001718246, ""elevation"": 0.0}, {""range"": 1.1151076947229825, ""doppler"": 0.0, ""angle"": -11.122538932844888, ""elevation"": 0.0}, {""range"": 1.0802166792662458, ""doppler"": 0.0, ""angle"": -9.393715744908292, ""elevation"": 0.0}, {""range"": 1.0909506276347252, ""doppler"": 0.0, ""angle"": -9.633694915862195, ""elevation"": 0.0}, {""range"": 2.031748981219786, ""doppler"": 0.0, ""angle"": 43.1027264758656, ""elevation"": 0.0}, {""range"": 2.0433601877932084, ""doppler"": 0.0, ""angle"": 43.78383976859497, ""elevation"": 0.0}]",1785101226282.136
9,"[{""range"": 1.3345075118678291, ""doppler"": 0.0, ""angle"": -42.33359425816622, ""elevation"": 0.0}, {""range"": 1.1673180165462227, ""doppler"": 0.0, ""angle"": -19.17324132474062, ""elevation"": 0.0}, {""range"": 0.6355786035743279, ""doppler"": 0.0, ""angle"": -17.655011746808245, ""elevation"": 0.0}, {""range"": 0.656633813728222, ""doppler"": 0.0, ""angle"": -13.479954502584793, ""elevation"": 0.0}, {""range"": 1.0807192592992512, ""doppler"": 0.0, ""angle"": -9.61038104267027, ""elevation"": 0.0}, {""range"": 1.091306949456565, ""doppler"": 0.0, ""angle"": -9.687658002004305, ""elevation"": 0.0}, {""range"": 1.1120220195753272, ""doppler"": 0.0, ""angle"": -10.17876612652096, ""elevation"": 0.0}, {""range"": 2.0341168023715936, ""doppler"": 0.0, ""angle"": 46.50312595978843, ""elevation"": 0.0}, {""range"": 2.039411144951975, ""doppler"": 0.0, ""angle"": 49.05651168967705, ""elevation"": 0.0}]",1785101226282.314
11,"[{""range"": 0.7289440557758081, ""doppler"": 0.0, ""angle"": -35.92817253858151, ""elevation"": 0.0}, {""range"": 0.6800517494941012, ""doppler"": 0.0, ""angle"": -26.75370075716517, ""elevation"": 0.0}, {""range"": 0.7018995187690062, ""doppler"": 0.0, ""angle"": -31.244125113259283, ""elevation"": 0.0}, {""range"": 0.6603636119822679, ""doppler"": 0.0, ""angle"": -24.816316891675303, ""elevation"": 0.0}, {""range"": 1.1673757287062247, ""doppler"": 0.0, ""angle"": -19.367498087788356, ""elevation"": 0.0}, {""range"": 1.2737855387297923, ""doppler"": 0.0, ""angle"": -13.21104464799682, ""elevation"": 0.0}, {""range"": 1.0811279455641112, ""doppler"": 0.0, ""angle"": -9.39533149653778, ""elevation"": 0.0}, {""range"": 1.0915339946563214, ""doppler"": 0.0, ""angle"": -9.419116220514471, ""elevation"": 0.0}, {""range"": 1.1129160062345975, ""doppler"": 0.0, ""angle"": -10.226624212935018, ""elevation"": 0.0}, {""range"": 2.0315746664267413, ""doppler"": 0.0, ""angle"": 46.18398226598134, ""elevation"": 0.0}, {""range"": 2.0405733882904364, ""doppler"": 0.0, ""angle"": 48.47069913139042, ""elevation"": 0.0}]",1785101226282.4841
10,"[{""range"": 1.3650764898883656, ""doppler"": 0.0, ""angle"": -48.504828897926025, ""elevation"": 0.0}, {""range"": 0.6740000302554942, ""doppler"": 0.0, ""angle"": -31.34958086524301, ""elevation"": 0.0}, {""range"": 0.6844552692328911, ""doppler"": 0.0, ""angle"": -29.484954073894425, ""elevation"": 0.0}, {""range"": 0.696521590700472, ""doppler"": 0.0, ""angle"": -26.532160377296474, ""elevation"": 0.0}, {""range"": 1.1654517348553226, ""doppler"": 0.0, ""angle"": -19.521956243667855, ""elevation"": 0.0}, {""range"": 1.0799841905792968, ""doppler"": 0.0, ""angle"": -9.607362659676337, ""elevation"": 0.0}, {""range"": 1.0915789147130235, ""doppler"": 0.0, ""angle"": -9.770925167481955, ""elevation"": 0.0}, {""range"": 1.1125850269296276, ""doppler"": 0.0, ""angle"": -10.491812367579811, ""elevation"": 0.0}, {""range"": 2.045153439788134, ""doppler"": 0.0, ""angle"": 43.21794499450907, ""elevation"": 0.0}, {""range"": 2.033533855747835, ""doppler"": 0.0, ""angle"": 43.58197138345764, ""elevation"": 0.0}]",1785101226282.6611
9,"[{""range"": 0.6761723084150727, ""doppler"": 0.0, ""angle"": -27.20879689125337, ""elevation"": 0.0}, {""range"": 0.6969542567730418, ""doppler"": 0.0, ""angle"": -31.026782620430154, ""elevation"": 0.0}, {""range"": 1.1685530010148204, ""doppler"": 0.0, ""angle"": -20.728439988283373, ""elevation"": 0.0}, {""range"": 1.1155106471201552, ""doppler"": 0.0, ""angle"": -10.94068250739556, ""elevation"": 0.0}, {""range"": 1.2647923042173237, ""doppler"": 0.0, ""angle"": -16.949076643027066, ""elevation"": 0.0}, {""range"": 1.0796325723721003, ""doppler"": 0.0, ""angle"": -8.841397812088182, ""elevation"": 0.0}, {""range"": 1.0902114297930101, ""doppler"": 0.0, ""angle"": -9.402069428612926, ""elevation"": 0.0}, {""range"": 2.0312391675058303, ""doppler"": 0.0, ""angle"": 45.56352348475292, ""elevation"": 0.0}, {""range"": 2.0399968947873726, ""doppler"": 0.0, ""angle"": 49.903136181448964, ""elevation"": 0.0}]",1785101226282.8413
6,"[{""range"": 0.689086472937998, ""doppler"": 0.0, ""angle"": -37.16428379164461, ""elevation"": 0.0}, {""range"": 0.7184388069178428, ""doppler"": 0.0, ""angle"": -42.589288403610674, ""elevation"": 0.0}, {""range"": 1.1661851903952807, ""doppler"": 0.0, ""angle"": -19.779699290402394, ""elevation"": 0.0}, {""range"": 1.0799014227704375, ""doppler"": 0.0, ""angle"": -9.694717044864797, ""elevation"": 0.0}, {""range"": 1.0914839169395836, ""doppler"": 0.0, ""angle"": -9.229307179117225, ""elevation"": 0.0}, {""range"": 1.1122929299417064, ""doppler"": 0.0, ""angle"": -10.204336332592534, ""elevation"": 0.0}]",1785101226283.008
6,"[{""range"": 0.7049487123197968, ""doppler"": 0.0, ""angle"": -30.265852380366827, ""elevation"": 0.0}, {""range"": 0.7098409838451231, ""doppler"": 0.0, ""angle"": -33.79414693831766, ""elevation"": 0.0}, {""range"": 1.1661267749607709, ""doppler"": 0.0, ""angle"": -20.360669209365973, ""elevation"": 0.0}, {""range"": 1.0789705253091635, ""doppler"": 0.0, ""angle"": -9.799508419008975, ""elevation"": 0.0}, {""range"": 1.0903893081730291, ""doppler"": 0.0, ""angle"": -10.06785225268285, ""elevation"": 0.0}, {""range"": 1.1112548440362597, ""doppler"": 0.0, ""angle"": -10.167134335185995, ""elevation"": 0.0}]",1785101226283.18
9,"[{""range"": 1.3374896206485467, ""doppler"": 0.0, ""angle"": -44.913336001788025, ""elevation"": 0.0}, {""range"": 1.3544102665612305, ""doppler"": 0.0, ""angle"": -48.902312983287466, ""elevation"": 0.0}, {""range"": 0.7073025123319172, ""doppler"": 0.0, ""angle"": -32.77003906961787, ""elevation"": 0.0}, {""range"": 0.6766066218209809, ""doppler"": 0.0, ""angle"": -23.156836994656498, ""elevation"": 0.0}, {""range"": 1.1682998302790055, ""doppler"": 0.0, ""angle"": -19.705144791145827, ""elevation"": 0.0}, {""range"": 0.6430056836370435, ""doppler"": 0.0, ""angle"": -17.26087475910301, ""elevation"": 0.0}, {""range"": 1.0791326714414866, ""doppler"": 0.0, ""angle"": -8.413403527137133, ""elevation"": 0.0}, {""range"": 1.0908896490305715, ""doppler"": 0.0, ""angle"": -8.853981764737055, ""elevation"": 0.0}, {""range"": 1.1130020070980653, ""doppler"": 0.0, ""angle"": -9.93599284796353, ""elevation"": 0.0}]",1785101226283.36
11,"[{""range"": 1.3327029276615874, ""doppler"": 0.0, ""angle"": -57.04767881245573, ""elevation"": 0.0}, {""range"": 1.3622188933532149, ""doppler"": 0.0, ""angle"": -58.72409935570799, ""elevation"": 0.0}, {""range"": 0.669503751220634, ""doppler"": 0.0, ""angle"": -26.90039053914048, ""elevation"": 0.0}, {""range"": 0.6884569854619884, ""doppler"": 0.0, ""angle"": -29.34802576866387, ""elevation"": 0.0}, {""range"": 0.6512043100845957, ""doppler"": 0.0, ""angle"": -24.496037103598063, ""elevation"": 0.0}, {""range"": 1.1661589648182056, ""doppler"": 0.0, ""angle"": -19.59354445955412, ""elevation"": 0.0}, {""range"": 1.079575560022469, ""doppler"": 0.0, ""angle"": -9.928816217939199, ""elevation"": 0.0}, {""range"": 1.0909845373568205, ""doppler"": 0.0, ""angle"": -9.700075479224758, ""elevation"": 0.0}, {""range"": 1.111703659397741, ""doppler"": 0.0, ""angle"": -10.650226005453531, ""elevation"": 0.0}, {""range"": 2.020452067431864, ""doppler"": 0.0, ""angle"": 42.736905274342284, ""elevation"": 0.0}, {""range"": 2.0510956373888702, ""doppler"": 0.0, ""angle"": 45.57572885352009, ""elevation"": 0.0}]",1785101226283.535
8,"[{""range"": 0.6820878561083463, ""doppler"": 0.0, ""angle"": -32.08180725592474, ""elevation"": 0.0}, {""range"": 0.7018554209842816, ""doppler"": 0.0, ""angle"": -33.73865070781805, ""elevation"": 0.0}, {""range"": 1.1697985170355154, ""doppler"": 0.0, ""angle"": -19.986099562670024, ""elevation"": 0.0}, {""range"": 1.0800892881170956, ""doppler"": 0.0, ""angle"": -7.898028283104181, ""elevation"": 0.0}, {""range"": 1.0911826405107956, ""doppler"": 0.0, ""angle"": -8.063710982348962, ""elevation"": 0.0}, {""range"": 1.1123786484186617, ""doppler"": 0.0, ""angle"": -9.58648305807331, ""elevation"": 0.0}, {""range"": 2.0307387201917897, ""doppler"": 0.0, ""angle"": 49.1847425683372, ""elevation"": 0.0}, {""range"": 2.050540502184047, ""doppler"": 0.0, ""angle"": 50.41705243452233, ""elevation"": 0.0}]",1785101226283.705
12,"[{""range"": 0.6529682850192943, ""doppler"": 0.0, ""angle"": -38.115807534089456, ""elevation"": 0.0}, {""range"": 1.3336130953777068, ""doppler"": 0.0, ""angle"": -43.17445769267014, ""elevation"": 0.0}, {""range"": 0.6808468230578765, ""doppler"": 0.0, ""angle"": -31.686367687856603, ""elevation"": 0.0}, {""range"": 0.7003535767811889, ""doppler"": 0.0, ""angle"": -29.90999836005329, ""elevation"": 0.0}, {""range"": 1.0816136955148783, ""doppler"": 0.0, ""angle"": -9.775325690135922, ""elevation"": 0.0}, {""range"": 1.0916565062049943, ""doppler"": 0.0, ""angle"": -9.28488869299272, ""elevation"": 0.0}, {""range"": 1.1138713243804446, ""doppler"": 0.0, ""angle"": -10.030891078795683, ""elevation"": 0.0}, {""range"": 1.3525838934949836, ""doppler"": 0.0, ""angle"": 30.14793598359248, ""elevation"": 0.0}, {""range"": 2.1459872162806244, ""doppler"": 0.0, ""angle"": 42.33888138897273, ""elevation"": 0.0}, {""range"": 2.063408369974458, ""doppler"": 0.0, ""angle"": 53.034770018724046, ""elevation"": 0.0}, {""range"": 2.1025307459410683, ""doppler"": 0.0, ""angle"": 49.77079525768692, ""elevation"": 0.0}, {""range"": 0.0872736574098383, ""doppler"": 0.0, ""angle"": 69.11419853930695, ""elevation"": 0.0}]",1785101226283.885
7,"[{""range"": 1.3377421429236818, ""doppler"": 0.0, ""angle"": -44.92418332277862, ""elevation"": 0.0}, {""range"": 0.7017732769173327, ""doppler"": 0.0, ""angle"": -36.837779544196565, ""elevation"": 0.0}, {""range"": 0.6645358066330109, ""doppler"": 0.0, ""angle"": -32.04787293980784, ""elevation"": 0.0}, {""range"": 0.6904637914325376, ""doppler"": 0.0, ""angle"": -31.59486511553188, ""elevation"": 0.0}, {""range"": 1.0804943656561283, ""doppler"": 0.0, ""angle"": -8.949458084208882, ""elevation"": 0.0}, {""range"": 1.0922336413626146, ""doppler"": 0.0, ""angle"": -8.757572780971582, ""elevation"": 0.0}, {""range"": 1.1145048362531855, ""doppler"": 0.0, ""angle"": -10.10915818305821, ""elevation"": 0.0}]",1785101226284.074
6,"[{""range"": 0.6858154304940252, ""doppler"": 0.0, ""angle"": -32.82408748220024, ""elevation"": 0.0}, {""range"": 0.6970942833556626, ""doppler"": 0.0, ""angle"": -31.639275996061663, ""elevation"": 0.0}, {""range"": 1.173360114729847, ""doppler"": 0.0, ""angle"": -19.876430042465106, ""elevation"": 0.0}, {""range"": 1.081734300841904, ""doppler"": 0.0, ""angle"": -9.121326269116372, ""elevation"": 0.0}, {""range"": 1.0922919103896331, ""doppler"": 0.0, ""angle"": -8.899483106315715, ""elevation"": 0.0}, {""range"": 1.1141674844684484, ""doppler"": 0.0, ""angle"": -10.476742338742817, ""elevation"": 0.0}]",1785101226284.238
11,"[{""range"": 1.333578509856933, ""doppler"": 0.0, ""angle"": -45.222728276015786, ""elevation"": 0.0}, {""range"": 0.659508891853725, ""doppler"": 0.0, ""angle"": -36.59959257365984, ""elevation"": 0.0}, {""range"": 0.6825055219867469, ""doppler"": 0.0, ""angle"": -32.75326508442401, ""elevation"": 0.0}, {""range"": 0.6969552660742868, ""doppler"": 0.0, ""angle"": -31.732696623634947, ""elevation"": 0.0}, {""range"": 1.1691928325532068, ""doppler"": 0.0, ""angle"": -21.515022470525853, ""elevation"": 0.0}, {""range"": 1.0816591014516281, ""doppler"": 0.0, ""angle"": -9.333077972841116, ""elevation"": 0.0}, {""range"": 1.0919899930979253, ""doppler"": 0.0, ""angle"": -9.15846276841254, ""elevation"": 0.0}, {""range"": 1.110859457895488, ""doppler"": 0.0, ""angle"": -10.517675355047668, ""elevation"": 0.0}, {""range"": 1.357998030112193, ""doppler"": 0.0, ""angle"": 30.908120785969572, ""elevation"": 0.0}, {""range"": 2.0333074079288322, ""doppler"": 0.0, ""angle"": 53.84259691106993, ""elevation"": 0.0}, {""range"": 2.054798279357472, ""doppler"": 0.0, ""angle"": 55.48017809575803, ""elevation"": 0.0}]",1785101226284.4182
13,"[{""range"": 0.6685524206373799, ""doppler"": 0.0, ""angle"": -36.25383773744479, ""elevation"": 0.0}, {""range"": 0.7025075852548236, ""doppler"": 0.0, ""angle"": -38.65525301642175, ""elevation"": 0.0}, {""range"": 1.3274463992042689, ""doppler"": 0.0, ""angle"": -42.30847350007476, ""elevation"": 0.0}, {""range"": 0.684518985716913, ""doppler"": 0.0, ""angle"": -33.23343788472124, ""elevation"": 0.0}, {""range"": 1.2848131462729613, ""doppler"": 0.0, ""angle"": -28.20570215067825, ""elevation"": 0.0}, {""range"": 1.1677297045053643, ""doppler"": 0.0, ""angle"": -19.231250336672215, ""elevation"": 0.0}, {""range"": 1.0806788141476364, ""doppler"": 0.0, ""angle"": -8.449198496285454, ""elevation"": 0.0}, {""range"": 1.0917192871299672, ""doppler"": 0.0, ""angle"": -8.325197372508288, ""elevation"": 0.0}, {""range"": 1.112269544495356, ""doppler"": 0.0, ""angle"": -9.718240443136182, ""elevation"": 0.0}, {""range"": 1.358376032046319, ""doppler"": 0.0, ""angle"": 27.324002980971034, ""elevation"": 0.0}, {""range"": 2.02692802990506, ""doppler"": 0.0, ""angle"": 53.892356535650634, ""elevation"": 0.0}, {""range"": 2.0527133816328735, ""doppler"": 0.0, ""angle"": 56.53003356438494, ""elevation"": 0.0}, {""range"": 2.09048244297789, ""doppler"": 0.0, ""angle"": 56.84957071530516, ""elevation"": 0.0}]",1785101226284.608
9,"[{""range"": 0.7089328466029796, ""doppler"": 0.0, ""angle"": -35.6905557735704, ""elevation"": 0.0}, {""range"": 0.7393774557362204, ""doppler"": 0.0, ""angle"": -37.75952937839512, ""elevation"": 0.0}, {""range"": 0.6585764052938812, ""doppler"": 0.0, ""angle"": -33.28017173609625, ""elevation"": 0.0}, {""range"": 0.683280824048582, ""doppler"": 0.0, ""angle"": -32.604593166241536, ""elevation"": 0.0}, {""range"": 1.169293521467372, ""doppler"": 0.0, ""angle"": -22.325327550489018, ""elevation"": 0.0}, {""range"": 1.1139795538526331, ""doppler"": 0.0, ""angle"": -11.302717743904964, ""elevation"": 0.0}, {""range"": 1.080674997372651, ""doppler"": 0.0, ""angle"": -9.130343631114874, ""elevation"": 0.0}, {""range"": 1.091063401960147, ""doppler"": 0.0, ""angle"": -9.442253634586041, ""elevation"": 0.0}, {""range"": 2.053826569706451, ""doppler"": 0.0, ""angle"": 50.596173010014695, ""elevation"": 0.0}]",1785101226284.7769
8,"[{""range"": 0.653233832393062, ""doppler"": 0.0, ""angle"": -30.64367170829185, ""elevation"": 0.0}, {""range"": 0.6717447644328025, ""doppler"": 0.0, ""angle"": -29.51976284094744, ""elevation"": 0.0}, {""range"": 0.6930557054130029, ""doppler"": 0.0, ""angle"": -27.27245215738021, ""elevation"": 0.0}, {""range"": 1.3255018752572036, ""doppler"": 0.0, ""angle"": -28.781332975602474, ""elevation"": 0.0}, {""range"": 1.0796582343510592, ""doppler"": 0.0, ""angle"": -9.03330611864893, ""elevation"": 0.0}, {""range"": 1.0905555178040438, ""doppler"": 0.0, ""angle"": -9.104006237585546, ""elevation"": 0.0}, {""range"": 1.1127637251673013, ""doppler"": 0.0, ""angle"": -10.078382116424848, ""elevation"": 0.0}, {""range"": 1.3536304235163108, ""doppler"": 0.0, ""angle"": 27.231880843436567, ""elevation"": 0.0}]",1785101226284.9521
9,"[{""range"": 0.7070590126995997, ""doppler"": 0.0, ""angle"": -37.64368706637301, ""elevation"": 0.0}, {""range"": 1.3262488593103403, ""doppler"": 0.0, ""angle"": -37.19743979168112, ""elevation"": 0.0}, {""range"": 0.6921529160115494, ""doppler"": 0.0, ""angle"": -32.101093132212675, ""elevation"": 0.0}, {""range"": 1.2808257508974574, ""doppler"": 0.0, ""angle"": -27.40573440676299, ""elevation"": 0.0}, {""range"": 1.1705116161312765, ""doppler"": 0.0, ""angle"": -21.630746553189578, ""elevation"": 0.0}, {""range"": 1.1146051440633775, ""doppler"": 0.0, ""angle"": -10.8935119968548, ""elevation"": 0.0}, {""range"": 1.0814258141026751, ""doppler"": 0.0, ""angle"": -8.711588593447694, ""elevation"": 0.0}, {""range"": 1.0912219784618344, ""doppler"": 0.0, ""angle"": -8.965305094361247, ""elevation"": 0.0}, {""range"": 0.09012293247670167, ""doppler"": 0.0, ""angle"": 67.60749806295013, ""elevation"": 0.0}]",1785101226285.137
6,"[{""range"": 0.6870083716236182, ""doppler"": 0.0, ""angle"": -31.667097807581005, ""elevation"": 0.0}, {""range"": 0.7036110191163419, ""doppler"": 0.0, ""angle"": -29.757523790010016, ""elevation"": 0.0}, {""range"": 1.1711636325365216, ""doppler"": 0.0, ""angle"": -18.913532152073326, ""elevation"": 0.0}, {""range"": 1.0816586284829441, ""doppler"": 0.0, ""angle"": -8.853461650050674, ""elevation"": 0.0}, {""range"": 1.0911214111353231, ""doppler"": 0.0, ""angle"": -8.434193259937121, ""elevation"": 0.0}, {""range"": 1.1121996870686468, ""doppler"": 0.0, ""angle"": -9.475951800611416, ""elevation"": 0.0}]",1785101226285.311
5,"[{""range"": 0.7071507842201216, ""doppler"": 0.0, ""angle"": -35.812204985368, ""elevation"": 0.0}, {""range"": 0.6948668304449913, ""doppler"": 0.0, ""angle"": -33.48560126271238, ""elevation"": 0.0}, {""range"": 1.080669183422058, ""doppler"": 0.0, ""angle"": -8.573893423204748, ""elevation"": 0.0}, {""range"": 1.0912777670608709, ""doppler"": 0.0, ""angle"": -8.983852372509318, ""elevation"": 0.0}, {""range"": 1.1174976074635476, ""doppler"": 0.0, ""angle"": -10.081801524468657, ""elevation"": 0.0}]",1785101226285.487
10,"[{""range"": 1.328147764701245, ""doppler"": 0.0, ""angle"": -45.283640155757816, ""elevation"": 0.0}, {""range"": 0.6783439228896353, ""doppler"": 0.0, ""angle"": -23.19264100210752, ""elevation"": 0.0}, {""range"": 0.6928558871273061, ""doppler"": 0.0, ""angle"": -21.944195567386252, ""elevation"": 0.0}, {""range"": 1.1685906510806678, ""doppler"": 0.0, ""angle"": -20.634030722994336, ""elevation"": 0.0}, {""range"": 1.0798622202064585, ""doppler"": 0.0, ""angle"": -7.526305016250013, ""elevation"": 0.0}, {""range"": 1.0914099019973225, ""doppler"": 0.0, ""angle"": -8.080982974127945, ""elevation"": 0.0}, {""range"": 1.1123119311531526, ""doppler"": 0.0, ""angle"": -9.839372268868225, ""elevation"": 0.0}, {""range"": 2.1126561454247086, ""doppler"": 0.0, ""angle"": 34.077431559181235, ""elevation"": 0.0}, {""range"": 2.1480790514319215, ""doppler"": 0.0, ""angle"": 32.99027624858527, ""elevation"": 0.0}, {""range"": 2.1873568351439703, ""doppler"": 0.0, ""angle"": 32.34150797189541, ""elevation"": 0.0}]",1785101226285.6672
11,"[{""range"": 1.3300692489964838, ""doppler"": 0.0, ""angle"": -47.658951773219286, ""elevation"": 0.0}, {""range"": 1.3557331117823892, ""doppler"": 0.0, ""angle"": -46.80109333370606, ""elevation"": 0.0}, {""range"": 0.67451204324091, ""doppler"": 0.0, ""angle"": -29.718505496057023, ""elevation"": 0.0}, {""range"": 0.6777107793977982, ""doppler"": 0.0, ""angle"": -30.577452093568166, ""elevation"": 0.0}, {""range"": 0.6867313005450119, ""doppler"": 0.0, ""angle"": -31.40127664373078, ""elevation"": 0.0}, {""range"": 1.165084881962582, ""doppler"": 0.0, ""angle"": -16.816320342307268, ""elevation"": 0.0}, {""range"": 1.080738948764909, ""doppler"": 0.0, ""angle"": -8.209201234369713, ""elevation"": 0.0}, {""range"": 1.093005815883419, ""doppler"": 0.0, ""angle"": -8.267966163548504, ""elevation"": 0.0}, {""range"": 1.1146026913417133, ""doppler"": 0.0, ""angle"": -7.976710807055735, ""elevation"": 0.0}, {""range"": 1.363596432155162, ""doppler"": 0.0, ""angle"": 30.671256161880653, ""elevation"": 0.0}, {""range"": 1.3938069144240715, ""doppler"": 0.0, ""angle"": 48.40125529624613, ""elevation"": 0.0}]",1785101226285.841
5,"[{""range"": 1.3335967917430964, ""doppler"": 0.0, ""angle"": -42.13054158338498, ""elevation"": 0.0}, {""range"": 1.3522808955719645, ""doppler"": 0.0, ""angle"": -39.74251811393744, ""elevation"": 0.0}, {""range"": 1.1226971814360605, ""doppler"": 0.0, ""angle"": -21.616699825837028, ""elevation"": 0.0}, {""range"": 1.0732241328566676, ""doppler"": 0.0, ""angle"": -12.216103881303878, ""elevation"": 0.0}, {""range"": 1.0888372206065955, ""doppler"": 0.0, ""angle"": -15.526629359718681, ""elevation"": 0.0}]",1785101226286.0051
1,"[{""range"": 1.0872202773753301, ""doppler"": 0.0, ""angle"": -28.06971535513895, ""elevation"": 0.0}]",1785101226286.177
1,"[{""range"": 0.09317561570824852, ""doppler"": 0.0, ""angle"": -24.00714662688581, ""elevation"": 0.0}]",1785101226286.3638
2,"[{""range"": 1.0871372516583246, ""doppler"": 0.0, ""angle"": -28.833089104699802, ""elevation"": 0.0}, {""range"": 0.09491971841357119, ""doppler"": 0.0, ""angle"": -24.247431206034744, ""elevation"": 0.0}]",1785101226286.529
1,"[{""range"": 0.0947567078183125, ""doppler"": 0.0, ""angle"": -24.291834530053766, ""elevation"": 0.0}]",1785101226286.707
1,"[{""range"": 0.08903228211485865, ""doppler"": 0.0, ""angle"": -20.946630989935993, ""elevation"": 0.0}]",1785101226286.877
3,"[{""range"": 0.09150871880272277, ""doppler"": 0.0, ""angle"": -14.25347760998758, ""elevation"": 0.0}, {""range"": 0.08669544245569237, ""doppler"": 0.0, ""angle"": -13.720962220631446, ""elevation"": 0.0}, {""range"": 0.09151920062097538, ""doppler"": 0.0, ""angle"": 24.962789830807015, ""elevation"": 0.0}]",1785101226287.055
1,"[{""range"": 0.08691019456849466, ""doppler"": 0.0, ""angle"": -28.779806304397212, ""elevation"": 0.0}]",1785101226287.2268
6,"[{""range"": 1.3288471478799777, ""doppler"": 0.0, ""angle"": -35.81820770395531, ""elevation"": 0.0}, {""range"": 1.3589857244177754, ""doppler"": 0.0, ""angle"": -33.90125092591485, ""elevation"": 0.0}, {""range"": 1.07468037355866, ""doppler"": 0.0, ""angle"": -11.848396731019335, ""elevation"": 0.0}, {""range"": 1.0905540664932474, ""doppler"": 0.0, ""angle"": -11.28045365251018, ""elevation"": 0.0}, {""range"": 1.128174169102277, ""doppler"": 0.0, ""angle"": -12.485467490857152, ""elevation"": 0.0}, {""range"": 1.1754158619173827, ""doppler"": 0.0, ""angle"": -16.055545419703524, ""elevation"": 0.0}]",1785101226287.399
5,"[{""range"": 1.360958539727604, ""doppler"": 0.0, ""angle"": -37.31706485587381, ""elevation"": 0.0}, {""range"": 1.1788791381066595, ""doppler"": 0.0, ""angle"": -18.665801635431006, ""elevation"": 0.0}, {""range"": 1.0748090453992634, ""doppler"": 0.0, ""angle"": -14.126407433405866, ""elevation"": 0.0}, {""range"": 1.0901607487178457, ""doppler"": 0.0, ""angle"": -13.981539315065122, ""elevation"": 0.0}, {""range"": 1.1247178990607027, ""doppler"": 0.0, ""angle"": -15.974174543406733, ""elevation"": 0.0}]",1785101226287.565
8,"[{""range"": 0.6852835413618441, ""doppler"": 0.0, ""angle"": -43.51981827943801, ""elevation"": 0.0}, {""range"": 0.701886125726513, ""doppler"": 0.0, ""angle"": -41.71596878519893, ""elevation"": 0.0}, {""range"": 1.325778000911869, ""doppler"": 0.0, ""angle"": -35.64727447706802, ""elevation"": 0.0}, {""range"": 1.3591521523764198, ""doppler"": 0.0, ""angle"": -37.403595494254276, ""elevation"": 0.0}, {""range"": 1.1688240899825337, ""doppler"": 0.0, ""angle"": -18.76757660711346, ""elevation"": 0.0}, {""range"": 1.0738949926005767, ""doppler"": 0.0, ""angle"": -15.292772002903227, ""elevation"": 0.0}, {""range"": 1.0921777405726518, ""doppler"": 0.0, ""angle"": -15.526621657088004, ""elevation"": 0.0}, {""range"": 1.1236005313358721, ""doppler"": 0.0, ""angle"": -16.65557567583398, ""elevation"": 0.0}]",1785101226287.736
3,"[{""range"": 0.7047885609172198, ""doppler"": 0.0, ""angle"": -46.90196113894948, ""elevation"": 0.0}, {""range"": 1.0937498197147482, ""doppler"": 0.0, ""angle"": -16.820367295563408, ""elevation"": 0.0}, {""range"": 1.1262178562344474, ""doppler"": 0.0, ""angle"": -17.46256185230614, ""elevation"": 0.0}]",1785101226287.906
5,"[{""range"": 0.677012910341803, ""doppler"": 0.0, ""angle"": -38.79215812605106, ""elevation"": 0.0}, {""range"": 0.7119931001335358, ""doppler"": 0.0, ""angle"": -41.935873163729184, ""elevation"": 0.0}, {""range"": 1.3310968002984578, ""doppler"": 0.0, ""angle"": -37.82435410947807, ""elevation"": 0.0}, {""range"": 1.0947971294475647, ""doppler"": 0.0, ""angle"": -16.872239835479512, ""elevation"": 0.0}, {""range"": 1.127498583069721, ""doppler"": 0.0, ""angle"": -17.728055122491988, ""elevation"": 0.0}]",1785101226288.0718
3,"[{""range"": 1.3355711869420948, ""doppler"": 0.0, ""angle"": -39.660207979656825, ""elevation"": 0.0}, {""range"": 1.3614831546475095, ""doppler"": 0.0, ""angle"": -38.81023680057197, ""elevation"": 0.0}, {""range"": 1.0937371468050303, ""doppler"": 0.0, ""angle"": -13.684098894327688, ""elevation"": 0.0}]",1785101226288.247
2,"[{""range"": 1.3315560167258873, ""doppler"": 0.0, ""angle"": -36.89913567974551, ""elevation"": 0.0}, {""range"": 0.6458954356660709, ""doppler"": 0.0, ""angle"": -27.43052337209514, ""elevation"": 0.0}]",1785101226288.419
4,"[{""range"": 1.3314848768281184, ""doppler"": 0.0, ""angle"": -45.97397251757525, ""elevation"": 0.0}, {""range"": 1.3540737687475373, ""doppler"": 0.0, ""angle"": -45.326361448400924, ""elevation"": 0.0}, {""range"": 1.0906730235907045, ""doppler"": 0.0, ""angle"": -17.38036211105196, ""elevation"": 0.0}, {""range"": 1.1789736434788303, ""doppler"": 0.0, ""angle"": -13.578881781887619, ""elevation"": 0.0}]",1785101226288.5928
2,"[{""range"": 1.0686792008754593, ""doppler"": 0.0, ""angle"": -8.932754819305417, ""elevation"": 0.0}, {""range"": 1.0798676387724933, ""doppler"": 0.0, ""angle"": -9.627655026977648, ""elevation"": 0.0}]",1785101226288.759
6,"[{""range"": 0.09150312800869866, ""doppler"": 0.0, ""angle"": -54.384227145738286, ""elevation"": 0.0}, {""range"": 0.1092412653942312, ""doppler"": 0.0, ""angle"": -47.7200022756414, ""elevation"": 0.0}, {""range"": 0.14921720150563028, ""doppler"": 0.0, ""angle"": -44.12606436536534, ""elevation"": 0.0}, {""range"": 0.20764417325835433, ""doppler"": 0.0, ""angle"": -36.45543316678197, ""elevation"": 0.0}, {""range"": 1.074153402041705, ""doppler"": 0.0, ""angle"": -22.01749196062835, ""elevation"": 0.0}, {""range"": 1.0635579989701374, ""doppler"": 0.0, ""angle"": -14.438099377957972, ""elevation"": 0.0}]",1785101226288.933
6,"[{""range"": 0.09159742694997094, ""doppler"": 0.0, ""angle"": -38.65980825409009, ""elevation"": 0.0}, {""range"": 0.11163948375276125, ""doppler"": 0.0, ""angle"": -40.322582141118254, ""elevation"": 0.0}, {""range"": 0.14721470055721164, ""doppler"": 0.0, ""angle"": -42.29241464625162, ""elevation"": 0.0}, {""range"": 1.1163764070311424, ""doppler"": 0.0, ""angle"": -33.4024456379311, ""elevation"": 0.0}, {""range"": 1.0692872927457011, ""doppler"": 0.0, ""angle"": -18.283453196296016, ""elevation"": 0.0}, {""range"": 1.0822763857966011, ""doppler"": 0.0, ""angle"": -24.740098900504627, ""elevation"": 0.0}]",1785101226289.111
5,"[{""range"": 0.09157386131825784, ""doppler"": 0.0, ""angle"": -38.10067231580176, ""elevation"": 0.0}, {""range"": 0.10850131311134244, ""doppler"": 0.0, ""angle"": -39.38241940987317, ""elevation"": 0.0}, {""range"": 0.15660221782295236, ""doppler"": 0.0, ""angle"": -40.090372328989226, ""elevation"": 0.0}, {""range"": 1.0744455560856718, ""doppler"": 0.0, ""angle"": -22.25825028903997, ""elevation"": 0.0}, {""range"": 1.0614237593788713, ""doppler"": 0.0, ""angle"": -14.64726915079111, ""elevation"": 0.0}]",1785101226289.275
4,"[{""range"": 0.11079597654147118, ""doppler"": 0.0, ""angle"": -33.27971980971073, ""elevation"": 0.0}, {""range"": 1.0593329410060188, ""doppler"": 0.0, ""angle"": -10.917306900031779, ""elevation"": 0.0}, {""range"": 1.0737134138439144, ""doppler"": 0.0, ""angle"": -7.9452300172561365, ""elevation"": 0.0}, {""range"": 0.09157263923123411, ""doppler"": 0.0, ""angle"": 58.57573807666843, ""elevation"": 0.0}]",1785101226289.464
5,"[{""range"": 1.3230828101290164, ""doppler"": 0.0, ""angle"": -37.47699893283727, ""elevation"": 0.0}, {""range"": 1.1649189857568623, ""doppler"": 0.0, ""angle"": -19.28880105577336, ""elevation"": 0.0}, {""range"": 1.1006770408982929, ""doppler"": 0.0, ""angle"": -13.232525155307034, ""elevation"": 0.0}, {""range"": 1.1253511153241318, ""doppler"": 0.0, ""angle"": -15.208806833833716, ""elevation"": 0.0}, {""range"": 1.0790249767687765, ""doppler"": 0.0, ""angle"": -10.252192727180692, ""elevation"": 0.0}]",1785101226289.6372
5,"[{""range"": 1.360178443029331, ""doppler"": 0.0, ""angle"": -34.69705907132616, ""elevation"": 0.0}, {""range"": 1.3300515196232003, ""doppler"": 0.0, ""angle"": -31.604474434864635, ""elevation"": 0.0}, {""range"": 1.0839851282619317, ""doppler"": 0.0, ""angle"": -9.264987087717687, ""elevation"": 0.0}, {""range"": 1.0938030238695455, ""doppler"": 0.0, ""angle"": -9.275997630457379, ""elevation"": 0.0}, {""range"": 1.1131952298309626, ""doppler"": 0.0, ""angle"": -7.856771540379283, ""elevation"": 0.0}]",1785101226289.8008
11,"[{""range"": 1.319085196444053, ""doppler"": 0.0, ""angle"": -32.88222794952677, ""elevation"": 0.0}, {""range"": 1.2873222977437713, ""doppler"": 0.0, ""angle"": -21.872347504133334, ""elevation"": 0.0}, {""range"": 0.16830637752708996, ""doppler"": 0.0, ""angle"": -17.433914757467758, ""elevation"": 0.0}, {""range"": 0.18972057311699092, ""doppler"": 0.0, ""angle"": -15.581924184855756, ""elevation"": 0.0}, {""range"": 0.19854708889104153, ""doppler"": 0.0, ""angle"": -15.300376023434547, ""elevation"": 0.0}, {""range"": 1.089149787871583, ""doppler"": 0.0, ""angle"": -8.630303565822896, ""elevation"": 0.0}, {""range"": 1.110105390880633, ""doppler"": 0.0, ""angle"": -5.55539506316428, ""elevation"": 0.0}, {""range"": 1.126708983994096, ""doppler"": 0.0, ""angle"": -3.821938071334363, ""elevation"": 0.0}, {""range"": 1.159241578985196, ""doppler"": 0.0, ""angle"": -6.598828632739414, ""elevation"": 0.0}, {""range"": 1.8812725012843177, ""doppler"": 0.0, ""angle"": 51.18880046516087, ""elevation"": 0.0}, {""range"": 1.9024488015577918, ""doppler"": 0.0, ""angle"": 52.00126755749534, ""elevation"": 0.0}]",1785101226289.986
3,"[{""range"": 0.1572401935402563, ""doppler"": 0.0, ""angle"": -12.945779623797419, ""elevation"": 0.0}, {""range"": 0.17139537138992175, ""doppler"": 0.0, ""angle"": -12.71683211124027, ""elevation"": 0.0}, {""range"": 0.1854135817293552, ""doppler"": 0.0, ""angle"": -14.692938265350827, ""elevation"": 0.0}]",1785101226290.215
7,"[{""range"": 1.2930018157311536, ""doppler"": 0.0, ""angle"": -45.324967688019875, ""elevation"": 0.0}, {""range"": 1.324972642498162, ""doppler"": 0.0, ""angle"": -44.20169474224228, ""elevation"": 0.0}, {""range"": 0.16398086000715562, ""doppler"": 0.0, ""angle"": -11.064870754065575, ""elevation"": 0.0}, {""range"": 0.18232156709923777, ""doppler"": 0.0, ""angle"": -11.541362523298025, ""elevation"": 0.0}, {""range"": 0.15520194547592253, ""doppler"": 0.0, ""angle"": -10.287133429497354, ""elevation"": 0.0}, {""range"": 1.8826288673896157, ""doppler"": 0.0, ""angle"": 53.75376893258477, ""elevation"": 0.0}, {""range"": 1.900852712435277, ""doppler"": 0.0, ""angle"": 52.291413973462646, ""elevation"": 0.0}]",1785101226290.385
10,"[{""range"": 1.3703871783888417, ""doppler"": 0.0, ""angle"": -38.29201622521503, ""elevation"": 0.0}, {""range"": 0.1884345957163164, ""doppler"": 0.0, ""angle"": -27.586344840582676, ""elevation"": 0.0}, {""range"": 0.09162011405177063, ""doppler"": 0.0, ""angle"": -19.495860513186237, ""elevation"": 0.0}, {""range"": 0.13637971256515735, ""doppler"": 0.0, ""angle"": -21.215497906899092, ""elevation"": 0.0}, {""range"": 0.1529303494510741, ""doppler"": 0.0, ""angle"": -24.377422068482932, ""elevation"": 0.0}, {""range"": 3.687556716632169, ""doppler"": 0.0, ""angle"": 32.436245709541744, ""elevation"": 0.0}, {""range"": 3.707711084909457, ""doppler"": 0.0, ""angle"": 31.69783408921074, ""elevation"": 0.0}, {""range"": 3.7286219242590093, ""doppler"": 0.0, ""angle"": 32.86317554470773, ""elevation"": 0.0}, {""range"": 1.8870081396438907, ""doppler"": 0.0, ""angle"": 47.48855234956133, ""elevation"": 0.0}, {""range"": 1.9142745241676105, ""doppler"": 0.0, ""angle"": 43.91379278020989, ""elevation"": 0.0}]",1785101226290.5732
13,"[{""range"": 0.6565774231325263, ""doppler"": 0.0, ""angle"": -34.694166642839676, ""elevation"": 0.0}, {""range"": 0.7032609048098295, ""doppler"": 0.0, ""angle"": -41.928738595387, ""elevation"": 0.0}, {""range"": 0.7182136854695709, ""doppler"": 0.0, ""angle"": -41.91193078135303, ""elevation"": 0.0}, {""range"": 0.7388614702281453, ""doppler"": 0.0, ""angle"": -40.819377015629485, ""elevation"": 0.0}, {""range"": 0.1480460594084113, ""doppler"": 0.0, ""angle"": -12.911624592833352, ""elevation"": 0.0}, {""range"": 0.5645002125731944, ""doppler"": 0.0, ""angle"": -17.608459143315287, ""elevation"": 0.0}, {""range"": 0.567972957180857, ""doppler"": 0.0, ""angle"": -16.08415032836928, ""elevation"": 0.0}, {""range"": 0.11259429412595594, ""doppler"": 0.0, ""angle"": -8.953704627634147, ""elevation"": 0.0}, {""range"": 0.09147044997295505, ""doppler"": 0.0, ""angle"": 7.6390529549801975, ""elevation"": 0.0}, {""range"": 1.5980248260855947, ""doppler"": 0.0, ""angle"": 32.77605882061702, ""elevation"": 0.0}, {""range"": 1.900231281677406, ""doppler"": 0.0, ""angle"": 45.85020436702223, ""elevation"": 0.0}, {""range"": 1.9239411869285339, ""doppler"": 0.0, ""angle"": 47.195796410814296, ""elevation"": 0.0}, {""range"": 1.9404273285063514, ""doppler"": 0.0, ""angle"": 50.68793204882061, ""elevation"": 0.0}]",1785101226290.752
9,"[{""range"": 0.689358492546463, ""doppler"": 0.0, ""angle"": -45.21018166729773, ""elevation"": 0.0}, {""range"": 0.7194377709676273, ""doppler"": 0.0, ""angle"": -48.38538265069205, ""elevation"": 0.0}, {""range"": 0.09151500803774056, ""doppler"": 0.0, ""angle"": -13.33026485333698, ""elevation"": 0.0}, {""range"": 1.7717264417125962, ""doppler"": 0.0, ""angle"": 37.392656961088505, ""elevation"": 0.0}, {""range"": 1.7414660054245454, ""doppler"": 0.0, ""angle"": 45.0374400596981, ""elevation"": 0.0}, {""range"": 1.9271803154792855, ""doppler"": 0.0, ""angle"": 51.010580049804084, ""elevation"": 0.0}, {""range"": 1.9485800099481116, ""doppler"": 0.0, ""angle"": 50.05911660281618, ""elevation"": 0.0}, {""range"": 0.09156286194784237, ""doppler"": 0.0, ""angle"": 69.29989712405728, ""elevation"": 0.0}, {""range"": 1.7018681839627716, ""doppler"": 0.0, ""angle"": 57.690869751142884, ""elevation"": 0.0}]",1785101226290.9429
11,"[{""range"": 0.630629366754396, ""doppler"": 0.0, ""angle"": -35.70009534882525, ""elevation"": 0.0}, {""range"": 0.67960505282335, ""doppler"": 0.0, ""angle"": -39.37320202614085, ""elevation"": 0.0}, {""range"": 0.7179273242924754, ""doppler"": 0.0, ""angle"": -36.39039848088088, ""elevation"": 0.0}, {""range"": 0.5686001950636409, ""doppler"": 0.0, ""angle"": -32.36063617236409, ""elevation"": 0.0}, {""range"": 0.5950851437074973, ""doppler"": 0.0, ""angle"": -32.90694344771103, ""elevation"": 0.0}, {""range"": 0.13429974071921383, ""doppler"": 0.0, ""angle"": 24.21035344758222, ""elevation"": 0.0}, {""range"": 1.8509103242625364, ""doppler"": 0.0, ""angle"": 51.341920673005845, ""elevation"": 0.0}, {""range"": 1.8879402639905265, ""doppler"": 0.0, ""angle"": 51.344429285988944, ""elevation"": 0.0}, {""range"": 1.912801950524941, ""doppler"": 0.0, ""angle"": 47.09109846229897, ""elevation"": 0.0}, {""range"": 1.9336141173353616, ""doppler"": 0.0, ""angle"": 46.07159465251935, ""elevation"": 0.0}, {""range"": 1.724665921352193, ""doppler"": 0.0, ""angle"": 60.73479514826182, ""elevation"": 0.0}]",1785101226291.1758
9,"[{""range"": 0.7008610730238578, ""doppler"": 0.0, ""angle"": -38.55707456819129, ""elevation"": 0.0}, {""range"": 0.7160586306219904, ""doppler"": 0.0, ""angle"": -39.92464707085774, ""elevation"": 0.0}, {""range"": 0.11862374084350359, ""doppler"": 0.0, ""angle"": -16.823332502687773, ""elevation"": 0.0}, {""range"": 0.14200269665428594, ""doppler"": 0.0, ""angle"": -13.248782339171042, ""elevation"": 0.0}, {""range"": 1.717878896211675, ""doppler"": 0.0, ""angle"": 26.415690950621258, ""elevation"": 0.0}, {""range"": 1.7222599403624739, ""doppler"": 0.0, ""angle"": 32.61262926784271, ""elevation"": 0.0}, {""range"": 1.9259471792140064, ""doppler"": 0.0, ""angle"": 41.714383161303644, ""elevation"": 0.0}, {""range"": 1.8998576692889495, ""doppler"": 0.0, ""angle"": 44.13818759217071, ""elevation"": 0.0}, {""range"": 1.9501300605629988, ""doppler"": 0.0, ""angle"": 44.257002103431894, ""elevation"": 0.0}]",1785101226291.3542
7,"[{""range"": 0.5906434297941018, ""doppler"": 0.0, ""angle"": -46.8033194026451, ""elevation"": 0.0}, {""range"": 0.6435962627146842, ""doppler"": 0.0, ""angle"": -40.30085844985046, ""elevation"": 0.0}, {""range"": 0.6933199418530216, ""doppler"": 0.0, ""angle"": -38.675962861814085, ""elevation"": 0.0}, {""range"": 0.7196646199132017, ""doppler"": 0.0, ""angle"": -37.73264348750279, ""elevation"": 0.0}, {""range"": 0.1330551108975171, ""doppler"": 0.0, ""angle"": 10.766288256188327, ""elevation"": 0.0}, {""range"": 1.8978736666857468, ""doppler"": 0.0, ""angle"": 45.061074758493895, ""elevation"": 0.0}, {""range"": 1.9137223384582802, ""doppler"": 0.0, ""angle"": 47.495472552971115, ""elevation"": 0.0}]",1785101226291.531
5,"[{""range"": 0.1615196683926922, ""doppler"": 0.0, ""angle"": -30.909365263512914, ""elevation"": 0.0}, {""range"": 0.5752485121415015, ""doppler"": 0.0, ""angle"": -25.402087469396314, ""elevation"": 0.0}, {""range"": 1.727863974995502, ""doppler"": 0.0, ""angle"": 43.71690985254233, ""elevation"": 0.0}, {""range"": 1.902915608638211, ""doppler"": 0.0, ""angle"": 52.17601475459556, ""elevation"": 0.0}, {""range"": 1.9185087344530771, ""doppler"": 0.0, ""angle"": 54.50267352773555, ""elevation"": 0.0}]",1785101226291.695
4,"[{""range"": 0.13357508612968244, ""doppler"": 0.0, ""angle"": 0.2301022950972138, ""elevation"": 0.0}, {""range"": 1.7381139738271263, ""doppler"": 0.0, ""angle"": 28.030878814935168, ""elevation"": 0.0}, {""range"": 1.8985993434417805, ""doppler"": 0.0, ""angle"": 47.70634654960884, ""elevation"": 0.0}, {""range"": 1.9183995254789605, ""doppler"": 0.0, ""angle"": 49.07431658036206, ""elevation"": 0.0}]",1785101226291.869
4,"[{""range"": 0.10356553592765623, ""doppler"": 0.0, ""angle"": 9.641218468752777, ""elevation"": 0.0}, {""range"": 0.12938816154969407, ""doppler"": 0.0, ""angle"": 5.710593137499642, ""elevation"": 0.0}, {""range"": 0.09146887693880847, ""doppler"": 0.0, ""angle"": 12.188633201931882, ""elevation"": 0.0}, {""range"": 0.5025177426174456, ""doppler"": 0.0, ""angle"": 16.177837545689354, ""elevation"": 0.0}]",1785101226292.043
2,"[{""range"": 0.5613651515975645, ""doppler"": 0.0, ""angle"": 8.610180090470621, ""elevation"": 0.0}, {""range"": 0.5885478042342399, ""doppler"": 0.0, ""angle"": 10.71589669658047, ""elevation"": 0.0}]",1785101226292.202
4,"[{""range"": 0.12625074225500002, ""doppler"": 0.0, ""angle"": -15.610988533679656, ""elevation"": 0.0}, {""range"": 1.6691035633917624, ""doppler"": 0.0, ""angle"": 17.21780776654176, ""elevation"": 0.0}, {""range"": 1.883914909326643, ""doppler"": 0.0, ""angle"": 38.371038611493454, ""elevation"": 0.0}, {""range"": 1.914204002150345, ""doppler"": 0.0, ""angle"": 41.5046401625524, ""elevation"": 0.0}]",1785101226292.373
4,"[{""range"": 1.673396601804255, ""doppler"": 0.0, ""angle"": 15.151482622924007, ""elevation"": 0.0}, {""range"": 1.899648697702128, ""doppler"": 0.0, ""angle"": 44.054183024522324, ""elevation"": 0.0}, {""range"": 1.9242972376270384, ""doppler"": 0.0, ""angle"": 51.765921362526775, ""elevation"": 0.0}, {""range"": 1.9510382802268642, ""doppler"": 0.0, ""angle"": 54.71931792934981, ""elevation"": 0.0}]",1785101226292.5452
4,"[{""range"": 0.093595046339156, ""doppler"": 0.0, ""angle"": -2.2993601616164843, ""elevation"": 0.0}, {""range"": 0.09156530636656643, ""doppler"": 0.0, ""angle"": 5.153908561227802, ""elevation"": 0.0}, {""range"": 1.9250122309176634, ""doppler"": 0.0, ""angle"": 52.12735028427519, ""elevation"": 0.0}, {""range"": 1.6620240772960335, ""doppler"": 0.0, ""angle"": 69.37541401358315, ""elevation"": 0.0}]",1785101226292.717
3,"[{""range"": 0.09220645898829749, ""doppler"": 0.0, ""angle"": 2.8901486771262523, ""elevation"": 0.0}, {""range"": 0.09157805120709951, ""doppler"": 0.0, ""angle"": 7.2915330402047, ""elevation"": 0.0}, {""range"": 1.6622969012854545, ""doppler"": 0.0, ""angle"": 52.966157562130896, ""elevation"": 0.0}]",1785101226292.882
6,"[{""range"": 0.1212660416416054, ""doppler"": 0.0, ""angle"": -9.934567635866296, ""elevation"": 0.0}, {""range"": 0.08958863636423532, ""doppler"": 0.0, ""angle"": -0.45744161376679826, ""elevation"": 0.0}, {""range"": 0.0915333491716226, ""doppler"": 0.0, ""angle"": 7.069483747426776, ""elevation"": 0.0}, {""range"": 1.6627347111185657, ""doppler"": 0.0, ""angle"": 16.603044119814065, ""elevation"": 0.0}, {""range"": 1.7357536026255946, ""doppler"": 0.0, ""angle"": 51.14292284772788, ""elevation"": 0.0}, {""range"": 1.7484672736158176, ""doppler"": 0.0, ""angle"": 45.80797977736253, ""elevation"": 0.0}]",1785101226293.054
7,"[{""range"": 0.1251444620737753, ""doppler"": 0.0, ""angle"": -9.125846281038939, ""elevation"": 0.0}, {""range"": 0.09277066129002763, ""doppler"": 0.0, ""angle"": -3.2043338196482245, ""elevation"": 0.0}, {""range"": 0.09147202298005032, ""doppler"": 0.0, ""angle"": 5.721738007912105, ""elevation"": 0.0}, {""range"": 1.6504032213119055, ""doppler"": 0.0, ""angle"": 20.94257897401469, ""elevation"": 0.0}, {""range"": 1.6091198889314322, ""doppler"": 0.0, ""angle"": 35.479205933838344, ""elevation"": 0.0}, {""range"": 1.7684836960836585, ""doppler"": 0.0, ""angle"": 53.69321617607881, ""elevation"": 0.0}, {""range"": 1.7388236403512753, ""doppler"": 0.0, ""angle"": 60.1842289241468, ""elevation"": 0.0}]",1785101226293.225
11,"[{""range"": 0.12189812921989213, ""doppler"": 0.0, ""angle"": -7.41691371913839, ""elevation"": 0.0}, {""range"": 0.09030741017578132, ""doppler"": 0.0, ""angle"": 0.6807099057474298, ""elevation"": 0.0}, {""range"": 0.09151658027896202, ""doppler"": 0.0, ""angle"": 10.014464892473416, ""elevation"": 0.0}, {""range"": 1.6892306403104316, ""doppler"": 0.0, ""angle"": 9.511179603491657, ""elevation"": 0.0}, {""range"": 0.563479507141001, ""doppler"": 0.0, ""angle"": 17.031879600945423, ""elevation"": 0.0}, {""range"": 0.5804335013231187, ""doppler"": 0.0, ""angle"": 14.614190706320537, ""elevation"": 0.0}, {""range"": 1.6599058281328019, ""doppler"": 0.0, ""angle"": 11.57744721554081, ""elevation"": 0.0}, {""range"": 1.6053624035247556, ""doppler"": 0.0, ""angle"": 27.972253304461276, ""elevation"": 0.0}, {""range"": 1.775732362933087, ""doppler"": 0.0, ""angle"": 47.05254346849659, ""elevation"": 0.0}, {""range"": 1.6169155462743716, ""doppler"": 0.0, ""angle"": 56.346837396983695, ""elevation"": 0.0}, {""range"": 1.7429245785974967, ""doppler"": 0.0, ""angle"": 54.38578939282517, ""elevation"": 0.0}]",1785101226293.4001
4,"[{""range"": 1.6655815765456516, ""doppler"": 0.0, ""angle"": 5.0813778871846305, ""elevation"": 0.0}, {""range"": 0.5327128805356814, ""doppler"": 0.0, ""angle"": 40.30299047112712, ""elevation"": 0.0}, {""range"": 1.7809725668925551, ""doppler"": 0.0, ""angle"": 42.90058328175641, ""elevation"": 0.0}, {""range"": 1.7574315699835803, ""doppler"": 0.0, ""angle"": 44.64136501061127, ""elevation"": 0.0}]",1785101226293.5747
4,"[{""range"": 1.7077743009702142, ""doppler"": 0.0, ""angle"": 22.351745768081624, ""elevation"": 0.0}, {""range"": 0.5313539326832282, ""doppler"": 0.0, ""angle"": 42.09470107508991, ""elevation"": 0.0}, {""range"": 1.7492304478382426, ""doppler"": 0.0, ""angle"": 47.5230137743216, ""elevation"": 0.0}, {""range"": 1.7723992611191737, ""doppler"": 0.0, ""angle"": 48.599281241677986, ""elevation"": 0.0}]",1785101226293.746
3,"[{""range"": 0.5374291691260951, ""doppler"": 0.0, ""angle"": 46.49644277638861, ""elevation"": 0.0}, {""range"": 1.7539918610969367, ""doppler"": 0.0, ""angle"": 50.19891618340508, ""elevation"": 0.0}, {""range"": 1.7714433241533223, ""doppler"": 0.0, ""angle"": 48.06867322578137, ""elevation"": 0.0}]",1785101226293.923
2,"[{""range"": 0.09154295496566184, ""doppler"": 0.0, ""angle"": -45.0, ""elevation"": 0.0}, {""range"": 0.09166808749621916, ""doppler"": 0.0, ""angle"": -37.62992193114356, ""elevation"": 0.0}]",1785101226294.095
2,"[{""range"": 0.09152706119690643, ""doppler"": 0.0, ""angle"": -36.019143597812736, ""elevation"": 0.0}, {""range"": 0.09482804889662257, ""doppler"": 0.0, ""angle"": -33.150688046422374, ""elevation"": 0.0}]",1785101226294.2642
2,"[{""range"": 0.0914711490905592, ""doppler"": 0.0, ""angle"": -46.98039283132212, ""elevation"": 0.0}, {""range"": 0.09383115314655308, ""doppler"": 0.0, ""angle"": -44.073464392556005, ""elevation"": 0.0}]",1785101226294.444
1,"[{""range"": 1.6967699831449943, ""doppler"": 0.0, ""angle"": 0.13283853838668408, ""elevation"": 0.0}]",1785101226294.624
1,"[{""range"": 0.5826962023424671, ""doppler"": 0.0, ""angle"": 11.434068537757387, ""elevation"": 0.0}]",1785101226294.792
2,"[{""range"": 0.4588025126721209, ""doppler"": 0.4670303801249247, ""angle"": 36.85649930338506, ""elevation"": 0.15631360611453776}, {""range"": 2.3377184839846636, ""doppler"": -8.57326540350914, ""angle"": 0.0, ""elevation"": 11.739685737135991}]",1785101226324.275
6,"[{""range"": 1.3291707754587663, ""doppler"": 0.0, ""angle"": -34.797528251673825, ""elevation"": 0.0}, {""range"": 1.1882593743148235, ""doppler"": 0.0, ""angle"": -30.934182993090918, ""elevation"": 0.0}, {""range"": 1.0767234395647554, ""doppler"": 0.0, ""angle"": -8.326568863223248, ""elevation"": 0.0}, {""range"": 1.0800264084530184, ""doppler"": 0.0, ""angle"": -8.665385818388312, ""elevation"": 0.0}, {""range"": 0.4976895825454899, ""doppler"": 0.0, ""angle"": 33.273274488871365, ""elevation"": 0.0}, {""range"": 0.48524718611520634, ""doppler"": 0.0, ""angle"": 41.86323321626829, ""elevation"": 0.0}]",1785101226444.514
11,"[{""range"": 1.1873135499777425, ""doppler"": 0.0, ""angle"": -28.48718832881511, ""elevation"": 0.0}, {""range"": 1.2281421230624392, ""doppler"": 0.0, ""angle"": -29.173711865058326, ""elevation"": 0.0}, {""range"": 1.3199202372562264, ""doppler"": 0.0, ""angle"": -31.86633402836854, ""elevation"": 0.0}, {""range"": 1.1402215466815293, ""doppler"": 0.0, ""angle"": -22.410436829619393, ""elevation"": 0.0}, {""range"": 1.2799266220875183, ""doppler"": 0.0, ""angle"": -14.937089006544548, ""elevation"": 0.0}, {""range"": 0.410138867722336, ""doppler"": 0.0, ""angle"": -7.314018613296535, ""elevation"": 0.0}, {""range"": 0.41494978443063313, ""doppler"": 0.0, ""angle"": -8.999582084148452, ""elevation"": 0.0}, {""range"": 0.4295185517851397, ""doppler"": 0.0, ""angle"": -8.113235772508045, ""elevation"": 0.0}, {""range"": 0.4917413754801718, ""doppler"": 0.0, ""angle"": 16.629398137041456, ""elevation"": 0.0}, {""range"": 0.509653247181667, ""doppler"": 0.0, ""angle"": 18.68287087495226, ""elevation"": 0.0}, {""range"": 2.02398424337842, ""doppler"": 0.0, ""angle"": 34.26007215846263, ""elevation"": 0.0}]",1785101226555.381
11,"[{""range"": 1.1877849478589722, ""doppler"": 0.0, ""angle"": -37.851531849921564, ""elevation"": 0.0}, {""range"": 0.39082741944615845, ""doppler"": 0.0, ""angle"": -23.656396251386955, ""elevation"": 0.0}, {""range"": 0.4569201292178256, ""doppler"": 0.0, ""angle"": 0.8520857563869008, ""elevation"": 0.0}, {""range"": 0.46875072735872847, ""doppler"": 0.0, ""angle"": 1.901870953310453, ""elevation"": 0.0}, {""range"": 0.4740021478599794, ""doppler"": 0.0, ""angle"": 2.1186964394081524, ""elevation"": 0.0}, {""range"": 0.4943072127093569, ""doppler"": 0.0, ""angle"": 0.9327360019995194, ""elevation"": 0.0}, {""range"": 1.1385254372214195, ""doppler"": 0.0, ""angle"": 5.479577462537838, ""elevation"": 0.0}, {""range"": 2.088595206657198, ""doppler"": 0.0, ""angle"": 32.170212568015074, ""elevation"": 0.0}, {""range"": 2.038075774270583, ""doppler"": 0.0, ""angle"": 35.81116392264124, ""elevation"": 0.0}, {""range"": 2.0624421819843475, ""doppler"": 0.0, ""angle"": 34.53052538461376, ""elevation"": 0.0}, {""range"": 1.9009120983817542, ""doppler"": 0.0, ""angle"": 55.81513933138209, ""elevation"": 0.0}]",1785101226651.4912
8,"[{""range"": 0.15986665767984837, ""doppler"": 0.0, ""angle"": -34.70325989500459, ""elevation"": 0.0}, {""range"": 0.17159551981419757, ""doppler"": 0.0, ""angle"": -37.33560964887491, ""elevation"": 0.0}, {""range"": 0.5009562606065192, ""doppler"": 0.0, ""angle"": 2.8848737575937813, ""elevation"": 0.0}, {""range"": 0.5044343939742858, ""doppler"": 0.0, ""angle"": -0.060931327097371014, ""elevation"": 0.0}, {""range"": 0.49580818846423474, ""doppler"": 0.0, ""angle"": 6.668792263274749, ""elevation"": 0.0}, {""range"": 4.2442383519649525, ""doppler"": 0.0, ""angle"": 7.283105483116294, ""elevation"": 0.0}, {""range"": 4.2617584591163835, ""doppler"": 0.0, ""angle"": 6.02108576359847, ""elevation"": 0.0}, {""range"": 4.2763427015116235, ""doppler"": 0.0, ""angle"": 5.372075209837709, ""elevation"": 0.0}]",1785101226745.419
9,"[{""range"": 0.1892828058285428, ""doppler"": 0.0, ""angle"": -38.710527431912986, ""elevation"": 0.0}, {""range"": 0.1982285338001481, ""doppler"": 0.0, ""angle"": -41.59920221909101, ""elevation"": 0.0}, {""range"": 0.17464556583765725, ""doppler"": 0.0, ""angle"": -31.134788201723435, ""elevation"": 0.0}, {""range"": 2.1242406396216387, ""doppler"": 0.0, ""angle"": -33.397116779562104, ""elevation"": 0.0}, {""range"": 2.1043560428808847, ""doppler"": 0.0, ""angle"": -22.861048989044164, ""elevation"": 0.0}, {""range"": 0.5085971260146733, ""doppler"": 0.0, ""angle"": 0.8057946829745577, ""elevation"": 0.0}, {""range"": 0.5178808412715808, ""doppler"": 0.0, ""angle"": 0.6726405411398607, ""elevation"": 0.0}, {""range"": 0.5228522191620976, ""doppler"": 0.0, ""angle"": -0.05878497887358347, ""elevation"": 0.0}, {""range"": 0.5441683794015424, ""doppler"": 0.0, ""angle"": -3.35319365698744, ""elevation"": 0.0}]",1785101226854.926
4,"[{""range"": 1.092374690680693, ""doppler"": 0.0, ""angle"": -5.08064586840452, ""elevation"": 0.0}, {""range"": 0.5337323069187018, ""doppler"": 0.0, ""angle"": -2.015948393681665, ""elevation"": 0.0}, {""range"": 0.5378061171229807, ""doppler"": 0.0, ""angle"": -1.886304949604425, ""elevation"": 0.0}, {""range"": 1.1203537788869564, ""doppler"": 0.0, ""angle"": 1.6096765130558044, ""elevation"": 0.0}]",1785101226941.381
6,"[{""range"": 0.18010398310489664, ""doppler"": 0.0, ""angle"": -36.56271511514173, ""elevation"": 0.0}, {""range"": 0.19123337278299465, ""doppler"": 0.0, ""angle"": -36.29128030657159, ""elevation"": 0.0}, {""range"": 0.1699083379822097, ""doppler"": 0.0, ""angle"": -32.318576563003546, ""elevation"": 0.0}, {""range"": 1.0784026587803386, ""doppler"": 0.0, ""angle"": -8.9765778435861, ""elevation"": 0.0}, {""range"": 1.0874165228473074, ""doppler"": 0.0, ""angle"": -8.006186650176897, ""elevation"": 0.0}, {""range"": 1.1094017829727725, ""doppler"": 0.0, ""angle"": -1.847312518856595, ""elevation"": 0.0}]",1785101227055.1082
7,"[{""range"": 0.18930957840123003, ""doppler"": 0.0, ""angle"": -35.11616159884803, ""elevation"": 0.0}, {""range"": 0.16387572736856013, ""doppler"": 0.0, ""angle"": -27.487743842467207, ""elevation"": 0.0}, {""range"": 0.1745570233465525, ""doppler"": 0.0, ""angle"": -32.53421402165382, ""elevation"": 0.0}, {""range"": 1.0793695500487213, ""doppler"": 0.0, ""angle"": -8.997299673190883, ""elevation"": 0.0}, {""range"": 1.0913311942771724, ""doppler"": 0.0, ""angle"": -5.792796495032159, ""elevation"": 0.0}, {""range"": 1.116474527664159, ""doppler"": 0.0, ""angle"": 1.3674223354100974, ""elevation"": 0.0}, {""range"": 2.0189436937714964, ""doppler"": 0.0, ""angle"": 41.45612097149911, ""elevation"": 0.0}]",1785101227151.735
6,"[{""range"": 0.1366078774286888, ""doppler"": 0.0, ""angle"": -62.39515129993245, ""elevation"": 0.0}, {""range"": 0.16536992620949212, ""doppler"": 0.0, ""angle"": -57.27221860564586, ""elevation"": 0.0}, {""range"": 0.17963397223478478, ""doppler"": 0.0, ""angle"": -55.9144681610834, ""elevation"": 0.0}, {""range"": 1.2853689144420002, ""doppler"": 0.0, ""angle"": -10.540823869771154, ""elevation"": 0.0}, {""range"": 2.0217237429842934, ""doppler"": 0.0, ""angle"": 39.77183143776887, ""elevation"": 0.0}, {""range"": 1.8820865860495386, ""doppler"": 0.0, ""angle"": 45.25789662762069, ""elevation"": 0.0}]",1785101227251.925
6,"[{""range"": 1.9152169514084596, ""doppler"": 0.0, ""angle"": -69.44833748930509, ""elevation"": 0.0}, {""range"": 0.15132033446035806, ""doppler"": 0.0, ""angle"": -34.309761723500905, ""elevation"": 0.0}, {""range"": 0.17289153041771158, ""doppler"": 0.0, ""angle"": -37.604722544604066, ""elevation"": 0.0}, {""range"": 0.09150190497697044, ""doppler"": 0.0, ""angle"": -27.71682164637727, ""elevation"": 0.0}, {""range"": 0.14223353111453443, ""doppler"": 0.0, ""angle"": -32.21153717544067, ""elevation"": 0.0}, {""range"": 2.0282288457769435, ""doppler"": 0.0, ""angle"": 36.24351838166784, ""elevation"": 0.0}]",1785101227351.6228
5,"[{""range"": 0.14841825844722986, ""doppler"": 0.0, ""angle"": -36.5247465226799, ""elevation"": 0.0}, {""range"": 0.1677298532959254, ""doppler"": 0.0, ""angle"": -40.80667872886595, ""elevation"": 0.0}, {""range"": 0.09157124254037881, ""doppler"": 0.0, ""angle"": -27.315607973442255, ""elevation"": 0.0}, {""range"": 0.1387358766831703, ""doppler"": 0.0, ""angle"": -32.686418603696325, ""elevation"": 0.0}, {""range"": 2.025378863337342, ""doppler"": 0.0, ""angle"": 43.50827818782606, ""elevation"": 0.0}]",1785101227445.461
4,"[{""range"": 1.2949793765136823, ""doppler"": 0.0, ""angle"": -11.800238068185738, ""elevation"": 0.0}, {""range"": 0.14786139258530342, ""doppler"": 0.0, ""angle"": -8.414276115283112, ""elevation"": 0.0}, {""range"": 0.16156707284083152, ""doppler"": 0.0, ""angle"": -9.170424837789025, ""elevation"": 0.0}, {""range"": 2.035201137001925, ""doppler"": 0.0, ""angle"": 38.32489155780111, ""elevation"": 0.0}]",1785101227542.039
6,"[{""range"": 1.9107070474495442, ""doppler"": 0.0, ""angle"": -69.019079851812, ""elevation"": 0.0}, {""range"": 0.09164558671661939, ""doppler"": 0.0, ""angle"": -21.75989081281238, ""elevation"": 0.0}, {""range"": 0.13472297976937692, ""doppler"": 0.0, ""angle"": -21.08118990357215, ""elevation"": 0.0}, {""range"": 0.14692739587929768, ""doppler"": 0.0, ""angle"": -19.405223382002823, ""elevation"": 0.0}, {""range"": 0.1714325847927102, ""doppler"": 0.0, ""angle"": -17.168636661815107, ""elevation"": 0.0}, {""range"": 2.0305633266382412, ""doppler"": 0.0, ""angle"": 39.51873927823395, ""elevation"": 0.0}]",1785101227641.8403
5,"[{""range"": 0.0915338731500176, ""doppler"": 0.0, ""angle"": -61.53246683398573, ""elevation"": 0.0}, {""range"": 0.12182492429390047, ""doppler"": 0.0, ""angle"": -49.88216407884069, ""elevation"": 0.0}, {""range"": 0.1389983638887049, ""doppler"": 0.0, ""angle"": -50.63798809732704, ""elevation"": 0.0}, {""range"": 2.025038445809344, ""doppler"": 0.0, ""angle"": 39.20895731318065, ""elevation"": 0.0}, {""range"": 1.884112456875437, ""doppler"": 0.0, ""angle"": 67.12414288006892, ""elevation"": 0.0}]",1785101227752.019
7,"[{""range"": 0.09151815249317309, ""doppler"": 0.0, ""angle"": -36.57883132062475, ""elevation"": 0.0}, {""range"": 0.12363195936563275, ""doppler"": 0.0, ""angle"": -36.88647148961463, ""elevation"": 0.0}, {""range"": 0.1380834962525466, ""doppler"": 0.0, ""angle"": -36.46923439005187, ""elevation"": 0.0}, {""range"": 0.16835168106114778, ""doppler"": 0.0, ""angle"": -35.445710327598235, ""elevation"": 0.0}, {""range"": 1.241154203374929, ""doppler"": 0.0, ""angle"": 29.51963100113768, ""elevation"": 0.0}, {""range"": 2.027298302077265, ""doppler"": 0.0, ""angle"": 39.111263733831414, ""elevation"": 0.0}, {""range"": 2.0343483075107773, ""doppler"": 0.0, ""angle"": 35.76892744730109, ""elevation"": 0.0}]",1785101227851.295
3,"[{""range"": 0.1266022859832398, ""doppler"": 0.0, ""angle"": -30.186535881195333, ""elevation"": 0.0}, {""range"": 0.13929743209079656, ""doppler"": 0.0, ""angle"": -32.36401314927489, ""elevation"": 0.0}, {""range"": 0.0916061534232866, ""doppler"": 0.0, ""angle"": -24.814196990535155, ""elevation"": 0.0}]",1785101227950.873
3,"[{""range"": 0.1356325792944779, ""doppler"": 0.0, ""angle"": -62.86065894512091, ""elevation"": 0.0}, {""range"": 2.698557206030556, ""doppler"": 0.0, ""angle"": -26.26792059390161, ""elevation"": 0.0}, {""range"": 1.8741409209280124, ""doppler"": 0.0, ""angle"": 58.57872700434779, ""elevation"": 0.0}]",1785101228045.249
8,"[{""range"": 0.09154295496566184, ""doppler"": 0.0, ""angle"": -45.0, ""elevation"": 0.0}, {""range"": 0.13418493586603075, ""doppler"": 0.0, ""angle"": -43.75815592283871, ""elevation"": 0.0}, {""range"": 0.1680731135011824, ""doppler"": 0.0, ""angle"": -47.50078665419553, ""elevation"": 0.0}, {""range"": 0.11511535024585094, ""doppler"": 0.0, ""angle"": -43.237608976339494, ""elevation"": 0.0}, {""range"": 2.666134589568184, ""doppler"": 0.0, ""angle"": -27.194045504007228, ""elevation"": 0.0}, {""range"": 1.9680963223978105, ""doppler"": 0.0, ""angle"": -25.52668323499991, ""elevation"": 0.0}, {""range"": 0.5953208947895262, ""doppler"": 0.0, ""angle"": 23.246045102275623, ""elevation"": 0.0}, {""range"": 1.8830926072345033, ""doppler"": 0.0, ""angle"": 46.50055379622166, ""elevation"": 0.0}]",1785101228141.93
4,"[{""range"": 0.13347822416505523, ""doppler"": 0.0, ""angle"": -36.117665093301326, ""elevation"": 0.0}, {""range"": 0.16331185382339683, ""doppler"": 0.0, ""angle"": -38.77737808807651, ""elevation"": 0.0}, {""range"": 0.09156390956385761, ""doppler"": 0.0, ""angle"": -28.967660646064033, ""elevation"": 0.0}, {""range"": 0.11725886501847152, ""doppler"": 0.0, ""angle"": -32.6722292886831, ""elevation"": 0.0}]",1785101228241.37
7,"[{""range"": 0.09161924157481284, ""doppler"": 0.0, ""angle"": -61.43416320625343, ""elevation"": 0.0}, {""range"": 0.11235350638487115, ""doppler"": 0.0, ""angle"": -51.9810574068298, ""elevation"": 0.0}, {""range"": 0.12895571997730915, ""doppler"": 0.0, ""angle"": -19.69123385187834, ""elevation"": 0.0}, {""range"": 0.14043122476824832, ""doppler"": 0.0, ""angle"": -20.419423649576107, ""elevation"": 0.0}, {""range"": 0.563816667841032, ""doppler"": 0.0, ""angle"": -0.43611549373261543, ""elevation"": 0.0}, {""range"": 2.040606575667001, ""doppler"": 0.0, ""angle"": 25.455790067894448, ""elevation"": 0.0}, {""range"": 2.0176135005733413, ""doppler"": 0.0, ""angle"": 37.513791694441814, ""elevation"": 0.0}]",1785101228351.599
3,"[{""range"": 0.09148460606313347, ""doppler"": 0.0, ""angle"": -21.19831829197128, ""elevation"": 0.0}, {""range"": 0.11575353991957286, ""doppler"": 0.0, ""angle"": -23.19859051364819, ""elevation"": 0.0}, {""range"": 0.13374672680747665, ""doppler"": 0.0, ""angle"": -25.16035244370871, ""elevation"": 0.0}]",1785101228451.6853
8,"[{""range"": 0.11794470055922843, ""doppler"": 0.0, ""angle"": -34.43694244614684, ""elevation"": 0.0}, {""range"": 0.13293177489915842, ""doppler"": 0.0, ""angle"": -38.22648709097156, ""elevation"": 0.0}, {""range"": 2.676023945644031, ""doppler"": 0.0, ""angle"": -36.8017494911405, ""elevation"": 0.0}, {""range"": 0.09163407255332591, ""doppler"": 0.0, ""angle"": -28.815692074115532, ""elevation"": 0.0}, {""range"": 2.660223867493965, ""doppler"": 0.0, ""angle"": -32.47975831598343, ""elevation"": 0.0}, {""range"": 2.635486191423623, ""doppler"": 0.0, ""angle"": -25.034976820147655, ""elevation"": 0.0}, {""range"": 0.562870649031391, ""doppler"": 0.0, ""angle"": 1.292440528585532, ""elevation"": 0.0}, {""range"": 2.0193759952388843, ""doppler"": 0.0, ""angle"": 39.992654444755615, ""elevation"": 0.0}]",1785101228551.959
7,"[{""range"": 2.647268867785129, ""doppler"": 0.0, ""angle"": -34.78498369195629, ""elevation"": 0.0}, {""range"": 2.677597522199939, ""doppler"": 0.0, ""angle"": -35.57726481785867, ""elevation"": 0.0}, {""range"": 2.664722902942992, ""doppler"": 0.0, ""angle"": -32.65991676986704, ""elevation"": 0.0}, {""range"": 0.09148460606313347, ""doppler"": 0.0, ""angle"": -21.19831829197128, ""elevation"": 0.0}, {""range"": 0.11482583817813642, ""doppler"": 0.0, ""angle"": -21.370622269343183, ""elevation"": 0.0}, {""range"": 0.13486696492319575, ""doppler"": 0.0, ""angle"": -20.164832444735094, ""elevation"": 0.0}, {""range"": 1.2803275740146682, ""doppler"": 0.0, ""angle"": -5.168347832449604, ""elevation"": 0.0}]",1785101228655.097
11,"[{""range"": 2.650887555901119, ""doppler"": 0.0, ""angle"": -29.935673174181076, ""elevation"": 0.0}, {""range"": 2.66422993805728, ""doppler"": 0.0, ""angle"": -29.161053804569487, ""elevation"": 0.0}, {""range"": 2.674888282269948, ""doppler"": 0.0, ""angle"": -31.855163967809062, ""elevation"": 0.0}, {""range"": 0.09156059207202201, ""doppler"": 0.0, ""angle"": -24.212439232963042, ""elevation"": 0.0}, {""range"": 0.11369248122073428, ""doppler"": 0.0, ""angle"": -23.74289587726619, ""elevation"": 0.0}, {""range"": 0.1360755242306855, ""doppler"": 0.0, ""angle"": -21.507802644518858, ""elevation"": 0.0}, {""range"": 0.5727256231828664, ""doppler"": 0.0, ""angle"": -4.943396061585716, ""elevation"": 0.0}, {""range"": 0.5841012658952313, ""doppler"": 0.0, ""angle"": -6.733405195897191, ""elevation"": 0.0}, {""range"": 1.275825203868481, ""doppler"": 0.0, ""angle"": -7.6758341364633385, ""elevation"": 0.0}, {""range"": 1.3118215434617178, ""doppler"": 0.0, ""angle"": 4.753912953071247, ""elevation"": 0.0}, {""range"": 2.0071462688807062, ""doppler"": 0.0, ""angle"": 41.18208371084908, ""elevation"": 0.0}]",1785101228750.809
8,"[{""range"": 0.12834033026149416, ""doppler"": 0.0, ""angle"": -35.12935715386221, ""elevation"": 0.0}, {""range"": 0.11054707814664788, ""doppler"": 0.0, ""angle"": -29.135619287129884, ""elevation"": 0.0}, {""range"": 0.09152548913572804, ""doppler"": 0.0, ""angle"": -22.757636319453336, ""elevation"": 0.0}, {""range"": 1.2799703263883988, ""doppler"": 0.0, ""angle"": -5.595902970548235, ""elevation"": 0.0}, {""range"": 0.5730545819987952, ""doppler"": 0.0, ""angle"": 1.8954532885029514, ""elevation"": 0.0}, {""range"": 0.5819486237487548, ""doppler"": 0.0, ""angle"": 3.329243533546845, ""elevation"": 0.0}, {""range"": 2.018865923683477, ""doppler"": 0.0, ""angle"": 36.224373022847885, ""elevation"": 0.0}, {""range"": 2.046252661515596, ""doppler"": 0.0, ""angle"": 36.0847987205475, ""elevation"": 0.0}]",1785101228845.8518
6,"[{""range"": 0.11322579651647115, ""doppler"": 0.0, ""angle"": -36.65273211782626, ""elevation"": 0.0}, {""range"": 0.13187742837669741, ""doppler"": 0.0, ""angle"": -39.38779677067513, ""elevation"": 0.0}, {""range"": 0.09163232785691469, ""doppler"": 0.0, ""angle"": -31.27055830932345, ""elevation"": 0.0}, {""range"": 0.5579326005418169, ""doppler"": 0.0, ""angle"": 0.6243523704168702, ""elevation"": 0.0}, {""range"": 0.57717060810156, ""doppler"": 0.0, ""angle"": 2.7702157972001924, ""elevation"": 0.0}, {""range"": 0.14274908002329134, ""doppler"": 0.0, ""angle"": 12.295266422998148, ""elevation"": 0.0}]",1785101228945.493
4,"[{""range"": 0.0915852084904414, ""doppler"": 0.0, ""angle"": -46.740496407894646, ""elevation"": 0.0}, {""range"": 0.11041742346049932, ""doppler"": 0.0, ""angle"": -40.8629633452238, ""elevation"": 0.0}, {""range"": 0.12723726609400068, ""doppler"": 0.0, ""angle"": -38.093911362278675, ""elevation"": 0.0}, {""range"": 1.2814243829477443, ""doppler"": 0.0, ""angle"": -8.142540014542066, ""elevation"": 0.0}]",1785101229051.663
9,"[{""range"": 0.0916262211578557, ""doppler"": 0.0, ""angle"": -20.80470053622671, ""elevation"": 0.0}, {""range"": 0.12186258178229659, ""doppler"": 0.0, ""angle"": -21.973140191345387, ""elevation"": 0.0}, {""range"": 0.14225915626692764, ""doppler"": 0.0, ""angle"": -21.14609417940768, ""elevation"": 0.0}, {""range"": 0.17559965365190722, ""doppler"": 0.0, ""angle"": -21.12966675449791, ""elevation"": 0.0}, {""range"": 2.6685558261957385, ""doppler"": 0.0, ""angle"": -13.3229582472697, ""elevation"": 0.0}, {""range"": 2.690193837807027, ""doppler"": 0.0, ""angle"": -10.002023234175107, ""elevation"": 0.0}, {""range"": 0.5574407892722716, ""doppler"": 0.0, ""angle"": 3.383728830331033, ""elevation"": 0.0}, {""range"": 0.5936710948746583, ""doppler"": 0.0, ""angle"": 25.283790877158843, ""elevation"": 0.0}, {""range"": 0.622262677164622, ""doppler"": 0.0, ""angle"": 27.986290067589422, ""elevation"": 0.0}]",1785101229151.689
8,"[{""range"": 0.09148460606313347, ""doppler"": 0.0, ""angle"": -21.19831829197128, ""elevation"": 0.0}, {""range"": 0.1116350443430138, ""doppler"": 0.0, ""angle"": -21.716198693265863, ""elevation"": 0.0}, {""range"": 0.1319031261682228, ""doppler"": 0.0, ""angle"": -19.810569370589754, ""elevation"": 0.0}, {""range"": 0.5736047779544567, ""doppler"": 0.0, ""angle"": 4.004172940709387, ""elevation"": 0.0}, {""range"": 0.6048279497617345, ""doppler"": 0.0, ""angle"": 21.870611052992388, ""elevation"": 0.0}, {""range"": 0.619480868582982, ""doppler"": 0.0, ""angle"": 27.282505363723928, ""elevation"": 0.0}, {""range"": 2.013523157878931, ""doppler"": 0.0, ""angle"": 40.51961388651476, ""elevation"": 0.0}, {""range"": 2.043450998724296, ""doppler"": 0.0, ""angle"": 39.76705465319311, ""elevation"": 0.0}]",1785101229250.8591
7,"[{""range"": 0.115757821381661, ""doppler"": 0.0, ""angle"": -29.217937461695378, ""elevation"": 0.0}, {""range"": 0.13177713484265638, ""doppler"": 0.0, ""angle"": -31.40376666787557, ""elevation"": 0.0}, {""range"": 0.09157124254037881, ""doppler"": 0.0, ""angle"": -25.814494380713725, ""elevation"": 0.0}, {""range"": 1.2770041407041828, ""doppler"": 0.0, ""angle"": -8.665646166685207, ""elevation"": 0.0}, {""range"": 0.5428798408371377, ""doppler"": 0.0, ""angle"": 0.09436055288570723, ""elevation"": 0.0}, {""range"": 0.5518083573518777, ""doppler"": 0.0, ""angle"": -1.4112151225499256, ""elevation"": 0.0}, {""range"": 0.6232789190079403, ""doppler"": 0.0, ""angle"": 34.25539306929769, ""elevation"": 0.0}]",1785101229345.151
5,"[{""range"": 0.09161313400345548, ""doppler"": 0.0, ""angle"": -32.728506935969406, ""elevation"": 0.0}, {""range"": 0.11977557446060758, ""doppler"": 0.0, ""angle"": -33.120687218732, ""elevation"": 0.0}, {""range"": 0.569088683136883, ""doppler"": 0.0, ""angle"": -6.02408304992499, ""elevation"": 0.0}, {""range"": 0.5801405566044272, ""doppler"": 0.0, ""angle"": -7.028636338933734, ""elevation"": 0.0}, {""range"": 0.14357823630022024, ""doppler"": 0.0, ""angle"": 6.363831868146931, ""elevation"": 0.0}]",1785101229442.178
7,"[{""range"": 0.09150889350953216, ""doppler"": 0.0, ""angle"": -13.791855369162574, ""elevation"": 0.0}, {""range"": 0.12028477234012226, ""doppler"": 0.0, ""angle"": -11.142889858339318, ""elevation"": 0.0}, {""range"": 0.13837807193694454, ""doppler"": 0.0, ""angle"": -10.046580141107649, ""elevation"": 0.0}, {""range"": 0.5664186459685395, ""doppler"": 0.0, ""angle"": -1.845277565909854, ""elevation"": 0.0}, {""range"": 0.5985419514883648, ""doppler"": 0.0, ""angle"": -0.7531727177850488, ""elevation"": 0.0}, {""range"": 0.62486421253339, ""doppler"": 0.0, ""angle"": 2.1647891534535013, ""elevation"": 0.0}, {""range"": 1.24289866451257, ""doppler"": 0.0, ""angle"": 29.644683565571164, ""elevation"": 0.0}]",1785101229551.8179
7,"[{""range"": 1.9118284965198062, ""doppler"": 0.0, ""angle"": -68.63545303690735, ""elevation"": 0.0}, {""range"": 0.09161453005566292, ""doppler"": 0.0, ""angle"": -21.40684529566185, ""elevation"": 0.0}, {""range"": 0.1031570442604442, ""doppler"": 0.0, ""angle"": -20.602542088672784, ""elevation"": 0.0}, {""range"": 0.1342036400318521, ""doppler"": 0.0, ""angle"": -10.052203148257682, ""elevation"": 0.0}, {""range"": 1.2794909713810805, ""doppler"": 0.0, ""angle"": -7.451775936568901, ""elevation"": 0.0}, {""range"": 2.0298139740773076, ""doppler"": 0.0, ""angle"": 40.54490549020728, ""elevation"": 0.0}, {""range"": 2.039605577494121, ""doppler"": 0.0, ""angle"": 39.73932653464421, ""elevation"": 0.0}]",1785101229651.0952
8,"[{""range"": 0.0915333491716226, ""doppler"": 0.0, ""angle"": -39.84856441549635, ""elevation"": 0.0}, {""range"": 0.10572395604435872, ""doppler"": 0.0, ""angle"": -40.885090901762744, ""elevation"": 0.0}, {""range"": 1.2763066747087621, ""doppler"": 0.0, ""angle"": -5.563623858679753, ""elevation"": 0.0}, {""range"": 0.1279809441231458, ""doppler"": 0.0, ""angle"": 10.383608425483331, ""elevation"": 0.0}, {""range"": 0.1472801705501604, ""doppler"": 0.0, ""angle"": 7.815293546766876, ""elevation"": 0.0}, {""range"": 1.920343182615027, ""doppler"": 0.0, ""angle"": 33.888347627359565, ""elevation"": 0.0}, {""range"": 0.6256387818096163, ""doppler"": 0.0, ""angle"": 37.08933279265234, ""elevation"": 0.0}, {""range"": 2.0090885378303156, ""doppler"": 0.0, ""angle"": 41.94438091418835, ""elevation"": 0.0}]",1785101229745.5518
7,"[{""range"": 0.09154854332748658, ""doppler"": 0.0, ""angle"": -44.36692322856887, ""elevation"": 0.0}, {""range"": 0.11059031078385992, ""doppler"": 0.0, ""angle"": -39.0938588862295, ""elevation"": 0.0}, {""range"": 0.12803190080319954, ""doppler"": 0.0, ""angle"": -37.10996235629965, ""elevation"": 0.0}, {""range"": 2.659704720906828, ""doppler"": 0.0, ""angle"": -34.11848513235228, ""elevation"": 0.0}, {""range"": 1.2786751515826604, ""doppler"": 0.0, ""angle"": -10.41736101954817, ""elevation"": 0.0}, {""range"": 0.5632135107577435, ""doppler"": 0.0, ""angle"": -2.784282511407432, ""elevation"": 0.0}, {""range"": 0.5770814372238428, ""doppler"": 0.0, ""angle"": 0.7456730321284337, ""elevation"": 0.0}]",1785101229845.512
11,"[{""range"": 0.14395632315967635, ""doppler"": 0.0, ""angle"": -64.23067237566129, ""elevation"": 0.0}, {""range"": 0.11996869259115346, ""doppler"": 0.0, ""angle"": -13.269859733146584, ""elevation"": 0.0}, {""range"": 0.13984347200370728, ""doppler"": 0.0, ""angle"": -13.005599306543948, ""elevation"": 0.0}, {""range"": 0.5834231758374258, ""doppler"": 0.0, ""angle"": 17.774107937152124, ""elevation"": 0.0}, {""range"": 0.5993999378731577, ""doppler"": 0.0, ""angle"": 22.763179699912293, ""elevation"": 0.0}, {""range"": 0.6112697525417323, ""doppler"": 0.0, ""angle"": 24.728315956097322, ""elevation"": 0.0}, {""range"": 1.2377906229928195, ""doppler"": 0.0, ""angle"": 28.471737233419386, ""elevation"": 0.0}, {""range"": 1.8818112196664476, ""doppler"": 0.0, ""angle"": 39.32388269710735, ""elevation"": 0.0}, {""range"": 1.905714964288359, ""doppler"": 0.0, ""angle"": 35.964527420830585, ""elevation"": 0.0}, {""range"": 2.024999682120582, ""doppler"": 0.0, ""angle"": 45.76561552567334, ""elevation"": 0.0}, {""range"": 2.041287886618194, ""doppler"": 0.0, ""angle"": 44.68058927546839, ""elevation"": 0.0}]",1785101229955.383
9,"[{""range"": 0.09156530636656643, ""doppler"": 0.0, ""angle"": -46.26599900039473, ""elevation"": 0.0}, {""range"": 0.11497569120035846, ""doppler"": 0.0, ""angle"": -40.90091559208705, ""elevation"": 0.0}, {""range"": 0.1335681440988522, ""doppler"": 0.0, ""angle"": -39.7859290705756, ""elevation"": 0.0}, {""range"": 0.16500118163966826, ""doppler"": 0.0, ""angle"": -41.13335488628115, ""elevation"": 0.0}, {""range"": 1.2777957292395612, ""doppler"": 0.0, ""angle"": -9.04974067265856, ""elevation"": 0.0}, {""range"": 1.942566349255241, ""doppler"": 0.0, ""angle"": 8.581358357141506, ""elevation"": 0.0}, {""range"": 1.9690524084302998, ""doppler"": 0.0, ""angle"": 15.010516058351286, ""elevation"": 0.0}, {""range"": 2.0048424781369754, ""doppler"": 0.0, ""angle"": 28.14673615473678, ""elevation"": 0.0}, {""range"": 1.8786550551923498, ""doppler"": 0.0, ""angle"": 55.776000092054225, ""elevation"": 0.0}]",1785101230052.184
4,"[{""range"": 0.09149124643704919, ""doppler"": 0.0, ""angle"": -39.28940686250036, ""elevation"": 0.0}, {""range"": 0.11427371655587105, ""doppler"": 0.0, ""angle"": -38.51978952130822, ""elevation"": 0.0}, {""range"": 0.13050587719776016, ""doppler"": 0.0, ""angle"": -39.272836214303425, ""elevation"": 0.0}, {""range"": 0.5931753867992723, ""doppler"": 0.0, ""angle"": 32.49238743628437, ""elevation"": 0.0}]",1785101230151.4841
6,"[{""range"": 0.09155168663110828, ""doppler"": 0.0, ""angle"": -45.79132785061026, ""elevation"": 0.0}, {""range"": 1.2776310665660666, ""doppler"": 0.0, ""angle"": -6.364101514801494, ""elevation"": 0.0}, {""range"": 0.1373756597989874, ""doppler"": 0.0, ""angle"": 1.4917404353727173, ""elevation"": 0.0}, {""range"": 0.17810011483957658, ""doppler"": 0.0, ""angle"": 0.2301022950972138, ""elevation"": 0.0}, {""range"": 0.15453579820607113, ""doppler"": 0.0, ""angle"": 4.113957641396259, ""elevation"": 0.0}, {""range"": 0.6224192505867192, ""doppler"": 0.0, ""angle"": 36.224635449150185, ""elevation"": 0.0}]",1785101230251.2651
3,"[{""range"": 0.13479831243978643, ""doppler"": 0.0, ""angle"": -37.508348995894096, ""elevation"": 0.0}, {""range"": 0.09166180876451523, ""doppler"": 0.0, ""angle"": -30.867912226167984, ""elevation"": 0.0}, {""range"": 0.11302525952368951, ""doppler"": 0.0, ""angle"": -33.840911704485656, ""elevation"": 0.0}]",1785101230351.241
7,"[{""range"": 0.12633656865217802, ""doppler"": 0.0, ""angle"": -19.255602163781724, ""elevation"": 0.0}, {""range"": 0.09164087655194844, ""doppler"": 0.0, ""angle"": -15.853255890006437, ""elevation"": 0.0}, {""range"": 0.10721323243922172, ""doppler"": 0.0, ""angle"": -18.072322148959497, ""elevation"": 0.0}, {""range"": 1.282890287706403, ""doppler"": 0.0, ""angle"": -7.625252058877098, ""elevation"": 0.0}, {""range"": 1.9663836646016108, ""doppler"": 0.0, ""angle"": -5.4005669712993996, ""elevation"": 0.0}, {""range"": 0.5718254345640413, ""doppler"": 0.0, ""angle"": 1.3438834558951853, ""elevation"": 0.0}, {""range"": 0.5901210947861351, ""doppler"": 0.0, ""angle"": -0.6250200740174968, ""elevation"": 0.0}]",1785101230442.2532
4,"[{""range"": 0.09163232785691469, ""doppler"": 0.0, ""angle"": -36.10957674263612, ""elevation"": 0.0}, {""range"": 0.10589242826300782, ""doppler"": 0.0, ""angle"": -28.988822521191544, ""elevation"": 0.0}, {""range"": 0.12684904724822982, ""doppler"": 0.0, ""angle"": -25.553629245772772, ""elevation"": 0.0}, {""range"": 1.999438788926491, ""doppler"": 0.0, ""angle"": 39.04713065842645, ""elevation"": 0.0}]",1785101230542.1572
3,"[{""range"": 0.09148932427311214, ""doppler"": 0.0, ""angle"": -27.216111557307478, ""elevation"": 0.0}, {""range"": 0.11263872808299753, ""doppler"": 0.0, ""angle"": -23.87937136434486, ""elevation"": 0.0}, {""range"": 0.13217652189526963, ""doppler"": 0.0, ""angle"": -15.295908287656884, ""elevation"": 0.0}]",1785101230641.6052
11,"[{""range"": 0.09164506337694396, ""doppler"": 0.0, ""angle"": -26.915021045058207, ""elevation"": 0.0}, {""range"": 0.11387920922819558, ""doppler"": 0.0, ""angle"": -16.69924423399362, ""elevation"": 0.0}, {""range"": 0.5709452759999056, ""doppler"": 0.0, ""angle"": -4.292732162142008, ""elevation"": 0.0}, {""range"": 1.9613093063509053, ""doppler"": 0.0, ""angle"": -5.330633228132854, ""elevation"": 0.0}, {""range"": 0.1367047438749149, ""doppler"": 0.0, ""angle"": -3.599708957379215, ""elevation"": 0.0}, {""range"": 0.5839622066118808, ""doppler"": 0.0, ""angle"": -1.877589988152152, ""elevation"": 0.0}, {""range"": 1.6985330809838146, ""doppler"": 0.0, ""angle"": 11.292188349622153, ""elevation"": 0.0}, {""range"": 2.0422461638725067, ""doppler"": 0.0, ""angle"": 31.567735198852542, ""elevation"": 0.0}, {""range"": 2.026075505591027, ""doppler"": 0.0, ""angle"": 35.03096084150752, ""elevation"": 0.0}, {""range"": 1.876818865111901, ""doppler"": 0.0, ""angle"": 58.864921162703446, ""elevation"": 0.0}, {""range"": 1.8993762646141943, ""doppler"": 0.0, ""angle"": 62.995909297240345, ""elevation"": 0.0}]",1785101230751.5461
6,"[{""range"": 1.9112464446280393, ""doppler"": 0.0, ""angle"": -63.62673314268244, ""elevation"": 0.0}, {""range"": 0.09164366778986534, ""doppler"": 0.0, ""angle"": 10.45483507775349, ""elevation"": 0.0}, {""range"": 0.13297241869219134, ""doppler"": 0.0, ""angle"": 8.740304397376448, ""elevation"": 0.0}, {""range"": 0.14083013576859352, ""doppler"": 0.0, ""angle"": 7.955201074525281, ""elevation"": 0.0}, {""range"": 2.008951832231565, ""doppler"": 0.0, ""angle"": 39.915922155719265, ""elevation"": 0.0}, {""range"": 1.8774707387292893, ""doppler"": 0.0, ""angle"": 66.46248691643014, ""elevation"": 0.0}]",1785101230850.843
7,"[{""range"": 0.09158695408445851, ""doppler"": 0.0, ""angle"": -21.053573761057375, ""elevation"": 0.0}, {""range"": 0.11120587945763942, ""doppler"": 0.0, ""angle"": -21.40792420386014, ""elevation"": 0.0}, {""range"": 0.13452335214635922, ""doppler"": 0.0, ""angle"": -22.508554268983072, ""elevation"": 0.0}, {""range"": 1.2755903911758877, ""doppler"": 0.0, ""angle"": -7.4746923977612765, ""elevation"": 0.0}, {""range"": 0.5432566264931618, ""doppler"": 0.0, ""angle"": -2.981068855696736, ""elevation"": 0.0}, {""range"": 0.5582652646573327, ""doppler"": 0.0, ""angle"": -2.0742289716184947, ""elevation"": 0.0}, {""range"": 0.5705767719388721, ""doppler"": 0.0, ""angle"": -1.9755528159441411, ""elevation"": 0.0}]",1785101230942.028
6,"[{""range"": 0.09155640138419924, ""doppler"": 0.0, ""angle"": -39.69095103108854, ""elevation"": 0.0}, {""range"": 0.10802492979833533, ""doppler"": 0.0, ""angle"": -38.00807465333221, ""elevation"": 0.0}, {""range"": 0.12684009856406958, ""doppler"": 0.0, ""angle"": -38.647193595660475, ""elevation"": 0.0}, {""range"": 0.5517290831755662, ""doppler"": 0.0, ""angle"": 2.303227152134482, ""elevation"": 0.0}, {""range"": 2.0421414427002937, ""doppler"": 0.0, ""angle"": 31.811278144818353, ""elevation"": 0.0}, {""range"": 2.0218229032762016, ""doppler"": 0.0, ""angle"": 35.413384464332694, ""elevation"": 0.0}]",1785101231041.846
6,"[{""range"": 0.09149474117711384, ""doppler"": 0.0, ""angle"": -27.466483813939, ""elevation"": 0.0}, {""range"": 0.10971499028619158, ""doppler"": 0.0, ""angle"": -28.73715408118362, ""elevation"": 0.0}, {""range"": 0.12714915576784608, ""doppler"": 0.0, ""angle"": -26.56505117707799, ""elevation"": 0.0}, {""range"": 0.5586762305137722, ""doppler"": 0.0, ""angle"": -3.6518333918915813, ""elevation"": 0.0}, {""range"": 1.2802675734701892, ""doppler"": 0.0, ""angle"": -7.947895440748661, ""elevation"": 0.0}, {""range"": 1.8822470980349797, ""doppler"": 0.0, ""angle"": 64.78120418600949, ""elevation"": 0.0}]",1785101231151.351
