num_points,points,timestamp_ms
6,"[{""range"": 0.36456495295308317, ""doppler"": 0.0, ""angle"": -23.194900439620117, ""elevation"": 0.0}, {""range"": 0.3734875221577865, ""doppler"": 0.0, ""angle"": -23.11574635633054, ""elevation"": 0.0}, {""range"": 0.38352550206157227, ""doppler"": 0.0, ""angle"": -22.18833614129173, ""elevation"": 0.0}, {""range"": 0.09156705233998887, ""doppler"": 0.0, ""angle"": 12.977844023217326, ""elevation"": 0.0}, {""range"": 0.11592674370012383, ""doppler"": 0.0, ""angle"": 14.379199518702087, ""elevation"": 0.0}, {""range"": 0.13450065114295734, ""doppler"": 0.0, ""angle"": 14.86762983327663, ""elevation"": 0.0}]",1785110824362.293
6,"[{""range"": 0.47620275883697527, ""doppler"": 0.0, ""angle"": -50.63793274272279, ""elevation"": 0.0}, {""range"": 0.40005073275946507, ""doppler"": 0.0, ""angle"": -35.11790328615957, ""elevation"": 0.0}, {""range"": 0.35809574218362433, ""doppler"": 0.0, ""angle"": -27.767868254742716, ""elevation"": 0.0}, {""range"": 0.37541814107224253, ""doppler"": 0.0, ""angle"": -32.4335169827973, ""elevation"": 0.0}, {""range"": 0.11153890929877512, ""doppler"": 0.0, ""angle"": 15.529027823268668, ""elevation"": 0.0}, {""range"": 0.4459234489103087, ""doppler"": 0.0, ""angle"": 41.456094517935504, ""elevation"": 0.0}]",1785110824362.658
6,"[{""range"": 0.3796179396566334, ""doppler"": 0.0, ""angle"": -26.97542050350522, ""elevation"": 0.0}, {""range"": 0.09154801943305686, ""doppler"": 0.0, ""angle"": 18.32878011272481, ""elevation"": 0.0}, {""range"": 0.11587267120013844, ""doppler"": 0.0, ""angle"": 22.885121291416414, ""elevation"": 0.0}, {""range"": 0.1342324655520838, ""doppler"": 0.0, ""angle"": 25.063003060543263, ""elevation"": 0.0}, {""range"": 0.4660919229556761, ""doppler"": 0.0, ""angle"": 37.53374629226755, ""elevation"": 0.0}, {""range"": 0.48238856152436743, ""doppler"": 0.0, ""angle"": 34.39695059127086, ""elevation"": 0.0}]",1785110824362.984
6,"[{""range"": 0.091552734375, ""doppler"": 0.0, ""angle"": 0.0, ""elevation"": 0.0}, {""range"": 0.10999150193267933, ""doppler"": 0.0, ""angle"": 1.1178245823861193, ""elevation"": 0.0}, {""range"": 0.12866467150183492, ""doppler"": 0.0, ""angle"": 2.2301412648475463, ""elevation"": 0.0}, {""range"": 0.4785837283675289, ""doppler"": 0.0, ""angle"": 33.57131996644224, ""elevation"": 0.0}, {""range"": 0.4464317903428417, ""doppler"": 0.0, ""angle"": 42.35396325061026, ""elevation"": 0.0}, {""range"": 0.4643256305869579, ""doppler"": 0.0, ""angle"": 39.28009199028311, ""elevation"": 0.0}]",1785110824363.305
9,"[{""range"": 0.3732273470858634, ""doppler"": 0.0, ""angle"": -27.105213938785234, ""elevation"": 0.0}, {""range"": 0.5145646475459131, ""doppler"": 0.0, ""angle"": 9.642352915430749, ""elevation"": 0.0}, {""range"": 0.12448082945420069, ""doppler"": 0.0, ""angle"": 15.753204780454304, ""elevation"": 0.0}, {""range"": 0.5388970514135673, ""doppler"": 0.0, ""angle"": 15.650301742423531, ""elevation"": 0.0}, {""range"": 0.5612241335325334, ""doppler"": 0.0, ""angle"": 18.1751712500562, ""elevation"": 0.0}, {""range"": 0.13830653862013031, ""doppler"": 0.0, ""angle"": 22.420427435973693, ""elevation"": 0.0}, {""range"": 0.0915450506413236, ""doppler"": 0.0, ""angle"": 40.72268382675524, ""elevation"": 0.0}, {""range"": 0.4359616103716576, ""doppler"": 0.0, ""angle"": 52.68358973216876, ""elevation"": 0.0}, {""range"": 0.44906398867633823, ""doppler"": 0.0, ""angle"": 46.710295395886135, ""elevation"": 0.0}]",1785110824363.6301
5,"[{""range"": 0.46795087318760514, ""doppler"": 0.0, ""angle"": 32.62735694897271, ""elevation"": 0.0}, {""range"": 0.48632452780795316, ""doppler"": 0.0, ""angle"": 27.29051397204344, ""elevation"": 0.0}, {""range"": 0.09159219066690122, ""doppler"": 0.0, ""angle"": 52.615550420943244, ""elevation"": 0.0}, {""range"": 0.10859233462987643, ""doppler"": 0.0, ""angle"": 47.53591809861778, ""elevation"": 0.0}, {""range"": 0.1324462149429361, ""doppler"": 0.0, ""angle"": 48.06453480728513, ""elevation"": 0.0}]",1785110824363.9539
7,"[{""range"": 0.09151151407164856, ""doppler"": 0.0, ""angle"": -6.958378584584372, ""elevation"": 0.0}, {""range"": 0.11754660089279431, ""doppler"": 0.0, ""angle"": -1.9178635285373675, ""elevation"": 0.0}, {""range"": 0.13402518899969681, ""doppler"": 0.0, ""angle"": 2.1409013663230994, ""elevation"": 0.0}, {""range"": 0.4916934838228909, ""doppler"": 0.0, ""angle"": 31.481916672817732, ""elevation"": 0.0}, {""range"": 0.5149349857265517, ""doppler"": 0.0, ""angle"": 27.08113524900628, ""elevation"": 0.0}, {""range"": 0.44993171251479674, ""doppler"": 0.0, ""angle"": 36.90633085261023, ""elevation"": 0.0}, {""range"": 0.470175012810609, ""doppler"": 0.0, ""angle"": 35.63646788820558, ""elevation"": 0.0}]",1785110824364.374
6,"[{""range"": 0.09159812509843038, ""doppler"": 0.0, ""angle"": 5.376705428050741, ""elevation"": 0.0}, {""range"": 0.10558883331978328, ""doppler"": 0.0, ""angle"": 4.078703679198448, ""elevation"": 0.0}, {""range"": 0.5056515345499842, ""doppler"": 0.0, ""angle"": 32.61105152367367, ""elevation"": 0.0}, {""range"": 0.45727841680399167, ""doppler"": 0.0, ""angle"": 39.685087479760966, ""elevation"": 0.0}, {""range"": 0.4724723001672939, ""doppler"": 0.0, ""angle"": 40.2720121811578, ""elevation"": 0.0}, {""range"": 0.47935056634437756, ""doppler"": 0.0, ""angle"": 38.66982208087652, ""elevation"": 0.0}]",1785110824364.715
5,"[{""range"": 0.4356353718112647, ""doppler"": 0.0, ""angle"": 33.8205221719359, ""elevation"": 0.0}, {""range"": 0.4582022892946409, ""doppler"": 0.0, ""angle"": 33.49161990038966, ""elevation"": 0.0}, {""range"": 0.4729790810973197, ""doppler"": 0.0, ""angle"": 33.60595928051487, ""elevation"": 0.0}, {""range"": 0.11040641895967337, ""doppler"": 0.0, ""angle"": 36.23887149150401, ""elevation"": 0.0}, {""range"": 0.09153614368840285, ""doppler"": 0.0, ""angle"": 47.92959345852212, ""elevation"": 0.0}]",1785110824365.0452
8,"[{""range"": 0.36653786042176195, ""doppler"": 0.0, ""angle"": -32.12389742423606, ""elevation"": 0.0}, {""range"": 0.09149439170911423, ""doppler"": 0.0, ""angle"": -7.750036422919295, ""elevation"": 0.0}, {""range"": 0.11944302354123848, ""doppler"": 0.0, ""angle"": -9.913571786044454, ""elevation"": 0.0}, {""range"": 0.13591376489692872, ""doppler"": 0.0, ""angle"": -10.230681580246195, ""elevation"": 0.0}, {""range"": 0.44881670594111367, ""doppler"": 0.0, ""angle"": 37.84695440904097, ""elevation"": 0.0}, {""range"": 0.46983009910086543, ""doppler"": 0.0, ""angle"": 41.528505944578605, ""elevation"": 0.0}, {""range"": 0.481749463084092, ""doppler"": 0.0, ""angle"": 43.631419193046874, ""elevation"": 0.0}, {""range"": 0.511206396728324, ""doppler"": 0.0, ""angle"": 49.04220095098797, ""elevation"": 0.0}]",1785110824365.3938
5,"[{""range"": 0.14199042448337934, ""doppler"": 0.0, ""angle"": -21.265449632906275, ""elevation"": 0.0}, {""range"": 0.5135167594794072, ""doppler"": 0.0, ""angle"": 25.315808498380747, ""elevation"": 0.0}, {""range"": 0.4716126584582051, ""doppler"": 0.0, ""angle"": 41.77245323115243, ""elevation"": 0.0}, {""range"": 0.4825985021053923, ""doppler"": 0.0, ""angle"": 36.41133739198343, ""elevation"": 0.0}, {""range"": 0.4481573079323353, ""doppler"": 0.0, ""angle"": 44.12705059597433, ""elevation"": 0.0}]",1785110824365.7139
8,"[{""range"": 0.37220355597707694, ""doppler"": 0.0, ""angle"": -24.373334595713796, ""elevation"": 0.0}, {""range"": 0.38488909126769194, ""doppler"": 0.0, ""angle"": -23.69491781856304, ""elevation"": 0.0}, {""range"": 0.11777541470937715, ""doppler"": 0.0, ""angle"": -5.139298965079463, ""elevation"": 0.0}, {""range"": 0.5126154212500581, ""doppler"": 0.0, ""angle"": 15.311211964963427, ""elevation"": 0.0}, {""range"": 0.5244851371121703, ""doppler"": 0.0, ""angle"": 11.524465013353622, ""elevation"": 0.0}, {""range"": 1.8686646641522402, ""doppler"": 0.0, ""angle"": 11.542185234408658, ""elevation"": 0.0}, {""range"": 0.46625711945302983, ""doppler"": 0.0, ""angle"": 47.517899124831104, ""elevation"": 0.0}, {""range"": 0.0915338731500176, ""doppler"": 0.0, ""angle"": 61.53246683398573, ""elevation"": 0.0}]",1785110824366.046
5,"[{""range"": 0.36473010922260873, ""doppler"": 0.0, ""angle"": -24.504398248513514, ""elevation"": 0.0}, {""range"": 0.0915125622754832, ""doppler"": 0.0, ""angle"": 9.333485143904731, ""elevation"": 0.0}, {""range"": 0.11977063573227584, ""doppler"": 0.0, ""angle"": 7.549421768263273, ""elevation"": 0.0}, {""range"": 0.4847674451515843, ""doppler"": 0.0, ""angle"": 26.69737375825182, ""elevation"": 0.0}, {""range"": 0.44999264667562067, ""doppler"": 0.0, ""angle"": 34.73835215047732, ""elevation"": 0.0}]",1785110824366.345
7,"[{""range"": 0.3756353473155067, ""doppler"": 0.0, ""angle"": -19.43549606927942, ""elevation"": 0.0}, {""range"": 0.4012961181913793, ""doppler"": 0.0, ""angle"": -15.745503246866805, ""elevation"": 0.0}, {""range"": 0.12076349676088449, ""doppler"": 0.0, ""angle"": 1.8667571816226975, ""elevation"": 0.0}, {""range"": 0.4734164340861157, ""doppler"": 0.0, ""angle"": 12.67668865855525, ""elevation"": 0.0}, {""range"": 0.5028764790065302, ""doppler"": 0.0, ""angle"": 19.981365908250638, ""elevation"": 0.0}, {""range"": 0.5173755852072234, ""doppler"": 0.0, ""angle"": 21.448394581505646, ""elevation"": 0.0}, {""range"": 0.09155902058656612, ""doppler"": 0.0, ""angle"": 52.458698171306004, ""elevation"": 0.0}]",1785110824366.6648
2,"[{""range"": 0.12180431927803889, ""doppler"": 0.0, ""angle"": 41.01184654801415, ""elevation"": 0.0}, {""range"": 0.1362944628139916, ""doppler"": 0.0, ""angle"": 40.10393378502594, ""elevation"": 0.0}]",1785110824366.977
3,"[{""range"": 0.09156984582822016, ""doppler"": 0.0, ""angle"": 23.110443230095303, ""elevation"": 0.0}, {""range"": 0.11112635047533792, ""doppler"": 0.0, ""angle"": 24.83309312443623, ""elevation"": 0.0}, {""range"": 0.1280112957651289, ""doppler"": 0.0, ""angle"": 24.77514056883192, ""elevation"": 0.0}]",1785110824367.277
5,"[{""range"": 0.35306244185952645, ""doppler"": 0.0, ""angle"": -26.30550242239791, ""elevation"": 0.0}, {""range"": 0.3630979741146774, ""doppler"": 0.0, ""angle"": -25.68170606928905, ""elevation"": 0.0}, {""range"": 0.09156705233998887, ""doppler"": 0.0, ""angle"": 12.977844023217326, ""elevation"": 0.0}, {""range"": 0.11350051617946968, ""doppler"": 0.0, ""angle"": 12.372155250518237, ""elevation"": 0.0}, {""range"": 0.13435865322593524, ""doppler"": 0.0, ""angle"": 13.703347268385258, ""elevation"": 0.0}]",1785110824367.5894
9,"[{""range"": 0.3572303231309227, ""doppler"": 0.0, ""angle"": -30.235793012403782, ""elevation"": 0.0}, {""range"": 1.2782947302461634, ""doppler"": 0.0, ""angle"": -18.73402166106597, ""elevation"": 0.0}, {""range"": 0.5312849371342492, ""doppler"": 0.0, ""angle"": 11.256985894161817, ""elevation"": 0.0}, {""range"": 0.09162011405177063, ""doppler"": 0.0, ""angle"": 19.495860513186237, ""elevation"": 0.0}, {""range"": 0.11634783910844781, ""doppler"": 0.0, ""angle"": 24.516831591170494, ""elevation"": 0.0}, {""range"": 0.13665152262375782, ""doppler"": 0.0, ""angle"": 31.29806383953924, ""elevation"": 0.0}, {""range"": 0.4856826427097212, ""doppler"": 0.0, ""angle"": 28.49934643153744, ""elevation"": 0.0}, {""range"": 0.4600644846787568, ""doppler"": 0.0, ""angle"": 39.052810654691726, ""elevation"": 0.0}, {""range"": 0.4274319602744601, ""doppler"": 0.0, ""angle"": 44.01691446940615, ""elevation"": 0.0}]",1785110824367.889
7,"[{""range"": 0.364111627329508, ""doppler"": 0.0, ""angle"": -34.55634554084289, ""elevation"": 0.0}, {""range"": 0.13179205636677072, ""doppler"": 0.0, ""angle"": 10.791570751442435, ""elevation"": 0.0}, {""range"": 0.09148740206879012, ""doppler"": 0.0, ""angle"": 12.759592937752856, ""elevation"": 0.0}, {""range"": 0.11523444761551396, ""doppler"": 0.0, ""angle"": 11.275059818854, ""elevation"": 0.0}, {""range"": 0.43997491029849345, ""doppler"": 0.0, ""angle"": 42.74361131892443, ""elevation"": 0.0}, {""range"": 0.45433186454199653, ""doppler"": 0.0, ""angle"": 42.974510579423345, ""elevation"": 0.0}, {""range"": 0.46656297454688833, ""doppler"": 0.0, ""angle"": 43.68005430607822, ""elevation"": 0.0}]",1785110824368.1692
8,"[{""range"": 0.36151936852601846, ""doppler"": 0.0, ""angle"": -25.487713281354203, ""elevation"": 0.0}, {""range"": 0.3630689131376175, ""doppler"": 0.0, ""angle"": -19.32733428166256, ""elevation"": 0.0}, {""range"": 0.3976005333789907, ""doppler"": 0.0, ""angle"": -4.720843730795732, ""elevation"": 0.0}, {""range"": 0.09148565457526864, ""doppler"": 0.0, ""angle"": 9.904183212973878, ""elevation"": 0.0}, {""range"": 0.12201519195225666, ""doppler"": 0.0, ""angle"": 6.479281405149982, ""elevation"": 0.0}, {""range"": 0.13927355781728049, ""doppler"": 0.0, ""angle"": 6.413304142866104, ""elevation"": 0.0}, {""range"": 0.4954330078153886, ""doppler"": 0.0, ""angle"": 30.4707873689853, ""elevation"": 0.0}, {""range"": 0.5258636903248526, ""doppler"": 0.0, ""angle"": 31.555171519877206, ""elevation"": 0.0}]",1785110824368.4758
6,"[{""range"": 0.3646280955863947, ""doppler"": 0.0, ""angle"": -24.264898785441947, ""elevation"": 0.0}, {""range"": 0.3701450168222218, ""doppler"": 0.0, ""angle"": -22.675223171890043, ""elevation"": 0.0}, {""range"": 0.38454243191004644, ""doppler"": 0.0, ""angle"": -15.923437887365871, ""elevation"": 0.0}, {""range"": 0.09146835258808131, ""doppler"": 0.0, ""angle"": 8.431072715751917, ""elevation"": 0.0}, {""range"": 0.11422907884825002, ""doppler"": 0.0, ""angle"": 7.736889761795994, ""elevation"": 0.0}, {""range"": 0.4352250716524652, ""doppler"": 0.0, ""angle"": 39.28112545020393, ""elevation"": 0.0}]",1785110824368.761
12,"[{""range"": 0.3780247527111839, ""doppler"": 0.0, ""angle"": -15.107743558037113, ""elevation"": 0.0}, {""range"": 0.09147044997295505, ""doppler"": 0.0, ""angle"": -7.6390529549801975, ""elevation"": 0.0}, {""range"": 0.1239278611932307, ""doppler"": 0.0, ""angle"": -5.381547052131923, ""elevation"": 0.0}, {""range"": 0.1384606532756121, ""doppler"": 0.0, ""angle"": -4.44410612165269, ""elevation"": 0.0}, {""range"": 0.3917945511805703, ""doppler"": 0.0, ""angle"": -7.1574509786174865, ""elevation"": 0.0}, {""range"": 0.6173853738169489, ""doppler"": 0.0, ""angle"": 3.8195941271654013, ""elevation"": 0.0}, {""range"": 0.6531091991546704, ""doppler"": 0.0, ""angle"": 7.156147954226423, ""elevation"": 0.0}, {""range"": 0.6755557780845708, ""doppler"": 0.0, ""angle"": 11.28019006623023, ""elevation"": 0.0}, {""range"": 0.6993129496972804, ""doppler"": 0.0, ""angle"": 10.922047610318014, ""elevation"": 0.0}, {""range"": 0.5135058317523961, ""doppler"": 0.0, ""angle"": 34.02761843524642, ""elevation"": 0.0}, {""range"": 0.4566470978882484, ""doppler"": 0.0, ""angle"": 46.681885898112135, ""elevation"": 0.0}, {""range"": 0.47425992940637907, ""doppler"": 0.0, ""angle"": 46.222124584615315, ""elevation"": 0.0}]",1785110824369.052
8,"[{""range"": 0.3614928341829, ""doppler"": 0.0, ""angle"": -27.388938118962656, ""elevation"": 0.0}, {""range"": 0.369533694250893, ""doppler"": 0.0, ""angle"": -26.403864600862185, ""elevation"": 0.0}, {""range"": 0.38218277454184746, ""doppler"": 0.0, ""angle"": -22.821951077548825, ""elevation"": 0.0}, {""range"": 0.09150679700580491, ""doppler"": 0.0, ""angle"": -12.298071395923873, ""elevation"": 0.0}, {""range"": 0.11706209594611165, ""doppler"": 0.0, ""angle"": -10.829332054404773, ""elevation"": 0.0}, {""range"": 0.13337326093191645, ""doppler"": 0.0, ""angle"": -10.662124549848054, ""elevation"": 0.0}, {""range"": 0.44667076544471646, ""doppler"": 0.0, ""angle"": 46.10295349246247, ""elevation"": 0.0}, {""range"": 0.47383226249496335, ""doppler"": 0.0, ""angle"": 47.799034255329396, ""elevation"": 0.0}]",1785110824369.333
6,"[{""range"": 0.3556229749497424, ""doppler"": 0.0, ""angle"": -26.874267583182206, ""elevation"": 0.0}, {""range"": 0.3650077293953596, ""doppler"": 0.0, ""angle"": -25.78676023995471, ""elevation"": 0.0}, {""range"": 0.6989888154804326, ""doppler"": 0.0, ""angle"": -0.21985993204702362, ""elevation"": 0.0}, {""range"": 0.11937233086972537, ""doppler"": 0.0, ""angle"": 17.97355270887884, ""elevation"": 0.0}, {""range"": 0.13601676765421708, ""doppler"": 0.0, ""angle"": 19.50688614125187, ""elevation"": 0.0}, {""range"": 2.10874818626959, ""doppler"": 0.0, ""angle"": 47.646241080650135, ""elevation"": 0.0}]",1785110824369.617
9,"[{""range"": 0.3611398748302983, ""doppler"": 0.0, ""angle"": -26.844169241273175, ""elevation"": 0.0}, {""range"": 0.3682894263353226, ""doppler"": 0.0, ""angle"": -25.75636966462453, ""elevation"": 0.0}, {""range"": 0.381086728121402, ""doppler"": 0.0, ""angle"": -24.713176880465898, ""elevation"": 0.0}, {""range"": 0.14055821692843204, ""doppler"": 0.0, ""angle"": -10.852490860253415, ""elevation"": 0.0}, {""range"": 0.12646583111348336, ""doppler"": 0.0, ""angle"": -9.275865192331082, ""elevation"": 0.0}, {""range"": 0.09155430596835569, ""doppler"": 0.0, ""angle"": 0.335713616182199, ""elevation"": 0.0}, {""range"": 0.518078312724257, ""doppler"": 0.0, ""angle"": 24.663264565591582, ""elevation"": 0.0}, {""range"": 0.5390094462172232, ""doppler"": 0.0, ""angle"": 27.69568621510248, ""elevation"": 0.0}, {""range"": 2.1010841510672944, ""doppler"": 0.0, ""angle"": 43.096361282957645, ""elevation"": 0.0}]",1785110824369.908
8,"[{""range"": 0.39713765674560064, ""doppler"": 0.0, ""angle"": -28.27279978895525, ""elevation"": 0.0}, {""range"": 0.617281888611961, ""doppler"": 0.0, ""angle"": -0.4149390052118469, ""elevation"": 0.0}, {""range"": 0.5873651252294524, ""doppler"": 0.0, ""angle"": 3.682963439543145, ""elevation"": 0.0}, {""range"": 0.09146887693880847, ""doppler"": 0.0, ""angle"": 12.188633201931882, ""elevation"": 0.0}, {""range"": 0.11022091492053196, ""doppler"": 0.0, ""angle"": 11.03648984987223, ""elevation"": 0.0}, {""range"": 0.5504966665025134, ""doppler"": 0.0, ""angle"": 15.544035458077271, ""elevation"": 0.0}, {""range"": 0.5160106979669352, ""doppler"": 0.0, ""angle"": 22.085305169600982, ""elevation"": 0.0}, {""range"": 0.46532347155846365, ""doppler"": 0.0, ""angle"": 44.4395156879985, ""elevation"": 0.0}]",1785110824370.1912
1,"[{""range"": 0.4644257796643084, ""doppler"": 0.0, ""angle"": 47.69960036852691, ""elevation"": 0.0}]",1785110824370.474
7,"[{""range"": 0.13392674261453297, ""doppler"": 0.0, ""angle"": -13.590948447841331, ""elevation"": 0.0}, {""range"": 0.1200333070328342, ""doppler"": 0.0, ""angle"": -10.037646236232268, ""elevation"": 0.0}, {""range"": 0.09157787663222505, ""doppler"": 0.0, ""angle"": -1.3426240265377571, ""elevation"": 0.0}, {""range"": 0.6728617236630003, ""doppler"": 0.0, ""angle"": 1.2638964153278038, ""elevation"": 0.0}, {""range"": 0.6884690606929446, ""doppler"": 0.0, ""angle"": 2.977591138695991, ""elevation"": 0.0}, {""range"": 0.7004298844328808, ""doppler"": 0.0, ""angle"": 5.508284539865759, ""elevation"": 0.0}, {""range"": 2.107559903019374, ""doppler"": 0.0, ""angle"": 50.801916064851234, ""elevation"": 0.0}]",1785110824370.772
8,"[{""range"": 0.09145646649858136, ""doppler"": 0.0, ""angle"": -22.654333753936655, ""elevation"": 0.0}, {""range"": 0.12303230346247399, ""doppler"": 0.0, ""angle"": -23.286064918223566, ""elevation"": 0.0}, {""range"": 0.13698524587630337, ""doppler"": 0.0, ""angle"": -22.64863077528164, ""elevation"": 0.0}, {""range"": 0.3810727999238506, ""doppler"": 0.0, ""angle"": -23.85875667467619, ""elevation"": 0.0}, {""range"": 0.3883116168190913, ""doppler"": 0.0, ""angle"": -18.86046666648886, ""elevation"": 0.0}, {""range"": 0.5245484438337129, ""doppler"": 0.0, ""angle"": 30.866616747574273, ""elevation"": 0.0}, {""range"": 0.5107915418304502, ""doppler"": 0.0, ""angle"": 35.5539993825715, ""elevation"": 0.0}, {""range"": 0.47740323395901424, ""doppler"": 0.0, ""angle"": 50.059790118722, ""elevation"": 0.0}]",1785110824371.0542
10,"[{""range"": 0.09150312800869866, ""doppler"": 0.0, ""angle"": -17.514329499894266, ""elevation"": 0.0}, {""range"": 0.1176526388632021, ""doppler"": 0.0, ""angle"": -16.148741237496615, ""elevation"": 0.0}, {""range"": 0.137279266762584, ""doppler"": 0.0, ""angle"": -12.334530591560465, ""elevation"": 0.0}, {""range"": 0.4985869286738646, ""doppler"": 0.0, ""angle"": 33.205632510779765, ""elevation"": 0.0}, {""range"": 0.5262671500704469, ""doppler"": 0.0, ""angle"": 30.800159680693557, ""elevation"": 0.0}, {""range"": 0.4719585728950311, ""doppler"": 0.0, ""angle"": 41.09811404584293, ""elevation"": 0.0}, {""range"": 0.5653802813854184, ""doppler"": 0.0, ""angle"": 35.720946140721495, ""elevation"": 0.0}, {""range"": 0.4404284485452264, ""doppler"": 0.0, ""angle"": 52.30659621233403, ""elevation"": 0.0}, {""range"": 0.6080399497978611, ""doppler"": 0.0, ""angle"": 49.19766835716093, ""elevation"": 0.0}, {""range"": 2.0954080079559154, ""doppler"": 0.0, ""angle"": 48.165063216135756, ""elevation"": 0.0}]",1785110824371.336
7,"[{""range"": 0.09146363329626488, ""doppler"": 0.0, ""angle"": -51.987475304256115, ""elevation"": 0.0}, {""range"": 0.11787541499310726, ""doppler"": 0.0, ""angle"": -43.6477756351675, ""elevation"": 0.0}, {""range"": 0.1383498790521609, ""doppler"": 0.0, ""angle"": -42.32848411846527, ""elevation"": 0.0}, {""range"": 0.13937327462883717, ""doppler"": 0.0, ""angle"": 6.112893161279556, ""elevation"": 0.0}, {""range"": 0.5154657409159835, ""doppler"": 0.0, ""angle"": 23.728391075952537, ""elevation"": 0.0}, {""range"": 0.49192181328114587, ""doppler"": 0.0, ""angle"": 30.76016288537008, ""elevation"": 0.0}, {""range"": 0.478022190645926, ""doppler"": 0.0, ""angle"": 36.38980059977113, ""elevation"": 0.0}]",1785110824371.618
6,"[{""range"": 0.11917650248731351, ""doppler"": 0.0, ""angle"": -27.718501628183358, ""elevation"": 0.0}, {""range"": 0.13300211207104726, ""doppler"": 0.0, ""angle"": -30.63348707783035, ""elevation"": 0.0}, {""range"": 0.0915852084904414, ""doppler"": 0.0, ""angle"": -25.31425036231257, ""elevation"": 0.0}, {""range"": 0.5422209342253498, ""doppler"": 0.0, ""angle"": 25.889026153915992, ""elevation"": 0.0}, {""range"": 0.46332985025395373, ""doppler"": 0.0, ""angle"": 49.31955765014138, ""elevation"": 0.0}, {""range"": 0.48912710776345497, ""doppler"": 0.0, ""angle"": 48.03769803418109, ""elevation"": 0.0}]",1785110824371.9
11,"[{""range"": 0.09151081526242184, ""doppler"": 0.0, ""angle"": -62.032884493880616, ""elevation"": 0.0}, {""range"": 0.11577895014968931, ""doppler"": 0.0, ""angle"": -50.13777895633812, ""elevation"": 0.0}, {""range"": 0.13504288298874428, ""doppler"": 0.0, ""angle"": -47.52217618645739, ""elevation"": 0.0}, {""range"": 0.3933772036029804, ""doppler"": 0.0, ""angle"": -37.85442542467041, ""elevation"": 0.0}, {""range"": 1.2821717718656032, ""doppler"": 0.0, ""angle"": -13.303660272397956, ""elevation"": 0.0}, {""range"": 1.302454601926679, ""doppler"": 0.0, ""angle"": -14.5265586716124, ""elevation"": 0.0}, {""range"": 1.2534600816784873, ""doppler"": 0.0, ""angle"": -7.978676412687431, ""elevation"": 0.0}, {""range"": 0.49682559505533763, ""doppler"": 0.0, ""angle"": 31.023877999528136, ""elevation"": 0.0}, {""range"": 0.47713203923550673, ""doppler"": 0.0, ""angle"": 38.197025366939585, ""elevation"": 0.0}, {""range"": 1.3604936071096456, ""doppler"": 0.0, ""angle"": 34.47749548519439, ""elevation"": 0.0}, {""range"": 1.3282586951209046, ""doppler"": 0.0, ""angle"": 48.62396517213294, ""elevation"": 0.0}]",1785110824372.1777
6,"[{""range"": 0.09151815249317309, ""doppler"": 0.0, ""angle"": -53.421168679375256, ""elevation"": 0.0}, {""range"": 0.11677042803212086, ""doppler"": 0.0, ""angle"": -43.07637945805853, ""elevation"": 0.0}, {""range"": 0.13258519671566746, ""doppler"": 0.0, ""angle"": -37.65810924985985, ""elevation"": 0.0}, {""range"": 0.4295331422619942, ""doppler"": 0.0, ""angle"": 51.54134637706597, ""elevation"": 0.0}, {""range"": 0.45855413627528807, ""doppler"": 0.0, ""angle"": 46.72230587346643, ""elevation"": 0.0}, {""range"": 0.48966353708533245, ""doppler"": 0.0, ""angle"": 47.130952887104925, ""elevation"": 0.0}]",1785110824372.4648
9,"[{""range"": 0.09146887693880847, ""doppler"": 0.0, ""angle"": -12.188633201931882, ""elevation"": 0.0}, {""range"": 0.12438305497783729, ""doppler"": 0.0, ""angle"": -14.315927757322196, ""elevation"": 0.0}, {""range"": 0.6636275606367968, ""doppler"": 0.0, ""angle"": -6.280521095213776, ""elevation"": 0.0}, {""range"": 0.6917762269324659, ""doppler"": 0.0, ""angle"": -2.5037057460767964, ""elevation"": 0.0}, {""range"": 0.7056107510537712, ""doppler"": 0.0, ""angle"": 0.31943590703701724, ""elevation"": 0.0}, {""range"": 0.4501262110708735, ""doppler"": 0.0, ""angle"": 21.877488228246186, ""elevation"": 0.0}, {""range"": 0.49978446661869824, ""doppler"": 0.0, ""angle"": 33.11582122597345, ""elevation"": 0.0}, {""range"": 0.5308672520556367, ""doppler"": 0.0, ""angle"": 27.26416654533149, ""elevation"": 0.0}, {""range"": 0.5632948015452013, ""doppler"": 0.0, ""angle"": 26.589453125991476, ""elevation"": 0.0}]",1785110824372.7468
8,"[{""range"": 0.09157124254037881, ""doppler"": 0.0, ""angle"": -64.18550561928627, ""elevation"": 0.0}, {""range"": 0.12528465310766715, ""doppler"": 0.0, ""angle"": -39.3239293203711, ""elevation"": 0.0}, {""range"": 0.13619378303992752, ""doppler"": 0.0, ""angle"": -37.53189925157468, ""elevation"": 0.0}, {""range"": 0.40685054726828296, ""doppler"": 0.0, ""angle"": 3.073670037461922, ""elevation"": 0.0}, {""range"": 0.3865376608839237, ""doppler"": 0.0, ""angle"": 4.829675982863586, ""elevation"": 0.0}, {""range"": 0.4470317244421448, ""doppler"": 0.0, ""angle"": 8.580628417007778, ""elevation"": 0.0}, {""range"": 0.5064426067654738, ""doppler"": 0.0, ""angle"": 21.673685038635995, ""elevation"": 0.0}, {""range"": 0.5328302703786886, ""doppler"": 0.0, ""angle"": 23.57983296825378, ""elevation"": 0.0}]",1785110824373.043
4,"[{""range"": 0.12235107441811603, ""doppler"": 0.0, ""angle"": -35.36246188706905, ""elevation"": 0.0}, {""range"": 0.13226744764494705, ""doppler"": 0.0, ""angle"": -41.38266686311785, ""elevation"": 0.0}, {""range"": 0.09160091763905778, ""doppler"": 0.0, ""angle"": -29.4674220638197, ""elevation"": 0.0}, {""range"": 0.4488666079122038, ""doppler"": 0.0, ""angle"": 39.066179767845014, ""elevation"": 0.0}]",1785110824373.312
6,"[{""range"": 0.11615819788434076, ""doppler"": 0.0, ""angle"": -36.67585479946256, ""elevation"": 0.0}, {""range"": 0.1322001057217315, ""doppler"": 0.0, ""angle"": -40.996373717365735, ""elevation"": 0.0}, {""range"": 1.29707010859849, ""doppler"": 0.0, ""angle"": -15.586264447652688, ""elevation"": 0.0}, {""range"": 0.5114618686345854, ""doppler"": 0.0, ""angle"": 31.911957027226244, ""elevation"": 0.0}, {""range"": 0.47576393483115625, ""doppler"": 0.0, ""angle"": 39.12728516353364, ""elevation"": 0.0}, {""range"": 0.48739709368198386, ""doppler"": 0.0, ""angle"": 37.41223216420588, ""elevation"": 0.0}]",1785110824373.5837
8,"[{""range"": 0.13044007711569022, ""doppler"": 0.0, ""angle"": -41.77703939504763, ""elevation"": 0.0}, {""range"": 0.14077279586955121, ""doppler"": 0.0, ""angle"": -37.568592028827496, ""elevation"": 0.0}, {""range"": 0.5826886297874323, ""doppler"": 0.0, ""angle"": -8.115182873672142, ""elevation"": 0.0}, {""range"": 0.38982524495767, ""doppler"": 0.0, ""angle"": -1.7874478977980008, ""elevation"": 0.0}, {""range"": 0.39747920361792194, ""doppler"": 0.0, ""angle"": -1.598297412526072, ""elevation"": 0.0}, {""range"": 0.46001319091328335, ""doppler"": 0.0, ""angle"": 12.458752191069753, ""elevation"": 0.0}, {""range"": 0.5086387742799453, ""doppler"": 0.0, ""angle"": 22.968488218550977, ""elevation"": 0.0}, {""range"": 0.5233569839553129, ""doppler"": 0.0, ""angle"": 25.803370374815273, ""elevation"": 0.0}]",1785110824373.852
6,"[{""range"": 0.09164802892892424, ""doppler"": 0.0, ""angle"": -50.065610235053185, ""elevation"": 0.0}, {""range"": 0.1199713577921533, ""doppler"": 0.0, ""angle"": -41.43496582461547, ""elevation"": 0.0}, {""range"": 0.13697894352397155, ""doppler"": 0.0, ""angle"": -42.14287695138901, ""elevation"": 0.0}, {""range"": 0.4021574677775424, ""doppler"": 0.0, ""angle"": 12.584072490192735, ""elevation"": 0.0}, {""range"": 0.5119803927569154, ""doppler"": 0.0, ""angle"": 15.579811787497713, ""elevation"": 0.0}, {""range"": 0.5266442249327502, ""doppler"": 0.0, ""angle"": 13.569130192784558, ""elevation"": 0.0}]",1785110824374.1108
7,"[{""range"": 0.6363431208688358, ""doppler"": 0.0, ""angle"": -58.337650095854364, ""elevation"": 0.0}, {""range"": 0.13438970578551998, ""doppler"": 0.0, ""angle"": -4.731986567144183, ""elevation"": 0.0}, {""range"": 0.09157019500825707, ""doppler"": 0.0, ""angle"": 1.1189159305671887, ""elevation"": 0.0}, {""range"": 0.11588163904845966, ""doppler"": 0.0, ""angle"": -3.273009855463863, ""elevation"": 0.0}, {""range"": 1.9223844569743145, ""doppler"": 0.0, ""angle"": 8.806941050307222, ""elevation"": 0.0}, {""range"": 0.4903714516400218, ""doppler"": 0.0, ""angle"": 26.88273489208842, ""elevation"": 0.0}, {""range"": 0.5007864206780199, ""doppler"": 0.0, ""angle"": 30.704120361679305, ""elevation"": 0.0}]",1785110824374.3848
7,"[{""range"": 0.11419772407427067, ""doppler"": 0.0, ""angle"": -27.006396491647674, ""elevation"": 0.0}, {""range"": 0.1301785091629121, ""doppler"": 0.0, ""angle"": -32.20560060923481, ""elevation"": 0.0}, {""range"": 0.09147586799463155, ""doppler"": 0.0, ""angle"": -23.25741572861868, ""elevation"": 0.0}, {""range"": 1.2870151152321274, ""doppler"": 0.0, ""angle"": -13.891440451532793, ""elevation"": 0.0}, {""range"": 0.554266665252531, ""doppler"": 0.0, ""angle"": -6.7811082370876745, ""elevation"": 0.0}, {""range"": 0.57544304988174, ""doppler"": 0.0, ""angle"": -9.497446053135684, ""elevation"": 0.0}, {""range"": 0.5164862124811905, ""doppler"": 0.0, ""angle"": 36.89370145814839, ""elevation"": 0.0}]",1785110824374.6729
6,"[{""range"": 0.1131625223085647, ""doppler"": 0.0, ""angle"": -58.57043438516149, ""elevation"": 0.0}, {""range"": 0.3838587112378529, ""doppler"": 0.0, ""angle"": 5.1581825841699676, ""elevation"": 0.0}, {""range"": 0.3912459098647413, ""doppler"": 0.0, ""angle"": 4.9028196873283285, ""elevation"": 0.0}, {""range"": 0.5829604667698896, ""doppler"": 0.0, ""angle"": 7.667809115976952, ""elevation"": 0.0}, {""range"": 0.551935589457387, ""doppler"": 0.0, ""angle"": 12.194584441773872, ""elevation"": 0.0}, {""range"": 0.5133880092353881, ""doppler"": 0.0, ""angle"": 38.111271611503454, ""elevation"": 0.0}]",1785110824374.935
7,"[{""range"": 0.11755571303768349, ""doppler"": 0.0, ""angle"": -26.954812372396045, ""elevation"": 0.0}, {""range"": 0.13215269190969275, ""doppler"": 0.0, ""angle"": -29.062134100284037, ""elevation"": 0.0}, {""range"": 0.09159690333513429, ""doppler"": 0.0, ""angle"": -23.712637803245485, ""elevation"": 0.0}, {""range"": 1.2872458567399103, ""doppler"": 0.0, ""angle"": -13.733175731375429, ""elevation"": 0.0}, {""range"": 0.39595211644773065, ""doppler"": 0.0, ""angle"": 5.260022215670987, ""elevation"": 0.0}, {""range"": 0.5103228449133254, ""doppler"": 0.0, ""angle"": 20.511400387298792, ""elevation"": 0.0}, {""range"": 0.5332293284613051, ""doppler"": 0.0, ""angle"": 18.313430914959238, ""elevation"": 0.0}]",1785110824375.206
8,"[{""range"": 0.09154784480091407, ""doppler"": 0.0, ""angle"": -10.124671655397817, ""elevation"": 0.0}, {""range"": 0.11267973940524542, ""doppler"": 0.0, ""angle"": -9.77622759055503, ""elevation"": 0.0}, {""range"": 0.13579844091082413, ""doppler"": 0.0, ""angle"": -6.198556400891561, ""elevation"": 0.0}, {""range"": 0.523728064785939, ""doppler"": 0.0, ""angle"": 23.694345254019797, ""elevation"": 0.0}, {""range"": 0.5395336753486641, ""doppler"": 0.0, ""angle"": 23.166176350533767, ""elevation"": 0.0}, {""range"": 0.5637293266384039, ""doppler"": 0.0, ""angle"": 24.532696761571735, ""elevation"": 0.0}, {""range"": 0.49900866215298134, ""doppler"": 0.0, ""angle"": 30.68206863687206, ""elevation"": 0.0}, {""range"": 0.6011200559492507, ""doppler"": 0.0, ""angle"": 26.63365058764317, ""elevation"": 0.0}]",1785110824375.5059
5,"[{""range"": 0.11096107034558683, ""doppler"": 0.0, ""angle"": -12.849284168497388, ""elevation"": 0.0}, {""range"": 0.560941620540155, ""doppler"": 0.0, ""angle"": -16.424584880708842, ""elevation"": 0.0}, {""range"": 0.5971117513239851, ""doppler"": 0.0, ""angle"": -9.654134853340434, ""elevation"": 0.0}, {""range"": 0.6253210976765428, ""doppler"": 0.0, ""angle"": -2.3927647940899655, ""elevation"": 0.0}, {""range"": 0.4983738109119265, ""doppler"": 0.0, ""angle"": 39.7450325752492, ""elevation"": 0.0}]",1785110824375.8552
5,"[{""range"": 0.3682438436771704, ""doppler"": 0.0, ""angle"": -31.173700154311728, ""elevation"": 0.0}, {""range"": 0.10885128432619602, ""doppler"": 0.0, ""angle"": -18.583768694779, ""elevation"": 0.0}, {""range"": 0.6014088691133864, ""doppler"": 0.0, ""angle"": -12.780103376360461, ""elevation"": 0.0}, {""range"": 0.4353428958237722, ""doppler"": 0.0, ""angle"": 45.34946164668736, ""elevation"": 0.0}, {""range"": 0.09160737506321469, ""doppler"": 0.0, ""angle"": 58.326556348643315, ""elevation"": 0.0}]",1785110824376.131
8,"[{""range"": 0.11784258843645971, ""doppler"": 0.0, ""angle"": -18.215004492497805, ""elevation"": 0.0}, {""range"": 0.09155081350203889, ""doppler"": 0.0, ""angle"": -17.974893772727487, ""elevation"": 0.0}, {""range"": 0.1335683834852319, ""doppler"": 0.0, ""angle"": -17.852793281891884, ""elevation"": 0.0}, {""range"": 0.602533047395769, ""doppler"": 0.0, ""angle"": -14.382661580155743, ""elevation"": 0.0}, {""range"": 0.6163398831609621, ""doppler"": 0.0, ""angle"": -14.56842455297737, ""elevation"": 0.0}, {""range"": 0.5250252390356601, ""doppler"": 0.0, ""angle"": 22.634875631352507, ""elevation"": 0.0}, {""range"": 0.5023803818430522, ""doppler"": 0.0, ""angle"": 29.84100233261078, ""elevation"": 0.0}, {""range"": 0.46578558693351696, ""doppler"": 0.0, ""angle"": 38.34377262505444, ""elevation"": 0.0}]",1785110824376.405
6,"[{""range"": 0.1128644600649173, ""doppler"": 0.0, ""angle"": -21.56541761311741, ""elevation"": 0.0}, {""range"": 0.1363507547351571, ""doppler"": 0.0, ""angle"": -20.33618528753644, ""elevation"": 0.0}, {""range"": 1.290493263683659, ""doppler"": 0.0, ""angle"": -12.857753652689404, ""elevation"": 0.0}, {""range"": 0.5257506746275991, ""doppler"": 0.0, ""angle"": 25.850416208533513, ""elevation"": 0.0}, {""range"": 0.5408928509098399, ""doppler"": 0.0, ""angle"": 30.957259675370096, ""elevation"": 0.0}, {""range"": 0.5642513860528748, ""doppler"": 0.0, ""angle"": 36.36511807429168, ""elevation"": 0.0}]",1785110824376.678
7,"[{""range"": 0.1247265325496541, ""doppler"": 0.0, ""angle"": -16.14849155113314, ""elevation"": 0.0}, {""range"": 0.13741208061753632, ""doppler"": 0.0, ""angle"": -16.713527115291456, ""elevation"": 0.0}, {""range"": 0.09148565457526864, ""doppler"": 0.0, ""angle"": -9.904183212973878, ""elevation"": 0.0}, {""range"": 0.48640364799624236, ""doppler"": 0.0, ""angle"": 20.733545453118666, ""elevation"": 0.0}, {""range"": 0.5025902101923356, ""doppler"": 0.0, ""angle"": 21.892258954896356, ""elevation"": 0.0}, {""range"": 0.530549229874419, ""doppler"": 0.0, ""angle"": 24.025231573015716, ""elevation"": 0.0}, {""range"": 0.5682161024684457, ""doppler"": 0.0, ""angle"": 27.758540601060023, ""elevation"": 0.0}]",1785110824376.941
8,"[{""range"": 0.09148740206879012, ""doppler"": 0.0, ""angle"": -65.88969529190884, ""elevation"": 0.0}, {""range"": 0.1210051214657325, ""doppler"": 0.0, ""angle"": -42.36481541754857, ""elevation"": 0.0}, {""range"": 0.135397929963898, ""doppler"": 0.0, ""angle"": -36.83963046455326, ""elevation"": 0.0}, {""range"": 0.37891989082451044, ""doppler"": 0.0, ""angle"": -4.682807474558238, ""elevation"": 0.0}, {""range"": 0.4010308625470795, ""doppler"": 0.0, ""angle"": -2.248745830388451, ""elevation"": 0.0}, {""range"": 0.4487744576800518, ""doppler"": 0.0, ""angle"": 7.716841191174274, ""elevation"": 0.0}, {""range"": 0.6089076316642319, ""doppler"": 0.0, ""angle"": 7.254408506358905, ""elevation"": 0.0}, {""range"": 0.47398852149491727, ""doppler"": 0.0, ""angle"": 13.637816433975404, ""elevation"": 0.0}]",1785110824377.2148
9,"[{""range"": 0.09162604667475932, ""doppler"": 0.0, ""angle"": -52.77228793007456, ""elevation"": 0.0}, {""range"": 0.13175869290117842, ""doppler"": 0.0, ""angle"": -42.414914395354266, ""elevation"": 0.0}, {""range"": 0.14099850064626412, ""doppler"": 0.0, ""angle"": -41.45251061980337, ""elevation"": 0.0}, {""range"": 0.392747211925129, ""doppler"": 0.0, ""angle"": -1.0956873348815332, ""elevation"": 0.0}, {""range"": 0.4051244265036761, ""doppler"": 0.0, ""angle"": -1.340451330222816, ""elevation"": 0.0}, {""range"": 0.43193574598332046, ""doppler"": 0.0, ""angle"": -1.2335073368049747, ""elevation"": 0.0}, {""range"": 0.5684400755235566, ""doppler"": 0.0, ""angle"": 15.7894254047433, ""elevation"": 0.0}, {""range"": 0.5038774880916601, ""doppler"": 0.0, ""angle"": 24.80070255670705, ""elevation"": 0.0}, {""range"": 0.5347625257187902, ""doppler"": 0.0, ""angle"": 24.096711883330773, ""elevation"": 0.0}]",1785110824377.486
7,"[{""range"": 0.3718229707682487, ""doppler"": 0.0, ""angle"": 1.102235905674173, ""elevation"": 0.0}, {""range"": 0.38760134236086763, ""doppler"": 0.0, ""angle"": 1.374623381210982, ""elevation"": 0.0}, {""range"": 0.4025740686079334, ""doppler"": 0.0, ""angle"": 2.6222073934712027, ""elevation"": 0.0}, {""range"": 0.4397331325129424, ""doppler"": 0.0, ""angle"": 8.983527868715294, ""elevation"": 0.0}, {""range"": 0.48382345465630694, ""doppler"": 0.0, ""angle"": 17.108956432699724, ""elevation"": 0.0}, {""range"": 0.5149712474026056, ""doppler"": 0.0, ""angle"": 12.921548794254452, ""elevation"": 0.0}, {""range"": 2.0945846689374195, ""doppler"": 0.0, ""angle"": 50.372289687012824, ""elevation"": 0.0}]",1785110824377.749
11,"[{""range"": 0.0916061534232866, ""doppler"": 0.0, ""angle"": -34.34148037198751, ""elevation"": 0.0}, {""range"": 0.11927546214273595, ""doppler"": 0.0, ""angle"": -33.999771425938626, ""elevation"": 0.0}, {""range"": 0.13749442821875227, ""doppler"": 0.0, ""angle"": -31.871108812087204, ""elevation"": 0.0}, {""range"": 1.2840840903058597, ""doppler"": 0.0, ""angle"": -9.384932749553633, ""elevation"": 0.0}, {""range"": 0.3709223432001074, ""doppler"": 0.0, ""angle"": 1.0496605778065295, ""elevation"": 0.0}, {""range"": 0.38324794711957194, ""doppler"": 0.0, ""angle"": 1.9786191008893137, ""elevation"": 0.0}, {""range"": 0.3976751145069622, ""doppler"": 0.0, ""angle"": 4.8492215815465665, ""elevation"": 0.0}, {""range"": 0.4489675703078371, ""doppler"": 0.0, ""angle"": 20.224859431168078, ""elevation"": 0.0}, {""range"": 0.500593752923927, ""doppler"": 0.0, ""angle"": 32.957802279777276, ""elevation"": 0.0}, {""range"": 0.5355389865772343, ""doppler"": 0.0, ""angle"": 34.91052289221328, ""elevation"": 0.0}, {""range"": 0.5652326566033007, ""doppler"": 0.0, ""angle"": 37.01490405440771, ""elevation"": 0.0}]",1785110824378.019
8,"[{""range"": 0.0915003324835847, ""doppler"": 0.0, ""angle"": -25.463345061871614, ""elevation"": 0.0}, {""range"": 0.11592233056393711, ""doppler"": 0.0, ""angle"": -24.904768808095188, ""elevation"": 0.0}, {""range"": 0.13465449133172622, ""doppler"": 0.0, ""angle"": -23.228562147974426, ""elevation"": 0.0}, {""range"": 0.386973226177105, ""doppler"": 0.0, ""angle"": 3.0726227834404294, ""elevation"": 0.0}, {""range"": 0.40027010922460543, ""doppler"": 0.0, ""angle"": 1.177495441096154, ""elevation"": 0.0}, {""range"": 0.5291389238982659, ""doppler"": 0.0, ""angle"": 25.629834334412617, ""elevation"": 0.0}, {""range"": 0.5042265062027727, ""doppler"": 0.0, ""angle"": 32.28106936627646, ""elevation"": 0.0}, {""range"": 0.4732052239727618, ""doppler"": 0.0, ""angle"": 41.36923192915671, ""elevation"": 0.0}]",1785110824378.274
11,"[{""range"": 0.09161453005566292, ""doppler"": 0.0, ""angle"": -21.40684529566185, ""elevation"": 0.0}, {""range"": 0.11638369726742985, ""doppler"": 0.0, ""angle"": -21.637941229428975, ""elevation"": 0.0}, {""range"": 0.13501920367595804, ""doppler"": 0.0, ""angle"": -19.89882901607442, ""elevation"": 0.0}, {""range"": 0.3694468980705555, ""doppler"": 0.0, ""angle"": 0.5546368812124309, ""elevation"": 0.0}, {""range"": 0.3822612838735837, ""doppler"": 0.0, ""angle"": 1.5278826723191834, ""elevation"": 0.0}, {""range"": 0.3881292272384368, ""doppler"": 0.0, ""angle"": 1.3199456939217795, ""elevation"": 0.0}, {""range"": 0.4245515042272139, ""doppler"": 0.0, ""angle"": 5.5833280890870975, ""elevation"": 0.0}, {""range"": 0.564425610124764, ""doppler"": 0.0, ""angle"": 9.187782032333066, ""elevation"": 0.0}, {""range"": 0.531559000883503, ""doppler"": 0.0, ""angle"": 17.118316572225392, ""elevation"": 0.0}, {""range"": 0.4983822796313865, ""doppler"": 0.0, ""angle"": 22.55344975576421, ""elevation"": 0.0}, {""range"": 0.4473338914969854, ""doppler"": 0.0, ""angle"": 38.198390113759764, ""elevation"": 0.0}]",1785110824378.5542
7,"[{""range"": 0.3604864524151387, ""doppler"": 0.0, ""angle"": -31.22208539105826, ""elevation"": 0.0}, {""range"": 0.3671553468541584, ""doppler"": 0.0, ""angle"": -33.25666181815327, ""elevation"": 0.0}, {""range"": 0.49368415909647634, ""doppler"": 0.0, ""angle"": 32.170367143683606, ""elevation"": 0.0}, {""range"": 0.523571016588916, ""doppler"": 0.0, ""angle"": 28.63076181114884, ""elevation"": 0.0}, {""range"": 0.5698548440221816, ""doppler"": 0.0, ""angle"": 26.741939072747204, ""elevation"": 0.0}, {""range"": 0.4734596575468636, ""doppler"": 0.0, ""angle"": 39.298542031350415, ""elevation"": 0.0}, {""range"": 2.104847866054338, ""doppler"": 0.0, ""angle"": 54.616794500945105, ""elevation"": 0.0}]",1785110824378.8018
9,"[{""range"": 0.3835710609209712, ""doppler"": 0.0, ""angle"": -13.012634961615618, ""elevation"": 0.0}, {""range"": 0.392610619170484, ""doppler"": 0.0, ""angle"": -7.668793646795126, ""elevation"": 0.0}, {""range"": 0.09150050720640654, ""doppler"": 0.0, ""angle"": 10.585264056087857, ""elevation"": 0.0}, {""range"": 0.10601193379303457, ""doppler"": 0.0, ""angle"": 11.480511531939573, ""elevation"": 0.0}, {""range"": 0.4639909780642799, ""doppler"": 0.0, ""angle"": 28.145223649878005, ""elevation"": 0.0}, {""range"": 0.4957574003802557, ""doppler"": 0.0, ""angle"": 31.654887686365864, ""elevation"": 0.0}, {""range"": 0.5253910641049946, ""doppler"": 0.0, ""angle"": 28.30075576600638, ""elevation"": 0.0}, {""range"": 0.5591783629028931, ""doppler"": 0.0, ""angle"": 29.040367354553872, ""elevation"": 0.0}, {""range"": 2.0994883043463006, ""doppler"": 0.0, ""angle"": 48.64284446706394, ""elevation"": 0.0}]",1785110824379.054
8,"[{""range"": 0.09153072923465401, ""doppler"": 0.0, ""angle"": -32.230815842840194, ""elevation"": 0.0}, {""range"": 0.11899459400239858, ""doppler"": 0.0, ""angle"": -26.218508349387413, ""elevation"": 0.0}, {""range"": 0.13592646808533432, ""doppler"": 0.0, ""angle"": -22.753218575773346, ""elevation"": 0.0}, {""range"": 0.434082012813165, ""doppler"": 0.0, ""angle"": 27.050597007086125, ""elevation"": 0.0}, {""range"": 0.5160531729874417, ""doppler"": 0.0, ""angle"": 30.990994837372657, ""elevation"": 0.0}, {""range"": 0.46447173290917454, ""doppler"": 0.0, ""angle"": 35.97872144702631, ""elevation"": 0.0}, {""range"": 0.48810636286705444, ""doppler"": 0.0, ""angle"": 34.85445556610366, ""elevation"": 0.0}, {""range"": 2.110842903379472, ""doppler"": 0.0, ""angle"": 40.00691990126706, ""elevation"": 0.0}]",1785110824379.3071
10,"[{""range"": 0.5793079437007416, ""doppler"": 0.0, ""angle"": -20.01785870457926, ""elevation"": 0.0}, {""range"": 0.09156687774414475, ""doppler"": 0.0, ""angle"": -17.267253368294693, ""elevation"": 0.0}, {""range"": 0.11856118993744974, ""doppler"": 0.0, ""angle"": -16.11157337429761, ""elevation"": 0.0}, {""range"": 0.13735377939344295, ""doppler"": 0.0, ""angle"": -15.556052891431502, ""elevation"": 0.0}, {""range"": 1.2754945337681047, ""doppler"": 0.0, ""angle"": -8.80601010419164, ""elevation"": 0.0}, {""range"": 0.5154920410334775, ""doppler"": 0.0, ""angle"": 34.07041683459434, ""elevation"": 0.0}, {""range"": 0.4630916352818861, ""doppler"": 0.0, ""angle"": 42.151656621268046, ""elevation"": 0.0}, {""range"": 0.4851227311069254, ""doppler"": 0.0, ""angle"": 36.954373485131214, ""elevation"": 0.0}, {""range"": 0.4372161952947231, ""doppler"": 0.0, ""angle"": 46.88927991647558, ""elevation"": 0.0}, {""range"": 2.1082431455410515, ""doppler"": 0.0, ""angle"": 51.98606919871677, ""elevation"": 0.0}]",1785110824379.564
8,"[{""range"": 0.09159219066690122, ""doppler"": 0.0, ""angle"": -15.745652775099225, ""elevation"": 0.0}, {""range"": 0.11755367306661052, ""doppler"": 0.0, ""angle"": -15.981310509369777, ""elevation"": 0.0}, {""range"": 1.2825541096487483, ""doppler"": 0.0, ""angle"": -13.513132733926954, ""elevation"": 0.0}, {""range"": 0.36789692671829033, ""doppler"": 0.0, ""angle"": 1.1697075411221876, ""elevation"": 0.0}, {""range"": 0.38136992229268923, ""doppler"": 0.0, ""angle"": 2.337853656581693, ""elevation"": 0.0}, {""range"": 0.3869333979304961, ""doppler"": 0.0, ""angle"": 1.641870513120809, ""elevation"": 0.0}, {""range"": 0.4850482471264229, ""doppler"": 0.0, ""angle"": 33.19211060995044, ""elevation"": 0.0}, {""range"": 0.450935984623508, ""doppler"": 0.0, ""angle"": 40.62593798951199, ""elevation"": 0.0}]",1785110824379.816
10,"[{""range"": 0.125684955112844, ""doppler"": 0.0, ""angle"": -19.87864125626757, ""elevation"": 0.0}, {""range"": 0.6031495524478582, ""doppler"": 0.0, ""angle"": -12.429316777772726, ""elevation"": 0.0}, {""range"": 0.6133143822892491, ""doppler"": 0.0, ""angle"": -12.699125443973749, ""elevation"": 0.0}, {""range"": 1.2938256662831877, ""doppler"": 0.0, ""angle"": -14.535590662335892, ""elevation"": 0.0}, {""range"": 0.3907520222969463, ""doppler"": 0.0, ""angle"": 2.5966093942601254, ""elevation"": 0.0}, {""range"": 0.385299384635452, ""doppler"": 0.0, ""angle"": 3.8052309823689434, ""elevation"": 0.0}, {""range"": 0.4538889786010377, ""doppler"": 0.0, ""angle"": 35.94439620993121, ""elevation"": 0.0}, {""range"": 0.4829716699852963, ""doppler"": 0.0, ""angle"": 42.82449694560613, ""elevation"": 0.0}, {""range"": 0.521825508249196, ""doppler"": 0.0, ""angle"": 50.50614383242432, ""elevation"": 0.0}, {""range"": 0.09158695408445851, ""doppler"": 0.0, ""angle"": 68.94642623894264, ""elevation"": 0.0}]",1785110824380.071
9,"[{""range"": 0.12070483619341349, ""doppler"": 0.0, ""angle"": -21.281269518642716, ""elevation"": 0.0}, {""range"": 0.1383054982828724, ""doppler"": 0.0, ""angle"": -25.173524524530166, ""elevation"": 0.0}, {""range"": 1.287122349285672, ""doppler"": 0.0, ""angle"": -16.00771786997526, ""elevation"": 0.0}, {""range"": 0.3907518177271062, ""doppler"": 0.0, ""angle"": -3.1216544530807417, ""elevation"": 0.0}, {""range"": 0.48530095187547273, ""doppler"": 0.0, ""angle"": 39.73799578332205, ""elevation"": 0.0}, {""range"": 0.5148391345663865, ""doppler"": 0.0, ""angle"": 36.213184229786926, ""elevation"": 0.0}, {""range"": 0.4283218970280211, ""doppler"": 0.0, ""angle"": 46.725458562658304, ""elevation"": 0.0}, {""range"": 0.45392331946929626, ""doppler"": 0.0, ""angle"": 45.159597858846695, ""elevation"": 0.0}, {""range"": 2.1007770662356346, ""doppler"": 0.0, ""angle"": 49.0622757761428, ""elevation"": 0.0}]",1785110824380.3188
8,"[{""range"": 0.09153125322804706, ""doppler"": 0.0, ""angle"": -65.28740084937772, ""elevation"": 0.0}, {""range"": 0.14318798643112368, ""doppler"": 0.0, ""angle"": -28.005144538874156, ""elevation"": 0.0}, {""range"": 0.15425839830517488, ""doppler"": 0.0, ""angle"": -26.50564655397512, ""elevation"": 0.0}, {""range"": 0.17702588529295496, ""doppler"": 0.0, ""angle"": -28.01461243077546, ""elevation"": 0.0}, {""range"": 0.4013319317994079, ""doppler"": 0.0, ""angle"": 2.6558843093360136, ""elevation"": 0.0}, {""range"": 0.391371908939257, ""doppler"": 0.0, ""angle"": 4.139704576599384, ""elevation"": 0.0}, {""range"": 0.44123112786229296, ""doppler"": 0.0, ""angle"": 11.145996499311881, ""elevation"": 0.0}, {""range"": 0.4870671330841965, ""doppler"": 0.0, ""angle"": 32.51152438295708, ""elevation"": 0.0}]",1785110824380.576
7,"[{""range"": 0.15914289468416193, ""doppler"": 0.0, ""angle"": -29.18591581611006, ""elevation"": 0.0}, {""range"": 0.3708879037134994, ""doppler"": 0.0, ""angle"": -5.672111928932905, ""elevation"": 0.0}, {""range"": 0.38418821917400686, ""doppler"": 0.0, ""angle"": -1.2801395596049208, ""elevation"": 0.0}, {""range"": 0.3860686016371902, ""doppler"": 0.0, ""angle"": -0.3980652453739756, ""elevation"": 0.0}, {""range"": 0.5180940504107326, ""doppler"": 0.0, ""angle"": 23.946426238942625, ""elevation"": 0.0}, {""range"": 0.5000926739747976, ""doppler"": 0.0, ""angle"": 27.88449035315089, ""elevation"": 0.0}, {""range"": 0.4483616688540333, ""doppler"": 0.0, ""angle"": 44.77379110394499, ""elevation"": 0.0}]",1785110824380.828
4,"[{""range"": 0.3744384706132694, ""doppler"": 0.0, ""angle"": -0.19153245588857526, ""elevation"": 0.0}, {""range"": 0.3875591448606339, ""doppler"": 0.0, ""angle"": 1.083916341699908, ""elevation"": 0.0}, {""range"": 0.39309489175061835, ""doppler"": 0.0, ""angle"": 1.0165154444628577, ""elevation"": 0.0}, {""range"": 0.4099240706760841, ""doppler"": 0.0, ""angle"": -1.1497609387225336, ""elevation"": 0.0}]",1785110824381.08
5,"[{""range"": 0.1459018707146355, ""doppler"": 0.0, ""angle"": -23.014182461919383, ""elevation"": 0.0}, {""range"": 0.1487426715041214, ""doppler"": 0.0, ""angle"": -19.52409099281853, ""elevation"": 0.0}, {""range"": 0.43933142648896273, ""doppler"": 0.0, ""angle"": 8.001481410885239, ""elevation"": 0.0}, {""range"": 0.49080112403318427, ""doppler"": 0.0, ""angle"": 28.98364082162352, ""elevation"": 0.0}, {""range"": 0.5292672558675652, ""doppler"": 0.0, ""angle"": 32.584025873295516, ""elevation"": 0.0}]",1785110824381.328
8,"[{""range"": 0.1452501967341187, ""doppler"": 0.0, ""angle"": -21.067895915368013, ""elevation"": 0.0}, {""range"": 0.15792550678303977, ""doppler"": 0.0, ""angle"": -21.452049306849027, ""elevation"": 0.0}, {""range"": 0.18147156577170084, ""doppler"": 0.0, ""angle"": -22.294151526284878, ""elevation"": 0.0}, {""range"": 0.36432456008763026, ""doppler"": 0.0, ""angle"": -11.293387346119399, ""elevation"": 0.0}, {""range"": 0.38734202115276, ""doppler"": 0.0, ""angle"": -4.978906219655891, ""elevation"": 0.0}, {""range"": 0.41680818506286216, ""doppler"": 0.0, ""angle"": -4.428868963429241, ""elevation"": 0.0}, {""range"": 0.39576092732916207, ""doppler"": 0.0, ""angle"": -3.1080309349998365, ""elevation"": 0.0}, {""range"": 0.538993548032452, ""doppler"": 0.0, ""angle"": 52.73853089833052, ""elevation"": 0.0}]",1785110824381.581
11,"[{""range"": 0.18342135118964656, ""doppler"": 0.0, ""angle"": -27.964059451804243, ""elevation"": 0.0}, {""range"": 0.15767820434628993, ""doppler"": 0.0, ""angle"": -20.86024081908163, ""elevation"": 0.0}, {""range"": 0.16565738250288112, ""doppler"": 0.0, ""angle"": -24.351823000682188, ""elevation"": 0.0}, {""range"": 0.35866892802774386, ""doppler"": 0.0, ""angle"": -24.789105903580662, ""elevation"": 0.0}, {""range"": 0.37864098652226397, ""doppler"": 0.0, ""angle"": -17.365323668585877, ""elevation"": 0.0}, {""range"": 0.3930309531414831, ""doppler"": 0.0, ""angle"": -8.819491307332571, ""elevation"": 0.0}, {""range"": 0.43157494120881423, ""doppler"": 0.0, ""angle"": -3.5156208920863987, ""elevation"": 0.0}, {""range"": 0.4941884361808119, ""doppler"": 0.0, ""angle"": 2.9659336166173755, ""elevation"": 0.0}, {""range"": 0.5376471448585329, ""doppler"": 0.0, ""angle"": 9.784997198371064, ""elevation"": 0.0}, {""range"": 0.5621143656912768, ""doppler"": 0.0, ""angle"": 11.077590764959808, ""elevation"": 0.0}, {""range"": 0.43392822059811664, ""doppler"": 0.0, ""angle"": 40.437395307108424, ""elevation"": 0.0}]",1785110824381.839
11,"[{""range"": 0.19428066076018757, ""doppler"": 0.0, ""angle"": -40.5955747908243, ""elevation"": 0.0}, {""range"": 0.35280755061786306, ""doppler"": 0.0, ""angle"": -27.694973324610782, ""elevation"": 0.0}, {""range"": 0.367523539848948, ""doppler"": 0.0, ""angle"": -27.687131894021924, ""elevation"": 0.0}, {""range"": 0.37529061968473076, ""doppler"": 0.0, ""angle"": -26.455172339776052, ""elevation"": 0.0}, {""range"": 2.703906573238518, ""doppler"": 0.0, ""angle"": -8.08616223782098, ""elevation"": 0.0}, {""range"": 0.13577960320354865, ""doppler"": 0.0, ""angle"": 3.397476858419715, ""elevation"": 0.0}, {""range"": 0.4417366536084997, ""doppler"": 0.0, ""angle"": -2.9932833886818915, ""elevation"": 0.0}, {""range"": 0.1520007846110162, ""doppler"": 0.0, ""angle"": 3.979967151220036, ""elevation"": 0.0}, {""range"": 0.5023923152969568, ""doppler"": 0.0, ""angle"": 9.381860077870476, ""elevation"": 0.0}, {""range"": 0.530761235713158, ""doppler"": 0.0, ""angle"": 15.155232535560796, ""elevation"": 0.0}, {""range"": 0.4374303825444573, ""doppler"": 0.0, ""angle"": 46.04343308812594, ""elevation"": 0.0}]",1785110824382.0889
7,"[{""range"": 0.3618555226982126, ""doppler"": 0.0, ""angle"": -26.50174094923887, ""elevation"": 0.0}, {""range"": 0.37184670426465016, ""doppler"": 0.0, ""angle"": -23.433748987889494, ""elevation"": 0.0}, {""range"": 0.3844478379789894, ""doppler"": 0.0, ""angle"": -17.09489177325772, ""elevation"": 0.0}, {""range"": 0.13042696214615493, ""doppler"": 0.0, ""angle"": 20.546851416788, ""elevation"": 0.0}, {""range"": 0.1452410609097239, ""doppler"": 0.0, ""angle"": 21.44773632710535, ""elevation"": 0.0}, {""range"": 0.4888834770658881, ""doppler"": 0.0, ""angle"": 40.98089692928486, ""elevation"": 0.0}, {""range"": 0.45483731107631503, ""doppler"": 0.0, ""angle"": 47.02323762072485, ""elevation"": 0.0}]",1785110824382.3428
6,"[{""range"": 0.3586380371033672, ""doppler"": 0.0, ""angle"": -27.625489776630822, ""elevation"": 0.0}, {""range"": 0.3673975427432484, ""doppler"": 0.0, ""angle"": -27.226031063956444, ""elevation"": 0.0}, {""range"": 0.38485893408584454, ""doppler"": 0.0, ""angle"": -28.470237406320972, ""elevation"": 0.0}, {""range"": 0.1283233877751306, ""doppler"": 0.0, ""angle"": -8.897914687433113, ""elevation"": 0.0}, {""range"": 0.48743422323079055, ""doppler"": 0.0, ""angle"": 45.28238936343909, ""elevation"": 0.0}, {""range"": 0.4543513936844837, ""doppler"": 0.0, ""angle"": 65.4925947698703, ""elevation"": 0.0}]",1785110824382.592
9,"[{""range"": 0.1718405630284308, ""doppler"": 0.0, ""angle"": -36.750655821093716, ""elevation"": 0.0}, {""range"": 0.3639179879108122, ""doppler"": 0.0, ""angle"": -25.494814950490188, ""elevation"": 0.0}, {""range"": 0.37305035353272004, ""doppler"": 0.0, ""angle"": -24.193935114319796, ""elevation"": 0.0}, {""range"": 0.3854273276784182, ""doppler"": 0.0, ""angle"": -22.734370475361647, ""elevation"": 0.0}, {""range"": 0.42691604940726613, ""doppler"": 0.0, ""angle"": -25.71716130073436, ""elevation"": 0.0}, {""range"": 1.2845824282744105, ""doppler"": 0.0, ""angle"": -14.01689985640176, ""elevation"": 0.0}, {""range"": 0.5117741645020147, ""doppler"": 0.0, ""angle"": 25.696592826942712, ""elevation"": 0.0}, {""range"": 0.5365115656790068, ""doppler"": 0.0, ""angle"": 26.29176886365759, ""elevation"": 0.0}, {""range"": 0.5730930802703036, ""doppler"": 0.0, ""angle"": 27.260625825396936, ""elevation"": 0.0}]",1785110824382.8428
10,"[{""range"": 0.17540051959373737, ""doppler"": 0.0, ""angle"": -27.636119721019494, ""elevation"": 0.0}, {""range"": 0.3793919731670526, ""doppler"": 0.0, ""angle"": -27.205133382815042, ""elevation"": 0.0}, {""range"": 0.14511959890205278, ""doppler"": 0.0, ""angle"": -24.070012518151458, ""elevation"": 0.0}, {""range"": 0.15605550089992218, ""doppler"": 0.0, ""angle"": -25.302457784244922, ""elevation"": 0.0}, {""range"": 0.3608687154627647, ""doppler"": 0.0, ""angle"": -24.596680507208934, ""elevation"": 0.0}, {""range"": 0.3675020068022244, ""doppler"": 0.0, ""angle"": -25.62994738613186, ""elevation"": 0.0}, {""range"": 0.4576389391469652, ""doppler"": 0.0, ""angle"": 23.048671161821375, ""elevation"": 0.0}, {""range"": 0.5088494465296481, ""doppler"": 0.0, ""angle"": 22.609023448018668, ""elevation"": 0.0}, {""range"": 0.5370101600064819, ""doppler"": 0.0, ""angle"": 29.415952424531667, ""elevation"": 0.0}, {""range"": 0.5612881386490092, ""doppler"": 0.0, ""angle"": 31.583586156510854, ""elevation"": 0.0}]",1785110824383.095
8,"[{""range"": 0.14283372329868949, ""doppler"": 0.0, ""angle"": -27.270786564103435, ""elevation"": 0.0}, {""range"": 0.15301562963463813, ""doppler"": 0.0, ""angle"": -29.47082037449808, ""elevation"": 0.0}, {""range"": 0.3636346556906657, ""doppler"": 0.0, ""angle"": -20.645080316080946, ""elevation"": 0.0}, {""range"": 0.42251125685895935, ""doppler"": 0.0, ""angle"": -18.404276567012054, ""elevation"": 0.0}, {""range"": 0.3782697522195894, ""doppler"": 0.0, ""angle"": -14.397539742279601, ""elevation"": 0.0}, {""range"": 0.38739769597595636, ""doppler"": 0.0, ""angle"": -9.13623804747149, ""elevation"": 0.0}, {""range"": 0.5083295527998801, ""doppler"": 0.0, ""angle"": 14.275768836149824, ""elevation"": 0.0}, {""range"": 0.5275738694227923, ""doppler"": 0.0, ""angle"": 19.276299191513434, ""elevation"": 0.0}]",1785110824383.348
8,"[{""range"": 0.0916113889082793, ""doppler"": 0.0, ""angle"": -17.727629454377755, ""elevation"": 0.0}, {""range"": 0.14270169819073927, ""doppler"": 0.0, ""angle"": -14.959165555746836, ""elevation"": 0.0}, {""range"": 0.15313510914392453, ""doppler"": 0.0, ""angle"": -13.98756397283152, ""elevation"": 0.0}, {""range"": 0.17882287479938194, ""doppler"": 0.0, ""angle"": -12.590950612672536, ""elevation"": 0.0}, {""range"": 0.3792449215762309, ""doppler"": 0.0, ""angle"": -5.2482369320972895, ""elevation"": 0.0}, {""range"": 0.3941060735179477, ""doppler"": 0.0, ""angle"": 0.051992526121931816, ""elevation"": 0.0}, {""range"": 0.44372673299363763, ""doppler"": 0.0, ""angle"": 44.167318601106324, ""elevation"": 0.0}, {""range"": 0.476452202677765, ""doppler"": 0.0, ""angle"": 44.422195909389025, ""elevation"": 0.0}]",1785110824383.6018
7,"[{""range"": 0.16865784885230756, ""doppler"": 0.0, ""angle"": -36.724107172924796, ""elevation"": 0.0}, {""range"": 0.36289070967859044, ""doppler"": 0.0, ""angle"": -14.700453058655947, ""elevation"": 0.0}, {""range"": 0.38021027351826314, ""doppler"": 0.0, ""angle"": -3.6402073682077867, ""elevation"": 0.0}, {""range"": 0.3942896313913495, ""doppler"": 0.0, ""angle"": -0.28582691446755243, ""elevation"": 0.0}, {""range"": 0.41908981558254904, ""doppler"": 0.0, ""angle"": 3.228647869635616, ""elevation"": 0.0}, {""range"": 0.4632512411213902, ""doppler"": 0.0, ""angle"": 4.693849456316309, ""elevation"": 0.0}, {""range"": 0.11061184849876615, ""doppler"": 0.0, ""angle"": 66.66762633431232, ""elevation"": 0.0}]",1785110824383.851
9,"[{""range"": 0.15526085549657936, ""doppler"": 0.0, ""angle"": -32.536985489884174, ""elevation"": 0.0}, {""range"": 0.15643807634054738, ""doppler"": 0.0, ""angle"": -30.34600594121183, ""elevation"": 0.0}, {""range"": 0.17399992450592233, ""doppler"": 0.0, ""angle"": -32.02410731836893, ""elevation"": 0.0}, {""range"": 0.37215029060491894, ""doppler"": 0.0, ""angle"": 2.643814556586682, ""elevation"": 0.0}, {""range"": 0.38374603500059123, ""doppler"": 0.0, ""angle"": 3.5263729475548127, ""elevation"": 0.0}, {""range"": 0.39033906408253266, ""doppler"": 0.0, ""angle"": 3.4404423680673477, ""elevation"": 0.0}, {""range"": 0.4196527991155209, ""doppler"": 0.0, ""angle"": 2.8331453191244726, ""elevation"": 0.0}, {""range"": 0.5216330718832981, ""doppler"": 0.0, ""angle"": 33.87527856592507, ""elevation"": 0.0}, {""range"": 0.49739290377501033, ""doppler"": 0.0, ""angle"": 38.82708533396044, ""elevation"": 0.0}]",1785110824384.115
7,"[{""range"": 0.09148513032070318, ""doppler"": 0.0, ""angle"": -63.78553051107789, ""elevation"": 0.0}, {""range"": 0.138831143217072, ""doppler"": 0.0, ""angle"": -36.884656991090225, ""elevation"": 0.0}, {""range"": 0.15403925308715383, ""doppler"": 0.0, ""angle"": -17.846026162026114, ""elevation"": 0.0}, {""range"": 0.38963621939524595, ""doppler"": 0.0, ""angle"": -0.10517799936588577, ""elevation"": 0.0}, {""range"": 0.3981612979587167, ""doppler"": 0.0, ""angle"": 1.4153759392008172, ""elevation"": 0.0}, {""range"": 0.4495345678271268, ""doppler"": 0.0, ""angle"": 29.083381484659853, ""elevation"": 0.0}, {""range"": 0.4739335735877896, ""doppler"": 0.0, ""angle"": 33.27036965749669, ""elevation"": 0.0}]",1785110824384.3682
4,"[{""range"": 0.13833832293127102, ""doppler"": 0.0, ""angle"": -20.42602476308901, ""elevation"": 0.0}, {""range"": 0.15842480658924413, ""doppler"": 0.0, ""angle"": -15.91874670307103, ""elevation"": 0.0}, {""range"": 0.45550100795300563, ""doppler"": 0.0, ""angle"": -0.9447211060868298, ""elevation"": 0.0}, {""range"": 0.48081949755853876, ""doppler"": 0.0, ""angle"": -1.5130411767009362, ""elevation"": 0.0}]",1785110824384.611
9,"[{""range"": 0.15423725446649944, ""doppler"": 0.0, ""angle"": -22.997981966862927, ""elevation"": 0.0}, {""range"": 0.16839849140270605, ""doppler"": 0.0, ""angle"": -23.59802478093057, ""elevation"": 0.0}, {""range"": 0.19441491044652234, ""doppler"": 0.0, ""angle"": -21.86990995868317, ""elevation"": 0.0}, {""range"": 0.34479713136136525, ""doppler"": 0.0, ""angle"": -9.643065392434645, ""elevation"": 0.0}, {""range"": 0.3824566297679343, ""doppler"": 0.0, ""angle"": 2.3848288274866225, ""elevation"": 0.0}, {""range"": 0.4020715908085638, ""doppler"": 0.0, ""angle"": 2.7275230130187516, ""elevation"": 0.0}, {""range"": 0.42893452574169333, ""doppler"": 0.0, ""angle"": 1.4571680482414315, ""elevation"": 0.0}, {""range"": 0.4624859858223824, ""doppler"": 0.0, ""angle"": -1.0190749913474844, ""elevation"": 0.0}, {""range"": 0.529196991323109, ""doppler"": 0.0, ""angle"": 46.45125567643853, ""elevation"": 0.0}]",1785110824384.8691
12,"[{""range"": 0.12701202971091735, ""doppler"": 0.0, ""angle"": -56.01909345166966, ""elevation"": 0.0}, {""range"": 0.190500715450162, ""doppler"": 0.0, ""angle"": -46.67350421744635, ""elevation"": 0.0}, {""range"": 0.17882689786649922, ""doppler"": 0.0, ""angle"": -42.5280440613275, ""elevation"": 0.0}, {""range"": 0.3597072410653731, ""doppler"": 0.0, ""angle"": -19.60592590877578, ""elevation"": 0.0}, {""range"": 1.2746351551375044, ""doppler"": 0.0, ""angle"": -6.168879215998461, ""elevation"": 0.0}, {""range"": 0.38584467268418665, ""doppler"": 0.0, ""angle"": -3.4007639072843543, ""elevation"": 0.0}, {""range"": 0.39616548981453764, ""doppler"": 0.0, ""angle"": -2.1210963966614536, ""elevation"": 0.0}, {""range"": 0.4237517509486644, ""doppler"": 0.0, ""angle"": -3.241522101491439, ""elevation"": 0.0}, {""range"": 1.2481280375504398, ""doppler"": 0.0, ""angle"": -0.18879629789669417, ""elevation"": 0.0}, {""range"": 0.5031599795215626, ""doppler"": 0.0, ""angle"": 25.536005410390878, ""elevation"": 0.0}, {""range"": 0.5093747416031738, ""doppler"": 0.0, ""angle"": 37.598024159718584, ""elevation"": 0.0}, {""range"": 0.4935577177949674, ""doppler"": 0.0, ""angle"": 44.10459697183192, ""elevation"": 0.0}]",1785110824385.1267
8,"[{""range"": 0.18274057970159857, ""doppler"": 0.0, ""angle"": -23.102889056500086, ""elevation"": 0.0}, {""range"": 0.1955783077640486, ""doppler"": 0.0, ""angle"": -22.015416496102432, ""elevation"": 0.0}, {""range"": 0.3475068361900865, ""doppler"": 0.0, ""angle"": -23.663140708194348, ""elevation"": 0.0}, {""range"": 0.3654206579430686, ""doppler"": 0.0, ""angle"": -19.614218686817765, ""elevation"": 0.0}, {""range"": 0.3810551791855049, ""doppler"": 0.0, ""angle"": -16.045111286057914, ""elevation"": 0.0}, {""range"": 0.486389974633564, ""doppler"": 0.0, ""angle"": 28.95844630193924, ""elevation"": 0.0}, {""range"": 0.5219314099000177, ""doppler"": 0.0, ""angle"": 28.751454655363016, ""elevation"": 0.0}, {""range"": 0.4584806362446088, ""doppler"": 0.0, ""angle"": 37.0263209922313, ""elevation"": 0.0}]",1785110824385.3882
5,"[{""range"": 0.3553308239649182, ""doppler"": 0.0, ""angle"": -22.64204424454149, ""elevation"": 0.0}, {""range"": 0.3736840319822089, ""doppler"": 0.0, ""angle"": -19.657512587968263, ""elevation"": 0.0}, {""range"": 0.20075844235222323, ""doppler"": 0.0, ""angle"": -13.65254448051848, ""elevation"": 0.0}, {""range"": 0.38914287709855366, ""doppler"": 0.0, ""angle"": -15.211245749445478, ""elevation"": 0.0}, {""range"": 0.4252260777505206, ""doppler"": 0.0, ""angle"": -6.446620117072282, ""elevation"": 0.0}]",1785110824385.634
7,"[{""range"": 0.20181820260629876, ""doppler"": 0.0, ""angle"": -18.868391393895187, ""elevation"": 0.0}, {""range"": 0.2087193728097549, ""doppler"": 0.0, ""angle"": -18.947197629939726, ""elevation"": 0.0}, {""range"": 0.24789190541661277, ""doppler"": 0.0, ""angle"": -19.5982213975394, ""elevation"": 0.0}, {""range"": 0.32501177613030835, ""doppler"": 0.0, ""angle"": -25.902457281967223, ""elevation"": 0.0}, {""range"": 0.3653334972332973, ""doppler"": 0.0, ""angle"": -23.75462824726704, ""elevation"": 0.0}, {""range"": 0.3910207346023746, ""doppler"": 0.0, ""angle"": -3.7757312508775716, ""elevation"": 0.0}, {""range"": 0.43287130819739356, ""doppler"": 0.0, ""angle"": 32.70536250291387, ""elevation"": 0.0}]",1785110824385.8792
8,"[{""range"": 0.2692728870383599, ""doppler"": 0.0, ""angle"": -28.130677941913042, ""elevation"": 0.0}, {""range"": 0.18691359912579064, ""doppler"": 0.0, ""angle"": -20.671521945012906, ""elevation"": 0.0}, {""range"": 0.20143125804716638, ""doppler"": 0.0, ""angle"": -22.991554561396466, ""elevation"": 0.0}, {""range"": 0.3550848549815887, ""doppler"": 0.0, ""angle"": -24.70662426414505, ""elevation"": 0.0}, {""range"": 0.37897001105247446, ""doppler"": 0.0, ""angle"": -22.0022174944766, ""elevation"": 0.0}, {""range"": 0.3897715985816317, ""doppler"": 0.0, ""angle"": -18.34351504377889, ""elevation"": 0.0}, {""range"": 0.4656169612768509, ""doppler"": 0.0, ""angle"": 43.36608911843316, ""elevation"": 0.0}, {""range"": 0.47425507516906545, ""doppler"": 0.0, ""angle"": 41.545632175809615, ""elevation"": 0.0}]",1785110824386.123
6,"[{""range"": 0.35675799854199575, ""doppler"": 0.0, ""angle"": -25.948577003460716, ""elevation"": 0.0}, {""range"": 0.36498696776981265, ""doppler"": 0.0, ""angle"": -23.839934392590727, ""elevation"": 0.0}, {""range"": 0.38139448690492866, ""doppler"": 0.0, ""angle"": -9.444657408365472, ""elevation"": 0.0}, {""range"": 0.45901923545796425, ""doppler"": 0.0, ""angle"": 26.36541512255361, ""elevation"": 0.0}, {""range"": 0.4947161459002543, ""doppler"": 0.0, ""angle"": 29.372419023848266, ""elevation"": 0.0}, {""range"": 0.5265328038424638, ""doppler"": 0.0, ""angle"": 26.025526065658873, ""elevation"": 0.0}]",1785110824386.369
6,"[{""range"": 0.33750266812506863, ""doppler"": 0.0, ""angle"": -29.97456019746904, ""elevation"": 0.0}, {""range"": 0.37293273985247766, ""doppler"": 0.0, ""angle"": -32.9052429229879, ""elevation"": 0.0}, {""range"": 0.19604344609372193, ""doppler"": 0.0, ""angle"": -13.288398551988081, ""elevation"": 0.0}, {""range"": 0.2010639251233477, ""doppler"": 0.0, ""angle"": -13.578974522154894, ""elevation"": 0.0}, {""range"": 0.40579658566907023, ""doppler"": 0.0, ""angle"": 13.246302548782294, ""elevation"": 0.0}, {""range"": 0.42636156921415935, ""doppler"": 0.0, ""angle"": 15.470087513761793, ""elevation"": 0.0}]",1785110824386.614
7,"[{""range"": 0.338833344107092, ""doppler"": 0.0, ""angle"": -27.87683576243309, ""elevation"": 0.0}, {""range"": 0.3789252491114755, ""doppler"": 0.0, ""angle"": -27.363125656578344, ""elevation"": 0.0}, {""range"": 0.3888495561766911, ""doppler"": 0.0, ""angle"": -27.4370298563348, ""elevation"": 0.0}, {""range"": 0.21965434111711954, ""doppler"": 0.0, ""angle"": -23.559938046790922, ""elevation"": 0.0}, {""range"": 0.24666350101302786, ""doppler"": 0.0, ""angle"": -25.50620304696893, ""elevation"": 0.0}, {""range"": 0.45314023011497645, ""doppler"": 0.0, ""angle"": 41.46455342131027, ""elevation"": 0.0}, {""range"": 0.48483541038668204, ""doppler"": 0.0, ""angle"": 43.40097660628918, ""elevation"": 0.0}]",1785110824386.8533
9,"[{""range"": 0.24524023072001228, ""doppler"": 0.0, ""angle"": -34.81405168097296, ""elevation"": 0.0}, {""range"": 0.391715013988671, ""doppler"": 0.0, ""angle"": -34.284912438224204, ""elevation"": 0.0}, {""range"": 0.21975737838516035, ""doppler"": 0.0, ""angle"": -26.16890763120006, ""elevation"": 0.0}, {""range"": 0.18947950017922857, ""doppler"": 0.0, ""angle"": -14.259183119124, ""elevation"": 0.0}, {""range"": 0.20600428466875076, ""doppler"": 0.0, ""angle"": -17.94740386126305, ""elevation"": 0.0}, {""range"": 0.42677102558073043, ""doppler"": 0.0, ""angle"": 2.7137503871631874, ""elevation"": 0.0}, {""range"": 0.41383420735894116, ""doppler"": 0.0, ""angle"": 8.97391366881969, ""elevation"": 0.0}, {""range"": 0.5293979726413762, ""doppler"": 0.0, ""angle"": 26.911245027538953, ""elevation"": 0.0}, {""range"": 0.4892859646666521, ""doppler"": 0.0, ""angle"": 34.42764097202651, ""elevation"": 0.0}]",1785110824387.084
6,"[{""range"": 0.39192053703952, ""doppler"": 0.0, ""angle"": -19.81560160177421, ""elevation"": 0.0}, {""range"": 0.3937065416812972, ""doppler"": 0.0, ""angle"": -15.27337739571984, ""elevation"": 0.0}, {""range"": 1.1546291558786344, ""doppler"": 0.0, ""angle"": -3.516003241078271, ""elevation"": 0.0}, {""range"": 0.47358356544247193, ""doppler"": 0.0, ""angle"": 28.113208876055957, ""elevation"": 0.0}, {""range"": 0.4967609759839102, ""doppler"": 0.0, ""angle"": 42.47623989015702, ""elevation"": 0.0}, {""range"": 0.5145151516214433, ""doppler"": 0.0, ""angle"": 42.71839412646396, ""elevation"": 0.0}]",1785110824387.3247
4,"[{""range"": 1.1375645004841979, ""doppler"": 0.0, ""angle"": -1.3330574257483792, ""elevation"": 0.0}, {""range"": 1.1512441735926282, ""doppler"": 0.0, ""angle"": -3.3837059928001416, ""elevation"": 0.0}, {""range"": 1.1653143997769593, ""doppler"": 0.0, ""angle"": -2.8233302490151093, ""elevation"": 0.0}, {""range"": 0.42189494718710735, ""doppler"": 0.0, ""angle"": 7.353933185880835, ""elevation"": 0.0}]",1785110824387.5688
10,"[{""range"": 0.4034658965710562, ""doppler"": 0.0, ""angle"": -15.526829528708618, ""elevation"": 0.0}, {""range"": 0.4068895260881332, ""doppler"": 0.0, ""angle"": -11.971653995538933, ""elevation"": 0.0}, {""range"": 0.20510800094090242, ""doppler"": 0.0, ""angle"": -2.448328261004228, ""elevation"": 0.0}, {""range"": 0.42264026660428355, ""doppler"": 0.0, ""angle"": -3.565749527618584, ""elevation"": 0.0}, {""range"": 1.1435895970849557, ""doppler"": 0.0, ""angle"": -2.939802888498818, ""elevation"": 0.0}, {""range"": 1.1583271444995202, ""doppler"": 0.0, ""angle"": -0.9199087617645044, ""elevation"": 0.0}, {""range"": 1.1781083292898131, ""doppler"": 0.0, ""angle"": 1.565544120617374, ""elevation"": 0.0}, {""range"": 1.2132345706364525, ""doppler"": 0.0, ""angle"": 1.9426307644611323, ""elevation"": 0.0}, {""range"": 0.5009442291147335, ""doppler"": 0.0, ""angle"": 41.382169177026185, ""elevation"": 0.0}, {""range"": 0.5296721374331994, ""doppler"": 0.0, ""angle"": 39.67183577889049, ""elevation"": 0.0}]",1785110824387.831
8,"[{""range"": 0.4084414796030752, ""doppler"": 0.0, ""angle"": -15.879930789549954, ""elevation"": 0.0}, {""range"": 0.4136714576935024, ""doppler"": 0.0, ""angle"": -15.339833938781132, ""elevation"": 0.0}, {""range"": 0.42752003512173536, ""doppler"": 0.0, ""angle"": -11.117239659374283, ""elevation"": 0.0}, {""range"": 0.4675055688788909, ""doppler"": 0.0, ""angle"": -3.3548787392873547, ""elevation"": 0.0}, {""range"": 1.1405257369079589, ""doppler"": 0.0, ""angle"": -0.5389848486873661, ""elevation"": 0.0}, {""range"": 1.1545380305241253, ""doppler"": 0.0, ""angle"": -2.9652143787472407, ""elevation"": 0.0}, {""range"": 1.173953190398404, ""doppler"": 0.0, ""angle"": -0.47127224971726184, ""elevation"": 0.0}, {""range"": 1.2127301951233318, ""doppler"": 0.0, ""angle"": 3.8213803172844956, ""elevation"": 0.0}]",1785110824388.0708
8,"[{""range"": 0.24782714631427535, ""doppler"": 0.0, ""angle"": -22.97603104940673, ""elevation"": 0.0}, {""range"": 0.40179057335390866, ""doppler"": 0.0, ""angle"": -14.642329063275001, ""elevation"": 0.0}, {""range"": 0.41311607354349683, ""doppler"": 0.0, ""angle"": -11.737940522390307, ""elevation"": 0.0}, {""range"": 0.4206799132153823, ""doppler"": 0.0, ""angle"": -10.259102214721889, ""elevation"": 0.0}, {""range"": 1.1593805297379023, ""doppler"": 0.0, ""angle"": -3.1386549280073823, ""elevation"": 0.0}, {""range"": 1.1706619298495158, ""doppler"": 0.0, ""angle"": -1.6805676503137013, ""elevation"": 0.0}, {""range"": 2.102908856242502, ""doppler"": 0.0, ""angle"": 50.46515490938195, ""elevation"": 0.0}, {""range"": 0.4979306704437725, ""doppler"": 0.0, ""angle"": 60.599654872466125, ""elevation"": 0.0}]",1785110824388.318
9,"[{""range"": 1.1567928246224306, ""doppler"": 0.0, ""angle"": -3.9354365564609513, ""elevation"": 0.0}, {""range"": 1.1410694405875614, ""doppler"": 0.0, ""angle"": -2.5507842554028692, ""elevation"": 0.0}, {""range"": 1.1711174376331088, ""doppler"": 0.0, ""angle"": -2.3189318792880065, ""elevation"": 0.0}, {""range"": 1.202310176241174, ""doppler"": 0.0, ""angle"": -3.094747970528593, ""elevation"": 0.0}, {""range"": 0.4108162095254421, ""doppler"": 0.0, ""angle"": 6.648645183268905, ""elevation"": 0.0}, {""range"": 0.41986006789887986, ""doppler"": 0.0, ""angle"": 6.038382510991627, ""elevation"": 0.0}, {""range"": 0.4271379842880971, ""doppler"": 0.0, ""angle"": 4.610263701428965, ""elevation"": 0.0}, {""range"": 0.5400929474092695, ""doppler"": 0.0, ""angle"": 38.8582985265957, ""elevation"": 0.0}, {""range"": 2.0947413764479275, ""doppler"": 0.0, ""angle"": 45.05187640839308, ""elevation"": 0.0}]",1785110824388.5598
12,"[{""range"": 4.139234459802422, ""doppler"": 0.0, ""angle"": -21.67868914384236, ""elevation"": 0.0}, {""range"": 4.149131984952582, ""doppler"": 0.0, ""angle"": -24.863095492748815, ""elevation"": 0.0}, {""range"": 1.1556517701192262, ""doppler"": 0.0, ""angle"": -6.0396322570718315, ""elevation"": 0.0}, {""range"": 1.169837493634564, ""doppler"": 0.0, ""angle"": -6.19511986175704, ""elevation"": 0.0}, {""range"": 0.4118769669922943, ""doppler"": 0.0, ""angle"": -1.0447920138064932, ""elevation"": 0.0}, {""range"": 0.420575847395483, ""doppler"": 0.0, ""angle"": -0.2923228692285534, ""elevation"": 0.0}, {""range"": 0.4282432082237481, ""doppler"": 0.0, ""angle"": 1.5791828912958887, ""elevation"": 0.0}, {""range"": 0.496637635777971, ""doppler"": 0.0, ""angle"": 19.62884588067193, ""elevation"": 0.0}, {""range"": 0.5409540010451787, ""doppler"": 0.0, ""angle"": 32.01943613199903, ""elevation"": 0.0}, {""range"": 0.5631571055410247, ""doppler"": 0.0, ""angle"": 34.129049056635914, ""elevation"": 0.0}, {""range"": 2.129386972901956, ""doppler"": 0.0, ""angle"": 41.57879918060355, ""elevation"": 0.0}, {""range"": 2.1134755609472293, ""doppler"": 0.0, ""angle"": 44.32128552685914, ""elevation"": 0.0}]",1785110824388.795
5,"[{""range"": 0.4283863901629175, ""doppler"": 0.0, ""angle"": -27.656063714430825, ""elevation"": 0.0}, {""range"": 0.40581143810664977, ""doppler"": 0.0, ""angle"": -24.38545134270867, ""elevation"": 0.0}, {""range"": 0.41392876750495905, ""doppler"": 0.0, ""angle"": -22.79883632867927, ""elevation"": 0.0}, {""range"": 0.49293177087289847, ""doppler"": 0.0, ""angle"": 23.812655049270095, ""elevation"": 0.0}, {""range"": 0.5200499791467631, ""doppler"": 0.0, ""angle"": 26.089285994448183, ""elevation"": 0.0}]",1785110824389.033
8,"[{""range"": 0.23007301777575276, ""doppler"": 0.0, ""angle"": -26.94343281932724, ""elevation"": 0.0}, {""range"": 0.22361703083513823, ""doppler"": 0.0, ""angle"": -25.683962368272006, ""elevation"": 0.0}, {""range"": 0.40657051297686525, ""doppler"": 0.0, ""angle"": -23.31770838675507, ""elevation"": 0.0}, {""range"": 0.4119292481564032, ""doppler"": 0.0, ""angle"": -19.31586887383581, ""elevation"": 0.0}, {""range"": 0.42595400874989076, ""doppler"": 0.0, ""angle"": -15.985042380245979, ""elevation"": 0.0}, {""range"": 0.5007384362894161, ""doppler"": 0.0, ""angle"": 22.131958393165753, ""elevation"": 0.0}, {""range"": 0.5327617360973337, ""doppler"": 0.0, ""angle"": 29.034057936155268, ""elevation"": 0.0}, {""range"": 0.5689686586613968, ""doppler"": 0.0, ""angle"": 35.10855882728015, ""elevation"": 0.0}]",1785110824389.276
8,"[{""range"": 0.4031445708702562, ""doppler"": 0.0, ""angle"": -27.212883007644304, ""elevation"": 0.0}, {""range"": 0.40922790701942424, ""doppler"": 0.0, ""angle"": -22.912590661853116, ""elevation"": 0.0}, {""range"": 0.21749927624961493, ""doppler"": 0.0, ""angle"": -14.424683479406527, ""elevation"": 0.0}, {""range"": 0.23277735338708935, ""doppler"": 0.0, ""angle"": -16.83414685752318, ""elevation"": 0.0}, {""range"": 0.42848691738800104, ""doppler"": 0.0, ""angle"": -10.11878714676068, ""elevation"": 0.0}, {""range"": 0.5030199972748034, ""doppler"": 0.0, ""angle"": 30.9323194800787, ""elevation"": 0.0}, {""range"": 0.5260621159484203, ""doppler"": 0.0, ""angle"": 35.13242337599146, ""elevation"": 0.0}, {""range"": 0.5492123502005392, ""doppler"": 0.0, ""angle"": 37.552668636419924, ""elevation"": 0.0}]",1785110824389.5093
8,"[{""range"": 0.21373613937059135, ""doppler"": 0.0, ""angle"": -12.268846791048482, ""elevation"": 0.0}, {""range"": 2.488886023513175, ""doppler"": 0.0, ""angle"": -15.386173918851501, ""elevation"": 0.0}, {""range"": 2.4984303763393076, ""doppler"": 0.0, ""angle"": -14.020330460433932, ""elevation"": 0.0}, {""range"": 0.40440205331537105, ""doppler"": 0.0, ""angle"": 2.737156305060684, ""elevation"": 0.0}, {""range"": 0.4145036593329256, ""doppler"": 0.0, ""angle"": 2.422987379677201, ""elevation"": 0.0}, {""range"": 0.42569495422267867, ""doppler"": 0.0, ""angle"": 1.3478872801985986, ""elevation"": 0.0}, {""range"": 0.5313038644108273, ""doppler"": 0.0, ""angle"": 33.87190734329609, ""elevation"": 0.0}, {""range"": 2.1037238989655282, ""doppler"": 0.0, ""angle"": 42.40603806727505, ""elevation"": 0.0}]",1785110824389.7458
8,"[{""range"": 0.39708306572762636, ""doppler"": 0.0, ""angle"": -16.427397768610483, ""elevation"": 0.0}, {""range"": 0.2110587005281406, ""doppler"": 0.0, ""angle"": -5.444934286468767, ""elevation"": 0.0}, {""range"": 0.23838788073316847, ""doppler"": 0.0, ""angle"": -5.941519793752761, ""elevation"": 0.0}, {""range"": 0.4032832646592206, ""doppler"": 0.0, ""angle"": -8.927721905464225, ""elevation"": 0.0}, {""range"": 0.4184340818261477, ""doppler"": 0.0, ""angle"": -2.400214460856639, ""elevation"": 0.0}, {""range"": 0.5322579305705547, ""doppler"": 0.0, ""angle"": 13.36396400137241, ""elevation"": 0.0}, {""range"": 0.48730822711856786, ""doppler"": 0.0, ""angle"": 23.667900751796886, ""elevation"": 0.0}, {""range"": 2.0673191207991026, ""doppler"": 0.0, ""angle"": 25.718388069831885, ""elevation"": 0.0}]",1785110824389.985
7,"[{""range"": 0.3432245784699244, ""doppler"": 0.0, ""angle"": -26.751942618901737, ""elevation"": 0.0}, {""range"": 0.3784717204583872, ""doppler"": 0.0, ""angle"": -29.399042477256916, ""elevation"": 0.0}, {""range"": 0.20136227537645238, ""doppler"": 0.0, ""angle"": -11.369802650258109, ""elevation"": 0.0}, {""range"": 0.19287260874947032, ""doppler"": 0.0, ""angle"": -9.44485664553868, ""elevation"": 0.0}, {""range"": 0.5201690895277198, ""doppler"": 0.0, ""angle"": 30.67326043394797, ""elevation"": 0.0}, {""range"": 0.4524831048622095, ""doppler"": 0.0, ""angle"": 42.42142887252056, ""elevation"": 0.0}, {""range"": 0.4933442422093422, ""doppler"": 0.0, ""angle"": 36.21364584882154, ""elevation"": 0.0}]",1785110824390.2249
6,"[{""range"": 0.3672613598568032, ""doppler"": 0.0, ""angle"": -22.319440392975086, ""elevation"": 0.0}, {""range"": 0.38695372572209374, ""doppler"": 0.0, ""angle"": -18.84521408868371, ""elevation"": 0.0}, {""range"": 0.398719389349447, ""doppler"": 0.0, ""angle"": -16.224231042163424, ""elevation"": 0.0}, {""range"": 0.42388943496672277, ""doppler"": 0.0, ""angle"": -14.886266849017565, ""elevation"": 0.0}, {""range"": 0.49249168686919126, ""doppler"": 0.0, ""angle"": 39.63776746673168, ""elevation"": 0.0}, {""range"": 0.5171257244927021, ""doppler"": 0.0, ""angle"": 41.67796231316313, ""elevation"": 0.0}]",1785110824390.468
6,"[{""range"": 0.20111671487708743, ""doppler"": 0.0, ""angle"": -11.279960839693976, ""elevation"": 0.0}, {""range"": 0.2113566332008181, ""doppler"": 0.0, ""angle"": -11.31943899119083, ""elevation"": 0.0}, {""range"": 0.3932093614367323, ""doppler"": 0.0, ""angle"": -16.539521244622414, ""elevation"": 0.0}, {""range"": 0.4006978890095577, ""doppler"": 0.0, ""angle"": -10.958921237386894, ""elevation"": 0.0}, {""range"": 0.23144388395138826, ""doppler"": 0.0, ""angle"": -10.415708180071736, ""elevation"": 0.0}, {""range"": 0.4887408778312661, ""doppler"": 0.0, ""angle"": 36.11522191299984, ""elevation"": 0.0}]",1785110824390.713
8,"[{""range"": 0.24465993985068524, ""doppler"": 0.0, ""angle"": -35.42084713755659, ""elevation"": 0.0}, {""range"": 0.22431279763216494, ""doppler"": 0.0, ""angle"": -32.49921663662693, ""elevation"": 0.0}, {""range"": 0.39766578760557736, ""doppler"": 0.0, ""angle"": -4.177395678078158, ""elevation"": 0.0}, {""range"": 0.4061526187284841, ""doppler"": 0.0, ""angle"": -1.0342896466757145, ""elevation"": 0.0}, {""range"": 0.4300824555616507, ""doppler"": 0.0, ""angle"": 7.789842125970152, ""elevation"": 0.0}, {""range"": 0.48199195661371375, ""doppler"": 0.0, ""angle"": 25.985173424140424, ""elevation"": 0.0}, {""range"": 0.5161576571935689, ""doppler"": 0.0, ""angle"": 35.73842332862537, ""elevation"": 0.0}, {""range"": 2.0999573016200026, ""doppler"": 0.0, ""angle"": 52.06938939597866, ""elevation"": 0.0}]",1785110824390.9531
8,"[{""range"": 0.23591108786027667, ""doppler"": 0.0, ""angle"": -26.95349118855804, ""elevation"": 0.0}, {""range"": 0.2653739760296624, ""doppler"": 0.0, ""angle"": -22.71192774990288, ""elevation"": 0.0}, {""range"": 0.31263104381637324, ""doppler"": 0.0, ""angle"": -19.896311769834682, ""elevation"": 0.0}, {""range"": 0.5355495244284404, ""doppler"": 0.0, ""angle"": -10.795931346515438, ""elevation"": 0.0}, {""range"": 0.3876833317968257, ""doppler"": 0.0, ""angle"": -2.511363267163078, ""elevation"": 0.0}, {""range"": 0.40481883224554177, ""doppler"": 0.0, ""angle"": 2.354336056813062, ""elevation"": 0.0}, {""range"": 0.4284107964903882, ""doppler"": 0.0, ""angle"": 4.332675290672559, ""elevation"": 0.0}, {""range"": 2.0983999872796817, ""doppler"": 0.0, ""angle"": 52.41920281231916, ""elevation"": 0.0}]",1785110824391.187
7,"[{""range"": 0.33690258342471496, ""doppler"": 0.0, ""angle"": -19.50244850666222, ""elevation"": 0.0}, {""range"": 0.38219068058035144, ""doppler"": 0.0, ""angle"": -12.950413295661761, ""elevation"": 0.0}, {""range"": 0.2234594031384459, ""doppler"": 0.0, ""angle"": -4.957825207950778, ""elevation"": 0.0}, {""range"": 0.4009050279504136, ""doppler"": 0.0, ""angle"": -3.8361737839042007, ""elevation"": 0.0}, {""range"": 0.42381652459116953, ""doppler"": 0.0, ""angle"": -0.6527084919381914, ""elevation"": 0.0}, {""range"": 0.5008943448074004, ""doppler"": 0.0, ""angle"": 45.91121680824479, ""elevation"": 0.0}, {""range"": 0.5401216298735173, ""doppler"": 0.0, ""angle"": 54.4314516401545, ""elevation"": 0.0}]",1785110824391.417
8,"[{""range"": 0.2126990809266026, ""doppler"": 0.0, ""angle"": -19.394612889747144, ""elevation"": 0.0}, {""range"": 0.23578893838553242, ""doppler"": 0.0, ""angle"": -21.95471426213767, ""elevation"": 0.0}, {""range"": 0.19435824404024404, ""doppler"": 0.0, ""angle"": -12.540242851103878, ""elevation"": 0.0}, {""range"": 0.397421159748938, ""doppler"": 0.0, ""angle"": 1.263293534862471, ""elevation"": 0.0}, {""range"": 0.4032888542321216, ""doppler"": 0.0, ""angle"": 1.01622654167087, ""elevation"": 0.0}, {""range"": 0.4150425496378363, ""doppler"": 0.0, ""angle"": -0.4937041056651621, ""elevation"": 0.0}, {""range"": 2.079972569418455, ""doppler"": 0.0, ""angle"": 36.70242421431341, ""elevation"": 0.0}, {""range"": 2.0844460049781395, ""doppler"": 0.0, ""angle"": 43.0463857490563, ""elevation"": 0.0}]",1785110824391.648
9,"[{""range"": 0.324318446508983, ""doppler"": 0.0, ""angle"": -30.29736758603189, ""elevation"": 0.0}, {""range"": 0.24007227456522098, ""doppler"": 0.0, ""angle"": -20.44615893209337, ""elevation"": 0.0}, {""range"": 0.20491936443506764, ""doppler"": 0.0, ""angle"": -13.781597235653626, ""elevation"": 0.0}, {""range"": 0.20974295210582966, ""doppler"": 0.0, ""angle"": -17.770724463989662, ""elevation"": 0.0}, {""range"": 0.4084480554041501, ""doppler"": 0.0, ""angle"": 3.036517922321038, ""elevation"": 0.0}, {""range"": 0.42018021548952483, ""doppler"": 0.0, ""angle"": 1.5119258225402554, ""elevation"": 0.0}, {""range"": 0.3986993005476912, ""doppler"": 0.0, ""angle"": 4.759373689727473, ""elevation"": 0.0}, {""range"": 2.0757375401815383, ""doppler"": 0.0, ""angle"": 36.30425359503569, ""elevation"": 0.0}, {""range"": 2.0931253492821837, ""doppler"": 0.0, ""angle"": 42.385965094531606, ""elevation"": 0.0}]",1785110824391.879
7,"[{""range"": 0.24187286507192712, ""doppler"": 0.0, ""angle"": -20.3775697163314, ""elevation"": 0.0}, {""range"": 0.21187270631736438, ""doppler"": 0.0, ""angle"": -12.675665848395893, ""elevation"": 0.0}, {""range"": 0.21409375256560476, ""doppler"": 0.0, ""angle"": -16.99717960209023, ""elevation"": 0.0}, {""range"": 0.38670757192764005, ""doppler"": 0.0, ""angle"": -15.694291767592118, ""elevation"": 0.0}, {""range"": 0.39011086553966845, ""doppler"": 0.0, ""angle"": -11.742578465039546, ""elevation"": 0.0}, {""range"": 0.49910966756793196, ""doppler"": 0.0, ""angle"": 35.478022052096016, ""elevation"": 0.0}, {""range"": 0.5184890332098762, ""doppler"": 0.0, ""angle"": 36.82642589431238, ""elevation"": 0.0}]",1785110824392.114
8,"[{""range"": 0.23174872269540975, ""doppler"": 0.0, ""angle"": -41.27741867502724, ""elevation"": 0.0}, {""range"": 0.24815985664072232, ""doppler"": 0.0, ""angle"": -37.09283729704154, ""elevation"": 0.0}, {""range"": 0.31981415789966344, ""doppler"": 0.0, ""angle"": -28.012185529259906, ""elevation"": 0.0}, {""range"": 0.38889436799727334, ""doppler"": 0.0, ""angle"": -13.697597214652086, ""elevation"": 0.0}, {""range"": 0.4021127424780856, ""doppler"": 0.0, ""angle"": -8.850765976673635, ""elevation"": 0.0}, {""range"": 0.42143181997060114, ""doppler"": 0.0, ""angle"": -10.809316367238585, ""elevation"": 0.0}, {""range"": 0.5040746730590696, ""doppler"": 0.0, ""angle"": 33.599873535919464, ""elevation"": 0.0}, {""range"": 0.5258240448613376, ""doppler"": 0.0, ""angle"": 32.43084420939176, ""elevation"": 0.0}]",1785110824392.3499
7,"[{""range"": 0.3852544036423303, ""doppler"": 0.0, ""angle"": -32.7016713824814, ""elevation"": 0.0}, {""range"": 0.21369162943666015, ""doppler"": 0.0, ""angle"": -14.687435978117575, ""elevation"": 0.0}, {""range"": 0.22410437287750629, ""doppler"": 0.0, ""angle"": -15.7884043508177, ""elevation"": 0.0}, {""range"": 0.23167054937900758, ""doppler"": 0.0, ""angle"": -17.148248248613207, ""elevation"": 0.0}, {""range"": 0.4753285399934843, ""doppler"": 0.0, ""angle"": 30.897219527710753, ""elevation"": 0.0}, {""range"": 0.5084030158271184, ""doppler"": 0.0, ""angle"": 35.696975484673445, ""elevation"": 0.0}, {""range"": 0.5173099481875764, ""doppler"": 0.0, ""angle"": 36.18463096850142, ""elevation"": 0.0}]",1785110824392.5837
2,"[{""range"": 0.45503902331094576, ""doppler"": 0.0, ""angle"": 4.756162556282729, ""elevation"": 0.0}, {""range"": 0.4861852226435054, ""doppler"": 0.0, ""angle"": 5.593171027318915, ""elevation"": 0.0}]",1785110824392.8162
5,"[{""range"": 0.23672290648082547, ""doppler"": 0.0, ""angle"": -23.505468366059425, ""elevation"": 0.0}, {""range"": 0.24912907678930615, ""doppler"": 0.0, ""angle"": -24.87279720694219, ""elevation"": 0.0}, {""range"": 0.38839185097951867, ""doppler"": 0.0, ""angle"": -13.39005381161331, ""elevation"": 0.0}, {""range"": 0.39835988335083544, ""doppler"": 0.0, ""angle"": -8.726608724472923, ""elevation"": 0.0}, {""range"": 1.1575103450024518, ""doppler"": 0.0, ""angle"": -2.08047457440384, ""elevation"": 0.0}]",1785110824393.043
8,"[{""range"": 0.23606825715676502, ""doppler"": 0.0, ""angle"": -19.560403935783523, ""elevation"": 0.0}, {""range"": 1.1544025130871725, ""doppler"": 0.0, ""angle"": -0.9496649088977771, ""elevation"": 0.0}, {""range"": 0.40390169131581993, ""doppler"": 0.18637533485889435, ""angle"": 8.144451409581782, ""elevation"": 0.0}, {""range"": 0.4588025126721209, ""doppler"": 0.4670303801249247, ""angle"": 36.85649930338506, ""elevation"": 0.15631360611453776}, {""range"": 2.3377184839846636, ""doppler"": -7.548201061785221, ""angle"": 0.0, ""elevation"": 11.739685737135991}, {""range"": 0.274658203125, ""doppler"": 0.0, ""angle"": 0.0, ""elevation"": 0.0}, {""range"": 0.04577671643213322, ""doppler"": 4.286268687428674, ""angle"": 180.0, ""elevation"": -0.22381050036853808}, {""range"": 3.662109375, ""doppler"": 5.544666212052107, ""angle"": 90.0, ""elevation"": 0.0}]",1785110824430.3438
7,"[{""range"": 0.2013787889147935, ""doppler"": 0.0, ""angle"": -20.913320444479982, ""elevation"": 0.0}, {""range"": 0.21864842613506982, ""doppler"": 0.0, ""angle"": -22.706370840305922, ""elevation"": 0.0}, {""range"": 0.24505736977533782, ""doppler"": 0.0, ""angle"": -24.807260307320416, ""elevation"": 0.0}, {""range"": 0.38143229487173513, ""doppler"": 0.0, ""angle"": -14.30333953879929, ""elevation"": 0.0}, {""range"": 1.1564320173410636, ""doppler"": 0.0, ""angle"": -6.151368676523114, ""elevation"": 0.0}, {""range"": 1.172479817607431, ""doppler"": 0.0, ""angle"": -6.330542093024677, ""elevation"": 0.0}, {""range"": 0.4011175601809488, ""doppler"": 0.0, ""angle"": -3.0664855011258934, ""elevation"": 0.0}]",1785110824550.7222
5,"[{""range"": 0.23057112128077423, ""doppler"": 0.0, ""angle"": -27.379816564738533, ""elevation"": 0.0}, {""range"": 0.27046321335351053, ""doppler"": 0.0, ""angle"": -26.039882808189947, ""elevation"": 0.0}, {""range"": 0.346116715134595, ""doppler"": 0.0, ""angle"": -31.52217724675868, ""elevation"": 0.0}, {""range"": 0.37798732293279375, ""doppler"": 0.0, ""angle"": -32.18638923059796, ""elevation"": 0.0}, {""range"": 1.1542011185818304, ""doppler"": 0.0, ""angle"": -5.315778929055955, ""elevation"": 0.0}]",1785110824650.451
8,"[{""range"": 0.234015046740713, ""doppler"": 0.0, ""angle"": -19.32103812748187, ""elevation"": 0.0}, {""range"": 0.26474518653391677, ""doppler"": 0.0, ""angle"": -21.55707928503772, ""elevation"": 0.0}, {""range"": 0.33168167709693924, ""doppler"": 0.0, ""angle"": -24.934786502694177, ""elevation"": 0.0}, {""range"": 0.374307796526455, ""doppler"": 0.0, ""angle"": -20.556045219583467, ""elevation"": 0.0}, {""range"": 0.4114288311123983, ""doppler"": 0.0, ""angle"": -12.423469808647551, ""elevation"": 0.0}, {""range"": 0.3916757087370757, ""doppler"": 0.0, ""angle"": -6.34308036599887, ""elevation"": 0.0}, {""range"": 1.1569714380729663, ""doppler"": 0.0, ""angle"": -4.645243916680185, ""elevation"": 0.0}, {""range"": 1.1737093844297715, ""doppler"": 0.0, ""angle"": -3.983622837691017, ""elevation"": 0.0}]",1785110824750.066
8,"[{""range"": 0.2527761868738249, ""doppler"": 0.0, ""angle"": -19.806503385111796, ""elevation"": 0.0}, {""range"": 0.2335901389953298, ""doppler"": 0.0, ""angle"": -17.18657009940298, ""elevation"": 0.0}, {""range"": 1.154207420916216, ""doppler"": 0.0, ""angle"": -4.816716529840314, ""elevation"": 0.0}, {""range"": 1.1709714284615085, ""doppler"": 0.0, ""angle"": -3.686034583699512, ""elevation"": 0.0}, {""range"": 0.392096718758494, ""doppler"": 0.0, ""angle"": 5.679393369554865, ""elevation"": 0.0}, {""range"": 0.4019331948756026, ""doppler"": 0.0, ""angle"": 4.1074098422272485, ""elevation"": 0.0}, {""range"": 0.4255483496352127, ""doppler"": 0.0, ""angle"": 4.651677438760861, ""elevation"": 0.0}, {""range"": 2.1082635745600413, ""doppler"": 0.0, ""angle"": 46.97967084345051, ""elevation"": 0.0}]",1785110824844.368
5,"[{""range"": 1.1556333846732658, ""doppler"": 0.0, ""angle"": -5.772343761256986, ""elevation"": 0.0}, {""range"": 1.1697360315028495, ""doppler"": 0.0, ""angle"": -5.456109586633675, ""elevation"": 0.0}, {""range"": 0.385628697998405, ""doppler"": 0.0, ""angle"": 7.1118350574766485, ""elevation"": 0.0}, {""range"": 0.49891090481047023, ""doppler"": 0.0, ""angle"": 30.903886355835624, ""elevation"": 0.0}, {""range"": 0.4542739055496653, ""doppler"": 0.0, ""angle"": 51.45642449504542, ""elevation"": 0.0}]",1785110824953.9858
8,"[{""range"": 0.2737389044595067, ""doppler"": 0.0, ""angle"": -18.470455395228473, ""elevation"": 0.0}, {""range"": 0.3372584392047668, ""doppler"": 0.0, ""angle"": -23.166679751415455, ""elevation"": 0.0}, {""range"": 0.37853609102376223, ""doppler"": 0.0, ""angle"": -21.766227871774166, ""elevation"": 0.0}, {""range"": 0.23847384110396125, ""doppler"": 0.0, ""angle"": -16.15194071463095, ""elevation"": 0.0}, {""range"": 0.3973883328520526, ""doppler"": 0.0, ""angle"": -15.931230432514253, ""elevation"": 0.0}, {""range"": 0.4225816685256753, ""doppler"": 0.0, ""angle"": -6.9265433355922434, ""elevation"": 0.0}, {""range"": 1.155617613628766, ""doppler"": 0.0, ""angle"": -6.432222070274607, ""elevation"": 0.0}, {""range"": 1.1703988340248122, ""doppler"": 0.0, ""angle"": -4.943199283218577, ""elevation"": 0.0}]",1785110825054.158
7,"[{""range"": 0.3456262893160382, ""doppler"": 0.0, ""angle"": -29.336761938351305, ""elevation"": 0.0}, {""range"": 0.38626036646016026, ""doppler"": 0.0, ""angle"": -25.295710653976712, ""elevation"": 0.0}, {""range"": 0.39882555047989227, ""doppler"": 0.0, ""angle"": -19.458559166202935, ""elevation"": 0.0}, {""range"": 0.22879779192798233, ""doppler"": 0.0, ""angle"": -13.145650949616531, ""elevation"": 0.0}, {""range"": 0.43563394056321825, ""doppler"": 0.0, ""angle"": -4.992151735044325, ""elevation"": 0.0}, {""range"": 2.435575212125374, ""doppler"": 0.0, ""angle"": 8.06525921459418, ""elevation"": 0.0}, {""range"": 2.456169872626563, ""doppler"": 0.0, ""angle"": 9.58849999416657, ""elevation"": 0.0}]",1785110825144.2393
8,"[{""range"": 0.27882155811286885, ""doppler"": 0.0, ""angle"": -25.447547174460915, ""elevation"": 0.0}, {""range"": 0.3493269223319229, ""doppler"": 0.0, ""angle"": -23.244802988783587, ""elevation"": 0.0}, {""range"": 0.3870493594358569, ""doppler"": 0.0, ""angle"": -12.649393958224532, ""elevation"": 0.0}, {""range"": 0.3955050562929769, ""doppler"": 0.0, ""angle"": -9.419735788401738, ""elevation"": 0.0}, {""range"": 0.415997042655797, ""doppler"": 0.0, ""angle"": -7.409110176301557, ""elevation"": 0.0}, {""range"": 1.1542255936086248, ""doppler"": 0.0, ""angle"": -6.76169287063033, ""elevation"": 0.0}, {""range"": 2.443023905240912, ""doppler"": 0.0, ""angle"": 10.351733348245105, ""elevation"": 0.0}, {""range"": 2.4521971195985746, ""doppler"": 0.0, ""angle"": 11.77698056851956, ""elevation"": 0.0}]",1785110825244.115
9,"[{""range"": 0.24224140880339187, ""doppler"": 0.0, ""angle"": -23.537351958254387, ""elevation"": 0.0}, {""range"": 0.2573879846187763, ""doppler"": 0.0, ""angle"": -25.425695510860194, ""elevation"": 0.0}, {""range"": 0.3196993123908605, ""doppler"": 0.0, ""angle"": -23.467898892343662, ""elevation"": 0.0}, {""range"": 0.3923491079243965, ""doppler"": 0.0, ""angle"": -7.173599530740066, ""elevation"": 0.0}, {""range"": 0.4018123776340476, ""doppler"": 0.0, ""angle"": -5.15749368028828, ""elevation"": 0.0}, {""range"": 1.1579503304791618, ""doppler"": 0.0, ""angle"": -6.187768135431261, ""elevation"": 0.0}, {""range"": 1.1764530628802867, ""doppler"": 0.0, ""angle"": -5.58234508538075, ""elevation"": 0.0}, {""range"": 0.4219285197766167, ""doppler"": 0.0, ""angle"": -1.287056178515414, ""elevation"": 0.0}, {""range"": 0.46704529225620856, ""doppler"": 0.0, ""angle"": 10.277377773069583, ""elevation"": 0.0}]",1785110825350.231
6,"[{""range"": 0.28184808656950894, ""doppler"": 0.0, ""angle"": -23.360874026984447, ""elevation"": 0.0}, {""range"": 0.35023241420820794, ""doppler"": 0.0, ""angle"": -16.186487596079367, ""elevation"": 0.0}, {""range"": 0.38817111565005474, ""doppler"": 0.0, ""angle"": -11.263346341399128, ""elevation"": 0.0}, {""range"": 0.4012311356205776, ""doppler"": 0.0, ""angle"": -8.534553426741999, ""elevation"": 0.0}, {""range"": 0.4222415332880712, ""doppler"": 0.0, ""angle"": -4.201442504806855, ""elevation"": 0.0}, {""range"": 2.466448131754105, ""doppler"": 0.0, ""angle"": -10.138399602633186, ""elevation"": 0.0}]",1785110825454.3271
8,"[{""range"": 0.24015410381861074, ""doppler"": 0.0, ""angle"": -24.408648043750983, ""elevation"": 0.0}, {""range"": 0.2405217583035777, ""doppler"": 0.0, ""angle"": -25.307680250905957, ""elevation"": 0.0}, {""range"": 0.394551072044901, ""doppler"": 0.0, ""angle"": -20.258202241928988, ""elevation"": 0.0}, {""range"": 0.39387648558625854, ""doppler"": 0.0, ""angle"": -16.59211218860238, ""elevation"": 0.0}, {""range"": 1.1606417983342667, ""doppler"": 0.0, ""angle"": -5.2064166426622815, ""elevation"": 0.0}, {""range"": 0.4832008122033676, ""doppler"": 0.0, ""angle"": 33.972339430573506, ""elevation"": 0.0}, {""range"": 0.5143731312329871, ""doppler"": 0.0, ""angle"": 29.282888344304478, ""elevation"": 0.0}, {""range"": 0.45738185665015757, ""doppler"": 0.0, ""angle"": 37.69424046668917, ""elevation"": 0.0}]",1785110825549.9312
7,"[{""range"": 0.2208667705545858, ""doppler"": 0.0, ""angle"": -28.058843784498023, ""elevation"": 0.0}, {""range"": 0.24134456501856175, ""doppler"": 0.0, ""angle"": -26.394189518019694, ""elevation"": 0.0}, {""range"": 0.24882908269960285, ""doppler"": 0.0, ""angle"": -24.72337768233073, ""elevation"": 0.0}, {""range"": 0.3266541022453093, ""doppler"": 0.0, ""angle"": -10.184218047356264, ""elevation"": 0.0}, {""range"": 0.39382647626652983, ""doppler"": 0.0, ""angle"": 3.201475672107259, ""elevation"": 0.0}, {""range"": 0.4082961586909286, ""doppler"": 0.0, ""angle"": 3.540333753350609, ""elevation"": 0.0}, {""range"": 0.42640108905198343, ""doppler"": 0.0, ""angle"": 5.6556045072389605, ""elevation"": 0.0}]",1785110825650.196
6,"[{""range"": 0.23293608805019103, ""doppler"": 0.0, ""angle"": -20.396461700092875, ""elevation"": 0.0}, {""range"": 0.24804070984339432, ""doppler"": 0.0, ""angle"": -21.79373936865826, ""elevation"": 0.0}, {""range"": 0.4034510370382263, ""doppler"": 0.0, ""angle"": 2.5656633981176244, ""elevation"": 0.0}, {""range"": 0.41751855173411084, ""doppler"": 0.0, ""angle"": -1.6197574972552757, ""elevation"": 0.0}, {""range"": 0.39550683486878907, ""doppler"": 0.0, ""angle"": 4.8238760241100485, ""elevation"": 0.0}, {""range"": 0.47638878007024643, ""doppler"": 0.0, ""angle"": 34.78764497607763, ""elevation"": 0.0}]",1785110825750.446
9,"[{""range"": 0.2309424709241218, ""doppler"": 0.0, ""angle"": -22.056787977041594, ""elevation"": 0.0}, {""range"": 0.25658696762337974, ""doppler"": 0.0, ""angle"": -22.884012161953482, ""elevation"": 0.0}, {""range"": 0.35478924180198895, ""doppler"": 0.0, ""angle"": -4.8571681186658555, ""elevation"": 0.0}, {""range"": 0.3904573306813011, ""doppler"": 0.0, ""angle"": -1.3383203414438047, ""elevation"": 0.0}, {""range"": 0.3942887799061, ""doppler"": 0.0, ""angle"": -0.25984302361194145, ""elevation"": 0.0}, {""range"": 0.48624477004608047, ""doppler"": 0.0, ""angle"": 24.92524474872627, ""elevation"": 0.0}, {""range"": 0.5172877891778073, ""doppler"": 0.0, ""angle"": 25.73242530467284, ""elevation"": 0.0}, {""range"": 2.1437067629662634, ""doppler"": 0.0, ""angle"": 34.09302953293376, ""elevation"": 0.0}, {""range"": 2.1116922460294965, ""doppler"": 0.0, ""angle"": 41.13069967521976, ""elevation"": 0.0}]",1785110825851.0
7,"[{""range"": 0.31402521983871134, ""doppler"": 0.0, ""angle"": -35.42769066250439, ""elevation"": 0.0}, {""range"": 0.23309855544393437, ""doppler"": 0.0, ""angle"": -21.842218439218158, ""elevation"": 0.0}, {""range"": 0.24739300400231803, ""doppler"": 0.0, ""angle"": -24.69415310061409, ""elevation"": 0.0}, {""range"": 0.35986360926020805, ""doppler"": 0.0, ""angle"": 1.2812526300755505, ""elevation"": 0.0}, {""range"": 0.3961022890282301, ""doppler"": 0.0, ""angle"": -0.6983789765883833, ""elevation"": 0.0}, {""range"": 0.39715255122174015, ""doppler"": 0.0, ""angle"": -0.335360930963457, ""elevation"": 0.0}, {""range"": 0.41073751438762585, ""doppler"": 0.0, ""angle"": -0.1746056660957455, ""elevation"": 0.0}]",1785110825954.039
7,"[{""range"": 0.22449717367614053, ""doppler"": 0.0, ""angle"": -13.26142506048341, ""elevation"": 0.0}, {""range"": 0.2588299426188897, ""doppler"": 0.0, ""angle"": -14.401057509263417, ""elevation"": 0.0}, {""range"": 0.3507381421960285, ""doppler"": 0.0, ""angle"": -17.566617489732266, ""elevation"": 0.0}, {""range"": 0.3890712625947343, ""doppler"": 0.0, ""angle"": -14.451376730505945, ""elevation"": 0.0}, {""range"": 0.3962692689778371, ""doppler"": 0.0, ""angle"": -9.453821350593472, ""elevation"": 0.0}, {""range"": 0.40829079429470605, ""doppler"": 0.0, ""angle"": -7.651022145389744, ""elevation"": 0.0}, {""range"": 0.4843108648500559, ""doppler"": 0.0, ""angle"": 42.995166983214865, ""elevation"": 0.0}]",1785110826050.6912
7,"[{""range"": 0.3484489011959972, ""doppler"": 0.0, ""angle"": -19.57866653198335, ""elevation"": 0.0}, {""range"": 0.21904378518736864, ""doppler"": 0.0, ""angle"": -15.91969696588324, ""elevation"": 0.0}, {""range"": 0.38873844992175466, ""doppler"": 0.0, ""angle"": -16.817889772524488, ""elevation"": 0.0}, {""range"": 0.39777902229989803, ""doppler"": 0.0, ""angle"": -14.154932767271172, ""elevation"": 0.0}, {""range"": 0.42180399221267456, ""doppler"": 0.0, ""angle"": -7.257575492896104, ""elevation"": 0.0}, {""range"": 1.1585374676257114, ""doppler"": 0.0, ""angle"": -5.233659973472629, ""elevation"": 0.0}, {""range"": 1.1834155424412083, ""doppler"": 0.0, ""angle"": -2.4681179138285407, ""elevation"": 0.0}]",1785110826150.5898
6,"[{""range"": 0.22314295395743017, ""doppler"": 0.0, ""angle"": -10.994777349292134, ""elevation"": 0.0}, {""range"": 0.22923430297148406, ""doppler"": 0.0, ""angle"": -12.204010678344543, ""elevation"": 0.0}, {""range"": 0.2414119240060458, ""doppler"": 0.0, ""angle"": -12.708331135563842, ""elevation"": 0.0}, {""range"": 0.3941740964235069, ""doppler"": 0.0, ""angle"": 1.0657241565096685, ""elevation"": 0.0}, {""range"": 0.3994995035456836, ""doppler"": 0.0, ""angle"": 0.6924398973479612, ""elevation"": 0.0}, {""range"": 0.49481163025406893, ""doppler"": 0.0, ""angle"": 28.232040690251765, ""elevation"": 0.0}]",1785110826250.648
7,"[{""range"": 0.21892617256413444, ""doppler"": 0.0, ""angle"": -14.183795664253552, ""elevation"": 0.0}, {""range"": 0.2335045032382628, ""doppler"": 0.0, ""angle"": -15.22818133808759, ""elevation"": 0.0}, {""range"": 0.2350506276037848, ""doppler"": 0.0, ""angle"": -17.30462052730047, ""elevation"": 0.0}, {""range"": 3.2001883013203782, ""doppler"": 0.0, ""angle"": -4.875305907000619, ""elevation"": 0.0}, {""range"": 0.38838275394227983, ""doppler"": 0.0, ""angle"": 3.008628100959207, ""elevation"": 0.0}, {""range"": 3.190410423116483, ""doppler"": 0.0, ""angle"": -2.717757287696599, ""elevation"": 0.0}, {""range"": 0.39498067437802964, ""doppler"": 0.0, ""angle"": 5.142764557884242, ""elevation"": 0.0}]",1785110826350.6401
5,"[{""range"": 2.474820258305541, ""doppler"": 0.0, ""angle"": -10.234123774087642, ""elevation"": 0.0}, {""range"": 0.39578637607552525, ""doppler"": 0.0, ""angle"": -2.6672101979028047, ""elevation"": 0.0}, {""range"": 3.198927020752945, ""doppler"": 0.0, ""angle"": 7.874646888291203, ""elevation"": 0.0}, {""range"": 0.4397014283951028, ""doppler"": 0.0, ""angle"": 46.005086005254185, ""elevation"": 0.0}, {""range"": 0.4550446095374098, ""doppler"": 0.0, ""angle"": 47.29315527738934, ""elevation"": 0.0}]",1785110826450.2559
4,"[{""range"": 2.4800014241211867, ""doppler"": 0.0, ""angle"": -17.030441458443534, ""elevation"": 0.0}, {""range"": 0.3962307786335928, ""doppler"": 0.0, ""angle"": -2.923093045958295, ""elevation"": 0.0}, {""range"": 0.4003292176257926, ""doppler"": 0.0, ""angle"": -2.867517269238179, ""elevation"": 0.0}, {""range"": 0.48325920557272556, ""doppler"": 0.0, ""angle"": 31.472780398860497, ""elevation"": 0.0}]",1785110826549.938
3,"[{""range"": 0.3941374296013986, ""doppler"": 0.0, ""angle"": 1.87191477131483, ""elevation"": 0.0}, {""range"": 0.4049415161146661, ""doppler"": 0.0, ""angle"": 1.3157494647462298, ""elevation"": 0.0}, {""range"": 0.4262486512761989, ""doppler"": 0.0, ""angle"": -1.4423082646994363, ""elevation"": 0.0}]",1785110826649.8298
8,"[{""range"": 0.22685879381625645, ""doppler"": 0.0, ""angle"": -15.5917993255175, ""elevation"": 0.0}, {""range"": 0.24336044349851305, ""doppler"": 0.0, ""angle"": -16.037920292862417, ""elevation"": 0.0}, {""range"": 2.4933025882420523, ""doppler"": 0.0, ""angle"": -15.290076905126725, ""elevation"": 0.0}, {""range"": 2.472210063894039, ""doppler"": 0.0, ""angle"": -10.502041562035432, ""elevation"": 0.0}, {""range"": 3.2100020278549746, ""doppler"": 0.0, ""angle"": 1.8770407361890444, ""elevation"": 0.0}, {""range"": 0.3964202893096546, ""doppler"": 0.0, ""angle"": 5.695163394736266, ""elevation"": 0.0}, {""range"": 0.40733774991472876, ""doppler"": 0.0, ""angle"": 6.12354207058375, ""elevation"": 0.0}, {""range"": 0.4234413640356936, ""doppler"": 0.0, ""angle"": 5.282050462784472, ""elevation"": 0.0}]",1785110826750.1177
3,"[{""range"": 0.23380118505078068, ""doppler"": 0.0, ""angle"": -14.12126774907018, ""elevation"": 0.0}, {""range"": 0.24350072449082, ""doppler"": 0.0, ""angle"": -13.158606906347279, ""elevation"": 0.0}, {""range"": 0.48504270980742825, ""doppler"": 0.0, ""angle"": 34.10601117442701, ""elevation"": 0.0}]",1785110826850.2112
7,"[{""range"": 0.2291742474200038, ""doppler"": 0.0, ""angle"": -11.020606589882432, ""elevation"": 0.0}, {""range"": 0.25074795627554547, ""doppler"": 0.0, ""angle"": -10.228101306742982, ""elevation"": 0.0}, {""range"": 0.3319176790203064, ""doppler"": 0.0, ""angle"": -10.522952030283092, ""elevation"": 0.0}, {""range"": 0.3935171054138126, ""doppler"": 0.0, ""angle"": -6.627703280429775, ""elevation"": 0.0}, {""range"": 0.4114742922049349, ""doppler"": 0.0, ""angle"": -2.9892316142484674, ""elevation"": 0.0}, {""range"": 0.4284427017481885, ""doppler"": 0.0, ""angle"": 0.263042214824007, ""elevation"": 0.0}, {""range"": 0.4598096275552453, ""doppler"": 0.0, ""angle"": 2.9647726567612236, ""elevation"": 0.0}]",1785110826950.0278
10,"[{""range"": 0.305778154090218, ""doppler"": 0.0, ""angle"": -27.703922677660685, ""elevation"": 0.0}, {""range"": 0.2351887276003421, ""doppler"": 0.0, ""angle"": -14.036243467926479, ""elevation"": 0.0}, {""range"": 0.24307339046895912, ""doppler"": 0.0, ""angle"": -15.007438638827475, ""elevation"": 0.0}, {""range"": 1.1585222881011725, ""doppler"": 0.0, ""angle"": -5.509083747366775, ""elevation"": 0.0}, {""range"": 1.1800149520548935, ""doppler"": 0.0, ""angle"": -4.005818557306215, ""elevation"": 0.0}, {""range"": 0.4064924904187317, ""doppler"": 0.0, ""angle"": -1.9158697996943737, ""elevation"": 0.0}, {""range"": 0.411219567599226, ""doppler"": 0.0, ""angle"": -1.4202655463990457, ""elevation"": 0.0}, {""range"": 0.42534599517194255, ""doppler"": 0.0, ""angle"": 1.3971810272963765, ""elevation"": 0.0}, {""range"": 0.4823566117984402, ""doppler"": 0.0, ""angle"": 28.617240231556412, ""elevation"": 0.0}, {""range"": 0.5183095469084247, ""doppler"": 0.0, ""angle"": 36.20176710252046, ""elevation"": 0.0}]",1785110827050.0322
8,"[{""range"": 0.3725054781144634, ""doppler"": 0.0, ""angle"": -27.06935909799951, ""elevation"": 0.0}, {""range"": 0.3908922092817257, ""doppler"": 0.0, ""angle"": -27.784175748696963, ""elevation"": 0.0}, {""range"": 0.31698667460785374, ""doppler"": 0.0, ""angle"": -22.311572125556108, ""elevation"": 0.0}, {""range"": 0.2399004688985001, ""doppler"": 0.0, ""angle"": -12.264773727892402, ""elevation"": 0.0}, {""range"": 0.25810631611826773, ""doppler"": 0.0, ""angle"": -14.729420220424817, ""elevation"": 0.0}, {""range"": 0.45868562591293766, ""doppler"": 0.0, ""angle"": 38.59004173817425, ""elevation"": 0.0}, {""range"": 0.4904049982054849, ""doppler"": 0.0, ""angle"": 40.578634658243224, ""elevation"": 0.0}, {""range"": 0.5224142965515958, ""doppler"": 0.0, ""angle"": 42.267092973299945, ""elevation"": 0.0}]",1785110827149.933
4,"[{""range"": 0.400043379507189, ""doppler"": 0.0, ""angle"": -16.142396638250656, ""elevation"": 0.0}, {""range"": 0.4060182520453159, ""doppler"": 0.0, ""angle"": -14.017883359759864, ""elevation"": 0.0}, {""range"": 0.4300739429900947, ""doppler"": 0.0, ""angle"": -13.366012803628356, ""elevation"": 0.0}, {""range"": 1.1549485847731085, ""doppler"": 0.0, ""angle"": -7.4099909907615, ""elevation"": 0.0}]",1785110827254.325
