gesture,person,trial,imu_ax_mean,imu_ax_std,imu_ax_min,imu_ax_max,imu_ax_energy,imu_ay_mean,imu_ay_std,imu_ay_min,imu_ay_max,imu_ay_energy,imu_az_mean,imu_az_std,imu_az_min,imu_az_max,imu_az_energy,imu_gx_mean,imu_gx_std,imu_gx_min,imu_gx_max,imu_gx_energy,imu_gy_mean,imu_gy_std,imu_gy_min,imu_gy_max,imu_gy_energy,imu_gz_mean,imu_gz_std,imu_gz_min,imu_gz_max,imu_gz_energy
bye_bye,nav,1,-0.1343276955602536,0.7753808860221095,-0.931,1.506,292.909719,-0.2759112050739957,0.6749299270974599,-1.921,1.579,251.47395,-0.2316511627906977,0.4679803203291243,-1.388,0.955,128.971889,11.896363636363638,68.70816107724164,-327.16,308.63,2299884.3918,17.567653276955603,94.94359503990655,-227.24,248.63,4409735.806,-36.40784355179705,119.3750928033946,-325.21,185.37,7367421.4429
bye_bye,nav,2,0.426401287553648,0.5121660682411221,-0.851,1.19,206.965577,-0.1218175965665236,0.7136250736198557,-1.946,1.488,244.23072699999997,-0.3244120171673819,0.7095217407719935,-1.882,1.022,283.637544,10.94167381974249,60.362998463168,-122.53,198.86,1753749.9032,19.408862660944205,159.3282506660211,-359.48,334.54,12005183.0611,-7.053175965665237,146.88524332940662,-327.46,299.48,10077260.2516
bye_bye,nav,3,0.5903083511777303,0.4808679866150822,-1.048,1.185,270.71895199999994,-0.0292226980728051,0.5719867266833454,-1.839,1.109,153.186639,-0.3835396145610278,0.5282903012880031,-1.275,0.709,199.032261,4.175674518201284,35.754726959099514,-117.4,138.31,605155.7657999999,17.488543897216275,122.94533791926008,-284.1,219.0,7201796.2675,-28.066680942184153,109.2990194649861,-317.85,168.25,5946784.6478
bye_bye,nav,4,0.3364420600858369,0.6083709495926004,-0.933,1.151,225.221748,-0.3488004291845493,0.7126658536577805,-1.717,1.158,293.37233100000003,-0.3299699570815451,0.5113581587101131,-1.353,0.777,172.59118,1.7687124463519313,61.24984590026104,-138.52,266.67,1749677.1364,14.28459227467811,110.78776189727434,-220.98,270.79,5814737.637399999,-1.1149356223175997,147.2912137187068,-291.48,328.81,10110310.2396
bye_bye,nav,5,0.4769380341880342,0.5214774769640114,-0.838,1.377,233.723247,-0.0285363247863247,0.7272024906143567,-1.76,1.328,247.870483,-0.3151816239316239,0.6094157030008577,-1.415,1.204,220.300215,7.62974358974359,46.62575419451956,-144.51,186.59,1044657.4046,24.473589743589745,113.04571975182324,-226.51,221.2,6261040.3514,-27.650641025641026,127.7618298101068,-317.0,153.87,7997016.9734
bye_bye,nav,6,0.447107296137339,0.4759290634811869,-0.876,1.119,198.708648,-0.0119484978540772,0.5973967178929306,-1.416,1.188,166.373932,-0.4137489270386266,0.5710564256307896,-1.564,0.718,231.738825,10.22,39.883238554517696,-84.96,148.2,789926.4408,11.30969957081545,117.77757716268908,-246.25,205.91,6523751.6158,-15.85667381974249,107.54671905399938,-234.57,189.31,5507062.5919
bye_bye,nav,7,0.2978519313304721,0.6014213686135748,-1.147,1.032,209.897321,-0.1383969957081545,0.652995046869124,-1.412,1.301,207.629217,-0.4499785407725322,0.5535217288061342,-1.335,0.884,237.132018,9.133927038626611,60.22483223944551,-138.74,199.62,1729073.9133,1.0664377682403443,124.27029593293403,-261.39,303.81,7197017.5832,-0.6986135193133054,140.85647292388327,-253.88,370.46,9245921.855839211
bye_bye,nav,8,0.2514055793991416,0.6148125405104147,-1.247,1.028,205.598839,-0.1083690987124463,0.8151485244941713,-1.689,2.242,315.11431600000003,-0.407695278969957,0.5940689269585743,-1.609,0.761,241.916132,1.1216523605150213,47.92929942985009,-158.97,160.62,1071089.7451,-8.779270386266095,137.22115440643634,-270.85,217.08,8810531.8952,-10.270708154506435,163.0701958600182,-305.98,304.88,12440977.3203
bye_bye,nav,9,0.2670985010706638,0.6524303591918325,-1.233,1.164,232.10226100000003,-0.1468329764453961,0.6856937451559251,-1.581,1.307,229.640635,-0.3960663811563169,0.6275175094892554,-1.637,0.668,257.152057,-0.681927194860814,53.50762437347785,-204.32,210.43,1337268.926,4.010985010706637,145.75388638691055,-313.52,325.97,9928552.3467,1.4110278372591003,143.9924919356811,-274.94,321.18,9683632.0185
bye_bye,nav,10,-0.2106860215053762,0.7717809207213844,-2.086,1.18,297.615991,-0.2377720430107526,0.4864022890008727,-1.774,1.361,136.30207,-0.3316559139784946,0.560306626779848,-1.783,1.234,197.13171,7.872387096774193,69.33970048488835,-226.36,334.48,2264535.3719999995,-9.945268817204305,127.29030022756844,-272.59,301.71,7580303.9403,-1.9049892473118284,608.8355686577859,-12921.45,367.44,172368236.0708
bye_bye,nav,11,-0.0344756871035941,0.7659126462956504,-0.909,1.404,278.034487,-0.1601522198731501,0.5565446953936038,-1.421,1.201,158.639816,-0.3650782241014799,0.5060739070311951,-1.8,0.843,184.182846,-3.6638054968287537,64.07819895149233,-208.35,200.42,1948494.6714,22.853128964059195,126.52576950810304,-336.07,268.23,7819179.9585,-25.463763213530655,92.7081994852676,-254.62,141.21,4372039.9802
bye_bye,nav,12,0.5279635974304068,0.4907955661516127,-0.866,1.077,242.665271,0.0368586723768736,0.6026372531028591,-1.881,1.04,170.23561299999997,-0.459051391862955,0.5000547695197757,-1.49,0.539,215.185639,-4.432890792291219,50.64847227598987,-195.59,158.79,1207156.8295999998,26.004496788008566,103.5593856087365,-190.4,208.23,5324164.353800001,-23.714368308351176,99.24780672756783,-266.76,138.77,4862636.7549
bye_bye,nav,13,0.5260491452991453,0.5208644726479152,-0.859,1.139,256.476871,-0.0188205128205128,0.5671421438881932,-1.308,1.242,150.69807,-0.3977307692307691,0.670448144034704,-2.226,0.839,284.399144,12.75147435897436,50.35513064453289,-106.3,185.58,1262775.9833,16.857820512820513,145.38030845579752,-363.78,251.5,10024382.2532,-27.15570512820513,102.74877608050257,-257.12,151.07,5285939.867699999
bye_bye,nav,14,0.4864141630901287,0.594144238109935,-1.743,1.142,274.756449,-0.0930944206008583,0.5427595517343875,-1.725,1.086,141.316598,-0.3609227467811158,0.603757954690191,-1.55,0.758,230.571626,0.6198927038626615,59.48139251898085,-268.17,176.31,1648903.8705000002,13.729163090128758,140.80267879613135,-368.3,253.0,9326470.0723,0.7012446351931305,129.3193330454084,-275.92,404.89,7793375.445799999
bye_bye,nav,15,0.5818269230769231,0.5606033436693609,-0.923,1.25,305.509781,-0.0225128205128205,0.5245132153563891,-1.502,0.894,128.99059999999997,-0.3009273504273504,0.5942973038137815,-1.37,0.977,207.673388,0.9586111111111112,40.56709708906198,-119.08,124.36,770612.6850999999,12.380897435897436,119.5372510496659,-251.78,230.08,6759062.3926,-28.258034188034188,98.2908362427443,-307.5,125.31,4895095.1332
bye_bye,nav,16,0.2262660944206008,0.670958936790468,-1.296,1.259,233.644124,-0.0573690987124464,0.5801577566183388,-1.4,1.295,158.381394,-0.4257038626609442,0.7242723492636086,-2.041,0.977,328.900104,12.811952789699568,51.7511590490958,-184.79,142.74,1324525.1263,1.4123175965665238,179.75166489225802,-382.03,337.57,15057697.5434,-1.235321888412017,118.53309306659898,-261.73,237.83,6548055.0002
bye_bye,nav,17,-0.1917584745762711,0.7455526395068555,-1.098,1.342,279.71666400000004,-0.1661080508474576,0.60942139391304,-1.641,1.492,188.321543,-0.2679724576271187,0.5972138216900953,-2.153,1.074,202.239533,-1.0517161016949153,47.754673431560555,-229.96,183.08,1076922.2523,17.744724576271185,132.41796722496514,-386.43,250.04,8424913.6349,-29.01504237288136,113.46493273141252,-301.34,206.55,6474029.2398
bye_bye,nav,18,0.4736316916488222,0.5409101827522396,-0.881,1.309,241.39734600000003,-0.0709957173447537,0.6681896376363629,-1.507,1.319,210.858805,-0.2959036402569593,0.7207601754699643,-1.757,0.969,283.494309,-3.3577730192719493,53.10899945280288,-206.37,167.49,1322469.496,1.3225910064239812,156.53669972687206,-399.46,252.02,11444062.7131,-12.488907922912205,138.2289213466778,-325.11,322.73,8995917.9108
bye_bye,nav,19,0.5874797441364606,0.5770890724698516,-1.0,1.171,318.059032,-0.0281471215351812,0.514746491621559,-1.704,0.909,124.639663,-0.2969360341151385,0.5634705587120158,-1.475,1.128,190.259267,-1.35496801705757,52.32846486601264,-163.37,246.89,1285108.8574,9.231151385927506,102.27312034421834,-202.46,194.22,4945607.4861,-33.93066098081023,98.5173885109057,-355.39,118.99,5091916.8634
bye_bye,nav,20,0.5569081196581196,0.5260608919800286,-0.854,1.155,274.662983,-0.0308824786324786,0.5170798400392853,-1.494,1.087,125.576235,-0.3686730769230769,0.6271157879509733,-1.653,1.326,247.66281499999997,-3.624081196581196,45.04717989467812,-180.43,129.15,955834.9543,13.083995726495724,128.11333209601398,-270.03,239.23,7761413.4647,-27.17388888888889,99.45858323389508,-323.1,150.61,4975041.2476
left,akshat,1,-0.5166758474576271,0.4383044937565244,-0.816,0.518,216.678567,-0.6232754237288136,0.1914940267406866,-1.361,-0.293,200.667126,-0.3565974576271187,0.2459270058308484,-1.54,0.078,88.566948,7.191313559322034,22.651794583450407,-88.17,81.82,266594.4682,21.68377118644068,65.69751211151423,-97.35,243.87,2259156.7424,-6.6710593220339,27.66279707654625,-82.61,50.81,382194.1528
left,akshat,2,0.2337176220806794,0.4362202920459421,-0.999,0.595,115.353585,-0.5413949044585987,0.2076144482563257,-1.273,-0.124,158.355947,-0.643963906581741,0.2618937418698631,-1.143,-0.027,227.623865,20.332186836518044,39.830110046835316,-142.12,174.54,941922.5148,3.2839702760084943,74.76854563732655,-84.72,265.63,2638127.4623,-31.194501061571128,39.37350927741901,-144.29,14.86,1188507.3309000002
left,akshat,3,-0.1039531914893617,0.5611618095811293,-0.811,0.687,153.083156,-0.6533510638297874,0.2022955972558004,-1.349,-0.278,219.861827,-0.4546404255319149,0.2204595501659962,-0.892,0.008,119.991155,21.896127659574464,32.05867484925236,-32.53,142.19,708383.5486000001,9.74563829787234,54.65330047767668,-71.35,144.72,1448521.5379,-4.333319148936168,50.50861545683299,-62.14,153.97,1207852.0084000002
left,akshat,4,-0.0598340425531914,0.569085954423368,-0.94,0.649,153.8963,-0.3309404255319149,0.1789997285859994,-0.792,0.304,66.53435999999999,-0.7334659574468084,0.1983804369822659,-1.268,-0.366,271.343741,19.2273829787234,39.417377113024,-115.57,135.11,904008.2811,0.7614255319148876,68.76998733590567,-130.1,140.14,2223048.7357,0.1245319148936145,41.05957248761856,-80.17,74.86,792374.8804999999
left,akshat,5,-0.0394617021276596,0.4978996669214662,-0.87,0.462,117.246813,-0.5330595744680852,0.2450768890721149,-0.879,0.022,161.78114,-0.6334212765957447,0.2035272295402454,-1.111,-0.263,208.043548,23.19087234042553,33.29191033110508,-43.92,136.63,773698.8911,-1.128574468085105,68.23882384909844,-153.51,153.02,2189171.0575,-13.464212765957448,37.53183849714809,-84.23,77.88,747264.2454
left,akshat,6,0.0097611940298507,0.4438957436658181,-0.885,0.443,92.458056,-0.4544797441364606,0.4412248049248342,-1.346,0.309,188.177417,-0.622191897654584,0.3090208580025314,-1.208,0.091,226.347208,18.596055437100212,57.19342297096336,-145.12,242.38,1696326.5263,-0.2640724946695099,72.32301336430075,-182.2,157.69,2453192.6703,-15.269296375266524,48.29892085097194,-84.51,155.16,1203424.5314
left,akshat,7,-0.0337702127659574,0.4434399985389343,-0.775,0.511,92.956346,-0.514995744680851,0.3653628042169817,-1.035,0.253,187.39398,-0.6054191489361701,0.283288892571867,-1.076,-0.113,209.988923,20.11187234042553,34.97685659003497,-68.7,104.46,765097.9158,-8.332425531914893,74.71949993902577,-120.06,165.23,2656643.5035999995,-11.417659574468084,30.89612689441186,-77.7,57.13,509918.7954
left,akshat,8,-0.0460724946695096,0.4318299819804936,-0.801,0.495,88.45330999999999,-0.5582174840085288,0.318591803643618,-1.054,0.278,193.747416,-0.6317889125799573,0.2759704802603897,-1.155,-0.107,222.92364300000003,13.37362473347548,35.38699903524714,-75.96,138.46,671182.8699,-0.9536247334754804,72.48136501392167,-94.67,186.01,2464340.6492999997,-10.736823027718552,48.442055671809435,-109.13,108.25,1154636.7873
left,akshat,9,-0.1796191489361702,0.5064084022269814,-1.163,0.471,135.694879,-0.514872340425532,0.2833436164441132,-1.514,-0.039,162.32725200000002,-0.6201021276595744,0.3008123720643192,-2.718,-0.176,223.256924,20.54921276595745,64.28337900082136,-122.5,662.53,2140672.7917,1.7962553191489337,83.15060893585144,-181.83,181.46,3251107.6407999997,-11.022297872340422,40.102298637314775,-109.32,90.79,812952.141
left,akshat,10,-0.133505330490405,0.50512604189634,-0.87,0.449,128.02573999999998,-0.4801492537313432,0.2985968520743972,-1.016,0.168,149.940888,-0.6509765458422174,0.2325354398649506,-1.047,-0.183,224.108458,16.55494669509595,35.772655073532796,-53.77,121.49,728708.3331,3.5872068230277177,73.68721766355142,-192.27,163.12,2552614.1528,-7.517867803837953,45.944019303272256,-99.64,122.56,1016497.1144
left,akshat,11,0.0212936170212766,0.435388218746313,-0.785,0.545,89.30767,-0.3690382978723404,0.3726057562586799,-0.994,0.176,129.261428,-0.730927659574468,0.243670686126791,-1.102,-0.182,279.006404,20.504148936170218,36.9517473001076,-41.35,130.56,839350.3234999999,1.360617021276597,68.19627689221538,-126.07,181.92,2186714.2265,-9.142574468085108,47.74343329214029,-125.58,125.16,1110620.3824999998
left,akshat,12,-0.2283901918976546,0.5603327590298174,-0.856,0.507,171.717259,-0.5838464818763327,0.1798767698686216,-1.098,-0.04,175.04598,-0.5466055437100212,0.1829459590566354,-0.982,-0.164,155.82377,22.41287846481876,51.21770904540177,-139.93,271.71,1465902.1044000003,10.769872068230276,63.64348443701266,-151.22,172.22,1954080.6469,4.558400852878465,30.946002876481717,-32.59,128.88,458885.5987
left,akshat,13,0.1271153846153846,0.3865858607244082,-0.768,0.64,77.504052,-0.4645982905982905,0.350820754627516,-1.264,0.11,158.61773,-0.7059444444444445,0.2426468387730853,-1.063,-0.2,260.786002,14.960811965811963,42.00674876821288,-39.12,215.86,930567.8476,-7.489038461538462,69.69801434754059,-128.36,160.68,2299704.6857000003,-28.70282051282051,52.812547688279146,-134.07,174.05,1690892.0022
left,akshat,14,-0.1035425531914893,0.5478637869400474,-0.896,0.6,146.111621,-0.5510510638297872,0.2952441931058053,-1.489,-0.083,183.688412,-0.6044978723404256,0.2924725173409091,-1.216,0.006,211.95019,17.9378085106383,38.33426202755668,-50.81,188.27,841901.8911,2.5716595744680837,80.83630931211084,-176.06,227.06,3074327.498,-6.260765957446807,45.712836190776855,-102.91,153.05,1000564.474
left,akshat,15,-0.0562659574468085,0.5107916420685268,-1.085,0.479,124.114761,-0.441968085106383,0.4185753459749335,-1.644,0.341,174.15432099999998,-0.6962872340425532,0.4076449284725259,-1.503,0.469,305.965441,17.523446808510638,44.680227804143406,-64.7,198.19,1082595.154,1.0149148936170207,90.9129386520668,-186.99,359.78,3885110.4593,-10.622765957446807,65.63774406194175,-235.88,139.81,2077943.603
left,akshat,16,-0.1291617021276596,0.5193943807826497,-1.252,0.468,134.633036,-0.5593808510638297,0.4422752556507969,-3.097,0.238,239.001739,-0.5793404255319149,0.475351694060963,-2.267,0.906,263.94944399999997,21.41904255319149,84.11368869127966,-204.63,870.66,3540927.3643,-4.439404255319148,101.03591303615435,-201.82,281.35,4807143.0956,-7.686127659574467,79.64508575018246,-170.6,315.99,3009135.6339999996
left,akshat,17,0.1974080338266385,0.4332976806077137,-1.034,0.48,107.237052,-0.4458287526427061,0.225713588317802,-1.256,-0.151,118.112783,-0.6828668076109936,0.3064667867007722,-1.242,0.275,264.988302,11.562177589852013,40.19845188758812,-104.19,154.88,827560.5563,6.710042283298096,72.86164416394303,-127.45,274.82,2532368.1447,-20.837589852008456,33.515351335823745,-139.01,52.46,736689.897
left,akshat,18,-0.3958382978723404,0.4587372346432831,-0.95,0.506,172.55007,-0.511404255319149,0.2804948256491281,-1.374,0.301,159.89948,-0.5428,0.2830858271477308,-1.309,0.122,176.14163000000002,-7.793957446808509,26.094485935797017,-97.84,65.95,348583.94539999997,8.067914893617024,45.72442809936536,-92.53,120.4,1013232.8506,-18.584425531914896,47.80455484385272,-138.31,94.0,1236408.478
left,akshat,19,-0.0221577825159914,0.4308137545345423,-0.844,0.476,87.276894,-0.4686886993603411,0.4589354757433224,-1.507,0.276,201.806417,-0.6028848614072495,0.335246126631081,-1.156,-0.033,223.178397,20.98639658848614,48.07480106746576,-61.28,230.45,1290507.5942000002,4.663731343283584,63.52289048950026,-88.35,221.47,1902689.8549,-10.868422174840084,63.8143700761364,-136.23,144.08,1965295.9251
left,akshat,20,-0.1372430703624733,0.5120377998814318,-1.01,0.447,131.797615,-0.4696119402985074,0.3251993561873681,-1.431,0.396,153.03000799999998,-0.6532004264392324,0.2744309140147704,-1.229,-0.181,235.430085,17.235991471215353,54.19388489535604,-239.91,225.56,1516772.5276,-7.521663113006398,55.64803798101038,-142.7,140.2,1478888.1076,-7.904584221748399,59.76144716502297,-94.73,192.24,1704305.2059000002
left,nav,1,0.2743601895734597,0.6241018404317487,-1.111,1.064,196.135734,0.218063981042654,0.2854417432637025,-0.373,0.946,54.450191,0.4138791469194312,0.6090735230533177,-0.72,1.397,228.836465,17.743199052132702,48.99462134086542,-186.96,126.9,1145854.0819,-2.829052132701423,63.697511878257025,-179.75,107.55,1715588.9063999995,36.64841232227488,73.91629652538771,-104.28,253.24,2872437.9575000005
left,nav,2,0.07784,0.4804353298464902,-1.063,0.544,100.67279800000004,0.3783764705882353,0.1556022362209329,-0.296,0.852,71.136844,0.7917129411764706,0.1841241843004081,0.281,1.277,280.80221599999993,24.528917647058822,36.58590688172051,-48.22,166.63,824583.4629,-6.065035294117645,55.637658220784886,-148.78,75.26,1331241.8078,34.48129411764706,63.77906693262177,-99.34,167.58,2234109.8347
left,nav,3,-0.2414142857142857,0.4273099909519398,-1.098,0.475,101.167368,0.2983214285714285,0.2267417642077754,-0.581,0.947,58.971151000000006,0.8271476190476191,0.2077276653951551,0.346,1.322,305.476066,34.73621428571428,54.73724707921677,-101.41,213.35,1765163.7363,5.490095238095237,68.231573486672,-172.92,175.15,1967989.2818,10.39895238095238,86.40295936756982,-149.24,199.35,3180916.0312
left,nav,4,-0.369255980861244,0.4070761646814869,-1.201,0.244,126.26149099999998,0.2130478468899521,0.2939419556796226,-0.835,0.817,55.088746,0.7818779904306221,0.2896513197407195,0.052,1.347,290.606591,32.93272727272728,43.802077808172285,-123.08,143.35,1255331.9762000002,2.9147368421052646,59.8816471516992,-142.16,135.17,1502420.475,17.710909090909094,91.535359560616,-134.92,207.22,3633422.5106
left,nav,5,-0.566677033492823,0.3788034277048725,-1.203,0.121,194.20902700000005,0.2353732057416268,0.2621022380780307,-0.442,1.275,51.873018,0.7181028708133971,0.2667234046443241,0.311,1.439,245.28787900000003,42.689114832535886,54.880734014432505,-77.58,253.76,2020718.7953,6.752631578947369,67.17956376259944,-192.85,119.72,1905533.181,19.697703349282296,84.71836022562462,-126.77,185.03,3162253.632
left,nav,6,-0.5108181818181818,0.3757079129345964,-1.207,0.233,168.07431000000005,0.2758253588516746,0.2889997940894126,-0.322,0.953,66.713013,0.7368708133971292,0.2439470343325072,0.313,1.378,251.840298,34.18478468899522,50.31806542116619,-74.4,177.62,1546812.0146,11.812344497607656,67.21035235647349,-207.92,107.3,1946526.9116,8.770143540669853,95.08168032776182,-178.87,160.31,3811090.485
left,nav,7,-0.5433436754176612,0.3826652185353486,-1.199,0.123,185.053453,0.2221097852028639,0.2970956426519414,-0.451,0.781,57.653804,0.7044224343675418,0.2860908455494519,0.292,1.587,242.20669499999997,34.63849642004774,59.42611482368317,-141.0,227.48,1982409.9055,7.123460620525063,68.27787546489887,-167.7,131.96,1974584.4151,21.738973747016704,94.96741185386314,-139.53,238.96,3976893.3711
left,nav,8,-0.4940501193317422,0.3757632993706593,-0.957,0.797,161.433819,0.3148878281622911,0.2367218327086948,-0.226,0.854,65.02526799999998,0.7267374701670644,0.2423322396455801,0.244,1.172,245.899479,46.735393794749406,53.704812249324,-41.2,188.45,2123661.2306999997,9.139809069212408,67.87343809627512,-170.11,139.87,1965252.338,10.72439140811455,88.97045287494502,-130.5,182.32,3364885.9494000003
left,nav,9,-0.5194486873508353,0.3721175541375632,-1.235,0.149,171.077035,0.3170286396181384,0.2493438628646566,-0.19,0.786,68.162719,0.7068782816229118,0.2232946659857053,0.333,1.203,230.256176,40.1645584725537,60.19415588616567,-43.52,323.47,2194105.2991000004,8.393866348448691,66.05436805923804,-152.07,111.88,1857693.7069,13.993651551312658,91.93633708778935,-164.8,204.9,3623559.079199999
left,nav,10,-0.4744976076555024,0.3641221550169407,-1.096,0.162,149.532362,0.2644090909090909,0.3008873521325484,-1.042,0.838,67.066163,0.7502105263157894,0.2304344216134306,0.373,1.235,257.452828,42.81196172248804,59.51770186981823,-122.47,229.83,2246842.3372,16.429186602870814,71.27403675006342,-184.67,134.56,2236260.9116,9.598588516746414,93.8079953396005,-132.54,227.12,3716886.4685
left,nav,11,-0.5779428571428571,0.3616589376897581,-1.238,0.119,195.222356,0.2924452380952381,0.1985410101601669,-0.22,0.835,52.475955000000006,0.6894309523809523,0.2391428791768589,0.321,1.299,223.651829,36.67976190476191,41.29489745881187,-34.39,170.02,1281282.8656,-4.765357142857145,55.00565688758161,-170.14,120.85,1280298.9857,10.171476190476197,86.35511021750828,-183.69,163.12,3175478.8752
left,nav,12,-0.4241172248803828,0.4370782430693016,-1.452,0.177,155.04155500000002,0.287133971291866,0.2609121215308725,-0.749,0.924,62.9178,0.7321244019138755,0.249424224674163,0.056,1.154,250.05536800000004,37.90299043062201,68.7096273587263,-288.55,230.57,2573897.5225,7.685502392344498,68.20555726955797,-223.79,125.25,1969225.1656000004,7.207320574162679,88.63032083215714,-181.04,127.26,3305242.7226
left,nav,13,-0.4065966587112171,0.4014508854759898,-1.031,0.418,136.796652,0.2999331742243437,0.2278021381595605,-0.368,0.887,59.436710000000005,0.7557231503579953,0.2667036554343718,0.188,1.27,269.102046,35.1499522673031,49.48723276442419,-83.56,234.17,1543807.7421,4.838496420047739,63.02657671712451,-153.45,91.43,1674223.6161,15.487398568019088,90.48886360448252,-135.17,200.38,3531371.3653999995
left,nav,14,-0.4156244019138757,0.3949817754595982,-0.993,0.382,137.419275,0.3599760765550239,0.307208732247792,-0.406,1.804,93.615272,0.721956937799043,0.2664031607895469,0.253,1.826,247.53645,36.707033492822966,63.22140022352999,-141.03,282.85,2233939.0332000004,3.0743062200956905,65.01250400247463,-154.67,146.61,1770680.2007999998,12.143253588516744,89.6559945929309,-179.85,200.78,3421604.1972000003
left,nav,15,-0.4511199040767386,0.3838297484443826,-1.015,0.085,146.297963,0.2745779376498801,0.2103637463923532,-0.564,0.699,49.892361,0.7460047961630696,0.1895662092748055,0.304,1.148,247.055196,45.26942446043166,56.307856543662325,-124.3,197.12,2176696.4233,7.180311750599521,61.25706938226225,-147.86,117.31,1586261.9227,3.153549160671469,70.20716928532396,-125.34,119.57,2059559.4519
left,nav,16,-0.3209401913875598,0.4471320772535272,-1.045,0.507,126.624615,0.3315478468899521,0.2109669555241183,-0.181,1.374,64.552171,0.7625358851674642,0.2181252765546977,0.334,1.17,262.938558,38.65839712918661,56.156630727844885,-110.32,213.93,1942880.2365,15.302751196172249,67.60017769037765,-155.89,116.89,2008054.5351,14.588157894736844,79.25883878504666,-111.3,194.68,2714817.1523
left,nav,17,-0.3902685851318945,0.4087555833291997,-1.006,0.246,133.18592,0.3207026378896883,0.2299906531679065,-0.159,0.858,64.946033,0.7378489208633093,0.2276287286050806,0.25,1.325,248.630357,43.71832134292566,57.148745496383455,-59.97,226.45,2158921.8956,15.136714628297362,62.75289308394772,-136.66,138.49,1737658.0653,15.10995203836931,77.11624685819521,-105.62,151.59,2575069.3170999996
left,nav,18,-0.4013794749403341,0.3892428997379182,-1.064,0.204,130.985902,0.2986109785202864,0.2206692769913225,-0.268,0.814,57.76478399999999,0.7653747016706444,0.2212028096288098,0.36,1.252,265.95149999999995,35.15923627684965,50.16770078250907,-78.62,172.0,1572494.4708,10.126109785202866,57.83484943328927,-175.18,88.02,1444463.9136,16.226109785202862,93.5258463575437,-127.41,187.57,3775345.2712
left,nav,19,-0.5106420047732697,0.3691670308416233,-1.378,0.229,166.35957299999998,0.2467326968973747,0.3797661008009373,-0.868,1.31,85.93661300000001,0.7986992840095465,0.2958833468040321,0.186,1.751,303.97088299999996,45.07684964200477,48.40612550345905,-110.32,192.85,1833156.5758,25.05792362768496,76.54715198849827,-201.42,191.69,2718206.3599,11.85329355608592,113.28390889254082,-149.94,286.97,5435998.979900001
left,nav,20,-0.6538744075829384,0.3235943804967942,-1.033,0.128,224.615857,0.1874241706161137,0.3004486103689837,-0.559,1.017,52.917613,0.6728696682464456,0.303751558152357,0.024,1.383,229.997849,32.80815165876777,42.40404525431042,-109.62,176.15,1213029.6608,5.626587677725113,72.15399959496611,-188.97,165.35,2210376.1378,23.21023696682464,93.73350942202816,-141.12,274.97,3935017.445
one_arm_boxing,nav,1,0.0076279069767441,1.1863762300472818,-4.0,2.671,665.76961,-0.2744587737843552,0.5041434270358421,-3.939,1.426,155.847925,-0.4427082452431289,0.2685701066652288,-2.416,0.456,126.820993,1.3266596194503175,94.53645996118092,-236.06,313.88,4228100.7820999995,-6.181035940803383,39.33630565904044,-129.52,86.61,749965.2201,-1.028562367864694,153.1033391125245,-410.14,555.07,11087919.5535
one_arm_boxing,nav,2,0.4867974413646055,1.11836853051998,-4.0,2.019,697.7406420000001,-0.4228784648187633,0.71913911763792,-3.958,1.054,326.418028,-0.4441215351812367,0.2579026364296948,-1.842,1.022,123.702365,1.191812366737738,113.72644370497754,-318.31,271.13,6066573.3504,-6.545181236673774,38.54421088807256,-184.67,93.97,716864.4319000001,-14.31377398720682,183.5916890990061,-251.72,647.36,15904161.650600003
one_arm_boxing,nav,3,0.4684453961456102,1.2273159372220823,-4.0,2.87,805.923148,-0.4616638115631691,0.7434891269131975,-4.0,1.622,357.679763,-0.3867516059957173,0.2708424369750531,-1.516,0.379,104.109445,0.2254603854389716,117.365125818562,-354.26,452.56,6432749.2169,-9.536381156316915,41.88990860329754,-264.99,95.8,861945.1729,7.51423982869379,194.1649185626468,-289.86,679.4,17632275.8801
one_arm_boxing,nav,4,0.4745481798715203,1.2474533472937646,-4.0,3.084,831.883832,-0.3766231263383298,0.6771716903586581,-4.0,1.454,280.389825,-0.4782997858672376,0.3268981598547816,-2.123,1.157,156.740654,-4.791541755888654,115.28651896661133,-265.82,501.21,6217610.1331,-9.006359743040683,53.52100913537079,-181.95,112.77,1375601.2405,5.047451820128478,194.60471747170823,-326.52,661.98,17697652.8126
one_arm_boxing,nav,5,0.5268094218415417,1.3083916062752827,-4.0,2.641,929.057628,-0.3573511777301927,0.8840219851622577,-4.0,1.903,424.593941,-0.4485524625267665,0.3577003263612527,-2.792,0.827,153.712506,3.1010706638115626,135.8925104637429,-772.21,654.13,8628474.615400001,-11.234839400428266,51.647294069653334,-211.92,140.26,1304641.3687,-0.2294004282655243,215.35836871118937,-402.36,925.63,21659123.5725
one_arm_boxing,nav,6,0.5094745308310992,1.393629216873498,-4.0,2.286,821.258976,-0.3347828418230563,0.8964713988344063,-4.0,1.867,341.57121400000005,-0.468426273458445,0.520227768281812,-3.741,2.414,182.792419,2.0348257372654155,141.78287830883528,-541.55,813.81,7499733.861299999,-14.358927613941018,70.63466413076567,-248.51,275.43,1937897.098,-4.723806970509385,227.966439146046,-502.73,921.69,19392647.375
one_arm_boxing,nav,7,0.4016659574468085,1.1411849856155205,-4.0,2.162,687.9101949999999,-0.4412127659574468,0.6551863998591809,-4.0,1.55,293.25082399999997,-0.4050829787234042,0.3212368178066322,-2.245,1.463,125.624097,6.477446808510638,97.53377977121536,-413.34,515.52,4490753.891399999,-2.2068085106382984,43.67949821463704,-108.4,199.35,899001.227,-27.25010638297873,183.14194678709575,-490.89,974.33,16113264.2563
one_arm_boxing,nav,8,0.5160598290598291,1.2008199107105717,-4.0,2.407,799.477944,-0.3769059829059829,0.6880600964225372,-4.0,0.958,288.046894,-0.4256538461538462,0.2859180143795518,-2.269,1.004,123.051384,1.845726495726496,133.40903864589131,-336.92,629.38,8331045.043799999,-16.25638888888889,44.85802010725376,-153.42,110.57,1065407.6851,-4.0360683760683775,198.70364745385376,-382.03,602.8,18485732.9402
one_arm_boxing,nav,9,0.4748755364806866,1.2831158568521388,-4.0,2.898,872.3021740000002,-0.4448347639484978,0.7537422606195227,-4.0,1.26,356.95849899999996,-0.4315150214592275,0.3902904948563494,-3.057,1.751,157.755858,-4.7177253218884125,134.57790553877527,-807.03,575.88,8450196.829599999,-10.95551502145923,50.0014825043393,-188.12,149.88,1220999.9479,11.670171673819745,195.0022965870388,-344.25,755.55,17783533.2788
one_arm_boxing,nav,10,0.2774166666666667,1.1971873641731678,-4.0,1.774,706.781833,-0.5645555555555555,0.6047565688748995,-3.579,0.619,320.32423,-0.5196645299145299,0.3416556731539567,-2.386,1.31,181.01295699999997,-2.1150854700854693,135.81364911248463,-296.64,670.55,8634516.168,-11.979294871794872,54.863319021687374,-200.17,83.32,1475832.0469,11.11965811965812,198.87767291711216,-436.05,606.25,18568356.5722
one_arm_boxing,nav,11,0.4194978632478633,1.001882468538433,-4.0,1.85,552.121567,-0.4681880341880342,0.5962846174311597,-4.0,1.063,268.985518,-0.5049358974358974,0.313531184387086,-2.458,0.727,165.32664599999998,8.247820512820514,111.50752773807866,-390.64,544.69,5850915.0736,-4.6179487179487175,43.47439082676207,-155.86,115.76,894510.9146,-10.352136752136753,182.1921455782097,-262.09,573.75,15584935.694199998
one_arm_boxing,nav,12,0.4142398286937901,0.9857791135358278,-3.92,1.905,533.9468299999999,-0.5075717344753747,0.5844532875110128,-3.93,1.248,279.83327,-0.4650235546038543,0.2685288844013144,-1.655,0.274,134.66163,3.6260599571734464,105.28236489722232,-255.75,498.83,5182544.0205,-19.491927194860818,43.67833062637963,-137.97,81.73,1068370.7469,-2.7982398286937906,184.76520856368697,-377.24,552.11,15946187.810284
one_arm_boxing,nav,13,0.3170643776824035,1.215520353495199,-4.0,1.982,735.35711,-0.4560944206008583,0.7403678760880427,-4.0,0.793,352.373688,-0.5560450643776824,0.3641171757987957,-2.135,0.648,205.863623,2.896716738197425,146.7483575554724,-515.37,618.34,10039257.6785,-11.026630901287554,41.90639272861254,-177.62,83.35,875023.2707,7.738884120171672,217.68009875609428,-362.74,594.59,22109144.3264
one_arm_boxing,nav,14,0.4410128479657387,1.180020736146797,-4.0,1.966,741.101573,-0.4000899357601712,0.7450878082606274,-4.0,0.683,334.011382,-0.5369635974304069,0.3242127555794503,-2.21,0.858,183.738262,5.747323340471092,113.33888208651682,-352.34,455.82,6014368.7398,-12.030192719486084,33.35326247193437,-92.01,100.47,587096.3606,11.09201284796574,201.40928605137785,-356.85,602.19,19001638.4309
one_arm_boxing,nav,15,0.4100363247863248,1.003968248704612,-3.067,2.064,550.406391,-0.5487200854700854,0.5449282128115055,-2.883,0.599,279.882949,-0.4223824786324786,0.28391656614331,-1.395,0.438,121.219289,4.097756410256411,104.35665284719788,-224.65,417.34,5104524.0172999995,-12.248504273504276,44.093852110205205,-111.39,80.81,980129.4286,4.958162393162392,164.9501597907661,-280.59,465.01,12745108.8598
one_arm_boxing,nav,16,0.3653591397849462,0.9236688288706169,-2.757,1.497,458.792904,-0.5406559139784947,0.3817702088396867,-1.808,0.144,203.696649,-0.4835483870967741,0.2403681994661582,-1.762,0.302,135.59210000000002,3.9592043010752698,117.36202359527384,-307.05,416.85,6412126.744700001,-11.243010752688171,44.726798379729345,-127.9,85.02,989004.6796,-0.8898494623655928,166.4579222809322,-272.56,404.55,12884699.7508
one_arm_boxing,nav,17,0.4548865096359743,0.969661062425956,-3.411,2.303,535.725734,-0.4428929336188437,0.5188439435777634,-3.319,0.52,217.319939,-0.524083511777302,0.2904724341410118,-1.49,0.871,167.670635,6.701755888650963,114.70649649911294,-274.67,556.51,6165564.6378,-13.315374732334048,53.20303633221174,-167.42,127.63,1404671.6844,-10.372456102783726,166.4951935802829,-288.92,429.27,12995786.833549
one_arm_boxing,nav,18,0.4858501070663811,0.908689989971674,-2.457,1.98,495.845574,-0.4352184154175589,0.5033073477923947,-1.973,0.646,206.756477,-0.5051327623126338,0.2427797962833317,-1.247,0.078,146.68523100000002,6.081134903640256,111.82957054262704,-220.1,374.92,5857503.0341,-7.421134903640256,36.88799743568058,-93.05,80.57,661177.4783000001,-4.972719486081371,169.89235805779307,-342.02,453.78,13490761.971
one_arm_boxing,nav,19,0.4515655913978494,1.0547858063657625,-3.319,1.714,612.16533,-0.3692967741935484,0.5170907597903505,-3.024,0.388,187.749777,-0.5242494623655913,0.250590309788559,-1.32,0.003,156.999346,-5.826516129032256,100.51289727714268,-189.37,271.0,4713607.7263,-16.142107526881723,57.032307824367265,-118.29,95.55,1633662.0736000002,13.216881720430106,180.48753218297972,-348.12,489.52,15228952.3847
one_arm_boxing,nav,20,0.4586895074946466,0.9617781266156836,-2.429,1.748,530.237978,-0.3736680942184154,0.3956934540003995,-2.296,0.246,138.325939,-0.5484282655246252,0.2608321239579709,-1.344,-0.018,172.23284999999998,-3.36130620985011,101.39970594612082,-196.72,266.46,4806923.814100001,-16.956659528907924,65.33939761018469,-132.82,128.18,2128009.3402,16.67389721627409,156.91965741249962,-285.65,402.39,11629139.5403
pull,akshat,1,-0.3429323467230444,0.6813961228126658,-0.994,1.11,275.240247,-0.2759873150105708,0.2221329902968109,-1.114,0.829,59.367206,-0.4906427061310782,0.2333273821631217,-0.963,-0.023,139.616324,15.847928118393234,38.76308206288376,-38.58,184.61,829515.8777000001,11.02799154334038,64.23876301389959,-203.07,145.05,2009415.2832,-1.2668498942917523,55.46252014865197,-128.39,223.09,1455750.2315999998
pull,akshat,2,-0.2982042553191489,0.6502789685997609,-1.199,0.957,240.540602,-0.2993765957446809,0.2651525628386428,-0.872,1.12,75.168147,-0.5857212765957447,0.2279537863169696,-0.955,-0.211,185.665201,1.7964468085106384,22.157664970598734,-43.4,94.67,232268.9889,39.84429787234043,46.49522542218941,-42.24,133.67,1762205.8082,-18.68323404255319,39.09082061494078,-120.4,150.12,882263.0806000001
pull,akshat,4,-0.1393953991596638,0.6879399636175147,-0.847,0.845,234.5216161241,-0.2930567226890756,0.3331285096256303,-0.675,0.853,93.703859,-0.5377289915966387,0.1918527317295544,-0.922,-0.294,155.156931,0.6129411764705882,17.907112166382298,-58.08,96.59,152815.2128,21.083991596638658,37.38063730049992,-8.45,142.92,876719.0514,-19.498697478991595,37.83320262669438,-146.92,35.55,862298.002
pull,akshat,5,0.2275557894736842,0.6297436692756806,-1.041,0.772,212.970395,-0.1988105263157894,0.3744741743533427,-1.414,0.176,85.38435299999999,-0.6418799999999999,0.1662779420760692,-1.079,-0.069,208.837687,12.39717894736842,53.75380571730985,-63.14,282.48,1445501.7956,8.327768421052632,52.96065301780829,-140.42,129.98,1365236.6851,10.152568421052637,68.01757717820216,-147.77,275.8,2246496.0891
pull,akshat,6,0.3726829787234043,0.5546586601548238,-0.88,0.811,209.873251,0.0332404255319149,0.3884090403441911,-0.652,0.887,71.42425899999999,-0.6378063829787233,0.1554082433042634,-1.211,-0.255,202.545891,1.179085106382979,22.910355509867184,-58.6,125.83,247349.07670000003,22.827340425531915,41.38699299670903,-43.49,161.11,1049966.2103000002,-19.351893617021275,39.29412434055263,-138.22,25.45,901706.2773
pull,akshat,7,-0.0119978678038379,0.6801208079659742,-1.187,0.865,217.010175,-0.1596162046908315,0.4666930316066452,-1.475,1.09,114.098188,-0.5586439232409383,0.2196422150535927,-1.12,-0.211,168.99277,5.663795309168442,40.174416077036014,-81.42,181.62,772003.2113999999,8.943646055437103,62.71160132254337,-180.97,137.61,1881972.1265,3.4942857142857173,73.75438827876384,-140.84,277.11,2556950.397
pull,akshat,8,0.3102869198312236,0.5985694778275243,-0.868,0.768,215.463048,0.0065358649789029,0.4475855336079774,-0.793,0.515,94.978,-0.5844029535864979,0.1451747530957914,-0.933,-0.239,171.873595,-4.5437974683544295,14.966368694788594,-82.09,32.23,115958.5482,20.973438818565405,34.982965556150276,-8.33,125.95,788590.4891,-20.5531223628692,35.09515687730162,-152.47,6.87,784043.8148
pull,akshat,9,0.2261286919831224,0.635277159935932,-0.907,0.795,215.533135,-0.0616708860759493,0.4410194525265408,-0.685,0.474,93.99489,-0.5787447257383966,0.152871848041616,-0.858,-0.226,169.841433,-2.004957805907172,12.254583216427486,-73.34,42.6,73088.27150000002,21.459029535864985,35.67850950373923,-7.14,136.57,821653.3988000001,-19.65487341772152,32.26693629938445,-121.8,4.39,676620.4137
pull,akshat,10,0.3220652631578947,0.6012444550165004,-0.882,0.839,220.97994100000005,-0.0587831578947368,0.3780943314912526,-0.606,0.465,69.54512199999999,-0.6198778947368421,0.134569073774848,-0.943,-0.218,191.119784,-1.130168421052632,10.609069743089618,-46.3,28.11,54069.0797,21.87934736842105,34.08940232597945,-6.5,117.62,779376.7662999998,-19.19364210526316,27.96717046068791,-88.75,13.12,546515.2973999999
pull,akshat,11,0.2846582278481012,0.5521735086127704,-0.897,0.844,182.928872,-0.2452805907172996,0.419057586652833,-0.828,0.556,111.75584700000002,-0.6076160337552743,0.1615455032377454,-0.888,-0.133,187.369448,-4.120105485232067,15.740529889825869,-57.25,68.27,125486.5469,20.93181434599156,30.25215678888093,-3.69,100.68,641480.2412,-22.806350210970468,41.38223030724959,-169.8,9.22,1058261.2141000002
pull,akshat,12,0.2872447257383966,0.6090252494398771,-0.868,0.828,214.92169,-0.0728270042194092,0.3884416442668447,-0.623,0.705,74.034384,-0.6051645569620252,0.1800301027603695,-0.942,-0.18,188.95298000000005,-4.815063291139241,12.572047173936054,-44.43,33.23,85908.33099999999,23.442088607594936,28.93570149771981,-19.84,90.37,657346.2049,-19.75611814345992,30.90773891787586,-108.25,24.78,637810.8588
pull,akshat,13,0.2950382165605095,0.6119261631216163,-0.946,0.86,217.367055,-0.0474055201698513,0.4919320667236624,-1.475,0.746,115.039132,-0.5453842887473461,0.1888168404661045,-1.0,-0.103,156.88813199999998,15.11552016985138,61.81834771248256,-111.64,344.4,1907543.9071,18.731316348195328,48.75885080706055,-105.81,133.34,1285023.5275,27.441422505307855,580.0234839201131,-125.77,12486.0,158811908.85049996
pull,akshat,14,0.1227218683651804,0.600468855320301,-1.262,0.746,176.91867,-0.3166539278131635,0.4796637458770217,-1.335,0.571,155.59344599999997,-0.5827834394904459,0.1782960985246286,-0.964,0.067,174.941663,17.063142250530788,55.62245549893817,-117.65,246.74,1594338.9466,9.575987261146496,50.92944471619169,-114.2,117.16,1264874.2073,8.25832271762208,91.20806959930538,-186.25,317.03,3950329.6833
pull,akshat,15,0.2452936170212766,0.6212987212469436,-1.131,0.815,209.705098,-0.0972382978723404,0.5253131169823371,-1.373,0.928,134.142304,-0.5177765957446808,0.1862110764271441,-0.964,0.077,142.300569,15.112829787234045,57.71421116959388,-71.66,308.18,1672884.0636999998,11.174787234042553,52.24027455307124,-127.32,142.09,1341343.4129,-3.060425531914893,87.07690021646548,-145.45,320.11,3568123.7952
pull,akshat,16,0.1883326226012793,0.6177078202482901,-1.179,0.818,195.588068,-0.2190554371002132,0.5272128925082742,-1.766,0.623,152.86525899999998,-0.5576098081023454,0.1897399049899418,-0.857,-0.046,162.710137,12.966631130063966,56.78648353166142,-162.76,267.37,1591241.1321,12.484733475479745,49.17082002339715,-123.02,131.57,1207036.2744,3.0181876332622575,90.69856506482158,-147.1,364.82,3862374.0666999994
pull,akshat,17,0.0337936170212765,0.6891306842386701,-1.39,0.82,223.740261,-0.2164361702127659,0.5390986559242893,-2.062,1.173,158.611829,-0.4726106382978723,0.2302779714652397,-0.823,0.149,129.902717,15.428382978723402,81.56187626021958,-112.31,406.75,3238476.0904,18.820893617021277,45.32375734703062,-131.57,136.05,1131980.4378,-1.0228085106383005,88.8932348441007,-126.47,388.62,3714435.069
pull,akshat,18,-0.1956284501061571,0.6840105038533211,-0.877,0.973,238.392345,-0.2038110403397028,0.3105015194706941,-0.518,1.069,64.974513,-0.6056560509554141,0.25028115095395,-1.251,-0.205,202.275616,-5.310254777070063,19.18537502362371,-91.83,70.93,186646.6651,38.46940552016985,48.132905245526494,-14.74,177.22,1788232.3841,-17.331740976645435,31.723774034739577,-122.65,37.26,615496.7167
pull,akshat,19,-0.0159637526652451,0.727095443070797,-1.338,0.994,248.064711,-0.1491236673773987,0.370143523213283,-1.348,0.773,74.68548100000001,-0.5516886993603412,0.2939541126820658,-1.265,0.068,183.270868,11.9863539445629,50.741357272731555,-84.05,270.64,1274909.9108000002,11.007121535181236,80.42791239187078,-240.15,160.89,3090618.9277999997,5.507484008528781,71.4923266288356,-120.24,286.87,2411356.5338999997
pull,akshat,20,-0.0080829787234043,0.7195997554252979,-1.128,0.983,243.407897,-0.1373361702127659,0.4596922580335359,-1.802,1.385,108.183752,-0.518631914893617,0.3013615038499711,-1.221,0.165,169.10497500000002,10.834531914893615,57.09765028602448,-104.92,267.71,1587438.5125,7.108042553191491,77.68992392016865,-240.12,146.61,2860536.8174,6.045042553191486,76.5836053110912,-115.45,304.12,2773747.8367
pull,nav,1,0.2554693396226414,0.5475514053609684,-0.911,1.259,154.79270100000002,0.2731981132075472,0.156066895418268,0.015,0.801,41.97349199999999,0.7688514150943395,0.1403291753372323,0.369,1.255,258.98970499999996,1.4287264150943395,38.343404284851474,-178.99,125.06,624237.3544000001,-17.897122641509437,44.32153261692629,-164.49,45.53,968715.027,7.865518867924528,29.73078702121065,-144.26,85.24,401013.2996
pull,nav,2,-0.1049095238095238,0.5470929375254715,-1.038,1.173,130.33301,0.2692309523809524,0.1625303238931346,-0.219,0.899,41.538593000000006,0.8248666666666665,0.208141038111257,0.422,1.451,303.965638,-2.68404761904762,47.828537788125125,-163.52,185.89,963804.7182,-38.87607142857143,60.5764969002763,-210.24,40.83,2175961.5807000003,21.88742857142857,35.72124729274805,-68.73,153.02,737128.1558
pull,nav,3,-0.3564833333333334,0.5661519165200848,-0.987,1.19,187.995511,0.2812642857142857,0.1231855130656673,-0.192,0.71,39.599393,0.6967404761904761,0.2094551134543012,0.343,1.21,222.313869,0.2242142857142856,44.560729001493655,-229.13,114.87,833997.7133,-14.997761904761903,47.295455452078066,-165.78,80.51,1033953.0468,3.621071428571428,38.65746776306023,-116.76,92.1,633155.0283
pull,nav,4,-0.3175531914893617,0.5904953775482836,-1.004,1.017,190.148999,0.3314255319148936,0.1062916880169937,0.014,0.732,51.242561,0.6639479905437353,0.1881262896065187,0.412,1.126,201.44039799999996,-5.836028368794327,36.323206511417226,-179.27,64.06,572502.8182000001,-15.867352245862884,39.84395602547623,-133.73,59.08,778029.6947,6.1633806146572105,41.53955964810178,-122.04,114.17,745969.9228999999
pull,nav,5,0.1203482352941176,0.4492444126103202,-0.881,1.093,91.929302,0.4480070588235293,0.1287902350958929,0.026,1.074,92.351331,0.8008070588235293,0.1268334728394912,0.388,1.239,279.385937,-0.0367529411764703,29.88351971233953,-119.72,110.75,379536.093,-15.75077647058824,45.03348677814203,-155.13,108.37,967343.3036,5.279811764705882,35.97077828999669,-95.37,135.41,561753.6538
pull,nav,6,-0.0013356973995271,0.5075420683421653,-0.996,0.94,108.965111,0.4602624113475177,0.1668420486620516,-0.134,0.836,101.383691,0.7532931442080377,0.1909343187236734,0.304,1.324,255.45243900000003,-5.371442080378252,37.26318932952297,-195.41,68.48,599559.214,-14.463026004728134,49.89682473367288,-201.73,76.11,1141622.9574,13.98210401891253,39.653367149662905,-113.16,116.31,747816.9451
pull,nav,7,-0.2885602836879433,0.6453012641729303,-1.014,0.893,211.364961,0.3352813238770686,0.1337466070576348,-0.075,0.817,55.117628,0.6269905437352246,0.2316534766497416,0.377,1.329,188.988141,-2.2036170212765955,29.99171230543064,-177.1,91.95,382543.74489999993,-17.891513002364064,48.93821759088938,-173.41,59.82,1148468.4251,11.270425531914896,30.70979403161657,-58.93,96.13,452658.19709999993
pull,nav,8,0.1876761229314421,0.454332499827112,-0.957,1.094,102.213867,0.3806052009456265,0.1272460161475888,-0.331,0.694,68.12494000000001,0.7879787234042553,0.1088958642005189,0.432,1.027,267.661193,-2.3373286052009457,35.00182629755034,-158.3,92.5,520539.9715,-15.679976359338063,42.41937430084384,-130.59,61.19,865147.0843,8.207517730496455,27.712842696834983,-69.67,71.17,353359.394
pull,nav,9,0.041443396226415,0.5680020733118665,-1.063,0.918,137.521818,0.4180754716981132,0.1347676685733712,0.062,0.968,81.810556,0.7437311320754717,0.1716477260582923,0.163,1.397,247.02195,-0.0038915094339619,43.600344578410784,-317.0,77.97,806019.7865,-11.767877358490566,53.86768383300073,-160.92,104.13,1289049.1668,5.4084905660377345,44.96118929179843,-140.81,105.41,869522.3726
pull,nav,10,0.0770212264150943,0.4836455382042835,-1.002,0.854,101.694397,0.3856533018867924,0.1184206409231292,-0.057,0.691,69.006813,0.7933820754716981,0.1651827754378548,0.327,1.299,278.45795799999996,-0.6353301886792461,39.00588324498195,-190.56,95.89,645269.7306,-13.716061320754717,47.81222445036904,-201.24,39.89,1049034.9975,14.853537735849056,30.83757163391563,-46.14,125.25,496751.3648
pull,nav,11,-0.0644571428571428,0.5536531367041218,-0.947,0.936,130.488338,0.3629571428571428,0.2128703452281482,-0.797,1.42,74.36170200000001,0.7375595238095237,0.1592252785020612,0.344,1.066,239.125631,-2.7038571428571427,41.080085505296225,-114.17,189.34,711851.3928,-7.152714285714282,54.99597524030875,-136.66,82.71,1291801.818,-7.057785714285715,40.13862279771117,-103.46,73.52,697586.9793
pull,nav,12,0.1391155660377358,0.4808624949015898,-0.871,1.102,106.246717,0.3870165094339622,0.1561701787392157,0.006,0.718,73.848463,0.7975896226415095,0.1349471471866666,0.386,1.289,277.448614,-3.0478537735849054,25.920809660574843,-74.34,84.93,288819.3813,-14.393018867924528,47.83969330492283,-151.25,99.64,1058217.185,6.204740566037736,35.16121091820617,-103.73,119.69,540519.2529
pull,nav,13,0.2761394799054374,0.438692234404079,-0.916,0.781,113.661745,0.3374539007092198,0.1553360336040813,-0.101,0.548,58.37586900000001,0.7966359338061465,0.1150675198414963,0.483,1.156,274.04873299999997,1.5845862884160755,23.10073551491434,-129.15,67.26,226793.5206,-20.86936170212766,43.590881345437474,-165.14,75.17,987999.0672,7.528770685579195,20.846887458133786,-67.17,77.09,207809.3693
pull,nav,14,-0.081334916864608,0.5768651702502032,-0.899,0.83,142.882682,0.3339548693586699,0.1361934154769687,-0.125,0.896,54.761365,0.748273159144893,0.1486884832511919,-0.121,1.132,245.030835,2.8380285035629464,32.083887123879016,-134.4,102.88,436758.1221,-2.780855106888363,59.88313630330808,-151.19,126.44,1512957.454,-4.779121140142517,40.65436917425754,-117.71,65.98,705435.0651
pull,nav,15,-0.2865119047619048,0.611528134579339,-0.993,1.096,191.54340699999997,0.2851428571428571,0.147010976497962,-0.198,0.739,43.225843999999995,0.6820285714285714,0.2014261040037999,0.434,1.4,212.408888,-0.8812142857142857,32.94958858333779,-109.93,82.28,456309.8091,-8.833261904761908,61.099103777839616,-197.7,108.95,1600673.3393,-4.471047619047622,43.21370308845078,-103.79,131.84,792714.0486
pull,nav,16,0.28877304964539,0.5514430589929512,-1.092,1.227,163.903753,0.3730236406619385,0.1860162793378788,-0.441,1.323,73.495697,0.7235413711583925,0.1959544805660536,0.376,1.505,237.688046,3.584633569739951,30.89044408071899,-118.2,98.79,409070.2434,-13.505035460992907,57.2468446522136,-173.41,145.02,1463405.3879,0.8426713947990551,42.912196442293045,-136.57,102.79,779236.5134999999
pull,nav,17,0.1603156626506024,0.5118202424660976,-1.489,0.94,119.379345,0.2574819277108433,0.1650591395618868,-0.396,0.825,38.819706999999994,0.8259927710843373,0.1550953144819301,0.427,1.161,293.122225,-3.4376626506024106,46.64500825144917,-304.88,124.0,907843.3425,-3.0303132530120487,67.80032634991431,-154.18,167.36,1911517.8264,-7.186650602409638,47.47427584592301,-159.31,70.28,956763.7478
pull,nav,18,-0.1025775656324582,0.6167281407493618,-0.873,1.272,163.776942,0.2989260143198091,0.1889644478340097,-0.853,0.787,52.401952,0.7251312649164677,0.1853761561933865,0.277,1.373,234.715282,5.233794749403342,42.15558468868325,-177.86,173.89,756079.6038,-9.945369928400952,55.9935562355076,-177.5,91.19,1355125.0749,-8.33894988066826,48.314510525288405,-150.49,86.4,1007204.7752
pull,nav,19,0.178,0.5570885223637343,-0.979,1.513,144.679376,0.3988179669030733,0.1521220036016843,-0.32,0.832,77.069278,0.7288510638297871,0.1501726478214811,0.368,1.446,234.24712,1.0637588652482264,37.752230229343695,-214.21,123.87,603351.3249,-15.374940898345155,49.722477866035106,-157.44,103.27,1145785.8582,10.589621749408984,34.118279202554326,-83.16,107.82,539831.3582999998
pull,nav,20,-0.0370950118764846,0.6043767528465125,-0.954,0.974,154.358513,0.3437885985748218,0.1392761758940495,-0.032,0.652,57.924739,0.7376935866983373,0.1820765902943493,0.311,1.326,243.061703,-4.26496437054632,39.8340430959409,-232.55,75.2,675680.1233,-3.306698337292163,61.360227404657486,-158.97,133.21,1589700.9514,-5.846959619952494,50.85401265959936,-129.0,86.98,1103153.6845
pull,sai,1,-0.6043590504451039,0.4372111765755085,-1.043,0.672,375.015942,-0.4845044510385756,0.1459751131519119,-1.063,-0.012,172.579922,-0.4088679525222551,0.2210167939688806,-0.92,-0.134,145.598441,-2.180311572700297,37.78050922763431,-249.55,84.05,965249.3087,-0.311186943620179,33.152142463594664,-89.79,107.03,740834.775,0.2233234421365005,41.251647127540835,-117.92,97.23,1146978.33
pull,sai,3,-0.5777469696969697,0.4570755337484422,-1.088,1.069,358.188339,-0.5475651515151515,0.1816504727220068,-1.22,-0.213,219.66416299999997,-0.2644015151515151,0.3027502886380648,-1.012,0.258,106.633493,1.7482272727272723,36.25124462285292,-118.99,172.22,869357.9633,3.323530303030304,33.80212401149483,-115.12,95.52,761395.4313,2.1751212121212133,53.31841713889703,-102.08,154.27,1879405.9406
pull,sai,4,-0.6491862891207154,0.4415560645522393,-1.179,0.786,413.614194,-0.5381117734724292,0.1665827247892052,-1.462,-0.092,212.917751,-0.2165499254843516,0.2470463313476527,-0.989,0.662,72.41818500000002,-4.073129657228017,74.30357757790594,-390.33,252.97,3715737.6695,-1.662771982116244,27.73110399047828,-138.74,79.44,517863.6682,-9.01564828614009,33.37957466190262,-135.01,66.77,802165.6834000001
pull,sai,6,-0.5577945619335348,0.4102167580815182,-1.074,0.904,317.371116,-0.6002824773413897,0.1654615542859817,-1.158,-0.1,256.66837499999997,-0.0966601208459214,0.4006652144738938,-0.924,0.72,112.457775,4.353519637462235,49.69238175394216,-289.56,163.73,1647245.2907000002,14.85954682779456,45.41627363592133,-70.96,153.87,1511639.9564,8.491935226586104,50.29105515419868,-145.51,108.52,1722062.7133788543
pull,sai,8,-0.600551204819277,0.4558256943647722,-1.032,0.943,377.4433719999999,-0.5294698795180722,0.171151712615769,-1.315,-0.178,205.59515800000003,-0.2490075301204819,0.2861495705929439,-0.911,0.191,95.540521,0.8249246987951828,37.428047171266776,-122.23,159.09,930622.0393,7.49546686746988,25.22103186979501,-54.81,101.5,459675.5615,2.9229216867469887,42.89155567346855,-80.75,144.75,1227224.0688
pull,sai,9,-0.6536870342771982,0.4070450387885618,-1.109,1.158,397.897902,-0.561698956780924,0.1750768329919082,-1.268,0.589,232.27176000000003,-0.1864321907600596,0.2706884325532796,-1.139,0.395,72.48758600000001,2.2610432190760053,54.88282246652699,-243.14,308.85,2024565.7038,9.023561847988075,29.050817005453165,-51.09,131.78,620926.3815000001,2.6636214605067066,48.8476388173734,-179.33,165.38,1605828.2739
pull,sai,11,-0.6284984939759036,0.4707672121866826,-1.275,1.058,409.443731,-0.5004367469879517,0.1989198593828373,-1.165,0.684,192.564016,-0.2894849397590361,0.2558617845346141,-1.622,0.18,99.11314399999998,8.285496987951808,37.89867374646446,-160.8,172.46,999292.7309,6.128885542168675,31.439786654851243,-68.39,123.94,681279.5528000001,1.7334638554216877,49.613202528259954,-129.61,152.96,1636411.242
pull,sai,13,-0.6281219879518072,0.4538031410665104,-1.148,1.005,398.71508299999994,-0.5375707831325302,0.172425043401931,-1.28,-0.132,211.625261,-0.2496611445783132,0.2325755893367067,-0.983,0.46,77.304269,5.1317319277108435,33.662537051824934,-82.22,156.62,769908.7127,7.630210843373495,29.224242293105696,-45.96,115.82,605751.5662,2.5794879518072285,47.6620385718251,-111.64,133.85,1512806.9227999998
pull,sai,15,-0.6022992481203008,0.4696974285221678,-1.201,1.217,387.947739,-0.5191203007518798,0.1804752222009464,-1.269,0.051,200.868033,-0.3066691729323308,0.2997231986627148,-1.216,0.071,122.280185,3.521759398496239,55.47291473263859,-406.72,165.65,2054615.2937,7.340496240601504,35.94528701444374,-57.01,171.36,895054.4515000001,1.6943308270676671,50.99641073507505,-160.5,137.3,1731330.6021000005
pull,sai,17,-0.5603972809667673,0.4681498044950998,-1.103,0.728,352.984591,-0.5604697885196376,0.1547753605366836,-1.298,-0.268,223.810149,-0.3056374622356495,0.2578073855081789,-1.131,0.155,105.839836,3.215407854984895,41.08567698398611,-175.12,154.55,1124322.066,6.674592145015104,29.313613328012437,-55.97,119.82,598340.8266,3.0358308157099714,44.68764675666099,-121.16,125.58,1328105.7514
pull,sai,18,-0.6544738415545591,0.423496614331349,-1.135,1.174,406.541527,-0.4921539611360239,0.162970304327752,-1.188,-0.069,179.81036899999998,-0.3177040358744394,0.2570168676425148,-1.063,0.15,111.718668,3.013587443946187,40.99638614337055,-170.54,192.24,1130466.4233,4.8774588938714505,32.03770685937671,-78.68,123.45,702586.654,2.0464872944693577,47.47680799639305,-110.08,148.81,1510759.4878
pull,sai,20,-0.5737373134328358,0.4806888244188131,-1.49,1.104,375.358288,-0.5611597014925372,0.182939619399898,-1.465,0.017,233.40596700000003,-0.2524029850746269,0.2980075958012956,-1.098,0.909,102.185582,3.926492537313433,50.691644712593956,-263.16,323.53,1731990.3255000005,8.923253731343282,30.269671908908,-44.71,130.65,667237.9214000001,3.707731343283584,49.86629288005541,-129.37,222.14,1675264.273
pull,sai,21,-0.6837282282282283,0.4467916522210979,-1.38,0.833,444.293309,-0.4644744744744745,0.1918028817420208,-1.607,-0.017,168.18157200000002,-0.2507162162162162,0.3071563251104438,-1.597,0.263,104.697617,1.4416066066066062,44.33127807978904,-224.46,178.56,1310248.7369,5.3860060060060055,33.48722194057401,-71.93,129.61,766168.4606,1.82578078078078,49.65431042023744,-97.75,181.01,1644276.7565
pull,sai,23,-0.6226680572289157,0.4622697781361039,-1.119,0.839,399.3354812281,-0.482027108433735,0.1285383276488821,-1.104,-0.147,165.25116400000002,-0.3391295180722891,0.2543977025375706,-0.939,-0.029,119.338742,1.95710843373494,30.45867894318705,-151.74,106.66,618556.7671999999,5.064834337349395,33.625206847166375,-80.39,136.85,767787.9027000001,5.275722891566265,50.08773507455807,-101.26,145.6,1684311.9994
pull,sai,25,-0.5546123680241328,0.520053680050058,-1.101,1.224,383.24762,-0.5043122171945701,0.1637172928939394,-1.143,0.09,186.391951,-0.35852790346908,0.2159583475906784,-0.97,-0.099,116.144516,3.1734841628959267,31.354842889525425,-166.45,112.8,658489.7265999999,8.1873604826546,31.33320391201517,-52.95,123.14,695356.0834,4.152036199095023,52.61705755960673,-119.85,169.99,1846981.522
pull,sai,27,-0.6272087745839637,0.490508194877741,-1.381,1.489,419.066819,-0.478801815431165,0.2576695189485775,-2.073,1.247,195.421186,-0.3079757942511346,0.2828128958491104,-1.163,0.631,115.5641,4.1233585476550685,49.13990551768979,-185.55,229.96,1607375.1164000002,8.485703479576399,37.186611067149265,-73.34,171.33,961656.6473000002,2.076732223903179,62.56837377288437,-141.91,226.26,2590534.495
pull,sai,28,-0.5759308270676692,0.4604143815454752,-1.003,0.769,361.545684,-0.5080992481203007,0.1440742365537032,-1.03,0.007,185.48328400000003,-0.359206015037594,0.261597787969597,-1.062,0.02,131.312472,1.5337443609022563,36.974903441063944,-140.14,167.39,910714.7444,6.536075187969924,31.239608491963992,-52.95,111.03,677391.2226999999,3.810706766917293,48.14341641087602,-101.14,142.52,1550986.1698
pull,sai,29,-0.6436274217585692,0.4431357219192486,-1.113,0.698,409.729728,-0.4407317436661699,0.1591562407275737,-1.056,-0.086,147.334945,-0.4034664679582712,0.1844810298266874,-1.205,-0.072,132.065174,0.0680327868852453,32.88345629293577,-76.75,134.31,725569.9649,2.69360655737705,30.262888007747954,-51.79,116.79,619398.6955,1.346661698956782,48.054941366626736,-113.19,129.92,1550741.9855
push,aks,1,-0.2049808917197452,0.6356919843744538,-0.937,0.951,210.12321,-0.4146857749469214,0.2549369577569016,-1.075,0.259,111.606815,-0.5269660297239915,0.2263853105322625,-0.969,-0.075,154.932391,-9.778450106157113,35.25096567223379,-111.82,92.5,630315.1223,12.35484076433121,29.418928701624903,-51.79,113.13,479532.3799,-5.558874734607218,51.780142340206,-143.38,152.23,1277391.6718999995
push,aks,2,-0.4279577167019027,0.650133769215118,-1.038,0.941,286.553676,-0.4295285412262156,0.2436650122437378,-1.009,0.404,115.349283,-0.3214482029598308,0.2452693604109369,-1.137,0.041,77.32888100000001,-21.708646934460884,29.135920599925353,-118.96,62.81,624439.0954999999,9.453953488372091,40.81975638623092,-63.42,145.05,830412.8708,-9.685179704016916,45.43404196363947,-119.27,117.62,1020759.9559
push,aks,3,-0.4100253699788583,0.5441314115302198,-1.182,0.468,219.566504,-0.5305454545454545,0.1520234993012723,-1.172,-0.16,144.070892,-0.427507399577167,0.2891005670947504,-0.86,-0.026,125.979631,-16.52000634249471,36.68324159402527,-176.61,25.67,765583.9994689999,10.76483932346723,39.857026888580336,-59.18,165.53,806211.6413609999,-19.235093023255818,48.19312097385527,-204.6,84.35,1273583.5821610002
push,aks,4,0.0255824411134903,0.6230106387947388,-0.958,0.981,181.568067,-0.4078715203426124,0.4003197445041559,-1.158,0.774,152.52924000000002,-0.5053126338329764,0.3048375224739438,-1.139,0.104,162.64058300000002,-11.706209850107069,48.08933626604161,-137.94,114.9,1143972.3586,-4.025267665952891,51.834062656527486,-168.68,105.87,1262288.3122,5.034239828693794,82.76704587374283,-158.67,179.94,3210964.7207000004
push,aks,5,-0.0806135881104034,0.6176317994124912,-1.079,0.949,182.732735,-0.436411889596603,0.327168577846307,-1.407,0.559,140.119964,-0.5310700636942675,0.3132696575129085,-1.034,0.106,179.06162,-10.533630573248407,48.49496046861888,-191.08,108.62,1159940.4436,-7.061762208067939,65.13247018397331,-180.15,169.77,2021582.4713,-1.3825902335456473,67.17916911303266,-187.6,129.83,2126542.5420000004
push,aks,6,-0.1352025586353945,0.6212694407677178,-1.031,0.911,189.595806,-0.4158251599147121,0.3073962378476433,-1.005,0.413,125.412012,-0.532545842217484,0.3190103843093697,-1.149,0.052,180.739796,-2.2346055437100207,46.756042767669776,-177.62,147.68,1027635.7477,-6.519083155650323,51.347921521471285,-156.56,103.4,1256501.4127,-5.096140724946695,67.16036434413782,-167.03,165.5,2127611.5537
push,aks,7,0.1217447257383966,0.5081515482771709,-1.278,0.903,129.420853,-0.4021413502109704,0.2777234817958196,-1.07,0.371,113.213951,-0.6622130801687764,0.294726303266858,-1.113,0.067,249.034745,-16.937130801687765,42.461546562665845,-178.66,90.06,990588.5854,7.334092827004218,34.04005178998412,-67.57,137.09,574731.6566,-13.243143459915611,66.12804506346855,-191.87,163.37,2155893.8173
push,aks,8,0.0389175475687103,0.543758869159239,-1.022,0.878,140.57005800000002,-0.4139175475687104,0.228074631642933,-0.938,0.181,105.642551,-0.6309619450317123,0.3085755766438417,-0.967,0.02,233.345971,-19.90799154334038,32.36140372644249,-136.54,50.51,682817.3976,10.046067653276952,29.245749908455014,-23.16,114.11,452300.2727,-10.781712473572938,49.34422854524062,-117.07,103.24,1206669.4555
push,aks,9,0.0376476793248945,0.5863067956032608,-0.951,0.911,163.612005,-0.4071793248945148,0.2062129995318324,-1.106,0.164,98.743113,-0.5911877637130802,0.3389301680842457,-1.027,0.074,220.11452299999996,-18.200147679324896,29.455891729382895,-144.2,39.49,568276.1983,11.742257383966244,31.749649185230854,-25.24,119.91,543166.4743,-7.894725738396626,47.660353319203146,-128.21,112.19,1106238.2511999998
push,aks,10,-0.0032212631578947,0.575535572919039,-0.974,0.781,157.34449681,-0.3968505263157895,0.2728966890982293,-1.311,0.388,110.182398,-0.5871410526315788,0.3291219436445489,-1.078,0.033,215.20153799999997,-23.410905263157897,34.52381211831189,-150.94,32.23,826482.942,4.669052631578948,25.515610036280645,-52.19,81.88,319602.0438,-14.239136842105268,49.092184682891926,-167.64,89.94,1241077.9171
push,aks,11,0.0382616033755274,0.5864123589850618,-0.961,0.787,163.692774,-0.3792320675105485,0.2029821887000942,-1.138,0.007,87.698878,-0.6093776371308016,0.3430480443986307,-1.003,0.045,231.79693299999997,-22.450864978902953,26.211713414767218,-104.68,59.66,564579.1525,7.604156118143461,25.152917544426614,-18.01,96.53,327293.4219,-12.16622362869198,49.018589600847555,-159.89,95.19,1209097.7447000002
push,aks,12,0.0095368421052631,0.5717435533068321,-0.993,0.747,155.31628,-0.3858463157894737,0.1742709432014451,-1.075,0.041,85.14267699999999,-0.6419178947368422,0.3071703103727885,-1.052,0.021,240.545787,-19.81134736842105,30.312249180737556,-131.53,63.45,622877.9191,9.658526315789477,25.09773700716633,-22.13,72.45,343512.17840000003,-8.564968421052633,43.51213435291782,-129.34,93.14,934165.647
push,aks,13,0.0163481012658227,0.5590653320428439,-0.985,0.755,148.277299,-0.4196898734177215,0.2171090035749722,-0.986,0.17,105.83278099999998,-0.5958797468354431,0.3486337836111718,-0.945,0.1,225.917021,-23.690654008438816,27.15446276961579,-94.3,36.19,615542.0575,8.637067510548524,22.33676828347988,-18.92,72.7,271853.2923,-11.424852320675104,46.79851243713203,-106.57,105.66,1099977.68
push,aks,14,0.084446088794926,0.5941268058839824,-0.927,0.91,170.33572100000004,-0.3716279069767442,0.2426915080934915,-1.076,0.239,93.18406,-0.6005496828752642,0.3068742540281144,-0.926,0.012,215.135408,-25.17627906976744,32.462985786845934,-133.64,17.98,798277.5941999999,7.874883720930234,29.78147749408456,-26.18,114.81,448853.44240000006,-9.1746088794926,50.2589505571391,-146.82,111.21,1234594.1194999998
push,aks,15,0.1479133192389006,0.5248145216426825,-0.982,0.854,140.626983,-0.3993467230443975,0.261067345435805,-1.183,0.275,107.670865,-0.6606976744186046,0.2663337641511837,-1.045,-0.059,240.026258,-20.09684989429175,34.57061602272946,-179.54,41.69,756332.1405,2.992219873150105,26.260954986553298,-60.21,91.95,330433.6076,-14.091035940803376,55.3984696019067,-168.74,103.4,1545550.0754
push,aks,16,-0.0469154334038055,0.5333816062447253,-0.948,0.742,135.60767900000002,-0.3894820295983086,0.2536697679207755,-1.299,0.162,102.189097,-0.6335665961945032,0.3210068994543475,-1.083,-0.006,238.605825,-16.722177589852006,46.449996030127984,-138.13,152.23,1152811.3767,-3.504608879492601,45.16080846310801,-173.19,90.52,970492.3678,-6.952515856236786,52.29846214891912,-109.74,140.66,1316579.7111999998
push,aks,17,0.0833945147679324,0.5516168241899497,-1.028,0.795,147.525753,-0.2971329113924051,0.1936518180610738,-0.72,0.435,59.623983,-0.7024388185654009,0.290538365135281,-1.064,0.036,273.892764,-15.984071729957805,30.59905430137204,-165.75,25.33,564909.7271,15.723059071729958,35.50980860110071,-35.16,99.55,714868.3583000001,-10.49246835443038,34.556761110121336,-96.41,65.19,618220.0129
push,aks,18,0.0329324894514767,0.6220807703938472,-0.958,1.021,183.944722,-0.2315464135021097,0.3034738864293285,-0.789,0.596,69.066607,-0.613409282700422,0.3025500920939667,-1.176,-0.074,221.740758,-22.824535864978905,29.360199341545623,-115.15,34.18,655532.8720999999,10.855316455696205,56.30614252156997,-135.47,156.19,1558616.0814,-10.541139240506327,39.19312253414357,-87.89,94.39,780780.607
push,aks,19,0.0395379746835443,0.5702093623506665,-1.053,0.929,154.856733,-0.1842827004219409,0.2886508195171072,-0.908,0.474,55.59044,-0.6927974683544303,0.2925147930081688,-1.135,-0.073,268.062754,-20.29012658227848,29.0918625721432,-89.18,93.45,596304.184,9.42559071729958,33.53886667458532,-53.93,82.58,575292.5383,-9.820400843881856,42.781062562474354,-112.92,95.28,913236.6441
push,aks,20,0.0334164904862579,0.6053658320345405,-0.916,1.073,173.86744599999997,-0.237752642706131,0.2741833079949973,-0.851,0.489,62.295427,-0.6562727272727273,0.3059693493547523,-1.131,-0.1,247.999167,-22.29585623678647,31.23592209845668,-141.61,31.92,696628.7404,10.330570824524312,48.980209735799974,-92.53,175.97,1185234.7154,-8.69031712473573,47.53263151206547,-124.21,108.34,1104394.7729999998
push,akshat,1,-0.2049808917197452,0.6356919843744538,-0.937,0.951,210.12321,-0.4146857749469214,0.2549369577569016,-1.075,0.259,111.606815,-0.5269660297239915,0.2263853105322625,-0.969,-0.075,154.932391,-9.778450106157113,35.25096567223379,-111.82,92.5,630315.1223,12.35484076433121,29.418928701624903,-51.79,113.13,479532.3799,-5.558874734607218,51.780142340206,-143.38,152.23,1277391.6718999995
push,akshat,2,-0.4279577167019027,0.650133769215118,-1.038,0.941,286.553676,-0.4295285412262156,0.2436650122437378,-1.009,0.404,115.349283,-0.3214482029598308,0.2452693604109369,-1.137,0.041,77.32888100000001,-21.708646934460884,29.135920599925353,-118.96,62.81,624439.0954999999,9.453953488372091,40.81975638623092,-63.42,145.05,830412.8708,-9.685179704016916,45.43404196363947,-119.27,117.62,1020759.9559
push,akshat,3,-0.4100253699788583,0.5441314115302198,-1.182,0.468,219.566504,-0.5305454545454545,0.1520234993012723,-1.172,-0.16,144.070892,-0.427507399577167,0.2891005670947504,-0.86,-0.026,125.979631,-16.52000634249471,36.68324159402527,-176.61,25.67,765583.9994689999,10.76483932346723,39.857026888580336,-59.18,165.53,806211.6413609999,-19.235093023255818,48.19312097385527,-204.6,84.35,1273583.5821610002
push,akshat,4,0.0255824411134903,0.6230106387947388,-0.958,0.981,181.568067,-0.4078715203426124,0.4003197445041559,-1.158,0.774,152.52924000000002,-0.5053126338329764,0.3048375224739438,-1.139,0.104,162.64058300000002,-11.706209850107069,48.08933626604161,-137.94,114.9,1143972.3586,-4.025267665952891,51.834062656527486,-168.68,105.87,1262288.3122,5.034239828693794,82.76704587374283,-158.67,179.94,3210964.7207000004
push,akshat,5,-0.0806135881104034,0.6176317994124912,-1.079,0.949,182.732735,-0.436411889596603,0.327168577846307,-1.407,0.559,140.119964,-0.5310700636942675,0.3132696575129085,-1.034,0.106,179.06162,-10.533630573248407,48.49496046861888,-191.08,108.62,1159940.4436,-7.061762208067939,65.13247018397331,-180.15,169.77,2021582.4713,-1.3825902335456473,67.17916911303266,-187.6,129.83,2126542.5420000004
push,akshat,6,-0.1352025586353945,0.6212694407677178,-1.031,0.911,189.595806,-0.4158251599147121,0.3073962378476433,-1.005,0.413,125.412012,-0.532545842217484,0.3190103843093697,-1.149,0.052,180.739796,-2.2346055437100207,46.756042767669776,-177.62,147.68,1027635.7477,-6.519083155650323,51.347921521471285,-156.56,103.4,1256501.4127,-5.096140724946695,67.16036434413782,-167.03,165.5,2127611.5537
push,akshat,7,0.1217447257383966,0.5081515482771709,-1.278,0.903,129.420853,-0.4021413502109704,0.2777234817958196,-1.07,0.371,113.213951,-0.6622130801687764,0.294726303266858,-1.113,0.067,249.034745,-16.937130801687765,42.461546562665845,-178.66,90.06,990588.5854,7.334092827004218,34.04005178998412,-67.57,137.09,574731.6566,-13.243143459915611,66.12804506346855,-191.87,163.37,2155893.8173
push,akshat,8,0.0389175475687103,0.543758869159239,-1.022,0.878,140.57005800000002,-0.4139175475687104,0.228074631642933,-0.938,0.181,105.642551,-0.6309619450317123,0.3085755766438417,-0.967,0.02,233.345971,-19.90799154334038,32.36140372644249,-136.54,50.51,682817.3976,10.046067653276952,29.245749908455014,-23.16,114.11,452300.2727,-10.781712473572938,49.34422854524062,-117.07,103.24,1206669.4555
push,akshat,9,0.0376476793248945,0.5863067956032608,-0.951,0.911,163.612005,-0.4071793248945148,0.2062129995318324,-1.106,0.164,98.743113,-0.5911877637130802,0.3389301680842457,-1.027,0.074,220.11452299999996,-18.200147679324896,29.455891729382895,-144.2,39.49,568276.1983,11.742257383966244,31.749649185230854,-25.24,119.91,543166.4743,-7.894725738396626,47.660353319203146,-128.21,112.19,1106238.2511999998
push,akshat,10,-0.0032212631578947,0.575535572919039,-0.974,0.781,157.34449681,-0.3968505263157895,0.2728966890982293,-1.311,0.388,110.182398,-0.5871410526315788,0.3291219436445489,-1.078,0.033,215.20153799999997,-23.410905263157897,34.52381211831189,-150.94,32.23,826482.942,4.669052631578948,25.515610036280645,-52.19,81.88,319602.0438,-14.239136842105268,49.092184682891926,-167.64,89.94,1241077.9171
push,akshat,11,0.0382616033755274,0.5864123589850618,-0.961,0.787,163.692774,-0.3792320675105485,0.2029821887000942,-1.138,0.007,87.698878,-0.6093776371308016,0.3430480443986307,-1.003,0.045,231.79693299999997,-22.450864978902953,26.211713414767218,-104.68,59.66,564579.1525,7.604156118143461,25.152917544426614,-18.01,96.53,327293.4219,-12.16622362869198,49.018589600847555,-159.89,95.19,1209097.7447000002
push,akshat,12,0.0095368421052631,0.5717435533068321,-0.993,0.747,155.31628,-0.3858463157894737,0.1742709432014451,-1.075,0.041,85.14267699999999,-0.6419178947368422,0.3071703103727885,-1.052,0.021,240.545787,-19.81134736842105,30.312249180737556,-131.53,63.45,622877.9191,9.658526315789477,25.09773700716633,-22.13,72.45,343512.17840000003,-8.564968421052633,43.51213435291782,-129.34,93.14,934165.647
push,akshat,13,0.0163481012658227,0.5590653320428439,-0.985,0.755,148.277299,-0.4196898734177215,0.2171090035749722,-0.986,0.17,105.83278099999998,-0.5958797468354431,0.3486337836111718,-0.945,0.1,225.917021,-23.690654008438816,27.15446276961579,-94.3,36.19,615542.0575,8.637067510548524,22.33676828347988,-18.92,72.7,271853.2923,-11.424852320675104,46.79851243713203,-106.57,105.66,1099977.68
push,akshat,14,0.084446088794926,0.5941268058839824,-0.927,0.91,170.33572100000004,-0.3716279069767442,0.2426915080934915,-1.076,0.239,93.18406,-0.6005496828752642,0.3068742540281144,-0.926,0.012,215.135408,-25.17627906976744,32.462985786845934,-133.64,17.98,798277.5941999999,7.874883720930234,29.78147749408456,-26.18,114.81,448853.44240000006,-9.1746088794926,50.2589505571391,-146.82,111.21,1234594.1194999998
push,akshat,15,0.1479133192389006,0.5248145216426825,-0.982,0.854,140.626983,-0.3993467230443975,0.261067345435805,-1.183,0.275,107.670865,-0.6606976744186046,0.2663337641511837,-1.045,-0.059,240.026258,-20.09684989429175,34.57061602272946,-179.54,41.69,756332.1405,2.992219873150105,26.260954986553298,-60.21,91.95,330433.6076,-14.091035940803376,55.3984696019067,-168.74,103.4,1545550.0754
push,akshat,16,-0.0469154334038055,0.5333816062447253,-0.948,0.742,135.60767900000002,-0.3894820295983086,0.2536697679207755,-1.299,0.162,102.189097,-0.6335665961945032,0.3210068994543475,-1.083,-0.006,238.605825,-16.722177589852006,46.449996030127984,-138.13,152.23,1152811.3767,-3.504608879492601,45.16080846310801,-173.19,90.52,970492.3678,-6.952515856236786,52.29846214891912,-109.74,140.66,1316579.7111999998
push,akshat,17,0.0833945147679324,0.5516168241899497,-1.028,0.795,147.525753,-0.2971329113924051,0.1936518180610738,-0.72,0.435,59.623983,-0.7024388185654009,0.290538365135281,-1.064,0.036,273.892764,-15.984071729957805,30.59905430137204,-165.75,25.33,564909.7271,15.723059071729958,35.50980860110071,-35.16,99.55,714868.3583000001,-10.49246835443038,34.556761110121336,-96.41,65.19,618220.0129
push,akshat,18,0.0329324894514767,0.6220807703938472,-0.958,1.021,183.944722,-0.2315464135021097,0.3034738864293285,-0.789,0.596,69.066607,-0.613409282700422,0.3025500920939667,-1.176,-0.074,221.740758,-22.824535864978905,29.360199341545623,-115.15,34.18,655532.8720999999,10.855316455696205,56.30614252156997,-135.47,156.19,1558616.0814,-10.541139240506327,39.19312253414357,-87.89,94.39,780780.607
push,akshat,19,0.0395379746835443,0.5702093623506665,-1.053,0.929,154.856733,-0.1842827004219409,0.2886508195171072,-0.908,0.474,55.59044,-0.6927974683544303,0.2925147930081688,-1.135,-0.073,268.062754,-20.29012658227848,29.0918625721432,-89.18,93.45,596304.184,9.42559071729958,33.53886667458532,-53.93,82.58,575292.5383,-9.820400843881856,42.781062562474354,-112.92,95.28,913236.6441
push,akshat,20,0.0334164904862579,0.6053658320345405,-0.916,1.073,173.86744599999997,-0.237752642706131,0.2741833079949973,-0.851,0.489,62.295427,-0.6562727272727273,0.3059693493547523,-1.131,-0.1,247.999167,-22.29585623678647,31.23592209845668,-141.61,31.92,696628.7404,10.330570824524312,48.980209735799974,-92.53,175.97,1185234.7154,-8.69031712473573,47.53263151206547,-124.21,108.34,1104394.7729999998
push,jon,1,-0.409452229299363,0.7171213015200123,-1.16,1.158,321.181536,-0.1183184713375796,0.267493009331039,-1.046,0.485,40.294884,-0.4765265392781317,0.2839348382912079,-1.271,0.004,144.925068,-12.805250530785562,42.061757363856785,-116.06,99.89,910521.126509,7.753290870488321,83.38284604168255,-189.58,222.79,3303034.7032,5.193216560509556,73.7719354942282,-132.24,245.95,2576025.211425
push,jon,2,-0.1135074309978768,0.6742603681071445,-1.355,1.167,220.197672,-0.2284033970276008,0.3551299434872874,-2.047,0.942,83.972418,-0.5644033970276009,0.3439322297664352,-1.23,0.253,205.75191,3.522292993630574,91.84875315831964,-434.64,204.78,3979290.6022,18.57369426751592,76.55817929474051,-168.37,230.57,2923090.4967,2.3330785562632697,100.15605862805694,-168.58,330.67,4727275.967
push,jon,3,-0.2125095541401274,0.7033665507299793,-1.116,1.087,254.285748,-0.219656050955414,0.3629677867017005,-2.008,0.527,84.77735999999999,-0.5489235668789809,0.3365014117396483,-1.62,-0.028,195.253183,-7.9234182590233555,55.75866996643579,-179.63,302.56,1493922.4315,16.35934182590233,78.38450701179335,-233.19,213.93,3019938.4911,8.533991507431,85.00320223886817,-156.9,243.2,3437533.8723
push,jon,4,-0.1563864118895966,0.6682552045544347,-1.042,1.088,221.851234,-0.2010552016985138,0.3390764857592026,-1.417,0.733,73.191543,-0.6166709129511677,0.3142797244572087,-1.15,0.035,225.634792,-0.0458811040339705,69.9411459320431,-229.56,305.8,2304021.7857,7.956390658174096,85.27464536652536,-152.96,250.56,3454817.6378,4.641082802547773,86.03391471880377,-147.59,257.03,3496409.2159
push,jon,5,-0.1909191489361702,0.6030662200816184,-1.271,1.019,188.065324,-0.3503382978723404,0.3112731960446099,-1.509,0.388,103.225125,-0.5922638297872341,0.3066796626778932,-1.475,0.052,209.069564,7.240319148936171,71.69710488015549,-225.87,278.97,2440661.6227,11.753000000000002,73.45503170445254,-236.06,196.57,2600874.1051000003,-4.079702127659573,105.40102286796557,-190.01,292.09,5229229.2078
push,jon,6,-0.2479278131634819,0.7199921525074339,-1.062,1.13,273.1126,-0.2649384288747346,0.2522147132936099,-1.448,0.137,63.02198200000001,-0.5556454352441612,0.2668488673773307,-1.082,-0.196,178.95652900000002,-6.623651804670913,37.768921803253086,-144.02,113.47,692541.5463999999,6.098259023354566,70.05264990225432,-116.49,226.87,2328888.9475999996,3.8300849256900222,74.48000753129092,-169.53,273.57,2619674.2451
push,jon,7,-0.2231910828025477,0.6694170560344783,-2.239,1.063,234.526657,-0.2098535031847133,0.3516679361979472,-1.464,1.123,78.990859,-0.6040530785562633,0.4119915374211689,-1.763,0.43,251.80467700000003,2.5616772823779197,52.75902052001449,-153.42,199.5,1314126.0017,5.4760509554140135,103.37180266447696,-249.06,413.59,5047102.5752,-4.828386411889597,107.25928567064392,-373.03,232.18,5429625.6763
push,jon,8,-0.1470127118644068,0.6680815563537909,-1.284,1.172,220.870372,-0.2636355932203389,0.3064765983615913,-1.64,0.545,77.13973,-0.5877309322033898,0.3264068534183267,-1.12,-0.054,213.329407,1.8375635593220356,66.62158259906796,-262.25,163.21,2096535.2205,13.463389830508474,76.3425373737446,-142.06,224.52,2836458.4546,5.591525423728813,94.75661707028848,-168.77,300.64,4252758.5318
push,jon,9,-0.4144690831556503,0.720164768521946,-2.301,1.274,323.807878,-0.2480426439232409,0.3702228083452212,-1.801,1.73,93.138748,-0.4350639658848614,0.3332878727810346,-1.784,0.662,140.869525,3.689680170575693,55.16743766355773,-208.01,183.23,1433761.1016,23.353240938166312,79.35898618843778,-91.19,381.88,3209471.3765,-0.2015351812366766,94.75357739301076,-295.57,299.69,4210813.8102
push,jon,10,-0.2397936170212766,0.6813993595486425,-1.648,1.619,245.2488510000001,-0.291731914893617,0.4155097311026711,-2.659,0.758,121.145248,-0.5880021276595745,0.4038909558913051,-2.144,0.448,239.170971,-4.998531914893618,90.2145986899066,-274.15,384.53,3836919.794900001,6.512063829787234,93.44283340002973,-296.88,373.21,4123765.941899999,9.082893617021274,106.7316654289813,-277.93,306.07,5392849.260000001
push,jon,11,-0.1038336886993603,0.628476936877586,-1.231,1.043,190.303642,-0.251637526652452,0.2893250891399203,-1.47,0.256,68.957282,-0.6675202558635395,0.2751779771335179,-1.151,-0.015,244.492613,0.3210021321961624,57.22536571758823,-145.51,227.48,1535902.5507,9.8973987206823,67.92837204615626,-181.98,197.21,2210032.226,8.63724946695096,89.32342803814541,-137.36,275.19,3776986.8543
push,jon,12,-0.0942978723404255,0.6867987538524989,-1.269,0.984,225.87477,-0.1652723404255319,0.3327495420666815,-1.535,0.814,64.877486,-0.653663829787234,0.3283062428849741,-1.761,0.534,251.478854,-3.737000000000001,62.45739147559855,-229.8,217.14,1839998.7319,12.856851063829788,91.96122949650974,-120.49,397.75,4052418.1844,7.366361702127656,92.99691502408469,-226.75,281.62,4090264.0597
push,jon,13,-0.1074200426439232,0.6978442899304144,-1.211,1.25,233.808562,-0.1349445628997868,0.3566595031554889,-1.724,0.585,68.200121,-0.5748912579957355,0.3477203660902533,-1.136,0.267,211.711014,-1.5105756929637528,83.39185029368389,-334.42,285.47,3262590.3085999996,22.51714285714286,75.90011392171472,-199.96,204.99,2939621.1884000003,10.157057569296375,94.32742562721216,-136.97,355.2,4221388.821599999
push,jon,14,-0.1332345415778252,0.6908072102306592,-1.258,1.18,232.139075,-0.2313432835820895,0.3368478227881989,-2.021,0.201,78.316514,-0.6003432835820895,0.3033186089438773,-1.32,-0.114,212.182277,2.0224520255863534,67.3180786218634,-189.52,260.99,2127296.7761,4.327057569296373,82.29344089777908,-228.06,217.29,3184947.9719,2.5743923240938194,103.75737014387128,-171.7,353.04,5052170.8775
push,jon,15,-0.2317276595744681,0.6914807348594438,-1.251,1.163,249.966358,-0.2311170212765957,0.3014499519656013,-1.778,0.39,67.81496100000001,-0.5882702127659574,0.3213315934397175,-1.4,-0.063,211.178443,-5.48008510638298,52.35246549085802,-183.72,157.66,1302281.6286,8.30204255319149,92.00599332512458,-204.66,267.74,4010992.5576,10.5101914893617,97.99683550560329,-187.66,347.61,4565506.6303
push,jon,16,-0.1361468085106383,0.6446882520079363,-1.086,1.122,204.054681,-0.3085659574468085,0.3773852973697993,-2.962,0.953,111.687328,-0.6027021276595744,0.3341759833797358,-1.384,0.34,223.214018,1.497872340425532,85.01323926022121,-327.25,430.1,3397862.4014,14.57787234042553,75.89345229897006,-156.35,256.81,2806995.3179999995,3.2470638297872356,92.53705571453564,-230.11,319.53,4029615.5488
push,jon,17,-0.090095744680851,0.6239589025805721,-1.244,0.808,186.79771900000003,-0.329268085106383,0.3306975484576619,-1.876,0.234,102.35582,-0.6438617021276596,0.2631066607219431,-1.1,-0.205,227.378013,5.866021276595745,70.2839073808717,-206.98,193.15,2337891.7859,1.6227021276595737,59.91674661771697,-168.95,186.62,1688545.3531000002,-2.1441276595744716,112.81470175424212,-285.68,358.93,5983924.481199999
push,jon,18,-0.2396148936170212,0.6367562633591572,-1.142,0.913,217.55070300000008,-0.3665680851063829,0.3489442597726004,-1.513,0.356,120.383101,-0.5667680851063829,0.3247093093478908,-1.424,0.204,200.531233,2.839170212765958,53.28333016588558,-152.07,211.0,1338171.8557,-0.9658510638297888,80.56048324626309,-238.17,238.47,3050734.4347,-3.3577446808510665,116.49872841246828,-332.22,311.29,6384117.2404
push,jon,19,-0.0142110874200426,0.5969299568228662,-1.113,0.832,167.211317,-0.3268827292110874,0.374127877269703,-1.856,0.233,115.76045,-0.665138592750533,0.2745147996890868,-1.497,-0.185,242.833062,-6.472899786780384,77.46880340343253,-264.02,205.6,2834314.2343,1.3108742004264378,70.9639302976304,-190.5,215.98,2362633.3656,-0.357995735607677,110.6299676288516,-298.17,291.82,5740146.2944
push,jon,20,-0.1957170212765958,0.6331948027431326,-1.243,0.685,206.443181,-0.3478255319148935,0.354780530581987,-1.737,0.275,116.02035800000002,-0.6072468085106383,0.2841960717016782,-1.294,-0.076,211.272564,-0.1530851063829783,91.16967883213398,-279.27,337.26,3906608.8735,5.12776595744681,58.64076149606893,-163.95,198.43,1628565.4595,3.2697659574468085,108.80979862277204,-295.05,306.28,5569623.9135
push,nav,1,-0.2211297169811321,0.610101557169212,-0.857,0.836,178.55583900000002,0.4059740566037735,0.1624940979670031,-0.016,1.299,81.076969,0.5963608490566038,0.1975407038906633,0.387,1.131,167.33948300000003,-5.290518867924529,19.59817373843082,-76.14,49.56,174721.0736,-7.494551886792452,38.791865190886014,-157.63,52.43,661854.2959,11.422122641509436,49.13065260795008,-78.37,185.64,1078777.2264
push,nav,2,-0.2178261904761905,0.6347761553565927,-0.866,0.971,189.163387,0.3702547619047619,0.1519828290777189,-0.094,0.768,67.278695,0.5937714285714285,0.1641484523891977,0.422,1.064,159.393874,-4.638357142857142,16.94727827329359,-54.41,57.68,129664.3311,-8.879857142857142,41.88738493444367,-141.91,69.73,770030.0494000001,11.24519047619048,50.03245647255394,-126.32,130.07,1104474.424
push,nav,3,0.1025710900473933,0.4614292944334712,-0.876,1.017,94.29076100000002,0.3481658767772511,0.1460960891729297,-0.003,0.831,60.161816,0.7794620853080568,0.1591511762561256,0.435,1.104,267.07968099999994,-3.087298578199052,22.261319700045377,-93.6,58.44,213151.2578,-6.9269194312796225,49.62006284237919,-146.55,110.02,1059276.0624,7.977748815165876,45.739284487255595,-118.05,123.6,909716.6343
push,nav,4,0.2248652482269504,0.4094332394745699,-0.809,0.945,92.298582,0.3604940898345153,0.159439145073029,-0.053,0.844,65.724399,0.7908557919621749,0.1678370692204634,0.399,1.165,276.48217600000004,-1.3484869976359335,25.312339053298132,-82.74,99.0,271791.4275,-13.207635933806149,53.28463219778986,-155.92,107.03,1274792.4247,6.838132387706855,47.57032896845333,-156.16,122.17,977001.5148999998
push,nav,5,-0.1682714285714286,0.6255873717234579,-0.988,1.099,176.26343,0.4143214285714285,0.1531547117502185,-0.099,1.057,81.949817,0.6304285714285713,0.1491991546728802,0.199,1.155,176.27424000000002,-1.7855238095238095,45.794288664083794,-165.38,162.21,882128.0872000001,-5.22104761904762,45.69064830697873,-171.21,59.11,888255.7660000001,12.972952380952382,55.89086490949183,-125.55,141.51,1382676.235
push,nav,6,0.0858809523809523,0.4928674265087709,-0.964,0.845,105.123412,0.4441309523809523,0.1312764966235755,0.099,0.783,90.084045,0.7180333333333332,0.1345727943684271,0.435,1.004,224.14631600000004,-1.2604999999999995,17.424964480048516,-53.83,49.07,128191.6639,-21.41261904761905,47.35040166066496,-145.88,53.59,1134235.5326,20.90142857142857,55.48373316616701,-109.93,170.81,1476432.0322
push,nav,7,0.3177105263157894,0.3943964014391409,-0.874,0.939,107.21219299999998,0.3605861244019139,0.2106899431675973,-0.192,1.161,72.904469,0.7605406698564593,0.1573350112410798,0.402,1.397,252.127742,-5.849234449760766,26.380645351747905,-84.75,92.65,305203.533,-17.618923444976076,59.18339206002797,-137.97,141.21,1593875.9501,17.556435406698565,64.84739882910748,-179.6,147.28,1886606.8677
push,nav,8,-0.0881527446300716,0.5013139256860306,-0.863,0.902,108.557268,0.3925871121718377,0.1224657525592128,0.009,0.78,70.862328,0.7390644391408114,0.1752270757250931,0.356,1.12,241.729804,2.1268257756563256,32.78262291736219,-154.09,114.72,452194.7526,5.366515513126491,47.55298245247773,-108.8,105.38,959545.8785,2.2974463007159898,45.092730871928424,-119.75,107.49,854187.0749
push,nav,9,-0.1515344418052256,0.6134483946504976,-0.974,0.768,168.097562,0.4105106888361045,0.1254842894265042,0.081,0.981,77.575705,0.626,0.153674579825554,0.405,1.101,174.92208,-1.414323040380047,23.99173020289333,-70.47,56.64,243171.0431,-7.030546318289787,38.167329401836355,-109.41,104.22,634099.092,11.66501187648456,42.59273824686146,-89.02,134.59,821040.0323
push,nav,10,-0.2599857482185272,0.5660061898272646,-0.912,0.85,163.329306,0.4274085510688836,0.1587470666997868,-0.37,1.458,87.51693300000001,0.6240095011876485,0.1910165701608062,0.302,1.165,179.293454,-2.0271258907363414,32.29746079686093,-120.79,126.62,440886.0248,-11.025700712589073,34.624463806211814,-112.4,74.04,555896.639,10.01209026128266,49.463929364941094,-192.48,126.32,1072254.2713
push,nav,11,-0.1308345153664303,0.6109128743042845,-1.008,0.868,165.110525,0.4167257683215129,0.1217574827592178,0.013,1.164,79.72926100000001,0.6221040189125295,0.1586353105613563,0.427,1.142,174.351536,-5.951749408983452,24.45843080824088,-109.62,98.36,268028.9411,-10.707304964539006,34.89430513419417,-125.77,80.42,563545.5191,10.290094562647752,47.6213382401526,-151.1,146.52,1004065.7525
push,nav,12,-0.165495260663507,0.5997394131801032,-0.841,0.866,163.346091,0.4213744075829383,0.1234933546152493,0.103,1.059,81.364554,0.6179383886255924,0.1649335525984901,0.359,0.965,172.61949199999998,-3.5677251184834127,25.277372522664585,-76.63,89.48,275006.52259999997,-9.131943127962089,32.72751911768842,-106.54,47.18,487191.7807999999,12.33594786729858,44.35914381208634,-71.6,154.21,894601.7032999999
push,nav,13,-0.2283744075829383,0.6157737452316331,-0.909,0.88,182.022178,0.3608412322274881,0.1336261351199951,-0.066,1.031,62.482307000000006,0.6359952606635071,0.1532197875441492,0.414,1.03,180.601768,-2.998767772511848,21.700291181091895,-77.55,64.0,202515.7936,-8.357890995260664,37.88017898907082,-146.4,62.38,635009.6915,10.343502369668249,39.95308323840269,-106.69,99.55,718765.972444
push,nav,14,0.2376770334928229,0.527238275849152,-0.853,0.902,139.808699,0.3992464114832536,0.1474273612366087,-0.117,0.747,75.71339499999999,0.6795191387559808,0.1113079949033392,0.459,1.0,198.188735,-9.302990430622009,27.74744588280239,-90.27,91.59,358002.9485,-20.436626794258373,46.07432801223885,-118.53,67.66,1061928.7561,18.66672248803828,47.34140402387423,-94.12,112.67,1082475.8165
push,nav,15,-0.1816084905660377,0.607363842590585,-0.949,0.907,170.393932,0.3652665094339623,0.124239772029144,-0.098,0.794,63.114581,0.6467429245283018,0.177568661837946,0.405,1.054,190.718185,-3.776816037735849,26.533188749047348,-86.52,67.84,304548.3645,-12.820589622641506,39.62975071671946,-153.81,69.03,735591.0959000001,10.30634433962264,43.76789061246211,-129.4,112.31,857263.9685
push,nav,16,-0.1995510688836105,0.6052869446772495,-0.911,0.832,171.007217,0.4243539192399049,0.1032300692033452,0.171,0.855,80.29846500000001,0.6185273159144893,0.1554992949389961,0.41,1.098,171.244306,-4.7016864608076006,28.454389443959855,-86.52,78.92,350170.17449999996,-9.031710213776725,36.36046106234927,-107.79,67.6,590938.7205,7.602185273159145,45.90432167229685,-101.47,123.94,911464.987
push,nav,17,-0.2252494061757719,0.598163433867398,-0.892,0.87,171.993988,0.393021377672209,0.1250064208099237,0.031,0.791,71.608904,0.6456817102137767,0.1727885678811661,0.399,1.127,188.08628,-3.2471258907363416,45.91763282066607,-270.09,95.58,892087.5615999999,-2.9057719714964367,44.24770832328486,-120.09,158.27,827813.6483,10.251567695961995,43.21621851701627,-79.32,116.28,830521.9331
push,nav,18,-0.2227880952380952,0.6123036014384262,-0.943,0.976,178.311099,0.4438857142857143,0.1257211058756048,0.037,0.929,89.392936,0.5818452380952381,0.1666532823707451,0.262,1.009,153.853223,-4.035714285714286,39.06310509583041,-122.68,168.61,647729.5312,-9.121023809523807,35.04828714175433,-99.22,51.85,550861.7128999999,11.575738095238096,51.98731440208207,-98.85,139.07,1191404.9999000002
push,nav,19,-0.1570926365795724,0.6128137693329208,-1.001,1.077,168.49212,0.4551496437054632,0.1513435911919792,-0.151,0.946,96.85782,0.5772992874109264,0.1718403272677915,0.305,1.083,152.740301,-3.2904988123515433,28.833194811347145,-90.49,108.92,354557.9928,-9.97605700712589,38.36874705080336,-131.57,85.18,661678.3172,6.832185273159143,43.39988332541069,-147.13,116.58,812626.2525
push,nav,20,-0.1730497630331753,0.5766134954335161,-0.943,0.795,152.945183,0.4014478672985782,0.1214762312978679,0.014,0.798,74.236917,0.646149289099526,0.1508892880188355,0.374,1.014,185.796675,0.3798578199052126,21.862403834015733,-67.38,44.62,201761.9952,-11.54298578199052,32.71550862137479,-100.99,59.63,507896.0006,10.472511848341233,39.67552571308979,-100.71,124.03,710572.3965999999
push,sai,1,-0.583440956651719,0.4529218494076364,-1.069,1.047,364.9672979999999,-0.6157324364723469,0.1881048156834409,-1.381,-0.083,277.307093,-0.0665710014947683,0.3249397319707107,-0.92,1.049,73.601726,-7.870119581464875,112.27808368208832,-506.24,439.25,8475097.2877,0.8289985052316893,39.09942842908721,-146.61,97.35,1023203.7506,6.232406576980567,52.37960680176627,-147.68,169.56,1861469.8212
push,sai,3,-0.6806875934230194,0.453078563731878,-1.074,1.179,447.30396,-0.5009177877428999,0.2406370297505844,-1.493,0.12,206.603798,-0.19201644245142,0.2280715764289531,-1.366,0.789,59.465375,2.5480866965620352,95.62442478817955,-546.77,439.8,6121700.1291000005,-7.855979073243648,34.717348469158885,-180.79,76.05,847630.1529,0.979073243647236,64.47249948755294,-202.76,222.05,2781475.7272
push,sai,5,-0.6415321375186847,0.4251636817644995,-1.113,0.76,396.267191,-0.5503258594917788,0.2031204218529936,-1.426,0.143,230.21391,-0.1849895366218236,0.2782110449654038,-1.164,0.61,74.675462,-0.3898804185351269,79.88119992046366,-442.95,316.32,4268994.7739,-4.523766816143497,24.291837000409096,-98.54,126.96,408463.1756,1.904125560538116,52.11670793000135,-183.78,193.46,1819530.7726
push,sai,7,-0.5938837555886736,0.4282356882244344,-1.316,0.917,359.71217599999994,-0.6288643815201191,0.1787971177828353,-1.233,-0.09,286.811448,-0.0737377049180327,0.286574932619828,-1.09,0.994,58.754397999999995,-4.99037257824143,104.58024452053289,-614.37,377.12,7355455.9442,-9.376587183308494,36.98340491991532,-186.93,122.26,976769.7525,3.1035320417287635,55.58538981198222,-218.42,188.02,2079675.5735
push,sai,9,-0.5851179104477611,0.4737000872538345,-1.101,0.751,379.725677,-0.5766940298507462,0.1422233175464191,-1.111,-0.279,236.37832900000004,-0.1639626865671642,0.2581928472458169,-1.013,0.826,62.676697,-1.4945522388059709,76.36531206763689,-400.37,254.83,3908709.364300001,-8.87558208955224,28.32555648234128,-144.63,59.36,590345.782,1.577835820895522,48.5629340436538,-192.75,126.62,1581768.2462999998
push,sai,10,-0.6330730253353205,0.4191737835757337,-1.259,0.757,386.823526,-0.5581371087928465,0.1730710052418553,-1.307,-0.155,229.126776,-0.21376304023845,0.2588581061332177,-1.255,0.864,75.62314699999999,-1.7372578241430712,95.62042598007822,-587.05,339.92,6137156.5166,-9.482444113263783,32.01334080125517,-157.11,55.73,748011.1636000001,0.8284649776453064,47.40354254777672,-167.03,156.32,1508261.8564
push,sai,12,-0.5880773809523809,0.4664894380346703,-1.054,0.762,378.636654,-0.5807976190476191,0.1839926664404178,-1.619,-0.146,249.432406,-0.1541636904761904,0.2631361396071105,-1.036,0.545,62.500752000000006,1.549642857142857,68.82078604705379,-324.47,212.04,3184407.734,-5.32467261904762,25.431099496856447,-104.37,75.81,453662.4692000001,0.1105952380952403,56.52296034685269,-201.51,186.5,2146944.0906
push,sai,14,-0.5617181409295351,0.4954104427263932,-1.035,1.018,374.159504,-0.5780239880059971,0.1851915561467472,-1.272,0.047,245.727898,-0.1764407796101949,0.2593782451925225,-1.139,0.934,65.638418,-0.5413493253373346,72.79933114576518,-405.13,219.43,3535123.7948000003,-8.392023988005997,27.400407239546237,-119.75,68.33,547745.9918,-0.0373913043478295,51.47448499779682,-159.92,186.19,1767299.2106
push,sai,16,-0.5390209895052473,0.4746427326920446,-1.113,0.719,344.058177,-0.5673733133433283,0.1381803899161801,-1.039,-0.253,227.45120000000003,-0.2087841079460269,0.3283627069775883,-0.874,0.838,100.992385,-1.277976011994,84.12999453501227,-424.18,235.88,4722019.2985000005,-12.37392803598201,28.917906715362705,-116.31,47.7,659902.7357000001,2.2474062968515733,39.8178232227258,-141.51,110.75,1060870.0908
push,sai,18,-0.5873734939759037,0.4492709981507357,-1.152,0.855,363.109762,-0.605277108433735,0.1667562295039853,-1.615,0.024,261.72756400000003,-0.1017560240963855,0.2948752300874591,-1.18,0.768,64.610978,1.6716566265060244,93.5320716947326,-440.87,342.72,5810692.4666,-8.364939759036144,30.44201508649668,-141.0,68.79,661801.1638,1.1187499999999992,50.16736501095428,-153.23,215.25,1671962.6995
push,sai,19,-0.6233699851411589,0.4687878061999406,-1.166,1.163,409.420994,-0.4955304606240712,0.199166210074896,-1.267,-0.142,191.951456,-0.2746627043090638,0.2606955390718141,-0.972,0.999,96.509388,0.2089450222882613,107.54445142507082,-595.26,357.28,7783818.8606,-10.377696879643388,37.58392148025301,-189.52,134.89,1023126.7333,1.7941307578008898,51.02631447275369,-234.38,145.15,1754446.1725
push,sai,21,-0.5792593144560357,0.4680031698965415,-1.134,1.103,372.11534299999994,-0.5702727272727273,0.1468124156241039,-1.279,-0.082,232.67922700000005,-0.1933904619970193,0.3009531052065547,-1.042,0.839,85.869643,0.5536065573770482,75.54692436119002,-409.19,264.96,3829829.2989,-13.186795827123696,28.140670389522107,-117.01,23.5,648044.3613999999,0.432295081967214,45.37257450198591,-139.23,158.79,1381493.3127
push,sai,22,-0.5977032640949554,0.4421296395620369,-1.46,0.759,372.538544,-0.5816721068249256,0.1607805355651906,-1.162,0.069,245.465961,-0.1864540059347181,0.2802940885471132,-0.914,0.591,76.38433400000001,0.9510534124629096,74.96179326881972,-324.44,268.81,3787997.9180999994,-12.93488130563798,26.48521620095692,-134.04,6.32,585556.2585,0.0910089020771513,46.45270175955896,-166.51,103.76,1454398.8420000002
push,sai,24,-0.6154321907600596,0.4787916837210277,-1.7,1.026,407.966831,-0.5703099850968704,0.1912616185773673,-1.507,0.017,242.79094,-0.0419806259314456,0.3100983660776359,-1.181,1.084,65.706581,1.9834426229508189,99.2201244170788,-490.62,495.22,6608388.5468999995,-11.741385991058122,39.06898896407679,-175.54,66.35,1116709.0953000002,2.6747839046199724,48.99356504696739,-114.05,249.76,1615448.5268
push,sai,25,-0.5634011887072808,0.474617608932538,-1.048,0.925,365.225507,-0.5807622585438336,0.1761696887360918,-1.874,0.184,247.879737,-0.1530817236255572,0.3244291054077333,-1.501,1.129,86.607198,-1.8257652303120353,92.65978612152917,-506.39,253.91,5780510.994599999,-12.336166419019316,33.56197842800722,-163.34,22.58,860489.3187999998,3.027265973254088,46.59485533924615,-129.92,232.64,1467304.8065
push,sai,26,-0.5761632047477744,0.4665993650118828,-1.073,0.858,370.4836499999999,-0.5790860534124629,0.1580468276064784,-1.101,-0.215,242.855314,-0.1664213649851632,0.2868037830793751,-1.138,0.752,74.107972,0.8935905044510382,80.73994562269506,-345.65,303.14,4394302.955800001,-8.809866468842731,27.817036874667664,-129.28,53.62,573844.4679,0.4264836795252209,48.24961377078732,-166.17,119.72,1569211.5971
rest,jon,1,-0.4254004237288135,0.6299696914284564,-1.044,0.806,272.734501,-0.4078029661016949,0.256159348065558,-1.351,0.938,109.466651,-0.0016228813559322,0.4877613486175971,-1.333,1.62,112.295298,-29.417097457627115,72.67896652582293,-373.27,179.33,2901666.1607000004,-22.98773305084746,49.15914599444659,-357.83,74.74,1390067.1427,10.596165254237286,48.05293968765317,-86.4,275.61,1142883.6808999998
rest,jon,2,-0.9029853556485355,0.019813613588917,-0.968,-0.831,389.940513,-0.3053849372384937,0.0296378126803789,-0.434,-0.185,44.998136,-0.2337384937238494,0.0391586813588584,-0.365,-0.132,26.847867,4.862907949790794,17.492936832715305,-35.58,82.95,157573.0407,2.1105648535564856,9.258390127676316,-23.77,29.08,43102.3459,1.616610878661088,8.991823192754412,-16.69,26.15,39896.8986
rest,jon,3,-0.8933256302521009,0.0232547332902594,-1.002,-0.828,380.120017,-0.3205882352941177,0.0210362479339333,-0.369,-0.216,49.132406,-0.2565105042016806,0.0391996330875629,-0.327,-0.14,32.051103,0.7128151260504203,15.820744706981044,-52.31,45.23,119382.73660000003,1.2286134453781512,9.107660443260672,-18.43,24.41,40202.4696,-0.4425420168067224,13.239886898790806,-31.37,24.6,83533.4535
rest,jon,4,-0.8775536842105263,0.0500543153626797,-1.331,-0.562,366.987804,-0.305581052631579,0.0844382256847377,-0.561,-0.034,47.742057,-0.3164315789473684,0.0461186690435557,-0.457,-0.195,48.571541,-3.5860842105263155,28.12227572271646,-88.69,69.28,381768.1361,0.4830947368421053,11.130249834121976,-36.16,38.39,58955.0249,-1.865557894736842,20.09418281504732,-87.86,36.87,193446.8324
rest,jon,5,-0.8690314465408805,0.0389042400210852,-1.226,-0.606,360.959826,-0.2900964360587002,0.0925994231833067,-0.587,1.137,44.232494,-0.3492955974842767,0.0782046356236557,-1.135,-0.248,61.114852000000006,-3.9783647798742146,33.44578917708859,-190.31,86.86,541131.7914,-0.8820754716981131,15.36531319468705,-132.51,19.04,112987.4225,-1.0159119496855344,12.78088820910467,-92.04,32.29,78410.7771
rest,jon,6,-0.893796218487395,0.0251800755397508,-1.027,-0.775,380.564721,-0.2221869747899159,0.0438274970105463,-0.386,-0.095,24.413041,-0.3378865546218487,0.0421978103386072,-0.609,-0.182,55.191238,-2.354453781512605,23.37108082265971,-63.81,44.04,262633.4148,-1.054810924369748,5.284652998749452,-18.59,16.11,13823.1273,0.263844537815126,8.93130038718235,-22.13,40.93,38002.7645
rest,jon,7,-0.9105777310924372,0.0585380384115366,-1.258,-0.606,396.307369,-0.1774894957983193,0.1025009012819464,-0.444,0.703,19.996263,-0.3043130252100841,0.0745891035484341,-0.559,-0.066,46.728897,3.8168697478991582,41.43680470438189,-238.65,95.37,824230.7847,2.707710084033613,15.579120305851164,-50.11,42.39,119019.3653,1.2984453781512606,12.183203985317522,-49.2,47.09,71455.4158
rest,jon,8,-0.8937205882352941,0.038697812193476,-1.087,-0.655,380.911389,-0.2996911764705883,0.0411230374347471,-0.412,-0.138,43.556811,-0.2836596638655462,0.0620597920135167,-0.695,-0.19,40.133570000000006,1.5762815126050422,16.314095500921514,-30.79,57.13,127869.9627,-0.6301680672268903,7.18898901076942,-21.36,17.43,24789.449200000003,-0.0128991596638655,9.258387385124069,-50.45,21.73,40801.722
rest,jon,9,-0.9036066945606694,0.0903160195432969,-1.582,-0.511,394.188456,-0.2794811715481171,0.1328463683932692,-0.933,0.378,45.772268,-0.2650899581589958,0.1162936077546859,-0.75,0.093,40.054913,1.3299790794979072,78.47681827980628,-307.81,291.7,2944661.5690999995,-0.1849790794979078,22.753389087292497,-107.03,69.22,247484.9456,2.7087029288702933,33.832348549272304,-192.33,107.85,550639.2126000001
rest,jon,10,-0.911643605870021,0.0506782801362056,-1.31,-0.425,397.6569420000001,-0.2640461215932914,0.0547407648094007,-0.49,0.046,34.685964,-0.2497400419287211,0.0509217709965376,-0.565,-0.101,30.987406000000004,-1.5113207547169818,39.87360472820092,-84.57,243.45,759473.888,0.0628511530398324,15.83770462812392,-110.32,70.77,119649.1718,1.119433962264151,8.934275711484709,-24.54,68.79,38672.495899999994
rest,jon,11,-0.9197058823529412,0.0081130178007261,-0.968,-0.885,402.6601720000001,-0.2241680672268907,0.0213763079909326,-0.27,-0.152,24.137136,-0.2553340336134453,0.0153468229991401,-0.299,-0.201,31.145153,0.1507983193277312,8.706970873941238,-21.61,30.37,36097.023,0.1267016806722689,2.802631162321218,-6.56,7.48,3746.4983,-0.1844327731092437,4.2142321257076105,-13.03,13.49,8469.833499999999
rest,jon,12,-0.8941386554621849,0.0688910180742124,-1.059,-0.655,382.813436,-0.2564600840336134,0.0456815392534486,-0.361,-0.14,32.300683,-0.284890756302521,0.1250737456356335,-0.69,-0.104,46.079744,-4.06922268907563,24.17061100966754,-78.95,50.29,285969.8567,2.5325,10.349141413358764,-18.31,24.08,54034.7033,-1.7777941176470589,14.08191679560296,-27.86,42.05,95895.4039
rest,jon,13,-0.9098781512605042,0.0287148006215161,-1.069,-0.8,394.462528,-0.2895693277310924,0.0417500242083378,-0.364,-0.171,40.742487,-0.2245525210084033,0.0370216177755665,-0.339,-0.172,24.654151,-5.70859243697479,14.843253918339892,-45.41,27.13,120385.2621,-1.9413235294117648,6.270181947250912,-18.19,11.23,20507.9453,-2.3991176470588234,14.70065456364459,-48.13,28.99,105607.7448
rest,jon,14,-0.9107268907563024,0.0213204095908713,-0.973,-0.86,395.021942,-0.2774957983193278,0.0436348241832775,-0.365,-0.149,37.560168,-0.2396764705882353,0.0358553400869847,-0.326,-0.171,27.955678,6.096050420168067,16.49606264295049,-30.3,46.85,147218.19079999998,2.5095798319327733,7.002951256009642,-6.32,26.49,26341.515,1.5784453781512606,7.987403929483643,-15.96,31.89,31554.093
rest,jon,15,-0.9167379454926624,0.0155901546088096,-0.982,-0.851,400.990772,-0.2184654088050314,0.0415668661196004,-0.302,-0.118,23.590006,-0.2656939203354297,0.0179842297774931,-0.324,-0.216,33.827262000000005,-3.0936477987421385,10.384285807170894,-40.22,31.07,56001.7311,-0.7453878406708594,4.3246811186838725,-10.9,10.93,9186.2901,-0.5125995807127882,9.33507292599178,-21.82,19.04,41692.8265
rest,jon,16,-0.9142151898734177,0.0113317866870547,-0.951,-0.867,396.2250480000001,-0.2946814345991561,0.01909972146308,-0.336,-0.243,41.333723,-0.2121582278481012,0.0153706068411557,-0.252,-0.182,21.447253000000003,-1.632046413502109,13.879675189460826,-41.32,20.91,92576.4465,-1.27879746835443,6.950650064391871,-21.61,9.06,23674.8113,0.091392405063291,8.588437507527305,-27.44,17.7,34966.7958
rest,jon,17,-0.9092368972746332,0.0121805280398294,-0.937,-0.869,394.412268,-0.2580314465408805,0.0408812907519678,-0.325,-0.162,32.555969000000005,-0.252832285115304,0.0254411221787337,-0.31,-0.203,30.800565,1.3670440251572324,5.126525407201483,-10.65,20.17,13427.5844,0.5341719077568134,3.87437666533227,-7.32,11.41,7296.255999999999,0.2387840670859538,6.118620426364625,-14.89,17.33,17884.8926
rest,jon,18,-0.9127735849056604,0.0170873662777467,-0.969,-0.862,397.554503,-0.2427421383647799,0.028933136357721,-0.292,-0.122,28.505936,-0.262727463312369,0.0189230246002651,-0.338,-0.218,33.096073000000004,0.9822431865828092,6.785589166387121,-19.38,26.4,22423.3035,0.2837316561844862,3.9239800735629458,-9.31,10.47,7383.0648,0.1920754716981133,6.95483462227786,-15.87,14.01,23089.9566
rest,jon,19,-0.9084947589098532,0.0124302023556438,-0.947,-0.88,393.77172200000007,-0.2510314465408805,0.0305587562825869,-0.312,-0.18,30.504448000000004,-0.2715807127882599,0.0111588626215022,-0.315,-0.227,35.241048,-0.6477568134171908,7.304423130829266,-26.67,15.53,25650.2868,-0.4234171907756814,2.550869926007788,-7.32,5.16,3189.3266999999996,-0.1572955974842766,6.778071964985124,-16.17,20.05,21926.2597
rest,jon,20,-0.9164675052410902,0.0130424839060146,-0.957,-0.875,400.71949300000006,-0.261251572327044,0.0238506802913035,-0.324,-0.204,32.827731,-0.2369937106918239,0.0279032087577235,-0.333,-0.186,27.162578000000003,-1.4544654088050313,15.726580977520642,-45.26,27.16,118983.2706,-0.4342557651991613,6.538792107407326,-25.88,8.18,20484.4694,0.4432914046121592,8.1038500481385,-15.35,16.72,31419.4619
rest,nav,1,-0.1480260047281325,0.6336278611797574,-0.74,0.637,179.096493,0.2892104018912529,0.0359111812872543,0.186,0.36,35.92635,0.6841158392434987,0.0646112456064038,0.602,0.845,199.735987,-0.1772104018912529,3.931539592279356,-29.05,12.09,6551.5962,0.1463593380614657,1.7810552781912987,-5.95,7.87,1350.8839,0.0108510638297872,5.114880921458697,-10.96,33.23,11066.5787
rest,nav,2,-0.691754716981132,0.0077876429945437,-0.714,-0.669,202.92014,0.3053278301886792,0.0138845841965392,0.284,0.349,39.609175,0.6228183962264151,0.0074746452729351,0.597,0.644,164.494457,0.5375471698113208,2.9248905998959884,-9.0,21.52,3749.831400000001,-0.3009905660377359,1.2944522262133649,-7.54,2.35,748.8696,0.2189858490566037,1.621681854598984,-5.43,6.65,1135.3900999999998
rest,nav,3,-0.6761650943396226,0.013490951142412,-0.715,-0.657,193.929646,0.304632075471698,0.0085743974668096,0.29,0.332,39.37867,0.640568396226415,0.0192837560263687,0.585,0.671,174.13668700000002,-0.1899292452830188,1.8080876337224876,-10.74,5.25,1401.4277000000002,-0.0443867924528301,0.9489189983797024,-5.31,2.72,382.625,0.3319339622641509,0.991424330539748,-1.1,5.37,463.4754
rest,nav,4,-0.7004929245283019,0.0171740520304687,-0.721,-0.658,208.177761,0.2467735849056604,0.0292029440939132,0.218,0.328,26.182006,0.6406367924528303,0.0106841517747364,0.598,0.668,174.064572,-0.282877358490566,1.3584887635928815,-5.71,4.7,816.4168000000001,-0.0697877358490566,0.7995170725403885,-2.87,4.24,273.0975,0.0560613207547169,1.8805368076480211,-8.15,6.65,1500.7741
rest,nav,5,-0.7160400943396227,0.0059245090546196,-0.754,-0.681,217.40537099999997,0.2215495283018868,0.0069504580929625,0.196,0.248,20.832181,0.6333419811320754,0.0061990209086644,0.616,0.652,170.092049,0.0847877358490566,1.3781586198108782,-5.62,6.13,808.3602999999999,-0.1628537735849057,0.7969420431419524,-3.14,2.78,280.5345,0.1643867924528301,1.0495507131378656,-3.81,3.57,478.5178
rest,nav,6,-0.7222877358490566,0.0115181251981894,-0.757,-0.674,221.25686999999996,0.201,0.0181416075508291,0.092,0.269,17.26957,0.6338113207547169,0.0207855688361062,0.522,0.722,170.511104,-0.1272169811320755,4.322127663295573,-23.87,14.13,7927.516,0.5411084905660377,2.6459359986561495,-8.24,10.9,3092.5609,0.0341981132075471,3.36070197327939,-12.42,14.37,4789.286599999999
rest,nav,7,-0.7200709219858157,0.0059006495496164,-0.734,-0.704,219.34112999999996,0.2127895981087471,0.0046723051629664,0.202,0.227,19.162426,0.6319361702127659,0.0072986407937881,0.614,0.654,168.94475900000003,0.157966903073286,0.7258835840739186,-2.47,2.32,233.437,-0.2802836879432624,0.8596711201893321,-4.52,1.53,345.84200000000004,0.1463120567375886,0.5585485386217379,-0.67,2.72,141.02130000000002
rest,nav,8,-0.7247617924528301,0.0043412623799148,-0.739,-0.706,222.72656499999997,0.2030141509433962,0.0051592367923078,0.187,0.224,17.486337999999996,0.6300259433962263,0.0074312437413912,0.606,0.658,168.322875,0.1297169811320754,0.9616313355754884,-3.69,3.17,399.222,-0.042193396226415,0.8731066579649964,-2.5,3.69,323.9765,-0.017877358490566,0.7388566665046106,-3.45,2.23,231.601
rest,nav,9,-0.7289881235154394,0.0042641243897601,-0.748,-0.71,223.73702599999996,0.200729216152019,0.0073032597155974,0.172,0.235,16.985478999999998,0.6256555819477435,0.0100805614053997,0.589,0.663,164.841087,-0.0591211401425178,1.216257425657736,-5.77,2.62,624.2493,-0.0597862232779097,1.2435605924817743,-5.55,4.27,652.5572999999999,0.0743467933491686,1.0035092172436897,-3.88,3.85,426.287
rest,nav,10,-0.7343144208037825,0.0045510454032717,-0.751,-0.72,228.097835,0.2066713947990543,0.0123498379002836,0.177,0.23,18.132142,0.6175271867612293,0.0085329894312691,0.586,0.641,161.337546,0.0541134751773049,0.8192478279933658,-2.41,2.41,285.14230000000003,-0.0930260047281323,0.8912918967356531,-3.2,2.5,339.69230000000005,0.0923404255319149,0.5418154906925686,-1.68,1.8,127.7844
rest,nav,11,-0.7284278959810875,0.0153919286535873,-0.778,-0.644,224.547059,0.2582127659574468,0.0228060405846462,0.214,0.328,28.42304,0.6048061465721041,0.0248386806570377,0.533,0.674,154.990345,-0.5499290780141843,3.6712719943414425,-15.66,22.55,5829.2192,-0.309338061465721,2.7783144603022123,-8.0,6.01,3305.6271,0.2483924349881796,2.9385189121089903,-11.14,14.13,3678.6585
rest,nav,12,-0.7248959810874703,0.0137391627757087,-0.757,-0.673,222.35542699999996,0.2229101654846335,0.0274148838062416,0.14,0.35,21.336339,0.6248345153664303,0.0316996996829578,0.521,0.77,165.571947,-1.3736879432624114,6.361888305031289,-17.0,30.06,17918.5513,-0.1384397163120567,5.296334021443214,-24.38,11.81,11873.745199999998,0.6541843971631206,4.644614892823808,-9.7,24.66,9306.1712
rest,nav,13,-0.7192624113475176,0.0090918445179509,-0.739,-0.691,218.86911599999996,0.2298652482269503,0.0230063882149556,0.155,0.282,22.574379,0.6268794326241134,0.0167946047753402,0.571,0.695,166.34893,-0.217919621749409,2.434870479838018,-7.57,10.47,2527.8832,0.0208037825059101,2.0525352637116905,-6.1,8.06,1782.2402,0.0199763593380614,2.9158920956354177,-9.92,12.54,3596.6953
rest,nav,14,-0.7377553444180522,0.0030341682386411,-0.745,-0.724,229.146997,0.1977244655581947,0.0037789383837522,0.181,0.212,16.464992000000002,0.6160712589073634,0.0029046045158979,0.606,0.623,159.79149,0.1005938242280284,0.3655983009828886,-0.95,1.16,60.53189999999999,-0.0802612826603325,0.2783317765044651,-0.98,0.58,35.3263,0.1381710213776722,0.308425207333819,-0.89,0.98,48.0855
rest,nav,15,-0.7265957446808511,0.0132220419466804,-0.766,-0.679,223.393152,0.1977919621749408,0.0194181127621112,0.145,0.267,16.70796,0.630241134751773,0.0230607894500569,0.561,0.729,168.24219599999998,-0.3675886524822694,4.784385591237349,-17.27,23.41,9739.772500000005,0.3884633569739952,3.3880578413894513,-7.97,14.56,4919.422199999999,0.3242789598108747,6.331868840585693,-22.1,22.55,17003.635500000004
rest,nav,16,-0.7229290780141844,0.0049954760480491,-0.742,-0.698,221.081545,0.249274231678487,0.0087664993546172,0.216,0.292,26.316731,0.6132789598108747,0.0066926943590197,0.567,0.633,159.113935,-0.189338061465721,1.3701824822448343,-9.06,3.78,809.3043000000002,0.0088652482269503,0.6731150115109544,-1.34,3.05,191.68769999999995,0.1612765957446808,0.934649667794826,-3.51,4.39,380.5224000000001
rest,nav,17,-0.6090496453900709,0.1156257715578045,-0.791,-0.373,162.563464,0.4803002364066194,0.2185626853942653,-0.093,0.923,117.787719,0.5345697399527186,0.1351068720892759,0.273,0.901,128.599899,12.443238770685578,58.83277525829549,-151.59,200.87,1529622.8358999998,-4.5208747044917255,18.355158033142978,-83.01,46.85,151159.1069,0.9359338061465722,15.162712944731169,-40.59,72.45,97621.5626
rest,nav,18,-0.2859127358490567,0.2177394137280349,-0.552,-0.094,54.762375000000006,0.6840424528301886,0.0604818161479106,0.588,0.76,199.94658200000003,0.5467099056603774,0.2344968787175918,0.26,0.789,150.04533500000002,0.8044575471698112,3.0398301976053252,-8.55,14.4,4192.3931,-0.3581367924528302,0.7921710496186178,-3.14,2.44,320.4579,-0.3117452830188679,1.0008716819845114,-4.03,3.48,465.946
rest,nav,19,-0.1027264150943396,0.0021925388870195,-0.11,-0.098,4.476389999999999,0.684429245283019,0.0084524024382166,0.67,0.7,198.65029,0.6953655660377358,0.0092767127371662,0.675,0.714,205.054595,0.7107311320754717,1.0631914768231,-1.95,4.36,693.4583,-0.265872641509434,0.3714424874939106,-1.07,0.76,88.4709,0.0033490566037735,0.3268742918734804,-1.04,0.79,45.3078
rest,nav,20,-0.1044150943396226,0.0028229782363977,-0.113,-0.098,4.626043999999999,0.7027122641509433,0.0043984603401857,0.691,0.715,209.381322,0.6755896226415096,0.0058842198509086,0.662,0.694,193.5373280000001,0.3659198113207547,1.4021131636777593,-2.5,4.33,890.3231,-0.1739622641509434,0.5540807945398329,-1.62,1.07,143.0018,0.0688679245283019,0.3184946039491863,-0.98,1.01,45.02100000000001
right,akshat,1,-0.3063439490445859,0.5036541973307317,-0.793,0.482,163.67917199999997,-0.5038089171974522,0.2748360669556978,-1.143,0.231,155.12775399999998,-0.5574246284501062,0.2324606446809844,-1.226,-0.182,171.80203899999998,-12.363333333333332,30.871610312450393,-119.17,52.83,520882.8255,21.450424628450108,35.54930317893149,-18.49,120.46,811944.5001000001,10.177664543524411,62.86145219818711,-143.13,161.87,1909974.2501999997
right,akshat,2,-0.0202893617021276,0.4768322927599823,-0.99,0.465,107.056926,-0.4884765957446809,0.4253187521631306,-1.391,0.4,197.16755,-0.6246468085106383,0.2823448373366608,-1.268,0.267,220.854054,-17.29640425531915,53.6601954783315,-170.48,112.7,1493933.6241,-5.901319148936168,79.53728596237016,-294.47,111.45,2989672.5502000004,16.85997872340425,59.180762175741485,-103.0,156.83,1779712.1023
right,akshat,3,-0.1373773987206823,0.5225093019043797,-1.012,0.476,136.895716,-0.4010191897654585,0.2446381899488161,-0.947,0.145,103.491526,-0.7007420042643923,0.2458204043159812,-1.522,-0.208,258.638036,-20.901577825159915,41.189853156501755,-306.86,94.24,1000602.1006,0.5076972281449906,72.22787481022333,-259.65,109.35,2446830.9946999997,10.064072494669508,41.020055064930446,-93.08,89.08,836663.3917
right,akshat,4,0.052995744680851,0.4811995427906102,-0.855,0.567,110.149928,-0.5733808510638299,0.2635362659352702,-0.963,0.177,187.161973,-0.6213829787234043,0.2130244070714632,-1.217,-0.045,202.80321599999996,-16.45987234042553,34.75109631799912,-113.56,105.53,694926.0636,-1.4918723404255287,75.37354524268969,-241.62,97.6,2671196.5926,13.47944680851064,53.432540731802014,-111.76,143.01,1427263.9908
right,akshat,5,-0.097395744680851,0.55977391407202,-0.955,0.559,151.7314,-0.4458446808510639,0.228937182045142,-0.916,0.074,118.059165,-0.6367297872340426,0.2406700340360915,-1.391,-0.239,217.773037,-21.71255319148936,30.86822056282571,-141.0,58.14,669412.5432,0.4376170212766002,79.4590151832747,-266.24,112.67,2967545.5031999997,7.49159574468085,42.28152997753077,-66.1,84.81,866610.3385000001
right,akshat,6,-0.0856059957173447,0.4855608900552056,-0.874,0.56,113.526656,-0.4982762312633833,0.3376030174005549,-1.157,0.158,169.173085,-0.6406316916488223,0.2323043241923532,-1.054,-0.121,216.862781,-25.32468950749465,54.07101862256879,-255.62,109.07,1664861.9833,2.662698072805138,66.52067036866376,-192.14,125.19,2069785.8186,9.771413276231266,61.85470427750398,-134.34,115.24,1831333.4757000003
right,akshat,7,-0.1114501061571125,0.5366742569998263,-0.952,0.519,141.507421,-0.4208365180467091,0.2389819366708858,-0.93,0.008,110.315614,-0.6746369426751593,0.239574157400714,-1.234,-0.118,241.401998,-9.09312101910828,24.28367412713206,-63.75,74.13,316691.7708,0.1723991507431013,71.87084754572237,-206.85,88.84,2432926.2191999997,5.602696390658174,44.68634968470227,-67.81,130.5,955310.4859
right,akshat,8,0.0958237791932059,0.4288563480324308,-0.8,0.464,90.950083,-0.4827261146496815,0.2976091912547375,-0.916,0.029,151.47159,-0.6477218683651804,0.228311668032027,-1.013,-0.248,222.156493,-15.35868365180467,24.30753665830036,-107.61,44.43,389397.1314000001,8.611783439490443,58.06348721496534,-252.63,97.93,1622845.2712999997,3.4710573248407615,44.46845651844232,-82.43,125.92,937050.667984
right,akshat,9,-0.0199191489361702,0.4887454737836009,-0.816,0.434,112.456388,-0.5376553191489362,0.3141659141610414,-0.998,0.049,182.25352799999996,-0.5693957446808511,0.2491409768883291,-1.105,-0.121,181.552888,-9.55451063829787,29.36546657024514,-98.24,39.52,448201.0712,21.81495744680851,36.336435718750266,-95.68,114.6,844227.5967,12.175106382978722,48.0767497119036,-104.46,136.33,1156015.3268000002
right,akshat,10,0.0434340425531914,0.4451640086370252,-0.866,0.496,94.02703,-0.5633872340425533,0.3119531931727056,-1.13,0.393,194.918386,-0.6015659574468085,0.2367043737306774,-1.247,-0.1,196.41796400000004,-15.479659574468084,27.731311343322385,-92.26,72.51,474063.37999999995,3.2911063829787266,69.34793314235358,-268.72,111.06,2265384.5898,5.739553191489364,57.78021632281243,-109.29,168.92,1584603.0585
right,akshat,11,0.1766787234042553,0.4014572987738495,-1.007,0.492,90.420167,-0.5825106382978724,0.2193776761214404,-0.966,0.035,182.099248,-0.6289595744680853,0.204261785679996,-1.202,-0.2,205.537121,-9.556127659574466,21.90405184281299,-83.62,82.0,268420.3196,-11.898382978723408,70.0820921578047,-230.57,120.98,2374943.4446,12.66272340425532,42.23689269967068,-81.45,112.52,913820.8443999998
right,akshat,12,-0.1672510638297872,0.5216423417549944,-1.043,0.457,141.039316,-0.4073744680851064,0.2958594192245128,-0.961,0.165,119.138774,-0.6656106382978724,0.2534628167232715,-1.498,-0.258,238.422033,-15.015489361702128,35.840561523118474,-164.65,114.29,709705.0623999999,2.6808510638297873,72.59050096199907,-248.18,114.2,2479986.8624,10.850382978723404,47.122476498404545,-79.81,110.9,1098981.543
right,akshat,13,0.1987983014861996,0.3872778915230094,-0.793,0.568,89.25682200000001,-0.5109299363057325,0.2862147453248997,-0.855,0.237,161.53806,-0.690932059447983,0.177363923653615,-1.115,-0.364,239.666029,-16.026687898089172,29.750597126270993,-133.09,29.94,537859.7472999999,17.366475583864116,35.7859341340422,-25.36,112.19,745229.1788999999,8.130594479830147,45.38777174361411,-99.49,117.31,1001419.6599
right,akshat,14,-0.0063205128205128,0.517660776303183,-1.099,0.558,125.42991,-0.4916709401709401,0.3079026629298406,-1.205,0.185,157.50276200000002,-0.6528653846153846,0.282015436169144,-1.999,0.039,236.698449,-11.591260683760686,48.00047897188458,-225.62,207.31,1141172.7470999998,1.9618589743589776,81.75104235309614,-263.71,110.14,3129554.2901,17.775213675213678,52.45389336984622,-88.84,132.6,1435528.7625999998
right,akshat,15,-0.1082186836518046,0.5376859446809046,-0.938,0.536,141.685023,-0.4445966029723991,0.2444989301969256,-1.002,0.054,121.257003,-0.6640849256900212,0.2818505220487176,-1.48,-0.027,245.13124600000003,-24.10704883227176,35.73970157067169,-176.21,56.09,875342.2297999999,-4.09526539278131,78.85036980341634,-283.36,89.02,2936285.5999000007,12.237070063694269,50.872826239452934,-119.36,118.75,1289499.2470000002
right,akshat,16,-0.1819232409381663,0.5621716558613469,-1.415,0.498,163.743394,-0.50154157782516,0.2733349064532069,-1.026,0.516,153.014029,-0.6023070362473347,0.3146978711056415,-3.764,-0.043,216.588194,-23.00042643923241,43.062224980686175,-134.95,331.83,1117802.7984000002,-2.8972068230277164,81.87747315284828,-249.0,97.75,3148075.4617,4.158955223880597,52.5353888968351,-97.11,127.54,1302536.8137
right,akshat,17,-0.101682302771855,0.5099598246292041,-1.001,0.466,126.816809,-0.5700511727078892,0.2374923308013467,-1.122,0.007,178.85828399999997,-0.5840127931769723,0.2481257157943666,-1.111,0.08,188.8369,-21.98078891257996,44.97078435184152,-140.9,161.32,1175091.9408999998,-3.1355223880597043,78.37312770226701,-277.9,123.91,2885371.7852000003,17.015053304904047,49.94589043420705,-135.2,90.49,1305744.7808
right,akshat,18,-0.2882127659574467,0.5146038731101905,-1.114,0.438,163.50536000000002,-0.4095702127659575,0.2436933946623962,-0.93,0.504,106.753088,-0.6625063829787233,0.2725665075226363,-1.502,-0.101,241.20738800000004,-23.47651063829787,36.57620605121519,-156.19,154.97,887813.7384000001,-4.825021276595749,67.5162042385884,-222.63,96.5,2153407.7726,9.64874468085107,52.632134560781154,-93.84,121.95,1345722.7353000003
right,akshat,19,-0.2180533049040511,0.506997583226383,-0.947,0.515,142.854489,-0.4521918976545842,0.2269341634950931,-0.894,0.172,120.053038,-0.6493390191897653,0.2166029504823824,-1.163,-0.281,219.753702,-10.835756929637526,34.764954483616876,-113.16,109.62,621901.3579,-1.0808102345415809,60.904371494559875,-165.35,92.93,1740229.4798,6.678869936034117,50.56299986590365,-89.57,111.18,1219974.1775000002
right,akshat,20,-0.2402307692307692,0.4882021462821021,-0.855,0.593,138.55241,-0.4133867521367521,0.3014340192217067,-0.879,0.388,122.499503,-0.669923076923077,0.2455126471178339,-1.236,-0.265,238.246346,-13.709594017094016,47.59985413553351,-153.14,234.17,1148331.1703,-1.4129059829059845,55.12154331755515,-192.88,67.42,1422898.2335999997,12.114807692307696,52.16145047818991,-86.61,103.37,1342030.0053
right,nav,1,-0.5907837259100642,0.3152633485222307,-1.173,0.286,209.410454,0.3028051391862955,0.3365902752919731,-0.823,1.354,95.727512,0.7311263383297644,0.3305534893270563,-0.004,1.968,300.659892,-46.202248394004286,91.07776176248628,-306.8,208.59,4870719.609499999,-4.339464668094216,83.2808358305193,-207.62,212.35,3247764.8422999997,-17.2195931477516,103.18204062709516,-239.08,203.53,5110403.3675
right,nav,2,-0.6043270042194093,0.3792625542435779,-1.558,0.363,241.290275,0.2387299578059071,0.3564694477253297,-0.536,2.44,87.24560600000001,0.709120253164557,0.366201496681933,-0.081,2.209,301.91670300000004,-35.20540084388186,87.92224201219585,-639.73,83.22,4251657.1814,-5.753270042194092,76.73417729162983,-217.05,168.28,2806664.9543,-21.42054852320675,91.81754540852636,-225.53,240.67,4213528.9318
right,nav,3,-0.4833163481953291,0.4232568294316698,-0.975,0.33,194.401028,0.2163057324840764,0.2097746337704062,-0.267,1.013,42.763769999999994,0.7081316348195329,0.266509544363856,0.248,1.204,269.63702,-41.28131634819533,63.46897984124909,-386.64,31.4,2699987.9448,-17.611040339702758,47.85225255188352,-174.57,99.03,1224593.7904,-15.832717622080684,77.50865310122282,-149.91,167.3,2947643.4051
right,nav,4,-0.4612468085106382,0.3761315732056467,-1.209,0.227,166.485082,0.2392468085106383,0.2162340407108807,-0.38,0.908,48.87821199999999,0.7861829787234041,0.2764260520708343,0.166,1.499,326.412668,-34.074446808510636,75.99886361141128,-338.24,141.36,3260340.7419,-3.919425531914892,58.99864825615045,-132.21,131.53,1643215.1245,-21.87161702127659,86.57873025578736,-197.55,142.98,3747894.757
right,nav,5,-0.5072957446808511,0.3727363334009865,-0.984,0.214,186.252233,0.2446063829787234,0.2257138094779422,-0.588,0.765,52.06613300000001,0.7532106382978724,0.2957400387589149,-0.016,1.427,307.750565,-33.175829787234036,62.825137410867896,-252.39,103.85,2372387.7792,2.525021276595745,64.54132015327241,-160.83,149.91,1960820.1376,-9.845936170212765,82.34287969757642,-192.94,163.4,3232327.3791000005
right,nav,6,-0.4212255319148936,0.452638421507407,-1.161,0.282,179.68687,0.2238808510638298,0.2083017825464814,-0.509,0.959,43.950766,0.7520276595744682,0.2636702673288094,0.333,1.955,298.481777,-40.31825531914894,70.53732788418621,-331.64,143.35,3102505.8784,-7.706255319148935,47.371168428885,-165.07,161.66,1082604.5656,-13.914297872340429,73.92631867621743,-131.26,136.57,2659592.8907999997
right,nav,7,-0.3000277777777778,0.3935992110916698,-0.908,0.363,114.630519,0.3417649572649573,0.234264716881193,-0.27,1.064,80.347758,0.7763547008547009,0.2405851801091629,0.224,1.429,309.164474,-33.23228632478632,52.35344387919515,-217.08,134.62,1799585.3961,-1.5052564102564103,57.16961954078868,-176.49,128.45,1530655.3994,-14.929166666666664,81.78368179573624,-152.62,231.57,3234558.8927
right,nav,8,-0.4450148936170212,0.3678825752055706,-1.128,0.328,156.686647,0.1726127659574468,0.218538401725005,-0.743,0.755,36.450474,0.8046510638297872,0.2490857187090936,0.362,1.412,333.468304,-32.579297872340426,64.26197668103453,-306.77,67.08,2439775.7794999997,2.6849148936170217,54.56844149823182,-130.19,141.73,1402914.0804999997,-14.79129787234042,74.53016519544424,-192.11,138.92,2713558.1679
right,nav,9,-0.471865671641791,0.361716426224561,-1.024,0.558,165.789617,0.2795842217484008,0.2392159096621329,-0.352,1.026,63.498655,0.7820639658848614,0.2424835434199078,0.324,1.35,314.428066,-30.170234541577827,82.22571257893381,-359.23,189.49,3597844.794,-1.9580170575692943,67.07095199412656,-165.78,149.69,2111600.4767,-15.80029850746269,88.58569616205789,-183.42,209.45,3797528.1738
right,nav,10,-0.4890553191489362,0.3963334577167933,-1.149,0.208,186.239998,0.2293936170212765,0.211113915910753,-0.436,0.811,45.679543,0.7206042553191488,0.2599334791805656,0.339,1.449,275.812876,-35.10108510638298,63.42757396795846,-297.59,67.48,2469917.3581,-15.3031914893617,46.916553963093264,-154.97,83.22,1144614.8316,-16.3736529787234,82.34300000276232,-168.37,154.12,3312779.09582161
right,nav,11,-0.4376178343949044,0.3883639788447172,-1.27,0.313,161.240232,0.2219065817409766,0.2359215651516455,-0.365,1.091,49.408614,0.7667494692144374,0.2535091904319767,0.069,1.5,307.172851,-36.849893842887475,68.31124257541212,-409.83,122.87,2837464.3935999996,-2.4357749469214456,58.053554930862845,-171.18,131.41,1590165.8209000002,-12.760594479830148,84.0423431043312,-150.21,235.72,3403421.605
right,nav,12,-0.4294392324093817,0.4185280621948943,-0.97,0.298,168.644799,0.2446268656716418,0.2701454859613092,-0.414,1.28,62.29299599999999,0.7490191897654583,0.2651192869361392,0.093,1.301,296.08813399999997,-38.943411513859274,66.23012837980856,-339.88,214.45,2768516.0074,-7.451918976545842,57.39945507406325,-157.02,128.15,1571257.1848999998,-17.060170575692958,84.03078535761394,-160.16,155.61,3448192.2624000004
right,nav,13,-0.4808251599147121,0.3448194350359221,-1.176,0.189,164.193747,0.240682302771855,0.2884712727255076,-0.542,0.976,66.19637,0.7735778251599147,0.2474573832464932,0.338,1.318,309.37951200000003,-41.328230277185504,94.87604545587728,-422.47,112.61,5022749.224400001,0.968635394456288,52.371225003549355,-144.96,112.46,1286787.5441,-24.90648187633262,92.16885747392796,-197.21,217.17,4275137.198800001
right,nav,14,-0.4714157782515991,0.3901879485975841,-1.205,0.269,175.630872,0.1903454157782516,0.2438721397782214,-0.516,1.041,44.885644,0.7832515991471216,0.283587722582205,0.253,1.404,325.44147499999997,-43.00130063965885,66.39090626882066,-286.32,175.33,2934469.3529000003,1.4611940298507466,67.32873330318802,-179.91,145.6,2127052.6122000003,-24.339189765458425,86.08110487937505,-174.26,195.2,3753103.4518
right,nav,15,-0.4268893617021276,0.4456328711442563,-1.21,0.295,178.98689599999997,0.2444127659574468,0.1960729994507813,-0.425,0.746,46.145644,0.7607170212765958,0.2607186278380689,0.23,1.426,303.93235699999997,-36.47461702127659,51.55214359785806,-275.25,58.5,1874369.9623,-12.645851063829788,62.019498231374264,-168.4,127.84,1882977.7837,-19.384829787234047,71.51645985122501,-144.54,145.57,2580476.5581
right,nav,16,-0.562615711252654,0.3926122202719523,-1.556,0.26,221.690654,0.2096475583864119,0.2600687868124143,-0.438,1.001,52.557888,0.7497770700636942,0.28696853801362,0.017,1.706,303.567317,-38.79138004246284,74.96159025523953,-325.51,137.33,3355409.2654,-10.532080679405516,64.30228566499764,-211.4,141.39,1999728.7813,-16.923694267515927,92.1680425152178,-181.22,214.55,4136020.3191999993
right,nav,17,-0.4270982905982906,0.3844804838684409,-1.072,0.235,154.55147399999998,0.2782564102564102,0.2448798642783724,-0.367,1.405,64.29982,0.7819444444444444,0.2718592386356016,0.336,1.641,320.741254,-44.31952991452992,69.87590175704509,-379.89,165.17,3204331.593,2.753354700854702,65.67083163013733,-172.89,164.25,2021871.8937,-13.947051282051282,92.23324099652936,-155.43,259.5,4072297.7806
right,nav,18,-0.4694309978768577,0.4260661100866824,-1.082,0.37,189.29386,0.1872165605095541,0.2108063676728944,-0.518,0.73,37.439491,0.7634437367303609,0.2769875569534775,0.257,1.621,310.656738,-43.07435244161359,66.59790408734311,-303.54,113.5,2962910.5942,-3.096348195329087,67.62155879795415,-215.8,141.94,2158245.6782,-13.162101910828026,82.25243459402003,-162.08,141.91,3268129.5479
right,nav,19,-0.5007261146496815,0.4462017330288399,-1.045,0.339,211.866458,0.2116348195329087,0.2349156834281373,-0.499,1.408,47.088072,0.7019171974522294,0.2571228599682657,0.27,1.211,263.19476099999997,-40.57065817409766,78.12033779544103,-281.62,231.36,3649668.542,-13.448386411889595,55.456474491274946,-194.16,113.28,1533707.7199,-13.208832271762208,80.05804668871865,-151.83,169.53,3100952.8862000005
right,nav,20,-0.4542063829787234,0.3918884637806578,-1.09,0.335,169.14360299999998,0.2570255319148936,0.2292316105231016,-0.327,0.874,55.74634999999999,0.7620212765957446,0.2564849039033003,0.348,1.644,303.836638,-38.699595744680856,55.62558799733575,-247.54,51.94,2158176.4328999994,-4.399255319148941,58.81903839707079,-178.41,97.66,1635145.3809,-13.72106382978724,83.24097864695194,-159.06,157.63,3345144.2158
bye_bye,nav,1_aug1,-0.1528564336924771,0.7835918076313529,-1.0079929548938351,1.5277354736721644,293.70731798146016,-0.2584639944291407,0.6772020687147385,-1.9860733636228374,1.5777466894386147,244.63414420324148,-0.2702735160764459,0.46762552243948846,-1.4255119549520303,0.8807587070671535,130.93237452755278,12.163058307343713,68.3429637357447,-312.4006212185134,302.14249450194455,2291319.245181305,17.316343915443063,96.78979124279192,-231.6939420167846,247.1190692114857,4367579.017151977,-36.83534274629803,120.81559653650615,-372.1558132446169,184.61054302160855,6482482.035200012
bye_bye,nav,2_aug1,0.4249315417317675,0.516209751349575,-0.8116687260969639,1.2154913413885458,201.10413063274106,-0.12684273300593227,0.7153635538994839,-1.9671487707250137,1.4554812242549644,244.63650139633245,-0.31620908906972744,0.7141223859946878,-1.7924387369377173,0.9703808995600384,283.4533231346996,12.860762392512168,59.32376815342783,-113.74856828986768,209.13391269026027,1761346.8909091519,19.348308978621475,158.23044632316808,-355.1265560688436,333.76070460714703,12073026.71165585,-7.641428046171049,142.98143153497517,-339.71317743640464,282.17963409956565,9540413.117074337
bye_bye,nav,3_aug1,0.6131742409982067,0.48243410208024107,-1.007882495586872,1.1415325477365634,269.9336410935839,-0.04171613381148348,0.5481354350911669,-1.8452340574621573,1.0713421071768117,157.36582850733532,-0.37513830734995196,0.5349092166088758,-1.1805723292993293,0.7031340241020075,195.38861330469751,4.483975986015424,35.43924889557091,-107.52838828871164,145.7193140512127,544184.3020514136,17.289031651556407,123.00402597562947,-281.96413709578593,226.80854312768628,7207061.466363401,-28.115063682807538,101.94101182861746,-344.5854962603011,177.16827244621908,5934709.00507699
bye_bye,nav,4_aug1,0.34954839869731813,0.6043516570421018,-0.9396658827690707,1.1345221696373424,223.7894536896122,-0.3774478609419427,0.7298776831729248,-1.7285102021697645,1.1552081877184448,288.55060385946996,-0.34445596428430625,0.5134445863944024,-1.3894587191089058,0.8057354111080017,170.58358659313717,1.4868895415089673,63.54929145141451,-152.56775414592906,257.09581804855054,1658573.1094026072,13.783051453933238,111.57687189791001,-227.74856092284108,263.6604297849716,5866601.301349253,-0.7566593798434295,145.40989620410244,-249.95976008073842,375.90057862084177,10011184.14157803
bye_bye,nav,5_aug1,0.4742768336083907,0.5197225668870237,-0.8832439306931015,1.3462596785433958,229.19420954661524,-0.032531163603583844,0.737253096370589,-1.7752069418150787,1.3188694375717387,246.8318038458236,-0.30733933769851696,0.619329155707112,-1.4681402509108312,1.2078795800534303,212.8483849062931,6.782755136848683,44.92858816858271,-124.79443628451205,192.49099344848574,1031770.198128237,24.53244469486216,113.42018778557646,-228.613695093293,229.8945926418806,6342664.768759675,-27.151155007470308,123.0690287448961,-279.1658286603378,185.6934148329883,7784662.266464611
bye_bye,nav,6_aug1,0.44710355713173944,0.4842893461923362,-0.8799806451621094,1.1385404059307482,191.40474141082018,-0.024007159108191428,0.6053570304497089,-1.3463341250778382,1.1951293559398328,165.48450842007628,-0.4453703801609952,0.5621777530225394,-1.6432539942119198,0.6876407465481384,227.68908525184546,10.199790439981482,40.65569312512831,-90.12009787180942,141.76443076184916,824701.1340062408,10.833989870884736,117.72253477421218,-246.80884810051865,204.53857309796518,6401372.919186247,-15.145993239515715,109.38706147818108,-272.9435290587284,222.12488003053997,5236017.827811493
bye_bye,nav,7_aug1,0.29659334532718623,0.6048541215668909,-1.1395147468841855,1.0258654911737055,206.88057520025984,-0.13548983198135198,0.644696546289428,-1.392331668120519,1.2977123674155653,202.46026365485807,-0.489460261660318,0.573927627093191,-1.3173070397411422,0.8666107168963949,238.34848058264475,9.27905607828347,59.93132587734544,-136.4566877872294,203.11066741194512,1821416.2850251857,1.6433838622281396,125.44005976717811,-260.57107103606273,302.8209389794887,7144200.183425746,0.0712646315440082,137.29893443089742,-215.18661417125452,360.1060221817366,9239434.160832185
bye_bye,nav,8_aug1,0.2269702354114056,0.6141887054004289,-1.2362910714428303,1.0332203826437851,202.31004448842967,-0.11100535478804355,0.8173941959469493,-1.6505723948883093,2.249151009285781,317.48458809292015,-0.40320539693178,0.5927384179735145,-1.6779485314343907,0.7853917873650199,245.73154437860612,1.4413736333249558,49.15544165567231,-158.78064205653433,161.94133928569812,1124576.9022111662,-9.042024464685083,137.78556347396602,-263.6315323155554,217.16163987258295,8812773.143481568,-11.241646110425942,161.51787571282924,-279.0126658978509,340.2122042890558,13320285.271965967
bye_bye,nav,9_aug1,0.25923640417767935,0.6672942041794258,-1.306591240579386,1.203178585926876,226.98151870750684,-0.15902493192746228,0.6989217154160671,-1.6012904038661484,1.3193834991491489,234.62995078808817,-0.41424778536085644,0.639132545614727,-1.6028476383516115,0.6391126895799423,254.22929855409546,-0.8270056813660864,53.88709926959053,-203.11566433068882,203.71099319580702,1368270.1973325033,3.361693785491027,147.64221626324795,-310.9962682270139,328.66923578727017,9951014.269347237,0.13605826397254783,141.52743141751654,-276.17152879745254,283.77597530804064,8655554.968777534
bye_bye,nav,10_aug1,-0.2055790032963345,0.7810836853570753,-2.1449141315887035,1.1281164598958595,295.85532779811535,-0.23466572054924661,0.47157541546835224,-1.8184085768605784,1.4135758786973112,135.3610136405027,-0.302947974849238,0.559716439260862,-1.8146751474634477,1.2679406646161793,203.6184993429732,6.3103261508523945,71.91946007518081,-228.4441533574164,332.40459312092935,2279548.6457204167,-9.783378623822895,128.4666599427076,-274.08720796547027,305.80459250340465,7567319.327083775,-2.1847152033453994,609.5386467733085,-12928.681690170935,326.9921597566769,171843064.05761242
bye_bye,nav,11_aug1,-0.02202975601150779,0.7673569331414066,-0.8602946517619268,1.309847703168293,267.30111793678816,-0.1520779969537479,0.5359156969463453,-1.4242918955324044,1.2310047697148594,165.97122890571035,-0.3684561759217639,0.5073333548584393,-1.8050647606507668,0.8599155278912968,183.97133711830844,-3.478438309524969,62.92706214478502,-209.48043031247772,185.9053269342325,2017874.1610736619,22.155424097286186,124.92375576944681,-345.18609876526506,270.2653773470497,7720574.294925906,-26.613950783370296,93.74760195651402,-282.65692128767154,152.072132854653,4159654.8175206827
bye_bye,nav,12_aug1,0.49642484553465505,0.5076697377396143,-0.7899932285655391,1.1044793834579618,243.00754015385718,0.04996624886931243,0.6165875925814298,-1.90783281399485,1.0177287286875016,164.85347521685074,-0.4295580735899463,0.5065856475940742,-1.4657096914903915,0.5224566061485757,215.36561564981696,-4.600815416980877,48.953995672076424,-184.1610922119169,163.12181258163167,1295383.639707807,25.84933980415889,101.96755730905278,-186.9749980108978,213.79175536383866,5355400.942494003,-24.4770809279169,101.78363348701207,-209.73542540323166,86.35190835633544,5175798.506382347
bye_bye,nav,13_aug1,0.5146811830087201,0.5130734861525944,-0.9128824510890121,1.1383320540407693,263.11772137599826,-0.023408607195280474,0.5662874865410515,-1.2402560255231334,1.2328723394687755,147.77338827925706,-0.3546826693605032,0.6785309469362043,-2.235931085333411,0.8644195618848166,286.4857751113702,13.419061434734157,50.753156455865515,-110.35844024189359,181.64203251130493,1298380.950574664,17.48746230079205,147.58113323593827,-363.18158526533307,250.04735468211325,10171480.615658453,-26.561179276669282,105.53716285898975,-323.09602051932313,150.80595476385201,4928395.568093405
bye_bye,nav,14_aug1,0.47984822682719924,0.6001363622248386,-1.7481231063479066,1.098722326843339,275.0660681044021,-0.08743303396911165,0.550251153707539,-1.7605169661319608,1.0717852353919173,149.4361453113486,-0.3619531264218601,0.5967917902346713,-1.5590785733562291,0.8025033556556594,233.76108317064023,0.29911480621706615,58.173441581042795,-263.6521141091331,161.16405356178473,1671208.512596581,13.680873362092411,144.45857764994557,-367.8909251148182,255.43337934011134,9428081.498557545,0.9313035613740429,131.0780991986376,-288.13971629628867,407.3825868141652,8154371.494726646
bye_bye,nav,15_aug1,0.5521841543197947,0.5581778615183203,-0.9652627654939993,1.2121602305939465,300.7576966134591,-0.043589380531338706,0.5325363218384016,-1.4747179433585529,0.8484258476322981,128.36836229452308,-0.35016062791528413,0.5808814801946306,-1.3649969337940904,1.0050683995647596,207.31572586132054,0.6789360807103388,40.58828865513631,-117.59079630876843,127.07949230666772,857344.6895818482,12.248919430688401,121.11998920578361,-248.19796743913744,236.48919346109807,6727936.12782101,-29.20295681659074,98.76561715409221,-334.51786403729636,76.97530960198785,4572480.9640826285
bye_bye,nav,16_aug1,0.23677691024754388,0.6718929445841637,-1.3542388073537408,1.2640617493990658,233.20642509257232,-0.07270488420477374,0.5755653445484651,-1.4721940398941347,1.283092025675492,155.2019198568391,-0.4386052535347742,0.7228409864038217,-2.0742380316788513,0.9907575706533778,330.97915450618393,12.20834443030084,52.21115801044272,-185.94487971644887,147.77800149513962,1471897.7424529847,1.6228494230307693,180.1143959196642,-379.92199251154517,335.4896410713409,15034379.805902809,-1.093603996444295,119.86161160319628,-214.6217930051393,239.18863304038632,7051825.357433493
bye_bye,nav,17_aug1,-0.19910907969092556,0.7509633513474336,-1.1522516746559512,1.3348690861483166,263.76954573539734,-0.172877881626897,0.6145794614853856,-1.6383442626893527,1.4964025361934679,186.02317756109727,-0.2735079373348331,0.6052734215119396,-2.085922485427993,1.121903341894986,196.90983754187076,-1.0943154820158405,48.94005156218329,-222.13412355192094,187.43921502963326,1172472.7835628241,17.69628391635425,133.05269919307742,-386.197545077286,244.23325715135888,8407610.517632555,-28.654419093204258,115.18191943337094,-296.6233721512516,174.25842488426176,7057621.462050314
bye_bye,nav,18_aug1,0.49031011198716157,0.5560574533489302,-0.8637146653808152,1.357009114909268,251.47589922266377,-0.07914402509512192,0.680291204937016,-1.5261812844102551,1.3482750304073414,212.51650251123564,-0.29404556724979125,0.7172954208764061,-1.672795877779366,0.963191502110856,283.2699761374412,-4.5529144154817835,53.08547798624387,-213.99013446835545,163.6509328723987,1365724.508476513,1.4479865669582608,157.42213651919775,-402.27890735465775,256.1827920861575,11478650.03874833,-12.652947495075848,134.9860045119159,-314.59149372735567,346.111657197848,8217908.923777007
bye_bye,nav,19_aug1,0.5867048170086303,0.5764697936925809,-1.0015361932516493,1.1629641580587722,316.45895054184103,-0.03462513232901034,0.5121738344492943,-1.7030123773549588,0.8913934531667899,122.74905792208786,-0.28414345743385044,0.5605639003704636,-1.5324043202455584,1.04409750189192,192.49260163019883,-1.3600150432714317,52.078519840217865,-166.17569932719226,240.05598533251796,1427303.7162510438,9.94357448126978,101.02007584756471,-205.67485631317038,190.69712134005684,4891238.976818912,-34.73970323219963,104.81583712556193,-386.87848051438885,81.00084061716251,4626316.42379167
bye_bye,nav,20_aug1,0.5504853654833755,0.5230097295605439,-0.8222249475945247,1.1436078700287302,272.57756415634367,-0.01158370155987173,0.5229650298219378,-1.4556083747702544,1.1274369673427245,132.80675796435196,-0.38736891146891705,0.6282694447312585,-1.6274412140998364,1.2920928607515074,246.19853168829994,-3.4361680575353826,43.580278987861604,-195.60990284946752,122.42950082755378,807645.6265162973,12.903126207403378,129.12113356410208,-272.8760105063688,239.2266926526811,7759692.266499093,-27.233329501423416,104.74436704697304,-303.58304983144575,92.03302159789754,5350789.232541859
left,akshat,1_aug1,-0.5215654894916468,0.4595227097655017,-0.8025982313824026,0.5189608704995742,216.65665386693686,-0.5946394497192303,0.1978527068337066,-1.3093034223987432,-0.3065522327680995,195.57565567050494,-0.32547633922014246,0.24346753714716526,-1.5689681303686418,0.05142933310151285,83.71777550600652,5.942428956231094,23.130484343455123,-93.58153254837957,90.16075231528124,308390.9244646458,21.14893478675539,66.54645976361567,-99.0726076772551,240.41436391686133,2256419.5951509713,-6.882347077430407,32.705754626003745,-60.37044167636438,98.46977258113145,648013.7745670759
left,akshat,2_aug1,0.21395914703740498,0.43962552021768875,-0.9377033642735784,0.5453310066833024,108.19477857827296,-0.5418526511839199,0.20419732995752113,-1.2914629719187998,-0.13950826484798853,163.93437723831642,-0.6206114679650633,0.2655348163297691,-1.0797078322633784,0.0026736525377114816,226.32056103118575,19.130711266514073,42.72737086310206,-132.57581597347644,176.54190213783423,1031590.9517607874,3.0019261398813692,73.02088305776276,-79.385768544356,265.5763502003395,2700210.58340946,-30.931378723605377,40.746558219365255,-164.26064856875743,38.024030056581125,1268136.8960720724
left,akshat,3_aug1,-0.08017173290133467,0.5690444039809923,-0.806484804825572,0.624239867083031,152.2208842822824,-0.665132105373214,0.18504380165610318,-1.2476022162898517,-0.2608558826988336,217.72265720551246,-0.41978437816002395,0.21269699408878334,-0.852626027387027,-0.0213606078896162,114.45286418302372,22.117426571176868,33.48451203401252,-23.23296207062841,153.74919529613834,580586.7222874487,10.246971228629256,54.53091741029172,-68.53780337344419,145.33405272110542,1495153.7989672413,-4.8638780955005005,56.025295104659335,-64.81670841773031,151.084723661918,892389.9311967223
left,akshat,4_aug1,-0.06118339180312764,0.5644037464153334,-0.929205678862558,0.6428108820895275,165.72187415939968,-0.35430778597908547,0.18027892113118646,-0.7632122360368127,0.2953414860564273,60.11607444018598,-0.740602305796321,0.19097854295449862,-1.2884904969365525,-0.42894722753815023,267.2964204574835,19.20270917078676,36.49842065755977,-109.57568982780575,132.9557204495835,868802.9998987993,1.402936817892762,67.47567660336739,-131.59173661869113,142.96281764618158,2097724.9621926057,-0.03688236670180496,39.48573263059185,-52.26664633485845,78.76488205537215,1444763.1429051713
left,akshat,5_aug1,-0.07082891793745442,0.4980225448100888,-0.8300758198864344,0.49518667007197553,105.37346706576926,-0.5000708200126098,0.23275229147030407,-0.9293506958075576,0.010982782282113841,163.62306724700494,-0.5910212627044427,0.19546532544421674,-1.1904024513728115,-0.27374804539556774,207.19017549197446,25.058174969587757,35.289667426166176,-43.291927708251684,148.952983201099,814684.5550604872,-1.2941103902692774,67.9929221034818,-156.64709836425732,148.75790852148242,2287869.670287093,-12.80420338601038,40.57066741574535,-105.6182119388185,82.50774460736159,925271.8779199418
left,akshat,6_aug1,-0.009855100560413341,0.43345064482276746,-0.8573507701859189,0.4088090647040101,106.3074096108356,-0.46190250836259616,0.4258670365577078,-1.3671356201255835,0.3562707966989549,188.24371581752595,-0.6264940263445673,0.31013280178671754,-1.3051895433354184,0.11928456725592768,227.61551760798008,17.297553745927644,56.84223996107183,-140.1237455103227,238.99431396333674,1789185.551693171,-0.6019196583812974,71.19771137079248,-180.23728821261804,164.89007942607114,2352510.8327520057,-14.538297941152049,49.484822155848896,-128.40365832763968,153.77437851022023,1537000.3889054153
left,akshat,7_aug1,-0.045336897809964215,0.44016859986836304,-0.7223465784009184,0.5307048079182594,80.69889980271829,-0.5128776798263848,0.3684311566612804,-1.0284702832638202,0.28424318733711323,181.19719610600154,-0.6110680815208042,0.28436374801105374,-1.1231254760348701,-0.1271076227112826,214.03117299620067,19.127262692037593,35.941450979613144,-76.37509613069903,100.32234783119075,818554.1869467004,-8.00650121034526,71.357970602822,-115.91014243206342,164.52263132183663,2625447.8142474894,-11.328240505825825,27.872994810605753,-136.71715224919913,142.7232194334987,649678.7892343933
left,akshat,8_aug1,-0.05367178362348972,0.4408317760596532,-0.8341509627766306,0.48469599931621665,94.05888504049308,-0.5421321639338779,0.3113768879560047,-1.0650201863167723,0.2788153055227058,195.7367650256455,-0.6927338720735811,0.2802484531736036,-1.1295955919625982,-0.16791389230008583,226.992244685489,13.49433236486066,33.59571156599871,-76.2420066666865,133.6317248137768,733770.1440362082,-1.1758636948506171,73.36616552434869,-94.5217203741138,181.23754418954323,2560690.9970754697,-10.173281481830685,44.4382232523678,-27.951506646027383,112.6236555296057,1331168.5890072004
left,akshat,9_aug1,-0.13660118864205067,0.5239542268130096,-1.136697476044352,0.487652849123668,137.70576270821886,-0.5111538501818518,0.26347845196072256,-1.488286770125793,-0.034987252164133245,168.2918527595161,-0.6288088960848321,0.30953056904201337,-2.6449681898756046,-0.20997165964890438,228.03246951491687,20.113514104005482,66.61905802077969,-121.05674408198433,665.5524672572992,2274215.4972723313,2.249526227753345,85.022570364127,-176.77191753703994,182.0286040003868,3221599.43177661,-10.502458175316917,40.45303388709998,-70.58045802293623,59.16248289196551,1300238.112619224
left,akshat,10_aug1,-0.15909813338778048,0.5212712892434271,-0.8979024031895642,0.3958141682143934,128.6991972381509,-0.4848255182045327,0.3001679715701822,-1.0354974379257365,0.15294663820293733,155.61620414611684,-0.6468113578740198,0.23010224865174378,-1.054615451360241,-0.13018147241005512,224.03478948822442,14.793340413689563,34.621624084375554,-63.168823214119236,139.57160161099011,676912.0856623092,4.04474953902443,73.8796414096119,-192.21640488893675,170.9353783834504,2457225.9276250205,-8.175734770896842,45.57182261388986,-28.247545357475047,65.81533672906036,481071.22542571044
left,akshat,11_aug1,0.03693939428772407,0.4416685693991086,-0.809359799477059,0.5827316560615295,106.55429183936398,-0.3973143320548097,0.37704704068567596,-1.064148992074438,0.15334444784034706,134.28762690166238,-0.7356313166356255,0.23775898232166712,-1.1126064283512456,-0.26317226194412585,283.00719967201917,20.802586643510676,36.07870912714358,-39.00609468364736,124.25213891052357,796122.9710735609,2.1091097708721485,65.99471804737115,-123.1696893849197,173.17529888765165,2019504.5928282128,-9.183944970377357,51.290736910416875,-107.79197179467869,144.45755554787573,1865877.7210961916
left,akshat,12_aug1,-0.2018376617776174,0.5597094779748916,-0.9287692533000937,0.4525447064194286,159.53583064794282,-0.6086539540116128,0.18045955291930285,-1.1023763789123582,-0.02753724850558289,168.0752506217572,-0.543250814214611,0.1796899716266735,-1.0183595864708495,-0.11455923847412627,155.35829665300582,22.907108337765735,53.06591618845639,-142.43680307679156,277.2598584092128,1364972.7074545054,10.039247343883424,63.238470085056136,-151.01729618798544,170.14431075102596,2062953.9344474527,4.354562746936932,37.6491863008397,-33.946911841905106,177.66071453699698,654941.2199383851
left,akshat,13_aug1,0.14847951095914805,0.3852319639278545,-0.7332163151946571,0.6018148441609563,80.9037450517984,-0.4856160700705701,0.3393019851816211,-1.2518250474561405,0.11580033893673797,163.30109140629528,-0.7053370538591482,0.24122047949977976,-1.086003504189749,-0.20547946163778272,261.0791698130808,15.718357271337966,45.034358352400204,-41.90535948135133,214.70654067737524,956800.8451408821,-6.679254975014572,69.8018024726692,-121.39531790107884,172.09466612247283,2402111.9223799105,-28.39219158924774,48.04182085977491,-158.29371413768754,224.3629715499788,1519283.0677203748
left,akshat,14_aug1,-0.12147993562368287,0.5543102695185137,-0.9043736330648312,0.5962248870801069,166.4481846314856,-0.5253132998488694,0.3194376125675341,-1.5271566199012248,-0.09998191184732846,182.2799122700562,-0.5938245616740678,0.2912922744522311,-1.2278916143212828,0.028136386739586308,208.52284261547257,18.1656460380913,40.47875379212921,-52.89416639729599,184.7750801690196,705928.5148599857,1.8998959368800703,80.57491760269791,-178.4585833643522,224.8781196330598,3190613.5918754553,-7.253699859307968,45.01302179342449,-108.47019892129953,102.33843805535828,-109985.78325643518
left,akshat,15_aug1,-0.06906382884840165,0.5204967531148542,-1.086907328115764,0.46880113448997657,126.5570134466517,-0.4658258321717186,0.41841017893777843,-1.674791421447276,0.3493198603363501,181.47016603317746,-0.6979565286688277,0.4050164060679495,-1.5119043174164477,0.42652006637247347,303.36457824595817,17.603445688952668,43.59315204687728,-70.29350094891876,201.24082820719772,1159567.9696817866,0.7256319071361794,86.86815246409594,-189.4186630880903,354.90568532768356,3686483.8967259326,-12.209184009628139,63.57025937825752,-247.53363744805452,120.36402966617592,2250074.811848308
left,akshat,16_aug1,-0.06714696169006779,0.5215548779600657,-1.28713523295253,0.4908592948974896,135.39859229767487,-0.5534272196737683,0.43243506733154485,-3.11568040874399,0.21380050292032554,243.80329920103586,-0.5910456243439635,0.47221161352019914,-2.2577460084916057,0.9330957290250924,269.53605113234875,19.86723868041833,80.9058265085946,-195.85053573360278,875.4189525991552,3746143.591599081,-3.547524349568981,98.84705672699324,-199.1960469486827,276.40099741629194,4796477.843185074,-8.309357251456369,79.74045237034964,-222.4203327334154,268.5804561643041,2214162.4816214936
left,akshat,17_aug1,0.18061674982058754,0.41528270330153205,-1.042635283655511,0.4559809274183329,107.06632514653147,-0.4472361885290999,0.21148776321773077,-1.2834569806895293,-0.14284447833013061,121.67312718480778,-0.6927467490590695,0.3113736610701941,-1.2230701255844463,0.34189465750016795,263.9680919035672,11.378176903175596,39.218224551427355,-99.35792393047211,160.40054322528795,944133.6096766014,6.942658266312197,71.26056242241476,-130.27497764597413,277.5959277321469,2436655.3094383045,-20.67299548034301,30.316282244258407,-162.6914659237018,65.58071838868591,965782.6443856361
left,akshat,18_aug1,-0.3962998091442249,0.4565957357709727,-0.9794628214440748,0.5313644098740082,177.41070356286846,-0.5466769046215824,0.27648232217204927,-1.2551379898399584,0.298091997897161,157.40035426769418,-0.5235336070259233,0.2858347751652683,-1.3277677996419561,0.13591276841084002,181.2996658775307,-6.30937863189557,24.74064484073131,-92.0067944908604,66.84096278140129,323776.5752829142,8.414025893535023,47.30333443530333,-90.1099350916838,119.97851304366606,1006731.348043972,-18.890062424897433,48.595945889030695,-118.91152967135267,100.20201021740331,1167394.5421279375
left,akshat,19_aug1,-0.015763066476565713,0.4327671621934551,-0.8232728706701435,0.4976263642649474,84.83179776222455,-0.47253345197047303,0.4460213659169205,-1.5451488837035767,0.2920501104694467,199.5250873915431,-0.5916942087806812,0.3402269817327475,-1.0940437210302443,-0.045106635901928024,220.3560983383849,20.048628774836935,49.91739792371349,-59.62617715974465,234.84148655144963,1278199.4551094985,5.325113950693585,62.39181522637016,-85.54992379017865,227.14409781158884,1854423.076310257,-11.551081810026721,58.77777645217388,-98.2011005163182,145.82098115325115,1563238.9931612657
left,akshat,20_aug1,-0.15071794676686837,0.51185018291291,-1.006124040369053,0.3855092491902752,133.76940011938947,-0.48307905062711254,0.3358316476448452,-1.4575599622227424,0.4331781387375028,145.38902896254507,-0.6276002052912962,0.2827556357550834,-1.222672853288936,-0.22057857452219087,240.41620986422743,16.62554106484227,56.741371371017756,-249.45625929976987,234.56631649156643,1436759.269629226,-7.551382233828248,56.669219570406206,-144.76284949537097,137.0570128530317,1471879.4521957415,-7.86732542210705,55.15867790155199,-73.89458480543827,200.75766689588562,1893660.1241295398
left,nav,1_aug1,0.2659071003218706,0.6470312524675661,-1.1545324225962919,1.0234867022094394,198.58800456937905,0.22427549754215945,0.29040230081452717,-0.3733999301723857,0.963910118778528,54.08679617139136,0.4261072487591719,0.6023830419346139,-0.6474048281850621,1.3806644108278117,226.7231989026291,19.317924205421566,49.42768456030246,-178.42513383462827,129.7403153599463,1180824.6473951018,-2.6475044577930182,63.34676077191502,-182.71233483263734,103.3008576978241,1726958.6622378302,35.207305520336234,81.13841004865193,-97.84897992390339,267.6687470126193,4189668.762519289
left,nav,2_aug1,0.08798347821404509,0.4568694495455151,-1.0951366167212437,0.509294203841904,99.94623974960507,0.383588809806533,0.13789148954499533,-0.3901764230791327,0.8568428213809081,64.73720711065357,0.8283681298474072,0.18230173110691705,0.3322927944363149,1.2498756366954793,278.19541120455,25.750240579171106,34.8176802693082,-48.37559440239976,170.1562726520743,763936.2304131506,-5.883816759445647,56.576658958850665,-152.89384240776099,72.40092055101012,1281720.0376035126,34.80340558122322,59.6787003174571,-103.49551410914142,148.7174079863194,1067416.6256455735
left,nav,3_aug1,-0.23799894888486958,0.4342830087472878,-1.1318079560529342,0.4803428687614574,96.9126397679175,0.31625132907697223,0.22390361695650235,-0.6249589790800854,0.9472972359402367,58.79096893643379,0.837251351428514,0.19383787996051732,0.3300006344079174,1.3287554909776143,307.66854227700674,35.08199627162784,54.33202975432568,-110.86530412714032,204.09633354093276,1587182.9298116872,5.829855097600758,67.82933177335467,-177.67719059149155,173.4466904811031,2071161.5463376944,9.66506787847939,91.33008509651106,-146.26989888339313,164.00452229288533,2801728.263977994
left,nav,4_aug1,-0.35656443651153286,0.41384818792774686,-1.1910677395187685,0.21625744319463142,135.62546842333225,0.2288875784360156,0.29738249238588715,-0.8321296119721033,0.7809701256949317,52.650923402806036,0.7789195823267698,0.28214453430398545,0.1222648129598278,1.3547295748642025,292.8062588368696,29.906888931084072,45.16651424806125,-126.47229960180259,144.94464968228544,1218057.5728097414,2.0301926533906993,59.87483347926622,-141.23451534400797,130.9476679886035,1709613.826386426,16.9525313609288,92.77450904887034,-180.48007362131153,194.94862835197134,3637875.0726490295
left,nav,5_aug1,-0.5706557815143533,0.3664666128456956,-1.1777358791130783,0.12054956958380483,189.36593189777733,0.2268901495939572,0.2560599966941106,-0.4632206001757952,1.3082139096945065,51.99589582838165,0.6785230895181367,0.26684821419488414,0.2479536790125899,1.4616007012510734,242.7205710247312,43.57428270999752,55.069134503932325,-81.18362042439335,259.2695459845834,2009426.3388582342,6.630120096850799,68.76704254214545,-188.32829036134726,120.24069802871878,2025880.1402528854,20.13509090963344,82.26027902467405,-59.757492784324185,219.11403540420577,3081778.961284518
left,nav,6_aug1,-0.531778756747634,0.3673316718936662,-1.1646789152569292,0.24995470357277738,166.26128824973927,0.28644668498782716,0.2773033182028613,-0.31695068060191506,0.9790335997714417,66.60187039529164,0.7801743169685562,0.24839554264466943,0.28452536185387167,1.3890207616374546,251.50701376114912,33.527798209153964,49.494253953626426,-90.50625359691705,178.22843086228505,1697784.792386147,11.318734242348388,65.25119022331924,-202.47216077799234,108.39832333409424,2242579.76637295,9.073961528521373,101.01450523754107,-176.98476901654243,108.13744482528074,3805365.429863811
left,nav,7_aug1,-0.5274953893439219,0.395162051006142,-1.1603648039031302,0.16676651142541915,203.71275750398254,0.23016603617353548,0.2869443804807834,-0.36381685189696966,0.7854659353171587,59.319957835221246,0.7243994647877072,0.2798788984592873,0.31175282577616287,1.6132154603291118,240.46138834103058,34.15444149206963,59.24490723219971,-156.64900248264604,235.36608079357978,1984718.4269021684,7.925150601325953,68.48356037091112,-171.34815834279877,130.08405627900626,1916589.2643044388,21.48712337668857,95.21924834778679,-180.18401610804264,226.39625946145014,4473086.928259224
left,nav,8_aug1,-0.48134884982355375,0.37413027344180133,-0.9708255668885736,0.7781082237111583,154.39533280360675,0.2950021465348119,0.2467432834066563,-0.18047643074787334,0.8665587046218012,69.6393524150207,0.7381437110662895,0.24587311561226852,0.23725144607571955,1.18789997836807,241.96279194654215,44.715643810788066,55.32030711276399,-32.2839402852877,195.4619394033572,2201306.919333527,8.914316089694369,68.35486172022662,-167.11172067122664,146.25377691209297,2025783.0785497297,10.971499731597126,92.02381909523035,-120.19344769387821,107.82344897768152,3206687.1529853754
left,nav,9_aug1,-0.5273593713442962,0.3788786444688267,-1.239202871969533,0.14937401708995524,164.26206350187024,0.3487699679031301,0.25162796533020704,-0.21242653567945394,0.7904164282621741,61.44928417071867,0.7225375624132097,0.23375915093274885,0.32367048440652535,1.1686470553415278,231.7228798031321,39.85781756995493,61.6025003632876,-42.43035079254268,333.1717160022733,2256038.385245617,9.230694101115656,65.85632740571646,-149.33788909661678,114.61687540364883,1888682.3005986218,13.039148796579298,88.20230652821499,-129.0590515258312,178.10914092640846,3798775.790871511
left,nav,10_aug1,-0.49434881232501454,0.36329472355313125,-1.071810437655257,0.17260662500272206,140.95942698187326,0.2243242229682157,0.31485511564041296,-1.0806500064968692,0.7707618857595957,70.6228267227157,0.7212672124394013,0.2361026921366525,0.3925394379562421,1.2204364861578276,257.19342557389035,42.54339457725455,59.263773856948056,-115.57435146607123,234.54788335724925,2225545.7779603046,16.715316238330576,72.30259530030644,-181.8680826342596,135.5122393761236,2349719.398711902,9.078489660238606,91.03270312433652,-151.98769563178058,232.2492222813237,3303314.386450882
left,nav,11_aug1,-0.6040787919785051,0.3596660930876976,-1.2673175097759675,0.10150585178140296,197.1833656278461,0.3077007971391772,0.19671308846621124,-0.22431730517714538,0.8252817813783625,55.17629509379909,0.6764753996401276,0.2427633452936814,0.3575674791233076,1.2886630674066784,226.2461418155969,36.64108791867254,41.944565412500815,-35.58239245825492,180.04880581819998,1139361.388567092,-4.124889652237114,55.83708301758442,-176.0127707444101,121.73409863715762,1182046.3883382818,10.387796931529863,86.72267203085347,-277.07850788525144,179.43657048318198,4111532.146367032
left,nav,12_aug1,-0.38003228366264,0.4349800457338076,-1.4700540068008332,0.1737672865374739,161.90745766013828,0.28659870519642233,0.25354652451056314,-0.744394013321071,0.8606698685324378,67.2740342968956,0.7424939118829594,0.25634187410207276,0.07142412032860361,1.1271429890572793,251.70960779776283,40.68636619228273,70.50442129282804,-298.56198793153993,236.552278279998,2509981.0277421055,7.20254786751122,66.66139120759011,-228.40212312171167,128.87100007198023,2019832.0390495062,6.972279637171449,90.59294106899725,-172.65452532300506,134.65384313434683,2089460.7541697489
left,nav,13_aug1,-0.3928995778634618,0.4362080457058153,-1.0492408005694207,0.45925066391415303,140.88221661282796,0.32365542016789023,0.22393147831598745,-0.31858950921354867,0.8864935128899382,58.0596834788872,0.7773936943336112,0.25519433055507806,0.2636472938900019,1.2908923445730867,262.1989130296181,34.15771788052352,48.875095839892246,-84.34883712451008,234.80818197754567,1541952.6356468813,4.9498273023125865,60.00686553567083,-155.64107203027643,89.15597325138742,1553887.0528432752,15.111871688123585,87.43526087879337,-154.03045308106792,217.3134640864876,2860618.452898996
left,nav,14_aug1,-0.4181585772425116,0.3710043728754877,-1.0470805950342736,0.4679838138896331,144.89496779593378,0.3570346915335542,0.3061700523423956,-0.4545547839116068,1.8452167082150819,96.1109776134465,0.6993587449004194,0.2754119092405472,0.29406971001598015,1.8856413330169333,249.60757805005443,37.16080377744759,61.39425803358003,-153.62233065732067,283.70644615969553,2258808.483794282,3.1152426519143357,68.67705322809435,-148.46686665870448,147.6937725609486,1891059.5197587393,12.791934450666593,85.16422665939484,-208.4557081593608,232.31030405151,3747472.5572940237
left,nav,15_aug1,-0.4876815315248354,0.37769415923689514,-1.0385404842254056,0.05085521737395436,146.4917899867314,0.2726805855850347,0.21124847946024597,-0.6661659700528586,0.6882326603438668,44.64772321469246,0.7922448885719481,0.1990123702678152,0.25021570223681305,1.1431421805192172,246.7247004428594,44.510471621721116,55.28738076168428,-127.49854949313412,201.65112279233813,2263759.363670102,6.783471483614716,62.43016712728651,-148.10940064587732,117.14144498933865,1627898.1294038168,3.498218192648534,69.78866074608085,-52.30387683738083,115.62820824487693,1872450.388097655
left,nav,16_aug1,-0.3245611294394724,0.4552692341012815,-1.0254636205691525,0.5553908124996544,112.14560162951614,0.3203811425951965,0.2328636885525943,-0.2516090450209776,1.3571422252932293,60.82081632476927,0.8007515068118763,0.22173357014984224,0.39026462701702597,1.157330201267464,264.81943389214393,38.69446415709027,59.342596592117786,-112.40870522118546,213.59330460970304,1916710.8553887408,14.387782910452366,67.62542383781917,-154.06151961096998,120.36664140192289,1894718.6433359273,14.217134029661844,80.18145460538743,-110.0739753691869,267.0017602154836,2658906.319127748
left,nav,17_aug1,-0.3887916091856801,0.40300772522154865,-1.0301949102450083,0.21320849763813646,140.98400282586894,0.31600055147946476,0.22543158625829587,-0.20114877894007865,0.8359561070513891,60.33567431321182,0.7362134463851483,0.23298500944596992,0.2602002577304796,1.350216582545823,252.81880957764784,44.04948465480125,56.5647534872141,-60.58448815662849,229.8482412625564,2182498.4541820926,14.994288989504827,64.09068498714664,-135.88393846970737,138.13260557053556,1598967.9446789462,15.541101565263581,76.91618828296902,-141.053797010446,156.5434742029542,2410167.4139437927
left,nav,18_aug1,-0.38393197117333905,0.38926427033012073,-1.0650634076302803,0.2106757689546897,136.46172898916336,0.3095809957493255,0.22187594865492188,-0.22309826805942082,0.8171702205245159,57.95380215460326,0.7172909357067606,0.22078448855356178,0.33478522310134573,1.274209493340835,269.80975306120274,36.243979981685,50.90140171028434,-78.99206156828899,167.46081393318082,1660460.1615805062,9.623814814090263,56.672671905050805,-171.7566040981535,80.70401385463755,1406698.2043820315,15.457822758564102,91.09834618597704,-144.176159514876,144.40726114015558,4382514.947292099
left,nav,19_aug1,-0.476882435698003,0.36635881558909644,-1.3788742390944593,0.22818479156418495,162.96917572541454,0.2429432438500907,0.3876994007677051,-0.8137546046107255,1.3164060358183718,88.75482873216592,0.7890299246964345,0.28753916995070733,0.07789697403603463,1.7547010012446185,297.9240382481544,45.65800741032109,49.5714219075261,-108.78419569937503,186.4464821941477,1853192.4956640336,25.42342896563632,75.29433459882202,-203.1575157730359,194.1976898222371,2691425.088997405,12.66807520459238,114.21415954895504,-173.94947946661793,245.05805301022744,4949792.03315112
left,nav,20_aug1,-0.7013335315434982,0.335325018430384,-1.0136641804403312,0.0814237810935565,226.8516655688423,0.16073277070947667,0.2981364830881884,-0.4689013039500788,0.9874680345571196,49.22747456002415,0.7064165078176052,0.3005609209988557,0.06945773444815548,1.4027942937725724,228.83968468521175,32.85627793289087,42.17385004351654,-106.08266052368114,181.30645631109712,1182491.162262275,5.169764906035213,73.80606968751508,-186.4914482286299,165.13267486520505,2205655.6757414406,23.475104372940965,92.77772466089243,-192.10112543955415,317.57251041455083,3485693.903497191
one_arm_boxing,nav,1_aug1,0.027179705516614167,1.1856145960632976,-4.018140940317554,2.728122601274299,665.1325773125326,-0.2905787186065265,0.4989034725153501,-3.9568528923775546,1.3929456136139962,160.51981048938814,-0.43341280792726006,0.25471204779978235,-2.3447067597034983,0.47735802423848006,129.27884555773883,0.7998406751516499,96.21398662151341,-233.3438849180886,313.7726591764672,4154642.733123737,-6.357272862874728,39.63423438152754,-127.9817663243332,91.71673225798592,814296.6599084798,-1.6832625613668681,151.02192660433033,-420.416448487532,571.8493962531438,10436926.595060034
one_arm_boxing,nav,2_aug1,0.4639464561046767,1.1228810508033094,-3.9638207513041452,1.9694369462655912,696.1349228655031,-0.419581569617112,0.7291382083357787,-3.916824605712954,1.026457360496225,322.42543767505623,-0.4556243888193475,0.2571229099820289,-1.8458697283042036,1.0559182221414267,122.31217308317588,1.4589827680443122,112.21846398389619,-324.8334414476748,276.17782791925015,6016430.059403036,-6.791811293732404,38.30956464903558,-183.8228605066395,95.83559380236132,679781.0683049677,-15.059811368778742,181.87086984712212,-214.6210423805535,695.6228224480913,15874039.210207993
one_arm_boxing,nav,3_aug1,0.5013704030442105,1.2333283519808076,-3.959059458402662,2.8538835037923453,803.303102403137,-0.4623203869020438,0.7514080886879138,-4.019550020914511,1.5888468176220765,362.2464830714461,-0.4162862190365888,0.2633212848030196,-1.4629010435548582,0.40588250423051814,105.39131254677254,-0.6855845097309213,116.52791925776238,-354.2249232013536,451.7152305780749,6405599.391638865,-9.80183383900985,40.474619811908354,-261.016775392596,99.79683081902996,844236.3256533638,8.256768161807669,190.05361189353533,-264.6091578679465,682.2442545632217,19482484.618963525
one_arm_boxing,nav,4_aug1,0.45806321358633195,1.2636718826789608,-4.028016326761713,3.089538145428433,847.3186769096603,-0.3933599742093183,0.6880740715979423,-4.040562527491941,1.4360794334602742,284.89245137503076,-0.48458497300412723,0.32166569374587467,-2.1506952408519617,1.2030995751295706,160.05553042136856,-4.8509600999525695,116.21304116106377,-271.15052024099026,513.7999388133569,6379942.032205426,-8.803132649658298,50.841290979558494,-180.6689590739614,117.56962679356829,1490816.231146501,5.486997819830027,196.72186877895194,-350.1035253684316,692.930428837007,17347327.99581032
one_arm_boxing,nav,5_aug1,0.5129262686739353,1.3015277985872062,-4.009300475332998,2.659589475254405,944.8169287095984,-0.371127951026182,0.8719646982303741,-3.9996699190703495,1.964760749481379,419.7353634179015,-0.44213066742585944,0.36362322837043254,-2.8376015496628333,0.8485017649760201,153.84157964056894,2.8290285649560367,136.59627449550746,-764.2669571525948,656.587972392527,8691394.83358185,-11.18422110811405,52.234677707120326,-213.06041014654514,137.86805537147225,1133312.4343259651,-0.9527594708918138,218.41619569065696,-377.0103499472128,1004.5020578881373,21921347.98539782
one_arm_boxing,nav,6_aug1,0.5002470633359533,1.3964008566613322,-3.9447701770407444,2.3082394832004045,829.6935065556407,-0.34456563830758946,0.9007142243485639,-3.999204736255743,1.8624722269935012,342.9496128201872,-0.47253754470356835,0.5230102981796688,-3.7419086353174307,2.383645579796315,185.29850035686837,2.5264675682441813,142.0602048460715,-546.083586900566,813.8910722555601,7481270.551920938,-13.820405095366649,69.7296265482747,-252.43460486361482,278.0911210839003,1934010.5736372825,-5.983057619921198,226.5919942810794,-568.8582070658548,914.0383963416414,19447748.096414033
one_arm_boxing,nav,7_aug1,0.3946954193757567,1.1378743505554259,-3.995971431665,2.146260971317847,678.4791823894345,-0.43815523661476885,0.6660004542208467,-3.985808792445129,1.5477186707658652,294.81594040354764,-0.43730766627633905,0.32387018915541066,-2.239607205304591,1.4741561019711371,126.73038963015476,7.367759399520311,99.04672101059828,-406.57041637116055,523.7622954734726,4571278.501847629,-1.7116550227820402,42.79773837760346,-113.73479645222609,202.9070887106279,876566.9342911453,-26.783978044027855,187.71534620176791,-610.7944467914857,963.1578932005089,16737773.276695242
one_arm_boxing,nav,8_aug1,0.4948658165716575,1.1919586357832233,-3.967281378940154,2.4105464586411296,789.1648280512028,-0.3696484162234088,0.6904413554754059,-3.9626341823242495,0.9178954029045073,291.5644580136862,-0.4181897934563811,0.2818860794303692,-2.3019935211455054,0.9672249623535372,124.44600003903452,1.4716457952487834,131.27976313827145,-338.1638590817899,621.0480186943,8349517.749700063,-15.75217424870212,44.87444807988735,-147.93815321943947,114.5368937553072,822793.243581196,-3.899021983164687,200.520664816202,-334.0657503926929,646.8238248382377,18463692.916834373
one_arm_boxing,nav,9_aug1,0.49770797464481903,1.2861137495761075,-4.041663538742341,2.890116411941982,870.7456165968641,-0.4339189070068152,0.7409743936746398,-3.907297016633808,1.3015320289294416,355.1297093214082,-0.4301419542442312,0.40578559424168903,-3.0600551208494045,1.7254022799198532,153.57506968718184,-2.991406373842956,134.54928209022214,-796.4960998911141,567.5471852101937,8439240.219157772,-11.947515001727417,47.321698591124026,-201.21244547873752,152.04540322970826,1291251.2640784453,12.437780538372639,197.68283221251718,-201.43063059328952,751.4774918174833,17599360.261353187
one_arm_boxing,nav,10_aug1,0.27056284091618354,1.2064042412597547,-3.968529424831269,1.7760111809941015,718.3145345601735,-0.5646798601744659,0.5948487766771899,-3.546676848457785,0.6100192949901959,323.10349029948344,-0.4886889175641201,0.3400951849350502,-2.3503253182236707,1.3369012429975962,190.60952588252735,-1.5332314000680265,136.50157784250226,-295.67719673803214,674.7555036799641,8514467.338406304,-11.502749653955924,52.08944226575067,-203.93756631507648,86.45611511953403,1462541.7942053461,10.733925369979596,203.7728528784987,-424.76522060972917,604.2881375055535,19439069.14400269
one_arm_boxing,nav,11_aug1,0.44733797499278166,1.012650519697469,-3.964133601693495,1.8472859117448253,539.9280683034613,-0.45916333612412397,0.5866085200469502,-3.984439073633655,1.0267899414368744,271.07083911687715,-0.501012140137505,0.31196455590114125,-2.5217959899659563,0.7022868207265784,164.50242034775172,6.7711535319253775,113.91109370521481,-396.65121965211375,556.2421599249842,5945371.598150666,-4.494652662457638,41.12965951838195,-165.8139544275462,114.6216906147414,945278.2299572995,-11.193659519839093,185.2044077209039,-258.25301775287636,537.0750519127663,16870697.0291865
one_arm_boxing,nav,12_aug1,0.4291528404477397,0.9875044577701055,-3.876691324153053,1.90765755176609,534.1267595785637,-0.49568244114257093,0.5852565582956754,-3.9216013663478924,1.2356643794456164,282.8826390508464,-0.4694307744306623,0.26501068020336277,-1.6556360207767764,0.27584894996042414,132.50928281420988,3.182741465398295,106.83515083330732,-261.5931899221264,496.5722470796257,5090946.826653623,-18.84909096771026,44.81436060979296,-141.20051484657233,82.03699506222283,1200959.782160002,-2.5692371725650474,184.08925216562054,-356.6649702754731,584.2967108938342,16188451.425947359
one_arm_boxing,nav,13_aug1,0.3166836801195742,1.2071744682077816,-4.002786989838133,1.8982619964819007,729.7853899922545,-0.437769620185951,0.7429579552263654,-4.039491491593368,0.8103432625982084,349.98800034376393,-0.5787813427793284,0.3581969046978534,-2.122504951878584,0.61797336583162,210.2385772092844,3.175069543749883,148.0297910076117,-517.800084161158,626.1998526807852,10090778.57802404,-11.533919204710521,41.09037392603891,-176.17742515807876,81.9340057221593,1080501.3577518198,7.187453175014558,221.03619189925973,-390.7556488942271,588.5208759378115,21923984.772634678
one_arm_boxing,nav,14_aug1,0.441352087995929,1.1781925454845832,-3.955919504914389,1.9030868268010162,739.2318217682167,-0.39860269207717836,0.750954602337009,-3.971207855457362,0.6893446567525365,334.8093077536262,-0.5566743017734803,0.3305083110945691,-2.1492627234589188,0.8854952260901671,187.99650345104325,5.430091909552068,113.74406930886296,-353.9482595149493,449.5750611953082,5878266.520566584,-11.454825728616825,31.939850282291093,-95.43733201157707,101.93935940192979,627169.5144548444,9.886562237124053,204.63910969527714,-386.8534183290511,515.3557860589547,19466588.831442446
one_arm_boxing,nav,15_aug1,0.41016262098807593,1.0117595608207277,-3.049795275521251,2.0616528004992163,533.5244354926272,-0.5482153124288751,0.5444447352452986,-2.7480523295387327,0.6006723368133071,281.57555216987186,-0.44101245290437735,0.2832589766610507,-1.434761399215096,0.44651180260517376,117.41345211161496,5.357025546873099,104.2108461753911,-231.17488662413493,427.2012041010987,5222662.9424600415,-12.565538180612165,41.89953898702289,-109.85901001347882,76.86771004919075,980643.9824585426,4.951771269519667,167.45735417478028,-305.21156224182096,478.79777697867814,12917075.063984185
one_arm_boxing,nav,16_aug1,0.36790032949565316,0.9291043805630467,-2.74327462474218,1.4398957314971912,455.4075569159016,-0.5365950177321422,0.3813216740541874,-1.7834783726582881,0.17338013030009924,204.13302824412054,-0.5316766356762634,0.24493504117353035,-1.7841581121443675,0.3160991707906446,141.7634773101543,3.6315609780524563,115.33982470719035,-303.37193489196375,417.5214085593785,6351379.531435584,-11.061521581411625,45.56847974778988,-127.03493212517199,81.72456372260055,1146157.1454225322,-1.1392248633507203,157.32182870336587,-229.7314381795595,448.47840927119006,12558134.684850812
one_arm_boxing,nav,17_aug1,0.48070269934432625,0.9637562399090929,-3.3618523955985458,2.2397598079321024,525.6776700181961,-0.4291293111279763,0.5211063555573254,-3.308484108925064,0.4799477626590914,215.2054060578176,-0.5509769642311125,0.2936221907017647,-1.574738003779051,0.8762431398130565,167.02686291949877,6.725851282939207,116.58886813896285,-278.3188398635274,561.4141749860595,6184126.404694993,-13.694621455418927,50.250681493259734,-167.01736549139946,128.2133913958769,1493251.4546453152,-9.585065263954634,165.32507726358156,-331.23913989999176,415.54513533192363,11697496.5885331
one_arm_boxing,nav,18_aug1,0.4801823289103901,0.9129102932693742,-2.445377449437267,1.9998810229492336,502.9598197659267,-0.4270044024200419,0.5094490837796531,-2.0196252427259003,0.6562154448852531,203.27892177583337,-0.44368011669299784,0.24668288850286693,-1.2545016305526058,0.0860986323356497,147.19095603318402,6.950231278785393,109.53567609068725,-220.19633183534754,370.06261248958464,5757583.911142953,-7.79169751692248,35.068213588527826,-92.33300002540945,76.64222520685023,697624.6232735115,-4.229740387514609,168.93494003052334,-332.0717197632381,452.5058292900763,12132577.571171543
one_arm_boxing,nav,19_aug1,0.45148959518496135,1.0691429591118846,-3.301702876128714,1.6739424810667805,611.0430391642827,-0.3311268978727885,0.5334265131491334,-2.956708979587658,0.40172713934344123,184.96934552635295,-0.5459364363723359,0.2539927806634209,-1.2965520837371187,0.009794385779901809,163.59190341862472,-5.908032380061538,100.41018104657026,-178.79342279403127,274.50733362039404,4791607.305315386,-16.887966013075626,56.15787058855996,-125.35050755476452,91.56794429879736,1661959.0069582246,12.162129361088882,176.16342418907047,-341.5469077822666,484.6077718647401,14956921.749603227
one_arm_boxing,nav,20_aug1,0.4728496090819154,0.9675204408939221,-2.4160557737140578,1.7489842628181556,533.4073742636143,-0.3837614576802116,0.4148614853750711,-2.1922656982219304,0.251441641166358,132.07413919057612,-0.5478853368295259,0.2658833393577617,-1.3315714492744202,-0.05310035402226204,174.49782898999393,-3.7193157439917623,103.75283469743736,-196.8311741253809,271.27046088458377,4807754.88407233,-17.26375240106635,66.23648130010443,-129.11167772557985,120.67061112113488,2125971.0537770945,17.02114555735847,158.56267621523355,-241.89167167342217,410.08858062155696,11616650.74849959
pull,akshat,1_aug1,-0.33924719746497406,0.6826290830218618,-1.036047518776409,1.1178052767884061,280.52289244406995,-0.269169794472466,0.23646418941483163,-1.1325710953603672,0.814014996007702,51.95070221003484,-0.49625548180083845,0.22137262168308583,-0.9469356161150474,-0.008301230384653902,140.33793788202195,15.96589823891548,39.199534728819565,-46.50690909365131,185.16438866511413,711359.6088406941,11.770875362278783,63.407764967264335,-205.07470831380672,146.09173976859296,1952075.989048282,-0.4366556188267765,61.88656324713257,-111.31536166887685,242.4680520231419,1112342.0768057387
pull,akshat,2_aug1,-0.2899462047441166,0.6344683279693611,-1.2478478465102032,0.9486324302004465,241.1894418184544,-0.31974896858374574,0.2664557811121051,-0.7835125141976629,1.0864829094917785,71.69601869287234,-0.5619948501443846,0.22052444898377507,-0.9735043427012269,-0.20838270135451128,191.06359084564014,2.5914358271458604,20.61105576253974,-42.449930085924585,86.91213053685304,311153.5579495923,40.61196547708558,50.20025882793189,-35.39705117458908,129.6488976608009,1828093.1403953803,-17.95487317200288,37.01721767076831,-95.67586642536585,110.40968378914238,1157970.1148400467
pull,akshat,4_aug1,-0.10901998884963476,0.6913860686080332,-0.8163359493489378,0.8333244869751435,238.7529193901119,-0.2821319438073085,0.3182354517795629,-0.7083174429346979,0.8796472412130559,88.90534338852294,-0.5767702569910316,0.2005931398866729,-0.9556412036280747,-0.2567404477358741,149.00690642136908,1.2637848169290975,20.353785556581933,-65.33613688635427,97.46029808727815,16768.612118547026,20.292258788688308,36.80428762093185,-5.677080866605138,146.74056176875808,754193.6044282947,-17.805668956285803,39.19212348753142,-91.575929212336,23.330392658708746,1893852.638573898
pull,akshat,5_aug1,0.1993269605709893,0.6264190729069372,-1.0643552261361537,0.7775186014321707,200.15082908643177,-0.21702256644604878,0.3819343337267747,-1.4339007883222357,0.18590925632607133,75.41439476688953,-0.6379770649848809,0.17544782326920097,-1.1263610219336464,-0.06114262840190915,210.21819600476442,12.148162721965072,55.72070537108078,-64.52295691346542,281.24990225417935,1475220.791572148,7.701616834118838,54.3482341136786,-141.16094490124706,127.49266165815101,1189290.8935334873,10.230729124572663,65.31254332758552,-167.90011725719043,285.58063674849546,2501502.1884310907
pull,akshat,6_aug1,0.35772645703581774,0.5577751144867534,-0.8703871496986408,0.8071486860350849,214.06049726626398,0.07092305908750637,0.38617696196981727,-0.6311670251100477,0.8805780780739041,73.7675805970543,-0.6610639548300349,0.16581685409717262,-1.2269059883812203,-0.25378222339166,200.99341002674655,0.7947483104699897,21.090382801524964,-59.72614939580838,116.88230410259813,217137.22696374988,22.807886603195076,40.12504701411086,-34.79550967793606,160.11270382493205,1249138.7689758344,-18.413046151733642,36.72345771635382,-163.43225443263916,71.81096365404747,830627.4740581792
pull,akshat,7_aug1,0.022803167294317972,0.6744930788001349,-1.2085528061676245,0.8287998917952472,217.67253242691606,-0.15289444884436318,0.47632114933698555,-1.5113866502925923,1.065226281563568,115.60508066380645,-0.5674210790083246,0.23664855719566058,-1.1117531601872122,-0.19974757081185476,170.22867712993778,3.3490960882167173,42.8113980254796,-81.43439511341083,185.63220256896142,707126.5311863427,8.880204217086435,63.52597638102547,-180.5628356994447,135.99625711850615,1979472.825683081,4.343342456952542,74.03485714600193,-159.0179656669572,244.97521018293656,2285954.8629808156
pull,akshat,8_aug1,0.33550427286017775,0.5995945183240674,-0.9134518398698361,0.7955425740741833,206.83934011822814,-0.007429608963239281,0.44954301439416844,-0.7470280530105298,0.5276140215714156,95.42376241536611,-0.5640590690137933,0.141884341753391,-0.9762549453784743,-0.27196619976812364,172.06992712956875,-4.879976586136731,11.922741007442262,-77.04876017111225,25.191538641607085,203839.36667289818,19.416070438351642,33.48041471933905,-7.4547270886939225,126.36541178191314,972529.3756147227,-20.437228342456773,33.92117981688598,-123.44903232209741,31.70063497888353,439205.0151179541
pull,akshat,9_aug1,0.26087647088630483,0.6284464573692055,-0.9123165944588315,0.8319491776833777,215.2023899277273,-0.06055197620386066,0.44170694035635294,-0.7669332628602644,0.48047514062155683,95.44523868231889,-0.5828022639998077,0.16280423151427867,-0.8914207953255829,-0.22192326871852583,169.51919818564767,-2.716684538857755,10.82617612485845,-74.34772500792886,39.01358851057139,54521.33326676709,21.82405047391248,34.85315257046209,-11.268044062384405,136.0287787796868,989869.2496832592,-20.0441220179008,29.84636590466426,-124.15067911690885,-33.993822470120804,1518462.584426633
pull,akshat,10_aug1,0.3197981539218006,0.6090192666147717,-0.9115103530351639,0.8669542058610042,234.85640692883655,-0.048377927521042974,0.37233219704765913,-0.6390787128834978,0.44612411301280525,66.49634600020732,-0.6345548540704046,0.13455014641830365,-0.9441424972356204,-0.27074391634425654,190.3839150521253,-1.6222004754656625,9.202022208580255,-42.1347659533553,27.025457144066873,-28549.806943925592,21.98842216357736,33.403121168972696,-7.991039124083169,115.83550623713383,734485.1887059395,-20.994187769246587,29.744177098129295,-102.5027936688235,61.426203468156764,1980384.0313763465
pull,akshat,11_aug1,0.28391376107627925,0.5644251010328608,-0.8887369937373223,0.750566041650714,182.46307907203914,-0.2057030360479256,0.425525810356857,-0.8816590419919467,0.5776653496325915,116.84899797882734,-0.5609492365920542,0.16440248056254997,-0.9254821109047691,-0.1588266077396518,185.0408458609828,-4.061751158711068,16.100373707357168,-50.84713404867714,68.55560010478169,147742.25419993914,19.961997968965825,30.823335827551947,-8.197912296574222,98.84272968389593,547761.8038030155,-23.803786546619982,45.27855233758096,-170.2039889411765,15.598380994696509,-90971.9244534343
pull,akshat,12_aug1,0.2822593792137379,0.6222644608749462,-0.8929385319685146,0.8083195059799898,219.3141759656507,-0.05225223666579025,0.4002828144199626,-0.5348298652051898,0.7062926893073359,77.2724204301121,-0.621175482581894,0.18904158307001534,-0.9902989532970552,-0.17286551138506748,192.70151244539295,-5.0046396817092935,13.209098686730233,-42.38207691128629,32.62510324988969,136040.21135777695,23.042831645404284,27.896251103935924,-16.727657749501994,84.71456486510931,758233.489833824,-21.24079552219592,31.895779857207604,-114.72462707607991,-12.137781027593121,48316.90166435973
pull,akshat,13_aug1,0.29015991357564813,0.6186239765197845,-0.9016016380776005,0.903466644118943,207.90752937561015,-0.030172367883638633,0.48563771982636744,-1.5566076804554851,0.7199459434611397,121.95687343163593,-0.5059320525291979,0.19611896206576818,-0.9659158055603279,-0.0693042151556823,151.65904375830434,14.869769559586922,62.930122580589945,-118.00641653434532,348.2780130909148,1931739.5726704763,19.457574283958046,52.2036552851654,-108.93365791498942,137.34832498335314,1264171.1564657944,27.08655932228385,581.1273425586971,-33.49187355227474,12543.317877217412,159017168.61190736
pull,akshat,14_aug1,0.1314865240639684,0.5793768486828593,-1.2526669663425343,0.7835646949234518,181.29803937547942,-0.31666643795703625,0.47392554550514404,-1.2006659866393505,0.5615216793702146,153.25650486310104,-0.5982183032982606,0.18851030188472476,-0.9611988849703519,0.14280208060913802,173.80796766047118,18.336214620731372,56.5961199337265,-95.24243363345099,243.6574092240871,1592212.7794199025,9.33672140022936,50.632394097374046,-122.09979901561624,117.17205895080552,1471836.1642866558,8.265202774730911,93.99964993740264,-198.33598294955652,287.3887634555708,4032434.554142878
pull,akshat,15_aug1,0.2771820212011193,0.6236900317148731,-1.1683035404875641,0.7711828173653408,220.06520312999714,-0.08908496212888181,0.520008956253636,-1.2937284587712337,0.9599593871222565,132.9089407730247,-0.5069486950866703,0.18016317903406537,-1.0040911296886694,0.05659364433285867,140.8698586063281,15.561412330397744,57.83989982273155,-84.54421099605126,310.55509226852826,1561436.1728906238,10.671469676893926,52.60000388052207,-128.14218454451387,144.50254406753473,1414471.1172402129,-2.060718712593153,84.29840152141911,-163.9370289612135,362.7314509913259,4119926.4837361285
pull,akshat,16_aug1,0.1800436216162232,0.61857856673119,-1.1717595985361184,0.8560139459578214,194.71040449759346,-0.2283212523271754,0.5325142668241439,-1.8202848474641258,0.6216352972294267,151.80758203088584,-0.5421072809195725,0.19188728030849223,-0.8627961938486642,-0.044632349354039175,168.23759410730673,13.233984763027719,55.91961115255591,-158.13708380143103,270.98253447551036,1482595.849351771,13.290690348908068,45.90134725448863,-128.87477865261582,130.96861736590859,1285626.3224637567,2.7045577073645215,87.71168975382032,-80.68633715053011,376.8749822824461,4356904.7094249055
pull,akshat,17_aug1,0.005592429892536905,0.6803363076239053,-1.432874578388483,0.879836063397575,220.70141952669624,-0.22315183002402328,0.5474744314535349,-2.0986159773043487,1.2216930762220113,157.50556004297525,-0.4012370891922137,0.22989347224900158,-0.727582491580633,0.15778760236328762,122.07245134746383,16.08760293936787,81.6810288178978,-117.9896880400066,424.14361929411064,3137676.2965806676,18.864328898618773,43.07091943848085,-130.21851243364475,137.38831682635578,1227695.8515151194,-0.6090538917243493,86.19979158513355,-189.46717602036318,374.9043623782677,4699883.119458861
pull,akshat,18_aug1,-0.18747750850925785,0.6698338080004766,-0.8495516370894466,0.9537688148789302,252.86880186055114,-0.24609810231604892,0.32167949568695187,-0.44485234234245796,1.0363833647120406,63.805794915818105,-0.6022721396876042,0.25234026008203303,-1.2744899511192203,-0.2350433473536929,200.91875428297868,-3.3123252660549953,20.904927489538714,-90.40965158997318,73.86091383224897,278330.01022975275,38.45356553931484,49.85637725586171,-12.531096777371284,173.6686958638134,1671643.884300121,-17.678449278028253,30.61075025564954,-63.54252787492665,4.7276973709680234,426135.29583099054
pull,akshat,19_aug1,-0.027185781769591418,0.7118219585204316,-1.3432835190422074,1.0393199406565907,231.25559425817792,-0.1677969205080573,0.37824560488249104,-1.3510401766831115,0.7646113071932983,70.17104215814395,-0.5518977340368972,0.29336364111655727,-1.3318088374058348,0.11262030660245198,181.75601180427074,12.529088705413809,52.64378400454608,-87.80341132009745,279.75144387312525,1318001.5436477708,10.441767944892378,79.76435529610637,-239.13843577200606,166.90081102511405,2933733.8851247937,5.7143446849199835,69.40586725427806,-88.99994047263252,272.3524749374756,2801301.09876721
pull,akshat,20_aug1,-0.022959359141509456,0.7201767668039268,-1.12823815229164,0.9560289714158248,244.316703928211,-0.12280561250853753,0.4727547237280409,-1.8142756665548663,1.3870172531928366,110.03428715404553,-0.5447594630012944,0.2901430106841311,-1.2529055360665131,0.16052342823120166,167.1801693179717,11.006288922499849,56.32705523840228,-104.66790688034376,270.3807309454347,1501487.7394776861,7.504319017171242,78.88426377630952,-244.87170420254625,142.61466296546064,2859021.6840329785,6.487409361785913,81.19086457390068,-78.21979052326802,323.4027283099028,2488443.514085006
pull,nav,1_aug1,0.2516549909752147,0.5296056151075282,-0.895575282196638,1.2557584551002117,155.66011334861517,0.2854602272539222,0.1679826836181171,-0.005935124067015133,0.8019949411267954,43.5987016493643,0.7650855273358002,0.13158961841772215,0.31362653686248415,1.1917647388854127,264.4436977791643,1.2820645380726723,37.12640893841008,-175.90742253657805,128.193364216008,552515.6077073698,-17.727658915502385,45.687922989553265,-163.13496616551132,48.917067465837384,1029006.3367594655,8.288122337819757,32.550498737828065,-114.52317314363452,67.76154897253265,-968105.6601256037
pull,nav,2_aug1,-0.10918769875022788,0.5462402583884165,-0.9999672708811713,1.177997951775804,126.32524345223268,0.29783867528710634,0.15847827183503185,-0.19056912421861277,0.8910953545862217,43.949424311026206,0.8350084926471943,0.20896001911702566,0.40135635787996554,1.4509275244124062,306.358243664384,-3.464716151429967,47.60980734828324,-164.52229207548595,188.39696036709665,988380.5808140205,-38.20760836047845,61.349347176632286,-217.90260842424067,37.702603053453615,2116649.3678554483,20.895777971480655,29.19167753024324,-113.02938732543176,148.80046546423688,208982.304653852
pull,nav,3_aug1,-0.354082205428431,0.5758554165554638,-0.9424149472969948,1.249644171417539,186.72205857409585,0.28851955379695343,0.11545011390666013,-0.22281028073732834,0.724764716269661,36.04030087918727,0.6653686373615547,0.21502959681936756,0.3594539831920287,1.2515265777804,222.95844616769818,0.4771498100692506,45.51007517567227,-225.01950072336115,129.7668931989377,761591.6410493369,-14.95011602274372,46.27102224067103,-163.24855510763444,76.04630983597563,985320.5626092423,4.435457673323623,35.39490848260989,-89.45136972887589,119.57645994174271,765827.8416766594
pull,nav,4_aug1,-0.3288182725320636,0.5937318785549497,-0.9640684606308064,1.0002452092602718,184.2355433509793,0.32858519484317966,0.0983934519076747,0.03658671963010801,0.7402355390552071,46.30371557934848,0.6296489256891895,0.17880675568211285,0.46463357078294343,1.1157860178752126,197.4005545264439,-6.566476208445942,34.63259848073267,-178.8565929093319,55.45102546970236,555666.2711144035,-15.831320031136448,40.96098795591022,-139.0428827865667,63.229043655139556,766668.1691179528,5.480226837118838,41.83282261387863,-155.30751447025966,91.40916372790964,215700.9481488521
pull,nav,5_aug1,0.12400388350685358,0.4550878460990759,-0.8483501793355149,1.0597848530579963,84.81787633727814,0.45448327741822486,0.13340859088890397,0.005677608528855665,1.074761507545871,97.86606214900686,0.7303993072596775,0.13367171208388187,0.3202765315190074,1.2581774060505162,274.837590961939,-0.24114894538835818,27.629060492982443,-122.169409031483,112.89127101779715,247734.75920334228,-14.876551502648445,40.9254774659198,-157.66846962255246,107.05433269744945,1023274.44494494,5.077921863324178,39.62016580741224,-112.65731052372362,156.338532186941,1164784.7173361564
pull,nav,6_aug1,0.006800302563487911,0.5036841061315444,-1.0423091064373444,0.9102262684342005,121.92132409350491,0.4567879067863277,0.16452946595045548,-0.17453475472422061,0.8356893059838465,102.25570189553605,0.8146367349985152,0.1864022507135038,0.2796907859231141,1.3238079560259381,258.0445298385256,-5.361865432982298,36.16740649395256,-195.09437579277886,71.48759308165437,448311.5144022716,-13.445235235942327,51.85656096413394,-206.13036688763913,75.08671933995892,1305767.526462119,13.105476032199835,42.031579275041615,-80.71249715965973,81.07992306287076,363008.98906899994
pull,nav,7_aug1,-0.2524917545209697,0.6429057216299029,-0.9832933812688722,0.9165591900154121,208.5845353810458,0.331486347993564,0.14240197442443434,-0.09908210264371459,0.8456521928654579,61.12738789265448,0.628587714696314,0.22808610577782748,0.34343582082259705,1.3297774082423874,192.97216754254575,-1.1043309349031587,29.43713839047901,-174.47556849982956,94.49460627108719,331360.69130204304,-18.35098126681489,47.242844716178965,-171.29253920912373,64.1520802917009,1085828.8577356285,11.027251393178195,27.362598487314834,-41.07413841519837,112.41260061646531,110222.2181325939
pull,nav,8_aug1,0.1960491532294894,0.45407359340105186,-0.9443270169704499,1.0974562091613935,91.86997181365112,0.38255489242464485,0.12834091547142584,-0.27814795223198097,0.6966548636128594,69.00898577537384,0.7373633504534469,0.12003102819332032,0.4347864259376045,1.0287547554231267,271.3542137737908,-2.0945893444115655,35.63024656745581,-174.04644780041926,89.97668856000963,600243.2768509282,-15.478531372619685,42.612629653148375,-138.87835164235236,60.01754007775015,878652.722142673,8.89775365567826,27.778014589933303,-63.834185526065454,95.23874069044723,484253.27917422133
pull,nav,9_aug1,0.0637613732693597,0.5881847410295696,-1.0120599496386324,0.8805975862881732,146.36705321055473,0.3674395989054121,0.13957876338737307,-0.04607315791347662,0.9616485767626302,83.7434934171183,0.7523582390137806,0.17071363175276083,0.09672903268925308,1.4082562072164624,241.97508418984464,-0.23434317094310875,44.52967580994723,-311.6530566043794,75.50107122704179,810148.0961089641,-11.082759865385949,54.47834416354021,-164.68631822884223,95.47155090006915,1446726.4940388817,6.2780408797858005,42.70858976050645,-127.62873686602512,129.95426567647965,-473384.37619573565
pull,nav,10_aug1,0.07899161855694356,0.48290694218512686,-1.0198837763627064,0.8782875139534055,96.52022105568301,0.3624689384228295,0.1117540938668672,-0.12006320118330896,0.7062706874640443,70.29238030419786,0.7745765885352922,0.1594668116584232,0.27181157045188925,1.2562565746938004,282.0124066843501,-0.9255301698215819,37.33645443181725,-188.40361613140203,83.25308707255172,731499.3128851971,-13.634634590997791,46.83884550755476,-201.04449977993087,44.02723766582031,950055.2050193696,14.554896510741628,29.725533507606166,-6.276429188381954,135.05990060159732,-681014.8676999606
pull,nav,11_aug1,-0.06888671326623719,0.5286604279137741,-0.9649536020171743,0.9464967743572094,120.87112551272389,0.3722491585023769,0.194486870452155,-0.7313865588168311,1.4205364403373717,71.63810976133244,0.744195924914161,0.15980030552114866,0.3276011151999327,1.0373480212008255,240.04842977067256,-3.4925916834745463,40.17143252779301,-115.10891313634316,178.12293145293754,599701.4147490817,-6.906831592159747,56.45723089417717,-129.84286363840442,77.33930451652888,1175402.3238431467,-6.650300401223214,40.351929061887176,-116.32650931331047,163.04352335788502,832623.7685842421
pull,nav,12_aug1,0.17283136979752975,0.46735645823039135,-0.8663083793723114,1.0795607347884262,94.13005351646237,0.3895433667151884,0.1400895417361192,0.0693763091421531,0.7432294035954657,70.74396029988989,0.7822377654718958,0.12460854247131953,0.34154621647812905,1.2729749721015864,278.2455956891018,-2.4600577374063235,25.931336881955794,-86.56498637150611,88.62106467347024,186940.80665848643,-14.452000944345503,49.53384044045428,-152.1867761585179,100.17842947816307,1024061.4129774048,5.683701875313295,29.73603967764799,-154.0283613798083,95.08778256847447,-16724.251505198306
pull,nav,13_aug1,0.25508607037308445,0.4359333986694726,-0.9426990300366088,0.765567502242878,111.76867421479245,0.3195951892085365,0.1526281014681454,-0.03455274436409515,0.5628577201586228,52.12784114176775,0.7203327042885438,0.1143863110058671,0.5730915887762821,1.1130231215856237,264.32291396993696,1.962444946077544,24.994130203099246,-132.97971482915588,67.62490293494862,296474.8350560757,-19.432589793774678,42.85059346731143,-171.45239830371764,79.6029173482474,976209.7065006748,7.4778280156213555,21.955268596537408,-51.619638898594346,55.99230949229229,-902638.2711096875
pull,nav,14_aug1,-0.08494375038164217,0.5822170701313393,-0.8722491071072332,0.8114093336824393,153.2487608877497,0.328139703810441,0.13672548048601751,-0.09076246288198572,0.9569185054124665,49.11305642752055,0.7430374513559448,0.1490187962087057,-0.16927870848038767,1.1226497453160873,245.55035585609878,3.7541003211409194,32.844582161990076,-132.0826322931099,112.1587916374711,478796.3813060375,-2.74885365783089,60.52847830451844,-146.0114167410911,129.67414598005243,1389056.376102772,-4.124413517549027,39.322330281526995,-121.17415531121257,60.42513183183554,1026821.5498014151
pull,nav,15_aug1,-0.2956576329360009,0.60348176761479,-1.0183637653385198,1.095667443751654,192.93475878440412,0.2631424366047186,0.14860460438265893,-0.1417772930491748,0.7541956188572354,41.871698947930525,0.6832444587786549,0.19943632424205332,0.42812100891616467,1.440512272932223,218.12272406806804,-1.5502571825882,35.26144483133392,-106.19858961469248,87.93231176821824,446697.2240382021,-8.289582483164512,61.87674835178391,-201.06075066444484,108.17722193284555,1653225.1617189378,-5.557841951713028,41.810551532990445,-50.90159951141828,63.98519968455608,-247164.39296321745
pull,nav,16_aug1,0.32467394519749593,0.5572819379901544,-1.1354357441157563,1.248376065933492,168.12827683362698,0.3497840145522118,0.18689108322241407,-0.4712104749143449,1.3345464494969548,73.77704457274031,0.7144528183046722,0.18967617397080402,0.3593126333675667,1.504089207867278,235.31828565972063,3.935231307560157,31.62805369577226,-118.7921447861068,105.03475127348774,358343.5008374804,-14.25521350609977,55.49048608499522,-165.95570789759745,147.3889389783008,1747233.52514433,1.445711704077126,42.63510505128123,-100.43061524180447,94.44809696611667,1253878.1993424615
pull,nav,17_aug1,0.2089758436414473,0.5183595164968535,-1.4532176169582787,0.9144709758818188,124.29305456965164,0.26725455063352965,0.16277150491909706,-0.3662147673248135,0.8199921177953051,38.62083764164378,0.7923366225103484,0.15239039969660778,0.4800584562634182,1.1712969588606161,290.93612484735934,-3.3303133177751474,44.55924306201466,-303.4844353606419,130.95810504959556,877508.2660555862,-2.4650878183480214,65.42206088771778,-156.38379906097273,164.57847366958666,1960345.0592733596,-7.028110140118917,51.93707576958375,-230.39821018824244,46.09645072331914,579797.9846597156
pull,nav,18_aug1,-0.08552163492044952,0.6068012821764924,-0.885128780928173,1.2333505867453596,161.0417719446853,0.29702638072888493,0.19869747630782894,-0.8037360525687505,0.7821356987739406,54.38429848822919,0.7379274060359928,0.19179408881488927,0.33680299675800096,1.333718599861079,229.3980642749857,6.122218169919554,42.49707297676922,-183.96682135336042,188.68725553666926,792346.752671697,-10.294340276809955,55.116947676134224,-180.22684388338016,91.54554900514543,1400760.358304345,-7.88209923280888,48.30653388502943,-136.47459400683198,98.5570806808711,938576.4297939369
pull,nav,19_aug1,0.20863390750412908,0.5507418494143596,-1.070342949312076,1.4663648389532564,131.13789989989405,0.36051911838683914,0.17211033523213695,-0.35915822898731087,0.8397938827257567,79.95884231876101,0.7459736342915221,0.1419826822566255,0.38979514941564,1.492717720967472,226.2529818089802,-0.9096782050983125,39.76126664134962,-222.71710051701672,118.67427672142598,688985.6972162323,-15.038121664542462,50.85723374748257,-159.05993828754978,104.65400317279612,1012063.1585414093,9.76214992152153,34.486930838247964,-110.7762947939965,97.81589666029619,1115138.674642873
pull,nav,20_aug1,-0.03626136689707322,0.6044997795206277,-0.9524058910798144,0.9837317012645401,157.47372314097066,0.33046162749247293,0.14848989990965883,-0.015480910145602426,0.670863832493987,50.094340368379235,0.703411939317084,0.18886881086854299,0.2759212481799314,1.3474646600084073,246.83011493307876,-2.9561320141068252,41.06047546210925,-233.3761349352977,72.27272520797247,591283.8703713691,-2.470436023961403,60.81874007532589,-161.47516996896465,129.2107657372128,1699653.5015328508,-6.500965807487425,51.16559854445326,-130.71929273781166,119.76325452701597,868961.3448901748
pull,sai,1_aug1,-0.621555701461899,0.4382599780069808,-1.0557226950493188,0.6537763586126603,368.75886547642796,-0.45734250089188894,0.14754467686621786,-1.0804824661255181,-0.023483516880411663,171.15029785737823,-0.4274189144988881,0.22597088901820636,-0.9522410115704497,-0.12793287152923957,144.13290615018292,-1.908312205664965,38.761812358486125,-239.28530529070804,70.0004586218042,988264.9492574106,-0.7517088590188272,34.171989101673475,-88.47490742325107,107.75737633978923,577532.8442230322,0.7225165721499365,44.11792353567841,-109.01126999043355,81.70146000329854,1938049.170684687
pull,sai,3_aug1,-0.5719214126759824,0.46247916408144946,-1.0455040817032515,1.037341185927609,344.8112805731005,-0.5746971918116096,0.1793016168646972,-1.2775427989843349,-0.20688239925220703,217.8149636926972,-0.2920014977514362,0.3188719013616839,-1.0023270886225881,0.26487903561870063,103.00425026895932,0.8449213447176214,36.56767442229256,-119.00143577976282,163.7931552808719,963042.3337166054,3.3072377515743785,33.329701854291955,-122.02514690406355,95.78676734520195,706068.3521141246,3.5137538518014555,58.75575167962881,-93.1329814237719,149.7820213078943,987930.1438014907
pull,sai,4_aug1,-0.6337096547406609,0.44674727570287426,-1.203864128952475,0.7589510600552397,410.03821164063953,-0.5607313257274189,0.16320283464343543,-1.5008847050747869,-0.11084798338524113,205.27258442083306,-0.1959927565825152,0.2470095961673213,-1.0656631907279073,0.7090543558784254,73.62580517459189,-3.1063664237926587,74.62377672774437,-389.59315703896704,256.2878979434218,3568424.863481786,-1.3685025249871894,25.999001258468752,-137.70121978751303,81.55810664399608,546163.6150482772,-8.7888734310149,32.98414741806139,-147.0038352230416,19.906157123484405,362875.3395226199
pull,sai,6_aug1,-0.5720097443111778,0.42026400453870266,-1.0588432427353889,0.9255324493962048,316.3315761383616,-0.6028986066554236,0.16861287423214222,-1.092479704096397,-0.0886628944878815,255.75197783061353,-0.04227448963276189,0.3911759162984837,-0.9321496786627492,0.7792297122673912,109.44847496036651,4.242612615045998,49.499287691116464,-290.40978988601074,160.78701831456803,1616932.7184680891,14.314827147093393,43.76633994421004,-71.85777035779383,153.20219587863033,1557470.4139634038,6.951981444455069,46.74282208505142,-193.46500565865355,119.69910142492029,2335029.852155903
pull,sai,8_aug1,-0.6000245618860507,0.4534782762841132,-0.9901424283126231,0.9509014698780567,378.3085394421472,-0.4982337857678569,0.14736369414969713,-1.3439731865102147,-0.18967194539201274,200.84518224016935,-0.2424233333078289,0.28537150564285835,-0.8976243454753058,0.2477679131843525,102.09040346978846,1.27774687424976,36.720816286945706,-130.88207596113836,156.90438027524038,756002.5820021296,7.995298466089057,22.647335524050906,-59.33135862548994,99.51642729941642,467312.69019682467,2.835669831550516,44.13432886726388,-43.086341837737294,172.6340337731577,1568584.810835744
pull,sai,9_aug1,-0.6580984143076761,0.3978512488574498,-1.1025290315472775,1.1686199281363276,401.74341717405406,-0.5864252019163819,0.18402242911524036,-1.2520594568851637,0.5725675484366314,237.24515622578429,-0.14491522382897637,0.2724106717584714,-1.2158059125296445,0.39570739892287365,71.39989205297317,2.893187804666484,54.86394961206263,-238.21425944891683,311.5746266065948,2043974.0573268873,7.955239478069757,31.51152992904832,-57.391882029078,138.00986974500077,843023.7459450022,2.7211274916305936,48.53702068050592,-228.3252437884737,169.471998841911,2234528.4655139223
pull,sai,11_aug1,-0.6205658450226246,0.45292485388224374,-1.230622830612372,0.9706724834509721,398.97932145376444,-0.5157005895080896,0.20963023954046722,-1.1659616434831725,0.6767659983096046,188.1813282114451,-0.3014849516673333,0.25707240858850616,-1.6434771290948968,0.1696554083691882,101.15845988801401,10.05222889638401,36.1341284532653,-153.69139014701835,168.4204394476092,1055401.661675464,5.726468871648,31.149537291856582,-76.40513072762546,124.74273897318308,783966.9917832136,1.6297884878788993,50.7597792084779,-131.28648553755175,92.52138903220943,1958455.135482576
pull,sai,13_aug1,-0.6289856516968552,0.46124914722371835,-1.191550876115339,0.9643212464865402,400.80197437994946,-0.5314706729747414,0.1916797854682304,-1.2130176198369294,-0.1266564830181354,212.53108903118633,-0.24068388695949097,0.23264247664835222,-0.9746620165429395,0.4828698161495502,78.09163532646797,4.656175350775008,32.84452967779204,-89.18865157159925,163.83647717243326,777981.4892409066,8.085360414274911,26.483991142196146,-46.57901660720536,116.30203542346804,535370.0730733642,2.824262260990244,45.36732900316943,-158.6564622163773,63.25306313930189,1158274.6548424456
pull,sai,15_aug1,-0.6056484374917301,0.48351523972482346,-1.216480950949285,1.1527100379141495,387.1483528451968,-0.5065846442149293,0.1683460478128656,-1.2630789764358574,0.02025899367474559,204.69729294555256,-0.3159189710294551,0.29599946632217417,-1.2002678551743824,0.11760385307361754,125.48920091968712,4.182086501543937,56.823964577913564,-406.3160210234851,163.99049486544013,2133690.5633032564,7.37727337991787,36.84199335914733,-59.933346551548674,169.31873520802833,988962.4310908555,1.442483970375888,55.13147792313007,-207.58926749400797,130.66908632000718,1774277.6201880295
pull,sai,17_aug1,-0.5731629673887694,0.4589313722803511,-1.1413092152028743,0.7323388236359619,350.31611648324207,-0.5428090648937091,0.15214322299861532,-1.3089053540092026,-0.23427097255480261,220.76377805863115,-0.31656826590595494,0.2570488372348809,-1.1327209023520324,0.1252282293550211,101.70178402824487,2.4480848611781596,40.63932406109334,-169.98829570306762,152.36929116640974,1111270.6362565332,6.86356546441452,31.206968927029603,-55.01379760208009,123.78968182317239,799158.1416858525,3.1242156389272253,41.16521826657057,-123.14398926791058,93.98684156683984,1302161.9503218152
pull,sai,18_aug1,-0.6657691292821121,0.4360247017647031,-1.134201804113996,1.1804082237832119,406.0466019143336,-0.47898400221986054,0.1804769167783244,-1.1579858865482324,-0.07714238475363096,179.34868282460212,-0.30700711289949595,0.26423181331116663,-1.1688696499664786,0.13123793617349824,114.15405843708257,3.3226233837614068,41.850994004066635,-170.9578001177267,187.43498797558243,906403.9579387488,4.926342178588982,32.09901430120267,-84.25656071674709,125.89885788420983,718505.1029317247,1.4196226807740415,48.34275752639332,-178.1630582120456,151.09207152011885,1551546.7262028675
pull,sai,20_aug1,-0.583714328265541,0.48168247855272595,-1.5093515418907635,1.120844156276977,383.23925034052803,-0.5782847981924918,0.16802745114665354,-1.4630764248052615,0.05384056769881595,232.3195549668915,-0.22153003405551652,0.29568628713181366,-1.108044398758754,0.8846332128644674,104.608320386224,5.062394996711001,50.70459193707657,-258.58360136264787,322.7601521525516,1674052.610975502,7.915796454434799,32.15385893861548,-40.434456523006865,131.66720951904188,575532.0597712077,2.4041113957974165,47.57725346567165,-123.15887327470158,194.65431267099893,1521287.374160939
pull,sai,21_aug1,-0.6750445642738736,0.47544727095311695,-1.3958450241842941,0.8177456223748285,456.56233299434984,-0.4309369792404838,0.19879637577327114,-1.678140919013602,-0.0347445956596409,164.0398256752718,-0.27665018511872547,0.3085051030690647,-1.6475901554431152,0.20837914552656664,110.88099902731574,1.6901067111018058,43.263677237255806,-229.34567314234843,178.17657713634398,1275963.8866323275,5.817505499643326,32.447787592691206,-81.04389003091717,129.1421348633019,790512.4492559818,1.216249572181471,50.37689312371067,-42.990977520673674,181.34512854461858,1759433.0721450741
pull,sai,23_aug1,-0.6171915557957671,0.44005884630450987,-1.106893876105929,0.8406899357842459,406.49222899889355,-0.477781343141541,0.1364024842753746,-1.1600593975528144,-0.15226304185919795,165.97337823593557,-0.3746451568483592,0.2615417667748651,-0.9627554578457689,-0.03429263190440185,121.72355838827778,2.552615955253216,32.296072485593314,-162.11621068258674,113.84102218431016,690132.9555438918,5.805192551600884,34.85077097136501,-82.97365958958927,133.87208463997297,763527.8580809203,5.920397914124315,52.5496554492511,-61.127635518192164,164.40147746058497,2759847.843848954
pull,sai,25_aug1,-0.5241118652368812,0.5122250590891663,-1.1272914129693836,1.2063459959542655,385.75798429371434,-0.4785695995933264,0.15124386575784407,-1.2387437008220146,0.05739483127755401,182.07569141558275,-0.3181539490604929,0.22447933000924783,-0.9574265624992476,-0.10326565309057138,118.46735247380677,3.3616860866022917,29.399162622187763,-174.11716337420734,121.52926027176105,708248.7482405505,7.674864472255633,29.88795097399409,-54.92748448859319,123.41796408439698,700684.7354005502,4.781538300169174,51.160048868308856,-81.38482325712413,136.05466431233953,2194180.6004545875
pull,sai,27_aug1,-0.6419383243683238,0.5093594045239466,-1.3766405301045668,1.5038078084913937,420.38733887205484,-0.4901782039361476,0.2629542637722039,-2.015959583796622,1.240294668497021,198.1675951351973,-0.312594944927068,0.2929462809696233,-1.1810855610548057,0.6629988015521646,118.98231895970157,3.4013284466009597,49.21486949919995,-184.04792702436654,228.75542343286992,1541448.3776174649,8.282560137967462,36.728575110718644,-70.64081175031535,170.45288213094219,991691.3201560593,2.466403922842132,62.9880538632933,-128.93045939874932,197.69975047376434,3463312.3998788847
pull,sai,28_aug1,-0.5990311421139923,0.4757372435319337,-1.0335191501269847,0.8121732309213253,359.80695811937767,-0.4626205552014824,0.1445941660311475,-1.0597202902261866,0.028411434744120206,182.85712453163833,-0.321682704373115,0.25608662959895667,-1.024595266574891,0.04590495889497388,130.54063697140597,1.8435584521435049,36.22956600302304,-147.2059265263892,155.3506470903782,939104.8597119444,6.834928343696894,31.813131922110784,-44.686537530832446,114.61669800130662,644289.5633350919,2.986070363392476,42.93239608901508,-61.329768331922395,169.915001629361,2186856.350132298
pull,sai,29_aug1,-0.6257630084494546,0.45005409389975276,-1.0835173928718382,0.694613345962192,421.2770409315056,-0.4160021037197431,0.1536728465860181,-1.111971530523646,-0.0864879144254999,150.25992882598666,-0.35485355528939555,0.1850854847217295,-1.1659011088551465,-0.047043675198293014,139.51017941487126,0.7738305943521224,35.01895067267543,-64.73773471493217,134.13527408844746,877817.1550981989,3.4378853725181813,32.82927348039308,-43.41378396766716,123.91108872161325,536868.054950929,1.8218984842321828,52.8013895086748,-111.24426539017497,86.73305685404588,1299333.4730679384
push,aks,1_aug1,-0.1845459487950503,0.6345603037156178,-0.9406660945625246,0.9644220249071412,211.6096317578031,-0.4035561926404377,0.2537060771094023,-1.060524656159305,0.278852992682209,109.32509733998026,-0.5669217815746226,0.22347999620776307,-0.9184090819475836,-0.07180525468761763,155.23019273525088,-9.193506103278427,33.732563017231556,-98.20917380039626,95.85636673501688,642315.8413602111,13.014570869635707,30.47319534124004,-47.38239686369159,110.96395766029086,514608.539299717,-5.6751008436383765,48.87324614872773,-145.25203747888693,183.96471910665358,1658616.6634549955
push,aks,2_aug1,-0.4295549965292121,0.651134621784369,-0.952189848016772,0.9286120105539728,290.7461281265293,-0.4504161222498231,0.2345732328679065,-1.0400992167754775,0.4232601211836234,117.06452472899754,-0.29423583090725425,0.24170895250322533,-1.1478563213508868,0.034977176662279424,71.40381650783787,-21.355453975265455,29.579346019720656,-110.94690265065158,62.550428675272336,652096.1710456369,8.722595334142458,39.8297755643211,-65.1023523003785,143.44307178218088,833003.3095448165,-9.430340375980842,48.39656038005565,-123.96233259135289,77.50449544521558,2294060.7463043127
push,aks,3_aug1,-0.43051626961680867,0.5473135064928337,-1.2038484619021483,0.4138739195400222,214.12434415077794,-0.537909347590879,0.16900174883222158,-1.2035125261482829,-0.13157842376213427,141.33268866099803,-0.39982682559776067,0.2894376616566279,-0.8590733971871838,-0.042110807808003206,120.2546595020438,-17.206196444920366,34.9427467165857,-186.62027340423302,36.46896181426404,627444.900149888,11.699453544261274,41.24508143458001,-51.89605933592546,163.70222509153908,672948.0441393211,-18.912758642209397,49.400431050263755,-184.4574592472531,60.03847648441291,1628941.2747332589
push,aks,4_aug1,0.03644421220501933,0.6213925651536305,-0.9464883644775925,0.9661097447856474,182.38753797312756,-0.39791031008573136,0.3906736603218126,-1.1644856286313572,0.7673123665260828,154.85490956868574,-0.5631990184003652,0.31094016372204764,-1.1388597964454676,0.12172413363681768,153.9774413893241,-11.888082151712672,48.33866851898173,-148.1789365493241,115.53711851131696,1075447.2809100912,-3.5010375577275163,49.21170209564677,-169.60867911785775,106.59840368335622,1028787.8195732248,5.6130148768103565,79.70216064488172,-206.59942211666646,151.94853129673282,3404144.488609029
push,aks,5_aug1,-0.07967483213170745,0.6071078552810483,-1.1213473659524649,0.9397778759956025,174.28409253998018,-0.4215496767609437,0.33064193275152576,-1.489010472853295,0.5597515049758672,134.7045205983052,-0.5672515395532262,0.3068027854640187,-1.0552392782196194,0.12440034547562127,184.77795001532434,-10.868231916924788,47.94355585217316,-188.6804302110711,110.80908254471271,1065803.4652330528,-6.721168614163676,64.96212276646686,-179.46109346373873,169.67351004906655,1908827.7982778442,-1.455793986987561,67.55345219514119,-188.17155150606033,186.38039876766163,2036831.8451977777
push,aks,6_aug1,-0.117698868281545,0.6358383327271552,-1.0485808257832407,0.9138373737107209,180.9635904237778,-0.41459917291120874,0.30448816118998734,-1.029464529319557,0.415471755817732,134.55610218259758,-0.4901925923677991,0.3224629149622292,-1.1896802144178706,0.02488885414749675,186.87706217001133,-2.396185622631037,46.80674852661043,-171.8034266269122,136.28761910429006,974631.3110261149,-5.984130783889698,51.795349719197944,-153.89343960521467,104.92827407654639,1459597.2629085295,-5.848132068018493,67.63241175178098,-166.07633125938682,146.98313386081682,1598123.9451299037
push,aks,7_aug1,0.18061578159132088,0.5250386469848348,-1.2919771698156632,0.8965377202656792,133.14526606459677,-0.4154601721152372,0.2701834597525025,-1.076243527466805,0.35727168575286666,107.8984477233357,-0.6548445474633944,0.2828897680483553,-1.1020687511694103,0.11594588590738283,247.02532583073977,-16.66639118032427,41.51517288998781,-177.67751212006976,81.85817478888949,1017601.9032728187,7.546932721194999,35.73944686058756,-73.33264410170747,141.11309515962495,677731.366633682,-12.50435391612067,64.42305361642951,-186.6167199242984,161.19316909932073,1618739.5858716336
push,aks,8_aug1,0.021071976470553092,0.5728150756409782,-0.9979858968948377,0.8882716100064959,139.87756486879496,-0.44773665516505545,0.2146802155592817,-0.8725967644224085,0.2204941043104893,98.96335820232302,-0.6647327732121361,0.3043662705402635,-0.943430923659938,0.0925596155924791,236.35314595249628,-20.083253020927177,34.451420777277946,-133.1040199978096,57.82031352257101,771219.6328530045,9.61214097914856,32.152772449743594,-25.12324435759712,117.41599489786279,396554.05276166956,-10.781038266083232,46.82638745862231,-54.466477651977065,65.97086598689248,1368390.7139846114
push,aks,9_aug1,0.05029093819322912,0.5977878779557607,-0.9721437544725656,0.8817939212093275,169.85573843498005,-0.4061941834184613,0.20617284988604268,-1.0294484707668974,0.1730950296541395,100.20305671175592,-0.5951739743739628,0.35398854709181554,-1.0199788671954582,0.106433104034167,221.46335536914742,-18.17194244345131,29.542569372811208,-150.14379117248612,44.79649891379809,786359.1130917864,12.52399470502007,31.012908734128022,-22.59562583676612,117.41761499684824,521190.21499453683,-7.511649224118739,43.87211616172483,-124.19670143116252,97.07082261986305,660523.7952863295
push,aks,10_aug1,-0.004514595805376016,0.5778457219729571,-0.9554138628086642,0.8457123146803903,157.5451477537207,-0.41954964041868814,0.26264197498471015,-1.3268908265190125,0.36582748848133945,107.28530496030997,-0.587230068438879,0.3170338635385373,-1.0440600058173704,0.08491491663893952,209.28113872525873,-22.948310085589853,34.003680389384655,-154.64444847643145,30.764538043938888,680700.4161366149,5.379924121604008,24.059802159143697,-52.11443063377298,82.77601695557355,319533.30270618066,-14.032164897108991,50.78482974473509,-186.1620551229212,99.93033232293843,1665513.5398735402
push,aks,11_aug1,0.04430205690427816,0.6037648753005024,-0.9622946492583605,0.8441126833788751,162.89364295279694,-0.37308393867035206,0.19153426022663866,-1.1359546481165457,0.056861355233728844,88.61178927290575,-0.6461933442406078,0.3457886117394564,-0.9966579378775573,0.06532415033481384,227.28591320723774,-22.766731604188408,26.609572046326438,-104.15578731465257,53.70885944616673,504464.6307303196,7.163229041589594,22.962238800660614,-7.336764865476628,94.15079245840647,379853.9513002661,-11.65458229994107,48.170439732461915,-109.25013642485979,117.06934997484476,1514352.0211487827
push,aks,12_aug1,0.05009583157007039,0.5543118350138507,-0.9614287003563977,0.7450407040753216,166.61228395254065,-0.3839348201430901,0.1751663063354286,-0.9739231082491917,0.03431899727581202,89.89736696531011,-0.6728253188863175,0.30231971670853125,-1.0861410934981175,0.03758642783485007,238.18706348188772,-20.831970826574295,31.44818813223973,-136.10244853281318,63.1308147870072,590643.139529054,9.399216109436333,24.423841052679766,-24.808754827104742,64.20548582443475,467420.726977824,-7.998885167956653,43.61884421521634,-157.63507080431873,70.22114269782712,501396.3296571139
push,aks,13_aug1,0.00494954186092861,0.5658560483673947,-0.9892393548062579,0.7980408695579535,161.55872799753845,-0.42270939702664256,0.2174897291413384,-0.9708623048705978,0.1557938449095333,103.30175878826367,-0.6243741427920957,0.35177695685900134,-0.9648516860409057,0.0889736691213696,226.86092925320654,-24.290253577671717,27.231619766189382,-106.07814265038775,38.747786011917306,477032.34736070747,7.96936504717156,23.320725025794832,-17.42970501206122,71.01921006074929,324356.92707369843,-10.72914219298661,54.49023937322922,-49.3517260684179,123.12737701955022,392623.67727036413
push,aks,14_aug1,0.12448499357767903,0.5944645762726293,-0.9653947471733807,0.9079076195933932,165.91199763023212,-0.36857991423115066,0.24326477551459746,-0.8958476410263261,0.24005003668513222,96.57811753720179,-0.6273956182412482,0.31024694175476175,-0.933917129110421,0.0377883293392086,222.22535236020033,-24.500274002013743,31.55831931608544,-126.75709657329631,22.458086235706716,749585.6343508406,7.980506481100902,29.265602527385454,-24.980488466004005,111.73516026186333,462017.54935620434,-9.628763512836832,54.784061157299774,-157.11509785047062,126.31653471978153,1124953.6179095895
push,aks,15_aug1,0.10851427040122451,0.5382355152648787,-1.0019979703207884,0.8262267739052374,132.05784689150207,-0.37469401719691886,0.2512676652664875,-1.1475158772197191,0.2760116101433559,106.64546578714575,-0.6728151148887813,0.2556088824380187,-1.0782212022861382,-0.09692083754885832,237.3871725741157,-21.158864307181503,32.85382893517071,-177.21286414411645,43.99484893759229,641493.3322369138,2.4594304683269357,26.617622023130174,-57.1833406590489,88.56726202291968,214786.54341376733,-14.450279235077723,55.141047180051366,-152.5650775754952,33.02210534191748,2020255.434150603
push,aks,16_aug1,-0.05290165223206086,0.5281684135062622,-0.9640302236665386,0.7538264618361004,137.99903262897993,-0.4014110312389355,0.2510925022215867,-1.3080824325959854,0.13652040844873084,98.25570679740588,-0.6413999139209975,0.3247798602022501,-1.0800843056196157,0.029098093462937236,244.50734061364028,-16.04119665140411,47.31186907294478,-134.2995869624278,150.63699700140208,1371086.7395153309,-3.3520030681198096,44.93161658196855,-169.68169408319665,91.24008222467839,879925.3764189947,-6.422161727481082,53.05076707758733,-155.02384341780316,136.4491530217141,2556772.639443905
push,aks,17_aug1,0.12060584422279105,0.54867107933787,-1.0378934420450772,0.8197289839293089,144.4574604060248,-0.3113643404582927,0.17893450477036116,-0.7347906092972444,0.44418311895098656,56.31592739282985,-0.6859609547412876,0.29314053345266355,-1.0446378729783898,-0.05891765024892546,273.8148575414439,-15.735987412687654,28.885042829779064,-168.79259732929407,13.19231345273548,524235.33839435555,15.683849617492076,36.762981012242015,-30.102600015356767,97.41132252233282,694016.8222354822,-10.04020454109916,39.43374861160241,-85.21838160298708,15.498554855567548,-184710.17630845273
push,aks,18_aug1,0.06364820829269585,0.6398754098904206,-0.9557688758130973,1.0747397970654968,182.4819922148307,-0.2413664570735085,0.3011504233733284,-0.7183204032747115,0.5993746408725654,65.41901280061373,-0.5950252817915759,0.2826076857172428,-1.1565598897792426,-0.10105803567006377,220.57701807408904,-22.251947336202353,30.125839555355498,-114.01024438811787,32.00787957588739,665119.694724941,11.44168379738808,54.88462481881173,-135.66500719451759,160.50561316431185,1482917.3853170648,-10.70579890091312,40.74728388682962,-22.680650506387522,53.14077080318131,492413.7513537846
push,aks,19_aug1,0.040965682255279905,0.574012087049813,-1.0642021803789483,0.9551109723526341,154.44473419995447,-0.18200026841395087,0.2918475024084973,-0.8487170464885148,0.4676550948010699,53.35681995558319,-0.7024845822842505,0.2851013209874075,-1.1209160527413713,-0.05125968627357873,270.6957740019231,-19.86267135240781,28.84506696998402,-83.07545792225643,85.55638123030481,817282.9221144584,9.391589704785083,33.26177979098817,-45.77707029889263,85.7956750359982,455062.98006525415,-10.582650281501396,41.08672733087065,-152.99783200034645,75.24308461832274,2087980.593205269
push,aks,20_aug1,0.0542680244856094,0.627444063687028,-0.926079451591432,1.0875561813314019,173.63678877535048,-0.228484441191158,0.2679616262499584,-0.8239170466137855,0.47404686781289357,61.714809428388776,-0.6465199133857304,0.31484484683666514,-1.106985647720909,-0.13032867266251302,246.26026368106034,-22.74453682529985,31.38462875657932,-128.46674326213102,39.52261927502335,570487.6983736771,10.228748146207497,47.46895908786674,-90.57278286836258,170.42976806188057,956243.8539111731,-8.651770938001613,48.0455439425119,-110.17664470226123,167.7201116164838,1123202.625743707
push,akshat,1_aug1,-0.18083052123598214,0.6518533590871913,-0.9426379938359737,0.948026262463973,228.06712144555263,-0.39713381641506706,0.2498789783362911,-1.1235815829906843,0.2496647952515898,112.14769991408724,-0.5137097822072022,0.23204414464780662,-0.9450502161697193,-0.04667398911319093,160.65956647452083,-11.91517639696817,37.761640799991156,-107.80282943255294,100.69709628498418,573894.9783392462,12.078569812728569,29.878279886789553,-64.8278561653485,110.98799677165428,558878.1317535018,-5.699893787928562,54.47227733057739,-165.76804591971322,149.8046023496018,690006.9706575138
push,akshat,2_aug1,-0.4355183052856767,0.6340477038253856,-1.0425019812960523,0.9282913108721509,286.3960262149812,-0.42548472257241754,0.25304369759289275,-1.0244701657857838,0.43281759761270316,111.35679583882924,-0.37271260777405923,0.25307025763032137,-1.1586159450567544,0.02884092794106074,77.82032528405371,-21.684011845996103,29.456630300254957,-124.34528248034633,59.36856623422379,544608.545115263,9.814874270228959,40.106619266162824,-65.9097754902474,139.61091618053268,869255.9368233046,-9.10066347970076,44.5074041966858,-106.81836655857613,121.72182226224545,908654.933950506
push,akshat,3_aug1,-0.4065220216092503,0.5566941597526168,-1.1733408918715047,0.46034587618082445,212.58461862222777,-0.5379115721233103,0.14496233049812224,-1.243669786025212,-0.15482956357394997,142.2471514230343,-0.4935783808621136,0.2990563552886646,-0.8499061941537427,-0.02600049815483431,134.73960231025669,-16.175397186785883,37.806136238742965,-181.32838061001567,35.57065416035303,873772.6263628866,11.438179024871642,40.48555000450257,-51.48382541146168,173.4683067199816,674577.9138507429,-19.375332047709467,45.98736020551369,-192.89438341817612,99.73084734663362,864830.6759877636
push,akshat,4_aug1,0.04874371046780833,0.5999048939192456,-0.8785846170233431,1.0095374436107183,182.32796058309958,-0.4242472672460853,0.4117979725557772,-1.1920164527049928,0.7636682886038781,149.4404882884544,-0.4879225760870811,0.31845390574738863,-1.1467137460118897,0.1286307790791452,158.62866976945685,-11.282431255982075,45.49907416654011,-125.80707261558645,112.45515128485998,1114403.7762772427,-4.2347726580263885,49.91679114058777,-166.58693871574206,105.25165314052789,1317802.0220310893,5.588198144058009,77.907846534021,-115.22140183907008,186.55698836541262,2267116.802036288
push,akshat,5_aug1,-0.0670559535963011,0.6147175787165268,-1.044277742578708,0.9849120254031515,174.76849621523257,-0.41797853924108525,0.3224263163056423,-1.4188754059806556,0.5800625287983573,147.23906265129665,-0.49626910850823563,0.308300509512127,-1.0363274159579166,0.09013016501887516,173.20410802952037,-10.07958217730027,49.75831517788872,-192.93633890596078,97.64172887387468,1240761.8651587607,-6.496345379043404,64.47487377861397,-177.4318210924043,169.52282497236152,2286734.832477245,-1.0773808653163017,66.98428618667774,-132.64652046694948,92.94703624300186,2127615.5016653626
push,akshat,6_aug1,-0.18565305135699317,0.6195495450462634,-1.0352692267991317,0.8619032268539607,184.3006209364027,-0.4078046430893416,0.3206635805210351,-1.0169502885125248,0.3954447436397095,129.73433136936598,-0.5310337118093342,0.3428883133249665,-1.2007692083925963,0.0464568029772753,180.8898004428612,-1.9295628296848206,46.06370199858436,-175.31765906932807,143.53889704491104,931039.342532319,-6.605254765129364,53.53388018112097,-154.97659471090046,99.10602912537854,1339139.2452370357,-4.805504983777224,63.19188339546509,-223.33506746946503,175.57063375967738,1946582.3910491245
push,akshat,7_aug1,0.16413844264735666,0.5055238565599491,-1.2652468382402389,0.9090067014367761,133.3585585594798,-0.4288245991105385,0.2802099077917762,-1.1087909348028835,0.38597567842568126,117.94657024595921,-0.6321119297008397,0.3017443037276366,-1.0855952854756963,0.040330111400222995,251.20883215208667,-17.02319352132744,44.10412176963763,-181.5559109575149,86.5524279790078,988037.871206889,6.928813092819608,32.4630932020274,-64.16522276728543,134.69629768327917,543414.4606309684,-13.526137025758125,71.3111021865262,-176.05250174997835,178.51965855343937,2977091.944640912
push,akshat,8_aug1,0.048834112533493734,0.5505095477415953,-1.016779274820907,0.8831171959672174,149.6026780247182,-0.44842629347532176,0.2458876914770747,-0.9236732613608106,0.1640531404116756,106.63291697847131,-0.6551760560762925,0.30619174150365913,-0.983085016967989,0.03144723032085978,232.96378587208562,-20.55966275838482,31.20677757712656,-147.57220826979767,60.639548585607685,704205.4601495201,9.434557684763268,25.782984362085823,-18.159494441830276,106.73551215724953,440094.6449396799,-10.878649982112204,49.66839748480811,-76.70308883883408,144.6367229548477,1071782.5168991555
push,akshat,9_aug1,0.06917660799691558,0.6116503345830927,-0.9501229127034995,0.9303279959936295,174.0976994647469,-0.4172830742012627,0.20937298776563348,-1.1681090916625352,0.16353834006488074,95.65704363567154,-0.6288588595368225,0.34072861250204445,-1.0113924378604664,0.08462829753283542,220.50334107058282,-17.884473091452435,30.500898357464735,-143.68975065279542,39.6460873197992,463801.89271234674,12.16084545310462,30.60032992173278,-29.33348074564697,124.5240208795128,529141.6936370074,-6.773096465150821,40.655714846328664,-75.36088874493802,143.49188236249566,-841721.6213556239
push,akshat,10_aug1,-0.0017288519902470805,0.573563045123299,-0.933851837159566,0.7851081602822163,164.967953431011,-0.38495255326448435,0.27618618278207235,-1.2797588317844313,0.3979659457837862,109.74281750497929,-0.6409493933703818,0.3212478215570724,-1.0611149241132039,0.03884010210306642,222.67862046814042,-23.593886915094927,36.983635280146586,-144.36101858679365,30.535151337272897,783832.1895716939,4.7645212849975,24.28436178924828,-57.259440543969326,77.82317998917429,268930.61477645324,-14.805310650446414,48.20450082680395,-179.9168112804329,54.696180648048916,1156490.9655682046
push,akshat,11_aug1,0.05585192033024572,0.5681913282288383,-0.9530909886133778,0.8246725535367431,151.5714755379953,-0.3930935601460617,0.20790610989794217,-1.1076193732410182,-0.016308984620209264,87.85228040910879,-0.5669493845068677,0.3507470434510922,-1.0277530454314265,0.0016108481511060632,235.97873998502266,-23.49524146486071,27.7907451630168,-107.28119968075896,59.79365743335442,675748.8494994366,6.473692014906412,28.708360767303052,-15.349511640396095,95.72919573521779,168530.98511045089,-11.447629417352074,47.612131973297394,-186.81992149854003,103.64910357032309,1694543.5732004028
push,akshat,12_aug1,0.007437637260916253,0.5528769809656257,-0.898706435288159,0.7194994243717764,165.0980530829049,-0.3532815693609232,0.16278134140293068,-1.0742631276950863,0.03791385837458519,76.05297753674314,-0.6083306981580466,0.31588628191167545,-0.9793843276142553,0.0032400353292911972,241.57709615227327,-18.862426221237826,30.373774441561004,-122.2217413468684,72.34906498925264,639694.806734832,9.114588582263373,25.977551700192304,-17.584108481931416,75.50473556517626,503328.2128516538,-8.42017361035829,41.90497450473459,-171.18685398229593,59.07660286886314,1024198.4307420673
push,akshat,13_aug1,0.031975722902867466,0.5439416153709364,-1.0054727881166057,0.7662522114020056,146.9398609496391,-0.41251752147639487,0.2130774501275772,-0.9865946138186986,0.20068722246728485,110.95084847895681,-0.6102581718630617,0.3530209964736851,-0.9725533881835402,0.07061828615381363,225.0169039889459,-23.68990557043938,25.347441076468623,-102.04680510667572,30.08182303698704,576194.5713802387,8.436784009119055,19.779767287413218,-26.737543359443887,70.65454600308456,281645.112866779,-11.401453579786764,48.83915915395893,-142.82145248742518,131.78089743307467,327222.97433187964
push,akshat,14_aug1,0.07620330444788506,0.5668147359084322,-0.8869968898149261,0.9703721091950124,169.24833350268133,-0.3412880436842193,0.2426768148751453,-1.0820524845903943,0.2234931429698659,94.71619490336843,-0.6003224791085121,0.3060650733062705,-0.9973135149609793,-0.012548002657739279,217.15480101327952,-25.577824659160385,31.05421055626257,-133.01715050463613,12.057100639124815,867831.9137254098,7.9547542078517415,29.121244772503964,-27.795142397521783,121.97849675082081,528271.6030145056,-9.821086518388142,57.18991886570355,-92.76158286012557,120.43395191989289,-572906.9527404436
push,akshat,15_aug1,0.14649525259503252,0.510430096135906,-0.9422546349725133,0.8141615708983179,159.52812538285272,-0.43219476203885354,0.25364559745333515,-1.1791997878838967,0.30173660924355017,106.75325008952322,-0.6679661530736453,0.27709502045059703,-1.0656559967459756,-0.07852931207266656,240.78719385014236,-19.470577265478227,36.41810549225893,-184.730649368846,41.73946731419547,874208.1664893909,3.1522965919962305,25.91155199188994,-64.46784327574667,92.31551699487851,286783.7345912803,-14.088662064591196,48.11784687133151,-163.40745705967467,126.87261271041238,839802.0354903106
push,akshat,16_aug1,-0.04494916223374011,0.5492390882234351,-0.9384811850300637,0.7586886938901032,119.16340722942381,-0.3956819750979534,0.2530842931614659,-1.3549451356255073,0.12631353216752916,103.43153026329652,-0.5587089393008877,0.3239826781675811,-1.0955070374360183,0.03335045246928569,235.51295766172876,-16.94802824270712,45.204586516484014,-139.53839739516513,151.16803596769088,1144063.347747987,-2.982924839055422,47.497397663237756,-168.6837420191402,93.82869785907772,917116.1927413278,-7.524479161164836,49.328467113763715,-122.23887975454906,123.05221809616648,605993.8118874794
push,akshat,17_aug1,0.07740721320422102,0.55948086828496,-1.0535884983475046,0.7828052219934276,142.6750970654711,-0.2892368978990393,0.19462587994451036,-0.698649579948539,0.4768296301009282,56.023164748660086,-0.738910546397107,0.3032775034935833,-1.1396654457312834,0.0009042203883369293,276.7115599808731,-15.005304934739254,29.494360149788996,-165.42547579659495,25.97108231572607,634474.0618107329,15.058212670460339,36.54795386742413,-36.34432811260908,92.43019686855448,871561.5116580073,-10.172718466581482,38.0837599077717,-88.57289080284319,35.276193173662286,-748962.6320520011
push,akshat,18_aug1,0.029071191999208646,0.6211191931847668,-0.9614395278258587,1.027502590794011,179.3159454293773,-0.24102448374527302,0.2863194149940834,-0.7240296674044122,0.6209681444164064,67.09693720093917,-0.6433347425283394,0.3008275669125231,-1.1441106607381737,-0.04616867800116824,219.1869920160864,-23.450460540286386,30.563384650693216,-114.2293875834614,41.27853157370283,487565.95036957064,10.765217963834047,54.21973547181742,-138.71336134971475,155.24319560278286,1559485.701487311,-10.6211072402917,34.43638702079923,-150.62551193836796,91.72217325274153,162535.15957744454
push,akshat,19_aug1,0.02530903174419683,0.5682532245833801,-1.1138301421302963,0.8542372155913353,156.63011880159215,-0.18623051652509645,0.2821377618788147,-0.9722185102913734,0.47793305543660763,56.53236368451973,-0.7130986063029653,0.3002102597506718,-1.1472915160945791,-0.1128462529132742,266.19051076122537,-20.26595961967406,31.01859679265547,-94.85318822610819,97.0693465217766,682300.6450303843,10.352046376749517,32.61267403932733,-50.66365820839408,88.99126533385915,639321.6684457122,-10.450986213546232,51.07880402569894,-140.62025337408204,103.87550157343895,-151477.53440354846
push,akshat,20_aug1,0.01892648502413038,0.6268209288219245,-0.9280457005852055,1.062966635359782,174.00571626345223,-0.2286765214879569,0.27116605884542266,-0.8932475043159845,0.476746271154177,60.09805529636359,-0.6603905891820675,0.2997239872559252,-1.1101526351432025,-0.15317315999300263,248.89523042493533,-21.892537709167907,31.028778074779822,-140.79965582037113,39.120256327458826,802301.9404018957,9.685083514622255,47.744436151821255,-94.1760485607735,179.50083754732552,1325099.2760035712,-9.351957024582788,50.75978534478589,-172.33510167211818,181.46855037024488,350630.4682234003
push,jon,1_aug1,-0.3627044134623748,0.7172757677956233,-1.1372370748616054,1.1664348433722354,327.149837745011,-0.16134620219553197,0.26108474835580886,-0.9446284268825227,0.495330510057817,38.67758893703227,-0.4945828227513654,0.280518948359408,-1.3267180105491163,0.057922808576013535,147.49008180992624,-11.446029520730566,40.683961475155314,-106.8811127603723,108.28847798154565,877880.4199835428,6.929960046043422,83.46200609648123,-186.50875798696694,216.99255143070053,3266340.3165111025,4.463060015273041,77.64323861634905,-140.1949717156606,225.47798225980694,1197892.1055906892
push,jon,2_aug1,-0.10802717593910048,0.6600153838605581,-1.316997180221124,1.1959657074604237,229.2657263425842,-0.22421626774582504,0.35157765065977764,-2.1028257316961096,0.9696053193773722,83.76081992777618,-0.5892204178911594,0.3483790075708059,-1.2072891724350512,0.27651943760275405,206.5883530434119,4.4931894063008375,94.95219453175777,-435.34627121735303,195.86282755081425,4025901.473182219,18.429558062840023,75.56429332864461,-168.40469129394106,230.883694933897,2993362.3540329416,1.2699299591316253,97.84571661904698,-166.0863451379564,289.9197057439087,4175390.329763863
push,jon,3_aug1,-0.24141961235496284,0.7135441538329049,-1.0585619356401879,1.1200689510006805,234.597245182175,-0.2312433482683506,0.34878865723999186,-2.083681984075229,0.5249004446645822,85.90021555900712,-0.5859178424142284,0.33562713382802034,-1.5714796650104454,-0.04860772569269889,195.86136750248696,-8.514480277123647,53.8884302914156,-179.62780401888296,296.9156812978619,1494852.982239264,15.706508789357715,78.41290387060485,-235.70932484691374,212.8347304339663,3018574.4687876287,8.009707573514738,84.26437615356444,-195.05172559218533,265.69467480283424,3661256.96100166
push,jon,4_aug1,-0.1409281960130273,0.6520424368291238,-1.0050694189815588,1.0898868376567694,236.71267335506826,-0.2080665357985709,0.3466919404377917,-1.445687818346268,0.7380435006397613,81.81888525301235,-0.6215915025771153,0.30889417353444104,-1.139911087004684,-0.002074515062504785,225.1984203909757,-0.22286279131630166,68.5859140944762,-230.97638801562735,304.9553232523435,2345461.4044770403,8.002364104249288,83.90575842790359,-153.1181804720873,253.55839303786885,3624358.060778973,3.8155920317261813,84.65645769540299,-173.84435769745875,238.2863358425658,2910535.0306935455
push,jon,5_aug1,-0.18382263258814036,0.6246439984696196,-1.2626643962080282,1.0548999651448039,173.85437753269468,-0.32517271793484265,0.30800473737531775,-1.5097026088661083,0.40030380105224755,100.20396498448741,-0.5762830935841109,0.3066379315258382,-1.536091613696045,0.04793408450409072,204.36499056162356,7.844489047006802,72.35828512386655,-222.2286312866107,276.85674112386204,2346156.601259109,11.969036866539263,73.41097469181527,-231.18521572749765,199.76942255872092,2642645.8560256483,-4.3609139220526725,105.69696334780839,-216.70312521437128,324.0160998345738,4907436.277797971
push,jon,6_aug1,-0.21878944547261092,0.720822185673228,-1.1039087117992916,1.164643122699045,271.6532832457371,-0.25994284886052316,0.2475722906701579,-1.3986206761810027,0.09838362548725713,61.449072288093454,-0.5430447397298983,0.2750352898318205,-1.0813684880757328,-0.16391201286831233,177.94769341853757,-6.404743059579039,39.33583785840356,-136.2542426214686,107.36752248362255,725675.2292033047,6.153520914572122,70.16724419833376,-115.93092417660426,229.78513328856778,2329872.412852841,4.14260303283249,75.46311707375851,-259.7095281236867,299.28295787280797,2089329.4204498138
push,jon,7_aug1,-0.23598125898721695,0.6721040720220707,-2.2235193345383983,1.0712357630203837,237.2339926889675,-0.22730956640525873,0.34060791772360677,-1.3929202543655796,1.1084997986191816,70.16978262897386,-0.6439354641859129,0.413881735581026,-1.774590675696057,0.4337220990764959,253.50595364210633,4.341677245707036,52.29704373412802,-153.47985377948476,190.98445192515845,1137202.2247338134,5.211731990428435,103.41760369305047,-252.28441154832387,408.99117204507576,4994377.687360742,-4.704770829816217,106.90008195865327,-431.78889727551586,276.46931901268135,5448131.310845407
push,jon,8_aug1,-0.15203034712664573,0.6699320661644295,-1.2707223129093896,1.180339057367602,227.26279842314221,-0.25214826459945466,0.31666880964730193,-1.6146304864204624,0.5503817584720729,79.87146086663246,-0.5624509518337095,0.3197796553466586,-1.1692076366645348,-0.07934405742618955,213.06392338351935,1.7024901363591218,64.56261708664549,-267.7013740688338,163.13308731389117,2024110.1473695005,14.168808283966042,75.99507144096292,-138.23975714119914,222.44800891899385,2798413.150983704,4.726795213836211,98.18799749286882,-197.07991543159082,254.0384813970593,3788985.3391068853
push,jon,9_aug1,-0.41865000958704096,0.7145381612974461,-2.3528834859755055,1.2725360834833874,330.59261058631773,-0.25309093044410597,0.3641071452730241,-1.788972891139534,1.7414200728020919,92.64917287057783,-0.4430533694336118,0.3357055813293439,-1.7469210618341542,0.6416310049307676,144.54730148271003,3.222231983667314,53.55835392525009,-210.07776442517599,187.50135567963815,1500513.5971387452,23.619323610629337,83.39361354900647,-95.93574852403638,383.7293441054226,3209492.8750635977,0.24073308180220096,94.34816565581224,-311.8867399767955,307.61581290249427,5183150.895043993
push,jon,10_aug1,-0.24490854267021217,0.6756906823014796,-1.7292301557381005,1.633585502616058,244.43113742126843,-0.283500465263066,0.41239157181556974,-2.548686176127259,0.787000781402596,118.1760020370156,-0.6093175598539656,0.4016637025123381,-2.1505908901572037,0.45216896245912963,239.53389931761507,-4.887673215604604,91.43916032354696,-267.8897102345091,382.8847005815477,3932520.534263095,6.182939454284876,91.03256453458815,-300.2229425465197,375.42349279134925,4049957.8726690058,9.272021367519796,106.57505788492799,-185.11727160841912,339.9394990336768,4853844.275699993
push,jon,11_aug1,-0.11755708597760356,0.6323401660081148,-1.2126951883080057,1.0258180302479805,188.87419744828694,-0.25282151594276914,0.31485015230095414,-1.4368505741615467,0.20668085582613044,66.95045701615993,-0.6656098195435973,0.2791857620459924,-1.111174154228547,0.0019517241496574515,236.17890349100858,-0.017160807951931867,57.5616541175476,-142.7872972360473,240.48413205050326,1578386.6111855935,9.373205994366643,67.80686296071737,-180.94761498947693,195.77502887811525,2245750.726798066,9.494902699408842,87.95825551123035,-150.72630593855266,361.26742693764174,3025581.843980861
push,jon,12_aug1,-0.08758612696877775,0.697334332111937,-1.2658663209053727,1.0088062533681204,213.73260729223975,-0.1437544612610719,0.3271455445699697,-1.5061429590238615,0.8788588235290049,62.52445661078919,-0.6574747674547425,0.31568382186153615,-1.7025160570401157,0.5857290823572344,255.52781440701492,-3.9124011555476144,62.496667459174354,-223.09999602792072,211.47579466968318,1691142.7611047507,13.338282338800417,89.1022416817501,-124.80119327712248,398.361690898689,3851907.9870942454,6.677348929561842,92.6709804473562,-220.54698471918744,262.3235057846565,4412437.834220254
push,jon,13_aug1,-0.08521895197317905,0.6886778978699463,-1.2248822935210393,1.2589910715365786,227.66837260746115,-0.15062500850360547,0.37354756486956275,-1.782893792337738,0.5521286971901925,67.68104175472679,-0.5749220524616545,0.3483974794508812,-1.1559028076810038,0.2883991107360582,207.76876267555627,-1.254459270099232,83.18437656710914,-327.5101845333716,277.49826554130993,3232995.662708245,22.73637074376746,75.05931204632341,-203.9751466871154,202.84899435886757,2818775.20853595,10.64810167244496,97.55331727646525,-103.10985568023608,401.94335578360784,3847116.8376117214
push,jon,14_aug1,-0.11489089773561775,0.6903753618507149,-1.2398615803691486,1.1869402613718647,238.06778023809076,-0.19365887705008306,0.3438611328088148,-2.0333996269584147,0.20297476651955335,81.35273598312088,-0.6356176097935402,0.2930669427442571,-1.4049049662986721,-0.10389324201718161,217.28627553108626,3.102976349149353,69.18373667579833,-184.84923144218305,269.930223976571,2287542.0639232127,4.389741701820079,83.31073234082116,-223.26165135281892,218.8192417117635,2940361.87770925,3.4177461792901997,105.8610807593823,-155.4002527418116,328.18400584689056,3150822.9521027193
push,jon,15_aug1,-0.21649440628771857,0.6728085092484816,-1.2515463190533407,1.1770173946344928,257.5443690831489,-0.20173989437445888,0.2953054283311449,-1.709954749174434,0.4186320955934516,60.277495971903534,-0.6170457849973467,0.32123198123875607,-1.4085646013490452,-0.0996831213901159,211.713373125816,-5.0447087485963635,52.908810920239006,-184.96559261129931,161.7375682344446,1336013.6395270885,8.127696687069385,94.11958938620228,-207.0783596269492,268.2769634941271,4042180.3301916663,10.441897172221486,96.76740821704225,-216.96048012355504,343.3866129666518,4939395.397195491
push,jon,16_aug1,-0.11741941204009557,0.6429089291253334,-1.0955255266782453,1.1269920345500708,213.4528270206284,-0.3280821628591895,0.3837328643513865,-2.967630021128317,0.9275426794304742,105.93426902140412,-0.616346647202294,0.34801813242332735,-1.418879197222559,0.3018556083301297,220.49836810863349,0.639552787744334,83.06009026508028,-319.24313564931384,424.99447628356586,3445913.402540355,14.579526501714854,78.2583457304916,-156.8598580845728,252.0925252668654,2719286.545579057,3.1671530633275604,91.88511561795596,-239.4393026583437,340.41725482788536,3942574.183916361
push,jon,17_aug1,-0.08631705644974982,0.6191000075042221,-1.2420431551729132,0.782107277790854,185.42984811233495,-0.33671393540115147,0.34579294585332004,-1.8062226621254318,0.24517746438504065,99.47571509820543,-0.6797851801262613,0.2547016978249726,-1.0779059643549493,-0.209239112796388,218.89818372999505,5.872639588761789,69.69204064309429,-202.9987143949591,190.27580911772066,2514011.7933344506,1.7871211492735413,58.63510871094237,-167.82380597344786,190.61237685062423,1521257.0803703745,-1.9547582187190482,109.56738440068285,-297.6542655694077,332.6032114185512,5459808.760294263
push,jon,18_aug1,-0.24308482349285193,0.6264412194351797,-1.1096587253323664,0.9113123758829329,211.3921319672762,-0.32679491877710387,0.35125703182184675,-1.5385044936602648,0.3843804935160209,115.66453323890018,-0.5739802354644133,0.3241798769962072,-1.4213849669198202,0.2357475212856509,197.01007657296466,2.798496333641099,53.15491927246667,-158.54042191625467,221.2852540462577,1461640.9857190212,-1.5438220069535458,80.84743237945133,-235.78101084663598,239.97539383513907,2928954.461097416,-4.700491388629531,118.84283995513863,-335.1055492068442,346.91505008508835,5776647.9701663535
push,jon,19_aug1,-0.004556445491792025,0.6021464013985435,-1.0431860245715139,0.7866906356935237,166.3152622179435,-0.33436716215256135,0.37813640933316917,-1.854076123178688,0.23049826676248658,115.69111959071233,-0.6753987469193473,0.27266814854928334,-1.5140899182722594,-0.20314305018329906,243.6078336430029,-6.007255702403871,75.84596329933089,-259.770027907365,206.8171718902121,2730777.455378463,2.298615935213755,68.59696279432247,-198.69830053423664,219.43152829798132,2235479.257859342,-0.4121831094877387,113.0878183060303,-338.04281608499525,277.36607909214956,6685072.245193571
push,jon,20_aug1,-0.22270682046265525,0.6335626284045295,-1.2470454076921385,0.6909462697704136,192.8812396324957,-0.356996514590587,0.3696107270197926,-1.7360349738149812,0.2838155195267519,112.32039741937773,-0.6038891057577243,0.2837504551445385,-1.313627271771038,-0.0346979223193594,214.9114437466806,-0.7013301060765031,90.23407804152232,-284.43315097127726,339.303982565383,3821183.9983476545,4.7070446443721785,59.195945955339624,-169.07352159837527,200.06564801980292,1625884.653454371,2.723136217586891,109.55191692570675,-301.6099102323409,319.16278581005736,4301533.916617429
push,nav,1_aug1,-0.2548862802397136,0.6317692969775844,-0.8805146988340357,0.8443623696185267,173.84449180484617,0.38300052459642786,0.1562176648147206,0.03291886860161038,1.3010274471034542,84.18585487698772,0.6190031292101159,0.20073138684667632,0.43186870090886564,1.0996165060652978,168.622778200015,-6.791756528471301,20.257182599627562,-80.52078660536115,46.21506348434287,27308.875269159966,-7.908047258497028,36.82777555656582,-155.01839972725853,56.415162681654195,654276.4917775941,11.481314161264459,46.53445013809952,-150.72712364445636,162.34802459051224,1885740.076169826
push,nav,2_aug1,-0.2079474402686245,0.649073270723959,-0.8375238460556406,0.9299078336558402,207.2550161271853,0.3558581885340764,0.1456616276675721,-0.1438758905716369,0.7686740095490476,62.773540341714366,0.5491527759696326,0.14576184828969932,0.4803809009839871,1.0942484835498878,161.3144376633895,-5.824058837540348,17.98259126879269,-64.02410841249434,61.59231848363042,4783.025663553533,-8.341494412511864,37.975018143058136,-132.22542015784737,63.345864486654236,814274.542078685,11.460601074847405,53.579530466463915,-134.49936319667412,138.4497340625955,709466.2360474567
push,nav,3_aug1,0.08077520287092795,0.4427286000103486,-0.9005320271074593,1.0021647987489768,83.03589864548881,0.3383165249074974,0.13696701662846328,0.017032763616732328,0.8120720416340008,58.28740794726631,0.7909752762542075,0.14953883326996056,0.4852584416062778,1.0959175263115162,266.2782785148498,-2.8211973382698776,22.87383630996157,-98.38355389833586,61.57719367592313,288471.09317722224,-6.572574836436153,47.27791872697067,-144.1133166334024,106.93062359682797,897825.3038093661,7.886269178710958,43.550547335756455,-107.2940240651615,135.27263772546675,650641.3837381256
push,nav,4_aug1,0.24949617479500175,0.4137726048246911,-0.8742029275364336,0.9976929115256937,99.77247403383996,0.3492778271514293,0.14526228777094582,-0.05546324333270844,0.8770588758483739,60.70082329713704,0.8184726105845048,0.16498769828506632,0.31736080382754805,1.1873291173409055,277.8161919033426,-2.691423934140171,25.59026798010083,-90.06281634754589,101.61661206265669,245082.9697819027,-12.246256167461661,53.672040312919876,-154.8718480076449,111.16265018319635,1325986.8453155337,7.6709436331532315,51.345322843125246,-178.24862205805792,165.33683637676796,866595.6259689982
push,nav,5_aug1,-0.16482584632178263,0.6124725728461259,-1.0374602928385932,1.0899303350258653,173.18715757933248,0.43187092062862165,0.17002653532717932,-0.1762848014998028,1.066644368988808,77.23832781300092,0.6259669026063851,0.14563054243780907,0.23877622866764633,1.1793334450557185,171.18358725000778,-1.7213827074975647,47.49456001158984,-168.75478795287586,159.61222264095986,1013255.0845086011,-6.089705333347322,46.80399358169018,-178.64087366839607,58.203358033320434,866220.8806651528,13.277700591213707,60.94783368094979,-59.66021081953531,57.52978418593335,2372570.1237535723
push,nav,6_aug1,0.0969256427022295,0.5072540656397867,-0.94932007803625,0.789870754329191,109.17513734026276,0.41504811348353327,0.13920801621797235,0.10780934920860052,0.7601855683587164,88.61592877359462,0.7838068105371682,0.1303711418219853,0.4691264675411237,1.041315277238758,217.27239161220186,-1.1934506593280474,17.816375277210387,-57.1349484971264,40.00477545129473,208943.6657418404,-22.335947579098306,45.54532126088734,-145.9802750864675,54.09205181175027,962592.3430264589,21.298626870732843,54.649562885581375,-120.7681311495749,153.99624193011633,1156515.8752771216
push,nav,7_aug1,0.2769095605204339,0.40310853806767855,-0.9258242755124796,0.9231359157075371,106.83455111435858,0.336906240152326,0.21815901667988744,-0.1598882568134184,1.1514542479958065,73.86841932133484,0.7525050396761852,0.1674351695843822,0.39648077029498846,1.387825414155197,249.29510945833033,-5.80482273355878,28.217738427878988,-85.68315920025846,112.85657109365255,163496.93048396648,-17.88469253111736,60.35469856224113,-135.87697265430901,144.73045248377525,1713762.7209510545,17.330651380352965,65.1736430294244,-143.36968477321648,94.53696939012238,2266495.0417652037
push,nav,8_aug1,-0.08055651543562516,0.5111496643319071,-0.8433510382540584,0.8676331619431725,96.10916076661691,0.40163531623741705,0.11745963614557894,-0.021722266772672097,0.7394168486400667,70.64686004430243,0.7863618540113186,0.16305146869865705,0.3900423025297664,1.1224408147534934,237.54203109084105,1.4954345200266796,32.570270994470775,-151.80616663530367,119.1650902731599,347470.6712868803,5.523831427028062,48.57972803907149,-101.69799644511482,104.98615287213829,881930.7330647389,1.4894370994955706,41.734769928554485,-102.66115041322296,96.15649594068364,1090851.207630993
push,nav,9_aug1,-0.1379360414270126,0.6062537101591906,-1.0055891750383894,0.7475837542524771,161.6655798161234,0.4212211211570891,0.13794358838575402,0.12987509683474924,0.9874785387052741,80.51527533522994,0.6240475246291033,0.16271160594832224,0.3558917599046312,1.1211648140572552,172.6577434507422,-0.5235139809094395,25.097645875182803,-68.51170192416343,56.748584134298625,415108.430735581,-6.701813405337566,38.43661641686307,-116.48481727415572,103.43342824792312,484717.8827449431,11.643731652736374,47.39658126853269,-101.08252123086577,182.5108065306259,808032.5907501996
push,nav,10_aug1,-0.2402960320529685,0.5528178627386376,-0.8815604559947195,0.8273811562195703,169.07750451497645,0.425254625199169,0.16678028403741646,-0.3970452232050856,1.44933529729751,86.76051487088965,0.5966830373138834,0.18921153701188378,0.34392514773517713,1.1924302031344933,179.27651661888845,-1.3616406802679584,32.409253610167355,-113.46193661027962,132.3129925148703,311309.2491192429,-11.289822846507132,36.05799559073587,-118.1296405173319,68.20769827438478,643104.892492457,11.00311177916443,52.19551515793249,-155.15735904883394,151.7673222844015,919344.0860397015
push,nav,11_aug1,-0.09355938484934825,0.6084344843635496,-0.9879350687424249,0.7937846723898525,163.87342669029016,0.44087588644614695,0.1322324343756177,0.02846310996041384,1.1406088848453813,82.9512790217896,0.5907878391282416,0.16232463914053122,0.42653899927665156,1.1339764978602398,174.23335818636835,-5.909989785183184,23.837955080556032,-110.28231959531064,96.40336507232844,317008.9105613594,-10.438410657366282,33.80078380135123,-123.65027713636091,77.12553630850346,623975.0845211141,9.059386631498237,49.0515305951207,-127.50964265029555,96.677811718314,1289992.6997717796
push,nav,12_aug1,-0.1739342218978297,0.6114662038430649,-0.8537013153299725,0.8623855790678797,167.72441591265542,0.41315943959120033,0.12214650696708293,0.17119788351685722,1.0811867711878325,76.68677215820175,0.6513843160261962,0.16798591920867867,0.34211048755639445,1.011162019023217,176.02642261073794,-3.255749461778493,24.936531470297833,-66.94539793517768,93.54927121861964,277911.56132886716,-9.23883654616068,30.444702675634915,-106.76922045208862,44.4160520615878,623399.5482465792,11.823264887246603,49.212623686323035,-53.535838144143725,113.45613942062481,2367659.198659639
push,nav,13_aug1,-0.25691590184606306,0.6165555934785033,-0.9440702142618266,0.8339183036249824,187.3048748400388,0.3540873890037501,0.13639042982759791,-0.07227626172495966,1.0256342051201681,66.84009330938076,0.6065361177470497,0.14623656951786884,0.41485516042944925,1.019115059730379,177.90233517976387,-4.077684321391493,20.94662072431509,-85.79160094570476,52.81675443678616,208718.57236362793,-8.54651603150154,38.43834697761836,-152.5546620200841,62.46407770295952,771722.4263661852,11.125870664309657,37.55997283295283,-125.62555427708494,76.70211046116204,1836187.5313484753
push,nav,14_aug1,0.2626281997816272,0.5298002238242894,-0.8236054667117211,0.8554132868029442,149.51984118241634,0.42609814574940164,0.15467145747988245,-0.12245827476731717,0.7526741840188664,73.25848660085448,0.6997583860373668,0.10257510353013036,0.42965200925789865,1.0862352308236325,198.3500845049326,-8.770787969676757,29.592452045644354,-85.20675296015963,99.24605859372909,255709.1406827725,-20.751005344129574,45.40742577428672,-132.25711842099463,68.8162684643503,1015288.6074841111,18.86567670967272,46.431352681466414,-92.61995825424219,128.06807434707312,150879.0745815168
push,nav,15_aug1,-0.18317540858347772,0.6148184300323718,-0.8633878630819922,0.8707181537778813,162.29106049745346,0.3640519225050523,0.12355040806150748,-0.11991694431403765,0.7832430103828284,65.87858097299991,0.6814513323007096,0.18109187023027032,0.40960808082847866,1.0647616739730235,188.7690966666363,-3.995945300143067,23.632481439415574,-85.16885702077434,63.89068076866874,538585.9789774589,-12.564153026636433,41.39404704929112,-149.17377938453274,68.59942932502861,823380.5582108672,10.698302658654882,45.68961369100491,-86.45262403331063,103.05150342694003,838354.1148972167
push,nav,16_aug1,-0.17995784640089954,0.6148773224278153,-0.9795494629966008,0.8125260963758576,165.95757642562256,0.40679557789340864,0.09058743727411586,0.18313531567458782,0.8930252570733933,77.49318684158689,0.6478209329247354,0.1582161874787658,0.36520119089866493,1.1632946099169748,170.0494335818348,-4.391588186938503,27.668258221017243,-97.71699700593905,86.76206514783676,473050.1070769854,-9.871477327835013,35.26118467470507,-101.99061581428538,67.04735705872658,484706.71777649445,8.256660467082257,45.507781388730635,-49.69927318954106,105.20241060637535,1417652.6607762154
push,nav,17_aug1,-0.23034284645356468,0.6019092249886908,-0.8979897351028258,0.8566889096502819,182.94828013501066,0.4008451512690994,0.13368972409921037,-0.013775401421736562,0.7991518165208775,72.27534616335817,0.6364350059826551,0.1891388343433146,0.39113097249409945,1.1411160406839018,190.04229048811015,-3.7906154996657415,45.57587591635063,-268.9249645014475,93.10697820568423,943789.3817243985,-2.7138050920627257,44.42167257058844,-125.70028822310424,154.4708489685208,697700.2097877285,10.46741819015008,48.67610426726478,-122.04784195944849,89.20076397742204,871908.9332438523
push,nav,18_aug1,-0.2178193990124553,0.5957581543273675,-0.902429661614859,0.9910616027849375,189.6757048941626,0.44548368445005776,0.11508977938422557,0.07520638878299601,0.9387952560561766,88.71938555346217,0.598560675444651,0.17212429311650837,0.26055902339721465,0.9946082709736007,156.7678749830892,-4.036573629368909,38.94603465584028,-127.070715434713,180.14460025446314,740541.9477714068,-9.49529515952151,31.24952106015421,-106.31439576795805,42.69403371676797,648389.4534986223,11.838606879727266,52.19768313774729,-57.481910648137315,124.93397050848012,1959826.4072308363
push,nav,19_aug1,-0.15279259350239757,0.6202726798236773,-1.0647711379729357,1.0579879799421532,164.5501537855672,0.4839210492724705,0.15408727696490895,-0.06971355420304061,0.8869100788395041,101.1536140543325,0.5539170162248483,0.16662111787675773,0.253543439807178,1.0226310085709067,147.57862603927,-3.8506239074536714,27.76671739927701,-96.07013240108826,116.50853155849069,496034.46167693764,-9.320239033918094,38.4060862097078,-128.56186153442357,78.86947896889403,708699.8575048242,6.985626595285792,43.667341041671705,-153.3013009872348,93.26761796135851,1172463.4711055795
push,nav,20_aug1,-0.21006208045698802,0.5590776348568801,-0.925328527337426,0.769636290981991,146.2504842001674,0.3954103386173138,0.11810724501744574,0.00589337192983032,0.8133321864010001,72.73884176406902,0.6615609937694165,0.14964220742844236,0.36728613420364914,1.0386447371401824,189.8983087609532,-0.21992699967635132,21.781383461843284,-74.33812030774108,45.37958719447403,281409.8083645544,-11.302874476041318,33.92185764867662,-101.67298640388397,61.93869300832794,487411.5999980685,11.408110078201313,42.2840835753593,-83.24881772018513,122.77671606122051,416369.6170901837
push,sai,1_aug1,-0.5949869702001782,0.47241754957758936,-1.077336133234929,1.0502721435751126,361.2940007852651,-0.6134015787273137,0.18952995551823462,-1.3568658872631894,-0.07019646636757601,284.53487609692115,-0.07288931841075823,0.3186768201750503,-0.9098207177517311,1.0062569875122573,73.15752474150351,-9.142703757642506,112.90414197392195,-510.2261548756357,453.48285197728063,8304378.882477226,0.025890401553998132,39.27558764596914,-148.52658187119928,98.23281163862379,891159.0145843228,6.472885254042314,56.14513324344975,-143.41052881325516,162.75265856394762,2146235.052504429
push,sai,3_aug1,-0.6698669897124377,0.4515964275692701,-1.1120550631082882,1.212017378750027,450.50347144898507,-0.5046028105727102,0.24476911704906076,-1.4366425004237922,0.09554655974846891,203.4344653605017,-0.21341248482820815,0.238914259204964,-1.331367163828532,0.7169629118575227,59.22483536532924,3.143870755389866,95.98260163896141,-544.9194182587296,444.7527243770336,6121740.687026072,-7.320183017254698,34.01816120148431,-181.07909681966336,70.53883201826416,852333.9564998694,0.6607182108983403,68.81205045449063,-254.52185355595824,181.2798380487162,2003215.7266087835
push,sai,5_aug1,-0.6371892469723212,0.41440511879391123,-1.0566198960281825,0.7639923710372312,389.73589049332963,-0.5669065745251195,0.20831670691191426,-1.3646688425443367,0.13125697530702868,228.47769499502016,-0.18787523948301438,0.28102692444584515,-1.22593543687717,0.5587189551972369,68.35362270892622,-1.2100479186613065,77.06220292380125,-445.22979267222144,321.4232098781099,4358851.908980131,-4.72987023657065,23.002333193010355,-93.89424299079762,131.1009458703906,423346.7822484209,2.26593582698924,44.11413471803616,-147.20847404337036,201.46082790709875,3162480.340125665
push,sai,7_aug1,-0.5832601614992396,0.43194744385725864,-1.308882089831355,0.91682710943599,357.5394159701751,-0.610319797231282,0.17866732689204828,-1.2204126049974828,-0.09260298372795546,288.851062260652,-0.0741168963648208,0.28222043503991523,-1.1375373946682237,0.9963611955390778,57.603664530129265,-5.0918918466356295,106.06954918108197,-615.4543013181978,379.7122298151809,7358531.301185946,-8.482553464230802,37.55048084595691,-193.05594240933294,123.45233079102475,887927.5089788422,3.8067982155948403,51.00377602795763,-205.68647215041412,226.51773822954482,1531801.5073548777
push,sai,9_aug1,-0.5939203144015013,0.4824750133197182,-1.0914746627771352,0.7772699426926613,377.6101011204958,-0.6252500688267485,0.13689763432979643,-1.1254181524306457,-0.28152550683783706,231.53102170478803,-0.18896570697956863,0.25647178189823805,-1.052681677162682,0.7983976664971759,59.98524630815591,-1.586001576408142,76.3638038599236,-407.04102240762836,242.76660469733932,3882960.0464064954,-8.53399934178744,27.12927202920454,-142.7429429711266,58.373771027325986,598666.3284980099,0.4415377649457466,42.01520600627239,-208.2256236240662,128.33764217137315,2217086.822347153
push,sai,10_aug1,-0.6219856143998475,0.4355479304443144,-1.2807572951933857,0.7384876705128282,391.2176114644964,-0.5322018054533637,0.17616491622672434,-1.2461959976815016,-0.20242734932929712,229.9883962333566,-0.21513588702968267,0.2571244530450431,-1.293410901576156,0.8827751643577314,78.1015206093414,-2.5688615794270984,98.45614756193724,-592.8938092973826,331.9661199714753,6118681.122331152,-9.021095124100272,33.44762654125738,-153.44384225534944,59.75942411516096,852575.5185919304,1.108969638904392,45.53915510356744,-147.68163656475292,183.05607786200193,1472243.010041473
push,sai,12_aug1,-0.5999102915797199,0.4683643793920026,-1.037880415254093,0.7347851735813189,373.23759502898736,-0.5833641215994868,0.18271319391546958,-1.6612159063359049,-0.15622803272005,243.0586940330608,-0.14990774633522727,0.25294578015410807,-0.9866287343316295,0.5630752394550746,62.85870414326279,1.4673081171942544,68.86698652842264,-323.5945647319908,218.24908208893353,3284548.3149381396,-5.2626845241918945,25.796792392919034,-106.6498174703665,72.49705688928326,417151.4334130155,0.49258496457812406,57.9896508914367,-267.05547070126556,181.4415938915181,2110760.3379686866
push,sai,14_aug1,-0.5460220835683472,0.4940794839957783,-1.1129272932330359,1.0581518042515128,374.0909678316337,-0.5725124310719155,0.18128517804620523,-1.326000738721095,0.04654201621560775,249.58550247163384,-0.1758621429254079,0.2552530618200891,-1.1336355751749463,0.9071754224260696,64.20703491902545,-0.5806915075751466,73.42010215159904,-404.98479463253454,224.433448409032,3627634.224148068,-8.071285594043813,27.648557218388326,-128.16435936055638,71.22039480379307,338578.78312011843,-1.617259813498648,50.99203923978242,-274.3399323383406,208.0980380852068,1285165.7352056024
push,sai,16_aug1,-0.5784454807017256,0.4707731799078092,-1.1501430914335864,0.7102527925930193,328.09019878538027,-0.5399202461929493,0.13460075932974488,-1.0073774956011976,-0.22464235703773822,227.54321768116944,-0.2299008694655441,0.32857919095510424,-0.8303590461995533,0.7977001503942067,93.95520940551438,-1.5388691458422932,84.4497494753954,-432.59790512748754,233.8144322343548,4749278.07874322,-11.724161110356457,33.725837830101405,-113.24515045678673,49.33038903785651,577239.4706383675,2.29701457011163,47.97496081523128,-180.39452472103147,86.04390150891244,941591.7971981314
push,sai,18_aug1,-0.6098850883188847,0.46464870615151155,-1.186815571855043,0.8812605083394075,357.33509157319384,-0.5779287221924514,0.16700812464184392,-1.591292457268182,0.012345762209582922,261.1893756668625,-0.10339583445581513,0.29644425288434434,-1.127049703064669,0.749096721479805,68.70883995610176,1.4376034959175215,92.53427098966951,-443.01105529396807,333.03620483133267,5764170.522039215,-8.031958080189634,30.848269504508202,-132.64569046966253,66.35716450022743,590284.9408742159,0.7391070768036564,47.90142799012021,-175.8677795700993,253.22079204766044,1726608.385485674
push,sai,19_aug1,-0.6202168064790659,0.47613858291552164,-1.2003963663322545,1.1958557937087944,410.9743448158773,-0.502640459784443,0.1898761037117923,-1.260235387312148,-0.15475950351403112,189.9168981607196,-0.3003797108612926,0.2587927935237208,-1.0367108396534643,1.0302516145801859,93.8881527433772,1.3419960054700824,107.90973821289256,-594.521140931764,346.3384147926851,7696837.4857395105,-9.711124995251947,37.34474598147057,-193.22212792253487,137.74655901662922,1047195.2603394384,1.6602381523815388,53.16049535340211,-281.5465469971541,163.72243254682422,2275359.4986885977
push,sai,21_aug1,-0.5830623851908052,0.4861221397851027,-1.190619574980445,1.0365788028679952,373.5577291923832,-0.5728264117486236,0.15145040988439581,-1.2608185160426266,-0.11516284545050845,235.01186932383698,-0.25524721261765315,0.3001796484823354,-1.1007058578473858,0.833502895802832,85.83853141113448,2.139580652564321,73.28261994259273,-410.65804546235216,258.8175921384966,3792699.388783635,-12.145651001534015,28.329002024576283,-113.48921714482971,27.247177761353747,600438.0005565805,0.86438969621493,44.39804149778545,-185.4988154129482,131.63562062124126,2520424.495359077
push,sai,22_aug1,-0.5709197168411576,0.4386185109463739,-1.4634611767502752,0.7477719443443311,385.3640202511643,-0.5951344574959586,0.17459374047593879,-1.219686212666205,0.09180275839160049,248.77969829519594,-0.19958017356970056,0.2866513151525991,-0.9160834178285573,0.6024228421637781,81.49199537435666,0.8149734303523322,77.11167911660546,-325.77486566870846,263.08851329178685,3627842.919954944,-12.043280642051563,26.819766288731667,-126.93292597795163,3.956703657679839,648526.2110600234,-0.2738632302491016,53.843276773656555,-135.80757320453336,93.98081678468596,1646215.362394039
push,sai,24_aug1,-0.5954223548291363,0.4863005592112538,-1.7238604930976642,1.0947586849156803,425.5571533431144,-0.5656599308168475,0.1903719778762751,-1.4791424153277664,0.06337275949079235,249.27018100094367,-0.05420092760910609,0.3031742544514302,-1.1713187385091242,1.122221255167097,67.73121778694274,0.9904307593869717,99.82373155202934,-496.24795385934107,502.0075432742932,6596018.457089527,-11.828384097210325,41.38039857883862,-177.37732431005742,64.96802721212127,1068180.2942154082,3.256536303259122,48.81849814933381,-89.0572340507265,251.6442650326717,1379334.44541636
push,sai,25_aug1,-0.5437251083338173,0.4973989263655785,-1.0799974521335687,0.8796812849766269,366.1441877739562,-0.570945041305008,0.17034465483115444,-1.8407082277043683,0.2232296622108269,243.48258455939632,-0.12344132134572709,0.32637556735914053,-1.5444944094650708,1.1427154098015637,86.87624092060528,-3.139068663508505,92.70292015657719,-515.9857906446415,247.85665752256196,5647642.603529353,-11.594304082711956,31.780217815128058,-160.85901987029703,26.513563585381775,841009.6376103263,2.824922437956582,46.2026010974736,-196.46546889441134,239.79038323494416,2083391.4098800053
push,sai,26_aug1,-0.586040823590157,0.4635497061316471,-1.0775692293478378,0.8470115557670573,361.92128024086736,-0.6014397362629883,0.1514095449618338,-1.0626796361290634,-0.22480572188015063,245.68763898770314,-0.1960200659843688,0.2730524756983704,-1.1045527689165617,0.7339156068648177,75.40545429281417,2.0177812540671196,82.65959238765885,-350.3432445881848,312.7774673696965,4461277.759600747,-9.17548735685579,31.031108033198493,-128.00556249898636,50.46004208402473,490201.1733627591,0.822154578119029,47.09819965435558,-96.74788609997793,87.59469498904262,1713948.026702784
rest,jon,1_aug1,-0.40423277156747656,0.6112361078501926,-1.018981443017034,0.8233351295307427,260.2628193147016,-0.38995495344972747,0.2659862301827827,-1.2879210625129924,0.9525146554340505,109.54789451646667,-0.035584257735862976,0.4898773280979112,-1.4344971895998506,1.5664478266359492,114.13249580278978,-28.508224615939415,72.63129708272031,-372.5019979617253,184.06237117579118,2873687.3159275143,-22.298745912909943,49.38651355912813,-362.0641193790845,73.427878313257,1498968.8564725835,9.94669366168101,46.55670752541421,-66.71047623553137,274.7301539767572,2072196.9018011705
rest,jon,2_aug1,-0.8936931924693713,0.03594542322025915,-0.9625186699971859,-0.8704890827378836,385.03789522677556,-0.3169801684325468,0.03608056727810313,-0.4313697874195499,-0.20198784116680643,51.51632804660356,-0.26684464484300024,0.03507597398228644,-0.38530539381274687,-0.18067224724772601,30.47745919890643,4.75290882575684,18.316929216926876,-21.989766460352257,93.53415869634367,190536.49741893896,2.3027431465130848,12.322228142438973,-17.21764178795418,26.977685136471663,-73805.26132914724,2.0783854342836916,11.232216680280565,-32.19165802980371,51.61082907929348,-844664.5691379836
rest,jon,3_aug1,-0.9077850483667842,0.04896290277429592,-1.013759483328984,-0.820779233913937,375.78309392662317,-0.3408237453060443,0.02477998344949337,-0.3230944062848113,-0.20495368688810658,45.27492277996518,-0.23236228746356113,0.03452571718408558,-0.38010391774467944,-0.1622095325178563,28.319836667857167,0.34043704813110487,18.01405088640937,-56.66631625422099,47.142833716818735,255214.65038262107,1.376840597146649,7.881994548272562,-16.351704248685202,24.41050918940751,18524.60874927222,-1.1675605199293844,15.49124548457421,-22.10143593340941,-13.148941178648776,141138.01235127
rest,jon,4_aug1,-0.8834382217252208,0.0666475102446905,-1.3020966874435809,-0.6075948590869007,362.60411026442955,-0.297885751124643,0.06285743085755724,-0.48943892410681855,-0.10454662191657936,43.30402565713439,-0.3046633459072539,0.05212428528847584,-0.4082644738784287,-0.16841121681971866,47.45615303311894,-3.2483783888247575,27.876327660928762,-82.46818128132726,69.63538715174873,359033.35968254704,0.41117190412762816,9.694144442405142,-43.42370212361259,33.39462267598994,-202532.47790617746,-2.1065741241118623,22.546656535280498,-127.69628613761452,19.106108811108683,-417403.5450703509
rest,jon,5_aug1,-0.8684077065140449,0.04751679684925273,-1.23988340701081,-0.5723840676822309,372.43332853886704,-0.27005150626254243,0.08714002139046668,-0.5865822096628885,1.1544261106907383,42.623116567613124,-0.2897983020531759,0.07080034522534792,-1.1301303647108751,-0.24655316780618453,59.40666647403788,-3.743512964559471,34.38490474963992,-196.79654938953982,91.20054281123821,583494.8318474216,0.21781521299495077,16.411050231141875,-124.83667633922505,17.92678046148208,214121.1698618803,-1.0899982513716586,14.828683851480587,-81.08798566899361,68.24933282568878,1334400.1175135311
rest,jon,6_aug1,-0.858458619221221,0.01458606851575291,-1.0092451947293493,-0.781925440859815,377.0732980674454,-0.24479837346678346,0.0363179387805123,-0.33952428022416475,-0.0881239364709995,27.752486135835696,-0.34306904098919705,0.04661146138365098,-0.5705587221244768,-0.15602841300874287,54.51879012160756,-1.998081915527976,24.481834367459918,-57.16075072126264,42.86884760572538,340870.43791703973,-1.334058909258549,5.859296992163203,-18.89213777133586,14.679329986356107,-44608.04789268639,0.3521553908033115,8.89842792503384,-51.159126282298814,22.58453362450281,-188981.4652981233
rest,jon,7_aug1,-0.9055606798179122,0.03693865888287379,-1.2819279701016866,-0.616169914307035,391.26508240386704,-0.14883987414062533,0.11319972562449063,-0.4152668709933601,0.6576621529856458,26.357689890159072,-0.30026863004313575,0.07122445882723519,-0.5776764379860766,-0.07746603311873301,45.629920122781456,4.84340601184539,39.6501325754183,-239.5883619427707,92.40054085985315,819124.5753958595,1.5392843589586966,15.671329242288161,-43.623316040351334,41.526124030782924,226621.9280743514,0.6254494310878401,19.567997939805007,-83.57968385396089,55.23169301085975,-1140336.3792342786
rest,jon,8_aug1,-0.9027770574551905,0.055961403364275894,-1.1032061567168556,-0.6584299144036552,368.0947744213192,-0.27994270251137754,0.061590175202755004,-0.46445730784651257,-0.1487506258823724,41.88221748348487,-0.32165215770292915,0.06899151591881096,-0.684022157754505,-0.12944702211645004,35.31433599755567,-0.01078361735250688,15.311380139375515,-32.52150092443862,61.53628407993746,218207.05929483686,0.012515694170034508,6.625188032252118,-29.38818589796662,18.593703956004692,21994.08844460134,-0.44678028332168185,3.8872067505688603,-64.63278304374816,47.23498285275207,124715.6016976971
rest,jon,9_aug1,-0.9108329167540701,0.07936221824331703,-1.549623441117762,-0.5072237607399517,390.88189969087057,-0.2775158409730985,0.12299524317706191,-0.9953123385842143,0.3814304450047243,48.44833454257762,-0.26279797129732885,0.11517494388249498,-0.7368852746335386,0.08353776250621281,39.59248095763866,1.939697519717836,80.08483661518419,-310.3248521685805,285.07707728517323,2983704.5712047317,0.2380368949214944,23.35593781974545,-111.00848129658215,67.97909173329498,235955.5043287762,2.8411710549828455,36.04501274905331,-245.98852818120145,130.5450854139412,-658008.5175044368
rest,jon,10_aug1,-0.9338138124381646,0.026086667260095776,-1.3572541650138035,-0.377741661517079,394.6112313399004,-0.2860594164854172,0.06335640778873944,-0.4759382337857475,0.03858612976607362,40.56302702788952,-0.26265888498274653,0.04743093667208912,-0.6531115317281158,-0.13520305694367865,32.52068312955819,-2.6706538594084823,40.93884820750616,-79.53538265817782,248.71074527474516,870066.28552059,-0.3401390485751716,13.065511763523663,-108.46168931946637,72.08972605997624,210447.6544857848,1.4570084728776276,8.951345545780457,-12.03507417170476,44.657342301227644,166195.63730701763
rest,jon,11_aug1,-0.9289335194941185,0.019528448411931333,-0.9768964930043399,-0.9274736459130376,396.1274365124661,-0.1961617400283333,0.025455167747511574,-0.25243047592622453,-0.18873980416674807,15.047208127148647,-0.25476287531595915,0.013668340297353759,-0.2894257249448783,-0.1931477979478453,27.86903945421644,0.351109918247145,5.307542894057667,-22.438050378807503,29.055156398720833,-68464.77821705083,1.1079706620837466,4.600366230351014,-10.140814607908448,0.7104724085897685,-16485.670651051794,0.2119115248088488,0.30974182748381374,30.322111646301792,40.35702662955731,39137.09317447807
rest,jon,12_aug1,-0.8870394729550992,0.07995754387158022,-1.0713012287944241,-0.6815672637416299,389.0215858452714,-0.21731792688837542,0.049410611774357543,-0.35575820180190343,-0.12198832975158853,29.66928782741696,-0.31287556139127437,0.11500174691809534,-0.6198582961910971,-0.12479627383648387,44.25259806428614,-3.4774882426158227,26.20480763952661,-84.61036766253747,61.15257907247148,338365.92136090994,2.4203333302440933,9.644249152643036,-9.099369348159081,19.3381338158014,78131.17548290871,-1.818396581249888,10.563714572000283,-13.265877891852751,5.983674611144863,834821.1289527195
rest,jon,13_aug1,-0.9176061834979654,0.03267630984373707,-1.0288048658644064,-0.8218683216380156,398.92467811615876,-0.2936561825277635,0.050919125213056034,-0.3522948168829396,-0.14207855666452346,43.38573477847895,-0.231057143384838,0.029971505586496913,-0.362944763572307,-0.191448606614699,27.986230169131268,-6.587727796362771,15.72132289815097,-41.14315782751367,18.92754071088106,86402.48924457235,-1.1984932792954137,8.079470522036907,-21.447136203603467,9.414001164620707,-130787.51507204448,-2.5413027600390823,13.997405690922779,-56.8561951778903,20.301985207180586,-594341.8008705286
rest,jon,14_aug1,-0.9239093145773711,0.0001135390798569294,-0.9885818763192388,-0.8262478322282958,394.2888171387332,-0.29332686120770335,0.04754301612167366,-0.36899063706738305,-0.14539329524261096,31.501781285082757,-0.2292260140562182,0.028867046111259648,-0.32561490563069206,-0.22069408417117908,30.842092218741424,6.013758832222859,19.77159553542855,-33.196359155230276,51.89859335493301,234049.54013672896,2.9385264607311057,5.73578157978683,-3.7880176872720805,29.32254130944598,-52032.356530425925,1.85726766824039,8.091034592755506,-38.938750921337004,38.3338190477794,534038.9165231689
rest,jon,15_aug1,-0.9136505144758701,0.014684177238279316,-1.0274918321792865,-0.8625315016218214,400.0209516500149,-0.21931037269965312,0.04388873288678017,-0.2674253909945279,-0.12702844491495172,25.624229531618134,-0.23364283451472642,0.016248757093938193,-0.3144521765798598,-0.23278039239593096,33.75727253993565,-3.4648302633788624,11.83440521073555,-39.07996740596763,30.77997619416904,-121211.43295692737,0.04606051357034191,3.049248913594357,-10.110683489968205,3.307662530743679,-12648.623319080578,-0.7221656028945922,5.637237368150953,-35.82697850082279,-6.714910384712777,185069.19656460488
rest,jon,16_aug1,-0.9054211064439284,0.02468461031634929,-0.9609646706980044,-0.8191642775648601,402.97725361253555,-0.28297234887539596,0.02640515246205012,-0.40564478412786303,-0.253232212195179,38.32184279274015,-0.21522132695070054,0.011832778087050815,-0.2545578700192358,-0.17892252746214574,24.403612873484487,-1.0624432313822996,15.026032333826437,-27.672158420093773,31.618698045873586,121856.10739554101,-1.6910216490720946,6.645503017860372,-19.459266914545314,9.133723827242907,142415.51262143385,-0.8752744894031326,7.678707393393408,-38.71463527924778,-39.00084504778292,-497568.0153389319
rest,jon,17_aug1,-0.8940209585236069,0.017222702084944825,-0.9677491659064879,-0.8545568708799395,388.7532776329522,-0.25947630987581444,0.03324132943458253,-0.3109669012589724,-0.19105273392491656,38.878964313988874,-0.22929432467064093,0.033956059517244404,-0.35162312368344495,-0.2559686888743279,28.05348814925916,0.8827502681823872,3.3650450021313176,-25.959023874165872,30.740160397495313,-55582.74138619648,0.2713420694050291,1.0230358868219143,-12.47411827838786,15.410806224287404,69026.01963780621,-0.06513102351385036,5.383102913845681,-38.12717074901292,6.334804904584088,-181253.19462394476
rest,jon,18_aug1,-0.8854535123027458,0.00939402804219494,-1.0149516706716628,-0.8915207700466803,398.1744980017619,-0.24013162686299547,0.021455052967608,-0.2164295491572776,-0.15293482151009613,26.33269583161783,-0.29826250554162237,0.023814260606587465,-0.40831181447906406,-0.21121869397020732,33.561025157272546,0.11961764004372455,7.085327360779302,-19.35042097396227,29.804743122002108,231438.63686324848,-0.740768064302807,4.915201381425765,-16.54855654370087,15.453119449665618,-182242.3919628157,2.0521217440869646,0.07745121550302603,-22.002315027953816,48.3891615445928,700598.2511845449
rest,jon,19_aug1,-0.9115925324096806,0.008168385162472553,-1.0045066701328045,-0.8913541394736847,391.4588238452702,-0.2784102914314517,0.02722489981881069,-0.34434853294802026,-0.17402194110322966,30.438278165713527,-0.28591833724016374,0.009508180279808659,-0.28604645179643,-0.2437444976055487,32.78406000036337,-0.3342568817132084,7.873350299650799,-30.005269674781168,16.59535504901981,-27346.575374176326,0.9304547081157031,0.9516104403622279,-8.912196811867402,0.11357800161443254,-36843.583942838544,-0.32206894337519876,1.628765922761561,-65.8319559001105,38.55280189361007,-494731.97427600675
rest,jon,20_aug1,-0.9381863914494152,0.022283274322191782,-0.9963567948605362,-0.8315874470968103,387.0376694497984,-0.25715046816342474,0.026734623989206112,-0.32218476926066864,-0.200038687539163,33.603625008866636,-0.2764752323124107,0.02966105788987149,-0.34462159475502036,-0.1597391001695605,27.598212036199882,-1.3648411919728272,16.765136900363736,-39.61300361228721,31.00971703095119,113035.23929607827,-0.8612478100693379,7.974872926753176,-29.092724475153748,1.6898623617023114,16337.689978044415,0.19916596409344514,9.67383267082444,18.979304271288555,6.230319628403526,777925.9821169436
rest,nav,1_aug1,-0.13995798738805448,0.6413933520984529,-0.7230961621400545,0.6298080680995006,169.16801069440098,0.2916204535854365,0.027562993573629024,0.2281775148084782,0.3522854454282935,33.48334564408025,0.709162918807252,0.06260310460451778,0.6230868583465887,0.8375049325305975,201.49422399817536,0.4148219886894454,2.6366627888574836,-31.219669592029938,9.274433600269276,112634.91437640735,0.1393092988831785,1.3786036690369259,-10.723902795716022,9.39986215837039,-177087.48937306122,0.7246701692354058,-0.08249745820457655,16.790776051466075,63.65745552683998,581231.1822646661
rest,nav,2_aug1,-0.6910575768425844,0.05424831266066304,-0.7098626643423146,-0.6821497732000887,200.51797730898235,0.2869909136926136,0.009259882600203972,0.2771288109378209,0.3387237668232508,41.71256060868232,0.6470300506478485,0.011894888273449467,0.6396705764545428,0.635486188025635,170.78133892616688,-1.6628653914423703,0.43291710833202,-13.607826791987812,21.800007823229475,-100008.18814881044,0.30392268078538875,3.31228711261231,-15.866408452025283,-2.435492767932167,6792.635325252203,1.4452598743681935,3.2950607963911422,73.5545952755401,-22.572764261144442,-706215.9224448144
rest,nav,3_aug1,-0.6516673277835451,0.020252386487144492,-0.7566557268540585,-0.6864150870185833,192.14214705105013,0.3010380439110874,0.019935752194692583,0.2568740785516219,0.35152717419543855,48.17903579861229,0.6507882688533603,0.035639291479987095,0.534162607916573,0.6827821897937515,172.51511575482965,0.3328023587871982,0.8593773751460946,-20.156104945323044,9.836859362579428,-101568.7510502028,0.6087606512175345,-1.9825928341923236,-14.235453554918827,6.529869175108368,-146029.66822754158,1.0674418863093902,-0.38049034479053356,-12.035289775702212,19.07469002824311,-184006.7753676622
rest,nav,4_aug1,-0.7140524516971085,0.02984375784481868,-0.7177824185855309,-0.7165520440370374,207.0314693836188,0.21199047355064457,0.027473488867371255,0.23912211766587563,0.3095645577853304,29.480359984108325,0.6512594393967971,0.009555164568794272,0.6360571559484024,0.6103520054272973,169.30635976788383,0.27238326087122783,2.8983554785480825,-0.6242239419628213,-3.042825771992148,-25955.48967562333,-0.6441196423201075,0.8680584368273788,1.365456776542123,2.8685626399793467,-13227.512149501059,-0.4495380458751642,1.7729549256988095,-2.5158190624728016,-83.15690865221248,-969420.5336714963
rest,nav,5_aug1,-0.7165682399017229,0.002408829270952471,-0.7877082535766796,-0.6875685020614019,217.28304504370655,0.2115162808977535,0.008025125387557529,0.07982345362602346,0.2871172625016626,23.934046578014527,0.6584221396304126,0.005601436825104314,0.6405997219803548,0.6635768572354006,170.87579944346635,1.2027066425875217,5.0115514210959375,-7.5067142938643725,-5.01435402445171,79675.37011738561,0.9151815260846335,0.886458137809705,-3.0311330213097802,11.332588426437153,-81017.563285922,0.03999917833672681,4.315238352786743,-22.540608331085455,19.860435059038473,-947038.3854249695
rest,nav,6_aug1,-0.7261455073722711,-0.008049905139804098,-0.7672696695304453,-0.6535858765395605,220.0593976168487,0.19323006624600422,0.028032278023673737,0.009353730443091374,0.26241209727794673,16.670798689716175,0.6385698858800503,0.019759081629349765,0.49763789219849536,0.6725947409186241,169.668703371133,-1.068476882463914,5.661223206357045,-19.15435821871517,8.368340136177334,78551.19273639828,-0.1326298423105673,3.44503127463141,-14.694361997954722,13.350547945929588,-90222.23340155729,-0.02793005449062172,-1.251068404710252,30.20826076762797,53.021066356662644,472479.19113662693
rest,nav,7_aug1,-0.6784943766310503,0.02279371584906685,-0.7584667348418169,-0.7448193697657174,222.32634890663613,0.17559080890191536,0.016252506646878852,0.15769523422979884,0.2526007177310824,15.293411859995844,0.6628210598432994,-0.0002970931438995182,0.6508386809854871,0.6921703116757489,166.88310506918415,0.28309450135338365,1.5541345713011607,-2.344978326117124,-5.558244654375029,-258468.08450142483,1.0141756838023064,1.7564641798260436,-6.498508272215087,6.8433589952973835,-93646.46681361391,0.24943554483596214,-1.4994948120899458,-22.283246409588536,-105.43201085968096,-1194958.5608005736
rest,nav,8_aug1,-0.7148077943135673,-0.014573961955048453,-0.7128743715582955,-0.6294405531419975,206.64652432484303,0.22234406601131437,0.005650632341644859,0.168622224098597,0.21804321300534207,17.573777394019434,0.5912874154033587,0.014599268434650698,0.5516513863544656,0.6355704925607584,172.89132401307478,0.16769109397268514,-1.6872100923607314,-11.860801676031189,0.15927003034343734,-16862.235239560774,0.056380822625300385,2.491351672035907,3.098046397898318,4.56187088770255,-153531.7902521247,-0.819258202714006,4.18456118802133,9.123204065150738,22.25884991531833,743661.4930224958
rest,nav,9_aug1,-0.7367285329921756,0.006579063039632205,-0.7391068352654072,-0.7949603823467444,217.02640074212195,0.1912701049380762,0.008940479018523982,0.22273745096747005,0.17865046220033495,22.45556817996872,0.549970535795841,0.006807590130808814,0.5452958555843109,0.6576133438076454,166.40080527291025,0.9009953396704737,0.03167455895669069,1.3090561554276272,-0.062205090284968456,-14149.825150145223,0.48040559363955604,4.356097897760954,-5.073674522391017,6.546380591415786,-3164.9549821205533,0.9160168591056456,-0.4573656591083921,17.862897548954383,-8.428134998411702,103075.96893307511
rest,nav,10_aug1,-0.7701284268336386,-0.016121837480083875,-0.7199932493584089,-0.7296150547959367,229.94842667390094,0.18845621979455499,0.017937370725619805,0.23799319145250228,0.20408171264613412,14.789823911178939,0.6457048946718437,0.0008110439413064356,0.5864273187860268,0.6544295694878152,158.96071206850897,-1.251926402178829,1.2863360337461014,3.499412297853337,-8.29465064359982,-66844.03160011998,-0.5576913467660867,-0.24425967794549464,-8.300683425961115,5.452210851965408,-130427.57557811464,0.5198947527731976,-1.2081990820852377,-0.05645431364594944,-16.959318514818527,775084.0891832394
rest,nav,11_aug1,-0.7077125681828672,0.0181876006174026,-0.7402342307267546,-0.6217901630392892,225.82665200081712,0.26594267330443155,0.0425141447179162,0.24725711847474408,0.33669150889643845,23.057410283155207,0.5953101459711301,0.020440454889896487,0.5265486665913068,0.6604937736684862,157.907217181976,0.4261376064528487,2.6101593311160958,-14.461653195801729,27.236282288486642,61167.11417359122,0.14802346262910304,1.6261624182365266,-7.744732534875129,1.940419773199304,97949.93474744476,-0.3914577140406948,7.35173990555655,4.957223003499152,-4.8711273879089045,1493477.830354865
rest,nav,12_aug1,-0.7072561218792386,0.014131122934576093,-0.791887246116228,-0.6565489802024738,225.61428717162468,0.21925815265568394,0.03175810072523966,0.03708304932352559,0.33239950756992576,17.972778671067054,0.6647898642044107,0.03564440481133641,0.4408047834110147,0.7801824809071555,170.87875543349426,-1.0370601084577808,4.4019043277935435,-30.554199899633545,33.575844825334215,-9111.504211833857,0.03107400299820759,6.35321954479173,-19.57344547878633,13.460481291457704,94500.26293838452,-0.009998163136081706,2.486076212867752,14.163146234655247,86.52942532178172,1094106.4465947116
rest,nav,13_aug1,-0.7144571960176421,0.01474541225378302,-0.7430663238607443,-0.7087396208895144,215.06409102884132,0.2400910521098713,0.02003873504215938,0.15239328430454294,0.28791919345898564,18.278078823784547,0.6305538064322336,0.020970617778596413,0.5712361652603829,0.7631885416321482,160.32118355958946,-0.5176966867587324,2.5510824994480363,-8.374993995301734,17.169434316848218,98819.10453341469,-0.1116620794491441,3.3226285067689245,-7.5705128014683805,-5.776013052880275,-27697.249212905408,-0.7220417513592617,3.989085524004765,-22.09031412649831,58.37788358906096,44060.323987679905
rest,nav,14_aug1,-0.7351069808807129,0.0033404673540751565,-0.7718585577760604,-0.7406653384326156,214.6918917860462,0.21446453919825742,-0.0018434962143111452,0.15097384043985393,0.20195644445878846,14.314358146908845,0.5940150652937692,-0.004440261881598116,0.6501001302157075,0.6494862386162934,158.6076531498499,-0.7070931616518996,0.08786332255628232,-7.840610802687291,6.053528549428465,5280.537181863338,-0.25138555570946197,-1.1817753074611277,1.1405792330604871,-7.591047069454957,87303.71895343687,0.30250567804773976,5.47469472503332,-1.7403711438755678,-7.231079470549551,-225288.4058836637
rest,nav,15_aug1,-0.6853161505336091,0.021062451183035895,-0.7914269821741167,-0.6634901688062844,228.86471973591466,0.19493202358323897,0.0048886570789778965,0.09921545131541296,0.25529533787562975,13.39550785943514,0.6242231489408355,0.02762543690573157,0.5996955718335574,0.6332493282462959,176.95556472403314,0.3839150571461794,7.2669980192116235,-17.292756684104976,14.239486276302113,92726.05670825676,-0.1846187213044848,4.085692095021984,-5.053753403648489,15.020679868911811,-39108.1493030129,0.14861465422961642,3.804792480087902,-55.235787781634194,-27.79646704441689,-376423.0126480615
rest,nav,16_aug1,-0.7147500966974764,0.006654493995742912,-0.7590196952465114,-0.7599241153056013,226.02094808308038,0.2677262195488447,0.012474879394103163,0.24928262184168556,0.2529526390105707,31.929324143801395,0.5862349444528406,0.007285936406435397,0.6112110049597611,0.6514729434957781,163.5078446573528,-0.9537277115455826,2.3641031060381263,-7.615579647532758,12.919672013870843,206996.73952116581,-0.1521327532709231,1.7404989089765945,-1.5109661606613294,3.5558650613751883,-9875.605388681039,-0.3799117776173778,9.334104449669937,5.981981049719401,-24.85497725683757,532104.4921333663
rest,nav,17_aug1,-0.6157448947275619,0.11551641724760048,-0.7807482117259753,-0.36288012205477627,169.51551261064384,0.5068280585122615,0.21716281788707323,-0.013872225981421973,0.8901444611188766,115.25285400051835,0.5670327326035969,0.13476445418440955,0.26436520173698386,0.9132260487767819,129.80480725562342,11.625910256647991,57.96921648835029,-148.90465741483018,211.40320617519046,1457560.2012513191,-4.77412416430239,20.290024635567818,-77.06805670439702,48.77607852682036,270600.8281223812,1.445620430941654,16.700389464653266,-38.35524388753813,138.74687918178657,322893.37469102535
rest,nav,18_aug1,-0.29513522556727373,0.2236755347866342,-0.5367853799122608,-0.09014427241699405,52.83813485105395,0.6962477399346066,0.06491097750394859,0.5413225042337979,0.7548096347673009,199.59085597945315,0.5239504471785967,0.24225569448045436,0.28999056253773947,0.8055716062013029,151.35618751107543,0.969396272009043,3.2405020401616103,-4.745080524603772,4.59458987702774,179035.14344134417,-0.09645947160810303,3.2786899981364046,6.519182787727454,3.726316618295404,9925.39730650641,0.7541829791081818,0.5566349078247077,48.1258052873798,6.499102599859356,-35492.0422764318
rest,nav,19_aug1,-0.09503004166826447,0.0031873280396011224,-0.1342132411011522,-0.09489033507257343,11.287375052350402,0.6990079250349092,0.01245465409617032,0.7041432874776298,0.7187848830580635,195.68536290677315,0.6639543672490249,0.003534685557531769,0.6437758959393216,0.6560561066820424,202.59530720457607,-0.4947991465385513,0.8989429321889499,2.0008623229566016,-1.060988051281412,-42739.57808272543,0.8159582838442819,1.6687545023453034,0.8817810473932779,-2.718691090601573,-67023.34819470864,-0.10213002648055178,-2.573792437003518,0.9744808582173841,-35.22416207072182,57930.572237273176
rest,nav,20_aug1,-0.12312403404931734,-0.012715347069271033,-0.07943430725718195,-0.12990385613776698,-14.9668360453081,0.7167350353995251,0.004672339068969818,0.7192023601803177,0.7532717680322688,206.94834969913262,0.7126013556938603,0.0017864587985889843,0.6428869207080036,0.6971562333254846,195.7045085466429,1.359604826903694,1.0070660367360347,-0.8485667804758581,2.357363993303385,-161022.39558877336,-0.9004610942269367,2.674025885710814,-0.7846148020015654,1.5107817917449071,-87759.96217738942,-0.5215603594682687,1.6008992169267235,-40.87281442633531,-30.150159169125395,1305982.6985729036
right,akshat,1_aug1,-0.3158315547989772,0.4709145136349832,-0.7586238499980151,0.5166724035695879,159.53769581084612,-0.49927382337590337,0.27359192312173486,-1.1392114588276143,0.2263341762603061,160.94680505054157,-0.5696664657676659,0.238087143526163,-1.2060590298372935,-0.179083029095777,167.96204934238781,-11.692448413184128,30.933545605561736,-122.14211349314533,58.036399860690146,528346.665227301,20.11486531507648,33.095751539801434,-22.88556504094766,123.50327418897086,790014.854008079,10.224742036680077,68.22017939850787,-154.91601527459775,177.81819378251635,3519334.7692031832
right,akshat,2_aug1,0.014990678274894902,0.4698303199189146,-1.0351909953576934,0.4398995792532289,108.2710622859593,-0.5115550942308997,0.4284790740682288,-1.3873615550755185,0.3651133499719343,196.4794609507338,-0.5878637887049142,0.27996317871597026,-1.2510930006740053,0.24209489295334738,220.4361833735144,-15.792497259578706,52.74194056576802,-162.89325755130133,106.27536537244369,1585313.8787489166,-5.749465316391116,79.30585296461764,-290.8163637308653,110.53634985691953,2918910.493572283,16.997677690532072,55.15279669969245,-111.34559998378971,177.38857795255603,1741458.200609117
right,akshat,3_aug1,-0.15357665650550456,0.5102837716770848,-1.0530046217972187,0.4883993771211281,138.22686342922592,-0.3982333763171713,0.23993724099982086,-0.9236902878013884,0.1359435848521913,106.98536350883994,-0.6649099732160096,0.2447160940289203,-1.4299636597281689,-0.18802042576549366,255.43767712951376,-20.239225748227337,42.63558167308123,-300.97057159831695,98.65217144336442,744698.3401603091,1.3699854051153677,72.9337929461653,-256.8405531883395,103.43794365834911,2321829.4390113647,10.470652412734731,43.11090065763206,-83.36116636909304,85.33917505380045,550348.5761681343
right,akshat,4_aug1,0.0590046425649394,0.4851129519905061,-0.8050580873304123,0.6401314197573897,109.97611628764565,-0.6128773535498084,0.25435236666684824,-1.0580880727665505,0.15390502350733332,187.24727634682148,-0.6261373939663943,0.20782652959940365,-1.20213574173583,-0.0595191797284932,200.50842189275997,-18.847562177620727,38.71814565351899,-107.7549221206835,103.26414488997554,588682.82592353,-1.4185783947629278,76.17210318289219,-247.95874297068255,101.10919268450024,2674066.6055889074,12.68094369517887,47.950024624374024,-196.92401045047873,192.08030441684866,2114721.977997461
right,akshat,5_aug1,-0.0865275348817838,0.5524174313117313,-0.93202053684813,0.5942924726401214,158.21672677048673,-0.4492898948546535,0.22753724716227838,-0.9426827235628074,0.08613370793878827,126.73794922693412,-0.6623051414659398,0.24586979944103274,-1.3738051938510962,-0.24258026444088154,218.59534883061798,-21.74458940095849,32.814835693300196,-142.7714915195969,52.075854313275336,726242.1949742672,0.7691252524138175,78.4250884792339,-261.303825847755,107.4237015595848,3011763.084452128,7.656294618347623,43.81762092669938,-74.27543087998251,67.38888349583155,974174.6043014592
right,akshat,6_aug1,-0.0762488331181634,0.5004065818802157,-0.8017978146850269,0.6108191306345826,116.10795512254226,-0.5118057972387717,0.3325894401480948,-1.1149612591867986,0.1624963068446321,178.34340146201225,-0.676585229086225,0.23697698832558262,-1.0514076886209598,-0.09919468684581426,226.4992958657193,-25.244333159711946,54.441737930167726,-260.9155649263012,99.8311984795335,1823044.1377835942,3.377756196130374,65.27439588957992,-190.9490082724017,120.02007252622663,1948509.8100634709,10.481949332365753,61.033114372746816,-135.28577466622949,130.99471491266698,1879753.7421392673
right,akshat,7_aug1,-0.0836181075860473,0.5210649070194215,-0.9577347433636964,0.4713874645909556,132.6556503699765,-0.45018380532479485,0.2373948588823129,-0.9501762651327896,0.045622282603449436,113.45716307344208,-0.7144157198645579,0.2420805064744004,-1.1900935681858489,-0.1479482442552184,242.58687351126056,-7.807138476031502,23.56562279550325,-62.20564550837436,60.92881193580854,405176.42782009055,0.5674919898363617,72.42484460000156,-208.1284333014238,89.17794041884461,2361587.6482030666,5.264280341494308,48.54088553945345,-35.84054826556867,141.21777412428486,394689.54324661684
right,akshat,8_aug1,0.10078799719709536,0.4287022000669197,-0.7933959764768757,0.49375285908872846,83.8442126225289,-0.5006168554933644,0.3007398033304065,-0.9364605117103044,0.010103754612384181,155.12840373937556,-0.6633800506127651,0.21662747152370984,-1.0103176387961046,-0.24951369430820067,219.79890465271984,-13.30271634853878,25.017737215935338,-112.36963202913574,58.44609949841599,476703.5419168427,7.781055223514375,57.84853607021184,-258.81181554460073,102.2282417065425,1502901.7504130402,4.156579368350013,45.05481930766688,-169.0580441141061,170.91188488897993,815919.6915391686
right,akshat,9_aug1,-0.026349376561170118,0.4863569511288819,-0.8019752527586317,0.418333686637181,114.04077470944371,-0.5755269498076496,0.3183859008812981,-1.0396523736809902,-0.004212595785264943,178.38679662293666,-0.5223690134865757,0.23808369714097188,-1.0751582618773012,-0.171525629371175,182.92870698248697,-9.531856569266973,29.88786246236748,-97.36200817348441,37.64822481036151,413505.5112604511,20.544170415182737,35.32866800466597,-98.2739580040783,117.99194091922588,892589.0633655954,12.439131825791014,52.283563880065216,-113.49303555265233,141.55907534824874,435813.11994569935
right,akshat,10_aug1,0.03629528572897165,0.462103532101864,-0.8838379179071787,0.43063018026795463,103.06524635625331,-0.5509398270585061,0.3266228007584801,-1.1573144883794384,0.42543486046596085,195.6281584098811,-0.6287457950178481,0.23508435438355058,-1.2083546274455674,-0.07150141961175165,193.80494015651496,-15.801837364986255,26.05452509802943,-95.1350845303117,68.40647324040366,359812.3126803441,3.1565855173530064,72.30011065418465,-267.42690716085775,106.18431684717375,2319539.293446341,5.011136569910151,57.15891754184092,-133.1601318033858,139.67436725209333,1518753.97637517
right,akshat,11_aug1,0.1735317586467952,0.4141274986241243,-0.9563956718518164,0.5178098802561893,98.9365816544039,-0.5680083128954825,0.21047295962347579,-0.910543399231968,-0.012908591710267557,179.6859584213165,-0.6418367915207337,0.20379443012997137,-1.227689755816236,-0.19192383027145152,198.82729744620153,-9.506393492816079,21.718865513236818,-83.42281185624617,78.8001316295056,120123.84071273226,-12.506859900800864,71.41020273049133,-227.52953144190985,119.77388537404846,2266292.079739201,12.277654947012255,41.72972604253618,-51.35943764725902,51.80048299262921,771993.3884411998
right,akshat,12_aug1,-0.16806706952535924,0.5297722381916627,-1.0459893142691126,0.42296107750758105,136.27267639136784,-0.3939017873948827,0.31291647419360885,-0.9919231882410849,0.18565868316103762,123.92211944563745,-0.6778753962585723,0.23626439962681248,-1.4761685302545624,-0.21025583877462206,234.00433119585293,-14.108963970489441,36.55664775305263,-168.58135087476722,112.7720836784077,723119.2581918193,2.144133159088329,71.36905303219748,-251.6124388831173,111.67159187145165,2419667.3042919175,11.030262609876663,46.35318449804265,-83.42427920577411,22.542782866772484,1118758.4805177138
right,akshat,13_aug1,0.21330438849593725,0.3821496732716983,-0.8186899278363341,0.5476723545358669,86.1781873627911,-0.5299444319590433,0.27661813937126073,-0.9046720590795657,0.2103194336016348,164.10813092310067,-0.7363542967665525,0.1840088930165489,-1.1215310026953482,-0.32374287403285573,238.80109784841824,-16.36176786704611,29.671296058991558,-133.7134465815446,33.428587093419,595118.7213556782,16.88107318584174,36.943289828998104,-20.159353554411865,109.65333578337359,665194.703850798,8.51535470709669,47.1970291067977,-44.32838814131513,69.67870946487898,1333947.145410259
right,akshat,14_aug1,-0.0340591934036385,0.5210827141475747,-1.1034879117103427,0.5291111773371621,105.92445715538744,-0.49907951694103514,0.30532358620272515,-1.1877494094034855,0.16623593785047883,165.196835343038,-0.6819943009124652,0.29079826395599295,-1.9872830678241118,0.015029657634764451,239.10750443626495,-12.756524107749264,49.70418049446125,-226.73746432201474,211.5316374508258,982426.8842889315,1.420761567437712,81.43871558003278,-267.5803539238114,114.39330014855688,2996641.778795714,17.90431106622909,52.63867508373513,-116.6888014588715,102.72229339716903,369234.40079531306
right,akshat,15_aug1,-0.08459660500826238,0.54404912489448,-0.91221060273435,0.5280614661262104,142.7207139665263,-0.4807499241372291,0.25373584714587577,-0.9706143996023464,0.06833243124764118,120.98145575292848,-0.6547651554112927,0.27562539314507467,-1.489795465688542,-0.03799509757723277,249.24619614418802,-22.485340848734666,35.9368345921811,-169.70200888065045,46.83908860622134,896901.7763188317,-3.6151515911941887,74.34001334174887,-283.79133147296113,87.46504967464217,2997700.496103954,11.880804615741136,53.20705972867738,-153.68013074534645,162.4744589964982,1124974.5842971737
right,akshat,16_aug1,-0.16870384456970688,0.5620143978065547,-1.4152062162428098,0.5405189981453712,155.9176004067574,-0.5207853968898443,0.27259431904351533,-1.0510562755190225,0.5095686731973804,150.4338657580727,-0.5683503821897835,0.3163684599101266,-3.770581457083607,-0.05906523320674702,215.93170634270876,-23.57145714895932,44.062575842214144,-137.80480077277844,336.2930228753476,1096586.8991683465,-2.3950756948845546,83.28559451430314,-244.5684875343253,92.68019583300465,2982368.0014552353,4.4303265638241935,46.50105810327796,-45.84889883377469,146.70369376104566,1107383.1916390175
right,akshat,17_aug1,-0.08174851695317717,0.5196018281820738,-1.0110927510332839,0.46983908293603754,122.06153852959446,-0.5714633191311209,0.22330292713632496,-1.1510253066767158,-0.025460125197275876,180.83738677714166,-0.588241838013022,0.25777518136573685,-1.0391888047763214,0.09521046620688525,191.15286100711523,-22.74125365767677,46.46461956477506,-138.54579141152152,161.24680510928553,1205974.810553155,-2.0775622185673424,78.62041176404823,-276.7170438905096,121.15493409242376,2794923.298561491,17.48732263285695,45.85072701243578,-171.57296968983607,107.55260849361886,1103590.3898679581
right,akshat,18_aug1,-0.3068571740291239,0.5148311213947492,-1.1184992427423108,0.4788578306674649,168.07165847675745,-0.4069710286542357,0.2377984583705759,-0.9305258595192427,0.4464251824537977,104.63745369809489,-0.6778749520383285,0.2728465073492505,-1.4986205987634953,-0.03218676826978327,250.97317243511827,-24.944380286399273,37.09938241762412,-156.95116752531118,163.5484460842147,923014.4112659725,-4.265368949987044,69.64349720345217,-230.0566786601685,98.98937344807776,2309283.9231648655,9.179096289328344,53.45973610624739,-141.2715899525537,145.76872490228527,1575157.2774787564
right,akshat,19_aug1,-0.24647470648392505,0.49523614237262437,-0.9461020844503333,0.5081106546356269,140.0592487919612,-0.4461464244393523,0.22510815748147908,-0.8825954548923686,0.1680874662684688,118.73983239882652,-0.6369791758909973,0.21962692318365026,-1.1103472925404163,-0.2491612460521195,221.59361606424955,-12.187484268358284,32.97665188909645,-105.51356623946222,109.89157003493324,413077.5735156575,0.040112460492074176,61.410102857608486,-167.5168975195044,93.99939144674424,1796288.2297452136,6.929523797084435,54.40901595249982,-76.05993162044172,116.7766790526953,1624307.8640757967
right,akshat,20_aug1,-0.21894234376392,0.4998705867297633,-0.8822526570420112,0.6424710210742193,130.20678532664272,-0.43616205055759133,0.28976958545650516,-0.8738397078856052,0.3821135987407369,121.66368368019745,-0.7016119539699592,0.24812278795364767,-1.243026523838818,-0.23923133025059526,242.70243457478324,-13.034660274133735,47.147145843548365,-146.2414761905448,240.5683750312283,1238800.4905381433,-2.280822011240761,56.335903448824695,-188.05737576554375,70.93167306618903,1573410.6493381162,11.564794569722574,56.743671054946645,-69.03556746172077,130.6933820335096,1478706.0487579228
right,nav,1_aug1,-0.5986789944786914,0.33017264638956934,-1.1247504944226858,0.2560525808226305,204.1853054063972,0.29110443303088124,0.32919896082988337,-0.8595894324066986,1.3467819572287574,101.11334661290162,0.69121585389292,0.3318933220886416,0.05880414774385538,2.024825055680552,307.1456153889858,-47.336446624440796,91.8674841197053,-299.8079555437758,208.5230589012818,4875905.021349257,-4.9931092051510095,83.2035053215563,-206.41616127508033,206.76479835865655,3376209.9420781485,-16.6691288728487,102.57446395428859,-258.7386616931864,245.16832989743483,5208465.172251408
right,nav,2_aug1,-0.6154871907813013,0.3859023931264103,-1.6302399480525027,0.30732293978276853,255.096204107891,0.24460895559323556,0.34279200648523944,-0.6237270864753883,2.4383765264809525,88.89636509382771,0.6762237447421126,0.37007896868776013,-0.0643077339953265,2.2391274002127184,307.36141909064116,-35.542549805196174,85.34400712855155,-635.7666099005793,91.07672175366476,4243402.764616152,-5.901198721304726,78.48320910280756,-215.22865234837994,174.963026774112,2775583.0347633483,-22.018074718040445,87.64083021085395,-245.07074075555633,233.7523817827008,5460761.253571859
right,nav,3_aug1,-0.487083121350696,0.38412651598283043,-0.9677704895427957,0.3472884268584655,206.80962454844405,0.23642895960271204,0.20821255674531786,-0.2722189145133043,1.0175860716324459,44.815116695644846,0.7131617353866583,0.27091645616458215,0.24296500167179827,1.1592902785772514,270.24981552206566,-41.904753911178084,62.77027577791086,-381.8820722703561,20.95092428109161,2661002.863367327,-17.042125292858636,49.75377558304413,-171.65724992193574,98.88910948735843,1126677.9468052492,-16.760481784786823,73.87289403078623,-194.220864027584,198.02654226728444,3467140.8494531703
right,nav,4_aug1,-0.45422164560506834,0.3857460920438287,-1.2206259553538839,0.1662267699764574,159.6231112865201,0.2269064478959039,0.22122549780728,-0.29874659667245235,0.9244113851490638,47.57559604223044,0.8177605306936075,0.27847155668901524,0.2586190044775972,1.5078625384851652,328.21353270377244,-34.05964149849105,76.86687301140554,-332.2560790804062,135.78958780058025,3357457.6054648617,-3.754472179855692,57.87480536329865,-131.56176358660022,132.58933490030466,1861846.148961253,-21.44203014368964,92.22105839951138,-188.04600236180983,177.34335817783017,4123153.612594175
right,nav,5_aug1,-0.5154059711983455,0.3860365009631145,-0.8984442456317546,0.24142089259202362,180.31042917093373,0.24536030911075596,0.2130539162409997,-0.5808853559868972,0.7785216275664444,50.578203577794554,0.7704000969337261,0.29586935067961956,-0.10692494418370654,1.5116896607779093,302.35375202342715,-32.01964111222647,62.75098733136398,-264.3110866753324,92.10368940819879,2545919.3555325516,2.8435654153295884,66.68304466000255,-158.24134771733458,154.36749596875032,1929589.4041920546,-10.827425111594827,78.08448471650217,-161.09966915668565,109.14224646961574,2095297.742678008
right,nav,6_aug1,-0.4228357140306757,0.44926190890204565,-1.1312637987688985,0.33078083810353764,174.99862140895192,0.20955794986578463,0.2077993307519113,-0.4397309863705587,0.9547243885357488,41.20205639654713,0.7742171317772507,0.2662161966614074,0.29361138869496206,1.9441272145552249,298.9885975056991,-40.748801120959826,69.39180524497343,-339.0070210734893,153.21911842868457,3018725.48154894,-7.697777628555517,45.79713117842,-165.02022553765426,164.6435000255828,1154602.930862152,-14.404747459292938,74.48390824219193,-94.06292660247456,187.67395658963807,3116937.567270759
right,nav,7_aug1,-0.2711980658129314,0.3950298264014673,-0.9222987250907166,0.3031616085997707,105.81805705332884,0.34264284393628347,0.23126128708215102,-0.35570042341621627,1.1331985352056382,81.35046325694624,0.7709315148656009,0.2424225671736811,0.1837253434033494,1.4258080533644966,312.86180225609996,-33.97753485349267,53.39736241683607,-218.19961434172964,131.36543934094664,1826465.3101970325,-2.064750224827925,57.4629682826222,-176.92484056586716,127.93736832103569,1510903.5014646866,-14.644979186902479,79.19203445922605,-128.6931519044539,268.7111341894346,3328629.5271845213
right,nav,8_aug1,-0.436956545013614,0.3548530851607194,-1.1156476782401583,0.33597431372405967,157.10639627513788,0.1772320940893984,0.21973239191516455,-0.7521447877280114,0.7946488202556975,42.536409242662,0.8549016052886959,0.24470069475010472,0.41488553003085926,1.444946764996578,334.09042954524824,-31.11522767870418,64.65064706490415,-304.58984459117335,73.17226210743358,2570212.8075234285,2.2071073881690872,56.88971029463384,-127.83699085028597,138.66342504550346,1539218.5062742627,-14.02815887140695,72.58057562893015,-146.52529000212797,137.95744224838884,1899884.8458882375
right,nav,9_aug1,-0.4744601191770063,0.3727093617159007,-0.9901296015075127,0.515853292942825,158.68394090275626,0.2821943738262752,0.2445885610269937,-0.34807595003457775,1.0733937922257442,67.68065987292707,0.8285687592356338,0.2345768551970283,0.3006989471838347,1.399340076421122,311.72635644293854,-30.977759362567515,82.88516519059073,-354.69378234217345,192.36537104470537,3589125.9817800014,-2.1819644275829817,66.73327608627787,-165.28922333746488,146.97913824161407,2259510.5145216445,-15.506229273018873,88.87333367448585,-227.27200539309854,177.8041130162132,3268433.4303566064
right,nav,10_aug1,-0.5081235338605479,0.37926527088498396,-1.1305297445604339,0.2070814377330702,189.76676180629622,0.21858369548261922,0.2084851916348941,-0.4908643907082462,0.81502201759438,45.732339310097835,0.7767775393421181,0.26637160271588783,0.2968179367085015,1.459202552796945,268.2928198425587,-34.20992700304227,63.86432260035146,-295.4230041662334,73.73781071983845,2216140.4346951293,-14.178551888062904,53.39566687415232,-147.59970234352113,79.58095049997677,1243420.1396249908,-15.975323570709586,85.47451557348207,-162.02787434342764,226.0337626579401,3197004.7055979976
right,nav,11_aug1,-0.452736181857216,0.40053344716491596,-1.2366439112398588,0.3449778278653439,156.63015494606,0.205960524041934,0.23391071847009914,-0.376483055067101,1.0631301190837998,48.30553500280215,0.7443027493451946,0.2604623252058954,0.04607205388418785,1.506961884248606,307.90198688493734,-35.913155535060525,68.15309273992237,-396.66806488175575,122.1687030456125,2873025.782368765,-2.1692144328843965,59.4365393084793,-173.15652453152313,133.36592101208717,1719745.9281127246,-12.791678357400182,81.43642999827935,-198.4093624942128,262.5489674983442,2841169.333441302
right,nav,12_aug1,-0.401617330621789,0.4170970122474813,-0.997877666859709,0.2921867158068737,174.9036916132281,0.251881545134696,0.26858073002146016,-0.4896272014508316,1.3002553568702897,64.83862674320021,0.7708470353339115,0.2712437148746062,0.02711753234739446,1.3267309835524346,303.99158968183644,-37.52176834105629,67.85563194971168,-335.5283487653622,209.4724228512304,2677910.7093009846,-6.635547923573422,57.38870659991888,-163.4119862599731,128.60507249603137,1419786.0241614196,-17.52457672083967,77.76242201890027,-100.30340889938131,192.71709794765383,3270400.433960491
right,nav,13_aug1,-0.4233767789795258,0.3416041751489803,-1.1851576264734995,0.18220551002131988,164.76614474226892,0.23062391836052168,0.2894258822808024,-0.5690996900907561,1.0087759575015034,70.3813133025329,0.7605875778463661,0.25325253087810345,0.3255646130283492,1.310673599424798,301.6703814640797,-43.09484358665701,95.78081076218906,-426.8023368238608,115.63627945002129,5065113.174985376,-0.10292336664313484,51.477537911573386,-143.4062580934391,107.41513359829008,1335857.6411285852,-25.784046667577925,89.4982534756626,-192.2064900368237,203.6207588263277,3996244.380946942
right,nav,14_aug1,-0.4813890656568229,0.3806147688239188,-1.1874085904707883,0.24701129304123146,184.67670113209934,0.2192059923171464,0.250679744348212,-0.5895681773049306,1.0038804689241432,43.07804970930071,0.8009692890487262,0.2655762478501462,0.38628273522592826,1.4037209839026439,322.6992213477012,-42.168342963645955,66.3100936613744,-269.28341086722475,164.70815471219163,2900220.29590596,1.3891350293533269,66.47384106055316,-178.55621794786603,150.83801695717466,2164976.2540469263,-24.004711605673638,84.47466161409557,-159.11795454446138,233.9317235079578,3952018.7280374435
right,nav,15_aug1,-0.42286268648559605,0.44909404053616314,-1.2189428774350963,0.27784453568575473,178.25419556574084,0.2673078600767105,0.2091828376581793,-0.43406098328002174,0.7259658205862578,42.183238243676975,0.7487981302948707,0.2578164415887949,0.21473402893028745,1.461895874874221,302.99971039318643,-37.729516418332906,51.84654444328415,-261.9460673210143,64.28115684950009,1928681.9077275747,-12.688136061541408,61.16362306318665,-163.87254467258097,127.64794752915026,1863968.9151509134,-19.45507206939104,68.14919296048284,-133.17615603325532,161.4566620938211,2500053.6607372914
right,nav,16_aug1,-0.5632804599799428,0.3853375700755759,-1.5695580437122054,0.23694254176554885,214.99778753179964,0.17650387277062413,0.251831190758159,-0.4063513744149748,1.006930935409431,51.45287831563696,0.7933131023687526,0.2871156265778551,0.058050650882294885,1.6955343778057899,302.75518281520164,-38.539489380541106,77.93471329861919,-325.9092557482097,136.36190660700322,3269976.7834352083,-10.794830786966116,68.09963781164399,-209.89193283170587,136.94782887051883,1963545.0455365703,-17.409904870615684,99.82142842865186,-250.98858886748712,184.17607355844834,4785702.06187715
right,nav,17_aug1,-0.43843282946311046,0.3684417257617047,-1.05731000792625,0.2664775364264822,133.1219679591999,0.2805115407238928,0.2418848561035572,-0.305144045184455,1.423146746405545,66.69035055550111,0.8285427349581567,0.262217607165895,0.31455238793506796,1.696647948029791,320.36235561441407,-45.13904713847112,69.5176225082939,-390.52579916882246,174.07933449559957,3237413.17161492,2.6798400421900404,63.35649038977318,-176.30369490643565,167.09626842522513,1968106.5524556735,-14.499880902701424,94.09166559301805,-151.60391624273092,336.63369310671146,4839323.78118117
right,nav,18_aug1,-0.46761463150373156,0.4495854051807928,-1.1556383755574873,0.39329280872579325,186.55653679476805,0.18896446077062387,0.20708272293520275,-0.5376347894185485,0.7214045857498779,42.24061307596216,0.8053925354071527,0.27629639787292026,0.2623634804320943,1.6732042867269004,300.3767094009955,-42.371166073579374,66.3845610070441,-305.47620044194554,118.27543992892653,2889602.4182774606,-3.0467655894520598,69.68261455339506,-215.44838452043825,139.04035009322732,2019257.493821981,-13.075396712382476,84.80014874377535,-76.77378727943541,103.38881749199112,3712450.618736189
right,nav,19_aug1,-0.515171734705795,0.44828392558320584,-1.0745200743047065,0.33963432154570244,206.89172389635027,0.22920006129251366,0.23019538585437332,-0.5150791158725498,1.4406095454711774,41.35021322074652,0.6979384319596084,0.25290558671713226,0.2684298283252939,1.168849657422682,259.34533150296966,-40.66515034757798,75.87040785525059,-279.8181798808693,247.56996405512703,3751908.656332721,-13.746066251455499,54.84554287947045,-188.8326515025937,112.1963910725005,1407147.2335108302,-13.443045453141954,83.4683868364743,-176.67418365539916,220.48750833120278,3318789.6857624603
right,nav,20_aug1,-0.45980688923552704,0.3895775410598118,-1.1200470048005045,0.38277593802050736,161.50136946030665,0.28363247982098405,0.2308904593220262,-0.35364546897829285,0.8475229301442126,55.71268052025798,0.7629034971196414,0.2574265859143623,0.3428055189520459,1.653614771926355,306.29572912168857,-37.85972426226063,58.45993401353941,-239.62934049132477,62.91351323623278,2226254.3235293515,-3.992309104941426,59.59084709447015,-179.5273407075739,93.6007348213525,1485817.534372236,-13.03769687732499,82.92122898829383,-102.20048751973673,158.54840027983752,4270200.566323825
bye_bye,nav,1_aug2,-0.11508975221111845,0.8031149377497566,-0.921468737184897,1.5147992040243825,285.8547857247794,-0.25234038894651967,0.684723001077879,-1.93171965596328,1.5763284308350392,251.5369644929109,-0.2812099309705611,0.4705551207612519,-1.3863958660032727,0.9100654942318422,130.3994771875019,12.984674027165958,67.46662025683797,-321.60854914816593,310.45097247606543,2096944.9932214469,17.361948217994684,93.58466631779935,-219.62960574219693,239.96906022005126,4412665.85024285,-35.65239396710698,120.79873527781857,-331.9210649358729,154.86888449847356,6577480.6333142575
bye_bye,nav,2_aug2,0.4577175738079428,0.5092919905229392,-0.8428713585308122,1.1585568218989637,204.28068088809684,-0.135169589565322,0.7072951027743081,-1.968768931767532,1.4866028650792862,241.53384281542333,-0.3395030886475783,0.707799400755943,-1.8607045388092198,1.0716246721357696,282.8903280711844,11.512700741808798,63.73103335727872,-125.93886830680468,210.43508759534708,1747498.9081893577,19.43019840130905,160.19633592964908,-359.62173500455015,336.7873379286138,11912403.54322344,-6.993147594870889,145.75155342020673,-310.3874747043958,287.81208555409916,10725123.152904565
bye_bye,nav,3_aug2,0.6352371233901731,0.49856144934424307,-1.0387073271693736,1.1792656339700778,269.17640807391166,-0.010679082763074034,0.5687284295330496,-1.8315076871323097,1.1099035274117812,155.46427758382492,-0.4464464120416535,0.5222408748141083,-1.3228489905082819,0.7126190417053191,207.3961657439549,3.242310080399285,37.74432193014147,-116.04470206140383,132.45485290713592,665639.5188789819,17.8332212534123,123.54022677062055,-281.788760092842,224.96274022682417,7148817.263710045,-28.445681061643604,104.31847698314516,-306.53457094264974,167.58960566409388,6038648.257686235
bye_bye,nav,4_aug2,0.33257768775189306,0.607061611003137,-0.9286633032453708,1.2311048483367668,223.08965094220054,-0.35984687824622247,0.7111136016929646,-1.7323096978045516,1.1623519889963738,287.38116461995463,-0.3171536683651776,0.5085529748304163,-1.3174577123909181,0.7642027901410227,170.82371542680528,1.444264571342546,60.7439091231648,-128.7985210362563,264.4686171214609,1687873.6293009075,13.928870497931442,112.36974546332611,-226.63741405843612,271.582425595407,5866156.197089788,-1.5142351249780215,145.69876519426182,-324.80784255880695,359.82103578553637,11429313.239994166
bye_bye,nav,5_aug2,0.4832797419094897,0.5367662830587011,-0.8544913717042711,1.4018258199569718,229.4006452888184,-0.014827771265237535,0.7343199249095455,-1.8048817106981254,1.3782924017970062,243.5998987341182,-0.30658559729414764,0.6171588639428263,-1.481366543676767,1.1502048323035257,222.04282114375928,7.545594849342969,47.78422163771328,-148.68433030032963,179.84628407261204,1125573.6855168557,24.4744117105224,112.30733946109702,-229.34376402279696,220.893383862204,6359058.053978988,-29.205609304168693,128.63931410096885,-323.3952530529386,132.87359625107536,8320380.362364105
bye_bye,nav,6_aug2,0.47457950155951645,0.4512418677155032,-0.8379790284793093,1.1206995834067877,206.12083121216773,-0.006413435059351394,0.5998999253015902,-1.462148386033266,1.1519117527225193,169.66582961610487,-0.38922310971536367,0.5618913108654168,-1.5568331030075633,0.7012355836293476,232.9654824543535,10.04646180907721,38.002889366090216,-79.53759841229738,151.0632919386897,872026.7205489906,11.104312569252745,118.34862062128674,-248.2431164119815,200.32587319045044,6514188.250858877,-15.33238396870112,106.51834966243955,-191.7233961232331,203.58289001196403,5232166.989344201
bye_bye,nav,7_aug2,0.2698675232607475,0.5914667815990687,-1.1764248783805753,1.063610886461673,217.3568472763041,-0.1186731981322584,0.6506941151678387,-1.4180469843783512,1.2873291950256132,212.71707260292314,-0.4133228288553171,0.5561220515306945,-1.3046554183023018,0.879264286615089,237.41494063070826,9.60121355769329,61.42291291783146,-140.0034622485618,204.51312686936024,1772332.2291964171,1.1431676585488542,123.03105063098731,-264.6922016698519,300.8755195336763,7299067.955404109,-0.895907880783876,146.5328734208769,-206.89113141664234,318.16858134981845,9791504.46089279
bye_bye,nav,8_aug2,0.26500739594227396,0.6258952853007784,-1.2822700568392515,1.0711542413723165,194.19570531432512,-0.09456705335392597,0.8166093919663896,-1.6425119821895993,2.229998556378978,312.46968876666335,-0.4025426442259135,0.5872931642619468,-1.5574603077053555,0.7370714885582625,240.45554319495992,-0.12869891092296148,48.413875545904645,-165.61646092169326,166.5782073664295,951538.0977799977,-8.753899367053672,134.25342426417154,-270.7949335561173,223.5690179327469,8785616.477317423,-10.777594990867088,162.6905723329225,-317.71277787550525,344.0144414298387,12789695.890014626
bye_bye,nav,9_aug2,0.2399164230722738,0.6637923335164355,-1.2449275918786338,1.1645447323682852,239.2841159697659,-0.15646380763607456,0.688283426056787,-1.6206082412545921,1.3055697046228052,233.56934948797965,-0.3661484264130706,0.6330181416362323,-1.5891774466381228,0.6436224388723966,257.3977398355263,-0.6933297242410812,54.02702153950071,-203.6820928532783,212.8007270243584,1273339.509323966,3.2513167255783797,146.33876717987764,-313.19944457302506,333.5877862184053,10008505.272437885,1.0664252714301319,140.61434651773084,-263.35138269471025,303.7974270608283,9239242.64404191
bye_bye,nav,10_aug2,-0.20365599552843663,0.7654875095713841,-2.0898254355657198,1.1181619583495763,274.3919051256202,-0.2453752083132382,0.4949268623864827,-1.791780718066775,1.3324328328100221,135.1864088621659,-0.327433712326722,0.5660317595695634,-1.6764277678119617,1.2482574279421401,198.27384323824424,9.187624421852625,71.33695933172291,-235.49869506988446,336.84914183105155,2443817.4611546006,-9.237455106229422,127.81578973271803,-269.3049799665892,301.7037073267225,7514180.060800578,-2.3474196559522347,611.660088115539,-12932.979827308322,377.7879133290516,173152430.67746213
bye_bye,nav,11_aug2,-0.060981875305043176,0.7496482352676683,-0.8971504933777333,1.4184623040883686,277.058497380817,-0.15390260866446917,0.5539479746312153,-1.4299686983544633,1.15639181369512,164.15401551109335,-0.4088106396316969,0.5065334368791615,-1.7674359809356366,0.8539092705317383,194.51482047985627,-3.740085927314596,61.81840915423559,-200.73870592344713,204.01084578208605,1810316.5722019742,22.614138105075565,127.70407522647399,-332.79597352779024,265.36809089028526,7903843.513370225,-24.62051340386873,97.49057009756267,-278.7161694845514,143.45475256053751,4109221.2152917646
bye_bye,nav,12_aug2,0.510596799825079,0.4820360283599188,-0.9285512930587131,1.0553491482612176,246.99423896505638,0.052370825450232854,0.5960803341083128,-1.7753890802734558,1.030029234767192,168.35097447872948,-0.5090051626552293,0.4867925578139164,-1.5170795104647719,0.5504754705483669,209.47597852663378,-5.099989192674504,51.76022203623216,-198.90790569300168,154.06684049149996,1193776.5116996884,25.37294475861854,102.5309872461741,-200.57971922420936,204.6926768891608,5237148.841725793,-24.086786627378725,100.03154241635167,-268.9787403379566,199.84625703931255,4377587.044008505
bye_bye,nav,13_aug2,0.5068248651953194,0.5070315135579744,-0.8668584252611945,1.1365799775675796,259.3614817062143,0.0031455333123742123,0.5622898495208358,-1.2820812140406688,1.2679583547581097,152.73552661678997,-0.39585499570863986,0.6646582738770254,-2.314730480149173,0.8228708742798182,284.58482974188837,12.117565152650524,51.31332457596883,-104.04219171591497,181.79650976196027,1424582.7659078254,16.580976101229698,146.01337788242748,-365.34948649060385,248.2071406374972,10165474.819821114,-27.966907844460785,104.95232306609509,-309.2925859919748,166.10704211851788,5477115.767357735
bye_bye,nav,14_aug2,0.47597202198554217,0.5922173111934164,-1.6992285216267524,1.1153071870980757,272.65657128324887,-0.11014776558850464,0.5544036220570974,-1.63936779920567,1.1174576622288646,140.7817686055693,-0.29688809058268995,0.6092096330189203,-1.5468232012197676,0.729260972088363,224.94681947547681,-0.35694980849571334,59.55571418034326,-276.15176904687115,183.01053786815956,1517114.1484426942,15.05268625205813,139.64914519326754,-367.20580708394084,257.34631395150257,9260357.174434852,0.31348303322009613,127.95691170382169,-304.8854293004058,408.0689195777125,8339284.174277753
bye_bye,nav,15_aug2,0.5829405707561305,0.5464291152141958,-0.9846009763837674,1.272687911696359,313.6128048173943,0.003340264457120993,0.5295636356880833,-1.5103076841807126,0.8709794080818186,128.79609189178134,-0.25502061998518294,0.593587813403756,-1.3315708131433108,1.0328362703022802,209.45113920228528,0.23205331512194272,39.691472880171716,-101.90578429673977,129.95490072911537,566333.9124835661,11.878725536550093,118.37480782869979,-244.45251962812586,236.90032065008452,6700347.870083553,-27.98255458481641,97.61942098972163,-332.09856473000127,120.21967454339426,4649287.571049363
bye_bye,nav,16_aug2,0.23736719578884521,0.6658765764420356,-1.348704237246486,1.2919651162299175,225.78067360864432,-0.04165168547331302,0.5719507897063009,-1.4219037148379654,1.2893402696287173,152.42564831639993,-0.4273769105677724,0.7203584845935594,-2.103473226441603,0.9156159736118028,334.2015731108953,12.586503464252885,52.382265440632914,-181.38086843418182,134.53805885266917,1390770.341019481,1.7268411149182925,180.48492503997122,-387.26774999004937,335.9429410508077,15134767.960378338,-0.7024486033624565,117.2280815956091,-294.05818586425266,208.6562623996354,7256479.147094256
bye_bye,nav,17_aug2,-0.18802739353416187,0.7300696257880341,-1.100941175174546,1.4415108392093485,264.6812548154001,-0.1850572544320205,0.6089310982794311,-1.6613892452605177,1.5190684536753805,186.04702211016325,-0.23307574454291788,0.5962720658962555,-2.165342602973173,0.9987196950060082,201.44530802279934,-0.46374311314942307,45.53542048115304,-228.14863352572965,176.59839544351155,1189982.5437460917,17.647995517527562,133.55566636332426,-395.12027963243474,250.12984006747882,8475650.27262989,-28.932904178085355,110.85539425822816,-237.89965234120876,215.6016937544255,6445056.211528808
bye_bye,nav,18_aug2,0.48009360270605395,0.5487300151250648,-0.9127559702212187,1.3066817750174105,235.67509946552724,-0.062073099888230385,0.655654944417202,-1.5151950658811364,1.3164636731817931,195.45580719901508,-0.23803710247108567,0.7190010186089655,-1.7240959909644795,0.970297458020557,277.98399491956513,-2.048036165027972,55.964720097352725,-205.88468142481403,158.40377235804954,1276326.6177199103,1.7277000166037588,155.71356825849577,-402.88101787464524,249.93755331974504,11442722.64532458,-11.782565474480144,139.24922353001685,-354.7605861188768,273.98616466867253,8945562.07239415
bye_bye,nav,19_aug2,0.627996124240798,0.5870109528146638,-0.9791266094553602,1.1858669243973665,323.0910538478168,-0.0009935733189021904,0.5165512970272117,-1.6448956166749586,0.8960307292174291,123.95752966532096,-0.2946000525332201,0.5685997251905647,-1.560200790414076,1.1431424330173872,195.46779576349354,-0.9977162723998229,52.62845070510559,-155.15094795882672,248.33745834360892,1334302.1773072276,9.154936113642073,102.06907801615861,-191.51408601510434,198.71186594119928,4810904.688868023,-33.96768605012751,93.46491239891056,-339.4212033977635,148.61268270366836,6062271.796828794
bye_bye,nav,20_aug2,0.561112372918359,0.5271349735623836,-0.8215859466227571,1.1891852753686563,273.1490157744945,-0.04990962840909169,0.5231690153312242,-1.535944371269641,1.082929887156479,124.74752367473488,-0.37310640519440347,0.6274896164355642,-1.6144392319812313,1.3548547991110482,247.3711662436215,-3.116542469917914,45.05487006592458,-184.60405749327947,140.9127649988804,1038651.1144552978,13.844615055454955,128.72819202857423,-271.682781707922,243.6851407107831,7642178.386913264,-26.898200798923984,100.83514777750311,-367.73892767773117,85.64739874888146,5100007.94918091
left,akshat,1_aug2,-0.5156664957419246,0.4407247717570622,-0.8001322950585403,0.5309080698165217,221.83374021620432,-0.6334891664890628,0.1781365953076477,-1.447184824090117,-0.2947772167002757,196.57779199731812,-0.418104124361164,0.2452671625740021,-1.5938121635625615,0.05347030033010247,89.22460072649577,5.790278052261623,24.23283174823723,-101.34111414000347,73.36117178331472,440914.2528792779,22.094527201242254,65.81022198632127,-98.56682659899919,246.11049085825175,2304950.7494316506,-6.631762323021481,25.36769736617256,-118.94916212585082,47.440737165694486,824883.4812923407
left,akshat,2_aug2,0.24892734552140655,0.4204105340418426,-1.013139931485696,0.5632879299835193,103.39477098790441,-0.5353749875972031,0.18613861970871645,-1.2708726817460116,-0.0879380065564695,158.62924797185826,-0.672744451285236,0.26463935053088455,-1.1064177902116534,-0.0713218623822894,230.321286177624,21.32037188505527,38.54783011729522,-148.5251112027195,181.21912472674825,935487.7396150264,3.7531650657695574,74.91290077630357,-83.56363809320881,267.1635556496837,2660516.508456321,-29.925830205925408,35.12910403416337,-155.96021267056202,56.95373371078299,903246.5385237471
left,akshat,3_aug2,-0.09186878051672326,0.5656043565292513,-0.8135549705720011,0.6542786281296084,156.6669497083991,-0.6582769044800582,0.19418008225541447,-1.291563390388777,-0.3287779518284228,222.3000883676352,-0.4251616663261054,0.2139934758058519,-0.9072329608823888,0.002257884803394653,126.86370808216296,23.152529570153884,28.806284882109832,-27.15791421825421,138.9067108267589,721680.4754476362,9.910801788295075,56.52115198771699,-72.58990027568424,148.14106576454344,1428307.9976815304,-4.232340422980498,48.140119016571425,-20.350888152833292,152.26231621322705,1691676.4524701783
left,akshat,4_aug2,-0.07766227588777677,0.5500183442666341,-0.9413338234821849,0.6726143676416338,165.34193702859125,-0.3211841965312977,0.19454451962390917,-0.8090247730241823,0.33025202698684614,68.4563660329128,-0.7168973944229675,0.19744889436691737,-1.2408151151122055,-0.34740303194134775,275.88579857650217,20.163951322500193,40.990687168268416,-107.01883911352168,134.37179794988896,922179.1304914649,0.3967645325070421,67.88075835575944,-133.29920069364042,142.08592547038313,2244239.7762436545,-0.4899404717345921,40.43494767026658,-66.42268274925327,101.25235019559022,1416728.2335674064
left,akshat,5_aug2,-0.07962166119236405,0.4995762713407229,-0.9024869591190501,0.45949845721044974,125.33832883173174,-0.5359514003624848,0.24718659554596648,-0.9124225946392622,0.03416808620424956,162.48380802764123,-0.626458193756978,0.20828225848123708,-1.118223134845825,-0.317119764799347,206.82642916985995,21.935922719663072,31.28104756137321,-47.809100559031286,132.72196192648036,844299.0989218983,-1.0677603312892052,72.22504142918898,-159.75974436480993,152.9080186883883,2059447.302776211,-13.136842042730965,41.22608133191246,-133.19810986813118,58.22758900929038,1081563.2346384535
left,akshat,6_aug2,0.002246086738567836,0.4352867803018725,-0.835371869272783,0.4182017360881153,89.62964408812707,-0.45164698210640447,0.44104785675211455,-1.3114436515794934,0.3405377584025579,181.94584109260046,-0.6188724692092726,0.31940093556546645,-1.2612774095141994,0.06402970762421051,220.9153908809591,18.51490613305595,59.227841587625164,-141.72144221137117,251.8627671848856,1663499.5095929892,0.242890820300388,73.10552639542638,-180.92146984918313,159.43047222243922,2367897.011132246,-16.463617076254284,52.27916256164257,-39.24327252463817,170.3747353418248,1365308.302365982
left,akshat,7_aug2,-0.03403679834868471,0.45057424425527065,-0.7880591931881997,0.5518279425837005,92.99767871555518,-0.5049970610518666,0.35838150920801015,-1.085741562472333,0.25670934844296006,194.43610470420305,-0.6154639475233458,0.27973558425373035,-1.088054912151956,-0.1261006158331811,206.59570494587888,20.53037802629838,37.86274182107277,-67.68303178684627,100.30718899578079,612445.8366668941,-7.862674575610907,76.16258444925583,-126.77828812622023,165.7792914659313,2606705.8496156884,-11.693999788848481,30.66224882414374,-72.30683471706797,28.221216680806734,-47993.898217939015
left,akshat,8_aug2,-0.015325747930291133,0.4050777850850252,-0.8651918926475268,0.5042743152128515,82.8676626567669,-0.5623926702473694,0.2991420039876222,-0.9960022584948547,0.241572082427127,191.46315089878232,-0.6346885494371128,0.2805601508377142,-1.1413911686551175,-0.07770513586305448,228.42119420650164,12.354326304238128,34.88786167847352,-79.01329593679101,135.33807983632366,564852.87356404,-0.8283677501622017,71.46828446671229,-82.79100696959533,182.1790993889702,2541547.414552168,-11.595936119179916,52.100760238992564,-188.62699323720273,35.409821676306265,1524608.4065958858
left,akshat,9_aug2,-0.17756558828379193,0.49045284531605166,-1.1961495457242357,0.4569668079721209,124.02616602337523,-0.5276236283492912,0.2785142693856874,-1.5313550263913225,-0.07425154047122233,165.00753913437683,-0.593724889911407,0.3045944104749501,-2.6888128303175387,-0.13634344892514222,223.8824855692315,20.18950840411291,65.00608663127566,-128.0938195134164,665.6352295013394,2165378.7492616475,1.971832892762101,85.94832790434005,-181.62270408280074,185.89706280926427,3292651.6153654563,-10.788817479681745,43.142115838372085,-31.439380036294835,76.24888831511451,1264863.5306929955
left,akshat,10_aug2,-0.13425677567047295,0.5067411511018396,-0.8846026519618495,0.4700814522299917,120.54554022936134,-0.5155720903024325,0.29700616359515086,-1.004499606399869,0.18059342318990929,155.53839660173895,-0.6489758207466001,0.23830998673234136,-1.0366410127494927,-0.1810155287649995,227.2953608683617,15.987962095211289,37.60841675851727,-50.80739419282888,117.08178344959988,657512.023794752,3.1499880927308843,73.75735476722285,-200.13959635370156,166.4328761956252,2652659.0817904263,-8.048278579567565,47.093438700902524,-77.35834816517496,153.9173085128216,651489.3984286985
left,akshat,11_aug2,0.015175509539018854,0.42540903440628214,-0.7946585337842503,0.4865688428995489,96.31527433570872,-0.33666131747033645,0.36791347272891706,-1.024406836389219,0.1286325428580255,125.28472935731425,-0.7489582495387391,0.2412272834413517,-1.048696190556454,-0.1746020076287799,278.6020761756597,19.73317658420688,36.10026562405601,-50.81094659635472,124.25138433079348,800872.8166959939,1.6772471103096294,68.6613289986587,-127.90161049872604,183.3592138508752,2310200.4630045826,-8.703386161040786,48.47418361222502,-125.16968666579878,103.90290442169497,1129020.524262668
left,akshat,12_aug2,-0.22583389762152126,0.556113738772376,-0.8392741194622075,0.49780452011457416,173.99203726720958,-0.6032186441554876,0.18283452327898295,-1.0780386266011517,-0.03267633926996462,170.0161726034497,-0.5084804907112657,0.1755514285958666,-1.0207437366445995,-0.1743580255438841,156.13368265413524,22.916612789207992,50.07768374951665,-146.1105392840758,266.3929683258866,1465505.925615634,11.695753473395706,64.0390208503097,-150.154649278478,172.72237848179367,2101125.620852593,5.493289795182022,29.334498817476533,12.950800322632226,129.46432774340386,370740.40606969356
left,akshat,13_aug2,0.1375975218313918,0.37218846870130534,-0.7523714249106048,0.6931974506725499,71.47203531172875,-0.44890256825251706,0.34789590384197283,-1.243986513306401,0.1471058329071288,158.3789359910919,-0.6946412187284446,0.23648915554127972,-1.0328521377111453,-0.16429122136702448,261.1969409697849,15.589964249609345,40.04925574242059,-45.68154205524537,213.15184777602846,882376.4592792686,-8.118921821235903,70.3505747727574,-127.9320738597018,164.14137601365238,2418371.599678697,-27.765295285315002,51.81818414992938,-158.53471696589088,222.53508812047286,1173969.5122115845
left,akshat,14_aug2,-0.10640162464635655,0.556978691061352,-0.8669995226092525,0.5762141571279786,141.90630362487582,-0.5563183432129833,0.299703916543194,-1.468378294016041,-0.08161042486016379,184.16643754592656,-0.6089752501432582,0.28615497932293904,-1.2725681854944317,-0.02641291826897342,204.40252496645604,17.742078922845554,36.511274267392324,-55.691870116930055,182.18744582572836,701985.5408684417,2.772686815080746,79.90606539278068,-172.41628416658293,224.63925242395814,2909765.9970805403,-6.580980850119395,44.73555360323686,-156.76432661517867,170.36431152215707,1899930.0426564852
left,akshat,15_aug2,-0.06194652758244421,0.5395047294054007,-1.1121301134129127,0.42391731173663444,131.99549200638165,-0.4558219300440927,0.4272470514057201,-1.727294718700339,0.3590046395461195,173.64048338398862,-0.692288240367071,0.40560993918663374,-1.5362426843345198,0.4582730500651031,311.4804713844633,17.763583568149603,42.779304536307784,-73.93025580281561,202.9150281150465,1142835.7007546022,1.0607854147039273,89.23054492553777,-189.40437464436653,361.9881415526508,3986500.9549275045,-10.46081332277649,71.21362349380242,-311.2618423392696,119.75768974839613,3827952.731618033
left,akshat,16_aug2,-0.12819091506032,0.49847822359256844,-1.3002833141342645,0.46559533492589766,131.11678014993757,-0.5659517983369051,0.43027124385036214,-3.1416870171590476,0.20071191425835977,239.87875513873306,-0.560446062778324,0.47997704427300536,-2.216358921705134,0.9109428349747243,263.25308292151124,20.433680229805532,86.15848038024028,-199.73152340575612,889.9558131162811,3422571.9116641437,-4.966926148102973,102.67671289250005,-202.70581614622944,285.51716148424936,4907835.3499723505,-7.07721331975699,82.78093164115474,-191.37369188561416,256.29675512773105,3222234.948558881
left,akshat,17_aug2,0.19847264819702784,0.4226345194748094,-1.0637586911389336,0.5237835684576873,119.10436278498922,-0.4583533765171609,0.21818360116255034,-1.2726720091307808,-0.15460446652997395,126.23733581658558,-0.6333028956217425,0.3086031625729584,-1.1848183533255585,0.23214836642989178,271.0168547116358,12.587690512448251,40.903568214429974,-98.74098772051134,161.38725445148862,946882.0607766295,6.504321521931003,71.99632561905113,-131.61431045983696,279.37546025888474,2622582.200325529,-21.25420277058046,33.39867447667224,-95.23959321657918,6.231601748691169,1351899.0873581967
left,akshat,18_aug2,-0.3996702262336522,0.4539171373468138,-0.9612581220759369,0.5568235213187214,181.0160267122873,-0.5402128661785371,0.28941131499907224,-1.2943602038006186,0.25122188955344815,157.63692477095387,-0.5109871729354737,0.28684309654622103,-1.282994520958952,0.09218787155417918,172.5063688820543,-7.75731300098421,28.318584496329773,-90.9483897698149,60.89363833057517,561160.4782958006,8.786416043400624,48.620087238076,-88.70488952611875,124.14006186226891,1136232.2641985728,-18.7136217621801,46.71676789059947,-191.93683686002342,98.09732169361294,2577981.1445931345
left,akshat,19_aug2,-0.0401157056752907,0.4098658099721554,-0.8713211857950007,0.5345547364648366,82.46905123934762,-0.48052837162478423,0.4731028838550196,-1.4817249215555708,0.2868642275494032,201.57920957572986,-0.6000762557846316,0.34319571673817273,-1.0757658289044845,-0.11279300198279803,221.7394394656968,21.386631058570206,47.086250151054514,-65.29706449493322,232.10911474003905,1213187.3929908955,5.0034574079785115,65.34592332691217,-89.22710311034241,220.3903426682182,1739213.3469801226,-10.785541673476303,64.8021219412053,-132.8459049907608,181.95516619336968,1015674.5729410719
left,akshat,20_aug2,-0.15806060733650412,0.4785130617810053,-1.0355677084497543,0.4554981848379211,128.305520654474,-0.4646379252351152,0.3274863929991448,-1.4627619066331181,0.44867327849935,152.8103986573289,-0.6317620925488593,0.27175578699076136,-1.2849798264967693,-0.2022162290816109,232.5437020540078,16.59821024023278,55.62728507750441,-240.09113951476326,225.28804792672952,1471591.5605208327,-7.142766640892081,55.10213519485024,-144.5590322304692,144.2696094452725,1639216.0310653355,-9.085199432233859,57.96906252857676,-137.07627660541726,185.35912993380057,1438913.3782293177
left,nav,1_aug2,0.290336334081849,0.6371948113967593,-1.0366604501948498,1.0204699705872078,200.373612003597,0.20178666011451207,0.2846940426585765,-0.400922503460471,0.9579601078685734,58.663738770627724,0.4094092340693752,0.6095209857296237,-0.7515912031556047,1.4095450134492349,231.82928006524412,18.75023428974848,50.119521588503794,-198.7196464375748,123.15040045688853,1191236.8870467122,-2.6170116630654685,65.37388934114404,-180.30407354854833,106.90128093975,1602620.0550880262,36.07533780150822,73.03721771832278,-57.45142603875583,222.19707464425102,2635987.289851181
left,nav,2_aug2,0.08004270510729251,0.4943681470233214,-1.0553924428795405,0.5346736243955389,101.5717004383265,0.3768873088381318,0.1590860585855493,-0.3401962446650281,0.8670661492078146,76.05533179340404,0.816342605132511,0.17810335266114574,0.2901959524346058,1.3035256632694334,281.28346023096424,23.442501100508714,38.111062027544115,-51.411886276231755,168.1480494104837,856796.1909044959,-5.711711893939115,55.196594814079276,-142.03223143874055,79.60548893555027,1344193.608663493,34.082328311607014,63.4252822170888,-116.98672675335993,154.4174367962433,3111391.0417753207
left,nav,3_aug2,-0.24103306935130334,0.44382525552122704,-1.087944529825905,0.4907475871050484,94.95136517492773,0.30155739967351847,0.22111650160828594,-0.5431015132219666,0.9168717517913128,53.30380229114374,0.8388424593444639,0.1992701832141516,0.3689228098412428,1.362610479525924,302.6252595652682,34.66549443928536,52.52036393115895,-95.72732902927214,216.16832448357152,1712898.3019526605,5.142606799841186,66.19621048903014,-163.56614533079068,173.22505837936907,1896977.2966855909,11.017878671633119,85.34536982817407,-138.4909037138088,202.8592727206668,2161301.717561423
left,nav,4_aug2,-0.3815443210313099,0.3734779025293921,-1.2191976069740351,0.21791521432929714,119.39829635503786,0.18169640518364105,0.2936867116395361,-0.8195682436760012,0.865400293834038,57.234305424218405,0.8006320167434873,0.28084480659443234,0.025551267761166795,1.3598924449002456,288.09032440340604,32.422064627198225,43.79413154039228,-121.44387586302695,136.86801056108527,1168085.7091547158,3.5079773124874896,57.844176473182785,-145.70735027099482,129.15619277986266,1483179.3334255328,18.173730648413326,92.9841241709956,-123.31109219880523,173.7156813043742,4516219.138054246
left,nav,5_aug2,-0.5612675138055444,0.38593228655297973,-1.1954601102681317,0.13797613577582227,209.83896327722027,0.24291618053177855,0.24599045435432093,-0.45428382319296784,1.3152898065594367,56.160718997176126,0.6849865623776473,0.2720561263363823,0.3445947561415214,1.4023224359822255,251.39637964741735,43.779151288242446,53.394379686363685,-83.9763981603855,264.04955493337724,2159123.701197409,6.768386001843638,68.82736807258797,-199.40915118837526,121.55212670720607,1821417.4797171135,18.964891366826937,84.510050034005,-66.78018826452087,132.21967931568304,2206818.305726848
left,nav,6_aug2,-0.5063666998289613,0.3811183769811343,-1.2282881653505642,0.21870669653113214,177.05282348504755,0.29644375782510657,0.29503149802187073,-0.37580332776104536,0.9680063338342345,62.103309691357666,0.7053504575613503,0.23342090931163917,0.4104764952864647,1.3854801072513285,245.53497364256063,35.68555069903028,45.563214294920215,-78.2215815554293,192.8720094535741,1690210.2570938792,10.969234165060302,68.47006930099376,-203.3787633106023,104.2507741758455,1862388.6492137425,8.727808441922049,99.9628948631778,-163.64688195872017,103.74377226150816,3953622.6906266017
left,nav,7_aug2,-0.5264656863011072,0.3993919840846436,-1.2375925199347773,0.16841719670953476,187.48531966807496,0.21778494196440884,0.29220142558466555,-0.5620621013017512,0.7974879114123844,59.8367037253325,0.7362595234298035,0.28034061678273275,0.37315917403152465,1.6482795033327773,234.67301253420075,33.95729457798585,58.25482921229435,-134.45234299525276,220.06992233621096,1950443.9631560699,7.40338889889169,69.6009793573854,-168.85643594458614,134.45753903847873,2219544.948025537,21.72528682841007,95.03991126752595,-59.80651553934736,250.88477734211875,3584298.330647226
left,nav,8_aug2,-0.5107560481225552,0.38063971879752934,-0.9552242545117223,0.7585464928072729,167.70445538494775,0.31613200251609613,0.2284145786833653,-0.19099641614978635,0.8705774321480497,61.06416789571445,0.735606857131125,0.23396380592819707,0.2277160839655445,1.183343496103611,253.504510171433,46.013904323987035,53.91609887881329,-40.43757408460621,190.1121898922974,2125783.9101388184,8.997975944555323,66.48217633538812,-164.1962398935543,131.4840264707964,2075237.3625965049,11.61717478687698,91.97842399438396,-151.54991600000548,196.106321948342,3507450.308582831
left,nav,9_aug2,-0.5530660059834819,0.3634787218870338,-1.2625522578587625,0.16728043209582055,165.72822176764944,0.33475567109948884,0.2465861615046165,-0.18700572754667857,0.7978101128520444,66.80465083055812,0.6761000260521829,0.22974329314331562,0.3692071878749392,1.2638305134009629,228.30049123588705,38.95956740370429,62.115035325604445,-36.875308907556885,325.06014262257276,2162970.9693871113,9.420945431321435,64.84771572208001,-145.77118113446664,116.98463463092614,1874355.8219608152,14.016484686684255,90.54467348770378,-181.79268607818295,198.65124055215006,2951990.949001527
left,nav,10_aug2,-0.44670151355215776,0.3674184054265805,-1.1649164117544915,0.17902204413004763,149.50862062938205,0.2369834908903436,0.3076965875823041,-1.0242282804782745,0.821380557271721,65.71640366106476,0.7651741877554903,0.2346677107953048,0.40130646596580627,1.2128504161488278,262.3759006724186,41.63975678897673,58.10946232529371,-128.53770751248436,224.3026974416233,2303077.9023413337,16.482222731637304,72.13004351129153,-186.29934402016687,132.82926203122037,2353737.317323693,9.672778853955105,95.52638649536836,-163.43620425081232,282.3471920844888,3106284.4701747303
left,nav,11_aug2,-0.5740827297313096,0.34770370260588546,-1.2580692250588534,0.1577408723484473,189.48428649055103,0.2961020049292985,0.19174529777465357,-0.21098537242144755,0.8785601840007564,55.724609834450945,0.6810877829158848,0.24098386704802752,0.2873596469150607,1.2627600471162272,223.45697248937748,35.785018069884096,42.90548894750386,-45.368581233724974,167.6259679849638,1335096.5225567636,-5.2588223402879475,52.414360707754376,-169.86449056306316,124.7960050714701,1166460.6243341616,10.951579546308414,86.57057248460728,-194.6827152900219,180.25382656377923,3294150.981704874
left,nav,12_aug2,-0.42116120535520996,0.4172670180209812,-1.483386568818524,0.17663942413393385,157.75185798394057,0.2658559806306285,0.25775484033447543,-0.7679691831040404,0.910610932906824,62.96719923616355,0.7753281375679211,0.24440995046533406,0.11914361036701959,1.1717967129654403,252.08214869856687,38.58596757284841,72.05676603136298,-293.29814011751756,229.8775717575887,2636894.080561086,7.028505783127823,66.61430348210351,-221.63823414410982,125.5915981127459,1877912.2783542988,6.8545211140108835,91.94996800647571,-191.49322516406335,138.22508630788747,3213080.1821136423
left,nav,13_aug2,-0.43325361699257775,0.4270631056887144,-1.0559839632527728,0.4383454244522701,133.86752834300987,0.32997985583972755,0.22605022876719233,-0.4041589999299299,0.9035336089623799,59.2166655216307,0.7909953620700843,0.2706754275164756,0.17236089028885992,1.3143373504595388,267.3334489881363,34.387799020968494,48.67256271936394,-85.07844894403894,228.1403271732886,1470178.294873473,4.707282811967254,62.73567217585205,-156.99585378155774,89.0250029331985,1628511.8830265864,16.094282539990726,87.31777722480388,-89.01232520513746,161.51223215836865,4441541.180071601
left,nav,14_aug2,-0.40934725001227557,0.3994092796273303,-0.9768214171756316,0.42212936377456967,142.8066890207289,0.3510110409676047,0.3015059560119746,-0.41161334039895686,1.8107460982364996,99.34369682659154,0.7211223548435745,0.27185237852540006,0.24356002133115837,1.8290049888008209,245.8296089598943,37.420893721950264,60.153281769237275,-153.70789906174858,281.6638289581609,2542657.0424567866,2.3517496444879438,65.41484993357219,-152.99631741149298,151.00867107183296,1669654.1458108623,11.316254112586172,86.11623117331617,-182.7195326180057,198.91293288180685,3691563.698051947
left,nav,15_aug2,-0.4281331214253166,0.3806246344546921,-1.0154222165942786,0.13304992953269734,146.51868720408015,0.24277142690062498,0.21632412652028174,-0.5377063591175256,0.6964212920165694,48.18278803045135,0.7318714884087654,0.18681075926260937,0.31958165912210534,1.1444677258442872,245.50795083961208,47.04267129520123,54.94132271036139,-129.55218008826154,203.99378479457633,2066262.1556459407,6.648780243601966,62.72823354704052,-144.93989439043796,112.92881359922215,1569094.0608428817,3.51805761255172,66.48855227427151,-93.74582101099872,153.023452321741,2663727.278724683
left,nav,16_aug2,-0.3028560596968494,0.42141746242017075,-1.0516977472929419,0.476150723780412,112.42354113613395,0.30015097864824064,0.21323629212700657,-0.21511424613688057,1.3584969489586942,60.98273613667929,0.7631828843062167,0.2311116853876932,0.28237037810526633,1.2021930746099163,261.10543632314864,39.756927178060096,55.03808659052319,-110.15234680070759,217.28219725184326,1907358.7626708664,15.553775516745398,69.2871845215767,-159.20628035399372,119.0068036459719,1936634.2376416684,14.875936887099948,79.28859716788932,-39.10709400693479,229.6548905135301,3389773.4052105597
left,nav,17_aug2,-0.37590189067824437,0.40559538512183374,-0.9928536853860702,0.2776565081037643,130.77336839038503,0.3126728563265091,0.22550650664427974,-0.20188430174209834,0.9069971171779823,66.102890859967,0.7222092391167785,0.23523976751122663,0.26424982300515293,1.321464865376457,251.1053744819003,44.43501757272329,57.13345553270584,-55.51408552477389,214.35930608428825,2345922.288228488,15.706076295367245,60.15263503079354,-132.10037644341773,141.94337568807637,1819293.1835312976,15.66196778425038,76.37539868427024,-89.67419217175278,213.172488620738,2394200.8188815396
left,nav,18_aug2,-0.40560962414124496,0.3879555140453653,-1.0370106177804699,0.24137261504846352,121.16497232881629,0.29674699612477806,0.2205270350776507,-0.36780235476604023,0.7956492066383453,50.13718091261795,0.7607728106088417,0.215156470511788,0.3955191461137394,1.3008905755659341,266.00147795595257,35.996342636391944,51.29624079193289,-87.6868193654719,170.7103649138855,1550232.0754387681,10.904968687956478,59.09501513511034,-167.53835861923983,84.8335285990847,1298560.6623124268,17.178106504924536,94.8421330893173,-147.59234497658085,152.15409747661465,3868890.4964484065
left,nav,19_aug2,-0.5844383795670183,0.3604752025516463,-1.3347220061427878,0.17792057998644556,161.82370451389735,0.24655830664111583,0.3667563800751203,-0.8414792063055009,1.3203886388220014,90.48587451360166,0.7636682371145785,0.29230861219581566,0.13102018369093693,1.7447291247905439,301.11726311033345,43.9236492692986,47.88601084565042,-104.63217308410034,185.6513508897806,1846209.5636816702,25.57674215601862,76.37807028854122,-191.35116998830333,188.10190901819078,2711753.175530192,12.239034792294172,113.85440716739711,-112.55890557582605,337.10848195133144,5082336.462626661
left,nav,20_aug2,-0.6715975229370686,0.301175317155994,-1.037839110832353,0.07846542397258535,229.18999888818405,0.20435886068541087,0.2904554083922716,-0.5195639903154528,0.9840123315793514,49.469935807889236,0.6638173082181832,0.30117211465164706,0.04502378993278751,1.3569069522421493,233.90488829352296,30.938024198024937,43.61638796784827,-110.44110071276873,173.70356838819353,1258676.2748642499,6.2413019596076325,75.2007135916388,-186.51586053227632,157.65879271639866,2176944.5002487693,22.72024749492952,99.1791467738419,-158.69156407923916,296.8616956445112,3821480.1823794246
one_arm_boxing,nav,1_aug2,-0.01602303518488539,1.1846529483208263,-4.000862317369583,2.636873675417272,674.6481590310714,-0.2705386823177556,0.5111279747285893,-3.8706551598498944,1.5183626189519448,158.16459002812203,-0.4559435549383093,0.26788800847426236,-2.3853697389052573,0.48084602994357817,124.67828679025992,-0.04112288054344093,93.75288898299632,-225.97982679296808,292.12671485866804,4248458.964464599,-6.233664669850479,39.89595531527167,-136.32594130568336,89.93708113768334,930867.9695379484,-0.6986546085765653,152.84816656009798,-392.48507137219167,549.7522897758296,11312392.559332756
one_arm_boxing,nav,2_aug2,0.4816122904910755,1.105022143984346,-3.9622143134487264,2.0877426410607938,700.7954911307577,-0.42054225563096354,0.7227288203857617,-3.90112409843345,1.0837691137601875,324.2670400958037,-0.4675685595034429,0.2550074534470347,-1.8894888613348375,1.0703841606930802,126.11942569052316,1.4264867157477212,112.85527876826167,-321.9992481063096,261.21087033902506,5884420.904552954,-7.252532057467958,39.52383182379818,-180.83960074054824,94.23825071107098,775001.7860905373,-14.627192719963327,183.25875019783084,-208.62183925327358,658.6426639513315,16067042.728199536
one_arm_boxing,nav,3_aug2,0.46042815556974964,1.2308504399935167,-4.027822181264087,2.8507182603582053,802.7915193891098,-0.4865988456648224,0.743075883890889,-3.9405469632472134,1.6063469699921136,356.37861288861137,-0.3498180108163723,0.26066684728075634,-1.498112803514989,0.3935016534812064,105.76830997111193,1.1461689006503892,115.42897282087579,-365.470731566623,449.4952316099571,6505839.547370898,-9.95336398714419,41.538017337679285,-272.2924780165603,95.82180079445406,1002114.001748017,6.624329396313335,190.31299289801922,-325.3943808659692,702.7944562133522,16924947.09522576
one_arm_boxing,nav,4_aug2,0.4756546780093888,1.2415807981026143,-4.022464444403505,3.1022173878264083,844.9678764031729,-0.3957552079977454,0.660735800070034,-3.9869769293113553,1.4809009100051997,278.63031697174233,-0.4808648338101485,0.32755333257071356,-2.099726712831556,1.1795116243563883,158.8177103189988,-5.869664076295052,115.77816965171164,-276.04899657451006,505.1544066060212,6257456.38741756,-8.805465823580205,53.70669513572587,-180.30879003596525,109.15904507944354,1368537.3362324925,4.015503468433103,192.6087222760249,-337.91049682708467,708.1381275417694,17610020.494475383
one_arm_boxing,nav,5_aug2,0.509969503106405,1.3222894401305598,-3.9957986793721414,2.6105945926017773,918.347800440937,-0.3945308647946158,0.8791331542787277,-4.029512402105998,1.891908693815824,422.9018411538896,-0.4573694595931131,0.3594555843203364,-2.83345474670019,0.7618245815330215,156.898894181747,2.6556974303405103,134.8216005354261,-788.0773126108694,641.5832589065188,8583556.675064104,-10.815763994515075,50.14942039633835,-206.08506532838138,140.6866147893999,1378892.5284072908,-0.6912854816433172,217.18133706468024,-459.6446238823587,945.6777626772687,22306308.230290696
one_arm_boxing,nav,6_aug2,0.4813906900660743,1.387902490482958,-4.069852071676621,2.2962506218539436,823.3016607927402,-0.2968705110784469,0.8853010796864695,-3.902185165404953,1.8850216921241265,341.72601444912425,-0.43331723595960026,0.5189771572026115,-3.733802680040542,2.4192122207433493,185.07928875195506,0.5361742243792109,143.7229892331547,-538.6244346714627,813.0187561815025,7428071.42487394,-13.586616359615686,70.13259208202047,-248.47378233455152,270.8971207055531,1896076.0452525949,-5.201077411102341,228.85823868187603,-561.713715385282,881.2020797365429,19208424.4148696
one_arm_boxing,nav,7_aug2,0.4142020995927357,1.1335613650864615,-4.009980405464862,2.12234779527596,686.3186591510292,-0.4237666314205127,0.6549005273802301,-4.0088700612659345,1.5466534004609085,298.35170200762815,-0.3839739850513945,0.31405009794303773,-2.2197525152113524,1.4142787239317534,128.07133333691448,6.77143783062014,98.34545442654554,-425.2157722633612,523.5843295757325,4457519.588697149,-1.576640325796584,42.0386599857722,-108.69909741410643,197.70022013701652,931989.8462745835,-26.949938847191056,183.0087200340578,-434.437173026732,962.1914739229928,16385501.399208948
one_arm_boxing,nav,8_aug2,0.5063434357562515,1.2149844657677977,-4.03586302426897,2.4516221447286175,798.961989065572,-0.38455552055508196,0.681171280413618,-3.901009541858251,0.9457961673711603,294.2127637510546,-0.37340451086156057,0.2833144177485141,-2.234899987246818,0.9443354977791236,125.35881163816869,1.2403598628026993,133.06001557765606,-343.08651701697414,622.2614553942554,8145260.773080931,-16.284964897660426,46.329180494346076,-152.0238138397585,108.49270078251723,837971.5706680228,-3.168534622901032,196.83598075678162,-371.66978581189994,606.59021478499,18305982.013562053
one_arm_boxing,nav,9_aug2,0.48820768621117305,1.2770447842745636,-3.934293091175766,2.8876868929444632,869.8392978820632,-0.4549395159712893,0.7538182303735799,-4.046044849728084,1.2705908253443297,353.76203328935856,-0.4217590234062398,0.3956727494561654,-3.065088324389756,1.700801813949275,159.62460194473522,-4.921364443643394,134.60364171364,-798.2602891187073,570.2837847341531,8603436.537262255,-11.282908223577458,50.94458465548261,-186.7280324827024,145.17134299789222,1191846.396594333,12.470396007395028,191.34788713498338,-450.46352744190267,802.7361146078113,17209045.42369749
one_arm_boxing,nav,10_aug2,0.2933583822804099,1.2164031723051767,-4.007499698932427,1.7722345413843448,711.1160856893681,-0.5708238238662003,0.6001126682938187,-3.5234285803842655,0.6098001256639561,321.39846445505657,-0.5316781439596943,0.3462382865974676,-2.4437911503994276,1.319403425548681,181.4681465527158,-3.4583549670838,135.10694807428956,-293.87560999834096,679.977529758174,8546148.039689176,-12.501548951679055,56.01717367259529,-201.49692993383886,81.94579908794924,1552816.8539364634,11.005723650382667,198.83779011826007,-477.417165173162,566.4469377778516,18823465.809297957
one_arm_boxing,nav,11_aug2,0.45364558390277593,1.0054033040097456,-3.9285992278583115,1.8740392349309434,553.0240680043961,-0.4291432952662916,0.5901526773750403,-3.998890737700423,1.0687947668391415,263.28071158126664,-0.5424423623528787,0.3087631697780756,-2.472336087068426,0.7652885384735505,171.42982148334718,6.868105109946907,114.05208910551627,-392.66461729890375,546.8464112458427,5864246.8400044795,-4.554201606573859,43.133110190568736,-147.51170234914133,117.44664660276082,882290.1305843149,-10.572303793707315,181.60679682894397,-309.30434317065914,559.1107854908763,16575104.490831286
one_arm_boxing,nav,12_aug2,0.4293457858606132,0.9920663114624428,-3.9192368992290163,1.926402298120505,537.9688227508657,-0.5111046236664073,0.5841517473771628,-3.905522601089424,1.2301800209277358,282.05200351998946,-0.43289362786605173,0.26986540331577635,-1.648722217217703,0.2898850143800221,137.3031748278371,3.0208773720506508,107.25952454812928,-252.21335136983862,492.65836393720616,5161221.805178704,-19.054371917561102,40.23368754658479,-133.62826053221917,78.27087517150672,1237666.5144916344,-4.51789136761684,187.87739013623036,-344.58618696261055,542.2409474328833,16241233.195823615
one_arm_boxing,nav,13_aug2,0.3060057207250394,1.2234635289558526,-3.9785685220474267,1.9836181032971087,737.9357675352691,-0.4615774073425498,0.7376584734368038,-4.070006310484917,0.8130616579082225,346.1217519792874,-0.5262763538016912,0.37515378826982826,-2.0657789998810263,0.6428240663871717,200.11775757495684,2.270526188237727,147.75017832783118,-518.4397258658247,607.9697179627174,9877848.739089629,-11.369318557979033,41.95336740765946,-174.2411058389546,74.6729246074104,853245.6617491787,7.1616585339467616,214.5367144783028,-449.1662291782176,586.5499506893682,23016563.55267395
one_arm_boxing,nav,14_aug2,0.39972530154925245,1.194135692161281,-4.006085618687871,1.97275035327152,745.8750894870335,-0.4098467024736867,0.7446285949567848,-3.9650940462554343,0.6586597950986431,342.46258230254256,-0.5331570057702172,0.32089636190599746,-2.20799116073589,0.927921714434437,183.44755220593956,5.950948258209256,113.73580424676348,-350.38908896492387,439.20503798733466,6015144.955189976,-11.663886448286952,32.09591587706551,-87.79084684496544,99.37395011986831,500401.58195840806,11.08650315298933,201.61930146923558,-380.5062292462286,623.9218425143908,18801323.849258855
one_arm_boxing,nav,15_aug2,0.4402366222169893,1.0182847716109573,-3.0300161330695183,2.0818120095012205,561.5094554669049,-0.5569162826895775,0.5600604584853731,-2.8334152424011005,0.6006833084568255,283.78017300393157,-0.4229972380881921,0.2855892714377557,-1.4382095818164415,0.4397673463769812,113.1263566679825,4.269949549503244,104.98806264856391,-231.18758723430685,404.90356020157043,5092643.283109851,-12.029255100275472,42.08545252153167,-121.91677266886298,83.97347503960617,1075333.2623524163,5.54697438219739,166.48410088758303,-442.03348148473566,474.37166086172783,13454690.218586734
one_arm_boxing,nav,16_aug2,0.35992325801004477,0.9106881327429915,-2.7442788224158514,1.5416662532608327,451.07778630914106,-0.5434188233445069,0.3827436179801651,-1.8011833038131646,0.14222255337443732,198.48640661391102,-0.49897004883182333,0.23756481687499545,-1.7616467698986746,0.32296693491702566,134.0886780797822,4.091057556227811,117.83184467797784,-305.16097952540076,424.6070018669304,6373618.011951686,-10.561596131229928,43.953300459934006,-129.54332087150772,83.75931364024466,1171974.9396555386,-1.3826415764036055,165.31179421348224,-243.72079487811084,407.94929648506417,14314295.959742226
one_arm_boxing,nav,17_aug2,0.46626921138544997,0.9631112068641076,-3.3245297139816556,2.3410695266874137,529.911838984183,-0.42311010135789257,0.5210562379293014,-3.391005599793456,0.5116351482184862,221.16387511303265,-0.4992455140485142,0.28412097819785015,-1.4407153806992514,0.8401252428874432,170.9179626462211,6.99138666109957,112.15019056958556,-284.7557787613643,551.2625644556094,6142118.4019120615,-13.472745263332353,53.95174974937185,-162.6437007844131,130.1971471687209,1533965.32786779,-10.447331891346636,162.6834630964877,-232.94997478287738,436.85859239651154,13822727.776896488
one_arm_boxing,nav,18_aug2,0.5101105500779639,0.9078263040195591,-2.5101878546762832,1.9849726690690872,499.6460871258326,-0.43758135631223793,0.5212383215106731,-1.9905530041507666,0.6273338452529142,199.9410285239884,-0.4778552033642084,0.24192365655374573,-1.2164327501435346,0.09989808473630823,141.85610838515004,7.218023608395344,109.29185679981812,-221.89802914368673,355.0933667339093,5808284.417023225,-6.556582718896481,39.033841907132256,-92.69280690922582,80.49111194349366,774552.9273085936,-5.674675955281276,165.77989193408763,-366.54180204099976,415.27511963230194,13596491.759445114
one_arm_boxing,nav,19_aug2,0.43698478320051387,1.052512911409278,-3.2988593182605452,1.7146759657756376,603.48563692644,-0.35939260623475816,0.5127141498254568,-3.000279264836666,0.3509300544310664,186.73868529949306,-0.5018034472394481,0.24924026700210308,-1.3271985339484744,-0.023932001780223103,157.0437627700885,-5.0695668411560995,99.47856427937333,-190.64313699562652,269.76374376023676,4625805.569072319,-16.326681142544814,57.37781466056365,-124.84365660073259,96.13053309861192,1602676.259569567,13.991149307227813,180.17840075379374,-374.78541019037084,544.0680114122131,15861809.937740251
one_arm_boxing,nav,20_aug2,0.477182537686831,0.9500206076534168,-2.4575139718897416,1.7515948338150196,530.8504628776319,-0.38310241438051673,0.40555382637611875,-2.3365579991464633,0.25621786747182834,142.46327657947833,-0.5328420805615589,0.2613564655738095,-1.343267750736189,-0.03138873806048864,171.1885380129371,-1.762993824972723,99.71747577903126,-185.02665192592866,267.0260099687691,4773496.2730920445,-17.020709994591968,67.51030362843035,-138.54414262622768,125.19141381065107,2008957.2327628597,17.41186979632494,155.4659725248013,-307.3078299185701,418.5371084945085,10682764.113411712
pull,akshat,1_aug2,-0.28270651976639155,0.675203704964937,-0.978781982647763,1.163219188320776,277.5206752316701,-0.30673100311026574,0.22937538128858076,-1.0358462798407628,0.8640476785956743,65.38868248784318,-0.4941924446506314,0.23334344215788613,-0.9561665362089512,-0.056156828008481985,144.1699831802493,15.795163281486596,40.36951248666743,-36.051751313314384,175.37823612318212,770215.6393426001,10.877444815447069,64.93004010102132,-205.374949995221,147.67253824538523,2255278.6823803587,-1.2386592313348523,54.48676358060539,-149.2896207746201,213.24140027528782,2010675.127816513
pull,akshat,2_aug2,-0.2964851957114282,0.6524384484453732,-1.2471050632566743,0.9269760017113806,243.85365253444587,-0.2810321950118131,0.2724169200336046,-0.9515805237262458,1.0828038671773499,79.31893313643278,-0.6075714203021283,0.2152464055066473,-0.8934402793645695,-0.19397888500072347,184.3670803681421,1.977686730873182,23.353365014507858,-37.38417571828038,97.69882412335521,228789.94939301905,40.091231625713455,47.20984362758614,-41.848720844842425,134.7007015865368,1837653.2797654069,-19.385818672647645,37.89880511571723,-87.82756657818078,168.1216947982071,1345319.239537224
pull,akshat,4_aug2,-0.1477505442801164,0.6852577463186246,-0.8120771996227089,0.8300995370024337,230.62703382426324,-0.28106803183050133,0.32460044546446326,-0.6306983800290049,0.8322978383092874,95.23588531968596,-0.5871776081809935,0.18606014469074778,-0.8404664393330771,-0.2781462499007783,158.49570404144205,2.5735432008197754,18.460679289823005,-65.94595428170729,102.70373344204434,149509.88593909115,21.45719594601038,37.03972547605824,-11.472987947092374,142.3422751096392,802337.6010360467,-19.54684497080525,40.75943210045092,-135.2688591576935,11.962696404822584,410028.07623406005
pull,akshat,5_aug2,0.22965398373525076,0.6451885821063235,-0.9734429479805232,0.7467125789768624,224.26606701103051,-0.20072966668043757,0.3733329933582917,-1.3793451352721913,0.17881904161609904,83.9011756083489,-0.6258385904944618,0.15891796136021472,-1.079797825247557,-0.07165585608642586,209.12230864092757,14.234854582248657,54.98441195857724,-67.9739374781999,269.4647187900707,1516088.050346289,8.694081820680884,54.017777883461164,-148.10997365013034,125.14396383378873,1455462.6145485316,9.795140982149944,68.2301682455837,-123.88391245358062,225.91814189031942,2405338.740867572
pull,akshat,6_aug2,0.3896546256994311,0.554283585549942,-0.89520482106475,0.7969032373062023,217.7374326240896,0.01927306635446413,0.38828010919929357,-0.6863218050165525,0.8450313700112229,71.84070061195183,-0.6444717004933698,0.154658251844667,-1.2380020413147963,-0.31106958394727113,211.75919418967368,1.4679890219135756,23.09245407950473,-46.86818292492728,128.044557882156,190561.63640474528,22.51812818931019,41.87652127750566,-37.45469383667195,156.7506075172104,1029800.8708702718,-19.981795587262727,39.29937719079712,-73.6090723435104,69.20490983228244,-59797.866786522325
pull,akshat,7_aug2,-0.04182190201916187,0.6884967533507358,-1.2093018056836216,0.8727459695444147,221.1329695282451,-0.1553134235942129,0.47098394333830657,-1.4695339944461305,1.1174831227566326,115.42367044950005,-0.5434521756021252,0.23397294533945048,-1.099892469547937,-0.21434874863715125,167.84073547430137,6.759156401456204,39.198522494970156,-93.85386728159405,171.23657752092038,999233.520493234,9.671288042650197,62.69485712724425,-183.549190574062,135.57523878665643,1767567.376753127,3.7842778334058313,75.3989121868044,-114.42254993018648,284.4110846466715,3456685.7030647886
pull,akshat,8_aug2,0.31706000194032974,0.5726075850223823,-0.8483102314596611,0.7242831844410514,228.87981120262202,0.013987912641522448,0.4362722743530281,-0.8885476697993397,0.4988016252384468,103.11406539965687,-0.5654389151384401,0.15020271158141058,-1.0143990288445526,-0.24777683599879485,172.42346217094888,-5.61659310133138,13.697602565563107,-78.59871367959727,36.20238339084945,193196.9260908763,20.905282274290233,34.58729532926327,-10.517480647273546,119.79641466914778,654511.2063205532,-20.967589580055837,39.242059025531084,-143.012264952311,-48.402427416064306,597337.0744721288
pull,akshat,9_aug2,0.2171963420113047,0.6194551926547106,-0.9050594542213,0.8037163855795997,226.06744430680172,-0.08852117245707129,0.4375179530592728,-0.6452308394191258,0.4651723383898577,94.93811467564808,-0.5727057703746136,0.1484012090271906,-0.8971490466906047,-0.15771047805996222,169.29746036879664,-1.434064229900992,14.36856228682579,-77.36032009899307,32.28838910535025,73444.84692796692,20.872328642164007,36.18689812435666,-7.218475876656726,130.96906787929,632697.5894347448,-19.008132256202572,23.451384275312634,-223.07687036069072,0.16627341465639756,979022.5624383246
pull,akshat,10_aug2,0.29896311823308347,0.5804354513067632,-0.8987819043749699,0.7670404979771244,219.30540213256415,-0.059206802152488816,0.37738026691093546,-0.5464723989664878,0.4588411602186081,68.87016242970361,-0.6371460783825176,0.14108601251060346,-0.8954352878805765,-0.17698408517116881,188.80248774134893,-3.1511534663200145,8.29093487403872,-47.911800190409686,39.59308854122234,199888.24800776815,22.30632123662324,32.16288293031443,1.62885295484819,120.04787477773027,994874.0173827909,-18.21231223447298,23.856244910612308,-83.62650712049496,-1.33429163328924,1360910.090150963
pull,akshat,11_aug2,0.2865686253974841,0.5617700504179404,-0.8852915563821115,0.8467467699419405,175.44420129495282,-0.26489941396083316,0.4282438295861372,-0.773758316028952,0.5551298399137434,111.3966236556838,-0.6445210512545572,0.15723896552709482,-0.8480696198077708,-0.0804059401180301,184.57884830695855,-3.5077107359006705,14.6022620749764,-57.72011696349483,69.48916954195823,320896.1807115317,21.424771966468946,28.766853297289313,-4.035564851773859,103.11722038332746,460533.6637088043,-23.382083756083706,39.98679422286138,-159.26572654014163,-35.00529408571174,679560.3628007442
pull,akshat,12_aug2,0.2897267878347749,0.5939189427326912,-0.9064367970767069,0.7858625864545499,205.6657027877319,-0.07102538766813862,0.39793961603522565,-0.6189966834727509,0.7344379117847243,77.61564198553847,-0.6131121150483182,0.18523374549572866,-0.9348859720906738,-0.159353165538621,189.0151363090674,-4.841691852034357,11.184820934819106,-41.794989768229364,39.400183417255825,181031.3368579244,22.520191873377602,29.8869323283007,-24.75098452976937,89.16765297647515,756597.0905208187,-19.58121243065851,27.51542026357381,-96.75982026568389,25.7591807707774,506197.44906897243
pull,akshat,13_aug2,0.2705777370761964,0.6123170687493975,-0.9610775173921556,0.8703663209388666,205.42809709916276,-0.052634040117878,0.4869633235775774,-1.5518615178820543,0.7371971967441046,114.29161959347147,-0.5600907712652189,0.19137900433560623,-0.9440714079696495,-0.14843650908912892,157.11763179283088,13.287051887525019,64.12140645915602,-113.56421156385271,344.29048131122806,1879265.3054322,18.585684528045245,49.303083502306116,-105.94825353524597,131.33530650823653,1244598.7889767797,27.19734657523283,580.0688062583084,-165.85902836491434,12417.927752084375,158990867.54744607
pull,akshat,14_aug2,0.1082729021757793,0.6331734318151093,-1.2859909720635634,0.7747775295919939,175.27990966455926,-0.2954600301342601,0.48008431489884384,-1.3524740816271845,0.5566719331798681,162.60187632266275,-0.5872042587438591,0.18209051478058527,-0.9277941438525985,0.09240035713879827,174.73990917961683,17.423918599287276,56.9827693592536,-114.60708525917019,256.8653921989616,1462828.5573654973,10.320975901576222,50.79983632168975,-112.25568587562387,112.88828729005571,1443180.334948849,8.130891559082988,93.98076235579208,-221.11810014958513,270.7199966553654,3549264.492484357
pull,akshat,15_aug2,0.24526545877238323,0.645473404481744,-1.1513538036864757,0.7827524548586527,202.03511376655769,-0.07478901314175727,0.5355190449838809,-1.3349330043584933,0.915642419815793,134.3464358414173,-0.4773088308588464,0.1911535029069526,-0.985334573057736,0.06936459409378881,138.8763103191947,15.342674605530782,56.37089911330454,-76.54920710113335,309.4528734210107,1679662.0191242057,10.875706088793013,51.13139134253538,-132.304901899004,144.90457967139452,1332537.6340737275,-3.1181961304102686,86.1735903049056,-121.57181085920652,223.44307697719051,3292628.759675527
pull,akshat,16_aug2,0.2130432806582011,0.6271153605449987,-1.1912736347816817,0.809962317347118,190.01962810077603,-0.22721437940037761,0.5426304710315729,-1.809906484783824,0.5870805347763479,148.12317621025255,-0.5864847650251773,0.18784908130885083,-0.878381698291833,-0.05403941674598604,168.276895503499,11.194500250754242,57.62050090600234,-166.09865459085634,263.3882909901708,1601831.0234664227,13.110797178883226,48.68105917182626,-126.83156713829288,131.01962200837184,1319518.3533134847,2.588492426316131,91.96990909430187,-108.04731073676811,391.39735193197237,4821208.26652804
pull,akshat,17_aug2,0.05019360219599697,0.6865341475499127,-1.4254949099799241,0.7747161443910774,213.05886938800526,-0.2044968837126665,0.536396625194732,-2.155541371651683,1.1663063724090654,159.26308304605024,-0.5028946116500203,0.2269829055492517,-0.8258468871132482,0.13825043089052982,128.8636596811079,15.900432108559766,80.8562428411994,-113.16065938810468,396.81781111153765,3247842.1567135914,18.566282751806398,50.290897204152465,-140.8714299737373,140.71235146439187,1194387.9534910966,-1.602391708362659,90.28875250561718,-149.05076067353076,355.0613082331176,3792265.7794172796
pull,akshat,18_aug2,-0.17972321997212537,0.6892770928536366,-0.8515258412926807,0.9963180310506353,237.11141336443623,-0.1940657834444177,0.3085065498467235,-0.4489396376558585,1.1114894154617385,64.19194126178178,-0.6127262785608492,0.24139522242221387,-1.2315919780406241,-0.17203232100820837,199.73458536076484,-4.836506633368815,16.981738247972054,-97.18840021330973,68.39131346325465,46235.82222688946,38.071107640939545,48.58467619311236,-9.241811408658787,175.66656196756043,1847271.6267292907,-17.05027620975294,35.00650805896673,-117.50662970544802,71.59650214268504,363280.4475174781
pull,akshat,19_aug2,-0.016469849295832433,0.7428789635263809,-1.3166790114631717,1.0607504449683036,246.99971196442277,-0.1255424946923859,0.3546712146130706,-1.385678606535235,0.7773643276574204,75.14618607183714,-0.5268766349849526,0.28969868520339487,-1.2319245578844036,0.07227008453976275,183.03860910433696,11.832666352806982,51.588747892558345,-82.71770648083972,276.2525943827891,1380293.8233677114,11.398863339784791,78.6457801558692,-244.33393769178213,164.56450997813377,3305753.755233134,6.259048608879868,75.4983201584446,-98.74335873211656,313.80193638166804,4016672.4128773585
pull,akshat,20_aug2,0.0013432539825816506,0.7409481315919915,-1.1151818084284628,0.9967071696847615,253.32623480693795,-0.1397295014945747,0.4530091839948544,-1.7550685262097203,1.4162001763251684,102.23236059550547,-0.5002718696744414,0.30482689079112246,-1.1363704180626537,0.14319361097451966,169.81604585623091,11.42525205314675,59.11095263266094,-102.26891227087543,272.4784758923594,1481031.6158740132,7.541041995349084,77.70781444971382,-240.29898849490937,144.71043551090108,2811014.5044818087,5.982001325243927,81.22025438435053,-75.56940053982933,324.66359148247784,3111829.153711343
pull,nav,1_aug2,0.23784960659268614,0.546765201333713,-0.9320963555144645,1.299292477300578,152.25617510263245,0.2998017933892793,0.14650337222366144,0.058953733039730026,0.8402395383358437,38.84597932321426,0.7478630504879595,0.14243880049473712,0.4006218457620211,1.2344718400817563,254.5582929432277,1.2942649812474862,38.831602799913846,-177.32669103561196,129.9732244694935,554004.1351388191,-17.41038256480154,43.26322059155692,-170.07933324389836,47.605659173562515,1011708.8680493275,8.223098419934285,23.40819560884423,-172.18668352986484,103.25825436840083,-305757.1843789122
pull,nav,2_aug2,-0.111293037427959,0.5495849109885972,-1.0868535207956072,1.2033177617713735,126.60407575518697,0.27539545367499446,0.15489147833344702,-0.21059720802721357,0.8305471635471297,41.81836212737046,0.8077080390161618,0.20109669957950044,0.4292266041770178,1.4177020635488433,296.4286718977532,-3.7022828898167526,48.760616482610736,-169.6887157679097,192.20048176225538,999506.8493950487,-38.78483707880698,63.60348184382679,-213.61021773774692,44.91603587180744,2094819.8949957434,21.802987688062554,30.793133994927366,-61.334060958826704,204.6931908245396,1502753.9927903442
pull,nav,3_aug2,-0.36475714538189385,0.5485917593279559,-0.9780792385059635,1.1436590235864634,187.84045357539745,0.25521557327984684,0.10805909238181277,-0.20230646085277165,0.7111394308802103,39.35163643754649,0.6968381926828462,0.2066898054769617,0.3331842306155866,1.184420531940065,214.53351114575688,0.0680710090179728,43.260700845012764,-230.0970484718184,109.92624361858937,687079.7866530053,-16.081903933053653,47.07845475281684,-164.0262232246399,74.67798152522728,966456.1065508607,3.198698915666792,36.0325250879974,-103.41435696208342,75.8381400651108,474918.91721947584
pull,nav,4_aug2,-0.3017815180469258,0.5815191343612037,-1.0064807946691616,1.0302462130322732,184.737792123268,0.3342885204408678,0.11254381839102079,0.04053021442177074,0.7345673385247725,55.47527837866744,0.6352651774853202,0.18609787965273542,0.40668268598290136,1.0906225579533255,201.54284399644726,-5.742995768771497,36.848884990832445,-177.1689515749345,63.61429383304264,532707.9060943999,-15.705023749524768,40.479965714152335,-133.07192220229666,56.94322278498268,737931.945018282,4.984595727652216,42.957139581457874,-124.99304063013093,116.17497512202584,838916.2425068537
pull,nav,5_aug2,0.09178652176920551,0.45371118651926595,-0.8806389031640367,1.1182884410307365,79.97628937277673,0.4698312681424981,0.13496489277852797,0.016427068779644748,1.0585226263658445,91.72414424933889,0.7940754082264463,0.12327591962681302,0.37346457288128954,1.20270080180233,280.8889864178088,0.8292746205183844,30.20881034297662,-108.3143696262854,114.90970138311806,379404.4014959896,-15.481512139782154,44.89667647066608,-153.2007721152635,111.83296133859562,944571.1479678113,5.737591572421579,30.27772607870498,-104.10105454391956,169.0770619701476,-20164.980767245055
pull,nav,6_aug2,0.03033921536120184,0.522452186513225,-0.9752382685300195,0.9041509347093867,98.1010833950615,0.47377896150751686,0.18299944065555335,-0.09361455319996748,0.8832120600138849,106.31523944432222,0.7497612901115132,0.18263589967356988,0.30835865782196775,1.3133320085509195,251.2155773779026,-5.915356291700199,36.593300483703224,-208.81476158797255,68.32926927228388,473205.1753911352,-14.332254141076273,51.46344739960226,-204.03519573204014,80.22451724277256,1206047.3245286979,14.265388934706154,41.05442060011848,-129.13472703582656,143.57056768647863,847916.9598821019
pull,nav,7_aug2,-0.24382811314669817,0.6477840535807466,-0.9719627003666041,0.9521302188036355,200.04789188729998,0.33849011371714616,0.13921218514951658,-0.12133216381764068,0.8148040933578369,47.40473863295511,0.6275801354337985,0.22558945437352035,0.3541931392002386,1.350783044623467,179.6243712531885,-0.502415023083274,29.483024331871157,-166.3300400859411,87.17641371714464,252787.97664320032,-18.329782173739165,48.36785364443605,-171.65911950995226,59.1643243869505,1150102.701337762,11.115998902610617,33.388948825018005,18.7680395079228,52.996458155842745,507167.079854297
pull,nav,8_aug2,0.14297046848708334,0.4736760139599712,-0.9586259564597867,1.126092234926531,100.62263568784634,0.3538855555397221,0.1312960501492039,-0.33273063636241296,0.7036178307462649,64.4778654287755,0.8447527644933301,0.10750523265544654,0.41305081290140444,1.022989819919204,263.87644863903745,-1.5980320260048602,36.94261032734318,-149.27756738849814,94.02150876330245,621877.7036639338,-16.967948402678992,40.59421250018714,-131.67281684578634,63.4476366360288,1025751.4377876554,8.689708004110114,25.359795479160987,-71.47870488725863,-0.9295553020519094,1267835.5625030468
pull,nav,9_aug2,0.04375184806762467,0.5632670667644021,-1.1086253550411922,0.9262102503051882,132.4988257785613,0.4221418032751986,0.11649674579617043,0.0445502439350875,0.9806824117755085,90.06323325539552,0.7308210469551665,0.1697633997856382,0.12593591850649902,1.384529055778544,245.4071657219741,-1.4335004258674198,43.471951558633144,-316.63688896893115,81.40976315548647,810486.2299381443,-12.337925709929603,54.369040556413054,-160.46541277737472,107.68410971668357,1527616.7993315374,5.9510017101205595,44.745853756841996,-165.4610050723993,151.5951743527563,932943.1392461541
pull,nav,10_aug2,0.06434406692123446,0.4757855463567753,-0.9959609612754385,0.845104641824667,101.16702901701048,0.3989564802281483,0.11351852218405761,-0.09510271475618329,0.6869838808992577,65.83216557418753,0.7862851036726486,0.17435834599660416,0.2749753454998346,1.3000611748676252,279.4078458572841,-2.2293699455882976,39.73737473584397,-185.72956013550436,91.39843893287076,555544.8808851243,-12.652346916205758,43.36126713718329,-203.78332997903678,40.6523816975228,834124.4880724156,15.209930996631286,32.26146960603004,-69.7662687656604,114.12636155378527,497229.8778070512
pull,nav,11_aug2,-0.0727365290023032,0.5533317879446888,-0.9278011744483581,0.9186789712388133,136.48188755982386,0.3651209143648188,0.2205767365937947,-0.7726771948457407,1.441492018300793,79.7860103000198,0.7256713206591803,0.15241829352162486,0.37903260774654485,1.09955081523231,239.26096613326854,-2.9635046133815055,42.094333741104215,-96.27892579778643,186.87236100281763,719652.9049214998,-7.72447453787604,55.08837340283507,-131.69873218589373,83.63106293106983,1270683.9082492378,-7.721809375105376,42.386131669759955,-41.56526541576065,70.41589222629625,-41103.191059065866
pull,nav,12_aug2,0.13897373634089805,0.4949911739780143,-0.8695210013912811,1.1363951008561501,112.5520374052931,0.39811970065832897,0.17262021001681355,-0.02570807613279915,0.722112559434682,75.17976305533585,0.82134239730146,0.1394355567278459,0.3917267084409279,1.2907507609697262,275.9020479920319,-3.1801062457715608,28.215711394207215,-70.57351247918335,93.25146225370159,142663.87475595585,-14.138132984722091,49.574917584574145,-147.46190403695093,102.85550416767168,1260512.7778140071,6.247435263368326,33.782716570483416,-114.3248308369602,141.91917298691993,925938.7316954109
pull,nav,13_aug2,0.2922634170125786,0.41232270331053256,-0.9052609651259815,0.8362406348944613,122.7003249015895,0.314295813589681,0.1464086126678199,-0.11074408741183882,0.5300019545878392,58.97437328559294,0.7518762583529849,0.11675074513303518,0.4967702924523626,1.0897777200677576,278.4723470747933,2.2119073807932406,24.295026250009915,-139.43915942360778,63.09935693488059,199823.55118756293,-21.02773696552263,38.97215447482846,-164.7236216490272,72.07314364164601,978952.2665742281,7.183551321913985,27.478404289291056,-117.44428202775318,113.34616780603042,1440006.2410537417
pull,nav,14_aug2,-0.08131866262695062,0.5761272914080495,-0.9432145614090727,0.8280482629663383,147.31600627972534,0.3442216985749127,0.1318356114730786,-0.035658051978142175,0.8414490343150629,57.92880066833891,0.7440450373754043,0.15382276915425724,-0.05112528146422651,1.1739049395566874,245.50116209674266,3.0167428465951938,30.653316298571717,-138.48228900263425,108.47464721316258,427262.41384941485,-2.0345035704900707,59.50193251472136,-154.5066559900058,127.96580303361111,1467008.14189517,-4.598955870496213,36.942546383632,-200.4642616464026,56.27557090146953,851316.8792440286
pull,nav,15_aug2,-0.28544117785679035,0.6079344102660209,-1.0279817824130193,1.0627396822408928,188.58169305372743,0.27319443141327654,0.1542016933825971,-0.2124752019118916,0.8087773358122319,51.1408313543064,0.6825634581718103,0.1791596913067158,0.40250387979307517,1.368612105982974,214.42172657949587,-1.3868427339384741,33.771165723477644,-119.10379524991777,95.3551033903338,474573.8100614745,-9.089785235190341,63.250277014290006,-195.8328624855351,106.03059395911163,1567785.2053396956,-4.669767670236034,47.158126634526724,-49.9844861022416,171.96578266890833,469079.79456535034
pull,nav,16_aug2,0.29495523849271227,0.5689760034881199,-1.0202790473212608,1.224222067073521,163.28739392976058,0.3901872902935138,0.19293972537933632,-0.460083641929984,1.3430981923530663,71.43822011494206,0.7185150370761773,0.19648072492914656,0.36038870127931927,1.4766757047322796,243.13167926047475,3.6161533773163246,29.692024959918996,-113.03129750416034,101.31306298298367,357567.1750443046,-13.299540673989192,59.062996002350346,-180.23714547940614,139.25082619760573,1425405.9913872888,1.3779455289355491,42.817448424544104,-153.8145140447304,107.80360678306393,849904.9495015612
pull,nav,17_aug2,0.1605557020893225,0.5113464370983906,-1.480134586036213,0.949051263995992,113.0619422275948,0.2765490566198174,0.18025911155810095,-0.44910048172445494,0.7845491988383467,43.66733758059859,0.8238622087104636,0.16137850971092904,0.4657917446372456,1.2172274537844618,294.49740009602687,-2.5301020095372433,46.811724200265786,-297.2818477517968,119.11655881089982,859732.8397440335,-2.9929783801325183,68.57179660965106,-152.01762678983798,164.06308847626872,2057049.824596457,-7.846458124989235,49.359149742504194,-186.94859361260674,13.510306247886227,281196.12773318845
pull,nav,18_aug2,-0.09599478352783677,0.6135100704836325,-0.8616228772591187,1.2413365609815998,155.64941876981092,0.3187498789686728,0.20136320652043932,-0.8614559627521022,0.7928353518678752,46.95593422009682,0.7209870899038111,0.18680865521052203,0.27006317447377676,1.3781777219418756,236.79720410036825,4.781493634489271,41.30524112820463,-176.86890780764958,171.1065957873596,824710.811585306,-10.240637195163814,57.7906694185146,-176.40885891227583,97.78215776816074,1174853.0494662698,-8.108548688993688,50.02324144227758,-159.12040673462738,104.38333793096915,1165999.8690737318
pull,nav,19_aug2,0.17567447153939236,0.5460988448654692,-1.009454505692169,1.5074174243621412,153.78808105375248,0.4122544023891405,0.15561005067280473,-0.3207680261593929,0.8459179399519784,81.20163796968191,0.7659926300919762,0.14041784791585193,0.3742246440502929,1.467142328406091,239.43360039643906,2.5651469148636887,37.432345760322875,-214.04597000343173,131.14696971204117,644559.1702386417,-15.677421353326183,47.144188283551024,-156.96076870938586,97.23587811222232,1102245.3046817824,11.240262919414898,29.927138403025328,-76.84226133574647,131.5558256782318,250434.6725348615
pull,nav,20_aug2,-0.020245843238834483,0.5978173203674805,-0.9310441513805795,0.8709627298366384,148.23593381935459,0.3409648254801527,0.13318459989547332,-0.037299203415662736,0.6551316081140328,62.448585954686436,0.7851110214379812,0.17893788869142077,0.31664338389746244,1.264732460379176,239.01211541525154,-3.333722299683083,38.82334183773905,-235.97168425665694,75.3639185463956,670836.586595332,-3.432055430622264,61.6005873986771,-155.77779203963664,136.93910092863078,1287199.6303550252,-5.947435206661649,50.1800591782516,-180.00704388018357,73.22970148684709,1371218.6473312113
pull,sai,1_aug2,-0.6171776431016855,0.4440455863113009,-1.0119868331171407,0.6529414613878997,365.7407108395063,-0.47226429355627386,0.14822164523474465,-1.1382375279024235,-0.00010075196267105013,170.65157681795407,-0.4223893167932896,0.21744578762866298,-0.8852228159115568,-0.11193397312317704,144.24141289626726,-3.1212707721464428,39.081169552773815,-252.8627752542833,96.59674486208581,830173.0946757633,-0.4472437140082565,32.66190089710771,-89.4999750873627,106.10308859052367,687534.2815607612,0.7722840566932442,35.59251263629471,-143.05575987864057,16.339162900039895,672253.3243187297
pull,sai,3_aug2,-0.5622607456119837,0.44464764301180615,-1.1000367591795592,1.0995609557463144,354.3282913690757,-0.5746901173108476,0.20016560818862605,-1.2506716648239382,-0.20229732057338845,218.6833762110059,-0.29618830319154255,0.3052078092831064,-1.0600109111831046,0.2428820802196905,104.85674112084713,1.0973511069018143,34.7571307958712,-123.28636451764025,181.20107520201134,847531.3565597286,2.740618916942329,32.69411971165214,-114.07169868500482,87.99973278287712,932767.256851994,2.028535604600188,51.38232908407764,-109.10975904103081,104.60117113370225,1380454.5438742985
pull,sai,4_aug2,-0.6358794818633932,0.45098063744550915,-1.2007026128181497,0.8500481692876932,416.2307544427782,-0.5338405271848898,0.17975143214240236,-1.4401310546349577,-0.0696790524634102,217.05334809588967,-0.22038931662505426,0.24290034354792647,-1.0636452881443847,0.6647203279915005,69.07454048091074,-3.811247336912854,74.74777728842352,-389.4120705109572,255.15115945775906,3735205.301848487,-1.6412631993285223,27.671729694734733,-140.27091655067144,82.02302435743835,644398.4469370103,-9.058104151812504,31.750968491729555,-147.30915315673192,88.1918004386974,1507075.2562812162
pull,sai,6_aug2,-0.5265347956655446,0.41174660301288096,-1.052690302683167,0.9378839949994132,324.25914821320555,-0.6369634676137145,0.18008384433399205,-1.0925094541443068,-0.056525316077327616,254.28468297384578,-0.08729880646499179,0.4051709901699998,-0.9521768944107265,0.7504045978495055,111.71001691900169,6.124479496099264,47.77506016584492,-281.9172692686698,156.26946025571067,1631024.130678426,14.242590136357213,46.90415563893823,-64.41703651250276,155.58323099619037,1541833.6374722994,8.275376888666084,54.14403999887274,-191.21126924057558,96.05213413345986,2235631.7435324546
pull,sai,8_aug2,-0.5717795862667809,0.474051558186982,-1.0090580404926772,0.9506997794601117,380.40967525724324,-0.530742037248532,0.18255973307898002,-1.3034329474316964,-0.15270763453465402,210.19832606053433,-0.23447313092268185,0.2892339936293273,-0.8831273817099305,0.19163083963027874,92.82740677006102,1.086872084611181,37.629099885657396,-114.79064292668207,150.32119429844937,769702.0622902778,7.191936090915849,24.883767559428623,-51.08615278719359,98.80049511330482,493019.6125801221,3.4312209760612236,42.9914812655814,-71.96504560827934,137.66090923251045,1504105.6079593538
pull,sai,9_aug2,-0.6904473246699406,0.38386245517909573,-1.1412802169733356,1.149004748770966,392.3497067669398,-0.5651847102477909,0.18427109758505883,-1.2214357893179084,0.61872841616326,235.7713749001951,-0.23522831656396784,0.27154434546179573,-1.087589306973418,0.37604198368015984,76.33519192717405,1.0297184317430153,55.29209036393881,-243.5241150991088,316.68712305592345,1973355.018174585,8.659133273202208,28.665297645257265,-57.26883099974124,132.90014892662788,706604.9612976385,1.665556993518619,47.85356873409888,-228.57734902892835,187.58894622562048,2470018.4011472873
pull,sai,11_aug2,-0.6345144576823022,0.4479671919067642,-1.2390896943023673,1.060856962202105,409.2498162692522,-0.5003568070191513,0.1909356548954495,-1.2004690411560277,0.7221440492056252,195.71288230612512,-0.2578876302073819,0.24965889477696068,-1.6469501463336336,0.20314177401450934,97.99597424133117,9.949005394148802,39.07125410436474,-170.19377265766198,171.42223745334914,940071.7088593113,5.747506355528809,31.587794421516517,-66.22329091516869,125.88221222838172,597367.7927088117,1.5225962143903418,50.544423022499494,-134.73189270423683,120.13987356947982,1111395.2051213495
pull,sai,13_aug2,-0.6368806485478121,0.4633760822195987,-1.1557458764726007,1.019183116230141,399.26702930256323,-0.5552403286470304,0.18748173400747303,-1.3149074864879946,-0.12828194635931525,207.41165424942676,-0.20947861381538369,0.24453903297549728,-1.097074907727129,0.5292446202806509,72.90984929569446,4.901134197621459,31.320681937077005,-87.3337038347066,146.08101911302512,663763.271152191,7.339544926643479,29.305989483509396,-55.21221829563338,115.46584956684788,776752.5197240025,2.7470465134925917,51.15862055060047,-95.3945859768382,120.97286747389967,2262454.2314293454
pull,sai,15_aug2,-0.636561928336302,0.47320219853432804,-1.1962850508415324,1.196070482745625,386.9498856492145,-0.4915453619749645,0.18949258124547297,-1.2938567557047982,0.03385278166554977,206.36042024798456,-0.32996930782238654,0.30609900710615634,-1.214535968390145,0.06188672733199411,121.70903012439015,4.241315315442303,54.52448942070176,-404.03428256698515,152.7758129815212,2160472.0760399736,6.566876006537887,36.372966790578545,-54.35312526018499,172.89020954078015,891572.523095322,0.9747081522780121,48.59803715241569,-160.04731551257703,171.32742620312894,1231801.4396544164
pull,sai,17_aug2,-0.577950063532235,0.4541606227673076,-1.0934035037352035,0.7119156501721378,353.8414614073669,-0.5679184299509056,0.16666717075394388,-1.263299440918982,-0.23549141188622397,220.10459844259557,-0.2132644900966466,0.2648818803081643,-1.1499428077481937,0.14219552253601014,103.9859842310726,3.81303780002361,38.617510862019344,-186.78447066648658,153.1547501107571,999188.4980867351,6.9035869525471965,28.40534809516462,-51.815512593113624,126.72671621059719,618097.7588773363,2.6883478690724285,44.60537610710886,-129.75979368981393,106.05082373932788,1062795.8104503884
pull,sai,18_aug2,-0.6452235888695429,0.4235016152848055,-1.1650013730650781,1.1262848417719282,412.76738400955816,-0.4987248722689479,0.15161513670947024,-1.277292441003299,-0.08475697708834594,185.58618666908603,-0.3524014633234685,0.2579655140749425,-1.0757524380393517,0.1373213587796795,115.58771187067849,3.2961101241715856,40.22402475201066,-163.03972163331295,199.05459919010065,1129824.8091032533,5.351008824984719,33.41096024040499,-77.64663058513437,131.1316685778107,741510.1160967601,2.505735466494556,42.758363428762095,-142.08245776094074,133.45014159456375,1989521.1192843043
pull,sai,20_aug2,-0.590057691187253,0.4769279774690089,-1.5211400803738555,1.0965070170698552,372.8002723693182,-0.5505015966149744,0.1843771608559361,-1.4239256884091018,-0.01566720795982364,234.9929454658578,-0.28504222060741713,0.2946205067416983,-1.0714913983943466,0.9065233465406503,104.6399880558019,3.1403298469720715,52.15432772186215,-257.4605818331381,321.5323872008504,1782342.2476234587,9.198259798095256,28.971269493874495,-51.81536244873439,129.53694571920246,573580.6993382581,3.431828054211541,47.987573762644615,-126.7021901589389,227.58152823701755,1296399.3254406005
pull,sai,21_aug2,-0.6689261268784985,0.4441574232006367,-1.3283989670484502,0.8027607700195928,448.7992987626244,-0.4394653905114597,0.18829804835381458,-1.6246918655400162,0.005189577511826634,172.3820107205285,-0.243575023623202,0.29964652974296835,-1.6033837822328965,0.22361561371923455,105.04308046383815,0.4144499994235784,43.077148119460176,-231.0787195429461,180.899030436434,1172315.3057948425,5.257846692449831,34.371467642142264,-73.24682568314655,122.707710114111,805031.881399047,1.803316694960577,52.937435356434506,-68.68459309170771,190.41268665522904,1270564.7188671632
pull,sai,23_aug2,-0.6134835316974754,0.46805396190313847,-1.0605415183510172,0.7989614938481577,395.37041451983606,-0.4801963669453094,0.13730168340121865,-1.0653010942472345,-0.1808209585206051,160.89110368997143,-0.3454199649498959,0.25581484988665576,-0.9709883641078201,-0.03948037189958589,125.12311876259933,1.598548923779115,29.157541717576155,-144.9957467950866,96.18004040754857,557215.3278153008,5.580370055713281,33.810538049288,-81.58398048097351,138.63440716458473,780295.749663883,4.976328668561685,46.56382665543254,-110.94041126302398,120.87453061051954,2213781.8895998755
pull,sai,25_aug2,-0.5745114075433293,0.501339128173216,-1.076439444200668,1.2176474498474055,369.952971404973,-0.485103860574264,0.169036831001069,-1.1533709055256314,0.08940647849884222,180.2068893677586,-0.3654895007767935,0.22705524387291257,-1.0537025249157543,-0.08915510652746815,119.0443211086466,2.495980077282603,32.48865601694642,-156.47411192197396,116.89557153950743,621332.9187780055,8.300610178516948,31.527017065999257,-48.26622612599494,122.34125759258474,754505.8077921777,5.209928619331163,53.98666696636924,-102.04413550039038,145.3271138303861,2133853.331039667
pull,sai,27_aug2,-0.624579293969224,0.4707240549718467,-1.368095881117593,1.4745562178763838,400.4501318547686,-0.49423492950120523,0.24921950773403165,-2.0906906957878157,1.2273256022010504,191.674257889428,-0.3265646248188318,0.2868635821383343,-1.1239540983308032,0.6399292073724465,114.59806502283173,2.982389531088417,50.363415050019654,-183.7518092730208,231.3090778361619,1450608.9847879023,8.431281883703443,37.490133576158605,-77.05707007602331,173.47361288325803,1051643.5455758737,2.0766751141098845,63.00271332804632,-174.9492938061683,249.87424332693047,2572336.8725779224
pull,sai,28_aug2,-0.5465293034498768,0.46273246978079136,-1.0482074793205556,0.7825765861108609,370.35012710131025,-0.5242519359083745,0.15402695889713602,-0.9859394028242511,0.006533543286756594,194.72959960795262,-0.37517380647741977,0.2679484394224676,-1.0856038907348475,0.0630819846961606,133.61052850776306,0.7542005490598082,36.507478175020594,-141.73368985603346,168.66854700638805,1043502.5935992484,6.086333918233702,33.421395022133495,-42.62267928304138,119.74166062189556,821307.5543065772,4.170412073693491,44.25113731158896,-93.76638980909098,136.52796240565888,1108612.899023194
pull,sai,29_aug2,-0.6637869714079548,0.4514086294404753,-1.1169951661722615,0.6860496603436996,402.07340060700517,-0.4163454338184263,0.16628719286899488,-1.0401708671387193,-0.10663255295065353,156.12401877100862,-0.4190519104472955,0.1813291130735848,-1.1659397289320867,-0.08233201108865607,134.6165070713643,0.20435538951261323,33.45746047443713,-79.5353319871853,136.41349774496533,693334.4280770195,1.6890846566902018,28.964357591430364,-52.22301215600765,119.57656375295589,582142.8842448563,2.024230522046503,46.21013576951527,-101.78448331690475,139.12578648097772,1485352.6189244098
push,aks,1_aug2,-0.2283446364259924,0.6418044451303794,-0.9160645978323311,0.9314675141427596,204.67287800086405,-0.399948688058877,0.2511898936087755,-1.1507754525630782,0.25498441618669726,105.84437449235298,-0.5056802548649337,0.23595701821709705,-1.042488569550934,-0.02102665222499365,151.05585108030985,-10.432577778660718,36.6124275592591,-112.71014877614681,97.05415296518865,697494.2733625118,12.787329014403447,30.557899675711482,-49.097364448047635,114.93387699833693,444473.70179684274,-4.967919657872258,48.75204108577481,-163.2608830889034,126.0284416417681,1450711.3450191182
push,aks,2_aug2,-0.45211042274083874,0.6598005364165415,-1.080652616610417,0.9294454107071991,295.1880374770404,-0.42551992314433373,0.24442109721302535,-1.0237105626161387,0.3804572911491406,116.58644845906564,-0.3216962283467947,0.25935979465365533,-1.1594878883826056,0.028712468639770256,69.67468386035644,-20.349087000631528,28.632097733546736,-119.82120639755841,57.359669397557845,548233.4177586242,8.473509748458431,42.193591293627094,-59.93931974578196,147.28462980789283,819789.848579005,-9.638314487042315,46.62686710381415,-62.6162095163434,83.07729552820996,1559753.0332258674
push,aks,3_aug2,-0.41503431305211147,0.5560643278416995,-1.1755258394007186,0.4464326996573296,207.34520880232392,-0.5630030531293564,0.17932223634582198,-1.148592406278305,-0.11922392625942967,147.12649763536945,-0.4321565367423215,0.29206248282107894,-0.8455258431553494,-0.020363486255562977,133.22701675392832,-16.89344127865298,37.077377897859705,-174.87594759489286,23.610729195778337,914973.8044425905,10.172872685570907,41.92563028950807,-59.99720513663593,164.48764382407276,889670.2963777801,-19.643145543360433,48.66542473861391,-172.24246893196994,54.945995590938686,1719690.7079796272
push,aks,4_aug2,0.023520055577462888,0.6194887775871942,-0.9491601606988583,0.9465952743900973,173.27913975991902,-0.41078986507570237,0.3960554297750974,-1.1155019580969703,0.751766349777193,157.43818754192148,-0.5118567859619796,0.31513502617805333,-1.1271321954188338,0.11463106182701088,167.479718219886,-11.733441537250267,47.388773617809456,-134.90172217653443,113.56546530306943,992166.9401745789,-2.976021934698263,52.649524406601024,-165.97828055337087,107.63544412871892,1404992.261485743,5.361560747727252,82.21237563883885,-197.74476741492327,191.3101446030289,3863112.3058610214
push,aks,5_aug2,-0.06128874512031682,0.6076077417783879,-1.0755276753091623,1.0117773844597742,204.49575722983158,-0.42895919887029316,0.3282438863376001,-1.3389432678112205,0.5535605061765763,140.76237162700014,-0.5515134803134154,0.3102872488868465,-1.0820214215319408,0.13880872386161847,176.00308915993344,-11.400409142820681,48.651259907865104,-190.01488093611158,109.84465050274828,998530.5156232251,-7.222941894359386,65.19106516275579,-179.71597915297465,170.65336548616173,2157682.0568558974,-2.1429905211649247,64.47380416353114,-205.7265215285083,130.96660529653005,2749035.7709837966
push,aks,6_aug2,-0.16117321345410057,0.6072019578295058,-1.043544829657432,0.8912836006271235,196.25202692908215,-0.42821775160028186,0.29272134583459225,-1.0355142423811394,0.4297725278931495,117.2232933168016,-0.5435370769360791,0.3297040889239869,-1.1438453898938497,0.05463472315198308,187.33310447886336,-1.7075126786609083,46.492304550318195,-181.94846465967856,147.1581988256721,1160622.5751784944,-6.8994640665214355,52.21026122189605,-163.43464507718033,105.34163551760236,1220696.1903873144,-5.909096730039956,69.28145046983866,-161.37924350194848,164.05252520785334,1879621.9904534302
push,aks,7_aug2,0.11624239717313267,0.5093489606661546,-1.2254659596893074,0.8872555945396261,106.0052840587549,-0.3977692964277177,0.29090938719535214,-1.0996074524557067,0.36572297658017494,110.15800579911813,-0.6687358262132505,0.29803526794432195,-1.1280035441517353,0.06878951501057011,252.19535620239805,-17.031324966636365,45.02658036981221,-178.80869179060863,99.06003503479448,895166.240028101,7.710290915135899,34.12240226441103,-63.36035519371747,142.90110002590512,645057.1237073763,-13.002081119886771,64.70137175159279,-149.98290706151792,192.41914165899425,2713532.2747171074
push,aks,8_aug2,0.030095951506322126,0.5527150047025005,-1.0005612944938627,0.8642970500242186,146.40142986283445,-0.39672239140448023,0.2198814946553412,-0.9175712638695349,0.14367997172568608,107.11808999444713,-0.6326666417679088,0.31327115516329446,-0.937081981996006,0.014244832041502689,233.93338160874316,-20.0223795016877,30.181768095915373,-129.54646764965125,60.02950179400468,666786.5007062102,10.575951338144668,28.68216036156535,-23.376991551116856,113.65598965247415,574405.022635805,-11.135458815643762,41.460521122224385,-101.79847019343202,101.45554074776092,962478.494157077
push,aks,9_aug2,0.011892736424207198,0.5476952220640566,-1.0081780318952651,0.9620572399145101,163.9142815879428,-0.4197605197764953,0.21974638194923826,-1.0514921113660674,0.14877304762080631,93.1084481171428,-0.5691513612979244,0.3336650760210537,-0.9798534083097987,0.06055807992012566,223.19621869579854,-18.19886271374297,29.89955065189022,-140.59151830455892,33.35051413960653,433516.6299311748,11.645754230634555,34.21753668130157,-24.824977203064208,120.38313585215452,550397.1037840585,-8.576644976200727,48.351615556574615,-94.71709929370272,110.78176116434037,788427.6281196263
push,aks,10_aug2,-0.0031411477685554805,0.5802636149172337,-0.9180936070874772,0.7239531033685547,155.77225295054683,-0.4145689998820015,0.27493715541204833,-1.3106609898100103,0.3944696919582963,117.11810273559593,-0.6062808452358078,0.3426573978211274,-1.0722640617320245,0.04936651174210861,211.278040698182,-23.264764391781707,35.4787855053263,-153.0327598366759,41.03440429669118,841402.9893074385,4.584948903362816,28.023422727429104,-52.674447665715256,85.14034364881567,458797.6669307751,-13.767396264218773,50.47879685031407,-101.409250380234,36.27820673511804,2042988.9149430906
push,aks,11_aug2,0.04550553821939458,0.5890903659221223,-0.9642225307405194,0.8423131354877893,154.00846324922952,-0.38867672862844566,0.20638134697565488,-1.1474772644363718,-0.03518440488090599,93.99985616347956,-0.6201938604065294,0.3559331652714688,-0.9392807926110224,0.038111651372079614,233.87272536127392,-21.250413340791,26.334992047872532,-102.48076023958846,54.52180868338333,468489.8202691633,7.083034727262255,24.507965853380895,-20.874669389790792,96.65997118657927,458044.5454705991,-11.128964047237254,45.49634830316878,-160.18640059866615,73.45030904753189,1701195.345027123
push,aks,12_aug2,-0.03089220037992247,0.5843573435590965,-1.0298886615161502,0.7459791862317793,159.59492800940296,-0.3892354548561771,0.16854780687713888,-1.0640839472934553,0.02870582750704704,88.52025599275458,-0.6395715333857459,0.3013238300088498,-1.066128041351658,-0.005627363664092343,239.57197232837757,-18.882754079688354,30.164114183720525,-129.11148276626298,69.48495600016071,552820.041397579,9.290650493729878,25.973992254406532,-20.91636484942402,71.69825718172426,251689.44409510502,-8.858420456759966,43.46965112094869,-110.42650420902024,111.17618530830184,1691132.8541721385
push,aks,13_aug2,-0.011750856901546942,0.563021389457173,-0.9860414441142309,0.7089094140375284,164.1889098366224,-0.3825996526813632,0.2202419854640622,-1.0075543666157423,0.1447590248467121,106.18048763628178,-0.5367736173050288,0.35102232011997536,-0.9265003374518542,0.14529440465962346,224.98812200496525,-24.200204374841004,27.124803992951865,-104.9645634307979,37.35919154082204,714902.1557872338,8.81903763169238,21.844575177093855,-19.51494945188588,73.25081167490781,491386.0055531731,-11.763588603919931,48.05259559162775,-118.92211557646742,162.9019475544141,1116009.0817523827
push,aks,14_aug2,0.08701638401133502,0.6057070978161135,-0.9464104199995419,0.8607374818311774,167.82288549587787,-0.3591334469194621,0.25940940387995154,-1.0446264808636727,0.24173849009271964,90.52963186954972,-0.5771631694017676,0.31304882306743353,-0.9008077768390573,0.08786862408852883,219.86147123506018,-26.860026282886828,34.19146863737846,-125.71089025837276,7.826189412250576,727009.5710720407,8.43524119629508,30.440860044499324,-23.912571864095305,109.72982095169243,531535.174814909,-9.404909784099397,48.72311633937485,-137.72119258624684,94.76551363120161,1702748.3640478046
push,aks,15_aug2,0.14012728540664754,0.5111586623684183,-1.0041855384045,0.8416216390249696,137.06202701837432,-0.3913213353272117,0.2629247406052063,-1.1777616660573016,0.26291766164409874,107.64084706062681,-0.6275330461404653,0.260272648785546,-1.0469107395575687,-0.0001466016941328932,241.35442410338254,-19.738724676215746,35.54217523971384,-183.71158675207593,42.328382438005555,777738.1888191984,2.4893736997862277,24.94768447324436,-61.62731606542146,93.71261665961319,309704.1230024678,-14.361373584062607,57.24039979606874,-164.0602058548065,86.1243620465379,2116392.7784985425
push,aks,16_aug2,-0.04164699705311805,0.5320566087860983,-0.9624832155650916,0.7702038595271244,147.35656620015638,-0.42164712338592153,0.2505126267705949,-1.1949262537615999,0.1704991542105117,103.33446050072625,-0.6238490087990747,0.3083757577358073,-1.0897250785062023,-0.024338111294564917,236.75696403298235,-16.24104747313817,47.53330145993884,-139.78794802413665,156.2447394695803,1142645.0575867838,-3.218155123984893,43.635767082607764,-166.44148693993841,89.32231737698568,781359.3765847133,-7.643183236113618,52.269518239227004,-101.6057872216933,134.07813857755795,1027428.6005957045
push,aks,17_aug2,0.08095609200091371,0.5551515203245302,-1.038797200563027,0.7718776313256049,142.1138022184006,-0.2907135235465222,0.17900496918029538,-0.7104000504295257,0.43140563105357643,60.99136959085409,-0.6820271646104712,0.30196023120853466,-1.0049611328236407,0.03438060657065883,270.19189110753166,-15.892717652478773,30.30878272245502,-149.32956628597356,24.348275588637343,552134.5944525303,15.298324267951791,36.68228201231515,-36.98615359784133,99.23987444371939,663228.5352026334,-10.65077208062472,31.837761297412072,-154.75059120653776,116.47274844607323,28458.89253679628
push,aks,18_aug2,0.06024425780452363,0.647878492025903,-0.9390699413849077,0.9866317520489644,192.30112813412893,-0.2098714350373021,0.32379437953782997,-0.7151905641558861,0.5929765457325262,79.4082193949395,-0.6196422550087466,0.29836290161338175,-1.1282239479015013,0.004269039293124388,223.62081244682744,-22.93552321464531,29.619196139584997,-113.82662956972946,31.50896008807139,593740.7268456882,11.407918090832105,57.31587125824255,-136.07824549588094,152.35796314632233,1606870.25042992,-10.171440120134616,43.1323046251902,-62.24204618891585,118.46010513696511,1524648.9052336845
push,aks,19_aug2,0.026120850630608324,0.5628906866592065,-1.0514177870453847,0.9283198931729243,154.7390263950237,-0.19870498202493178,0.2910685850589081,-0.8724466641904605,0.4979421491715098,61.218769347726706,-0.6769618974803796,0.2848907106680094,-1.070660439666175,-0.028623782292219242,264.0193044314343,-19.91106938515535,27.75645049420625,-91.89625629313588,91.19654955830855,543050.2079892475,9.669232890683897,31.087082831481034,-57.43397235824516,80.89991792928745,721683.1056323408,-9.574925448300549,39.929535406648476,-58.12300583910523,106.45759323914963,475971.4886001302
push,aks,20_aug2,0.032488838797219026,0.5933956116384509,-0.9347679954965142,1.059086575187969,169.65246528680836,-0.22956088708566671,0.2624908445741299,-0.8282063221826772,0.49050447892088056,56.72977567263435,-0.6100800500183887,0.30567851531350154,-1.1424688603854183,-0.12520821387195777,240.2701004335421,-22.607622819510013,30.311527369311346,-140.57761765763948,38.068970762553484,865102.8760579594,10.043686248170932,48.72733037912948,-93.0110320265886,175.23376859613228,1253885.385783488,-8.554070714868628,50.2174681179193,-82.49910280339236,117.5523454189724,1472360.055110205
push,akshat,1_aug2,-0.2072440535047275,0.6122720471199499,-0.9301257628335917,0.9141290019010514,203.44013034339707,-0.4244775170101017,0.25068968850824364,-1.066110843954898,0.2507184671768081,117.89362446077342,-0.47658884596225254,0.22681516728089013,-1.0112307894006989,-0.06738757739924525,159.3838169376166,-9.34410702989573,33.90375777574265,-105.58826689077448,90.27220903186502,544634.991897133,12.301629055372924,28.851282510418617,-48.00967766058448,117.45224856231631,605701.095536812,-5.961646182776024,49.834231298067955,-138.4164326042789,171.06512233258738,663366.1131860331
push,akshat,2_aug2,-0.42940572031630975,0.6563502467441357,-1.0359869229007928,0.9365780826032203,290.59447943822823,-0.42128563873560276,0.24244098922643315,-0.9963738246698928,0.46961987762956536,112.58333066692711,-0.3159290993231586,0.24456037105380113,-1.1916613038635093,0.06793392711325472,77.2854983689323,-21.74828479756582,28.97096982761357,-121.72513271993986,49.83207329715134,474876.4060073185,9.953974580774588,40.00429018792243,-62.05523983811042,145.9714049912836,916342.7552790552,-9.190365097289517,48.38346526469998,-193.95584312968538,85.03993658778707,-88721.33280246798
push,akshat,3_aug2,-0.43082514986373843,0.5425788353618435,-1.1180270991771095,0.4475776915901755,226.00532713307774,-0.5153095560798111,0.14717986247113285,-1.2469977914288835,-0.14692107618542993,146.267925813944,-0.42853246462778777,0.2872635396279466,-0.8721437291375019,-0.036338601555174536,129.84641903647034,-15.35116735995308,38.52757605094694,-172.91988284027263,36.28074646109427,820911.163142762,10.841238647723266,39.40337821567524,-58.78983475117617,159.7994225764176,813895.0513819363,-18.42535859595997,50.32951624789809,-202.091694972398,47.293455727895996,1825193.2244601883
push,akshat,4_aug2,0.04031003794226418,0.6049396788019817,-1.0123164757256389,0.9328278564005358,176.74700253417703,-0.4007707384642501,0.3867386413072761,-1.1834064729462168,0.7646424341471312,156.4045410515706,-0.5245597724433103,0.29802867326307403,-1.165644264181626,0.11620047599166494,157.20390751792098,-10.588328987546852,48.613967833219554,-141.8308662596392,115.11435382336083,1097198.4098916005,-3.732632182800292,51.91818168286741,-166.7609971375484,105.17316056062428,1397160.4949066956,4.18895201887985,85.24086478664067,-145.76772154001995,188.7259202559568,4066888.363894793
push,akshat,5_aug2,-0.0721483212573573,0.6251187556206647,-1.08192360386701,0.8926230222627141,174.78458084495847,-0.4491668361895088,0.3309138278137871,-1.2706689804954967,0.5628723518535936,135.73458601257366,-0.5421670847522843,0.3143316973063057,-1.1100604936941025,0.16264118504261532,178.0837880746316,-10.864775527843248,49.617440273425395,-192.00398309719193,105.18625384079947,1112814.9269110146,-7.17039866078107,67.73533832223615,-175.788536752477,166.32107519892975,2013284.3297333778,-2.323840051932522,64.25674928646939,-202.47240146418685,107.8176039103482,2608096.415510302
push,akshat,6_aug2,-0.10182486187155781,0.6377428169821473,-1.02301280960149,0.8979254756916732,186.1666196844373,-0.42976797186158316,0.31351780325954426,-1.0541271552806737,0.4126478561453389,121.51246506596122,-0.5020419377732968,0.32447057169811894,-1.1591706459256816,0.04905093413797602,183.8318803819447,-2.2318588774640573,45.8594135214154,-184.9064824563544,146.13058134268522,1046800.0814641988,-6.730881317731718,51.54797411157453,-155.04769055997767,106.94607071688135,1259808.1202367549,-5.590433404043971,63.77242213839842,-142.95667890037822,167.74191196806578,1796966.4224673132
push,akshat,7_aug2,0.10043090980671025,0.500230802373758,-1.291433414769074,0.9620264605903941,133.82668533989593,-0.37801329105152837,0.2805418165883988,-1.0545019977908003,0.3688085135935741,111.38088473766254,-0.6466376219037369,0.28948943146715433,-1.0654760199772908,0.023543514631404507,249.4596955878187,-17.564184260323316,45.23942144618075,-171.51902728127078,78.04372375136322,1114725.3914936478,7.672755845741468,36.0979942258269,-74.79340335905954,136.8807264786966,545155.7660793212,-13.767672528174845,70.8282936218156,-207.55061088206796,112.44083817911336,3164372.7461653547
push,akshat,8_aug2,0.06507217199249044,0.5653610486888292,-1.002358682957476,0.8833941440175276,130.32819662530076,-0.42796325875335667,0.21261550311574356,-0.9515655341063152,0.18194889008241608,102.77571111341136,-0.6488380486655454,0.30184087592219483,-0.9546258255044295,-0.03954564809280335,234.63866877714716,-18.705793851793107,35.29743408017789,-135.6401637356413,49.66958615910428,557059.5481573978,10.435509338869878,26.539969404138475,-21.362718233692235,113.67389621478165,384651.64593295974,-10.38047369488776,48.605991425868766,-131.0386407610702,77.17643309667451,2617983.007941508
push,akshat,9_aug2,0.009380495989859204,0.5690470763468023,-0.8900391996465765,0.9507816652573137,156.2265800701314,-0.4270747887260944,0.20233761127452055,-1.1228710897393641,0.1878111908408903,99.83275768861526,-0.565300616405281,0.3515139978769662,-0.9972133139503104,0.12121830035999007,221.22732705155528,-17.90552210130391,31.191759844318025,-150.48616483625918,39.630894208644044,365984.30459591874,12.934892942139875,31.09983831895208,-29.69323577881414,120.9765504175983,538675.1961799129,-7.257468975720226,44.27139682186569,-192.73347863599605,172.3903774482954,1069637.6903946402
push,akshat,10_aug2,0.0034842791853532014,0.5692974507341437,-0.9671710243856909,0.7579222782303917,152.77287522689008,-0.39816691598042125,0.26774615835518767,-1.265561462768689,0.41759922986928827,109.86469285084632,-0.578698988013407,0.3250382559244881,-1.0960300347903096,0.07173907648441992,219.5070496200386,-24.908828931375968,35.03824364309357,-160.11297499566638,25.797066498817898,878702.2795457566,4.213453240041972,25.96083106780446,-53.472377848719795,79.08953654819983,387309.1164225702,-15.168093624760298,47.95054515022883,-158.51539269896148,106.73652637682534,504489.1699024461
push,akshat,11_aug2,0.016468643946440282,0.5680132745239561,-0.9814510961302044,0.761189893452617,166.06372276224556,-0.3409169994977052,0.18964267607344723,-1.0618112095753585,-0.012729654437033777,89.30519429830278,-0.5568109414005338,0.33876596583373225,-1.0326806298377342,0.05588046662249152,239.30294868768988,-22.168598839834747,25.81068770543655,-121.24410081623742,60.202115804233145,620568.212001773,8.230188726461998,25.96738027472022,-6.909307531753365,97.5630922366438,448761.72792047006,-10.821863826871105,50.32138807480983,-124.1335713490489,172.58403155074114,1968006.6975057153
push,akshat,12_aug2,0.031800041091382236,0.5797959730786364,-1.0127972272609858,0.7487960242128532,166.40546681567443,-0.37703318616176557,0.17696631141267075,-1.0896874909942842,0.008880065207270915,83.51572537611017,-0.6778410655609988,0.3048304073201768,-1.0535750920636942,-3.319595259935679e-05,238.56240691113896,-20.095131985984032,30.154375012298868,-132.40283539827627,55.4196350268085,507820.9532474382,10.571366725822429,24.85366984101357,-22.654284824017918,76.85915314395223,458215.03218641557,-8.76866016182748,42.03437251499386,-143.73706489828763,144.21495577881294,986473.6235010433
push,akshat,13_aug2,-0.025721324615658687,0.5380581954849217,-1.0043291217178512,0.6979087983193314,144.99784887749553,-0.4039177498677798,0.21977780517346449,-0.9651776270388838,0.1747203320183306,103.04415723178363,-0.6325296832747648,0.34800855435482286,-0.9851131092724602,0.12838936674875454,223.68131108383247,-24.701815809197438,27.490686748619957,-91.03357810513816,38.78112951544901,739850.287693734,8.839009464473305,23.5464312762362,-20.497876500145594,69.40917339189481,111637.0076641808,-11.556628606805546,44.271555300993896,-87.63261036673835,22.10610549767543,110964.90079880948
push,akshat,14_aug2,0.0962424174972521,0.6079018505978846,-0.9228160236971298,0.9105709266466849,177.7016537474717,-0.396719246069501,0.25146784252478194,-1.090916975886537,0.26530407353980573,94.57199682778283,-0.5820988111791503,0.31148520548622916,-0.9622205410651833,0.033281384113471355,215.84992171640005,-26.954668038668405,34.20447898141829,-131.57362280130462,32.278842416768335,885653.6275611559,7.5411634581372295,30.91256905090311,-17.30668210844314,114.4472171094968,503352.18455692194,-10.117945844832567,46.9948973168738,-159.99211376452266,123.29889873196005,1211202.62540194
push,akshat,15_aug2,0.20231166629006195,0.5282519850399875,-1.031546795884226,0.8547944421551398,144.36825092243404,-0.39131076247307817,0.26081431302163316,-1.2496617430354537,0.2458141896807225,99.85755687919217,-0.6914580485409977,0.2603277199801938,-1.0841870940364016,-0.04070247721628674,248.2849699978624,-19.081680666659445,37.532837184671685,-172.27810359847194,55.97925450711504,805974.7178360608,2.6535182986207966,26.821225545846886,-60.2294918630509,92.93548759865757,142923.8239523214,-14.14139600059749,59.34618009635491,-164.5037678527866,159.7302083770127,1348382.1166269758
push,akshat,16_aug2,-0.011760572461770327,0.5247861132399393,-0.9350335995041964,0.7007102106098859,134.00641275605653,-0.39504164256625257,0.23888808173888718,-1.3690405349428059,0.13997957618751974,102.25896544703008,-0.6453400672812579,0.31407563645079795,-1.0715061804871948,-0.02407408482930097,235.20107578868107,-17.520585493037025,46.48740349094473,-138.1817806859362,146.1566312211655,1198094.253368685,-3.083650274299333,46.95170240075704,-179.78937180139243,96.35319318468632,951350.5312146933,-6.235362683225314,51.81487148003366,-146.5543034485273,156.67618998435879,986862.7042782134
push,akshat,17_aug2,0.09115284921330749,0.5632860239065705,-1.0164600887879693,0.7696898851140621,138.62274737996586,-0.30846350470596884,0.1912694855958617,-0.7524782974220162,0.41149233820649656,60.95786265660183,-0.6988799113376261,0.2981235722229132,-1.0219609237722354,0.07846836285307222,273.2144731510185,-15.250253687147154,33.51984338258996,-166.19517100994454,31.795526463976078,618454.1184782434,16.236529387903563,33.61123852933107,-25.205269722674604,104.74024195953328,648468.7207937366,-9.534758011833441,34.36130079413153,-85.64352476721271,90.03486768504104,78420.1278487338
push,akshat,18_aug2,0.0357729742539214,0.6234312280976193,-0.9851098590004009,0.9675803648363718,190.158386508745,-0.2259181149453348,0.29981827021772955,-0.7629173095104642,0.6118303386450833,65.80882474700952,-0.6234125357703045,0.294611743674352,-1.1256350451306276,-0.04089173797278763,226.0090450585315,-22.1449541133788,29.531804860403774,-106.8183552680786,28.590579658956358,611816.4272391383,10.873784525061557,56.32739116593978,-130.094520115353,153.81666588418966,1647226.680372631,-10.618898593695285,39.16621116113579,-116.04117954420838,112.57233290944308,1452016.309034781
push,akshat,19_aug2,0.03207186856199952,0.5519471613307518,-1.0998059696525073,0.923547536441939,163.58100717099575,-0.18415054434393704,0.2930515440585523,-0.8732349718974817,0.48190156784540117,51.52050419151824,-0.6774759288543148,0.2785036944520523,-1.1419868559265134,-0.10752421792378929,268.532892513257,-20.00805213932293,27.768980302843083,-98.46498123156783,86.06041616255526,689945.2116366951,8.960102143453794,31.407735022752952,-53.893778772072395,89.73921070946248,595481.4733262648,-9.613418963629947,38.62483728423059,-98.16567615459849,89.67713514881574,901834.036228271
push,akshat,20_aug2,0.007970867268112629,0.6161326763190612,-0.9064068278064231,1.0499385648350703,174.12236623197055,-0.2329965812403216,0.2696714726342406,-0.8910369887264378,0.5113673174605207,61.72473019914229,-0.6936624112598152,0.3149496768513885,-1.1832661265259181,-0.06794769499016151,248.59146319069404,-21.77521513005121,30.350658137611063,-134.3883190924707,47.79045656837584,711996.8706316696,11.66718054707822,48.2053812146065,-87.08525082198112,174.63882138649805,1164152.68120649,-9.397634697151823,48.91909572189814,-102.48402965487875,126.06292166960174,106287.64785643818
push,jon,1_aug2,-0.4200465000613952,0.6943061806812575,-1.152468652186559,1.1409791134816512,311.4495531533128,-0.10657772295249343,0.2843327714579237,-1.0225068327681983,0.5039152742253747,43.92355581832144,-0.47090779162033974,0.2835343957528797,-1.370857565283702,-0.08093326224512228,146.71707154244643,-11.69302063685667,41.182533618589254,-110.83764427311405,97.69355549778851,907155.6264628831,7.504711872549647,84.49115756412087,-187.17839725042336,220.3652974555309,3277350.0789473276,5.61309400785845,73.24903910467582,-191.888462521761,208.667754670089,2673886.1638274733
push,jon,2_aug2,-0.11857273743531428,0.680238521568178,-1.3955154850173992,1.1204389288545333,227.49898366277858,-0.24797524460797624,0.3519498053938059,-2.0713350260674726,0.9182297750601717,77.84413752695714,-0.5695214904756974,0.3419586755159194,-1.1494938955617937,0.2408515168359688,211.2326860037658,3.8268154334888385,91.66987179823956,-422.2966935672163,208.32930363050363,3948243.899737508,18.199477905729665,76.68954291416375,-171.00130157190156,228.2278061353458,2997743.0251308037,2.852212460226497,101.60922858875412,-151.81814594793371,368.6537768536984,5236738.273388035
push,jon,3_aug2,-0.21977018546275529,0.6795695507121298,-1.1451753652278134,1.105719252892163,260.23957999476096,-0.22062989660275295,0.36333457816022774,-2.057462356008901,0.5239174979572759,92.40044620349701,-0.5670755845748519,0.32612167672350556,-1.6055800163027623,-0.03193734665723776,194.27269789955344,-9.703749901708232,57.40107938106622,-185.49756501941934,296.2809486240944,1544119.5073000337,16.420433834376254,78.83261037213282,-236.23273819714612,215.90118786786877,2914359.2059967956,7.552525348170802,88.29532640044103,-125.09528607167002,187.38262194115373,4354472.313243728
push,jon,4_aug2,-0.14524147637107707,0.6581667973321746,-1.0235509096573476,1.0558202764608515,219.42143528055448,-0.22713664382823243,0.3428479577807223,-1.4188136307109773,0.7393268789963591,74.6946433293389,-0.6453068183527698,0.3025982490459413,-1.0930075734852036,0.021055107413993204,230.43258208205685,-0.0822242731623713,70.90232254268597,-233.02570347047123,316.3305015463254,2307388.615498385,7.444151352495529,81.97581660652278,-151.91124079834188,255.65160127354778,3551839.408006795,4.275894514127872,92.00896257608933,-132.99698244350546,273.72996336946636,2525419.9478026563
push,jon,5_aug2,-0.2235462067995029,0.6202006493238025,-1.3119271779065227,1.0075285544181687,191.1077258218909,-0.36221852332999027,0.3104972146661892,-1.482999727911952,0.4163830553631568,101.8821722839837,-0.6210172744076453,0.30042578937502845,-1.4443022771101108,0.056728342160670506,204.10104844081604,7.819944751510409,71.09684878546031,-218.93786813128347,280.3440665112908,2332366.258902091,12.446619015479703,73.91112968943416,-243.38153100981955,193.25842911614785,2569853.737154929,-3.8877117764459976,102.33784234453213,-173.1044064474587,285.68093726655155,5143701.3118381975
push,jon,6_aug2,-0.2458036334089154,0.7319681128191051,-1.0262541250114974,1.1681536794660592,263.53995944001633,-0.2363983719281892,0.25151603808397033,-1.3729612700856633,0.11655419132962981,62.84470647050403,-0.5495466467292821,0.26045301531730264,-1.1024655100439837,-0.20691822801674142,180.59224555134782,-5.08719408609468,41.5802747788576,-146.6034739235852,106.90734468232844,684732.0972366962,5.928797607906091,68.61708260007592,-110.5431013286395,231.11179913469812,2274056.2999312733,3.9506524228981705,73.28954980557103,-174.82129833267976,288.56258522969927,3471648.7515303874
push,jon,7_aug2,-0.20302643398058673,0.6591417859969757,-2.221003757542745,1.066073122327975,251.49347313762723,-0.19472028862244423,0.33855724157270184,-1.4866330123723883,1.1179437099490905,80.36314151194807,-0.6084475943583338,0.4082554769585735,-1.6341911407680536,0.40063486615170263,244.86955776718543,1.72086125935498,53.393946598547906,-158.55438891263063,201.10976842007938,1440126.7604742588,5.125345220892718,101.84680955929582,-242.48543005295636,410.14815188239794,5019590.32351265,-4.841902829838992,107.8451861600561,-420.15472886189264,235.6956247285517,5180298.315190388
push,jon,8_aug2,-0.15625053056656266,0.6859491780015319,-1.2701391062548302,1.1975672007678777,225.97245474281235,-0.278421584908698,0.32002974272078133,-1.5746653414026803,0.5512824217275175,80.06307380065255,-0.6043744938496912,0.3231912976901811,-1.1751326831331212,-0.002903095719969627,214.2280676742585,1.3107805943588748,66.75440693182496,-256.60532002164575,166.92943077519615,2069960.193976838,14.53836885838431,79.03850831810274,-140.6488276247873,223.46031329558184,2658800.0104266126,5.601624294519884,94.13797950937693,-151.40477494023602,291.4135878985433,4972777.406812262
push,jon,9_aug2,-0.42454629767456886,0.7004157126426708,-2.3747603705960216,1.215826734642324,317.0483447209726,-0.2787612687877983,0.3682787702438405,-1.7971725012394515,1.7092364899907666,88.61491157432191,-0.4234479889753303,0.33209899759819295,-1.8013189755883254,0.6801889880609115,143.17954357921704,4.402211497277363,54.228935144036946,-204.1797946405444,189.60418297273392,1411636.8935653418,22.850109877165558,79.2255773791247,-93.21036802357538,378.5310472698102,3237887.0761099635,-0.21938096197503001,98.36300257548955,-321.6362596328996,306.4662322453182,4460552.162104848
push,jon,10_aug2,-0.22012485284561772,0.6934092864400754,-1.6659398590824683,1.642212462407929,241.22470340786703,-0.27736787857126183,0.4236620768180375,-2.627056697834173,0.7111224487008212,116.41556437409184,-0.5911010398446771,0.4072895338282986,-2.140844971560945,0.4317561550545899,240.0738841464372,-6.221943011624916,90.41772887772402,-275.79190384626935,380.9690202324769,3847702.894373557,6.749288017241695,93.9946324698569,-302.3418329366133,366.4336301946547,4348466.375329183,8.199116077151475,105.76725257735342,-269.0707674860609,277.91106666547995,6109989.926580686
push,jon,11_aug2,-0.12404438543152828,0.6361428610643322,-1.239691172698729,1.0592432427246752,187.02804487947498,-0.24971339495315908,0.2935726960170502,-1.412155938524172,0.24456423605758185,70.24099273584623,-0.6920019799665947,0.27123988549621214,-1.2203199298498597,-0.05140966341830334,249.89400723334776,0.6926706573990611,57.216310807006835,-127.80717250087383,222.79237376267,1644894.1857067049,10.521435937807171,67.98885289730094,-186.52499238565503,195.71417777205272,2281436.642569419,8.934319415839017,88.72975019343839,-162.0263869490763,263.7093029306736,4396155.3419018295
push,jon,12_aug2,-0.09763211458151612,0.6972327289566589,-1.3056585200374142,1.0144077928009478,224.02401269059547,-0.1801717298259298,0.3435118696528673,-1.5703724079172412,0.8454959847661523,61.552932374732826,-0.6262810190970727,0.33186793329622116,-1.7264907020207492,0.5411980884101144,251.22163447267295,-3.396154486841691,62.03473635589512,-220.4264769588596,205.93049720748147,1915174.381698472,12.620973058998807,92.49776882105138,-117.72043716130354,397.9431356631116,4177000.692600509,7.914795878552153,88.67814188269676,-245.31550546294426,236.41794347178975,2861347.3471264946
push,jon,13_aug2,-0.12185150887392972,0.7045202411678054,-1.1993594235867429,1.2302183688879502,241.1739490987593,-0.14555413910432488,0.34337314357115173,-1.7190712763925475,0.5553092248815356,64.13265966675374,-0.6244911830913241,0.3432679371622402,-1.109907039576118,0.24255722845272648,207.6779947404244,-0.4679711839415621,82.52829464618237,-338.14520773078664,296.67816656217974,3260800.214622154,22.969301440136306,74.03471867241464,-198.0099732375815,206.44244867346862,2812278.986727694,10.835391832862898,97.40713464543084,-88.58877315352359,443.29747996775194,4793494.161313582
push,jon,14_aug2,-0.10462266756688056,0.7090701231530926,-1.2598670833491163,1.204405021805721,238.78162895140892,-0.20472260651090987,0.34044934152417683,-1.9975187103944452,0.2034003307602568,73.86650932593602,-0.6544223423050305,0.30778857342488153,-1.4058386174438104,-0.1393282028885846,208.63033919410685,3.0960077917961124,66.57501770836824,-187.92898766914183,252.05005743467348,2134296.1420844323,5.562871407809684,81.07956202837137,-233.2866932794594,213.29080221769334,3187199.7176703745,2.2404224984174657,94.82546262618257,-229.24852766305918,335.4463088636249,4848516.4681103695
push,jon,15_aug2,-0.24856591951551724,0.6966984599582953,-1.2364174376513761,1.1673622739184175,251.52770222442496,-0.1991513777126227,0.29948987515853576,-1.7704121761754172,0.3993176434340557,72.27948029453944,-0.5239776041909631,0.3185012014661951,-1.4147233729230968,-0.06649634478099893,210.9438970014793,-6.10220055794752,50.76999805865808,-175.6650379165568,141.34166620751742,1297580.575343485,8.2289981668231,88.15055509899095,-206.3209748174318,269.2010354848535,3901260.9957193327,11.455740725628221,98.39075022633966,-235.3078852115081,339.06733314066076,4510197.699000113
push,jon,16_aug2,-0.1851885088762744,0.6404759933720484,-1.030111644551479,1.1589665298854057,201.6659332059336,-0.31926419374498705,0.3857352836079011,-2.904507839190722,0.9683355116640653,114.00345781960156,-0.5499035588090677,0.34597805739787146,-1.4349092024884873,0.3726187732318507,224.08129015049386,3.12219031083369,85.7115132265571,-332.6484296618232,424.58731341774046,3358823.801008849,13.949848384011212,77.90885346797077,-160.62025232304748,260.6868768058463,2715548.290923725,3.321058767884697,96.31110171105475,-166.52021902939777,326.0010325551935,3544615.6674356833
push,jon,17_aug2,-0.09255379042577054,0.6064693947763499,-1.2757640965758974,0.8120293399550201,184.44578749230996,-0.33109509538744286,0.31960943609792924,-1.8921356916712162,0.2042389121084295,104.10075478394769,-0.6053545664002676,0.2579219409699098,-1.0932430981201593,-0.21645896817541896,233.32927156269722,6.090136192043717,69.75020904248204,-211.28375699410321,197.88681944393048,2341454.2214092063,1.2086906999984515,58.08334479397037,-159.3130483708863,186.31159079530784,1718711.616990498,-1.7937550256543733,117.98832840933822,-268.4410094150407,364.78681184562373,6570016.330930297
push,jon,18_aug2,-0.2447201182681153,0.6448705482809898,-1.179742809515898,0.9383360882871419,228.28845048795796,-0.3611402930569132,0.35584767330588996,-1.463064311970333,0.38140560861142986,118.62055666108549,-0.5513738515995235,0.32291519169896005,-1.4822702273335966,0.21832978876843906,200.28283990817545,2.3597373796999186,52.07087952675905,-153.0878314902263,210.40603953946734,1280913.983354312,-0.023816927747566607,79.92333822321052,-235.82045567296922,241.48535565134227,2947229.0859434023,-2.2613539308429638,112.37474857498405,-326.8332198689849,289.676093984599,6647662.588140874
push,jon,19_aug2,-0.013792779653622793,0.6054929821370922,-1.1493198206998856,0.786064026730226,161.06393723555226,-0.31641369368861705,0.3821205839793581,-1.855555610950023,0.2719798454923519,111.94020879864593,-0.6817633106730447,0.27149800649633715,-1.5049050991417936,-0.17874735494996238,243.53685305166678,-6.496334918759279,78.95912988250608,-259.10427156028186,197.02771342853478,2916706.6673370143,2.0216048634634243,73.742414722443,-194.53268698994145,212.81105612701472,2321211.1659275563,-0.10641684715923028,108.14142901432682,-216.86135007769275,284.9903069269341,5663848.711902843
push,jon,20_aug2,-0.19967411703680188,0.6421731515253306,-1.2454085384341302,0.6803978639853,204.13151374466585,-0.3410377290279022,0.3630071515662335,-1.7193734518355726,0.2683483810620019,120.51178791432348,-0.6061005947939078,0.28380536611004986,-1.3018683859060631,-0.12980126658692331,215.63699322579643,-0.1017850349943398,91.71643900972319,-271.94712508700803,343.0452239431567,3961592.1697596423,4.847128783882628,61.56198776751515,-159.9139276943227,194.1387734719192,1678928.9638331367,3.776338521348066,111.30400990157602,-278.69721382233877,253.52250382990417,7379656.0718071675
push,nav,1_aug2,-0.22756727619856396,0.6249433823064122,-0.9276136039871449,0.778922414775709,181.62415011938992,0.40520144756110477,0.15130631206867542,-0.05875529440342483,1.264995745519411,71.28551854702893,0.6031318338868854,0.19748092831811298,0.30266636912496236,1.1301454322587392,163.08996179028952,-4.4614846540188156,19.493508878770797,-75.14431841737601,45.74657823449938,355356.73001393856,-7.632355019546379,35.91690576039182,-155.93395677434452,54.54705299805419,671495.7185832476,11.856980026638613,44.51075388922733,-110.84197646547821,193.47358173484767,584109.893320831
push,nav,2_aug2,-0.2443355416366479,0.6459854327576213,-0.7924229267564299,0.9732773210795743,186.14302030020414,0.3460740292141086,0.1479682864200472,-0.05402809240438308,0.807701127794138,72.57301002019048,0.5660532474588423,0.15501135207238387,0.3457062419035597,1.0773661235621452,161.93385244567503,-3.9747117352471615,18.0625752490693,-61.786659424908414,51.62146793944849,236029.40997844044,-9.02620603272016,43.47816458753168,-139.73000768903108,72.50535769560344,960339.2643521016,11.007245991282486,50.700322073310794,-130.03738210500026,152.84636094621223,1170397.0854638424
push,nav,3_aug2,0.08360850898695374,0.46453311393508817,-0.8385640725374616,0.9827087323924841,86.71431317225745,0.35656377599032774,0.14461680782498346,0.07292708524970165,0.8449512215932362,59.61209772295546,0.8082131832188308,0.15618144567026204,0.5029830020864731,1.0701297897525395,265.18803984065244,-3.3350887539891207,22.985548965454324,-88.42163641651317,57.64984901303723,190539.34435686996,-8.090948364210758,49.242432549526825,-148.26620329682783,113.174921695131,978443.3529990492,7.681262976281467,48.49611558807382,-103.54002903008504,134.3739286033343,1674051.5290476184
push,nav,4_aug2,0.21876103463815644,0.417250901417591,-0.857669268938575,0.9193125700638054,92.92382908413992,0.3573630775757933,0.17649554392138767,-0.04631793371226871,0.8433130118485686,60.16590054582275,0.7818370366609843,0.16161820403175958,0.38122703409961345,1.135543198846374,269.7512869015139,-3.0007488177461834,24.15421943730186,-104.6426604134628,90.12463538019982,355594.8529790882,-13.407463152716025,52.22364896333389,-158.83088069594652,106.31838293815574,1286078.8496233588,7.077432589476362,45.54167731410767,-151.01990135277606,112.55643480697967,-143410.91639090446
push,nav,5_aug2,-0.1776984608096786,0.6092585794891381,-0.9317019666532925,1.1064592482184314,171.71763237832928,0.40839830972632024,0.1558173280890541,-0.12396381051683399,1.0650494640408126,76.58297925299603,0.5981387267868516,0.15980432712066867,0.19188848161465685,1.1246478020499018,174.91062194199498,-2.2122901914715625,46.612784610908825,-170.50754007197207,153.5955724712297,944519.2340321079,-5.1204135737378875,44.92878624489125,-168.91932910269853,54.75446633463288,850762.547754435,12.758126359900341,61.606304621092214,-136.0516738578433,179.73558935190385,1403582.1206027383
push,nav,6_aug2,0.1011101286854601,0.48773397968529164,-0.9566035554020921,0.8967276640195939,111.98150171355611,0.4537092076905234,0.1250020992921991,0.051404518519197424,0.7257979760856895,89.56902646052065,0.7444003172273175,0.14021378463306908,0.41901876430420176,1.0486376500260115,218.96104840519016,-1.681342361424757,16.93293450449881,-49.94236744181887,43.174677170851695,219233.82822291373,-21.8695007403199,47.8694307317595,-148.55398423158812,54.59432722126434,954242.8442377127,20.85976251281356,56.960560674157485,-93.80009743981822,196.02506591367785,1003237.0364028323
push,nav,7_aug2,0.28083753710123005,0.3739859924580224,-0.8861321965845317,0.9416585823043387,88.8779294430545,0.3683414896934447,0.2123743696928265,-0.16580048462529656,1.1787255827614718,71.14582207847073,0.7273298171682046,0.14875578934716965,0.4008471118970111,1.3110528716462428,250.5932846090977,-6.077278769583656,23.0518639424182,-82.38854570168625,88.32175802552389,401712.18162059365,-18.3711141139239,60.662716374489406,-133.6752089907623,144.31080590095223,1554824.6814521886,17.83939961080496,72.51682997451518,-175.7730186185291,114.55431690711674,934052.9315196989
push,nav,8_aug2,-0.0900328681878431,0.4888774195947435,-0.8790972023303415,0.8995203618000734,99.79023531041852,0.386001613033864,0.12163851564340827,0.02619731414592648,0.7469890067759908,68.90850136953334,0.7470011645535216,0.1782477952421202,0.3363240383839412,1.0865616240729057,247.44009184125983,1.2212514584528198,33.06843755709553,-156.0154415331715,112.76448734818366,600775.9974615346,4.867968630025951,45.67655960571017,-111.74409406928423,98.10199786510869,1152555.694177258,3.0229347445509553,44.1375848354869,-186.91813245247513,115.09777768946773,1574602.0169166517
push,nav,9_aug2,-0.15258682314056307,0.6067440725282817,-0.9196664203494116,0.7173652433444331,172.8066156940387,0.42414344566337514,0.13076524215571753,0.09151461263218835,0.9909119675808997,73.49612325373693,0.6643824816352675,0.14789986743760064,0.3418310535061024,1.0304795785806533,174.90882792826366,-1.380021228272759,23.898613829937283,-78.5669930748058,58.27831422649796,327734.85260853573,-6.637333748257438,38.173610772685784,-123.22157282254867,105.13765664966976,495367.00708773884,12.249038238951893,45.22994599910117,-32.57251862547934,138.02210540011362,793000.6378726794
push,nav,10_aug2,-0.24972663390886304,0.5786874947976925,-0.9259061298017119,0.8340396352104719,158.71510699029824,0.38572197603414127,0.15879851221818456,-0.3709323972413711,1.4052488426413319,84.96407652580629,0.6385604048854564,0.19751128089985093,0.2937490195075076,1.1420341759160597,175.3794563934576,-4.125366898237393,32.79271592995119,-126.96749395940726,118.49659305108867,518144.89956642874,-10.74233667198028,32.83528882302672,-116.38477861271124,72.6152913146592,689958.0054301166,9.871180499970961,50.6016470141369,-266.8147040846249,98.89603253182253,725133.307538507
push,nav,11_aug2,-0.15543906690099327,0.5875806605505112,-1.0047999879402778,0.8806098691026407,151.97923898236138,0.4488194291670591,0.11939946412651274,-0.014424553404332569,1.1839672699402328,76.97642259901642,0.6015763989123857,0.15973441753825782,0.44109788041944753,1.0938173425466784,176.1769189259703,-5.891842607495492,25.527709256568187,-112.5405505688761,88.21821792119515,370907.40817288536,-9.80825508721682,35.62274018715624,-122.08194614288708,83.18292405618348,694838.6638810786,10.98233577284135,46.562413284871795,-148.80716992315644,161.57155495153543,1963929.3205883675
push,nav,12_aug2,-0.18575837680425616,0.5998472302926372,-0.8335221622782933,0.9058240431549458,156.30237588865754,0.40741676186532466,0.10912929740181278,0.07184490559801604,1.071208352844139,84.10970296505221,0.6448645788458854,0.16226621811316685,0.3084595989474587,1.0085604501442456,170.1177337192803,-3.4443987309918125,23.49252607982494,-74.37128806716174,99.08465375897603,337091.321079571,-8.086354118032233,31.00283047164804,-102.99286818058387,49.9246334272589,425267.954568355,12.719425338814078,42.77703465075999,-50.96286653490481,90.14658767275269,763747.056045084
push,nav,13_aug2,-0.24644500334749897,0.6081497443833938,-0.8778596321241081,0.8949590615379087,169.28324740075527,0.3551081492000508,0.13306473073273803,-0.12101083188303693,1.058826553300617,66.06427380494054,0.698824845828439,0.15107911274707722,0.4690549495440035,1.0555426752605817,173.73717373094357,-2.4908510912843544,21.4558474792,-87.67069705970692,51.47247064789417,278838.61817428214,-7.454665874712126,37.4851144741457,-140.28674831673905,66.89970353743351,703442.7932454664,10.330418277152264,38.54157091823848,-95.43764786537561,196.29611425171083,1590615.5558295418
push,nav,14_aug2,0.21777438675810204,0.550961085688943,-0.8366794445532069,0.880333311257844,140.19957519481184,0.42151631716082694,0.130573538599207,-0.11245766864441112,0.6952534541806374,77.22700939375297,0.6690318866060826,0.11014900147010244,0.45580798302309483,1.0105766274986623,202.2715563071037,-8.94645721015,24.955262088968023,-91.38254207942734,87.63126316767735,153390.2580711116,-20.501232106775177,46.61022553613653,-104.64227232914796,68.04339192243474,1034607.5836848245,17.93956927854535,40.349061442481094,-75.56751961358489,107.13731932604213,1213490.2683253894
push,nav,15_aug2,-0.20766517420683384,0.6182847616348337,-0.9691951638029,0.8873360279474193,171.1283710971117,0.3384954871351087,0.13188463044774631,-0.1387602905846071,0.8083136147730443,62.46892626792108,0.6057216803541973,0.17998645064136592,0.4061101448053847,1.0285952031359056,195.15366125735454,-4.035484393814512,26.452818954616834,-103.7248800244773,71.2560859717678,377547.2674481965,-12.533053195673027,39.338464557253495,-147.03180695746158,62.45579084518161,663946.9405992193,10.052560134989873,42.874828284634276,-162.11451997134316,150.68449288564642,453183.68984671996
push,nav,16_aug2,-0.23944838813278715,0.5944559323377784,-0.9168359633297702,0.8196073101500908,178.8417833171274,0.4385129344016462,0.08947366175322014,0.12154930920996856,0.8345557009963745,77.73996116449824,0.6150104824681956,0.1623431044221174,0.37895864225871906,1.090165627329358,173.07989830297143,-2.618177013999341,29.07992270100016,-88.87310613307942,61.09632458439797,245517.14978175727,-8.679887323616036,35.775425682597245,-109.0164499766342,71.40402943839871,466464.1256659608,7.43207331102074,51.181930491102214,-97.20154738668569,152.86147552047876,1147390.2640617983
push,nav,17_aug2,-0.20941769276847844,0.6173612651100062,-0.9661586369427843,0.9184648947631032,173.6913563266331,0.3935787961353937,0.13322434665241414,0.031331065245948926,0.7787301649111361,72.39487141257169,0.6321162717876004,0.17748663020512995,0.4564290559070572,1.1269981349276295,189.21575272202404,-2.4636797312300596,46.4460636077284,-268.5574565136417,95.40886771887223,772923.0258104207,-3.1986042461953685,43.09354116167434,-119.0556144673054,158.33890713345576,607186.3337900972,9.531962595942627,46.428282839809,-0.2540887080486556,98.47945377126742,1234680.304691182
push,nav,18_aug2,-0.21944004355085206,0.6206383803112693,-0.9152147237455069,1.0273706584381335,169.544444719407,0.4598124068625259,0.11589924865416393,0.09296566061420944,0.8983387208562423,89.25919565950386,0.5358595004189936,0.1639211956230128,0.3099207248392959,0.9730360301132533,155.5290285307232,-4.083778870892622,39.45498382533597,-143.18419752736625,175.84337724507873,654091.2054698295,-8.700188841472784,35.4613936121903,-97.66092711858555,54.892975698661495,527384.596266693,11.166205857787812,55.078115018857204,-79.41075855619366,43.90139478759559,578216.2269586253
push,nav,19_aug2,-0.13640384199015584,0.6203626349148698,-0.9574673556218255,1.1030060293726127,167.11754223747752,0.44630960160339106,0.14928535093240605,-0.15960646187778563,0.9152239300550903,89.57054935549928,0.6020922222679764,0.17712851017667192,0.3459322934202202,1.0585393897976147,155.61803852842462,-3.0727716420092723,29.77006603392044,-88.7935662209824,111.28837972427482,247389.2329922974,-9.521461842123006,38.577032740950564,-133.344816629785,85.96307241037252,637788.9839813982,7.188219576407135,44.860768066781645,-154.0776708921766,163.60872583965087,802438.6759415957
push,nav,20_aug2,-0.16610649635251487,0.593460938777118,-0.9029604534329083,0.7784520750410873,138.3194987496154,0.3966619425233554,0.11636860834144572,0.026100137190493547,0.7954752776800651,74.59154029020704,0.679692396351728,0.14797370643866048,0.3732598605334105,0.9811492839680958,180.74182915232765,-0.38093196468479285,20.58269762682782,-49.46754950379492,43.53723206679363,110419.87260200545,-11.882556997062922,32.460625141289405,-105.7302538899119,63.49403257196609,575157.7790700498,9.947408215654393,40.034687997844884,-62.776356224922196,132.71414619376142,1987978.0981740304
push,sai,1_aug2,-0.5798447962855061,0.43115628180921184,-1.058525493533733,1.089080898507801,376.5930526773883,-0.6059887020258097,0.20186133180966945,-1.4003193094375257,-0.100515090583314,276.67531611509236,-0.0504216642064505,0.3185892783406118,-0.9260601721620987,1.0050658720043075,75.00694399129905,-7.3479826986976695,111.49902508565442,-499.95350396156425,429.5786148103812,8536478.751281247,0.5784336116722322,39.4024123487388,-145.7877085408345,92.21558685276818,977210.4904760357,6.556386983377908,52.323957316595184,-114.37315400090148,159.97481480940925,1628390.489939044
push,sai,3_aug2,-0.6850287343158487,0.44795520319278553,-1.1010060206804106,1.1515314439162634,446.0379875286896,-0.5232416659441463,0.24775347603418785,-1.4802593868601932,0.08148642955598394,202.78241617933804,-0.19653806229171752,0.21972891002577444,-1.3910988300199802,0.7968157440631293,65.09011939920678,3.0211819218482585,95.9236217583264,-548.0567190335365,437.70849435757907,5955655.424701145,-8.652546277924682,33.08675780113529,-183.18923029932026,65.71552238746364,789983.7985262155,0.5906882961459536,62.865557880895956,-205.95224312565972,244.41737130004967,1178401.3750264891
push,sai,5_aug2,-0.6718260223443555,0.42681096706860944,-1.1549393296351955,0.7408761504515368,399.3511567280205,-0.5386682240994006,0.22401257048622564,-1.4759381299002283,0.13657629387836423,230.65698583537585,-0.1914192121601237,0.2821876238335058,-1.2020274776289248,0.6488478567796268,78.93017936748524,1.058623253771605,78.6342510325714,-443.9382391021989,314.52350220387046,4245854.341251719,-4.974614411927578,24.171602774736336,-96.62720956001395,126.34340690644187,355265.04848928255,0.9997689002476278,52.835147809887445,-199.94391952696242,150.25390535455824,1635329.4643888932
push,sai,7_aug2,-0.5940220286369573,0.4329244510477995,-1.363496482483854,0.9452899970414362,354.4461889238644,-0.659339339345732,0.1689169887333507,-1.1978937881389173,-0.0633915871248043,288.7892927685025,-0.026910940698458015,0.28623852271607364,-1.0397874426383278,0.9793084347315762,59.42099111280205,-5.740724300091368,105.32679666194015,-618.400863893777,386.8535811500639,7352415.563869222,-9.102218598142596,35.740356439935674,-183.9501528759031,124.18206790841525,991217.3367152378,3.2029739152394554,53.71716576963334,-192.85582960129778,183.45118288831821,2499694.674880703
push,sai,9_aug2,-0.575757552916672,0.47255954123775423,-1.1191340462636385,0.8250820557824483,375.7783381410238,-0.5562821037771715,0.12121535655683419,-1.1014272417864814,-0.23068730286003278,237.84486955700362,-0.150869239618686,0.2574061347352636,-1.099830986683196,0.800268712370088,61.50486784117997,-1.7905048084981179,73.65938431197961,-396.84154263638425,242.59828235345532,3879813.225206485,-9.349137882957741,29.52053843129108,-149.4527541056135,68.36196966209496,644337.5275342515,1.0515093526262786,47.77392761341204,-134.11747556942,151.05286425303711,1071256.000828852
push,sai,10_aug2,-0.6086513624333135,0.4200014309042284,-1.3090969339640264,0.7839767283361484,396.8918285204496,-0.550459336909682,0.1645871160899546,-1.3087618376845578,-0.14651290760978458,237.66248076936444,-0.16566466734814808,0.25986428471291395,-1.249372464934203,0.8428187260232181,77.40164576349368,-0.9790663553322756,94.4160813230171,-580.5060633227562,331.3973911114287,6102879.591887128,-10.207037972088665,32.94134086477688,-158.6609637480311,56.52700015534028,849857.9817153289,0.702428977534805,45.52800276720946,-206.87791971882774,146.08721713371173,1560801.193231534
push,sai,12_aug2,-0.5675823624226636,0.4726287991789592,-1.0491503167526788,0.8178894687449836,380.56218846825675,-0.6122099596149911,0.18281560933243896,-1.6179651499064933,-0.17494081327576522,254.8726561022107,-0.20611959357398268,0.2610482545394645,-1.105139125828048,0.577519816174535,57.178815325435586,1.8827305016668419,68.72018215217436,-322.2802701378721,212.0263940762246,3171981.170001167,-5.763001013302862,27.132572124035804,-109.02734480179365,82.07820567113593,550611.1946465408,-0.03383003481639993,62.707482305118475,-253.57049812239737,245.2575061355586,2886142.8191904766
push,sai,14_aug2,-0.5639846602521427,0.46921511111937514,-1.0305462165247639,1.0597237808097937,378.2460425898188,-0.5709760450806635,0.17034642633832672,-1.1900812242172791,0.11286884172690463,248.11210041187863,-0.17163298344573136,0.25725005677801804,-1.176497771949301,0.8847755213008444,59.29967030697923,-0.782761932580669,70.82892751733091,-395.1082839669342,213.4070324324679,3530164.2051996314,-8.527538649484809,25.861071918357442,-119.81499641733348,74.80895213470174,523968.08999367687,-0.3632297111259983,54.18771752748049,-187.68911109193226,169.84167872693538,1983110.7674142176
push,sai,16_aug2,-0.557967611303898,0.47255226255238314,-1.133901179763386,0.7455044758578133,340.59593550678,-0.5648522693146935,0.143110958678642,-1.157013346653459,-0.25192001031755246,228.6471488318378,-0.23111951737189446,0.3208246705773937,-0.8698100159396653,0.8413522884869116,102.89068786621978,-0.9024145177465854,85.45186911636816,-422.94515044559614,234.52045710683336,4753877.566134974,-12.326337693559923,27.8875400532306,-115.46440657461629,44.81080933543716,840453.5039578828,3.076903892450455,35.77065675668369,-123.92449982619483,88.84020362331076,2601021.385985744
push,sai,18_aug2,-0.6006034519396423,0.4448455434935967,-1.1105832550040526,0.7836808462743716,365.05912435561714,-0.6066912609471096,0.16473785318240833,-1.6917708562167795,0.004412939571496601,259.8474568624981,-0.05791752980219135,0.3044264803687061,-1.0912384083179307,0.7819337416707791,66.64619125932252,2.647193667862962,96.40279921838842,-424.83074435745976,353.7025012465768,5692631.437381421,-7.891699468401424,29.372955873795412,-144.09491956057,73.15385445266023,553638.8901313294,2.4294205120699894,50.394749735764414,-162.80304317358866,254.0607796301691,2237692.0241701594
push,sai,19_aug2,-0.6181892671933543,0.439518554915064,-1.1769320535956147,1.1660278378986806,406.126027140009,-0.5062353765848461,0.19211286770708524,-1.2463327501841959,-0.13376805725170213,190.91433391767512,-0.21606999822058404,0.2606636027357317,-0.994218453243129,0.9867951790213422,96.17768424537137,0.4260923781176629,107.87335741892886,-592.9772973021833,353.37403159109664,7947163.248754814,-10.191410652148821,40.0154189979002,-187.94469555934688,136.14954879186556,1082733.2973008153,1.3237333493304735,45.74056218853874,-267.8843762219696,169.37432901822172,1270455.6224946165
push,sai,21_aug2,-0.5781947520087993,0.46290822412851207,-1.1400019536861432,1.0944718166842529,366.2101499601396,-0.5592284664458992,0.16047248252737564,-1.282960482954653,-0.08258545677325632,230.97190849656698,-0.19967254830368253,0.30499899582365847,-0.999469073821024,0.8095832881097789,83.87266272023756,2.132524766839037,78.16244817036443,-399.45311622196573,271.71833876980446,3948251.6120590596,-13.25183081631406,28.20986028765869,-116.24112395200648,16.596106688139987,808224.0188705035,-0.36305158552020955,44.248743237148034,-108.8940222707036,146.52126452699034,-564663.919033638
push,sai,22_aug2,-0.5875634589621264,0.46164106188387405,-1.4083700702248974,0.72218857374737,380.45944379052474,-0.6245876691118523,0.14226789213123076,-1.1743364323398666,0.06903825538001492,238.28527824313218,-0.15637976357018848,0.28523598093106983,-0.9292745775486638,0.5517229038806639,82.20094360552058,0.6498064005298838,75.37927807190108,-320.70739043251785,270.66655727388974,3776441.9296721313,-13.011452338457229,24.451212513527814,-141.16991146324125,8.481527764505007,561828.8473902894,-0.4266625940375005,52.37668138233037,-287.8717428519288,117.59017938270561,1007626.4768459689
push,sai,24_aug2,-0.6433624363618996,0.4751872438956513,-1.7294134046559364,1.0274326330427948,410.68134012939976,-0.5615610962193132,0.19707134202800575,-1.4987745181841874,0.0012293468196978505,245.41347252854388,-0.07088800335034628,0.31732078887447307,-1.160534238082014,1.0471069667055182,60.082195420679675,2.6457123154441367,101.00728838368019,-482.9700738628533,490.3817588525087,6663745.140904114,-12.045823214152808,39.902069285957765,-168.88433758951163,69.25889179908296,1312825.948175649,2.528072072765416,48.49638290811959,-75.13816790397226,267.41553419869416,1452316.3268159693
push,sai,25_aug2,-0.5482722305019455,0.4682894551966117,-1.1047051604446552,0.8795017153615512,373.8572251530221,-0.5776086868175065,0.18338680534539412,-1.8591506126706205,0.17066347515410193,252.4394434996247,-0.18194082860792532,0.33781633712970677,-1.4685430375607371,1.1471601847460247,90.78977858547616,-1.6215754036076473,93.54162559031434,-503.2735225127637,263.09092383839356,5845554.49285476,-12.161177473610717,35.77151513765646,-167.07652039744693,22.027291633784905,851053.813420661,2.876908178088288,53.72691961939275,-131.7997410686924,225.52412336686098,462677.14028817706
push,sai,26_aug2,-0.5509640494728976,0.48118398710222443,-1.0653459870779027,0.8634108367131391,365.641544196747,-0.5948470861868769,0.15484813539991235,-1.1287798559181952,-0.20707199312289906,239.11410616778764,-0.15494619197050252,0.2811718650025671,-1.1767152359940536,0.7813190902697211,70.64584302455728,2.0629617599330317,81.81032321541734,-350.20186116241194,303.39813204543066,4204918.916751216,-9.268937860361875,25.82183004385643,-125.89913030054554,49.666611962645725,718379.7565754083,-0.7203792343990256,51.10355924304804,-203.04265843822122,168.57484806655094,1221863.5095906297
rest,jon,1_aug2,-0.4394323647271138,0.6226319462903593,-1.0095536753818901,0.7486010136695184,285.1738160804119,-0.44919067995350415,0.254030083254889,-1.4319809459332824,0.9540257053716348,115.30975961500268,-0.015602269111845814,0.4792232727146677,-1.3269925364926365,1.6219321946618641,109.78740194516793,-29.89506301573897,74.40217940878436,-361.89484296033993,186.15290624353108,3025585.363389568,-22.90180633691691,47.977697371563615,-353.42831858072583,74.49054484533025,1578546.6593644582,11.598265832482697,41.26992303894416,-56.03570327758156,258.55056222688535,2219381.9482824523
rest,jon,2_aug2,-0.9231697037056389,0.0157206210246382,-0.938049111613297,-0.7962643990301566,395.2217754978544,-0.26560774226797196,0.025542307656254117,-0.4816940307391018,-0.22476988470087025,47.314261736277025,-0.24702111305878507,0.048887543508471624,-0.3798716577946325,-0.14295270590639353,23.095767228397193,4.711679152903966,17.932288589475036,-33.18494522907935,75.91719057066899,143242.51144068185,1.2016142240162417,6.786259753082273,-23.37500522845334,30.078366116450677,-189.58752670613467,1.4198733981322635,6.964715981520525,46.91502890280351,14.556045569494334,888890.2584700524
rest,jon,3_aug2,-0.9172946800265465,0.011851927439360364,-1.0203626380730244,-0.7937802777488931,377.7890835387409,-0.333424975583475,0.017705206031156002,-0.28519052242659054,-0.2275665366192172,45.751705688455644,-0.29988331054145023,0.038018827459063875,-0.3551317855037016,-0.09079146202285171,31.41556896734769,2.065960703907871,14.52458354672424,-56.91635350816024,38.136630289109895,192777.92017888834,1.4701655455637503,8.030326003660175,-24.030539029167777,27.11097160655355,3138.412807837587,-1.4657240430905878,14.028326880251273,-44.07176741324277,45.334708614178545,-737951.3950795366
rest,jon,4_aug2,-0.9043961583663019,0.04751452267125806,-1.3269714780648283,-0.56592757421116,359.42302185312803,-0.2848656286144817,0.08034116079184818,-0.5637447113849385,0.00583381919108078,48.958035560106154,-0.2609171291624657,0.044602971875917344,-0.4684584965696647,-0.31324178994441576,45.316422595017364,-5.187763467110947,25.939177370367908,-94.60338907762255,80.8591858572859,320667.9298400456,0.7048661139219405,12.77138837540006,-37.27270287463519,48.13075369403329,277258.78269933874,-2.91022790499093,18.422726858930627,-23.35790766836395,0.26359986103828703,571311.064384907
rest,jon,5_aug2,-0.8562677493381531,0.04056981113473152,-1.1979018049194567,-0.5726048975940463,353.9116257770503,-0.2653817832413553,0.08813841385248448,-0.5903992034783487,1.1768148514472425,37.319854667325544,-0.34893322082179284,0.08159939029730388,-1.1729179065414381,-0.2708388694181311,65.76593566712003,-5.40597098856452,35.85113667771209,-183.68155069618047,89.14642292395172,464529.5734926285,-1.272224454929224,15.83417756277011,-127.82477147810893,16.965887083708164,7086.6985432604415,-2.172025920653808,13.184609045810895,-116.57991670939131,54.71436636265572,-503459.9692245883
rest,jon,6_aug2,-0.8728312057323359,0.00841349698007808,-1.0148178651454656,-0.7996970412889655,364.63880580354606,-0.2745506996109575,0.04974913144217362,-0.3895247697463337,-0.08830282228853271,20.81392707303028,-0.3493634023823977,0.04543810433892228,-0.5333021768230094,-0.1948811070678387,61.59185668888287,-1.268225523600333,24.04554855150024,-56.79290454991885,45.33979168117742,260416.3677130255,-0.44534643339869373,8.340204837593333,-13.034574228836428,13.865872892757888,-138.29832387788883,-0.17036658647947683,6.030881698397939,-23.479473962829932,79.32885012686737,403349.8741176004
rest,jon,7_aug2,-0.9040839138628723,0.05597592797115846,-1.2694679444568422,-0.5451791393375552,394.19592865034525,-0.1652678262345349,0.11457587396605129,-0.4082628725073998,0.7190278448670225,13.367546258619955,-0.291444084285467,0.06858938432774486,-0.5990310128402548,-0.08138967612510757,46.99837110011315,3.98678557539726,39.303745754859115,-240.11859810511055,99.40574525217343,751177.7624931808,2.667887672011567,15.582420715991038,-49.470320887897024,40.02418292276338,246857.5423350733,0.8365625101253048,12.23964355706047,-10.62840386350593,26.402921733261337,-120522.28691956897
rest,jon,8_aug2,-0.9017080643578325,0.022608664548524116,-1.1556875341880515,-0.6027622786551035,369.77917673502003,-0.275149354003397,0.0354720247860187,-0.4506933311903506,-0.11156049211047653,43.069320936570804,-0.2867594594665755,0.06532613199092044,-0.7503558643640534,-0.2558108728268643,43.03370343511446,1.4350914431220487,17.987022102673834,-17.64102476135797,55.43122072563806,247610.0362837974,-0.7467976779351174,9.259040440800408,-15.170882258035459,20.01164608473255,54247.13774626682,0.24661433735018462,8.029205544701597,-61.891558759121956,47.69452557393241,-599839.8783350394
rest,jon,9_aug2,-0.915107494048939,0.08324799938378882,-1.575934145584042,-0.49090393460255216,375.55461975638826,-0.2770753125873356,0.14663009320693043,-0.8135619930423482,0.3571796521925602,47.474645934573324,-0.2633997741833254,0.11149629894470897,-0.7997871317661008,0.09325858676975073,44.76834860425065,-0.5214291397698962,77.01715037904205,-307.0613173109451,284.69757344976637,3018802.838683375,-0.3224662366082719,24.276336396193116,-103.92277132537187,73.43533972164532,204022.18033363082,2.06411702001741,38.012505924527474,-188.58752272808184,143.85322900549454,190571.94551694603
rest,jon,10_aug2,-0.9192499029482278,0.04485967030699716,-1.3639919581434126,-0.42447745956432603,397.43012335035615,-0.2780979543470592,0.07032824303568486,-0.4785448126258195,0.008530105115436004,33.43212160203852,-0.2527005770504345,0.036676551263683854,-0.5715026073031234,-0.05498503752541101,33.56174675437174,0.16092308296849778,39.6341232855104,-84.20033706427267,236.26934655964268,683793.1406124715,1.3695457778035864,14.157911605978507,-106.28769070855266,75.34661639123925,222991.92938474446,0.8134132726189793,9.356688701354924,-81.49888474670985,75.06251556811348,-101050.55221213507
rest,jon,11_aug2,-0.9182431836879784,0.013576286183452465,-0.9487993967656219,-0.8889339376121348,403.39988937446265,-0.21741198568322515,0.026470422457251043,-0.2730714910939859,-0.14492767053379962,28.749372301757166,-0.2324464604594428,0.020885326476013072,-0.2282930190063326,-0.20885073273959995,41.90069898670693,-1.5557189312131823,8.136730853036095,-10.5367759170569,28.07737127589147,100804.85207830388,0.6346067034667724,2.91569904294048,-16.267948532937375,9.15287578739545,-80667.26382727241,-1.3390196160566108,3.9561573021245438,-3.3279107943057227,38.95441935898444,635482.0181400141
rest,jon,12_aug2,-0.9111588222475522,0.07515184089995203,-1.124030361555424,-0.6054779328786429,385.59728778290025,-0.26748974888028065,0.04222028840569039,-0.35620389334986974,-0.15067723261096322,34.54837279702484,-0.30240238304308265,0.12390262517695116,-0.6849268633456005,-0.10293860686183015,43.63059062205561,-4.311055990544591,22.75639127748095,-78.96017229363072,45.89579940613733,333560.0221308156,3.044681679202297,11.573708101597843,-15.081975202979326,19.341043078769314,-37223.67567216342,-2.2292590959202494,15.521930914941413,5.308073067518379,84.65306528957656,-913190.8948241187
rest,jon,13_aug2,-0.9047451359718428,0.022785278947898502,-1.1197436804429797,-0.8015902747985612,379.0684085027278,-0.290991846866659,0.045719502415480055,-0.3059457199771249,-0.22596317752856612,34.16327076774312,-0.24242484710589707,0.03718777734172512,-0.28628519088299786,-0.20776545994449552,20.77118672011899,-6.448575696927561,14.841977614912063,-39.545917765148566,22.68152951233117,328599.6721639784,-2.404930372468083,4.322265651424208,-15.090956365679752,10.075195413411421,-47509.71244050767,-2.7575708659249503,19.94940147185893,-70.01121525099728,99.5563692618979,-708973.1438101885
rest,jon,14_aug2,-0.9275532204560646,0.004616718444728246,-0.9554724800714663,-0.9351415278008639,396.7460774831163,-0.28270691845352514,0.031429536784930066,-0.32980122029061854,-0.1739454479136403,37.475360580104685,-0.2771641352276829,0.02843616984656507,-0.26338204531960496,-0.19554765076031996,32.17351959387499,6.846555514921728,16.944207724463297,-49.4124074175929,42.57292059057506,-36757.52814168573,2.5186602686999224,4.8686042547852635,-11.730045595441524,24.131568200667722,-129230.05000608588,1.9754467471147006,9.980454725610096,-56.01124971027914,-39.57213846159247,432505.3349043952
rest,jon,15_aug2,-0.937241367895722,-0.007061634521078617,-0.9509778663019285,-0.9053435038327216,400.1298606311576,-0.2421410688222687,0.0622702126499769,-0.2749365388550902,-0.09967284628289898,26.01913603684836,-0.28544489540825696,0.016647647961889795,-0.3071742441610993,-0.2068110336354403,39.96852115992898,-4.051040669883178,11.082379475126409,-43.12806539912977,20.68158719347771,-97294.2413609476,-0.24430830065000486,3.323708109701865,-14.984086347882293,13.3272329698385,-132462.5539057398,-0.5209774496413538,15.36261735453008,42.21349782821205,97.55423467249463,479691.2247945835
rest,jon,16_aug2,-0.9366482927107146,0.0010799928834835139,-0.9381138942908338,-0.787281906141441,399.83889314045126,-0.3340079321886613,0.01737492237711853,-0.2892535477206633,-0.26046018848359753,40.20526507360314,-0.20841430200677996,0.01431022772971879,-0.24412326663055603,-0.22612080191055614,25.251317802599146,-2.0824487846107615,12.576849675367276,-32.148566077118545,39.670656283242224,263393.1388835962,-0.9412173762688276,5.464004149601001,-18.36132111562752,7.007262771533425,183082.17634389034,-0.1761866004810928,9.278297062098895,-47.84323092453318,-47.512590246565765,817470.2303031288
rest,jon,17_aug2,-0.9007564048600418,0.032918296684695494,-0.9245177402402731,-0.8763939279656426,396.54337783080786,-0.26529655746853353,0.04565757840990223,-0.35340648317225126,-0.12130001773151917,28.60718924656926,-0.23690248596479022,0.026249519790314695,-0.3029716501592575,-0.23555855930651973,23.75948840169673,0.6101416980722977,3.7136770169922917,-10.39313292973256,14.549720787136827,-69881.80004957237,-0.04109905414274306,5.502097207941551,-5.606633908545604,15.812523515888927,-113143.39086427877,-0.4143108116850912,7.080569177636729,-53.66798823834486,35.9861511779462,-205557.1385788069
rest,jon,18_aug2,-0.921383502502436,0.019335294628605167,-0.9519581697401293,-0.915570103437207,393.41281302638964,-0.24391640783069837,0.038789515536127736,-0.350005466837575,-0.09036439754979964,32.14543303421993,-0.21354599472052924,0.011467445416571718,-0.3209381698581624,-0.23784500079574983,33.930236671971535,1.1022790471457928,8.916941591832755,-20.881860329670857,22.645926699695362,1129.0385875724387,1.0483451583810364,2.711928950653472,-7.112615477759276,8.150202176848069,8960.3925668771,0.2968907718656516,4.241361314383326,-7.767921197070709,24.770328026467244,-304851.4603429771
rest,jon,19_aug2,-0.8753864046512241,0.01656673164066503,-0.9626482497071704,-0.8133198356176822,379.7987646690498,-0.22666628580223425,0.03695562582402842,-0.3035816413625473,-0.19953444748152602,25.222705682756576,-0.26159807664040424,0.014183509882715554,-0.3623490854550392,-0.23527718894407468,33.844170946920315,-0.9773074528148822,7.095018032804416,-30.805399683111972,12.352721758211546,-49581.365250989984,-0.6699754419909536,3.172670058054371,-3.9557253517492867,4.592216142387597,-7006.374092379314,-0.3541302761705838,3.61589778281761,22.540114322382692,4.555444399418411,-71136.72767133945
rest,jon,20_aug2,-0.9291010397877044,0.013687280836868229,-0.9365620765885992,-0.8430177962204458,401.0970803295279,-0.2714128216907533,0.01853567210892101,-0.3904283411799788,-0.1778931062730334,29.112349517601306,-0.23705341088448223,0.029627298108188763,-0.4504319855228153,-0.17183548271793192,31.997437652008312,-1.933367752893284,16.561716723932882,-50.76320597748075,27.59764094866131,218136.44774058418,-0.9872680755246661,5.812984459691136,-20.428074746445564,11.507784391189624,-26491.391497164863,-0.24233372021726685,9.762561150221448,0.37822774581475116,-26.039147753041284,-1322156.1300726214
rest,nav,1_aug2,-0.14084272704901837,0.6248122309697373,-0.7877234142164236,0.6250396872206679,194.89260547029548,0.2778686554540437,0.035891600220433036,0.24909059198338523,0.3265804291588163,37.7784643148226,0.6593182854869677,0.05532423309449362,0.6249479203681191,0.8322554865337842,201.42651810267134,-0.5253288898358348,4.063198243377878,-19.183986598745868,21.598997488933577,11378.230443846274,0.3410762083877682,2.3283715893980648,-12.3295494263872,9.982662350739812,101382.00220979976,0.1924720679425161,8.500635365011846,22.505843340094295,81.11895280528415,1469107.276482297
rest,nav,2_aug2,-0.6975022116683881,0.01190059869615049,-0.7582417905563201,-0.6929518021954988,194.92798537067543,0.2752909277510594,0.02014619217157381,0.32877386761407856,0.32849342170280377,37.3138349786736,0.5754953348839088,0.00551551925123644,0.5140983122634674,0.6464567050996111,159.60298132759002,-0.6926019169639004,1.5107545571346919,-19.487103176682812,24.459495252350493,5461.508100152638,0.36218951388731424,0.6504587863324932,-5.38867079626317,3.9623937731177703,-52275.32501214884,-0.030589941956364552,3.3862158166996323,-34.80494438965481,27.436158984229948,333618.749561864
rest,nav,3_aug2,-0.6548770645522413,0.01139884652620949,-0.6943547059439279,-0.6907692631029948,196.30670126794186,0.30588439561215586,0.0003175497046292129,0.26605816122877035,0.35107785875326375,40.891582076604706,0.616421824130648,0.016889012032773307,0.5913971768729225,0.7299077623615137,170.6764009584235,-1.1767060125313997,2.885911826259361,-15.761190264236607,-2.7236837902340794,23795.283026375637,0.006956722234950724,1.6990593263926044,-13.967560471765989,-0.3529492818451483,41106.91736077549,-0.009731030432632737,3.7136088019792233,-39.884163531163296,103.56599242508354,-284447.22661506827
rest,nav,4_aug2,-0.698395497412402,0.032912013230021686,-0.6969385287696909,-0.6275883205825449,199.05672349856562,0.2371357726878287,0.02079297448070346,0.24363922800715504,0.33762623015889515,28.828311119999807,0.660916094302076,0.015568091333620606,0.6065392927078637,0.5954568997493618,172.98305542244339,-1.772160684940268,5.973549564052036,-7.0953368043186495,12.150768054316583,56628.51281554459,-0.3696297675228231,2.484711074863582,4.266248354733639,-2.5868167494883583,66662.50154563373,-1.0582940740743463,2.208879813878701,24.916107926215105,5.829119549913879,511338.72710149677
rest,nav,5_aug2,-0.7180805610843093,0.003632697303148665,-0.762990624955153,-0.6509374913985962,214.83210557046158,0.2381510353017317,0.005252487642113671,0.19310351539753298,0.24515712532250883,29.01177320290332,0.6379971310797107,0.00790414569261146,0.5669838628998614,0.5886199023865409,174.70821342012925,-0.50756248868003,3.4830844003233024,0.31599397158679476,-7.675719844847753,21876.290430071826,0.653421883286941,0.46607391756057454,1.4182059866280645,2.943507729697651,132543.443749264,0.33688951175575554,-2.4352649519072127,-2.1328382761372238,48.67407197612822,423539.7669149601
rest,nav,6_aug2,-0.7150211550566643,-0.009277260232859411,-0.7861612722684244,-0.6398584567962842,234.1631235468107,0.22033663704644335,0.019298335909261454,0.07029566472808554,0.22415046330646002,15.215081608857382,0.6200241288145326,0.019262053697536977,0.5781183740651037,0.7624160133408578,171.16188032946852,-1.1580352163696372,6.911634773358228,-21.492467315631156,10.990602613124148,96438.80095854598,0.8736246487796591,2.2906178938901327,-9.061094872672145,11.317530151505359,-65291.36772273958,0.3875332511986404,1.310784050654322,-24.796427883852587,68.84338528114304,-1221647.8656734212
rest,nav,7_aug2,-0.6886504074185249,0.008026662189361657,-0.7204624524053889,-0.7074038550055436,227.4470225482172,0.22598610619118675,0.011061038271097392,0.22692975763077652,0.22180001548795666,24.607421031494994,0.68463439565285,0.010257015205715446,0.565688288826893,0.704043395554744,170.97178482231848,0.16620174267168802,1.0453137980080773,1.6479468054366468,13.880751185406487,155584.8961770343,0.05683530523227398,1.4865202001784377,-6.849903876280226,6.4186466234029345,8671.742038241868,0.3922923971079054,2.4887574806596096,-25.76201310194671,30.345631298388174,-1375751.9749471794
rest,nav,8_aug2,-0.730221643141033,0.007851129327086112,-0.7334793878992806,-0.7097038927675876,219.04306393250386,0.18998519681302628,0.005249450995382958,0.22705789575498408,0.240202377569489,23.211510390562907,0.6114895486658605,0.005649099043663374,0.5709594490056628,0.7349182565446574,174.19440561934533,-1.5921970835726422,0.10638819557425472,0.5145271072782278,12.143103225356755,76758.15104826333,0.8040842063829694,-1.1908814104066583,-8.553004559075534,2.759501053271294,58705.5503969611,-0.3216333665280592,4.239567007702894,57.314301747332024,-17.160038681827928,-399145.850066715
rest,nav,9_aug2,-0.676996354872479,0.012489827763223021,-0.7918540010371273,-0.687891796914041,224.56315172214147,0.20208658461543985,0.022610043245921155,0.17133663649965158,0.22414337009688023,22.048891745671824,0.6377196231960128,0.015788312198535118,0.569170813683181,0.6819037191963698,160.252153564386,0.08342219327783904,0.779081067123476,1.3631703354842966,8.493544212780236,-97130.98639903808,-0.13928926216557716,2.0043734074637616,1.5925984427610915,5.214279696404688,-111408.26985323506,-0.5285453847597162,-4.592397287996193,83.60058019574932,67.75292027294475,-531015.9074413513
rest,nav,10_aug2,-0.7623197082256363,0.022153915411498897,-0.7746275521302642,-0.7805180845660182,224.33877868640025,0.1933074236885255,0.014515768235020567,0.0981579531225289,0.2075345374454398,22.346928639126553,0.5810792310546199,0.008489220506646827,0.6086059006929476,0.6189774255578432,163.68403064017517,-0.4875213552130041,2.181390835742999,5.788542071401167,4.082295911248797,-63395.848702311836,-0.42681171077630575,3.9939418015916672,2.144957765323424,-0.6429435238908954,86069.67598984852,0.45372511934782994,0.327976382766352,39.22420033271887,-15.575837928036467,258040.4662093005
rest,nav,11_aug2,-0.7143477890784142,0.016588414086770892,-0.7880065870375598,-0.6284489256894282,225.7522981721561,0.2516390470923821,0.010870415076502955,0.13385999725574624,0.31314325207183824,31.302072482395822,0.5868168985250458,0.023360472536128416,0.5862904330503665,0.7072947566347537,152.6161758482571,-0.6089910687509819,4.775829103059782,-24.109597153522714,16.372022736482283,140958.18192430853,-0.7023544708455292,4.886626297909038,-11.538383372364377,10.118329416103354,-29044.491935631097,0.3208617804169825,-0.6734325074219578,-20.000476932147627,12.524217431348017,1137660.9680590264
rest,nav,12_aug2,-0.7676407571726527,0.011289831930740941,-0.7216651045380819,-0.6390348769344761,225.24602575180293,0.21623020616152033,0.0239536309668821,0.08491091471858933,0.34344738381562223,16.92055339118158,0.6477144202311051,0.02291347044434109,0.5201588997626069,0.7832312084493872,165.26963087535475,-2.446193432887572,6.740476490908497,-20.75577115029846,14.909257236423253,15045.535805556672,-1.2771778581385382,4.29340874333079,-23.611239801560497,15.051989609982208,129723.38177582904,-0.4371082696400602,2.8711885876233643,-30.39075402866878,26.545109541693687,-843565.2655020008
rest,nav,13_aug2,-0.7223238455117604,-0.001371437310673039,-0.7546758523998307,-0.6219738870868071,214.8498363549386,0.24763232766117596,0.018459692292736418,0.18378354542991499,0.2998498121715872,28.817495212411167,0.6406515009160837,0.007133107519975177,0.5808919356363155,0.7133083257634352,167.696678754364,-0.7415443313894052,2.316357406550105,-19.068016048480963,14.905344038873002,901.3252783893633,0.29503840221223104,2.7338826890377046,-2.6662019740463134,14.678309740408949,-22337.25667272293,-0.14078704966379083,-1.400652374347644,-25.786734559036947,39.99832161990906,-883217.2416415552
rest,nav,14_aug2,-0.7115204482316847,0.001813906504530639,-0.7471341538489169,-0.6809548189137206,227.8189750050722,0.21531119404249519,0.00042230334745627573,0.16979528138002617,0.2489899108989367,29.672169752991998,0.5856631450958436,0.00011961566465939176,0.5703486891334864,0.6622554874027453,164.71293564487357,0.08861084076346647,4.7857797364694585,-1.3071183329623521,9.36375087327533,31466.672275770878,0.7934555206832968,-2.2497245376715336,-4.301459877124389,-0.08954888580448317,59592.38471429076,-0.13901518850087832,1.7584313013992534,2.3431967386865415,-1.65301188625507,257336.6192107667
rest,nav,15_aug2,-0.7051817499325502,-0.0018386353283046091,-0.7620435677969871,-0.6736847988173458,209.2362818216462,0.204361670939262,0.015358655994012592,0.11346465793989613,0.23767243297078838,24.915173790285564,0.6370706537256628,0.017132835689019254,0.5503177289666233,0.6724262380506887,167.35813229419765,-0.22451109482687162,7.59051313779483,-2.798286286777085,31.112824023861545,-121559.23218636728,0.9325837511422026,1.8944129743331395,-7.082709921918388,12.446128225320203,46526.2459063771,0.35435800924537353,7.617761316889124,-75.86439052167135,8.529760382180854,346992.8014279286
rest,nav,16_aug2,-0.7340619091007847,0.017759155042217256,-0.8055095469658706,-0.7181611166020078,227.55514798592654,0.24784653943825577,0.009217006603137533,0.18646943090728504,0.29360898379723865,31.11642875646108,0.5779935059678988,-0.005659984911627766,0.5698304508740116,0.6493563401965735,153.51527532202343,1.0858089664169097,-0.11078899538468523,2.146781932649864,9.747280569879837,33949.12413340175,0.35064068669268467,0.4709251496175666,-1.9881527376196457,8.458319359150664,156884.3585043673,0.7907006871180426,6.530189467206358,-45.67819269118066,-14.286441802362422,-357057.2743772557
rest,nav,17_aug2,-0.5886995854991026,0.120292262249961,-0.7512607484855264,-0.40221846544266754,160.19018858825163,0.4894961889829898,0.21658006383243303,-0.08708165731008397,0.948804080907467,122.27676333621275,0.5607619233712312,0.1405076049277855,0.21026515804386225,0.8659324990647662,127.37689020738834,11.849354974181924,57.908854811821186,-154.9417408351572,194.4641643447621,1409641.2506047029,-4.621868724041839,17.0574126376055,-88.33142106410322,45.9400364354076,55541.01633485344,1.2353903114255034,9.447241017555369,-31.28767733761076,71.6634842674535,-4173.110983800158
rest,nav,18_aug2,-0.2691819192699999,0.2118388785910575,-0.6135687875747322,-0.010139009094472906,62.78483070214211,0.6777168251936535,0.056110230386438524,0.6037135195095058,0.750308160463856,197.90861147917457,0.5415399698073597,0.22952372050478856,0.30776581391295377,0.7944395619701702,143.3055560164244,1.0442818478623543,1.6636426321993727,-15.965099107672696,11.69773224857502,84344.69889748972,-1.4264023259416967,2.1769549575190847,-2.4153684423798865,4.1575892087615145,144841.98108989644,-0.8997445742640566,-3.009745211608802,-45.150769263461086,19.048085205695248,-503148.20343095984
rest,nav,19_aug2,-0.11584410048831376,-0.02191865429977429,-0.12874109049042526,-0.12804792829523148,0.6403255225867235,0.686549237392189,-0.007157174776993848,0.6762144797921104,0.6841252404712259,196.61598468684346,0.6582188891432756,0.026652030414910793,0.6364019111182182,0.7107592124306918,197.03973780214446,2.179203835412351,0.2973231199411561,-0.8295667102252917,10.221097755001676,-78515.80758939181,0.22159020585424855,-0.30524013844177855,-3.200910092391199,3.280757444880308,-56291.28219521366,-0.8524419982396078,1.8085638476963586,-56.39611207506071,70.45030912760548,-432286.542216813
rest,nav,20_aug2,-0.08897753598276696,-0.007922954466344006,-0.08754719794180044,-0.1305808112376134,17.85248819013292,0.7080015479610798,0.0038702267380312846,0.6959098906339664,0.6862522670962088,207.26714921343927,0.6809187623412667,0.014743408199158358,0.6770784606611071,0.7026560061037805,193.58547446473563,0.543284855082135,1.9918807108061085,-0.16219140852318858,8.177532796862522,-84016.87671440156,0.24507327181364397,-0.008785613560247651,-13.71469939627255,1.9310042058841237,-39855.29767187332,0.0434736599294258,1.1310518519218413,-30.584597087156975,-5.487235860408149,12153.074848285445
right,akshat,1_aug2,-0.32316074083041185,0.5065893474352545,-0.7646673115878089,0.5746260628353733,157.8575755906974,-0.5016184783589069,0.28629821869963307,-1.1753987893099442,0.23312953197526856,159.45732323360895,-0.5523722764261488,0.24133961800283563,-1.1894363322965924,-0.14173996353605417,169.38556464885525,-12.014291983707656,27.46432573047105,-119.6380864428028,53.16293525137379,550840.7626361707,20.576743674211958,37.145035430849475,-11.40422991790249,122.9275347948776,798861.8738365786,10.273316874848886,61.052476392484074,-148.693792303182,169.80015991233705,1779124.6729581594
right,akshat,2_aug2,-0.009549068454984141,0.4631066556514753,-1.017002571526405,0.4390585727205482,102.89204691256771,-0.4953723590213674,0.43479442371052035,-1.4582918646059124,0.3671226907025805,192.836744593403,-0.6240351268129192,0.29097569674594137,-1.3287981782183087,0.2750304800336329,218.90832445973024,-18.064219723062035,52.2871444494413,-156.63001329436796,120.07393481001462,1534497.8996431865,-6.220563346896199,80.1845422225102,-286.202262619644,107.64563915442301,3119165.1087615252,16.961804097467738,57.108276311775974,-64.108205290825,148.50672492021712,1594603.084157176
right,akshat,3_aug2,-0.11655277570440206,0.5136413451055395,-1.0670587253116035,0.4937213865874068,137.9568122063985,-0.4059148736015091,0.25997364583623866,-0.9108645868246925,0.1410576115715689,104.86102058129075,-0.7181710869352378,0.24761893551593608,-1.498346056839846,-0.23665913412541464,254.89385648524305,-21.84395838087552,38.738175316459994,-305.2427449140782,95.38789531171344,1204155.85088642,0.4574260671391913,72.86361042951381,-258.7083051372841,111.91411563876915,2498460.760498822,10.48509369311372,42.49774873479988,-168.90953416299845,98.02855649236857,823892.3706943906
right,akshat,4_aug2,0.07675542590586767,0.47836485557062874,-0.9525635045889498,0.5400214785302005,109.57666890648713,-0.5859041994638244,0.27036824507332313,-1.0367878419168821,0.16084514801481659,194.44511118335677,-0.6083202900002902,0.2160509662207291,-1.1475977591689805,-0.0976696928724558,198.18608854637074,-16.41190604113845,32.280234758997494,-102.07776001675198,116.8848400245189,667385.084290341,-1.5917656703532472,76.37078593928175,-240.3081168262382,101.54373068297866,2784626.1050256775,12.831460554377143,55.52174298699059,-156.66933350011925,166.44294626289695,1152867.9813961757
right,akshat,5_aug2,-0.07227509320821998,0.5523419513440286,-1.0257268635321513,0.5436991892931209,164.801439171609,-0.46659934977339435,0.2254886580912869,-0.9528405656773021,0.06337471467879188,123.0799193687164,-0.6048851586149214,0.24801324007544723,-1.465627422926008,-0.21511416005839226,224.6634091185821,-21.21783942987424,32.27304573044485,-136.32543421117535,56.72405262368657,694242.7979017422,0.28894188917159513,78.85473011004997,-260.9645845756831,106.59628398715799,2969494.2382147685,7.333164598780628,39.822809358957265,-16.933957948238834,118.19064767959591,217542.52941887756
right,akshat,6_aug2,-0.10296368076804441,0.49269453168161736,-0.8642992502792834,0.5814759337849406,121.62983217042746,-0.519535810417303,0.33026396853227624,-1.1035604934531216,0.11032314398654415,175.84496509493277,-0.6172480257357791,0.2227284298923229,-1.03299855788299,-0.07705445982906792,222.2571810354738,-25.93074947578395,53.684523139595335,-256.6983853831261,97.74590792923499,1788837.0166771628,2.5917536164560064,65.22461258337161,-186.92606606746472,122.1731832176984,2475424.7042551297,9.212185172009985,63.12543256440381,-76.02111684398284,33.88225333922696,2643390.96142246
right,akshat,7_aug2,-0.06381553431889264,0.5250541903188573,-0.9211040204590963,0.4802828306263863,146.3540514059454,-0.42684804158109646,0.2581225954112732,-0.8766791216535686,0.035218877064139356,108.36782218400546,-0.6649240112385432,0.23695463006918505,-1.29163946833426,-0.1510476037691047,248.00327486481146,-9.878825075472346,24.139022701374227,-67.3262275647698,76.25434499687084,269440.3575651051,0.04905546273714877,72.76693234279385,-213.70212708697818,87.65751647644491,2472474.3180637555,5.889219632668292,43.37927293897424,-31.507693067311266,106.09872074616126,1308571.1327146133
right,akshat,8_aug2,0.0924118255256306,0.428540471239654,-0.8399593950241995,0.514187201105859,80.38397864125778,-0.46227207686357596,0.30933632310856396,-0.8889422911926375,0.054206504623689034,147.8377952110706,-0.6484954816610234,0.2324237700897831,-1.0534902743546508,-0.2788653890067127,225.37502674751013,-14.82462740275185,22.194456376688322,-112.11249424227726,44.72670495555791,421482.24968174583,8.610542627343825,54.74918000933009,-262.97033633554423,93.86372275243893,1570052.0469396834,3.412807217142345,43.76683642768186,-104.68962948300953,43.11306905995225,1831627.6868501517
right,akshat,9_aug2,-0.02632364788498067,0.4646789964509101,-0.8204888727900388,0.41958994011504647,110.1815435689873,-0.534968623201026,0.31205475555582496,-0.9606765111493388,0.003746388358583798,178.18438517614717,-0.5181221021294379,0.2506840736984916,-1.1481050403074542,-0.15141652388365384,184.59795595009174,-10.591914389833224,29.20157540199892,-97.15793262735515,38.260113053747375,494122.29832728725,22.408964190656953,37.15291089823845,-95.24210667742392,112.21726667038082,795420.1529574179,11.586613241965306,47.53965911583604,-93.63618187191388,110.85855798165966,1869219.7332035794
right,akshat,10_aug2,0.025565965722125508,0.44548808748129604,-0.9037620520842323,0.5370415927332659,89.0806659517191,-0.5691993124739626,0.30877477061179825,-1.0339535687499035,0.3620221119756894,200.92710898856524,-0.5941083818114101,0.2357805959886201,-1.2784243753535007,-0.13652726502615606,197.24378133254393,-15.748647630896729,29.517498372301255,-88.50468622830913,78.62019238046805,362280.43886375683,3.565227172884443,68.19194605808045,-267.5678187352454,111.10195509002241,2207866.9536529644,5.708674558188889,56.98940238996935,-118.00740695907845,152.24794905897858,1668203.719546236
right,akshat,11_aug2,0.15063503198059408,0.3861567606792397,-0.9772396811586606,0.436532536450883,93.15016612389472,-0.6208018576658326,0.21470734478782721,-0.9363828139586629,0.022386201345244196,188.33796275064512,-0.6230736459185205,0.19857244678819524,-1.1739920101716368,-0.2420593505946701,204.91371031904512,-9.741045325394742,22.81965898807221,-82.18306186046733,81.997737732669,341095.44113954273,-12.021959064669623,71.53161801639575,-231.1939024935086,117.76054589691908,2385435.7602905715,12.646404506159492,41.6912904647692,-95.8844325375853,112.14550523012204,142867.52187303698
right,akshat,12_aug2,-0.14945572805557863,0.5077693314163212,-1.0790272015656837,0.4264722114410974,139.21854957262948,-0.4225490098354612,0.2923746418185079,-0.9785564102945742,0.1302900162337659,121.54289940953079,-0.6793008280681779,0.2500485246622068,-1.4735113986156878,-0.2286093649581641,238.53593103174737,-14.507638163972029,35.6128796960054,-163.6385793396013,117.67807709013775,787086.4565684923,1.8638263822164152,71.99021470944245,-246.4299538812166,115.14943517144272,2550218.027804786,10.980999383759594,50.771495925582975,-102.71254641773999,61.79316897969913,346508.529988999
right,akshat,13_aug2,0.1871721879863063,0.3991421308657862,-0.779816903733689,0.5726999091843257,99.29583430827563,-0.4991550055831984,0.2789856598110128,-0.8100495281239866,0.25209179323659686,158.87058537811583,-0.6871108164644706,0.170418243244771,-1.1449593800924402,-0.3395332994743684,238.10537917796273,-15.961627371588202,30.82298268784907,-138.574486036098,29.173101975711216,672617.233072615,17.087567692531838,36.017973642906036,-23.254799543702546,116.6801202847413,703979.510102473,8.271307077103916,42.71686113339946,-110.86283699731297,152.9278624531883,1834795.6938748981
right,akshat,14_aug2,0.007834578943736266,0.5360950036457296,-1.0987277540346807,0.5297324554180519,132.15914813830435,-0.47649798607638955,0.3074447262877501,-1.1900609590227018,0.18426629722816404,154.67399866309003,-0.662268061060331,0.28745800469811805,-1.9470613658009148,0.055745929303371605,236.8320007217095,-11.366548086596994,47.253555655968036,-223.77019341650683,211.25838193317145,1192338.5254556919,1.6750694841492364,81.1548827094456,-269.2736907245666,109.66603318918271,3352075.6091206307,17.339767321183082,52.918057107146225,-160.6960740889391,84.76959395539045,2211030.2136246674
right,akshat,15_aug2,-0.1343229479651286,0.5270750136274817,-0.9356489082068731,0.5370742321753893,139.1280228593552,-0.4346854920473234,0.24977126875310182,-0.96424181159874,0.047667758585012585,118.44939309580356,-0.6438691882527944,0.28803948257399836,-1.4824117846113138,0.0416496225748529,244.18041225432492,-23.66957252682951,37.12302953462025,-178.31201439573798,58.691853170399206,919840.4156728331,-4.096547764392578,80.98147783604739,-283.0430064492295,92.93992439878325,2962728.728648794,12.701233008744673,51.04372665657688,-100.77250874091783,94.08608900328164,1711168.965016774
right,akshat,16_aug2,-0.20264694798225558,0.5712973219866643,-1.391616941952794,0.5581578137272425,155.7750564934428,-0.5059573427506918,0.28624616171802947,-1.0397394087224288,0.5214892711045688,150.9849373891379,-0.6045447837644098,0.3157291595945397,-3.7901801532569155,-0.07314777103154142,212.06213223666123,-22.502136464044465,43.097835879957046,-122.64419912451177,322.25930914167975,1028448.7520250252,-3.076647728204243,83.17393149965606,-245.14958355024683,93.91379811744548,3203318.905473916,2.930481773316905,49.57915569396078,-134.65085964972744,135.57612133748984,1669943.0684939378
right,akshat,17_aug2,-0.13359574022232468,0.5078688254261358,-0.9488860896787178,0.4519471207792899,124.94201241497458,-0.5814274013477537,0.24303978901119744,-1.1358149425544344,0.014123309537004285,180.85499732796777,-0.5812853811109179,0.2432137239666393,-1.0840037489223255,0.10081977014827193,187.22347107421686,-21.895626522999322,46.91135757137901,-154.81730395378938,168.74274181380898,1287108.5741281204,-2.6281689617591995,78.22839059274985,-281.8550138107992,119.77765661339194,2658141.1251809234,17.071020522477077,49.02302818218513,-140.67041653155601,74.51942250813785,1220290.4836564567
right,akshat,18_aug2,-0.2922996284987383,0.4914120281217179,-1.147960779973568,0.4414978596617157,158.7985612031554,-0.44268875026402565,0.25141697638722393,-0.9663634654274732,0.5125845118115627,105.00038745435951,-0.6928659098603784,0.2712841239542144,-1.534283141042102,-0.12668710515268664,231.3390949139841,-22.524387492275665,37.581250119764626,-152.22315677227226,161.27854146512,759480.318818476,-5.034618119530481,65.74464062424931,-219.79925063271224,91.52840555249792,2287560.2815916534,9.276024082163172,55.593504581550214,-67.13452779922143,137.14738901672098,1694026.648745436
right,akshat,19_aug2,-0.2610603584554842,0.5199842264616937,-0.9826561363330789,0.5494929656520696,132.63948305343473,-0.45626668946636034,0.230530060027658,-0.8428374323479806,0.17678474045884057,123.91806843276999,-0.6293897398732184,0.22406481811486947,-1.1428888262821157,-0.2674091137293389,225.38779800605485,-10.794054114455784,31.392310274258385,-137.12727694602557,95.96196949058522,597260.1360714141,-0.04525964886960354,60.70536140120869,-164.3713647199583,87.50389390154027,1697806.3468158836,6.483282079159199,51.17543544850229,-102.9509777617408,122.59961019474139,2186974.6814280115
right,akshat,20_aug2,-0.21450841734708173,0.494952678514031,-0.7870735866551637,0.5871122734560789,129.90649206949394,-0.41368084498916574,0.3012633353893135,-0.8871701772023579,0.4090501024386026,120.20944206587599,-0.6488571463855192,0.23728853380331077,-1.2457710498885919,-0.22923816823937593,232.87580158282367,-12.931563057301128,46.705416806068094,-157.51241292770558,225.5261402584487,1031902.906302136,-0.6124099235406916,55.389339693521315,-192.71220581209954,68.08394109010698,1515240.2452966818,12.131462705461795,53.54336328866326,-11.241441492425906,110.49633428923771,1206123.6813341244
right,nav,1_aug2,-0.6135117941391933,0.3279645780397634,-1.1533549418049864,0.3062952421959764,213.52539060270658,0.32788897579215626,0.3424357420559662,-0.8828870415466415,1.3528588003543198,102.6217527017912,0.705805893579062,0.3216854385751575,-0.006766604275520609,2.0166919775745584,298.41583051135694,-46.363642493496364,89.96092324645333,-309.7326595847291,202.28717070224707,4769115.305407798,-4.412930591790372,86.04100326588487,-205.3542124044398,209.66171584764362,3241054.863254762,-16.274255026722845,111.30872193458839,-273.1094329295223,224.9372709658032,5760296.320018206
right,nav,2_aug2,-0.6023043153725129,0.3704874099686998,-1.5910474043352478,0.36599405652953115,231.39592974350603,0.19413280485330026,0.3682011228137445,-0.5329701758295334,2.4530602125228906,82.72423471079605,0.7007774681841872,0.3689289716634659,-0.06579888656539792,2.2088633445693104,295.6468588480306,-35.34854504066831,89.20354632430234,-640.551638753624,77.18230702885923,4195321.083725463,-6.938501606376761,77.36723348361923,-216.52086155761572,164.93917655292663,2576489.076274438,-21.09166826637772,96.26358543767861,-242.84410177703091,276.07511370389415,3667580.8034548224
right,nav,3_aug2,-0.47296316230036684,0.4177497309843616,-0.9642078612963294,0.2894045797536519,202.23206213477775,0.22666116583877263,0.20946816770626,-0.20689906955152876,0.970110960662545,43.17796119526236,0.6948406557768845,0.2596855765646992,0.25639235245434866,1.1962208195563016,268.3160716508187,-42.34321915295255,62.05027298654471,-402.666940248532,28.053962602495062,2783379.0009296876,-17.658945231854897,47.732096200880385,-170.39414496365256,103.39461355088625,1169604.6964416725,-15.7196678429064,72.91253827211992,-157.33708149091555,171.09547774696176,4381044.987643847
right,nav,4_aug2,-0.45112770354974696,0.38002439374555513,-1.2354653315120452,0.29450586609663143,165.15654293836332,0.21459211853309682,0.22218422956790523,-0.33576166559933296,0.9167738578120466,49.240422969415285,0.7729674402257573,0.27587301398132263,0.12634447208469576,1.5063279279963762,321.59874288548025,-32.77540707833238,77.02186972681709,-350.4081268067142,148.75889841672338,3344959.401325977,-3.597282784497137,59.218946379861684,-137.53019356461508,134.84928990777527,1479289.5308444884,-22.687115671067705,85.3717510233726,-202.95593512301014,147.39994017143536,3905026.341332358
right,nav,5_aug2,-0.5081379846017293,0.35401982876175897,-0.9563036163288859,0.27083142059552207,178.00160617143948,0.2748878780455425,0.21228346657186367,-0.6188311827472768,0.7717802204728167,55.221124296725016,0.7540840363382234,0.2914785844992508,-0.01514715622026388,1.417283378857115,306.5852578340977,-32.53933097177992,59.22376937472178,-246.24606135838275,100.209496186158,2348874.0404443312,1.8490938546313638,65.62032230676488,-159.35728460730374,156.3682213932525,1942380.7237167144,-11.302071127106483,82.33613101982968,-172.30133099790478,146.2285080902629,4168081.2630844153
right,nav,6_aug2,-0.4129714432761804,0.45274872073019995,-1.1426746040481555,0.2722141737473468,172.2503822962592,0.20053776241029403,0.2020401573618219,-0.47955190392848746,0.9533246136891597,46.08812023905407,0.7093132356724632,0.26322635264673283,0.3372676545661665,1.9440082020080331,292.92830852336857,-40.9952119525586,70.60791766726466,-332.55268446401357,145.7791225056948,3076400.0776927955,-6.968147695001186,48.91016751964816,-164.13589752281473,157.2704910728062,1108069.6103499404,-14.233615704029463,76.9903624914037,-154.1240815596529,118.39511765615924,2972643.2786895116
right,nav,7_aug2,-0.3077643098760548,0.4096073026914579,-0.9012643423931807,0.4359268378694695,109.7427694535682,0.3386473946025288,0.22415806255908066,-0.20869987815326857,1.042670321933762,85.57725535286171,0.7970420998112807,0.24331794992934566,0.22040438466867496,1.4775487585662415,309.19565604746396,-33.22063912317008,53.593640249689685,-215.13452292172806,133.0317422062335,1691469.9328196265,-2.230546912840902,56.26110390744296,-175.20495119765238,134.63556776493402,1480070.0727144373,-14.92645194876409,84.07198822822696,-143.2485829963357,285.87210389972233,2637251.2178946994
right,nav,8_aug2,-0.43496979825251314,0.36120685217596954,-1.1592229197386834,0.3576714671334827,155.15143287879107,0.18006780580860093,0.23140224912560567,-0.7279755081878786,0.7473552128248189,30.068700651308287,0.7966101090151502,0.250037476174841,0.3794551012771997,1.3922319278149273,332.05639056415095,-32.61159414558533,63.64093506047523,-322.26934728781623,61.58448131510447,2586893.5003218222,3.6225996784859484,52.795129870510664,-130.00343563876754,142.87870809222295,1503618.9088066076,-14.885863671304863,75.17703922717824,-184.30971961574537,161.39442879055466,1445200.6857803676
right,nav,9_aug2,-0.48873338367216634,0.354069864340211,-1.0408199933891025,0.6237858035925712,170.427480571335,0.31537304019927026,0.23285173796800135,-0.4342873348400472,1.0398598393517895,64.80275743578983,0.8238019385214094,0.25535530880663815,0.237894639880242,1.3015596924715478,319.5122159000265,-29.36995775090274,80.43950404706243,-363.3309410290357,202.01835803619772,3542715.3221355285,-1.9831148356700827,67.77287485059843,-168.31069569008127,146.3206669940279,2188276.4662743397,-15.711075462859693,86.38835888032465,-179.72255058975236,184.49614841544437,3220250.171537204
right,nav,10_aug2,-0.5065325081280175,0.4140074059394341,-1.1598634644793073,0.16721991909914077,196.60122637358688,0.2505992668469129,0.21793987498137157,-0.4176839267509266,0.7953479029553356,47.20494667106292,0.6897086034199736,0.26495966382738334,0.3004463713717499,1.4356158259631975,272.40880382231126,-35.91379649716465,64.58075129866914,-288.0644998854125,61.71143047862163,2379658.16606793,-15.387297576174749,46.442961711111465,-147.35520991538056,84.88364939269059,1180343.260772915,-15.552430726081997,82.38772129090147,-82.58341746958202,221.3151983762307,3331447.5095507256
right,nav,11_aug2,-0.47768355578551525,0.3695699451534978,-1.1512445427902254,0.3180801777354358,153.4975324920791,0.229159981888935,0.23506957865974554,-0.3630321457694507,1.039314426891982,43.589318614312425,0.77372305924561,0.2470417425949843,0.022196325889238443,1.5115851009628483,307.9237656930187,-35.77282313640543,67.14659032487141,-410.2907196991753,133.2543550897103,2817062.187655469,-1.6980357000293482,55.05200620036609,-172.2421494502561,131.79093651215646,1334794.9184164512,-12.148471589737467,86.14878090246394,-205.01378330019335,222.87202597037987,3691354.599058642
right,nav,12_aug2,-0.43183044040471547,0.42484746613713426,-0.9641049779102497,0.3049066540083728,173.50389162320874,0.23803808490184628,0.2741067330606304,-0.4349692937009807,1.288778661165004,57.126082514022194,0.7827762980113083,0.27000773628881175,0.10880107657952544,1.2763112425926477,291.9987077290239,-39.602699970782666,64.58359428233197,-330.13284102061135,203.4553968045204,2651718.512240231,-7.667877105972063,57.26456250772814,-156.78782778197774,126.86799343770906,1524145.7319041174,-18.223868927458643,85.39206327323302,-143.7265363273683,166.5281223131512,2549784.2109460374
right,nav,13_aug2,-0.468903239395289,0.3514923551929483,-1.1830115822591016,0.18514658920661134,156.11037037009342,0.23047020522369044,0.273089456842667,-0.5357367702698709,0.9603655233829701,65.37618878435399,0.7754475213482355,0.23944415225282492,0.38364603152130816,1.2993336622081875,313.1147448076678,-42.767102092237586,96.28983140997424,-426.5578418159852,118.20769746523611,5060577.184017382,2.33441701987379,53.87407647881683,-145.5288993478526,109.19886775098254,1242862.5451329602,-26.2608865459714,88.80664966903623,-155.2420194687748,173.67447451783397,4953145.682314454
right,nav,14_aug2,-0.46710370250393485,0.38800117414554397,-1.2509631818452804,0.24531521024837089,166.35575264176654,0.19859136680023298,0.24805108053920902,-0.5494303216247003,1.0358214643150987,39.34602880379265,0.7881306022971346,0.2761926273729368,0.27544517758272835,1.4187610290003687,320.4574462478005,-43.40294594113633,65.57223244884919,-289.7300570111246,172.29532100955242,2890693.809444143,1.6524400722653478,68.2342191442509,-174.3915162990671,145.73448600440156,2140305.0989801125,-24.5475047198233,84.6235569314142,-186.75793343277715,242.50478471601923,3944088.584624192
right,nav,15_aug2,-0.42402428927484626,0.43617736423133663,-1.240018198202792,0.338353587645763,164.810713108741,0.2398300917762208,0.19196781514703334,-0.3518462268659836,0.7348707008182521,43.283931596574355,0.7620951806723728,0.25598642245236747,0.16371588176794957,1.4085149453071502,307.2291728431143,-35.524094509786835,51.76602137309776,-265.2986998650328,50.27404663327734,1800617.867945037,-12.586274354139647,60.769959232000836,-177.33470036611433,126.38812281312576,1887188.7708196004,-19.51270506306,71.99726935112501,-149.22385904890356,208.64652400648413,2316656.1862761173
right,nav,16_aug2,-0.5338011710327694,0.3710983664068958,-1.5235150477750703,0.30595919456759874,223.82236479201262,0.19503812625854472,0.24362941074344882,-0.4420372863975426,1.0057127987723855,51.13905653922538,0.7340132475007822,0.28839581283185467,0.08230037693979367,1.7315657956508805,300.897938030325,-38.317309786686366,74.38805031335895,-326.30958522830036,141.71147655794925,3444312.3769115596,-10.63315360631841,63.47179638384969,-206.7877105657326,139.731416534011,2038587.2679976046,-17.319186572025554,90.65672631193007,-164.45556656524616,171.53413403760936,3568895.1950511876
right,nav,17_aug2,-0.42621656599526947,0.381147651158374,-1.0807927405233504,0.23037716414174514,163.86351302046475,0.2744876533190509,0.2523940099526172,-0.33143719077661227,1.4097852673114384,63.52676879996026,0.7543654494447708,0.2698825911173978,0.32143500564213046,1.5792550027027301,322.35351362340475,-43.69440277979784,71.73355318317638,-385.59004159776134,175.52149063569883,3226499.249036086,2.5544899329739903,66.01739920565333,-175.1168894447608,170.2028962612124,2041275.8422647647,-13.079991898592494,92.08583611264167,-115.86055924646269,244.48062975000735,4657708.559160143
right,nav,18_aug2,-0.45639243052670986,0.4298867109567102,-1.1066781106694867,0.41965061111646473,210.0875430889603,0.18553812897787234,0.21692144539970878,-0.5339589885496869,0.7471290963180566,37.02644904993455,0.75224895104129,0.276548822919396,0.21284999941463523,1.6365975471308791,301.36841594207414,-43.70701406838703,67.96085816096607,-305.43095450727725,118.0748355735278,3000844.2753571635,-2.6638535930042053,66.05198572970365,-217.39671945477164,143.25168101748852,2230974.6746016275,-13.883657773777083,87.93473268673618,-124.96139891486595,115.7385138837594,2890637.3025487894
right,nav,19_aug2,-0.5035499465314498,0.4502031021163887,-1.0436751967386848,0.3308056477610324,216.3301411446632,0.18883287272409077,0.2281949718818879,-0.45204539574939095,1.406356771390837,46.39561652327143,0.6602522197693236,0.25266469391571766,0.2428710551877759,1.219473896664663,266.58696126809735,-40.25643326930826,80.59235878023459,-292.4921969844918,240.4107695225161,3574513.692136595,-13.728425513462744,53.708008515277655,-184.9759072355363,117.4653887223654,1637180.0929714765,-13.477010269770306,74.77075909028486,-149.4627865648074,203.67571980874172,3630062.8895559316
right,nav,20_aug2,-0.47379312881330643,0.39407397450804454,-1.0630851444852183,0.2690938835170969,168.5234404553737,0.2344451212627434,0.2184873624584375,-0.3488752503595676,0.8240841876874052,42.958604128638484,0.7429909520596537,0.24668532421577366,0.378213194699657,1.6588867862949301,304.53843803413173,-37.90078835206318,53.937402311905636,-242.71379777946663,52.127033752066446,2237695.121876319,-4.559873332603405,59.48171634954858,-175.25589741713492,98.67372105665615,1698151.7256308682,-13.851662719126207,79.95331305951464,-176.85657061989517,171.50459106729193,3030997.4752342994
bye_bye,nav,1_aug3,-0.10575793014186899,0.7862039808814071,-0.861701687332962,1.5292643409206528,297.10499475905704,-0.28969637256715514,0.6704762541589798,-1.950283982737398,1.558178779453853,247.77127869351355,-0.23328984846174688,0.4577315161269745,-1.3452033038435267,0.9519126835794927,129.08389867892777,11.055948715970027,66.65345814907063,-328.79599479478907,307.39206157064325,2177445.4812520533,18.172393713273436,91.36131603725772,-220.41715492262605,248.02655294320337,4470335.278409264,-36.27212201957279,123.42629819005631,-281.6627900330073,180.19495499682165,8398235.978535175
bye_bye,nav,2_aug3,0.4372495643145137,0.5145298763558657,-0.8562366335461014,1.1643623875100864,198.0825778307227,-0.12528630446527983,0.7172714662034583,-1.9807791904937377,1.5109891372422823,236.3018270327796,-0.3511838484746309,0.7037831440516387,-1.9463798124952152,1.0347585880403016,283.32845278543346,11.399565702002835,59.35667069028849,-108.83311519298333,206.82873069090076,1761991.2239935764,20.203607373263534,162.3108207932911,-360.96743619703585,340.3980523033164,11960056.879149847,-6.533180700030595,146.2333600462891,-355.2410305696865,353.50855057648755,9701726.434545787
bye_bye,nav,3_aug3,0.601342762844225,0.48058239499016914,-1.0099779986033093,1.208209139081596,279.980879072999,-0.010999452314931098,0.5730067983698349,-1.819116904973872,1.1400065203974645,158.22668147714745,-0.36432781807822096,0.5281761228342851,-1.3248555819479515,0.707185403294322,193.13535049672188,5.2521961203259675,34.37272187888733,-109.86197557326568,134.59516148986228,591591.2550126542,17.69059383778597,123.58423414911123,-286.69026989501896,220.22413674213226,7187770.291881407,-28.648456845047214,104.22490816027627,-307.3498723485621,130.4511466777154,5146638.050727154
bye_bye,nav,4_aug3,0.3526037322867052,0.583093426375239,-0.9542015022878351,1.1644310472047323,231.27340415916146,-0.3235612466187637,0.7288394858011564,-1.7515943288284508,1.1443414842851487,291.06726912789236,-0.29664764677584216,0.5113904302531178,-1.3415216950017206,0.7743253825149208,168.91107461417968,2.116555400595354,62.97619931871506,-135.83147658903565,276.1330476528601,1808752.99612751,14.604849090065832,110.39975663051685,-227.5329552084337,269.9981299398666,5869089.908274773,-2.207766396505991,144.58339912464618,-319.43746397653314,363.8055398082898,11330880.879230503
bye_bye,nav,5_aug3,0.4652329390334474,0.5168741252980258,-0.780656030488751,1.3524892055052113,231.6709767288672,-0.025193786764824762,0.7379845478919835,-1.7370119209209556,1.261930926041177,246.24017024199335,-0.31209241482938466,0.6072090395508111,-1.3620363387044174,1.2128054197126024,218.64184483806324,7.62351560497196,45.97128795704275,-135.8261128485246,184.1509438189205,1112600.8263015156,24.23183246554678,115.70370895063165,-227.20071360608202,222.18165870071243,6378850.874241799,-28.25049160539803,127.654859795241,-303.38650280529544,130.73017575308577,9928138.435270857
bye_bye,nav,6_aug3,0.4390416768021401,0.49535405972940744,-0.8823612854833004,1.1114000174096677,187.66822460396918,-0.05041307982539463,0.5810055686512239,-1.4100690655172137,1.1714610380527193,167.82268836290928,-0.3539203720804626,0.5599437600524438,-1.6093127006366958,0.6735574123812043,231.37193670878693,10.46484647146603,39.891179655817716,-81.832726271647,157.27593747308228,804163.7192175497,11.660700825353217,118.12569300019182,-245.99535861822355,211.29524841267144,6467520.841250468,-15.753652483650965,106.21742249544779,-198.3099525097648,161.3800692568353,5294801.285687377
bye_bye,nav,7_aug3,0.3010454746232135,0.5969381184030268,-1.1359711060769864,1.006509815769858,212.48986458032059,-0.1278525586479278,0.6622254054254738,-1.3956658293166282,1.323856546927684,206.60480498229134,-0.4570474298536513,0.5499406684242627,-1.307275089272495,0.9548198765926188,234.72438122982007,7.107826214857651,61.59735042725373,-138.86195047780714,207.0851381759814,1712864.6144550857,0.8237991120016172,124.70016028295184,-259.1516772264466,303.9277478710913,7135331.239054667,-0.10669835499365421,133.09465428931577,-252.56569932813196,338.2266549867158,9748313.590515915
bye_bye,nav,8_aug3,0.26398148860626297,0.6378883371929862,-1.3139155340571909,1.0762226569849098,209.1384871444534,-0.1042536124298052,0.8164586650096537,-1.6790963932305067,2.224755451750207,304.11573920629644,-0.4035884928360944,0.6021540070858071,-1.6847125599278758,0.7864171154894144,243.33608358617872,1.9764628564605449,46.33981258261841,-154.7447320903098,156.61131340997906,1132682.6047702362,-8.64234826422692,138.0495102902125,-262.9450810320596,221.9196888478401,8763294.944332896,-10.020616000381743,163.898260514913,-324.7807633692191,275.63707469587433,12214049.060881406
bye_bye,nav,9_aug3,0.276327201808836,0.6274468622261542,-1.2481186797032058,1.137038670920646,234.73395543164145,-0.185876028444301,0.690046959330577,-1.5413139334645438,1.306005389889192,227.79554675541956,-0.37667627256315805,0.6209796898509023,-1.5959562966891656,0.6969739895863518,258.3789027953386,-0.8879790383033516,54.57738597337194,-203.47724507392408,222.38854062549672,1354456.0831226644,3.9428221018073164,146.48795557403733,-316.83892150574206,322.45265753220684,10024058.379130635,1.1384574840502508,139.41431586551113,-230.82801840776452,278.5296306002769,9262908.92692973
bye_bye,nav,10_aug3,-0.20471685368742987,0.7823961323960393,-2.089770111493616,1.2015824456366828,290.2410819280785,-0.20349584222901168,0.49383080218705155,-1.7507565584725318,1.400167795216474,136.31266466278598,-0.27505370187786893,0.5651959028097714,-1.7120909572477794,1.2694922659227241,203.43616773601542,6.9491063021401995,67.86868471335684,-216.6018653069701,337.97554477578524,2418477.68090939,-10.277528304549811,128.88918240381798,-276.12236402224136,299.81020952153847,7584134.261041363,-2.0485898621111214,606.8789539818443,-12906.88073903202,341.9527922626558,171876293.39858133
bye_bye,nav,11_aug3,-0.012518225107223196,0.7704600088835101,-0.8215718145301133,1.399629667424677,292.5581561930531,-0.136036820652429,0.5542532713896933,-1.437034878770759,1.175954552036925,155.52278122678754,-0.3354266430353655,0.4984951700466852,-1.7600318098025671,0.869934081515784,182.6346453374164,-4.6855069236679245,64.22940795244438,-193.21044636507722,209.9578567090703,1951269.637244428,22.921176083357253,124.65006665403914,-339.92871857421636,265.9297097774085,7720194.511856927,-26.463084334208844,91.2578266352683,-296.3125940885343,176.50337742248644,5087505.272657871
bye_bye,nav,12_aug3,0.5059041950070441,0.4965809509024286,-0.8898795314360923,1.092134221079517,248.14346947723126,0.03692512689224491,0.6233835842418072,-1.9077590284328707,1.0588046737504386,171.59203821920798,-0.46859294980236793,0.49428071815816993,-1.499342957467313,0.5635618026647917,222.8592776543285,-4.318902749684335,51.27810692589395,-196.96875357218613,167.40998778530943,1190245.7116495303,25.781698695563847,103.2201778019597,-192.64169704679173,209.89022582028312,5404551.306956169,-23.804989278568993,93.73246287614602,-261.9826952418191,144.98169686926008,5324957.57153449
bye_bye,nav,13_aug3,0.4761115280109137,0.5114599683155432,-0.8083122213217498,1.1013579638046973,254.68628000523196,0.007106015148850717,0.5445147568704045,-1.3186898904960755,1.2509950377331813,137.49361737579076,-0.4225862209912541,0.667918549258564,-2.2430707072847453,0.8910685056791791,283.5894095581839,12.895708554031177,49.99727858936823,-106.12032599798377,190.54029515401035,1129510.0833646485,16.164282058002858,147.71890727241015,-374.8406198700042,251.51014889456005,10045367.169323578,-27.493754597387362,101.32348425815111,-230.72929346364919,160.35621814641357,6335459.438206995
bye_bye,nav,14_aug3,0.4607272508140324,0.5847512020042664,-1.761744048463506,1.2009318015581925,281.347019017521,-0.09162107426262386,0.5436439756338348,-1.7739886316945148,1.1127395641569593,145.440609625495,-0.37454231248712233,0.6077655662444837,-1.565115853751513,0.7896622379759716,229.87941890741607,0.5949774424091103,61.692411865787854,-273.07108720516686,182.79985231452798,1764001.6963116599,13.420132246085164,138.4842113946558,-372.0009872849214,255.40395946952526,9270662.488152975,0.8161806391982303,133.3519986781622,-298.8237752417364,434.5044337557694,9035918.469330415
bye_bye,nav,15_aug3,0.5802599158879049,0.5583537766894893,-0.9045423676234995,1.2676807198874567,297.73737617070213,-0.038216522901496144,0.5269936963468198,-1.5123626653026079,0.9326179884725014,127.27538661954027,-0.29359978805726744,0.5913126004358691,-1.3584660705753586,0.9470494122232761,206.75649737618076,0.1416403040267764,38.81902955131359,-129.42156439797213,129.05938048417835,729984.7875007481,11.986895358337145,120.98149061410412,-251.83281465956665,231.5439129376256,6699129.344775942,-28.67571362100677,101.7349991415444,-312.19326439165457,130.23115442861453,4839767.156800325
bye_bye,nav,16_aug3,0.22505306766036992,0.6762422542824159,-1.2792186687002667,1.280259632086185,242.54614989517398,-0.07740714276955347,0.5788718695821384,-1.45166195644964,1.3104965027717856,162.41001901099884,-0.45479839447235465,0.7290838209052095,-2.100492568495887,0.9593464540439873,330.23570418558245,13.894986663215944,49.74256211676387,-185.1432844334563,140.7904734693471,1324250.7264457962,0.9949671292902234,177.4995796749054,-386.3714085479748,330.0463442168596,15126846.14462431,-2.2663459047440853,115.03783664724682,-267.9813888766288,250.3045513298529,6335561.246801628
bye_bye,nav,17_aug3,-0.17024669009382795,0.7275259144745486,-1.0452365994419788,1.3822768067198874,279.66581715209827,-0.19934397957325217,0.6187084080031918,-1.6442552894730367,1.51153983066909,186.71215309707742,-0.23829933713244394,0.5996003494993706,-2.135058113725392,1.1372976098187302,203.47321889912203,1.0261112218146835,46.91660187887315,-218.5386049441759,178.83601462454484,1045361.1982004228,17.466068631719345,133.30882229726322,-382.80803742651335,253.41845380631494,8348446.393288412,-29.476550688835523,110.6137094075502,-326.3732595358579,177.5559455454525,6169461.391752679
bye_bye,nav,18_aug3,0.4720007202355926,0.5590140347335977,-0.8493153841868063,1.3091973787078657,250.19307710456252,-0.0870684013541276,0.662066837746292,-1.5011770739021337,1.335135009012834,214.1544058388609,-0.33715993676117295,0.7273315323705541,-1.7024641542687569,1.0029046530404027,288.0036291533439,-2.922593060592987,52.06658417025972,-215.8300009457943,167.3197451872126,1391103.8052671768,0.538202946423129,156.54461944934832,-395.5054831516615,247.53717803852072,11489617.148264576,-13.128609055285649,141.35473372960797,-319.6020335573407,335.6956497136754,9342463.081610022
bye_bye,nav,19_aug3,0.5640336210011532,0.5867787022386552,-1.0139279212248566,1.1341742687403773,313.31476189945937,-0.030682152703102546,0.5132359516713944,-1.7350362058390079,0.8851803013028756,125.56017048980422,-0.2727096203917716,0.5609218195838738,-1.4808004274028457,1.1066455497236176,189.0160497260642,-1.2333395385686239,53.86738420655318,-164.2386578245215,253.54122346868235,1312892.0375362502,8.40603926155459,99.69477250678426,-208.15359040307155,186.93130941235466,5092156.791651089,-34.81029349437148,95.60764822615647,-341.12458760535606,138.79078266646925,5164971.488805043
bye_bye,nav,20_aug3,0.5809419365168835,0.5226711794707004,-0.8377171827040792,1.1470744928822343,268.9174789630885,-0.0430119268123824,0.5124464986195741,-1.561570512741127,1.0936886574024045,121.1514962432417,-0.3306837886277129,0.6139578137182944,-1.6648024663681862,1.342736520025084,244.20610003958663,-3.678370049527094,43.846443492084596,-188.54960177629692,121.45037228273118,822433.9136639591,12.489300995472398,126.7209016908754,-268.24407002390916,248.71442285462422,7805171.074933901,-27.097142939076942,98.5346989403719,-339.1429662195385,138.97602636437352,5197446.4353614515
left,akshat,1_aug3,-0.5241006255413856,0.40408154924121636,-0.8284130761644524,0.5221519445266211,214.1573217912038,-0.6217714411011072,0.19429645898460415,-1.3661197780653778,-0.3058130048980548,197.79123148820634,-0.32601337342504993,0.2444392381476891,-1.5135209343362035,0.057160282418666435,90.06584938092374,6.8635198681358105,21.9740795813788,-77.02573869553267,75.78069111498253,246973.2931157029,21.539094826980143,64.94841152209194,-90.77060526338613,248.2972514184585,2213312.226391334,-6.366271649145436,23.357245133242603,-115.14761379418472,85.26139527006906,448385.1176769928
left,akshat,2_aug3,0.23889778665476877,0.4393470142477802,-1.0728284777386672,0.6060320226680267,119.84845141411415,-0.5570727887074225,0.21459477103864003,-1.2891806488098914,-0.11045317578544704,155.94293887084513,-0.6599955804930097,0.2655764896482056,-1.2181037956296017,-0.05375325229241666,228.39135940774355,20.668144775495822,42.36391652183165,-157.91758488767962,182.60305338375628,964749.2164763244,4.34553225117541,73.93081329734461,-81.55660061298975,265.76309493066464,2550959.8690821636,-30.455855675046696,33.34977431575741,-95.24297581400359,-39.91135799570901,1319283.6104060763
left,akshat,3_aug3,-0.10002606500275461,0.5432674116890696,-0.8805364043144912,0.6994579305400394,138.53097016700127,-0.6424856671287037,0.2094932486669975,-1.3209136282858744,-0.28232028850714075,212.63987547056908,-0.43439824349451417,0.22555450814067934,-0.8275655267860901,-0.010907703331176143,122.62130335159127,21.169402714594778,30.080039331595078,-16.847495635251263,156.07960063358098,528132.0406217673,9.644108217332803,53.329707367542234,-72.82995088896807,156.58485271358114,1597162.2351828055,-4.771787455109578,45.526108683693465,-61.94384785463711,134.06014240293604,581293.2608195248
left,akshat,4_aug3,-0.08526707739241911,0.5444015735230929,-0.9233584825814095,0.585369633002303,155.1371934531882,-0.31905902917187146,0.17794506849958033,-0.8076151773994029,0.34834118340581677,69.37020317174448,-0.7257988806770878,0.19343760539001342,-1.2944508318326304,-0.40353263664362093,271.9026293398604,20.09731847367768,41.315871817464746,-118.1295275961512,135.55484845432937,885379.956711113,1.83642903819392,70.72556534015206,-133.53675917904397,145.55344683393386,2409538.8235745495,-0.0799996753644844,46.0981332396819,-86.2533624264924,44.78125236920624,526951.9338790657
left,akshat,5_aug3,-0.030842597245612613,0.4825640980102707,-0.8658112414751029,0.4827929456504416,114.78002437956034,-0.5173638622249873,0.2662647245026359,-0.849305901966017,0.015082692053880964,162.8707555145396,-0.6537732701601255,0.20759455244355324,-1.123106279512891,-0.305941586772002,204.530913084784,24.026644676484228,33.16219472887844,-42.15046912414094,127.17557964379175,860768.716345216,-1.5063729423202463,66.84485323451304,-155.52185770174555,154.05281123965543,2301021.7467231276,-13.651386225901762,34.641258341145786,-31.269908746378192,15.140435345059707,-41555.22115827212
left,akshat,6_aug3,0.049842903161143384,0.43254435890805737,-0.8881517393384473,0.4474157123100598,96.95365947225551,-0.43926871890881963,0.43515363314381705,-1.3216031486564044,0.30708377305383255,189.87537082056627,-0.6058715364596711,0.2944617417526529,-1.2614681515881399,0.0796188972278774,229.6381108143324,18.439316149293457,59.441820089577426,-158.61267912983539,238.90058023545373,1570096.1890977495,0.1503243001766827,71.18959594506832,-190.0815953467965,156.66909202955037,2428755.154133367,-15.140625077704021,44.91987539014166,-55.504887163311174,160.4884941879782,740582.1240136181
left,akshat,7_aug3,-0.0476235064825847,0.444688698523151,-0.7383251526991406,0.5652639602991936,89.16611407893859,-0.5062675889135605,0.34956440499315355,-1.0197757796642875,0.24426820143468153,187.92477234168777,-0.6287434663075098,0.29114524829916594,-1.1296593788199687,-0.08656485403474654,211.7922782913027,20.798169577260214,36.98499425384306,-69.75163447068303,100.33777127165993,850584.164664383,-9.155417315106778,74.65235668186911,-117.96590590943903,169.6432467450612,2611357.6102313455,-11.307094685408417,33.8723051918372,-102.10920733489809,44.713345691764665,885898.9259956402
left,akshat,8_aug3,-0.008335076198808036,0.44891559594021657,-0.7798956307482087,0.4870907058943027,95.42443785217037,-0.557251651445037,0.33330839538694074,-1.0410004454850414,0.2555860256755962,199.05731560970497,-0.6270048381818999,0.2888196232612698,-1.142825659407013,-0.10256492910485882,218.53721429452753,14.025452722292563,33.7490936900212,-61.255845361598944,134.98328833333628,754019.1259301938,0.005646277856838133,72.13847359063212,-93.97013509928635,186.4127061143314,2297948.388266166,-11.13243974091273,48.787458866958204,-121.07475112537077,191.2348411841058,902317.8605189833
left,akshat,9_aug3,-0.13987600979689463,0.5105100142394814,-1.1783131573519863,0.4877205039488466,144.81137288004228,-0.5128326719685118,0.2785617586837077,-1.5692655971864333,-0.08662385882196456,167.5783173224199,-0.5985380034799092,0.30526217474925127,-2.616530699885523,-0.18114776442542768,221.7067821807481,20.20449221230698,64.07755009046731,-126.08766313239522,666.6795958044096,2022835.4201128017,1.663195587233995,84.02813038467187,-185.0970556304272,182.70841547085854,3253236.6366251097,-11.54311418061848,40.71071623091441,-95.19237153936547,45.14328220672357,1346718.4286471214
left,akshat,10_aug3,-0.1246630077494809,0.5003725291179449,-0.9076414218926252,0.41184485996407805,136.18394865505127,-0.49236236399629085,0.29375912469437143,-1.072295629049933,0.1876712549576736,146.2765431135167,-0.6198246248462923,0.24526570292589178,-1.0671800300543972,-0.18616212375699198,228.1026162547948,15.40311301178067,33.43006316567698,-57.33004120151262,111.21491200528357,888243.7731041176,3.226494934474206,73.89432736663392,-194.7855226181976,165.794631258552,2552544.4160374324,-7.140807877030514,45.52668790741092,-114.69787394154936,42.119307770984165,1220477.8739361963
left,akshat,11_aug3,0.023561611993107644,0.45198874013678325,-0.7971988299981208,0.5242321599538858,92.65971130921298,-0.3964534893529352,0.3838357922592078,-0.9039601718980329,0.16647524612373468,133.6594439806971,-0.6998481975424472,0.24797956474128074,-1.0703198564556458,-0.15832755856081315,279.69245706281947,21.58027179070313,37.241103329321504,-42.319239827731906,131.9953876733164,674004.4657115864,1.8597191805590445,68.76059257530908,-130.64099808841857,188.6167098854999,2075697.4178584646,-9.456644315360455,46.88730224527642,-78.59780918230021,87.03497291378912,463859.6075791742
left,akshat,12_aug3,-0.22952417862305638,0.5691458954856118,-0.7988204966473484,0.47642351003650574,159.76829547298973,-0.6062588750416287,0.1876296401621038,-1.1223690086023153,-0.00950393935473394,177.6104460840436,-0.5150246067389856,0.1766657640858869,-1.0135067299951985,-0.10776798139956267,156.24034968279005,21.972436849574294,49.996328528371386,-139.62494049332727,280.25268858382015,1497702.3218897292,9.932166589629528,64.06234658249608,-145.33681718176254,168.54317572382078,1995659.893380524,5.6495574953389465,30.3811131124525,-102.42449527003562,117.77768266040493,137561.51320542436
left,akshat,13_aug3,0.11273885203346548,0.3856521258994092,-0.7751722854666794,0.6702154004885262,75.04428335946072,-0.4680037996022069,0.3578286617970537,-1.2622028342812392,0.12441771880729768,150.29297685831054,-0.7000171393300764,0.24359882620860807,-1.0436090763574686,-0.19508227872017866,256.1515947728389,14.070465979210553,42.09765465989877,-43.51447195808859,226.20307921994495,970263.0459966771,-7.426288509202156,72.01286674826096,-138.41963214972972,163.62209629147682,2157698.659042946,-28.247699697338565,46.33603205274477,-97.87501565775587,132.1652439636502,2809590.5112781087
left,akshat,14_aug3,-0.09601702673687568,0.5579668451341224,-0.9415312316680249,0.6122759953564583,143.02205935044026,-0.575879241197326,0.28175012090987805,-1.5344105312432093,-0.08889387093641543,184.98901956403844,-0.6074741125582177,0.29323681565447274,-1.1404523185302584,-0.007236054283749927,208.6996626580022,18.607131694087055,36.19874590988125,-54.375252001029416,179.94919196286614,851147.1137727051,2.9483689211355313,80.92500414137639,-179.4455057442585,228.00554701440532,3167402.8319708826,-5.43086531719746,43.92520700672111,-131.79481605357608,175.63975545045943,1147559.9103079587
left,akshat,15_aug3,-0.06614401227496718,0.49670797538074457,-1.0126981661754342,0.4861034775240821,124.30829410605868,-0.4350101168200313,0.4106237979111174,-1.642458404819596,0.32526841039579346,171.86770814842674,-0.7007533350629098,0.40594038636988394,-1.4915567065730555,0.48482554223691127,305.0563819803913,18.87430859648924,44.459046892176,-65.50906326767367,200.9589888586751,1158796.5951788789,1.197437691240848,92.58829079097984,-192.1002758848824,359.8876721064464,3869108.821691635,-10.708320583403408,66.77113499186667,-201.88774748251666,138.17590028429456,744634.5178347088
left,akshat,16_aug3,-0.13460986312400203,0.5363655744516246,-1.2378198667759899,0.4258708041829017,149.26042069012263,-0.5917674425223729,0.43698002530423674,-3.1585331922897804,0.2611696049752842,242.13743015062317,-0.5801316864642029,0.48157605745504894,-2.211280632172083,0.8820559924316472,266.86874764477756,22.101066007775508,85.86386502521874,-212.28709677754296,870.4177512443995,3485941.751522074,-4.390354092507142,101.08882704400918,-202.01712546102974,281.98022403728515,4780210.905427081,-7.6767165959584185,79.8637250053896,-206.62657634391843,331.81376585844646,3103544.079964632
left,akshat,17_aug3,0.19428679434292945,0.40129889680102837,-1.0458923472509396,0.45295332003018685,112.90080417096638,-0.4050779336093364,0.21015169457478364,-1.220148089956951,-0.09235960270831442,124.06215077135828,-0.6637391885305037,0.3193345005717761,-1.3236779805284076,0.2848060260514914,272.8732164280675,13.149840290423539,41.080050293172086,-109.22476703466202,129.81430595779756,952162.9015701582,6.6017209547577735,74.39879976620654,-128.60006809479088,280.1732019722874,2462533.4733883184,-21.08907061698716,33.08724750120666,-160.78603559387287,54.55939409207088,900571.1886599334
left,akshat,18_aug3,-0.36647988872521026,0.4528024609898369,-0.9558010177373748,0.5800429586262268,169.89136807075192,-0.4893358351782323,0.2885168238683616,-1.450218988638909,0.2777192432214356,165.6793343565164,-0.5310921561471315,0.2851947000454155,-1.3239796646899054,0.1365780131189852,173.77860778852218,-6.782182620381208,28.537281795739727,-91.09163396267947,55.46582999591152,337919.77113955753,8.789393047413618,43.591371329888055,-95.3389256724006,117.1081144956951,889623.394165272,-19.389918694699702,51.43161869526127,-173.04306353335198,114.67826999178995,647668.5806280007
left,akshat,19_aug3,-0.010275004774905283,0.4074693263090349,-0.8018264127390367,0.4725485796805894,89.9737729827536,-0.4999172681458034,0.46577336500789374,-1.5466894134520757,0.27419184568582194,199.15359240296976,-0.5974507168556243,0.32455658522201664,-1.1888337399133155,0.03859835951213192,216.14479656408537,19.79992596859654,47.71688383910526,-65.93264646040917,225.2565261741217,1379792.879547042,5.495979599577539,62.71663540913823,-88.36935286717015,219.48191668959868,1992943.8831816146,-10.459573534891348,59.63104169962881,-111.43854489289953,152.8829441922865,1996630.9663782343
left,akshat,20_aug3,-0.16293681134826446,0.4896978892279109,-1.0500866562592035,0.45938691090037015,141.14254132850482,-0.4705052698812404,0.31869361573808425,-1.4468300424289096,0.3740571964987375,158.8514447056485,-0.6247530017928734,0.277599573345347,-1.212829161412987,-0.13974846358620846,234.01519875595437,16.733888923937243,52.91192728332392,-248.10427377706696,228.25598504059155,1535769.9943063606,-7.6484589141768335,55.70404723904557,-137.41141546108926,130.05714219604732,1551084.019810423,-7.748357329696738,57.03888921476953,-107.59058362218707,178.8856553067334,2049554.1448594227
left,nav,1_aug3,0.28600175576854,0.6327625865576237,-1.0603788370954492,1.0682433641582674,208.39246319315492,0.212750220783891,0.2925196151503821,-0.31269985563634445,0.9568948640232322,56.700366208805946,0.416787630745899,0.6068085473099514,-0.7448674044662619,1.3961672591544059,231.8039366995889,18.550724565445783,49.49042974986596,-180.53310699544153,126.46659729866697,1139408.4898035845,-2.477895257256053,63.38549033461944,-174.45870648099282,108.47289517073601,1820623.1910002078,36.9994133974686,75.63828682823605,-3.6597797618703822,186.2764683102503,2281880.1743889833
left,nav,2_aug3,0.07404478086286055,0.476811962356269,-1.086886564203403,0.5199794779326661,132.06397590664113,0.37302661569967605,0.16035443159935964,-0.259009218518621,0.8550799211101885,71.87678615027238,0.7897823296250339,0.18997719125690993,0.2588884193555507,1.2508907387797659,283.2677112391058,23.420559975865547,37.699933988045146,-41.50306157233225,164.81166965513918,797051.3692087722,-6.625826588061764,56.42174398204372,-146.82474318488298,72.23923653403864,1366423.374129579,34.10731427229943,62.65999100075904,-78.55170129574685,177.4788065684275,2226386.1093114465
left,nav,3_aug3,-0.21071057520377562,0.4282464528514168,-1.1449635743455762,0.40845611395665365,96.60368996003369,0.29345918019182954,0.2368756973615882,-0.5951310986666505,0.9711814512285813,61.289951380693864,0.8907699301366611,0.1981165277762851,0.34421052100183935,1.283953052032667,301.31023678548183,35.25658867498823,52.64513642796346,-102.78923865244944,211.39666685625264,1837565.4099302269,5.360829891085127,70.01698008759124,-172.4077209318863,172.70070950782517,1978449.5583587892,10.442010561483565,88.73631480264096,-142.99944284071202,221.38539012670813,2097250.481748693
left,nav,4_aug3,-0.3749307854851018,0.41171715986112134,-1.2276568617287893,0.22088070909665128,115.0323032884398,0.1856402135882061,0.291623618516812,-0.8390224279221913,0.7749027390495542,51.90427202847564,0.7680878210114545,0.29862921643780843,0.09198843015083069,1.3664229563916386,291.76663700347194,32.43368520995469,45.80191638777782,-121.98814797184843,138.78861883003523,1213089.753514316,3.6085855148831993,58.22851506512187,-138.3062778417492,138.36457846555058,1593175.279058831,17.24175056611728,90.72636734214751,-127.93791887745586,233.47491196463176,3358166.8127914313
left,nav,5_aug3,-0.585742233820703,0.3763728700015666,-1.1591001783108452,0.06289401453413965,197.20498684170377,0.21010041246554217,0.265289164443761,-0.4100952884661058,1.2654202355546529,47.75457167364356,0.7356809821419809,0.2722834516765074,0.3525819650138766,1.469625102294843,241.61129690235722,41.49503798973015,53.27740583254707,-76.64838541390068,261.50861794259004,2092988.1677260878,7.205141538541531,68.11426119172314,-190.4037117008152,119.37926445126948,1835367.9678737533,20.015419619365005,81.40295779356079,-152.05293637695428,148.23824009630954,3251034.1325623994
left,nav,6_aug3,-0.48920162514915705,0.365949895076981,-1.210933066760647,0.259180405360689,173.13365085935953,0.28563366579583493,0.30253302506452806,-0.2738261903667762,0.9688082708169672,61.640073450845506,0.7346259936865411,0.24758486117306716,0.37642719236243705,1.3705806846638096,248.5948329762809,33.45905321223293,50.01007704055433,-68.04300904111528,173.00220846686543,1397716.0551299818,12.35603733257505,66.16148706598152,-204.7395073360879,104.81255208229179,1995097.8070409915,9.04606545153981,91.87630016309701,-193.99910926515332,98.14283754860372,3861287.3292122926
left,nav,7_aug3,-0.5534419035620705,0.39841203797425245,-1.192535808178374,0.16486998642417006,194.7354335100319,0.23448974197125366,0.3031579229888664,-0.3901293760682463,0.7619925347211866,53.89469372901191,0.6966520488540852,0.28983135770665586,0.24880189246064424,1.6148022767592303,241.44390070809231,35.365792538805195,58.836216456846174,-144.4002333207558,237.02250462384222,1931102.8408450042,6.236746423113557,67.9949448745289,-170.84582763425374,130.66028619394743,1903244.6026570366,21.493618930582475,96.89902002201374,-136.21848542780796,207.2644806949898,4671170.279011871
left,nav,8_aug3,-0.48049167851040475,0.37995407518524066,-0.9225595649570533,0.851617092661116,161.57153224493882,0.36636245213260604,0.21691235946029616,-0.27501052323857816,0.8926383940128378,58.69043188534106,0.7372073198911974,0.23921980489010172,0.23675142603920082,1.1745512581619515,242.94644850405254,47.67695383680426,53.896191127735285,-35.21249476302869,196.44327253971522,2336013.6829186855,8.527129034982687,65.89202597802203,-171.61260192685404,139.16699778144155,2049572.647973282,10.501269585401467,90.5685605530079,-216.51330147667994,177.12303889793765,3061425.5779554076
left,nav,9_aug3,-0.4978563832130631,0.37162769959708414,-1.2486654579190493,0.14170664043306064,169.59285569088087,0.3066350064823385,0.23972062173313063,-0.13087064607174803,0.8067480769419613,65.02530031317201,0.6839875742303574,0.22889842848910813,0.36353129402146317,1.1987980679928671,223.45088461782055,41.32061098575433,59.45905487452523,-43.855634022412524,328.85085799528673,2216049.751150375,8.117726175313022,66.6542046423668,-156.63210856805566,110.98715933359196,2038670.760732234,14.507489452260094,92.46353113543793,-169.1555472639239,239.6248603494493,3912522.662682557
left,nav,10_aug3,-0.49333175873951823,0.3721310834171746,-1.120575154715735,0.17292541777441656,154.97081760370494,0.25354095812683947,0.29272572922017653,-0.9830023740268387,0.8717332995438483,68.4544738806765,0.7557401761790451,0.2281340762061359,0.3918689587307353,1.2501649941865225,249.19025321839712,41.31213904564914,59.801292571810585,-123.11548410951332,232.89353986199762,2196417.6887629386,16.910450399991372,72.94000944956717,-174.89186004279148,134.34167735180839,2111450.482190278,8.704676659197155,94.21710538720858,-126.6395825287241,223.2861929609739,3911023.4186779163
left,nav,11_aug3,-0.5888658456273702,0.35749580531383135,-1.2168920257678753,0.1295117611988316,197.58912996776232,0.29484019193785893,0.1972195762342033,-0.2369789094542016,0.782775659085059,47.63844540046351,0.7118764748933001,0.24963013320463562,0.31690268435998603,1.3267416788535276,222.7586457689667,37.50547812582234,41.48218591921799,-38.75345886705274,166.13837857292395,1221178.4344587189,-5.075671950269801,57.39991918622796,-174.7808637700744,121.20903339544951,1383089.160144044,10.383451282758784,84.9430697756125,-203.27380985364542,136.85919511964516,2895345.451230906
left,nav,12_aug3,-0.4255789469148012,0.4358917102369404,-1.4108162696690738,0.136698725231642,141.10561464493188,0.3015596166915519,0.26407954501042163,-0.7773669578919429,0.9512720757662884,63.04004843519699,0.7236368058440725,0.2413133629439413,0.1403843838834062,1.1993113870175653,252.75237751748003,39.068610035719864,67.732579362143,-285.98458816368867,238.82068548416711,2557286.9978987332,7.715469528295698,68.80111611194621,-226.140637575236,123.72019631300658,2283859.8828873117,7.040956634868684,85.29156213658159,-173.19727318027378,159.07301779218642,3371182.378599943
left,nav,13_aug3,-0.4137683054598974,0.4167817425401931,-1.0117684573691188,0.43938823312715647,140.6801096617129,0.30786716461546615,0.24259863270635443,-0.3911577338003776,0.8545093797326225,57.6425702747317,0.8042878558619795,0.2615126279942613,0.1652043228638131,1.2657614732790514,276.0463531823552,35.11253702048849,49.78077625112376,-71.75879806966769,229.9631211551065,1557218.604181101,5.766512407628088,62.62798934624553,-150.75045228144057,94.78257361915928,1655371.0946625974,15.42167495448305,93.49522288191439,-106.49855745173265,193.26147619745714,3077111.9936777554
left,nav,14_aug3,-0.42118681890170484,0.3888822320441287,-1.0265656397844127,0.3947129493507017,149.39082171740958,0.3932732706044267,0.3227729717999427,-0.3832410969618361,1.8601405040445362,92.45342669497239,0.7231594829455208,0.2615142019327415,0.27503473160251296,1.8134180135413176,256.81402757269115,36.469695585123866,63.90505018249694,-138.06036318831872,280.1406340785874,2250951.7021905277,2.8804122122496043,64.85257036875947,-155.85770681572708,147.7680393855283,1836243.048947348,11.95237611275543,89.73894118521778,-152.8893216443604,197.28417000101993,3043888.9819802092
left,nav,15_aug3,-0.44273273351499015,0.3911209974504639,-1.0367275130035358,0.13284862251697913,137.85430696212757,0.26000965304978907,0.2179533555537963,-0.532187925120583,0.7064672513085998,51.21663784475697,0.7211440130802778,0.18710691215410274,0.3328636966422529,1.1317192467450041,240.39312052111964,43.86387373466984,56.32364530136325,-137.91579303060695,198.06272936538969,2075072.501269118,7.225887947863039,57.669363580245545,-146.6751642568593,117.69704163869866,1679521.6715811407,3.1952514558914418,69.83092644193266,-48.16920403954431,154.0758580759111,1743121.7363843676
left,nav,16_aug3,-0.3259604320851442,0.4536240720791532,-1.0375600976242205,0.5183752640023819,133.91902771514145,0.3525544866066221,0.21982490914494623,-0.15544202560833129,1.4089791080580818,67.7665779633957,0.7675634731777802,0.21782254937227288,0.36226589406402127,1.153941298513729,259.6620672699775,37.66535553780799,55.16963369575646,-105.4371029187758,210.25495766554005,2011767.7666187156,14.966354553974222,65.01388301072953,-158.3943367948987,117.08164103446825,2121299.49419492,14.888574406868859,74.77398133956318,-67.6663803084322,170.0892253101058,3242837.95599741
left,nav,17_aug3,-0.37210907060272297,0.4132781684909707,-1.0623132167125848,0.20845916679238435,120.76754378865051,0.3177773132889567,0.23570923401278118,-0.06250407310451851,0.8621449629301189,59.55059370111878,0.7624121736950192,0.2319133550084038,0.24784634076303205,1.3471931775543284,251.2984739047311,43.3949220596845,57.129765892372006,-54.46700810862398,223.6004737242563,2192039.7341479617,15.60074357451394,66.22030495116385,-138.73389844069723,135.73860091865058,1670399.7639179672,16.160364783988285,76.20166646185541,-107.68381943832028,172.1256046473644,2647887.628784661
left,nav,18_aug3,-0.3795819874399354,0.3879933023136535,-1.0516057691348424,0.2901249313384473,137.2258256185594,0.31010938164263624,0.2221967411383989,-0.3693981636195778,0.8003492893853962,56.78467941735883,0.7786217935849225,0.22189906737954448,0.39571220903656695,1.200032789478656,269.56022448129124,35.25603484411839,47.06695599721261,-82.00386773362823,166.62763998935102,1480468.6165881068,10.53467709863181,59.481912603356,-178.91239517857645,93.75269882304268,1376057.2980977125,17.297595287382162,91.99566235627523,-57.57177910767224,187.84477518719277,4210452.720350542
left,nav,19_aug3,-0.5114378500607984,0.3748807386351409,-1.419497053702901,0.20607519322602216,152.33638309672156,0.24282893106782416,0.37269995686438784,-0.7954524814096642,1.2908470493596562,83.01057534844938,0.8126098883236383,0.2853275315800538,0.13906840785348346,1.7779474076480208,306.088013178867,44.76459470520995,48.8591361713316,-105.91270737503079,193.7901033497588,1914260.8193905929,24.17182728092713,77.29089402559616,-203.94697458475446,186.17070309788278,2619514.546822551,11.514206516332852,108.6128357584387,-149.22227199760275,326.3998757652177,5160735.412606312
left,nav,20_aug3,-0.68830076021794,0.31631164295565506,-1.0284584636859684,0.13295488814086354,221.85928263934653,0.1780397094429278,0.30395651331988316,-0.5668174356168854,1.0430547378896071,48.86577935929342,0.6623598587604227,0.30537034338847724,0.05102079050717076,1.3529983958706702,218.99911821274975,33.53008936277707,43.316478778394774,-107.56793895427109,161.48209865111093,1191212.5576369616,5.9738074066697,69.84543998566078,-192.04358898522995,160.4747430735612,2029010.8019915905,23.03796336209687,90.4115224669336,-160.78000046529917,251.6299965045256,3757211.1943753837
one_arm_boxing,nav,1_aug3,-0.00989195840318358,1.1918509295832833,-4.023923468832977,2.6262423408281705,654.8359198249838,-0.26001404772194825,0.5066925457666667,-3.90490614930752,1.4345408234300627,159.66037474469323,-0.4297653607839457,0.2708981902256386,-2.417219648146787,0.4365206272437285,126.84494103506881,1.7817414160029994,94.69529896824487,-233.6479595846287,316.167602528805,4243921.958606014,-5.79783853309677,36.81139156696162,-134.6296815060329,84.62373166823421,952111.382242105,-2.0429348112220307,155.28887435115462,-435.25563094385234,561.7805938951333,11350704.243826132
one_arm_boxing,nav,2_aug3,0.48984195253019586,1.1296270836108133,-3.998134465132232,2.019150534818454,694.8695438904282,-0.4378171788729506,0.6996432268409328,-4.016397113001989,1.0556143129286397,328.3383336843574,-0.42058555959720323,0.2488634856520295,-1.921318863735194,1.0324677057661227,120.2554185797132,0.90198549574966,114.25548314229805,-332.17738099857166,279.8401837102367,6093471.384058336,-7.101147155099399,38.95297665518308,-185.4278495624353,95.98397336596574,831768.9348624491,-13.782319599790133,182.76347933301562,-188.70467764976416,707.8471658193303,15832002.327471178
one_arm_boxing,nav,3_aug3,0.49226633329956965,1.227008226212409,-4.0108827919255905,2.8454311226911484,806.0807403262713,-0.47626281417531646,0.7402627921969531,-3.9158622475871834,1.6598531710405067,356.3770863533945,-0.3766795229625983,0.27314323700149246,-1.5471031610867187,0.35192970247622285,101.39677338432246,0.7808841215482395,116.23704923540365,-344.5044622966179,455.75105886892277,6553310.487626161,-9.546111834669379,42.43500985365506,-270.09638748783027,95.78683036513956,702681.0223137523,7.34824713068525,189.80831401126258,-280.39522011402477,646.6178299431074,17591534.56936029
one_arm_boxing,nav,4_aug3,0.47666137181195234,1.2506545900655426,-4.023634377915195,3.0562269249796534,819.5011205299347,-0.3541288665373166,0.6688541195020251,-3.950233268049338,1.4373710981810333,271.1362859849268,-0.4758979027134041,0.32345703544198734,-2.1922684906660432,1.1812263664422835,151.74982455976308,-5.62602670137178,114.4589363233571,-274.5394983514236,497.3507696746621,6148545.384149731,-8.70580015435683,53.040357950042605,-188.52867325016138,106.28897475385165,1368031.025121432,5.158999689671726,191.800501884001,-318.2580994036574,690.6973462251291,18962742.801148735
one_arm_boxing,nav,5_aug3,0.5323962259708596,1.3238708738926759,-3.9853392173794093,2.6848114587283796,943.5879904664812,-0.37187329782870215,0.8931203117355795,-3.9949464373646264,1.9005092149391436,420.27362874200657,-0.44539913701412603,0.368777662241452,-2.751569538863308,0.8569535069528765,152.0653823105991,3.7790962637368226,135.5380515940224,-764.1482599151868,651.97788300552,8655209.799022099,-11.036129329131155,52.635887540972014,-206.9142011331154,144.50308953045777,1463779.2294165627,0.010544543010679752,214.57501820428385,-408.2042600653419,891.2388885040718,21618132.56085463
one_arm_boxing,nav,6_aug3,0.5418978508347623,1.3958460556429324,-4.035210299231933,2.254825916246106,819.4377213086058,-0.3141695441667348,0.9016096722299334,-4.064667001571025,1.862280876918175,338.54674296135926,-0.46013704692868906,0.5155290063884252,-3.710311162427815,2.4444568931342063,173.58424900608318,2.1581030354727764,141.8471335200111,-530.0557069951251,830.808228403818,7615837.49781833,-14.345612535667815,69.63330842201442,-253.1329332604464,272.23836066855534,1915914.5538787572,-5.444058252318743,225.16805995037453,-535.3054361291665,936.2886579911357,19379666.163361683
one_arm_boxing,nav,7_aug3,0.36159045342804874,1.134571331429725,-3.9988039625076377,2.194159262305734,695.9401671563726,-0.4298474104896711,0.660562391151294,-3.8409058949553665,1.5263661577918317,284.06274281716713,-0.36915497233596384,0.31667181612766415,-2.2234017353258038,1.4601581853343237,122.19725161921698,6.411105690755317,96.22616626557848,-425.72480799388387,513.0435778598168,4442420.728982489,-2.5617080969078874,42.07933003719612,-106.93321914217789,206.59777955099685,767839.8016442681,-27.00406331974736,185.5588297266037,-484.0408157490877,951.4807366129082,15630139.125854753
one_arm_boxing,nav,8_aug3,0.5294819408807023,1.2196331766060688,-3.982605703991654,2.4519163254253673,807.9416903696405,-0.3939192952871562,0.6803884962969099,-4.034908476291071,1.0371649513140928,288.5693792580163,-0.41509587258457004,0.27621815526955007,-2.252496648933177,0.9989382679883699,122.73222851972467,-0.29763398381941086,134.34229243624907,-334.1864482087352,620.805685042688,8455174.75367688,-15.175215243826031,44.44193748158519,-146.17069688807334,114.67545438030541,1178120.4754817833,-4.644478143126466,195.64408498880667,-354.35023586063875,633.3263934194049,17953549.923277196
one_arm_boxing,nav,9_aug3,0.4407921515573107,1.27358693615675,-4.0093103546608635,2.9307356562072635,872.2302199212897,-0.4321017255811243,0.7505314509657413,-3.928286801382561,1.284138804586821,357.61293717041156,-0.40579275753045246,0.4025367528958177,-3.075434920131829,1.693002345912067,164.79892894879026,-3.987714437637733,135.4472294473618,-805.9320966466586,579.3068386865463,8494216.61789691,-10.626392660214586,47.603049326290325,-187.53838328819504,150.52695034474613,1063980.1849362773,11.684367452187006,198.02697938181103,-307.7448295368771,724.6300592281684,18169393.670881767
one_arm_boxing,nav,10_aug3,0.2535379340513087,1.2026729747044205,-4.042996640475964,1.7960380371837414,717.9636060053055,-0.5739392467621579,0.5970254295224273,-3.5770455309111893,0.5914081932352231,318.69291466479746,-0.5066512678233743,0.3394244871719288,-2.363376372533734,1.28988666551734,178.63046499284061,-3.3246463515009577,136.75068213623211,-298.72033895190305,663.2133510536676,8706043.650090633,-11.90646582809062,56.22348255138834,-195.98462683457873,84.29319758907937,1455889.804066233,11.964913622001879,196.11785486747485,-437.65254079083405,577.2605863778695,19341518.830050137
one_arm_boxing,nav,11_aug3,0.39526962880932026,0.9967620897786923,-3.9955459954037,1.821563116508747,558.7189039752116,-0.4734324527904367,0.5980148178825939,-4.0367797352777846,1.012428332637004,270.9448380269476,-0.4754272535583287,0.31749933985884937,-2.4688798126532823,0.7308350160354998,165.15698748914352,7.149309029445438,114.1057258718723,-387.8703225676617,545.7859339031043,5915233.317770013,-4.102970650534809,45.228970468751314,-161.53514453092646,114.43584508822505,831319.2914889348,-10.151168386974861,182.84238945741006,-297.61731162215636,554.6851212876331,15802600.444505325
one_arm_boxing,nav,12_aug3,0.4247085774785486,0.9962567015440659,-3.9730013962330384,1.8756897769745466,539.6975285431145,-0.5223646988147049,0.5680329494991961,-3.9613829793301445,1.2253504859125373,279.11940660444407,-0.4897314219583381,0.27876060669466984,-1.6812570503386632,0.32594001786450877,132.23238273894177,4.1279658868032785,104.36806499483819,-240.31099562068226,509.77375001508676,5074086.541073133,-20.26405930720029,45.58114050064332,-139.38189094376392,82.62371763430137,1022140.4675035229,-3.903387531535717,194.46413075439386,-402.8279513943146,545.961899671418,15100199.207970828
one_arm_boxing,nav,13_aug3,0.32509110078076975,1.197112457318619,-3.99191167213325,1.967945826121307,719.9295561122739,-0.47075113177622585,0.7322766525218585,-4.012748081879388,0.8191029733089582,351.22380080100385,-0.527698443213932,0.3596644370637499,-2.123913223897028,0.6990143085510631,202.5590900402017,4.2878197303194625,145.9343813648518,-511.50760988722624,619.8798106638532,10152100.247294646,-9.97189553874527,40.36663334596037,-183.23794834990738,79.89770819650616,720972.3336863737,8.4068285280745,216.511813084195,-351.5528481018448,583.9632729080616,22530976.223382473
one_arm_boxing,nav,14_aug3,0.4862945849445608,1.1739182109393835,-3.9994536160370284,1.9509399514064447,759.2115256982055,-0.4123079292304269,0.7362034936771604,-4.106711068269031,0.6811838917985882,335.68785683920066,-0.5161023648588942,0.31627492878481084,-2.146421574274901,0.9164800893833318,178.47993991118068,5.818281833507647,113.48466511967926,-360.86763885854435,448.0755321699633,5897113.142028129,-11.929686975617,32.31215346900859,-88.94440298035174,104.9246217776857,582994.2280094009,10.350925968573709,202.26977375584724,-327.8250770483189,631.9531070012999,18805936.768889174
one_arm_boxing,nav,15_aug3,0.42380537768830606,0.9764006533397899,-3.0994797316641685,2.056012792166617,552.2331813806356,-0.5536915612337572,0.5545359944018731,-2.8242620649049694,0.6219343944385187,273.68102441028435,-0.42067385212498615,0.291040489985906,-1.3978435567008807,0.46083749447431643,119.3631916220613,3.3776439493481685,103.77184521749301,-219.98694710795382,419.48628359516874,5126408.254964515,-12.517266857399465,44.26137352512382,-115.00167197229823,78.62728018818677,1007316.9549512585,4.250375808074534,163.70417684201144,-275.05673740677827,486.2705691825445,12261764.82705362
one_arm_boxing,nav,16_aug3,0.3762356215398553,0.9112188043521079,-2.727580489189371,1.5197716689625662,462.83476817233867,-0.5163006802278964,0.3768817501405853,-1.7647601006282854,0.16141214682966298,208.95077821567253,-0.528848952547138,0.2381499350254031,-1.765466567537262,0.32660271600127355,144.8551434432788,3.514660418968394,116.54124136376161,-298.3807731641256,424.6663823678426,6474682.297815434,-12.176927981642281,43.143484623323815,-126.15620940895546,83.20332650400786,864529.2215396193,-1.3436720540496339,167.36580594348095,-296.81216784421247,382.31211256672907,12695625.558563262
one_arm_boxing,nav,17_aug3,0.4600738511435217,0.9532004605150711,-3.4151591310104115,2.309036813484183,542.7695725287546,-0.45737054760740076,0.5202088583440286,-3.2590922124578054,0.5202803886914773,222.620983661125,-0.5119291491125566,0.28400820137464255,-1.4415274962806897,0.8436462258628926,175.75219456969552,6.647402200553776,118.30911266438822,-277.24816287358595,559.7531928086362,6217594.365623743,-14.243908166479816,55.83016676487313,-170.38337598233622,125.94186127989786,1563148.4976485344,-10.703110746626866,162.18989650183596,-339.3106725684215,482.1516259026081,14183668.070214884
one_arm_boxing,nav,18_aug3,0.4742326618537599,0.9311148572213248,-2.4733621564518633,1.9452686280589828,498.3649472025967,-0.4320476168303772,0.4857690558165233,-1.9902712502012057,0.7142694316449975,203.38116729837725,-0.49794068258565183,0.24328928950081832,-1.271803955695075,0.09572770039468856,151.54650823172724,6.368992968537729,111.8422762384954,-215.95544164171744,374.7187394129206,5863011.186569419,-8.713561789991743,36.17486459269377,-101.16820875796003,82.20809605848102,681597.0639586212,-4.131357637351475,165.0928872084531,-337.20643582892416,474.0485146734266,14055899.63413676
one_arm_boxing,nav,19_aug3,0.41273532796985973,1.0681664072486132,-3.350221867986354,1.7130363432610631,617.7342727664205,-0.3763271892567277,0.5144137956364888,-3.010830271446786,0.3254504602559718,188.33870584927615,-0.5419541483001092,0.2533450398772349,-1.3423882450936173,-0.030816681470632216,151.4042013465727,-6.108022231544154,101.1361868198135,-185.40460039841125,271.23242468359985,4724050.8640391035,-15.310264350578972,54.85961798251525,-120.94695622567919,87.78243093132416,1655213.1067722861,13.727467479694756,175.57696670721384,-386.8407395280238,465.4108840738756,16025104.939466147
one_arm_boxing,nav,20_aug3,0.4402786160146043,0.9694488192495903,-2.4181528409148676,1.7402539807815811,526.1948660007583,-0.41494238790392657,0.3987570142222755,-2.233134294991065,0.25405292766312504,141.60398289986978,-0.563792012887266,0.26066062468661483,-1.358777464649603,0.01195237063615573,175.8899526836779,-3.481887172224377,100.22987575491315,-205.39976266309338,260.95456576542006,4911496.148046342,-17.20612006298822,67.40535581908303,-133.037372039016,124.95884680145139,1988285.376716448,17.234960886461895,158.0249881184535,-304.6648898348944,425.81929373733954,11887645.42366647
pull,akshat,1_aug3,-0.32673367139366893,0.6583998220989424,-0.9723792785803607,1.0859939211256764,271.5350689663322,-0.2635210926343157,0.217889739945954,-1.0679659898266818,0.8659625726038761,60.219505432416916,-0.44809826678554715,0.2352940885791003,-1.042461346952465,-0.05529606166068393,143.70749828155078,14.790454785590544,36.29549474765643,-49.100240012242466,176.22409076229778,769560.4143492702,10.134987613995856,62.236843813843244,-211.07694553321812,145.42346059563792,2170283.968795488,-1.4067349501837587,57.32711487734217,-122.76596085325363,262.3743275433095,408763.14537651965
pull,akshat,2_aug3,-0.31667912769766804,0.6509285121704796,-1.2069676660431865,0.9697067672212772,243.55940042138602,-0.30118811573741805,0.2627300913772318,-0.8472875317412845,1.0949269248841933,76.02581822761991,-0.628094038770382,0.23193786373397596,-0.9643325093319942,-0.17217713686707592,180.36283791260539,1.7528909458493376,20.333387437881715,-36.66054813680861,95.35138707330353,258880.0674060085,40.6884118878753,46.97254671157343,-35.87768953738974,129.17783181060642,1610056.8614426695,-18.414315279055927,34.73700187436798,-109.15303934712183,168.19841662001937,2169342.665823046
pull,akshat,4_aug3,-0.1426471926563376,0.6904666828465094,-0.8056198464674782,0.8441904173064063,229.66332404075047,-0.28674515840552084,0.348394350661351,-0.6806000425664608,0.8425495041095868,87.68528941695301,-0.5005445058427647,0.18252544946855878,-0.9530307734265933,-0.2719188108266503,152.82756532071116,0.9442712348475486,19.360054846630256,-55.625554903821815,100.78283605297617,10589.39723540892,21.820609368292395,36.49504864562847,-13.15570413403881,143.90451927040175,777803.3355691215,-18.575878817604142,37.77550016093122,-202.76821228332685,25.866580429737056,1186544.0778153255
pull,akshat,5_aug3,0.24670012110759898,0.6105006371165982,-0.985636877132772,0.7903925959311809,223.85839103562157,-0.23786518915529067,0.380836519586856,-1.3500691993720284,0.16132761143572213,84.16737336129975,-0.6328511347671606,0.16960817943539042,-1.0795406884399565,-0.06444997243146461,207.94878779659246,12.669961313824425,55.29422767941372,-65.33043041818864,282.30268325935765,1396277.2167283182,8.667429861353288,53.07630309302042,-138.7547856683089,128.59528663864674,1292394.8434740824,11.015835290559062,65.45273619777417,-114.98701709491955,350.845004421854,2187384.2011603825
pull,akshat,6_aug3,0.35727956919810433,0.5612751755479433,-0.87642270831725,0.8397759912041937,207.47700671540474,0.0435413656197579,0.3752016389539128,-0.6217923330496943,0.887011111139388,73.61408709243169,-0.631336696735625,0.14155545117273324,-1.209970121269456,-0.2528762015756767,201.137043824833,-0.06393810256468724,21.626732907427243,-58.91708946590884,131.64102359199308,278605.6869885626,22.828859154861856,40.27334939729318,-46.67754968487458,158.1818344360091,968300.0699609197,-18.777354006678582,36.53237627667543,-117.54322461148475,28.906879373345603,349362.69977440266
pull,akshat,7_aug3,-0.03272054371878652,0.6866343865358678,-1.2038949796493847,0.8726820588151206,225.91759030406604,-0.12845622375301802,0.4587241524165007,-1.4494959902832816,1.0436105326889429,116.29083477193464,-0.5466757131831104,0.22626335129492864,-1.1243624602478355,-0.21050169383224504,172.71092486955436,5.255459246423145,38.47632404785975,-88.0031076261164,175.5447258692434,719437.5782834195,9.304738627491833,65.5459396286149,-185.7488412657118,132.6869660935863,2041768.167682606,3.2993765656614675,74.19216076863397,-152.0046071745038,296.9813386139498,2061585.8622053517
pull,akshat,8_aug3,0.3080665485178944,0.6091931086461704,-0.8548246357928249,0.7809831623485243,207.79203988155126,-0.006228659062874651,0.4446995549640184,-0.9083087938494286,0.5012000004510206,95.57942231661981,-0.6034365232520194,0.14599459661746375,-0.9428580529907001,-0.22838753781890087,168.82658129613955,-4.358030405310761,16.84795612743361,-87.25790350800106,31.375960296261546,152694.8115972717,21.368492386881183,34.67520858919485,-9.111163715435831,124.2741831027136,838750.3942420222,-20.24608932750783,32.340396990690294,-187.97463194096576,-81.659523490129,-738356.4586379186
pull,akshat,9_aug3,0.20834960182886897,0.6317606251045026,-0.935497463559547,0.7571752001924437,209.41874647465767,-0.06466907912820785,0.4365017099511149,-0.6533265234929587,0.397830124773746,97.17648895903248,-0.6087151991914408,0.14774887960744146,-0.8665515608681037,-0.23487188500290807,172.90894860040504,-3.8094789217493505,13.12823724854885,-68.75585827901726,36.039996738763705,119034.90491296188,21.752943020898037,35.47037845559878,-13.603796115855932,135.7052998314918,871171.404833373,-19.77953348897654,33.95579120082894,-175.28035328362074,-40.266885933159735,458033.03245247883
pull,akshat,10_aug3,0.31451970570593807,0.6057924963180623,-0.9347496198239243,0.8361177682072589,220.1855582890018,-0.08632921366463728,0.3702024047168985,-0.686487754012113,0.48333333609208834,70.9974705836869,-0.6415677812382742,0.13419650139923525,-0.9985698048169671,-0.20445744292389859,192.27642838189837,-1.1434267073401978,8.45886051857383,-44.50556070019786,28.404972243425856,193541.54094155988,22.443420027757902,32.8627903573154,-9.993276806584774,118.10836453324106,674562.3702173288,-18.63669449482195,25.424099896692347,-81.62301916049563,-1.564738400928034,478286.6967623428
pull,akshat,11_aug3,0.24800426841434,0.5562089989118427,-0.8426005541674416,0.8085078787902149,177.56119862049547,-0.22120520745348674,0.4157560738825983,-0.7619373558982334,0.5542646160858126,108.24999041100051,-0.6231951607777183,0.15700386627407292,-0.885933979610875,-0.18823636914632916,185.706319278479,-3.505024554859334,15.554325568104808,-57.94532016792404,67.50999869247788,52103.607804016385,20.4860797917979,28.73339231000752,-2.3773949072027856,100.0128108430195,615454.2860860556,-23.281221462829798,45.736976654799484,-195.22051635720092,-58.96538796552154,1948537.110277892
pull,akshat,12_aug3,0.28851190331774684,0.6023625405617333,-0.778044161805849,0.7808559594504912,222.38403202465082,-0.06839188230057446,0.3723899038139622,-0.6168803447763813,0.7307898405081423,66.96512105543778,-0.609697736843963,0.18918704237762474,-0.9390470293894262,-0.18680276481562338,181.96524164791248,-4.939356692111971,12.35573021094576,-39.23477683269295,35.94414388258465,-94215.06164130378,22.692566149178315,28.69199486413692,-19.673643115743836,89.99046513791075,449283.87396608945,-19.852955728526457,35.30125217159101,-117.14553599581009,-6.762617882933558,-114957.96202019136
pull,akshat,13_aug3,0.29314361814418927,0.6334684398303456,-1.0175168623237172,0.8302168843344491,205.45893616547204,-0.060069249502077565,0.48434410096501423,-1.4882674198632015,0.7658671399803925,109.45876747733656,-0.5883269630675437,0.1945622343826374,-0.9279006631320253,-0.06001616716557603,163.28227714946482,14.835059308409658,62.183202638133885,-112.08998821486263,357.3832039809907,1887178.5236507212,18.718485609747493,49.22596400478787,-112.20614040488721,128.1760209459788,1383713.6344240601,26.689899128427083,580.9893027040525,-111.27021760479545,12431.952200573423,157953283.41388077
pull,akshat,14_aug3,0.134841905982467,0.6000845953137365,-1.2368757282132434,0.670965698463105,180.36620299854104,-0.3162477008655895,0.47113629036647664,-1.383712713969237,0.5474942370386715,151.2629763415529,-0.5721077361849577,0.18278165750347408,-0.9281959292873979,0.10063874191122946,170.4228633630862,17.500565225245936,54.50814805406087,-137.89815344105193,252.72932109355887,1608320.5406017292,9.469429801185724,47.67765778384583,-111.82053454154028,114.80133911670248,1172066.3753742275,8.30535613297411,88.81739104436255,-187.29797131380346,306.7654978170046,5134279.838280904
pull,akshat,15_aug3,0.2287997300438038,0.6028310530739929,-1.0734031927779648,0.7949746400127445,207.97431320849637,-0.09022350745144889,0.5433937377816223,-1.320769463828231,0.8836441810851023,135.57252489526016,-0.5155551934245274,0.19062798123358835,-1.0026485069747513,0.007946750735993588,140.39727899389686,15.06775642144046,55.52065941344887,-75.49533611056609,311.0133750285525,1541816.8560277752,11.497573888351821,51.36971668975517,-129.9284745118091,142.377426185271,1185663.3011138844,-3.7851682475504065,87.70901664654212,-209.24508784846898,261.4445846721451,3653483.390200771
pull,akshat,16_aug3,0.21315384329818043,0.6418796875233677,-1.211621800953334,0.8391603483090811,188.11089820526166,-0.23472652299301613,0.5242442257981016,-1.756831876230066,0.5837281313154032,159.37631345678076,-0.5202424249658719,0.1765631500714285,-0.8898721521438312,-0.09062200400551379,169.56166785060475,14.051488678749296,54.51893603210687,-157.26567389411153,263.5794342262397,1538298.0207644072,12.227782158319561,50.245918190264,-119.53164027562063,132.16693469186822,1190094.3506617188,2.0985947383614434,88.58533740785691,-171.36654859201016,418.2427345359671,4199508.327041069
pull,akshat,17_aug3,0.054608653206216815,0.6821016985667804,-1.4174507985826552,0.9360962089671238,235.00000103819082,-0.2037480978043201,0.5543213073846818,-2.0989952374318763,1.1189259886351632,153.4832411767271,-0.4943082129826632,0.22843212845733796,-0.8432103076942132,0.12004147406936969,139.3587388913353,15.082894306593637,79.36941226300486,-106.86509593764934,411.7548351776764,3342229.1020349963,19.058720381252154,47.56715575030421,-131.33780765550358,131.37127430112906,1134761.5777807122,-0.8919491196286979,89.11561073101352,-128.3595506628966,391.68875486931245,3096785.8477037526
pull,akshat,18_aug3,-0.20826446462415954,0.7125828053236802,-0.8813524410955526,0.9910129918412622,243.7729870255584,-0.21436793818180047,0.3197930807695417,-0.5288088017720961,1.0305510339912172,64.72828495002834,-0.6391477358318605,0.25142899007949215,-1.2347928111526567,-0.23000083012952882,206.22889599012638,-4.575723438590839,18.744495956376436,-83.65118633886686,75.71121633978963,-13135.295087477309,38.551188971733374,46.99247478291288,-16.799230931547598,183.2897553423267,1920937.065175853,-16.135311048912925,28.521985238400276,-98.75610649210891,74.4215929603572,1365191.6377507765
pull,akshat,19_aug3,-0.012507499943945934,0.722272303587791,-1.357874988443288,0.9589633562355372,251.3320565636618,-0.1576432121106062,0.35952503677786246,-1.3415970829493618,0.8003510924891545,86.62214745438914,-0.5267779232185515,0.29008122917560497,-1.3822563555708332,0.08358242432219876,188.96002514625673,12.682654883642345,48.26487033401234,-91.24090440316253,271.57748328416176,1363460.753006369,10.90879173629956,78.76438647117664,-238.55978082156454,162.72202889699054,3054575.0053125834,4.9791927314007,67.25084403146596,-153.14253831973943,314.3692044165069,1011831.7998435707
pull,akshat,20_aug3,-0.009820809469585906,0.7230108206500352,-1.1416059876428506,0.9413150765945308,238.34653803293384,-0.11554745642721147,0.46547123259570455,-1.8263603574626763,1.391873183021907,111.40084904182743,-0.5603313043379129,0.30109923577026004,-1.168138260614508,0.2085520520467355,167.5032311550719,11.099566424519704,58.35242572785184,-102.83673508971553,269.633949605771,1558426.8842776143,7.215827788821624,74.99220997640784,-242.49426160695427,137.3046205471337,2722451.590372617,5.516579927014362,75.64435037347694,-110.80279652652987,312.0202195917309,1696870.6376575474
pull,nav,1_aug3,0.23337802547887684,0.5319938486936984,-0.8832427681702288,1.320371746173872,166.35322865939938,0.2690123586020558,0.161628714359356,0.0010729805024043085,0.8138567059889867,43.00525206406804,0.7117378952795709,0.14946283724659146,0.3901249467658777,1.2507895194461942,258.2089674462033,1.6697463116505342,37.90621761236785,-174.61629102323852,120.11598198064782,628969.590357202,-18.011466079799373,46.04339657425991,-161.38683809336732,44.8700908543898,964284.5655320806,7.849746840953442,31.312112127197835,-129.83803492607166,115.06290682740274,2279681.428453999
pull,nav,2_aug3,-0.1074678333267362,0.557040027060063,-0.9893945001364146,1.185046962967449,139.99440712510605,0.29324309745829114,0.16798793025620407,-0.21732545469738862,0.8756360101054339,43.57971084394969,0.7996171952988026,0.20283196888237454,0.4569716274823312,1.4950143481437204,306.9520735410751,-2.3620232552264455,45.061546198078354,-164.7089682004389,173.64669611340315,1065196.3162311914,-39.95953056046393,61.37371750101292,-213.48351899445817,42.85566775716251,2248021.8556135143,21.271370780255253,36.676348815755,-139.4415709053368,102.80228817869943,495306.82539356226
pull,nav,3_aug3,-0.3548745504044089,0.5946229928939143,-0.9974930899871923,1.2556727190901056,188.04386581599087,0.24073540629920132,0.1287241676555327,-0.21777932435139152,0.7299535546710165,41.736178366742344,0.7150637972489164,0.20858246236937317,0.38006876706035436,1.177368262011571,227.59784386779774,0.594701171243379,44.108165624767175,-215.53934976659016,128.62911057449,852808.7235674459,-15.458206807702389,45.244348142621554,-165.46915026251662,81.45075030750372,972043.3599369227,3.057425015356306,38.49307880475812,-73.63820062397753,58.62181192678674,337514.5281242984
pull,nav,4_aug3,-0.3110334997023672,0.580992893937142,-1.0323440876973788,1.0079238107069934,190.96953661057,0.3305179469984399,0.09938823173870666,0.030230706374783298,0.7562711787997815,49.078205635803876,0.6608203478394233,0.1774812614741001,0.37884754667451026,1.101442552512495,199.84742364133146,-5.092205544708819,37.92445407803801,-186.40171692245949,50.583277790224244,504047.88845892047,-16.34464562699927,43.180049821320985,-136.45462437260588,64.47343414727021,546694.6075181534,6.571834176179629,40.36194793213966,-164.4801167026793,150.69266549545972,79046.90726017847
pull,nav,5_aug3,0.0893499177095321,0.43694417541957087,-0.8326482734116185,1.0854424087492314,96.26037563770403,0.4506678996792034,0.13391505145431737,0.020685467829629364,1.0719685649417119,86.7372423515984,0.8573221481392942,0.13105645246535114,0.3790517401770065,1.2578042076290208,277.7178831078306,0.3380233691368327,32.0254961355784,-117.72214410314271,114.72096524466323,405582.1324523629,-16.23450730724191,43.49111955777626,-154.73047391530724,119.59771883847212,982012.2150804701,4.251025693670703,32.233208179209534,-86.64168501395632,149.00011866238418,798022.8664721303
pull,nav,6_aug3,0.019650876749061973,0.5283676229504657,-1.0048162433076067,0.9450432322962931,100.04208249340996,0.45842610970340636,0.15445798759807888,-0.18865795315248737,0.7857231365772578,104.89291739443027,0.8158955897746921,0.20514252286609408,0.2818449228113554,1.3290486414694909,255.76308927585418,-5.442201169529992,38.13144273695628,-188.8650066635071,75.12810594850149,649084.1448253472,-15.27102257093707,47.59481605985882,-206.1045424243029,75.90263720876744,1094062.3202791268,14.508305054002392,40.69649512312365,-126.82076903561851,138.20174579386452,161767.109408531
pull,nav,7_aug3,-0.26336456533052827,0.6410556232809712,-1.003911223413701,0.9221126464003572,216.1270467145021,0.34734298143457676,0.11895507543626933,-0.08052362034771686,0.8261936208105994,52.83851564187581,0.5958758705712333,0.2439086000593292,0.37420787847875503,1.302600164680278,188.12648611340435,-1.3574308792727876,29.07399657367979,-171.6097142922211,84.93145229445813,605312.4651399218,-17.48240994577956,48.536440025293864,-173.17878085041988,51.7425927254841,1006981.7782310459,11.36151310804413,29.689853344192635,-59.267011710169385,139.421679858672,3446.3251707512536
pull,nav,8_aug3,0.20345771591938233,0.4644962552128261,-0.8987366122054985,1.084794186647367,93.0868795681069,0.39899350199650285,0.1352527945923911,-0.34736629578134093,0.7047512983892117,79.57739167376334,0.7591409943739557,0.11504464053912328,0.41398411102624755,1.0881434396580363,268.2575859369501,-0.4741773891558587,35.58999596688457,-170.82989285193523,96.37019888391097,543263.6705985885,-15.869561310033847,42.44546582618333,-130.91705089559622,50.97259661956901,856788.8599834844,8.487020060491934,30.785329164896925,-50.264047593661275,11.117236412790803,77042.8786133834
pull,nav,9_aug3,0.018877953309565522,0.5491577947572924,-0.9876089342447517,0.8674110728865178,138.31125799039583,0.3938077770665556,0.13158002958199178,0.00329413952564811,0.9964304135330749,87.8776714677592,0.7640852935115192,0.16676013711826082,0.12656530655374637,1.4742806551486805,252.67821249026983,0.9680990781502807,43.16342941947577,-318.78987543079813,67.82885563688455,820979.8602566887,-11.325309179706265,53.909623374952204,-163.8880206055228,107.9310631271985,1299990.2125478226,4.236530721029664,46.689227776134935,-132.83367321447346,88.04569297035984,1051311.9038600395
pull,nav,10_aug3,0.09634799614653757,0.5026305645621518,-0.9293066218646998,0.8541412288340555,96.94829914187628,0.3778781218573906,0.12657715315443108,-0.08871647622129293,0.6790125631189098,73.09102064351491,0.8203741241508689,0.15652878555436417,0.41637983392693423,1.277793424262853,280.6150234094341,-0.9542027118242107,38.78428278695753,-191.08207579469607,97.19090368392665,781555.3028695135,-14.18047539740031,47.828841575216344,-205.1597680511348,40.91283151602305,974832.0539421372,15.636061201784951,30.6303529108149,-65.38564532578168,171.681631756968,415443.10396323714
pull,nav,11_aug3,-0.046579234662014316,0.547561130338187,-0.9435972006315343,0.9519097335369515,139.81711888061136,0.33525298862872754,0.22279476278930932,-0.8059780636129975,1.4160432570336607,76.15060357368964,0.7261780877779583,0.16214307559671462,0.2776544892826584,1.0316880530513406,238.4723044005225,-0.20900890678030182,41.626003941008165,-122.34271794486395,186.78732515620675,732341.0767117523,-7.339527418152938,54.0284838419819,-136.152924615585,86.52983129988623,1337981.4763806593,-6.316402642566293,39.240599099221285,-91.75390801293094,41.909786689090026,560194.5219357475
pull,nav,12_aug3,0.1047218610419943,0.4813076060124779,-0.9074832030104735,1.1042446498674143,108.01259943172508,0.4037702654711171,0.14267989409348578,0.01259114026626542,0.6810204080190663,76.11361929600127,0.770366585809566,0.13135967374915192,0.42250416280290065,1.2505976149997564,272.73595060460036,-2.8477756159890597,25.128828454529593,-73.2471786844313,76.4674101497173,231829.97963311063,-14.745827369929133,51.63676911512435,-150.63431347193367,102.41691955388971,1047272.4795272438,6.728512049601437,37.950540577788495,-106.32443362007609,101.58982935350487,1678870.2582801417
pull,nav,13_aug3,0.2751271258769166,0.4532612588059489,-0.900488614813634,0.7673096948343969,120.43567271149182,0.3292246361960458,0.15665541087662746,-0.051054856668423625,0.6100322776165288,52.884618340497596,0.7847648769469835,0.11064245678895793,0.5017728590722893,1.1599478978789153,269.15398837196665,2.086506264100431,21.594703133254576,-113.96921035114669,64.84518265974678,239771.60449473714,-19.886928706090952,42.19334175930023,-164.31670688105652,76.43257625425127,952555.1988790384,8.712221060659076,24.910841862423705,-75.86809940438822,58.83252767043663,-203474.89922350566
pull,nav,14_aug3,-0.08134019660590859,0.5687235422891457,-0.9362395624949686,0.8499265494116994,152.06574130474516,0.3379793743098154,0.1315471337316209,-0.21174926157046267,0.9007495368408691,48.66845656020995,0.7399038249382109,0.15016693237117873,-0.12132205168768048,1.1172993485768097,247.54279889083995,1.4427469003185256,33.302132647424806,-139.64944149475565,87.05225937279623,427986.29125531536,-2.9168744494151992,61.75011572460459,-154.3226917446478,128.51016577752284,1467227.291073341,-5.396177033316007,36.39558305203277,-51.221920670353995,79.05829923179658,1390069.3139629066
pull,nav,15_aug3,-0.2772972238788137,0.6135440704919259,-1.0739901324510195,1.1315219670791732,183.2685886365953,0.2686355488556561,0.145941025527217,-0.2154520481166112,0.735557739811199,41.74102982673044,0.6378971508768899,0.20161644350432809,0.41877196385119664,1.3869070123149405,210.75079228393625,-1.5703237733791018,32.92535868683474,-97.39843841351632,94.23629710963448,352011.58776397875,-9.625978474495522,62.267528537292904,-198.01002236027418,105.15087339093358,1646835.5336685786,-4.096925238472011,45.24016460385662,-116.21550975325893,178.5165064219689,828527.4496441891
pull,nav,16_aug3,0.2716617535925612,0.5612249361830243,-1.037124116461396,1.2235928619382344,157.24002009314646,0.40539288773873233,0.19524641706435408,-0.38406909859313654,1.3893724585530096,67.39238187062354,0.7061607303970536,0.19462157260852186,0.33099720184516035,1.5305725794006453,231.60869644527946,4.168869769121797,30.375491067485562,-117.17393363388804,107.95633065550473,439681.33570584876,-12.956352904479406,56.303801925418036,-179.72331987474217,150.96120388770862,1613493.2931222864,0.592978872261156,40.06236252046442,-173.65385100928154,112.85816225793758,1884390.656739082
pull,nav,17_aug3,0.14853159046242537,0.5208007811495464,-1.4868629022800255,0.9738157485777058,119.11232158184241,0.25840100708602026,0.16798721595595195,-0.30442864394811253,0.8497855016729331,40.08750998069875,0.8086449292799194,0.1516501381467469,0.49035995693575535,1.160289428864893,289.6700923995495,-2.2756318785028764,44.80240058140517,-293.6056730868883,124.21205779988247,771543.2237991858,-3.010475268083254,68.14088415485242,-156.13055020486283,170.34204193344667,1823251.7365009093,-6.512470911084607,48.79975220830774,-164.42508421789412,135.91758510061476,-35937.38766561507
pull,nav,18_aug3,-0.11968712970307278,0.627755773872227,-0.8302295929235608,1.191910204678735,157.55317980357648,0.3132865295696149,0.18801046720431255,-0.8355736736955163,0.7844154602909539,49.29774420913864,0.7034139860909921,0.19208166862729556,0.26610192116846454,1.3975622988484073,230.43299294906302,4.546576292432351,40.8070840232739,-170.3573586195823,171.81281816215474,872653.217204718,-9.807162331608785,56.82342350712263,-171.72798752397182,86.8514324568102,1399819.557292696,-8.621697301588867,46.92549551962421,-153.00427263334066,158.20954085715442,569107.3043729558
pull,nav,19_aug3,0.20581750578317187,0.5623345691528304,-1.030857846831354,1.5667004775824056,160.7038924577343,0.39844857322910626,0.1470970934216905,-0.2997246388539821,0.8208927915697155,75.86946904442893,0.7045215582714058,0.1487258622695744,0.36950394747570464,1.421942158341451,233.72333684093977,-0.004645653595290566,38.02740644290124,-214.72017938410417,132.48070298742684,539377.6742462777,-14.653628311435263,53.060404974474146,-150.74353168428016,101.66082493822313,1055732.9977377155,11.19971720696834,37.57563741127185,-74.17270391626657,98.29113599722336,414367.18638724857
pull,nav,20_aug3,-0.017367856506025244,0.5851110418623696,-0.9480811748551745,0.9039230235863702,158.9374507556345,0.3465875421938437,0.1314364868540996,-0.026927944440427346,0.6502822148080001,55.060458498268616,0.7587147225200315,0.18668255131014938,0.3035770045365332,1.3399967178129502,239.42820150603316,-5.175895666031699,39.64404298181921,-227.80059711980272,71.26276008295508,498597.29806450184,-3.214153606363558,61.741022420329884,-155.15775989293795,135.56488085762962,1496215.7191206336,-5.7557906957124345,51.036747281838885,-108.63384794421074,97.45834241668456,42909.78013505391
pull,sai,1_aug3,-0.5950615797612917,0.45380290755029895,-1.0373090333021464,0.6204942135333279,371.8587269864955,-0.48000803069033676,0.14253758665262217,-1.017087300162557,-0.0020670591175113804,169.13384718544125,-0.3972949364059325,0.23707765478237233,-0.8954962423981105,-0.08225753009882436,139.5828661658989,-2.4011236237947453,37.71181489132563,-250.04618196098696,74.23907405946063,1039989.0535224368,0.6767688610696754,33.1564801281745,-87.81726577545065,109.1457964979308,749591.5187992493,0.5851116532711343,40.376178779963,-56.8872143891989,161.01320688664063,-1287372.917113074
pull,sai,3_aug3,-0.5554954172570108,0.46284844665082087,-1.1139946501672977,1.1311942757670528,365.29373630848556,-0.520070696458601,0.17518788555878487,-1.2412552231382479,-0.21523890907503795,219.12015579298085,-0.28696857715792995,0.2978653874608882,-0.9844365112780172,0.3027298887588752,109.69417022259869,1.0910354422020636,38.354359476707266,-115.31370908977321,175.422237418896,973489.942617014,3.553291089711783,32.570257190440415,-115.92794583281416,95.28007372670605,841660.5556042227,2.560568701523859,49.37093901062565,-58.888546450341195,177.5393590734861,2737660.47372876
pull,sai,4_aug3,-0.6699572948174641,0.442417529866436,-1.2043646380766733,0.7939200154245551,413.9551065469445,-0.5228309963123926,0.17298136791650343,-1.4492777310533507,-0.11507763001716219,214.49669179972062,-0.23555725675327963,0.24009075023266407,-0.9370451989572396,0.6409895773073976,69.93828067099436,-4.5144470140042445,72.33130874262386,-391.1974792327467,250.1178471230342,3786433.6280081808,-1.7335399364539246,27.300541226817888,-138.7062290926757,74.2556405599528,509814.70361249696,-8.621473491546691,35.865658520458915,-203.83382105352547,95.44046007142609,532146.2451651639
pull,sai,6_aug3,-0.5769920327901517,0.41190740836377465,-1.0958927916261996,0.9276279336899915,314.13928593631556,-0.5914135017946791,0.1609803433761937,-1.1414882622445293,-0.09842876493312826,255.84101927566178,-0.0790193212272981,0.399146602414751,-0.902754196317906,0.6750464020013207,105.22688159201984,3.2932582867367612,48.63711002179046,-285.5779082594807,157.6799363431634,1478768.7056949516,15.459739215879784,44.65700794890108,-71.24361418373468,152.47863024302333,1403113.4818569547,7.7492803907742625,46.48465865853571,-165.90452587782346,168.60607217097532,761555.7979828644
pull,sai,8_aug3,-0.5669298166061112,0.4320552490859051,-0.9946279823034607,0.9443480045699988,371.3137495830983,-0.5214557526886786,0.17019668973703564,-1.3935943584387969,-0.2018342792016464,208.10572507479637,-0.26036550739971775,0.26370003681613186,-0.8348890551768735,0.1655396648213472,91.61863755702218,0.39582873018808223,33.784529912655536,-129.69626695939343,151.4763009555504,952088.9072596871,7.884729147280309,24.02713648094651,-58.78137272903127,100.6021682886292,513230.42240473494,2.80791424585909,42.06016058014546,-101.71338904512949,148.70356338168492,852373.8069496516
pull,sai,9_aug3,-0.6225866184062692,0.40108823445193426,-1.1303915145010017,1.1548732672795246,383.218593980695,-0.5705050957466783,0.17585741671252228,-1.2412971658070484,0.6127051790117277,236.6283875891634,-0.18773890386448408,0.2740582687897379,-1.215639346707457,0.4145449954682414,72.34607670327026,3.703988939897284,53.426552330194625,-235.24262506012627,298.28882333390976,2046454.8132445514,8.784307902283324,27.696562688276664,-59.11935670216498,132.9407932054972,676630.3134333893,2.149614110606729,48.30725214276893,-209.79957553581914,173.98367800083795,1828676.4286104832
pull,sai,11_aug3,-0.6117609037102653,0.4892959483483534,-1.2837317753460304,1.090542168822849,402.53321120747415,-0.515136541570997,0.2200540056181754,-1.1507972558840143,0.6559984843206357,194.0426387096784,-0.2656630675418233,0.25843029128499073,-1.6103160464351565,0.19812745111518312,94.09302896996849,7.673175592380264,38.906405464672616,-153.45484391192323,169.13871165339927,889182.9543473148,6.185871869369848,32.28148380965392,-73.11413503715059,121.97665221308334,766069.8011417699,2.008227708209296,45.95920881513512,-123.70452552537594,125.34758631488873,1756212.2844167515
pull,sai,13_aug3,-0.6181557691220165,0.4493535918881173,-1.1213509422588843,0.98592191285568,402.3057855775445,-0.5415184208610653,0.16062990972723204,-1.3664605006446222,-0.1018000252811412,210.04081840212592,-0.24450858465734276,0.23730490100415266,-1.0351879873525376,0.44232138571522306,75.41776411130006,5.117893543595802,31.35368544712874,-78.50481448117145,160.92634310952516,708835.24204365,7.966212710050421,27.025541148196673,-43.3358287554009,114.47916318211813,624253.8913672832,3.5935579602292584,56.93576836301551,-173.87683821313772,129.09848739353686,1493181.9095103594
pull,sai,15_aug3,-0.5955661418771343,0.4870737712644262,-1.163099893554713,1.1547480998690738,385.83117008563846,-0.5226727855724063,0.19430663697179623,-1.2693536654281814,0.04526967897564116,197.8064805399356,-0.2630098606439916,0.29661875863869497,-1.1970400568550228,0.10787557952732266,121.75480785884103,5.030973158928038,56.32739084925356,-397.72512236715437,157.04584747969798,1986533.6331075286,6.95904647003408,35.54591837798607,-57.200971914493934,179.65316432847868,1027588.6008378457,1.0536294610943657,52.44087320787186,-142.64446866099763,137.83069419796163,1541658.7880360722
pull,sai,17_aug3,-0.5706800852162435,0.45497529492237665,-1.0594314899183135,0.7714658266070225,341.25107745283617,-0.5462161884398039,0.14581368090010993,-1.3561184972411437,-0.2533868111467527,220.01553359346187,-0.2901143965335019,0.2663119558140719,-1.1327547598044456,0.11446234579065753,109.29449926346416,4.606483343516278,39.52727520472702,-173.35445386030588,167.4425759788331,1246319.0725752537,6.817178233089179,30.340544695837096,-54.916134225005806,120.64662500366472,698727.8624179468,3.6729618280773373,43.45125974388869,-155.59353743535345,117.146831529906,1177664.2912838801
pull,sai,18_aug3,-0.650199252487536,0.42652381175507564,-1.1891218193710003,1.195034734068311,417.20432080731246,-0.47939641054382337,0.16253932235039725,-1.1651504019513768,-0.06679380325583495,180.12963804443064,-0.3180879634870166,0.26490887299417876,-1.0562173494757094,0.11270859373084541,111.29925451260526,2.9512999663177326,42.0555952269755,-176.9418561264894,185.2435780267017,1069427.9619105605,5.236855756816189,31.93925117969143,-85.63756539382662,125.94629149014354,847560.3254453938,2.7058531757916224,52.66100320630091,-181.18446154767446,113.41419474465309,1497816.0653115488
pull,sai,20_aug3,-0.5480378439982138,0.47331765507274853,-1.4833364038778063,1.1133129859388988,386.21177355540726,-0.5876870108213785,0.17620563032085249,-1.4737829328032184,0.012634862337395417,236.24972978956535,-0.2485728741296587,0.3018623906108863,-1.108655445094141,0.9075522227002287,107.27163935159024,3.5486638938875283,51.1179258522758,-269.54447533119475,335.47999782840185,1805114.433422013,8.427129652964824,28.64313268166122,-46.44828747079155,132.02347999288057,688820.4536731937,3.7697236616219443,51.2282916547787,-105.8720962698091,170.67710431127398,1019028.428230134
pull,sai,21_aug3,-0.6782326708801968,0.4428946288105146,-1.4205184262994908,0.8791170554441692,446.09974982162333,-0.4622378030181044,0.19806908618736183,-1.5620696708928097,-0.04059180304817971,162.51433589550564,-0.2536700385842832,0.3022181701458754,-1.672727497982342,0.30216921499631355,102.57776810871188,1.9120718486033719,45.35728630379062,-232.99654901451603,180.02496380002265,1399975.0374624429,6.03601414418731,34.708973674414786,-66.09734729684438,123.25416398961634,847519.0686892008,1.7519383636414256,47.96074745952475,-124.90103516448488,207.6587289217948,960702.2478954099
pull,sai,23_aug3,-0.623913920365831,0.4715753646058023,-1.1021176800452697,0.8183831948901881,394.2466291585804,-0.48264732252206044,0.14341170010277654,-1.1092364868725784,-0.13245419199115205,162.45198729999893,-0.3445767210211227,0.2643292436423328,-0.9223155855127264,-0.04289023514989029,117.83976890296543,-0.23643122110038584,29.151913875200375,-147.39900286208822,103.11042957404129,642061.8742846278,4.704893007235312,35.268820920451404,-73.29588667998178,133.74234142746548,875351.8808394088,4.720415707113757,48.071550410741764,-165.14998394681706,167.12396401508101,1802517.272516558
pull,sai,25_aug3,-0.5319945408165937,0.5029851931970426,-1.1052769246242722,1.1925548282834002,380.2094788220581,-0.481946764613826,0.15990513105510748,-1.153816965765486,0.11039637342217992,190.6365993723295,-0.3726894652012365,0.21411810551976265,-0.9514879741655546,-0.07950413975886318,106.50857603084863,2.4725049228038056,31.58350918015374,-165.6032003666288,121.9995799023848,707908.9062165893,9.050633815802948,31.185137999900157,-52.19066333031413,127.7161460249058,776264.4554223748,3.8300522032981927,55.28579278716547,-152.05841298540923,117.28057911903504,944640.8995739314
pull,sai,27_aug3,-0.6368382466717724,0.4916196171776464,-1.3774444187759665,1.491751891845399,414.69549771211916,-0.4579631460219302,0.23824927812795269,-2.067257999293077,1.2646101708102468,201.52903548203642,-0.3308237695643096,0.2743268021819108,-1.175495388720868,0.6023780731291617,114.51005788223208,3.8138072970294887,47.847699899922446,-193.28569357391055,229.28948371127623,1792720.0571191625,7.783762422989368,37.3806621172414,-74.49034294656337,170.2306988785916,918959.9808755122,1.6809097586852904,63.488992033901255,-167.0507151014718,234.00898421089445,2075606.9606614697
pull,sai,28_aug3,-0.5908868997087178,0.47160882742887666,-0.9752852415654137,0.8117875577160641,354.0887145275,-0.5065907714168429,0.14930441075349704,-1.0602721589567636,0.0031098361653456603,186.24338081949807,-0.35410053423581866,0.25425060859895143,-1.0880247061625001,0.0035170186228072296,132.68886434396126,1.5384212511994715,33.70247081405575,-143.26019190067996,157.83458089828272,872015.7329367695,6.924571463406376,30.251941026270384,-49.91555179806402,107.11764989797543,774281.1368111202,5.228728953138472,41.15002233099636,-111.63215228035634,177.77738591388828,1589955.253120569
pull,sai,29_aug3,-0.6593807621810713,0.450203421800042,-1.1545589365659534,0.7638371993627145,412.4631361643679,-0.43936935898220175,0.16752225076753416,-1.0395938477563327,-0.08376475011566814,141.90036947987085,-0.4094050262607866,0.18342667065771365,-1.1809709263603325,-0.10817796783152453,126.21015704204397,-0.19149401370990635,34.42707628752646,-79.46261439772319,131.37057402996788,921579.255126331,2.3430516957397067,30.283387251461974,-49.369647796689655,118.74078141549515,490301.6625686503,1.0553258406683583,46.86939631686019,-126.01417696819429,197.86594739872265,2008879.9002597162
push,aks,1_aug3,-0.20874767924676507,0.6418708126731146,-0.9565414822052467,0.9385009228175992,212.17255483377818,-0.4137999910282016,0.2598564934975783,-1.0584866164821292,0.26741459346422036,113.47756075100186,-0.4809357819562471,0.2288762041977556,-0.9637617058524666,-0.05663953382349045,154.93101855286866,-9.217117496406182,37.48223238982753,-104.8313780613626,95.75740934474459,791882.502880877,12.402134474742327,30.871131557401306,-51.40335454818542,114.0451732776203,575716.1308574489,-5.351571024996598,47.734059336908075,-151.02970337786056,126.00858254227043,1642593.7784490895
push,aks,2_aug3,-0.36550001280618355,0.6693824503389292,-1.041774005812124,0.9672142783691199,288.66309938609356,-0.4077901136065022,0.24665821092098783,-1.1451172969268064,0.3592013674634451,123.45074298554654,-0.27986623102227276,0.24060338666967396,-1.0650404162132414,0.03415896569976674,72.93061574616465,-22.575174546829217,30.641176658993864,-110.13866748864925,68.18769901517467,549850.4517774225,9.079517646002357,38.8925003592385,-62.88780807551119,138.76003002292185,696540.5247081881,-9.433414807737167,46.78284512334647,-154.75091593421305,148.61246439870268,1061096.713507782
push,aks,3_aug3,-0.40609053976970183,0.5653280863911545,-1.1273773354996497,0.4364284251223195,223.51880398194575,-0.5284701630496444,0.16274038430339627,-1.1663384807905859,-0.14266495397778117,139.85183889053795,-0.41273711138935254,0.28969864696169395,-0.9041613176026091,-0.06281286383870059,122.51700929004268,-17.4539020608574,34.913883613525236,-187.41743348371762,34.030063440508265,673161.5308350766,10.765026765564004,37.508014086198834,-55.34517748097197,166.59889437516557,1080652.7069143434,-19.347630569086668,52.098546023529,-207.42571332753093,126.9038695306341,1493219.6807001873
push,aks,4_aug3,0.042557419102123406,0.6268413505004125,-0.949216409237941,0.9958618996141241,178.28623479818935,-0.4183490615112647,0.40330451627763503,-1.1261479747546084,0.8183070434175022,151.04020498633886,-0.5279429549010592,0.3118974765355006,-1.0774421060666792,0.0815719913006214,159.87522531936253,-12.495134133357254,49.02407197654159,-150.6658098365078,122.4627799176887,1323289.495674917,-3.855472060146773,51.633119435664575,-164.57772767171258,105.88416560020806,1074721.8818543344,5.062713037670033,88.29618382904206,-136.92582984216793,171.0808131825881,2825275.4950980237
push,aks,5_aug3,-0.11830285187267611,0.5955734656512081,-1.0613123128636315,0.9124764770480385,200.694416343148,-0.4477688253650746,0.3219967132090413,-1.44584074889664,0.5244690495015571,140.34791725780912,-0.5677635790375608,0.3146744659694606,-1.074296207309218,0.12811995511462143,174.37582880873495,-9.214182053302768,49.69227938254808,-187.01675946554886,118.49423097740677,1138541.9424390595,-6.448072616609283,62.2840036486044,-174.54287918222872,182.02949721647573,2012176.2182695619,-2.36705544537035,64.85549702633347,-171.92431897262654,129.6260555819373,1147219.9002703829
push,aks,6_aug3,-0.15680678232159243,0.6295179290369827,-0.9745314442865654,0.9430975374593766,185.04823612293774,-0.43995567949817177,0.30354792850460094,-1.007690279413727,0.39910443451733146,125.99436861861781,-0.5753776537843409,0.3213412431127568,-1.1345341155431952,0.05813394744079981,181.7193352720476,-1.7794628735668394,48.177834975106165,-179.24829164132555,144.48198230536846,1095046.5082163087,-6.938916668134479,51.18471832006268,-150.58876591337847,110.18246325531896,1155821.6612127332,-6.186386857615128,68.38752415337373,-118.82671147593311,141.04794024638477,1381766.185048596
push,aks,7_aug3,0.12019173041328535,0.523989994964289,-1.2340098396488568,0.9060874686718432,125.21115224222815,-0.4303202030500967,0.2715047118338231,-0.9692621687195211,0.3331639750428913,114.32704825989697,-0.646619649545152,0.2917105834324437,-1.1296952192059273,0.09073116013824274,247.14041046877225,-15.982851035241595,42.828700385520676,-171.16181435867762,93.16401890092143,911264.7681946743,6.9298876252947945,34.68755593068545,-66.27822826327542,139.08652412140293,645322.4182256758,-14.182960455852545,62.274655867250914,-245.28249982646713,129.1580130591893,2120899.031234415
push,aks,8_aug3,0.05398879696233143,0.539500333924137,-1.0597082844053372,0.8895822182899338,139.22482262206978,-0.3862524266599171,0.22997547346983707,-0.9417566106508344,0.2065135328345871,103.16598173875546,-0.6107314341900313,0.30961167257267125,-0.9648783818336407,-0.003219951634418145,233.36650460295476,-21.35017212614041,31.13373755395815,-133.88507371431098,43.2898853798429,664229.0447236206,9.390714520241946,28.68592445740133,-25.101677297872044,113.53950847538755,419120.4115722088,-10.630243251229295,48.00110429829038,-121.27273066810616,160.17540221039184,1134328.2320191388
push,aks,9_aug3,0.03263757023329018,0.5963749039147069,-0.9608150465894415,0.8833041030829611,169.62402898101138,-0.392010748411601,0.20468194338117077,-1.1267757311181394,0.1503743178423188,101.67805075564526,-0.5753104282495457,0.3520711283956214,-1.045995826493236,0.0740458947287096,218.3050254828464,-18.369696511040893,27.711056765843587,-148.04010659803845,41.9167751688146,652273.298673132,11.466905461060648,31.837973886001404,-23.773553698306536,115.17081091245585,331239.6229337686,-7.230866877152539,48.28418705413965,-109.21894032257353,176.5603809163626,2174511.7842674847
push,aks,10_aug3,-0.01939810430677854,0.5857133543595076,-0.9846075441545081,0.7383124243486335,161.91150147567257,-0.3719930557073655,0.285484259851656,-1.2818012088031248,0.4169707140532713,113.24119245846505,-0.5893147676378034,0.3185497431896018,-1.1083409025573616,0.019687117453006192,214.0223537250438,-22.64008589224991,33.30638498190178,-137.85550246784368,27.26644043273559,731329.796476194,4.550582458412857,25.698314047358856,-46.93659091830596,82.53316641714076,533980.2258477458,-13.549425008470747,49.652557233319015,-214.6853241406583,69.07411020531437,885438.4170514978
push,aks,11_aug3,0.004015627702133255,0.5785696273738868,-0.9756882026945912,0.7980130698802708,156.17242040278416,-0.3957566100690916,0.21540073617512934,-1.1181246383362613,0.05349328342540088,83.70822719049252,-0.6428273471316273,0.3388451196661988,-0.9740443232396688,0.015215558012077843,224.5954636556913,-23.602447840670393,26.723207162866135,-103.83675656858563,71.43243053973454,416818.7053556788,7.971956085617097,25.097405013178562,-17.225611882630194,97.48957390430236,270563.09960836224,-11.44319644031093,53.79212037560181,-89.99116639131977,104.45326281100618,182329.15498759854
push,aks,12_aug3,0.008083920140276748,0.5551063521555192,-0.9597153768006655,0.7882147355652169,160.29307676622312,-0.3709897038767418,0.17385041528746176,-1.0752850284864917,0.00849574523300111,76.80929417941451,-0.659381114830811,0.3037089170753817,-1.071351044314567,0.03751964863440255,245.9343269882827,-20.355158179628514,29.30173993152026,-133.28729398234768,55.93180029466845,569687.3873372306,10.458444357192976,25.251182031069455,-19.011158813950114,71.89224606877335,283496.10745397146,-8.690600960190686,44.358962206749354,-216.93954168570832,47.97400518834544,164344.72651741386
push,aks,13_aug3,0.020886945950256145,0.5786495685041488,-0.9717825268324308,0.7358848777933106,154.6966438452668,-0.4149592834829399,0.2124046393384186,-1.0137726365992372,0.14996840839332606,100.2146773791679,-0.5853474041158933,0.3633107569180086,-0.9920167710656647,0.0508935561634507,226.18355076877256,-25.393735342016793,26.20088417386958,-91.14840740894091,31.376982330055164,600483.4943832897,7.7510550261340185,22.33040364645142,-21.877622492456254,77.4374806068067,206927.9356475887,-10.88753414553583,45.567156957064604,-117.90197923911582,91.67641758341883,1850092.6697128215
push,aks,14_aug3,0.06047528673004758,0.5834123889234005,-0.9287124455297429,0.9000786962859617,179.19002707473524,-0.3586582883991412,0.25993793920243863,-1.0861043725380513,0.2860866590903717,93.27467776707734,-0.5993370299720103,0.31674409100431145,-0.9882738141347402,0.02517138492618674,210.45981885296862,-25.54386270777717,31.95519115882895,-120.48832340443572,22.348263323532905,856378.7142447506,9.081423629120504,28.85220987991102,-21.13546064486961,107.30934562171711,489036.1945067463,-9.63577386855337,48.270887900837664,-167.4323783503047,113.45411075503472,1428862.9350711354
push,aks,15_aug3,0.1437446643427258,0.5283657630727034,-0.969797957615533,0.8796803451139441,145.28419028158004,-0.3932012029043476,0.26479789934415676,-1.2094508384374714,0.257415467879992,106.23012070637154,-0.6570083927836537,0.2593572993953678,-1.0642344017336762,-0.011988849934125141,245.97252478691468,-19.66768927761576,33.4000031194134,-168.6019304310324,38.96874523043986,811256.667650664,3.4180213224264513,26.709487640691673,-60.43139717093257,86.30589710389123,368393.82418971846,-13.612451047999423,56.07005405397682,-102.43932421495553,102.37072269479836,2281710.4334286996
push,aks,16_aug3,-0.021540638085432634,0.5301602368294451,-0.9347367396088307,0.7521201804874149,144.56257689273272,-0.38804017322737494,0.2566400660226985,-1.1937038846581118,0.1697217292953331,103.71514189286455,-0.5940654137623481,0.3109234116646676,-1.0012959205949359,0.03684543394149979,240.1470487118037,-17.151253278064832,47.27515648260728,-135.2347399919557,156.578937429448,1230468.1428427263,-4.591193320893888,46.39929746835562,-168.19728721300768,90.8614630295214,1104326.4371799594,-6.826163233429822,49.78957822593648,-198.72034673347395,141.85562268006836,956803.2675784237
push,aks,17_aug3,0.07557138621969854,0.5598037056104963,-1.0345578242598505,0.8005963866391748,144.91353510494028,-0.2832849494776985,0.1830956793882779,-0.7848603759182534,0.38672289290764567,55.394315710787964,-0.6876118639109168,0.296539304414726,-1.03300538403597,-0.018044701605322296,268.17422962124846,-16.07493665432342,31.024307420633928,-167.01819386772186,13.460835827604292,630687.3586527287,16.388560036811032,36.0383735693312,-39.43424737991927,96.97569566580806,667239.2129247821,-10.854234103202673,32.3721905420014,-114.91091411791025,58.00609517224669,1061497.0267746325
push,aks,18_aug3,0.031241455426792564,0.6161981279877545,-0.9876100123577125,0.9560056228160915,183.76789541135975,-0.21113013188703095,0.3023162061348561,-0.702990898600358,0.5798783256983021,67.51098899604892,-0.6462574442567327,0.30747601516152945,-1.1937844543708418,-0.0678589109879049,224.03376092893967,-22.15656380657203,27.227278036694255,-115.27537367070124,39.35772295529664,674267.5357824744,10.961597490765516,57.35138840324691,-138.93574365731413,148.9464837048727,1469201.5179894697,-10.834225429626784,36.21745984725255,-92.37477678344581,150.53679041893446,-35393.95735170052
push,aks,19_aug3,0.026583442437130116,0.5845218056712536,-0.9707795298237658,0.9397518325775169,165.6745016027266,-0.19257160626932834,0.2956804783080193,-0.9062084686973291,0.4990469981416817,57.86096860487276,-0.6757041525268147,0.29570131541672534,-1.1144310334062473,-0.06168853650277003,270.67337664843944,-19.871023795444774,28.834638251490134,-93.8898221650725,84.45911240446235,568991.7330223502,8.827593586483793,29.010263482149917,-51.19294768345665,80.64432837455143,575357.8017988988,-10.755419686142611,44.671062243232875,-85.92474451210592,126.14054141790237,420278.05996173556
push,aks,20_aug3,-0.0032486608101656017,0.5882285102335182,-0.8458840864734988,1.0615839101860898,161.00570462611927,-0.21840684843467562,0.26860837230214907,-0.8579225969789525,0.48937690890764474,65.92728187369477,-0.6916613785207026,0.2999580640088831,-1.1860585927474816,-0.0906146671809494,245.53544675857577,-21.99298135035304,30.10301394245534,-135.24881193041713,35.02372740493333,818612.629477425,10.885490552857165,46.47445848144344,-99.94658208238022,175.679681594566,1094107.339371396,-9.071583795937972,50.818947645538,-149.4794303443196,180.6338651094588,305206.78027112
push,akshat,1_aug3,-0.20791887995435196,0.6215468528910122,-0.9458557475733916,0.9239452208181526,206.9054516756122,-0.41443423358572373,0.24680197861227207,-1.0299214385736124,0.2956015497271369,115.69040508050219,-0.5076735155423399,0.2235276689701038,-0.9605227599801636,-0.08636749416793091,154.25323191279867,-9.28728960252857,31.421328061839493,-108.43683539754879,87.91857767776467,564072.4897316269,13.161022833579239,29.641266892664405,-46.59330397225881,107.087978479436,422393.3938486104,-6.724603809438301,46.31759291330453,-91.68415962155873,107.15515767172167,1180199.8434686984
push,akshat,2_aug3,-0.4361755775550104,0.6288237590426198,-1.0057083389465786,0.9465017135089232,281.30878880847496,-0.430574089232208,0.2516586511933203,-0.9139816838040575,0.41428223548033843,112.93944878103471,-0.295957182127426,0.24825501049666768,-1.12705117091141,0.03305751802089123,73.30431308994783,-23.526765656429706,28.977391921013435,-111.45952354275677,66.43061724950255,553550.4503431508,10.549956153569472,41.33049399244855,-61.29467473185605,148.5329400810843,775893.8301599844,-10.405324559162038,42.85883621803805,-111.13017686880498,108.66882714263805,820755.8042549258
push,akshat,3_aug3,-0.41648784920302584,0.5458453997444054,-1.2205952110097604,0.4598452144254695,210.2839431012294,-0.5170294820785495,0.16388277867679402,-1.2256117925453351,-0.15610798439302018,147.90238075108596,-0.4094006410063782,0.28961235165576377,-0.8841113366063621,-0.04817423948352126,129.44968354995362,-16.042732659609918,34.40197322877152,-167.35417397499313,29.41728834171287,854935.3135956808,10.528203554446401,38.864354871999026,-63.433916317248034,164.44802258029287,839093.0240025509,-19.492390216641326,49.364792286519204,-188.71631838304472,59.554900731541835,743145.7212548887
push,akshat,4_aug3,0.02695619979239574,0.6230939816602139,-0.9721696483850123,0.9436841237832848,178.89897188581344,-0.40281447060102765,0.40498376925869845,-1.121409327907768,0.722274033019971,151.30080827667496,-0.495260941742952,0.30558800631526156,-1.090561742298964,0.11210338247944601,158.52872524367666,-11.845288124754411,47.62857905899529,-130.8932916208571,106.18606698053277,1230266.7599719139,-4.7321763315149035,53.83490109478859,-175.7056406158119,106.6541171707903,1279268.2482334294,5.017422550539771,84.13307415842732,-180.731847815559,178.39016702264104,4320263.2470886465
push,akshat,5_aug3,-0.07399794983715126,0.62504861794114,-1.0715702572975019,0.934599960273779,175.45870826626074,-0.46005638336298166,0.3211284413517303,-1.3927248803797712,0.6149229872228077,137.2100673002902,-0.5418818491624524,0.3038645030853588,-1.122779760832419,0.13074853370906409,179.39864888498968,-10.142709133980102,48.75010434179072,-194.55398947057583,110.26782121584638,1246816.5643297369,-7.367639911337875,67.58947530463647,-175.3399389466334,171.36548072958962,2015656.3710376974,-1.6265714918030405,68.30786221888529,-216.33187391231485,191.15329726452543,2830349.8678381993
push,akshat,6_aug3,-0.16507959037829284,0.5942060984157909,-1.0450690774171933,0.9633182274330346,191.0022985428811,-0.40601177728324284,0.301192441476591,-1.0014524882245226,0.4641140590687304,122.12339782543714,-0.544208919798632,0.31973057827124307,-1.0927131910421664,0.06485363147003013,178.13697026641654,-3.0204380097768344,47.20838145046072,-180.28607612240498,137.7495977685972,1047431.1580742386,-5.730814508835926,49.80984944217339,-152.78708967488282,106.40153109748883,1474036.0671257235,-5.315028234723527,69.9041049960961,-195.17698182146762,172.57531327231266,2882956.0407103794
push,akshat,7_aug3,0.11043340904303649,0.5070087822898097,-1.2615864898592482,0.8776008888683298,138.8034875248816,-0.38118646377391285,0.2649799194903642,-1.0768124846725773,0.393532442163248,117.07711711223602,-0.6077783378461826,0.2931270678591948,-1.07847582054826,0.09584340885819763,251.05433729755387,-17.8835573805151,43.06711808798179,-180.89526523322587,93.12698342212258,833249.7578586792,6.800390241880137,33.881404103847615,-69.91385253609508,131.57645587505485,558317.2859062837,-12.772936160429257,62.073135486898174,-198.9133219782285,142.23373820861266,1534106.8435697611
push,akshat,8_aug3,0.05543434358928647,0.5434705000069344,-1.0553241633470896,0.866624145517967,131.7166533344592,-0.40857980281634365,0.24311608454584072,-0.9234546393087784,0.21959071293781715,105.17708447191882,-0.695141529169742,0.3155135146856856,-0.9401712017113837,-0.013059998673110172,237.73526475135637,-19.62628007363019,32.90877964742809,-126.36229631976268,52.655088066181136,627938.8050329145,9.996514105321578,31.307487707071317,-26.646364173542942,114.40141594978728,478075.44614313083,-10.859035056949022,48.95551225025632,-117.5937632522728,61.61333963231959,1369150.8607669265
push,akshat,9_aug3,0.04571588312697833,0.5792803705171845,-0.9875997187235291,0.9247314662538182,158.27279082576183,-0.4194599380907529,0.1942241750406799,-1.085444646265115,0.12539813247859632,97.26164239048222,-0.607074369500474,0.3370403243143791,-0.9846948290572188,0.04726355379775603,224.78044728987425,-17.515017131698897,27.091015969151844,-147.5256979280657,40.614482783726025,704135.6993596298,11.434801732454686,30.95151598083529,-27.251305711673762,118.35192738230654,487424.31757564895,-8.837712636201918,45.7077420636116,-114.30127942603892,89.81508739371468,972369.8667425868
push,akshat,10_aug3,0.005040621778582472,0.582377995572791,-0.9904990347004965,0.7206061625872248,146.13504987996103,-0.3868594476412641,0.27750451766929013,-1.395299001136342,0.4390743686765709,110.63200279620324,-0.5923121764206071,0.33288112806892034,-1.1044715356671075,-0.0052792597605856445,214.99096171275934,-24.25881533552286,35.47022953460017,-152.71212823223004,36.45214589789973,946558.1867824288,4.912969001322587,25.520478253475467,-55.68555581626797,76.83347990766403,391445.55098791723,-13.083914274329683,53.409770435426644,-62.0012874606104,96.65334205257841,679130.6480733722
push,akshat,11_aug3,0.046228243721933834,0.5936303997417174,-0.9828732422101794,0.7711890895153336,164.72080293221634,-0.37623876603423445,0.20020773097964428,-1.13218799501336,0.007160639867393688,88.99560006727687,-0.5724059618434157,0.3473053690992697,-1.0256514030392985,0.10234203545826837,228.89978506638334,-22.126936468113648,26.836180844357468,-111.03831204760478,62.718066993427584,472656.4667948617,6.842371457290368,25.88784999432215,-16.909299833643843,94.53061150027015,253350.5600082503,-12.073149553927232,41.668823482234124,-216.73152658244243,127.09833398060358,954705.2382919366
push,akshat,12_aug3,0.0058689622160263055,0.5788723307274664,-0.9619430869440678,0.7863964839732966,158.00395556322525,-0.37971846206738297,0.15073605660020745,-1.0829266187058253,0.06802114699784628,84.96484292542732,-0.6006000385161765,0.30439857769222867,-1.0883017176284941,0.016696861431359403,234.66116724752027,-18.68700150131379,30.808065594692525,-130.28820977978305,62.58646543898709,597011.5783998509,9.607447681416549,24.19374478653761,-28.66102506830151,79.9065905980298,295139.851518556,-7.994192902196263,46.74274154620585,-87.13152059784785,92.73588847133952,991358.4767552429
push,akshat,13_aug3,0.013307340488091676,0.5471732571367547,-0.9288641514147546,0.8045702350536448,141.94513037301303,-0.4021619777463521,0.23095554867924462,-0.9639190966152205,0.1505858919311018,108.97853864675932,-0.5680132515384182,0.34921420283082044,-0.9088707773038781,0.0879416303746199,224.8511278342299,-24.265492415175245,27.107712838967064,-97.57306337495068,24.396607903859394,601122.0433780287,9.687279681117506,23.094682651596617,-15.922696250160673,69.33901946446,324290.4106693291,-10.695856538702445,51.23933402035257,-41.85242723037001,121.76364304335902,1253390.1095128416
push,akshat,14_aug3,0.05305162876726744,0.5865753683818499,-0.9556887417993971,0.9395664204230305,163.49867139504292,-0.3669825056749547,0.2409745169943665,-1.063764117310461,0.2665457648679591,92.93098704622813,-0.5973314547087489,0.2996837400253248,-1.0044848583875123,-0.010729278736139755,213.0453521939374,-26.734350750173377,31.993932938139228,-146.5830795174558,18.530743797522682,951329.7800513265,7.566138709188242,26.0415798586983,-18.314421431762007,113.18586443985036,263620.85581700003,-9.150018733697319,52.22457462789054,-174.18078592583785,55.651922457070356,1074029.5741453848
push,akshat,15_aug3,0.15288378820465245,0.5289447094606398,-0.9926503282331495,0.8287228037198842,143.28535342308552,-0.4138064474980847,0.23765939517783966,-1.1629257060615583,0.2754619086106612,110.24793206420142,-0.6642932102594018,0.2758680933637602,-0.9929079052311339,-0.06389787643269079,237.26831850432973,-19.930077195129016,36.309762416352,-175.9374715314516,36.379098352701035,940658.8405911813,2.9127538036300846,27.56613418033314,-61.064997307828214,92.91560535773243,296932.77833152015,-14.49296761199588,53.593377516335174,-80.51919966174623,140.16340877942486,1388229.9768247828
push,akshat,16_aug3,-0.07195431124653304,0.5098003855368727,-0.9368864623698648,0.7113805129486859,125.13914035513426,-0.35727438581760834,0.24311440928300784,-1.3757737914889896,0.16165583905507466,104.81451614619681,-0.6313552245727523,0.32509091005283147,-1.0322380388123877,0.010957682222760478,237.36858868035205,-18.326998703244854,47.68229946935254,-140.9856493705532,158.14884808611214,1098245.2061009253,-2.66617011408588,43.64592901921,-164.21417680063288,95.83359252815215,1100729.7383067673,-7.375796087994643,51.00102303648768,-114.8930987287971,172.33286899976548,618060.2600857405
push,akshat,17_aug3,0.04853969553207351,0.5432271276084695,-1.019197192039535,0.8194024888169555,154.91161798016958,-0.32418422542473807,0.1849623904614898,-0.7035773474019155,0.380114189230485,52.89667371598984,-0.6947669533502848,0.27683133548073163,-1.053242795112234,0.002270679679690371,273.6473623441979,-15.595783425571604,31.815374422542398,-167.6669135694568,32.853024117261135,470625.3106495795,16.425081748606583,34.85008886795676,-41.40180568652996,101.09727801284721,792655.4433575508,-9.997521733088302,39.107531289186355,-66.8344646955868,25.22163076319547,-636383.3829478491
push,akshat,18_aug3,0.014456995750306609,0.6334912369483445,-0.9192150866456906,1.0369137179599524,177.77681487044413,-0.19866793893956852,0.3057648696411475,-0.7572923219422304,0.6032596436596781,70.4187610290537,-0.6291962361932032,0.29591212770960096,-1.1226513987652929,-0.0599944656640283,219.56737987820784,-23.224739856259536,28.72508418097839,-117.29677368452052,33.93123512325002,775034.567603894,11.5822787183629,55.42171599853394,-132.78122902238536,150.49958826229408,1510022.3463067252,-10.381444976428895,39.73434651655122,-59.562750732543655,93.21723807204856,959721.2042368191
push,akshat,19_aug3,0.04581041678078191,0.5561007367327578,-1.1199406517248582,0.9658474872594421,147.66478392738557,-0.15128721613920448,0.28696701027572785,-0.8772678364297622,0.4885245023870822,59.3783292259198,-0.6944136436359281,0.2959821664642553,-1.0549586006030942,-0.05130450101585015,274.77023174811717,-19.506395432681035,27.285831720042445,-96.67743173612794,103.75416817369528,597101.1243318486,9.83142462883117,31.105525576728986,-47.86320828062892,80.0155425979156,659442.397330227,-9.713721201054385,37.946051895482874,-77.58764535692475,101.26510380911682,160793.65082432458
push,akshat,20_aug3,0.06927987827555909,0.6016695535708613,-0.8725689800566069,1.005187847923036,169.30081837851412,-0.2566216623369509,0.28517859395604517,-0.8594229089714354,0.4917524662382904,57.668292023751285,-0.6513464719610254,0.3088055723591067,-1.1028826157244145,-0.1336385768782153,250.50329861443245,-22.653922344428008,33.538301018475856,-150.3285371976393,28.48096965540869,822024.4927438321,11.108543668776536,48.55726774203785,-93.73389229213754,170.62670528828903,1331007.3901446345,-8.541171827963478,49.87635716503826,-141.75099797920674,153.32704925314385,1546866.7219516481
push,jon,1_aug3,-0.41183310399287826,0.6958973300529949,-1.1568049634358248,1.1738831738141118,304.6482036457689,-0.1263674347008584,0.2699130828986923,-1.0822970540398917,0.4570549371428106,42.46694517325831,-0.4726386211986675,0.29249624627333376,-1.3027575745544175,0.002885467151647737,148.21613462978905,-12.605855069875213,43.63054800154536,-120.97498507004016,98.97317283827708,849669.770727463,7.036250889431889,83.13441606708295,-187.64882874804968,229.6713616716435,3413788.308717028,5.60431820552716,72.56776765655303,-116.06034949412609,261.87349037792364,1953005.9915670613
push,jon,2_aug3,-0.09507936217023634,0.6562403676078521,-1.3694217729254095,1.1488928118835695,225.82142404735524,-0.21872061754735928,0.36667467905478224,-2.142037574856122,0.9525214965702395,85.1020218080566,-0.5559478319225307,0.3441520398923513,-1.2693071091360435,0.25305097218866995,206.23428385814543,2.700528899005493,92.44534005430614,-441.28409814485246,193.19803968310592,3845392.5632758527,19.09565922147585,78.52944527380676,-170.8398484660299,232.99623018347268,3009465.07312506,2.674441992274873,98.7064541136293,-150.04114620757926,262.76946000705914,5943904.214593207
push,jon,3_aug3,-0.20773616992668914,0.7020800421742162,-1.1791163442915942,1.1254642550259695,247.59952454747707,-0.25439676060054006,0.35046969324851984,-1.9552465330775053,0.5186281917205963,82.06655910145139,-0.5465459860751148,0.33539887095848947,-1.6842874858098669,-0.03343916667649813,193.5137047225554,-7.806376748100338,55.761033998545436,-178.32097025695072,287.1029019058636,1452914.1698988825,16.792455740751134,79.01211731947657,-236.5447929372857,216.10376504511106,3025397.3523025974,8.807105186655146,89.5336985358835,-119.69984223571184,222.5714873717319,2956948.284356775
push,jon,4_aug3,-0.16269959239168494,0.671202200765292,-1.0651984922624702,1.1314151550142202,218.53986915546477,-0.19648637744090297,0.33057869338245666,-1.5277430150254823,0.7319623132381355,67.87937251189373,-0.6079038679228642,0.31207667079819396,-1.1406771375016598,0.0021798169375565613,222.37013562612722,0.5875887755694248,70.13218553278489,-232.14247228588457,311.68444486110866,2209021.069881421,8.736510448314446,86.07957546488669,-151.87836696719864,249.89116499618925,3365903.133433882,4.856993731919787,85.45969338765886,-104.39397417903074,258.53956604514025,3975872.1761389603
push,jon,5_aug3,-0.165399013932967,0.5964824370145574,-1.2367914075308017,1.0380724124216623,170.28457851326553,-0.31733902834394073,0.3103427606857964,-1.5279715088824173,0.3643813827403045,99.42623096366742,-0.5722574948859874,0.30609228839762603,-1.4229498291726759,0.06519660025402926,206.5091976795487,8.22016806553538,70.77501311996772,-219.72736545761376,277.09501565374495,2424752.4098400236,10.997001170561548,75.87110957372936,-237.83278448523666,192.3020374768134,2542818.6937769214,-3.6115902237026978,105.75969997480057,-129.4141813036185,326.53939244880524,4420005.770736845
push,jon,6_aug3,-0.23457895242080054,0.7067357713483398,-1.0849122695793423,1.1601289561568349,293.58584983262546,-0.25706461353744636,0.24910013335154021,-1.4419642781106756,0.15608903953983763,67.04440886109472,-0.5481762701312021,0.27113456861002483,-1.0501743081791248,-0.2170642378934266,188.43438737653523,-6.8552769022852935,38.49627339939905,-147.75625394303574,120.57526998714175,623727.1927259885,6.757757803109815,70.92690631955809,-118.40951480754049,219.5509950759531,2257546.260044305,4.84872073371181,72.014357601016,-151.00966863632064,217.416735172499,2542549.743590713
push,jon,7_aug3,-0.25115607280033164,0.6701443072995571,-2.1791913061675534,1.078562331233192,224.71052696327,-0.22636118877222464,0.36237527330793196,-1.4931192644572806,1.163468876539677,76.69609779454689,-0.6086697628487455,0.4173793203134182,-1.7355543077501934,0.5064061563968809,255.23824222912015,3.705675688791273,52.53097092556147,-150.63038683986633,192.31839067046064,1389004.396794969,4.401680394673046,102.16483150536973,-257.37904246650464,410.19088147142264,5193111.546125799,-4.829849411834569,108.12172254423864,-382.8010898162719,224.20814882487616,5499657.785316923
push,jon,8_aug3,-0.1465008607149808,0.6538462993868492,-1.3078717423192876,1.203515826087511,218.68986792090197,-0.2554028873516495,0.3025545649320671,-1.6131110080551399,0.5896377347596419,80.82624648825121,-0.6119421300164389,0.32746356334375665,-1.1033391121440996,-0.03934463190070067,209.49670569040026,2.6155713614225693,65.82231915535556,-254.75846353832605,160.16155279186603,2168783.638079532,13.407693747648267,75.1531722864195,-137.06030321288353,219.65141981194256,2807953.0668348465,5.001223270761876,93.2382377275903,-200.65131062172784,333.5685315333733,4001492.408282841
push,jon,9_aug3,-0.43790556933657004,0.7523862720624052,-2.304544902324476,1.3020787961404643,318.56399778578174,-0.2474594295518673,0.3458433251125965,-1.802330874438007,1.7403947530982808,88.96421503606426,-0.424373636961058,0.34115522602629733,-1.7985088827333042,0.6306033662047608,139.52955069470528,2.6205404055381143,53.73253342153799,-214.083934299793,192.09351508493666,1361614.559102986,23.71841197477517,79.17102214481898,-88.90498213679815,382.7594342291086,3208918.163587657,-0.46944238558037965,95.37545575618316,-318.7083416547687,324.20719172169214,4253268.192246125
push,jon,10_aug3,-0.25492031639171475,0.6780466564153377,-1.6650746217527268,1.5410321079946938,237.1481045376278,-0.2807368691886015,0.42318318872669947,-2.6097482149086537,0.7464718688867799,122.65992067812304,-0.5424753203006447,0.40394340281052454,-2.1202449217864414,0.4407357698017844,238.71387160919164,-4.796337571803289,89.52152601741416,-276.61262560439206,378.6491852381439,3840834.759968712,5.268509170088258,91.08562437636859,-300.6840078543757,370.3939373878812,4131917.4169431506,8.958709768363514,109.69383323631965,-324.37965643930005,312.60846731601526,6693399.9803647855
push,jon,11_aug3,-0.08909912191943799,0.6147330353257385,-1.2316991265770967,1.0791623512236674,186.2294989680384,-0.259598785099476,0.3009409987601911,-1.5008152127806256,0.23573533710389147,68.60568931667487,-0.680514680178423,0.2752396373257256,-1.2238179440684454,-0.03926273756337255,245.31719101874916,0.8242604920065337,59.64196257257277,-140.65338535594236,235.40100699065533,1593168.4953926764,9.505769976687889,67.30944919119896,-190.37726990166644,197.12608439050697,2294945.614577552,9.33938999909743,86.47226122816762,-148.18668057141338,262.56624888302264,3335085.788074949
push,jon,12_aug3,-0.09214143707402164,0.6964530971314272,-1.3105812550364426,0.9745371211336344,223.39780447551988,-0.2180416317961535,0.3366530358662711,-1.4722450109616216,0.8173265162879501,67.22251950861717,-0.6330575737262556,0.3231802380837153,-1.677852852224309,0.4797908533002576,254.63926826934858,-4.070140556060214,62.26660701492608,-235.0755222037571,216.44279995953204,1984210.4096714,13.072121796397356,92.00927302470983,-116.82239492522034,396.4113360788723,4024965.7422066624,7.379557249098462,93.32582165510776,-169.56872204133015,273.1974575415179,3720271.777688786
push,jon,13_aug3,-0.10789652132130527,0.6835132423075743,-1.191935538464472,1.2533440369197126,236.59741320635771,-0.1742302692669777,0.35721396893301893,-1.7201357204644137,0.6298534553054665,64.22779927707124,-0.5462767226961504,0.3441623030821715,-1.1237185641939789,0.2731317118964485,210.92829713118243,-2.3894206582787834,83.5273842763449,-327.80145288813014,305.3248646002369,3324726.526988844,22.70507905871449,75.58960673644718,-197.90229598831544,208.18085276918455,3137901.4924929924,10.596978894990174,98.35070193354782,-176.00297887970873,309.54364204041855,4839124.739143203
push,jon,14_aug3,-0.13159588658713797,0.714534832507181,-1.2594407948003012,1.1630033738443966,238.40109042194183,-0.2636855930030885,0.3473867363398019,-2.0588567885216493,0.22573499597457627,77.8745316905114,-0.6327442771667678,0.2994060946909325,-1.2990984834979207,-0.14988125537443797,209.759542095033,2.316244397889264,69.43688827486845,-195.67795877556324,267.59840500428584,2148903.1042372985,4.6081897499957245,84.9557524153107,-236.30057765631088,217.843715394109,3353824.667162608,2.437405863932046,101.16445283610781,-103.14630255340151,397.96447853152176,4731353.3662402695
push,jon,15_aug3,-0.22369132231824068,0.7017442502374001,-1.2242849542531262,1.1963639979456522,238.97819477008545,-0.21433877742443377,0.29237010260316604,-1.7885417715575205,0.36840557213948966,72.17050412439103,-0.5950684922243524,0.32454382369039675,-1.3608703836316933,-0.03184475461630053,211.55046368731732,-5.376376969019563,54.951186996875286,-179.44338402768096,164.80384133426872,1145796.4957403596,7.823337231321307,95.82405307716239,-210.42841064695008,271.2126251104065,4129061.4981122254,9.064864334394773,100.62371965372952,-152.86294794160565,365.77576542042107,4299442.63621085
push,jon,16_aug3,-0.11282899927033996,0.6638478781637227,-0.9921440432593527,1.1209566409068443,211.03632975413578,-0.3154442119427261,0.38115774443179756,-2.9510822219301454,0.9373247219360606,114.89614227958472,-0.5634478677210375,0.3368239577519727,-1.3578606189269486,0.33397047796193075,219.97777679463678,1.6439820713393087,85.23879650103974,-334.0336306613888,432.0744360691437,3393550.9431731123,15.996494489707537,75.6101377755276,-153.65718912356314,253.96241880105975,2813415.097906857,3.0842706756099756,92.06390289096652,-203.92332549978462,278.13712116889366,4064904.129709668
push,jon,17_aug3,-0.09311421976722077,0.6281719629131262,-1.293375171513752,0.7991024682889276,196.43730197990823,-0.3245858351424889,0.34111307314819594,-1.8282790554911132,0.2536075413025866,103.50656515871235,-0.6481789400055007,0.2682504135414948,-1.123631682195365,-0.2198522403197097,231.0498371820386,3.730019470419231,71.2718929452888,-211.71445878459357,206.4797809421553,2202777.692072296,1.7111442965560464,61.15696729888113,-167.29292804935787,186.8685935354366,1624238.965008742,-2.934762398754532,116.07760145174353,-213.9723763643243,391.99357149198187,6017538.687658964
push,jon,18_aug3,-0.25839246193470383,0.620281755118093,-1.105787410614508,0.9533836760682244,218.4349905790068,-0.371366785192031,0.3452232652085211,-1.489816653358935,0.3663759368599381,122.77492011832547,-0.5676048215170844,0.3202785335727153,-1.419756374214925,0.250312727511647,196.7640092197831,1.6643923285241125,54.4426935753773,-160.86795735820894,206.17140873622725,1460351.3916314766,-1.4430574691595468,76.99798095897772,-237.19452996247605,247.73021479903323,2930042.691860588,-4.593411060076317,118.237475204997,-346.51496814901594,235.0612617979839,5851439.171002507
push,jon,19_aug3,-0.052718706578586946,0.5845284801664481,-1.118598281966063,0.8128912915260716,168.306697748994,-0.31856418334006964,0.39077951517872334,-1.9362395830680341,0.27063469692658204,122.33655425320667,-0.6382977153851485,0.27312608731665455,-1.5047376836335888,-0.20814579514599016,239.2373922693406,-6.538620045192732,79.79816348914405,-266.5887863843946,202.92684285604398,2783188.845805403,1.4162581258622757,70.39377212528454,-190.1759090755169,212.92025469840502,2240069.582920556,-1.8643076137472256,105.56609661485365,-295.661513650369,291.9825016836552,8260367.307429556
push,jon,20_aug3,-0.1943125525478871,0.6292602418591426,-1.2542824996720945,0.6832419759370373,200.7293848790132,-0.3663876788150059,0.35924165243314093,-1.7076152284855237,0.27645934037141345,120.52659991485436,-0.6077928188941287,0.29060275360593635,-1.308163585934157,-0.07211864162232129,210.39612714286125,-0.9072946780457807,91.39701760226654,-272.8231252729516,339.6010673256402,4013534.404936758,4.8785748575254475,59.3313672495036,-159.14963483009808,197.11662028921117,1734556.4521030856,2.420409397083886,105.79015266655821,-277.418638641885,334.48129567422126,5913663.28235947
push,nav,1_aug3,-0.21728111932116437,0.5948751426744846,-0.9460940022559818,0.8329178793317467,196.59427907669453,0.4271184022116677,0.16034366677323028,-0.025862448380453384,1.3200301309740723,78.24281124776005,0.6196531594410009,0.20433825546193451,0.324321618452447,1.1029483588265108,163.21496962351617,-5.205166434312279,18.486459699639855,-80.10959971005894,40.12889834602453,-16045.687528178445,-7.30004510548887,40.21820714706637,-147.22505597535252,55.997010199708654,462673.868500576,11.835232586384636,51.820897164212845,-50.32707238622829,196.00950755525852,-451114.75043422985
push,nav,2_aug3,-0.21360880518581565,0.6295576059880947,-0.8668202822628298,0.9825220446185493,188.29367377171658,0.3745082148176886,0.17647640418576244,-0.048594374009148775,0.7723534340548065,67.81289346318259,0.5838221081691641,0.1522513408391158,0.4654341467514603,1.0902990495285807,165.40706169427892,-3.6243617210756485,15.855186648804873,-47.672887076424004,54.281304899342636,20010.989954534918,-8.525350857316202,41.97468674764165,-139.81772202442374,68.15007287560819,711993.4429075288,11.831890512319921,52.524708460507824,-193.91184527274842,106.02577141061874,1148110.1908285925
push,nav,3_aug3,0.10357084405381954,0.47551992752657096,-0.934671638649982,1.0101971702432158,105.4210158297592,0.3468291522963806,0.16321482392193395,0.027705873474374133,0.8159381444133339,64.51049725493911,0.7650586466820098,0.15000574424068075,0.4301670952239207,1.1000991322281677,261.5378201507238,-3.2433270748096126,21.98056536304567,-98.29141186875985,59.25515010696085,215374.53935740964,-7.335051232314648,48.696568823539195,-152.93741576173963,111.51182062137366,932364.6404062175,8.089594409483261,44.56386210321481,-127.38342159389228,118.35566623849859,670714.4550241892
push,nav,4_aug3,0.2018109381097439,0.4093274165535735,-0.803739816285681,0.8914883289267592,93.31572079945987,0.37007481930597813,0.16344613511925424,0.04846196600504709,0.8389569937951441,69.5106483483182,0.7750650653685784,0.17531028187517603,0.40045482415165595,1.169656149899985,272.81302273724845,-2.23634961224828,23.27492994147258,-88.23379478031481,108.95865177642779,134189.36707295894,-13.023526761727418,51.27889859756671,-156.11830237381227,108.75385979622799,1230978.979852849,7.303141950515319,44.641714022953146,-192.6035119281844,137.49216452825738,146601.71620765398
push,nav,5_aug3,-0.11231195860911056,0.6155845833896204,-1.001464069116615,1.0619004771343041,182.98950898255165,0.3868463329056026,0.14393836798396614,-0.15205694160448924,1.0533722332867024,87.1487455404469,0.6140123920716954,0.1440208969868538,0.11461723316786081,1.1546118424910456,176.84834623656354,-0.023272261977358655,45.63018538477967,-168.37995299688924,160.2510513290291,751282.9407844346,-5.548536226829124,44.55438781527639,-177.76857026126387,65.23194098171355,759000.6033688745,13.157072421640827,57.771660094953596,-131.936411574206,131.88161415276613,847111.9430821144
push,nav,6_aug3,0.10319935314817273,0.4805941716966624,-0.9971550768223284,0.8876112268352048,110.05899887723132,0.44244746885054204,0.131781094933204,0.055734876919090084,0.7797134135667974,84.22237537319926,0.7441076743817108,0.13677461637242525,0.5361322777491795,1.0066701833106906,224.4057505802912,-2.2801363695836177,19.16001912797518,-53.73015646730322,46.06023418992401,92284.48096069574,-20.838581925574843,46.106812649480304,-150.28304897274347,48.70372709316899,1226117.1945745393,20.716447999630756,54.40188665340564,-123.92285641195828,126.88748659978444,1388875.4293783912
push,nav,7_aug3,0.3248585902623196,0.358647986842372,-0.879389006053884,0.9496721836605772,115.98685194746758,0.36264061351957744,0.2239113326599709,-0.2149088662086813,1.1547980135237865,72.64386399111667,0.7475832896883293,0.13926595032081693,0.4396970894951704,1.4077641016389517,248.70552509995926,-5.123400306348551,25.203999228888218,-82.67159065772047,99.61631625444619,375570.2189741566,-17.995855716296255,61.651280395769376,-134.4098133756427,135.23227636917238,1752488.469288867,17.03978372436952,63.17680078316623,-161.9511146933234,132.35832053296247,1723306.1123418547
push,nav,8_aug3,-0.07164794463299151,0.49740055895668994,-0.8843417618710125,0.8911203853637604,118.21443211167238,0.387770310580171,0.14160976321720253,0.03924970095537267,0.7960384697908237,72.05446043402262,0.7048946064384675,0.17006459859629264,0.3492396841226576,1.0785158481590569,235.93511031597643,1.8609467620288485,29.856452037722562,-159.49137770132242,113.78210232594253,394349.316963119,5.416346490841136,49.21159339773608,-100.84839248917568,106.5224663510628,902860.6966259084,2.1711662491398105,41.02349932076354,-133.5884510061285,133.29010040870875,1451109.6887361794
push,nav,9_aug3,-0.10698354054704569,0.6067912730143485,-1.0176077537241872,0.7597949225617576,169.09926190208162,0.4227398120466276,0.11796509267917779,0.14885357517030767,0.9854653839833263,78.20527331487725,0.5739342573997486,0.14820252719747726,0.3541718647425881,1.101857091822249,172.99313167616168,-1.238446623244963,23.95870817957169,-79.20268386127063,68.72319789366794,355758.709521392,-7.035414837656061,37.49975027489118,-108.10278151625465,106.97054728442777,675669.4015948458,11.8590133184787,43.36397287461934,-99.19539820754407,141.85353241008576,657130.8196006028
push,nav,10_aug3,-0.23703136531562766,0.5612954615276745,-0.9217823814887252,0.8653277822107575,171.4258230170221,0.44313938184090274,0.15767816570319032,-0.2914918651728695,1.3956182412734996,78.2561478995717,0.657328878921062,0.19829589372315798,0.2865813889675917,1.160994043699485,180.05784716743642,-2.0063295239805212,34.541172089979604,-130.80060416319105,118.26925769617785,498312.1281415958,-10.730303866649429,34.44385303392083,-118.1670848959001,76.26977999525498,526447.9815315339,10.095813030065663,46.49424647545904,-216.4158882039207,114.31031255144137,464245.3158522176
push,nav,11_aug3,-0.07235112667312138,0.6271723908625122,-0.9985336058485563,0.8707095456290472,163.96321358798733,0.42063241409265223,0.1345353523421667,-0.011410521671003865,1.1707248502730596,81.98455198479364,0.6214185192336081,0.16859471175840407,0.4127195504722551,1.166139702266771,179.88381746081183,-7.7032117569879315,25.07977346933395,-114.10652118335848,110.23255971673724,314630.14010408847,-10.681279868403086,32.614736029581344,-131.67821221913027,78.94046818849355,600655.5802708042,10.669588044955269,48.36892111920381,-87.6537324392587,94.110064053437,896819.1031127842
push,nav,12_aug3,-0.15571627161630686,0.6062742037893434,-0.7980749243259266,0.8525834260329588,163.89470664081324,0.41238040939014353,0.12905261858740402,0.002057898582108156,1.0557298042241772,74.29061264273601,0.6318880152601111,0.17668269233010764,0.3515249493184279,0.9477761298922497,170.52812701751765,-3.5965616161763054,25.427282717308568,-74.44468784843369,90.32684372823744,185127.8814028793,-10.181587378494774,29.97451380457317,-106.2882849596233,46.335759296800326,657137.4034786074,11.809258025258593,41.756753054081834,-65.8670339004361,213.81249278895328,753406.97452025
push,nav,13_aug3,-0.23905272260627008,0.6001869157350449,-0.9443809141958901,0.9244926089566238,183.23080083474008,0.372532734311527,0.13279685515589976,-0.09969203524204355,1.0253649755649754,62.50091783719598,0.6666378085914711,0.1639044553979723,0.4482181451535739,0.9816033960258936,179.81118921970477,-2.9327556215296133,20.037559515214472,-82.68712397859478,62.641930637234005,22247.416181243607,-7.841084775282794,35.472010208241166,-143.57315800730868,63.101660756790466,712235.4222759961,9.642749410052646,37.83623905632489,-146.38715736028374,77.39370549456983,620405.9663348955
push,nav,14_aug3,0.19102210876589873,0.514685644490789,-0.8589144384201501,0.900365466691513,139.2412094749571,0.3906853109610762,0.1499848249705142,-0.14046294582533522,0.7626683187062772,72.4961022925135,0.6798920584473924,0.11199301378017365,0.47273120715648304,0.9912022964811523,196.52663651104345,-9.997900080267001,27.37938033342854,-84.54054213337903,97.0786819085771,440748.2920379738,-20.350519777046678,45.27398973836578,-119.48289894106667,66.16597412392424,1141333.5628431486,18.91511325856691,50.6584988817418,-146.78206320444724,115.73127005510341,857523.9472998705
push,nav,15_aug3,-0.15938439160269435,0.612772930048924,-0.9569822859017703,0.8855320185070645,164.74772171671106,0.36488667089595345,0.137104755573081,-0.2066337561456547,0.7948361371682261,58.33600709923023,0.6327710208402899,0.1810034589410017,0.4301786025016472,1.0359908725030764,189.58420378630086,-3.7116025203451697,26.762326804609227,-83.82736199374978,62.84399116628255,155347.45731474052,-12.595174196695208,37.27382963435128,-149.35900675259012,75.17156369535091,674571.7869749687,11.139526893967794,45.73452486316573,-87.0888243729527,115.30564669223153,959362.7383816652
push,nav,16_aug3,-0.20537827949945964,0.6109943354573236,-0.9200923745510171,0.8333773557033688,173.72896008549256,0.42648745659619625,0.10523225522778998,0.13894285616379579,0.8501955997746728,74.21679941508057,0.6558016361307057,0.15702832342829198,0.4629778171221382,1.0474549012671295,169.5848812894189,-3.7871273753225054,28.1814618229118,-88.75581630551459,83.41335885666516,440726.7082211971,-8.770393025707156,35.25794110618671,-109.70021702700052,72.87713144395921,594912.4567665671,8.117203657524032,45.002519980700576,-100.7819709927248,99.24192656752278,1724360.9155708826
push,nav,17_aug3,-0.23990868411099658,0.6084672875804258,-0.9050910502868939,0.9151156177734876,166.46285712606362,0.42327690763024867,0.12791315310580179,0.0528008500697015,0.8122061104539671,71.86160319106563,0.6706336075431191,0.17430614159446647,0.38962902425499224,1.0783747766791054,186.67036152079038,-2.3459766087710676,46.478623361827474,-268.6797542450991,100.26789956191556,755170.9366939915,-3.2867898390004524,43.67221407092485,-122.83457056527874,153.52607014077503,762124.0348272682,10.241641316405422,45.647739693821,-70.87225237947453,180.86248818387077,910382.5889281463
push,nav,18_aug3,-0.22816459806695003,0.6072274846721184,-0.9404399373959768,1.0061918695657055,182.95029674033557,0.4480121966010043,0.11105950078416167,0.03350900542558484,0.896278004667475,89.29900825118749,0.6024010222438758,0.16599560541242478,0.14677641331026367,1.0451124067375195,151.82199095437295,-4.025037897293376,39.28447335756438,-127.55062316513546,177.08936094793762,626451.2736435467,-8.33546349550615,34.4801964115396,-93.51250428237657,51.893448940902125,518675.74745009997,11.393137303251823,52.994516193571904,-137.28532975344092,113.69740299126151,898719.901056154
push,nav,19_aug3,-0.15286132580763565,0.6048430357524007,-0.9748090473636655,1.0409273143144373,157.2826735786864,0.453630936071889,0.13288908180417686,-0.25699934095794674,0.9590037597276568,93.70408664433764,0.5683634091894723,0.17741983428715566,0.25557494130183234,1.0803269505348791,153.88113747440622,-3.5705028772513563,30.807358815478562,-82.57558034701965,103.41497472504497,387860.0310406208,-10.105661480163992,38.14746141547733,-140.51541631868957,78.84390594646403,589077.2300303014,6.866814817612047,42.954697425187916,-149.14829217627297,82.15508008948768,2787114.7893836712
push,nav,20_aug3,-0.1701683089587926,0.563402050904014,-0.9255044551422154,0.8308258764203675,160.18445595974197,0.42677572807699515,0.14348365754161094,-0.008847825740561829,0.7950854728227922,76.53222951755048,0.6637227317805814,0.1507139852497069,0.4410043241630738,1.1237748712618638,187.81766871251057,1.0109909348755075,25.95067186787905,-69.00015787851729,34.06235234367408,90272.99063980475,-10.938080697726232,36.956956872431796,-104.04860147828789,60.36341020862291,613804.7622758436,10.813095505254296,42.0884505205384,-113.47824313968546,137.19790606147217,-44940.08992943866
push,sai,1_aug3,-0.6073068271141011,0.4688186542462018,-1.0319344305796776,1.0397881215902798,361.51794311226377,-0.64718384965292,0.2093649950750964,-1.3781946290235056,-0.07784986213273741,272.2158996670882,-0.08554215374966731,0.3349097950911914,-0.9185541302703124,1.0556071956335247,76.55735897327779,-7.666397944549732,111.51644840480321,-492.2300872889414,446.451544399194,8491400.32197433,1.1501758870178727,39.92804552808652,-144.10499989790847,97.45724982080164,977251.7221633184,6.110286383668351,57.12216356782963,-150.61813211791733,149.60209888679418,2218379.817857864
push,sai,3_aug3,-0.6702220508700822,0.46060916084745374,-1.0810489059820185,1.1689594640388676,432.83561674622024,-0.5032761284066979,0.23962048369853423,-1.555248383088021,0.1212469213539832,206.12219373593368,-0.19681714298089745,0.22920693215844182,-1.3101952766308234,0.7881816625009972,60.76904088258632,3.7450604639109435,95.45316925673463,-532.1257290105649,441.9112778055291,6136098.815482858,-7.882013017820979,35.154719227755464,-189.79134259490093,82.3990940565765,789268.0950425551,1.357121123012104,67.70494679397142,-277.7856809939814,204.2781441189946,3170152.6479519303
push,sai,5_aug3,-0.6160274319011537,0.4291484119166715,-1.158578158144772,0.7707877103529699,396.53915968863635,-0.5384780201142363,0.19031868811074062,-1.4511373220725432,0.17217160305692233,225.1462402054583,-0.15736429590974646,0.2777895905646632,-1.2119076326251437,0.6248863815845358,73.14828885004258,-0.06439223317392079,79.58475561360109,-449.8161644975849,314.3449801580661,4291170.888351561,-4.322025043371678,23.173457523176612,-101.97401514352687,121.83461843621168,386231.28280886955,0.44942756052353405,48.59258487932942,-197.8020708390525,214.44120695007888,2596972.4882454216
push,sai,7_aug3,-0.620283862883836,0.4338758448121333,-1.3687803943002437,0.8645964572604911,350.36184632242475,-0.6006658232396136,0.18414112988477277,-1.2016351901984175,-0.06823193978418561,292.4767868320586,-0.062064521545509434,0.28374382454669717,-1.0928873567370543,1.0032277007047454,56.322765677571425,-3.5764472889175343,104.98221622800268,-618.909352735462,380.6283691571302,7398354.816493073,-8.446110322069016,37.6895911598127,-173.96641881298635,122.61654707375259,996903.315701977,3.64603548146716,58.13726824140561,-177.17854614662153,177.42810620859618,2126343.780997088
push,sai,9_aug3,-0.5709431834294956,0.4775893529312645,-1.148856506276593,0.8161796323815896,365.18542510866075,-0.5799431483290233,0.15092345158634007,-1.0770054510932943,-0.28216901386202314,236.04418920866658,-0.19344638238710138,0.2616007304318661,-0.9491250626114485,0.8191486568854214,61.02331127188373,-0.2845385708195909,77.43365584451796,-392.82044447772427,258.4523323613871,3797881.4571848847,-8.188878038897188,27.853046920970236,-149.42099475757192,59.02655724176647,531947.6617113379,1.8854342188396693,46.974860969268214,-199.123273035085,144.8200839745479,2125301.806315108
push,sai,10_aug3,-0.642327448885953,0.40059161819318134,-1.3171300220977455,0.7293669652028653,378.32806809301894,-0.5470499688036814,0.1527627410787133,-1.3544071465729994,-0.18420798612771944,230.44532955506497,-0.2058609530068126,0.25272457110513635,-1.291247439751132,0.8957809524696381,76.38740608016082,-0.31524609533352344,95.6813776547598,-592.0590901020006,358.774616022774,6171140.978738857,-9.043563705890849,29.485451151660644,-152.63789259990762,55.20840098776541,780899.9311247118,0.7218994575146053,44.25941386141769,-200.41941713825287,157.4012144757394,1040965.037062556
push,sai,12_aug3,-0.593441065952577,0.46364996932878766,-1.0800437017055862,0.724685099356971,388.71595040462626,-0.573570094906566,0.2036557581941826,-1.586037383659616,-0.13759921463989772,241.5996402448476,-0.08752150454706506,0.27177167778357014,-1.0512843700425354,0.5426964673608907,64.61702198589266,0.11985971290530406,70.01918568589787,-325.1970069838855,220.8549073341149,3180347.864484735,-4.640937452989469,25.29841456180374,-98.38938333114842,78.30290581976497,437848.07731199916,0.18645643677478055,57.47690821886342,-238.78129672433656,236.2605706696569,3389648.5715049347
push,sai,14_aug3,-0.5981576183951487,0.5004056125471674,-1.02971521310654,0.9869039058790177,369.2918469281348,-0.5710812468299504,0.19261331765014958,-1.3030602569576801,0.022934792736436733,246.3974718092595,-0.21932647916351494,0.26702425915975236,-1.1690973537300855,0.9163580793289592,63.94145297739757,-0.05371422499849288,71.9773624889968,-418.05267515950896,226.5881104564748,3576414.597849018,-8.280744201977132,27.759660656967963,-114.91663366800367,68.41113589887574,524324.36044563,0.032359263528851906,50.50992291813508,-164.02045753813397,157.77920093652378,1391147.907567955
push,sai,16_aug3,-0.5384040840975501,0.4732149109294903,-1.1616317963958178,0.8028339989048027,347.85295858278164,-0.577219131307878,0.1387511750219275,-1.0830739436655166,-0.29335041332008266,224.22096243806226,-0.24805413216283567,0.32739037712167074,-0.8352879545532296,0.8314307373190716,94.4955551288201,0.6321524067840019,83.54511970115983,-421.00879068448353,235.09574733745586,4748408.3030702425,-11.010683244408632,29.310126955051377,-123.89743270924343,56.464545363231444,726894.9138212646,2.508359892496368,42.18708192564449,-154.56445912188587,72.32450175276998,1370104.8881630444
push,sai,18_aug3,-0.559985853107528,0.452512082412219,-1.1285090223428222,0.8413105917662007,361.1958124084176,-0.6290773321674672,0.1555912999496861,-1.598274121679065,0.04360536675106369,259.0020340673797,-0.1288548900922654,0.29183526697939494,-1.202618230307957,0.7442181737893392,54.72924911685085,3.599060122442263,92.02565546400002,-433.68262616708284,338.22130271976334,5676211.41437774,-8.722821910393494,32.95246550594861,-137.04308780952476,69.26052999457325,569487.1600652481,1.9588364603062791,52.41515228375591,-174.59168510214818,188.62142810239513,456473.7537423235
push,sai,19_aug3,-0.6207911485883558,0.4799485486601617,-1.173447056247848,1.112015064078421,410.38517673287186,-0.45706416187380566,0.1924173589722243,-1.1887089574919056,-0.1345436805501226,192.50330922954686,-0.26068639058668813,0.26632828541126446,-0.9686940915654773,0.9695479191964631,96.00251090363031,-0.09007898968268704,107.75286449179073,-581.2307070574369,345.35812250364467,7819872.097349634,-11.150729743805464,39.065237312298535,-189.6606138056059,129.18857553696873,1012184.4092372134,2.0830172755062546,49.21624049872525,-200.9239838698523,125.49127961503693,2522361.3399204924
push,sai,21_aug3,-0.5745222168004598,0.47343161526291944,-1.1766220022035299,1.1270998440581352,370.13287438940284,-0.579805010185262,0.1640927671724915,-1.2351830287808003,-0.03753374190275618,231.1681580566475,-0.1567088967001454,0.2989186026067765,-1.0568875068699755,0.8390886529712448,90.67473695785777,0.922239656056393,76.60536957462199,-406.4533466636932,248.6863127014291,3794638.3909687544,-12.752304417135095,27.177590743265732,-116.4055469554562,29.60135028210099,706786.9189940835,0.0055589994544918975,48.58266891717838,-111.60787289670941,118.29820577458695,392685.8919555013
push,sai,22_aug3,-0.6165934682843971,0.4572305437126519,-1.4632065108743515,0.751854988770092,357.6761038758965,-0.577141741091227,0.15239488765787948,-1.2883147135156874,0.06903052049354899,247.88832161762147,-0.18491105537616473,0.28227052665243824,-0.9546445682423178,0.612993671966578,74.68823218065322,1.7259578337337145,77.50169132130071,-328.99720297484305,253.20138996456362,3723796.0998162054,-12.716430447735418,26.976424550306394,-128.07614293329274,9.073332327665742,703249.1654789508,0.9002628563753151,47.572383585723784,-250.6163872907063,126.19912377509203,1171843.2897410754
push,sai,24_aug3,-0.6444233398468677,0.4760215152550662,-1.7206868215439697,0.9693472731561228,405.73421874114416,-0.570502736989188,0.19060197263533551,-1.5380283612516092,0.02169131050229716,244.78010398410922,-0.047881699104701254,0.3125232699304269,-1.1767576336376597,1.0884483141157721,60.938137323162884,1.3428468818104253,100.14771416882239,-486.91292609277315,501.86180811027697,6703808.505301566,-11.825220852588012,38.56450663001066,-175.97736007495888,65.57802942978091,1053711.6947141674,2.8539280841778027,52.64126196704019,-88.33608366033842,241.36805348177356,2018884.5896218058
push,sai,25_aug3,-0.5226565177956264,0.4687167466757468,-0.9866719981778892,0.9456616769202697,367.13782897716817,-0.5649013986258538,0.17384940954482594,-1.8550138483352034,0.16460093709832238,252.54170317227874,-0.14182048963558186,0.3357105524102546,-1.5117124964257096,1.109116164470936,90.37142325498597,-1.659365897442795,90.34167158556119,-509.4449762824604,240.4667545007282,5932033.353498854,-11.995289812455436,35.248425967335095,-167.00508962912335,19.053407803593732,779171.1898783012,2.9724588521018394,46.34692770370476,-143.08028141970885,220.70085116241137,1086197.9926397863
push,sai,26_aug3,-0.5807019307851019,0.4665512843188178,-1.0682101467039433,0.9184876869381556,370.97817141470114,-0.5600259929477251,0.1601478271440981,-1.0392924398128687,-0.23919373323210347,248.82301777064208,-0.17340842530798367,0.29826583397804324,-1.0887816906912362,0.7519044217242149,70.08345309979423,-0.08774402267956971,79.25093750480565,-346.7357459666294,304.2310368136669,4290227.79580215,-8.685580097152311,25.97359554155039,-125.23340832996391,53.39863900349622,580521.6410149036,0.0034164782315813103,47.020240586579604,-117.10755410753919,129.18534315847023,2379722.6294107754
rest,jon,1_aug3,-0.43991128050368367,0.6156132543722247,-1.0326361594195295,0.7957502744448223,274.0061772974559,-0.4031431927134735,0.2669454332789742,-1.4513815008792545,0.9460821813257337,108.67549045455527,0.04158933138923772,0.4831981329457735,-1.2984161460272425,1.6162059363484473,114.92947934913752,-28.42176339442775,72.45580734130749,-372.1517655816705,171.05537306651027,2835060.2975605913,-23.42288772403305,50.76091042338795,-356.1214427840562,71.6913490907683,1420375.188666512,9.711389384633614,53.644373337402556,-75.9705998990777,293.98521499744965,1322113.9904272358
rest,jon,2_aug3,-0.90609491500086,0.01868774136602484,-0.9679125741475094,-0.8334588057102469,390.9751930464413,-0.30528711297623645,0.04526365444256452,-0.4820763992538295,-0.19777292038811228,42.44145496435434,-0.2084009681930715,0.04801126741781041,-0.3690127725199705,-0.16350805061806484,28.913804871562938,5.506893378054911,19.86155982847886,-34.99862538949829,96.30367191753766,159867.24695328393,1.0070381397015384,8.728602277489735,-25.029706801699955,22.121143702137452,240191.77228893142,1.8634041582933543,3.392073184430413,53.82131381899502,17.766585781890193,293226.12254540867
rest,jon,3_aug3,-0.9269457393437313,0.040454187719495396,-1.0178159934843045,-0.8254941545148,390.34203376196024,-0.3083919634570775,0.006210452965475736,-0.44468385553917467,-0.17310325399646956,46.12877277568882,-0.2834547964703658,0.042809561928575664,-0.30585565077866633,-0.0895826715612857,37.51616521050361,0.044649550810462846,16.83654179790954,-46.38425252076161,42.29634100601284,166278.43677092326,0.7922759728408741,9.590267917314868,-17.393180396234886,31.72268368642401,-77766.18212938473,0.00928110652392744,17.37893214550555,-85.07463433568456,37.51371606984519,-573432.4179635788
rest,jon,4_aug3,-0.8905581038603292,0.02114095202665391,-1.3034653931889988,-0.5699532720956024,355.5455559136478,-0.2920023308832091,0.08465653199912002,-0.5890217361181651,-0.0057189556343498794,48.85414089752797,-0.2945776364905429,0.06059666249338021,-0.45206721426950586,-0.21522260038022423,47.597449790014444,-2.1827399733765906,27.86280110145511,-106.50481739446462,57.93431545566312,483117.6028851528,0.8026714540034561,10.851448248926229,-33.21960231558154,40.766586384547765,43607.94039273905,-0.36578395149072596,18.685838258618727,-71.15802907225066,83.89948583605201,930874.5836382161
rest,jon,5_aug3,-0.8798957525694954,0.04479016323981479,-1.218712661007242,-0.5585708042864359,363.29746324877846,-0.30579260163003735,0.10011000151231363,-0.5369464426389833,1.139226701670316,42.862804172042416,-0.35171398752785327,0.0781683639228915,-1.0922997243265642,-0.26496977547690376,64.18327584255712,-3.8604901989974776,35.95137347715678,-171.64204224212733,85.11965786352205,583635.0377358898,-0.06164226621928637,13.77975879628098,-126.75088535706792,20.15174814191203,128631.66532926894,-0.2375404186281438,9.24486397410011,-32.91866244582644,30.3304665892174,683825.8559953982
rest,jon,6_aug3,-0.8911408288153939,0.0211175235919557,-1.038190997351657,-0.7741724340734727,387.4735815873228,-0.21305555023993586,0.03150319284251029,-0.47801703702438436,-0.12970049714877563,24.762893809279678,-0.3582594337410626,0.047238155378307334,-0.5938045652373467,-0.15983575522087912,53.50585312745634,-1.9447056879953522,23.69818182216864,-69.93951099436981,46.04297780799507,251778.95283236544,-0.3565460362095396,6.1579842421861315,-22.178070354412057,17.934799243278928,85828.47512984232,0.7509948452586608,2.466408951877159,-69.25154930812867,73.19023284279524,918829.8762072572
rest,jon,7_aug3,-0.9210556191624515,0.05719210665328704,-1.2889375143626627,-0.6381251087102777,397.79538172057494,-0.13927343133958137,0.09384231986503509,-0.36251044160960255,0.7101774158663783,15.753231670398016,-0.3366075794328354,0.08564058577411379,-0.5544123101032312,-0.07130316772526554,41.795636273804234,3.121342390623926,40.57593269466442,-237.0558370954802,95.53637111041188,950732.9418112511,2.365111149140174,16.12907214014834,-50.83461765028692,43.80662199719183,306157.1875408397,0.5812010536527416,12.642798518711215,-24.51922383595206,102.49469557995948,-509654.3345674795
rest,jon,8_aug3,-0.8691577238485326,0.055926338995167676,-1.175725618396771,-0.6332142951506671,380.4226111806703,-0.3129742413026657,0.03744296134222451,-0.4713623158494544,-0.15124911266639615,50.72236364486169,-0.22857994921240277,0.06122251812577799,-0.6972977368651644,-0.11537123667741143,41.76003957999975,1.0041569157472598,16.84618774857669,-27.6056417692801,73.91229389707486,224322.05056884311,-0.6136265470267956,5.080498103357153,-21.579227407572,18.096257970903604,-7442.8202932649,0.06696410054446282,5.4362711949783495,-25.058056026463742,49.504319496191926,582554.1133468521
rest,jon,9_aug3,-0.8774168716078791,0.07695849858817273,-1.5649907379292751,-0.5257452426750293,403.07956269121405,-0.2571022962176462,0.1405033928724495,-0.9977186130535897,0.4100062276505959,48.75598271005291,-0.2725860225512458,0.11304410889722807,-0.6887436895775465,0.11525489160454293,44.38553351311307,2.1023306833475397,79.31235702470143,-303.3011265300128,284.40821936296277,2854078.2817991693,1.0122396140893466,18.423086796726505,-109.08389456951724,67.16315975853868,191633.26073625783,2.2609384136816306,41.06015356578937,-162.26648851873898,104.58833558214441,1508880.2066141064
rest,jon,10_aug3,-0.8930078833838319,0.043136808718921664,-1.3576860208461903,-0.38839373112190073,399.1999923218385,-0.28409850080629023,0.06169920204047395,-0.5167230940453381,0.03916406277066337,45.61900611863866,-0.24430947754726284,0.0471050701375075,-0.6349648529155215,-0.12010536923754016,32.51856258105077,-1.20344006435366,38.57043441007141,-77.86016306306311,244.53181263259853,720529.0432181683,-1.2277000228734167,17.57059308487374,-113.61233196243762,74.09418131058364,-54452.58137763631,1.8239448905538533,9.364333726192083,-68.61460551025596,32.281644275041856,-525795.4523544302
rest,jon,11_aug3,-0.9234130917976009,0.022006622616932536,-0.9746080733574826,-0.8941187086257291,394.6803854678293,-0.22064148144302143,0.03889069738852664,-0.2557072027039652,-0.17810144038937278,23.49061290312602,-0.2535598526658879,0.013545803677459143,-0.2671754899076061,-0.19990586012950073,34.93992905996244,0.5083831261504697,6.87004396695003,-32.17055202099275,23.559115878618314,29152.367803631874,0.0723766686200018,1.9896587848379166,0.09873217945297075,13.84366282219219,110362.48108931331,-0.17688623122653432,4.379265236943295,-36.14541935722099,18.388434084204878,-242462.53888236638
rest,jon,12_aug3,-0.8908246433793682,0.05827410577764559,-1.063534216584372,-0.6195774337052874,392.4207922530173,-0.25562084757171233,0.03534620917004094,-0.3569460767441416,-0.14284779184872465,38.43693972988841,-0.31229072015231135,0.12253497656850267,-0.7199151296165571,-0.06978190419306932,42.188845521366176,-3.5921025283312615,24.68224515821209,-80.6337122457947,49.89954125852779,328328.33717464475,3.2763267060855803,9.52440035040065,-18.81559283249694,24.32095082592686,-56415.381147049986,-1.8366098666385517,10.222616975517184,21.473186273457586,48.10389140588578,-86090.16208638053
rest,jon,13_aug3,-0.8938363543753272,0.02302190712086284,-1.0920065603275526,-0.7438713202716956,398.5311108524678,-0.2821632841512274,0.03028409159032625,-0.4050304630720197,-0.21526236773025137,46.32722814626257,-0.2189273874360144,0.044975601255844794,-0.3202605316388633,-0.17135116264401215,25.525319226317347,-4.4879200750830766,16.4601877212588,-46.61503570178312,36.67775574837553,70632.44935788086,-2.1370664989358406,3.8272838842779997,-18.81908384634613,14.1626925873181,137053.2745218208,-1.7436568212780257,13.883229963820858,-38.85212742960297,-30.02042426761957,252372.5970256565
rest,jon,14_aug3,-0.905343202003057,0.0018083499559992562,-0.9935433766589701,-0.8267445676062214,409.3271447798208,-0.27735709005803105,0.03516404375118992,-0.34296198035067493,-0.18809741660304521,29.370878391105293,-0.20132231614646473,0.03493680734698871,-0.35077195777358416,-0.14741358925105633,30.518190315258252,6.74584152683509,14.656185245021087,-30.999099770172098,45.19179493947519,178971.08648573997,2.443393065806405,5.136836557995042,-8.62141149286833,30.617338481160083,30115.626823311395,0.9207000477473385,6.86498860708,89.98091485930351,37.672537392275885,-254918.8944368774
rest,jon,15_aug3,-0.9216043926426281,0.032967024841261156,-1.000781846268359,-0.8950335368446647,402.7298824093508,-0.1902402613534622,0.03447427389279256,-0.38072500210904225,-0.12067878171100342,27.024969220864186,-0.2771388095886138,0.01784579295904521,-0.3367623250860546,-0.1748594697824976,36.38266174203793,-1.6539302888140701,11.775927830373325,-43.32699077103075,37.31306234437834,8765.833085422404,-0.8674058500602878,6.947525840307906,-4.882193726028867,11.930187073808366,59626.15624638079,-0.5728766230012433,12.782203121592211,6.132641966016337,81.69707696456874,661820.7705725796
rest,jon,16_aug3,-0.9139521640097188,-0.0034755319362830914,-0.9356320913782042,-0.9290031723826481,407.30798873177025,-0.28112101249444843,0.008009832568426502,-0.46390269048609023,-0.2497196985399482,46.56504111863285,-0.1728096713888285,0.015065412652346124,-0.2859413109774025,-0.1692883888663044,25.33072470254744,-1.381911737775445,14.715339106803718,-42.03129159737252,14.194357366420242,173291.9614753235,-1.1583630934031943,5.237304147670694,-18.585611778944894,10.176203100709257,102959.08466431496,-0.21803708756253942,6.226117215666628,-60.1001924268121,70.91461054212428,1077031.8355839606
rest,jon,17_aug3,-0.8884384558593557,0.03147620987553257,-0.9540445454721574,-0.8937669843776304,406.03755430355255,-0.28543884006338405,0.05123615000249861,-0.32870036478307024,-0.18893335959513183,28.368257652932886,-0.20886840347681765,0.02705234635427263,-0.33205384377187924,-0.20532775790442243,32.77139912331164,0.28542883203725955,3.7985587136721213,-10.519780748190458,32.50450792363603,-156068.42609565766,0.8340129495320522,6.465336666193359,-4.641295725004808,10.13856015427379,-128951.32877913173,-1.1227467913206832,5.903603600690593,-18.424797805424245,15.314834902560717,676727.1292377437
rest,jon,18_aug3,-0.9327816800001795,0.011937010060858864,-0.9274761996074816,-0.8947253261902799,390.8854812721606,-0.224606749598233,0.028211579984075433,-0.3286513408166864,-0.10847008503216238,31.2627388562526,-0.24344555938596207,0.02255885302166355,-0.2907692133044565,-0.26317056662677324,36.750559432904275,2.1505609835820074,8.317499959393112,-10.663640867759943,26.621051867303724,130289.97763919193,0.18181730602684248,5.029824250225645,-9.028901239828953,6.796361330024153,-165256.15900432752,0.36308749921311845,6.622505430365089,-77.77152522324525,10.917956195083153,647102.0379925122
rest,jon,19_aug3,-0.8917291912344734,0.04660563561571695,-0.9432153321595881,-0.8587168186602654,390.41414078138337,-0.25648700625530096,0.009833213348095778,-0.3052109044847144,-0.19997897190139466,36.62721990137267,-0.3015239828681955,0.016504164151942644,-0.3546178105077666,-0.23811066217073165,33.774826355403825,0.34255992583573747,7.984097821018399,-14.028176916517326,6.5084094360082965,39191.76729223695,-0.8159509285419101,2.04782992672065,-6.640987637350356,-2.941569843507599,-50327.90865095996,0.21759894035363733,6.3120378496773375,-18.255433427142187,-27.437921570202914,-362170.08466776967
rest,jon,20_aug3,-0.949257627445294,0.012052974689163262,-0.9539786119352304,-0.8270925732691222,400.3145241831594,-0.2600303718569506,0.018951273195028713,-0.27206903349194456,-0.19490987873239954,33.81882529604932,-0.24643061393377108,0.0223957754541693,-0.3307783297721725,-0.15505925939236678,35.266902518657254,-2.1272589637791772,15.23731371909644,-46.129722577487414,22.54933998521781,41177.4634863769,-1.1902662243766584,8.872953855029005,-24.3336802032907,9.111791975906101,-127756.95610213894,0.32460883053052475,8.57050222278927,-54.48838922540002,30.928234001046157,425668.72693561984
rest,nav,1_aug3,-0.16358876745446402,0.6154543996593917,-0.7512674731767711,0.6249486089416458,183.31469454098607,0.2800164166586596,0.038867406800195056,0.099895024725522,0.36937623381065765,36.23712852576493,0.663795749421589,0.05325232611579662,0.5875393037752313,0.798367248886321,203.41148657577034,0.005947758657623925,6.202338716411859,-35.08297147982855,10.39100016209277,13442.77687164543,-0.7809183609254292,1.213875405364592,-14.54718151839882,4.762460383931983,-247548.65400356983,-0.014511856504223585,7.630461339617826,32.858214708671134,50.59801166545635,893080.8153978051
rest,nav,2_aug3,-0.6873302237478967,-0.007621904423347304,-0.6867778801951259,-0.6589551528118186,207.6418534268834,0.30316880948689345,0.011861004449470742,0.3210523436571239,0.3623858137349165,43.91352159745169,0.6233787596249237,0.009000990355002753,0.6291737052254429,0.6698726056266864,160.36268298984592,1.3417722555990896,1.1738124811920871,-16.629031358544715,27.886329799011953,86278.5715595643,-0.727065026207987,-0.15060217934115827,-1.1817882280624774,6.728085901039629,16374.029469704814,0.9193766313123413,1.721382241305535,5.298667575990573,-7.083949886354114,997568.3510981218
rest,nav,3_aug3,-0.6748023419250858,0.008314139789408852,-0.7746531027239463,-0.6235111040956022,191.75204785157436,0.28266025076180906,0.015287568676858968,0.33406102959751827,0.344540520716749,38.855196410638875,0.5768622675848657,0.02281084148641461,0.6043060020907753,0.7056257342660353,177.15544637683902,-0.2785802880527146,2.642403666223691,-10.354927305058185,2.8439209195102704,46679.26577818699,-0.34496597517740313,-0.5576759578725876,-1.8074904989325993,1.685080700440733,-25358.494987969658,0.611442017295543,-6.320374163355513,9.983335963485706,-57.59036744476809,-272623.7744440745
rest,nav,4_aug3,-0.7307179090773495,0.03047665831874516,-0.7202832745995453,-0.6781527515141884,213.1995976297649,0.22872750838217182,0.02567236185073474,0.19815234216836644,0.3461512817872293,29.307623053639553,0.6229225741100012,0.022075909825516334,0.5475759925980698,0.7052573197775425,174.6365763265847,-0.6460575982279979,1.731863135525026,6.047528483840188,4.611013961320461,166322.1563519901,0.3599118825368406,1.2731210816039007,-5.532987708904699,9.375575187617368,-202704.13616814447,1.3916691994058183,-1.4580430760190564,-33.154091061966305,-70.4752408584121,97374.52024784093
rest,nav,5_aug3,-0.7179016820225497,0.019534106147497274,-0.7554184005613199,-0.7093394704833228,224.41951585860173,0.23760266448021228,-0.0003967234305675537,0.24772663056970848,0.28172045609157825,22.228794669649808,0.6129801951278088,0.003861412404692508,0.612093099998277,0.6370419287559308,167.3496072900488,-0.25710239166633286,1.968037635296164,-17.834614310667227,1.8562627882016702,146844.47756316533,-0.46793649037360696,-0.17978182162281142,-2.0930611218270174,-1.7938476167439936,-49467.38286195404,0.020541956013338053,5.306983059593408,-13.071135968213202,-15.422538743526772,-26926.255011206806
rest,nav,6_aug3,-0.7264164568745155,0.01130111397773254,-0.8273078228714679,-0.6702191827443191,232.11020801516864,0.1890462369275142,0.028646104240294002,0.06421890690411043,0.24952253234089902,22.328205214491167,0.6744330460847568,0.029897059463527213,0.5745755185094165,0.7232773318423831,171.44231476209794,-2.366474082256955,3.6154311169306155,-23.659447495570404,8.815287287422258,11668.25533498251,0.7575095936813783,0.7262638205750225,-18.836949535643626,15.220615426340881,29424.4697395432,-0.9837377328309151,4.368055031031139,-28.59669006576457,-3.2018821952544503,-925565.8791026887
rest,nav,7_aug3,-0.7171305493199559,0.010034191405109113,-0.7489626937301678,-0.7099276360154569,214.38296714831012,0.22741727137950163,0.018322956484572706,0.16219822923267652,0.22283032679687037,17.561296474836382,0.6667476709656112,0.0011894573735101513,0.619341253045672,0.6589849124999987,171.65400679803437,-0.14558243690960673,0.21581315857408745,6.60200026762344,9.005705961601539,58087.0505935243,-0.2979287779956559,0.40122624015595265,-6.2783948983935085,1.1571576041579672,28756.294715477034,-0.1666822615861143,6.32237825825386,-10.466088127486536,-32.95777004143958,422251.7871373715
rest,nav,8_aug3,-0.736480626108245,-0.0039038306767482525,-0.6848378308008177,-0.6614675351007213,227.14147945590133,0.1937123800676371,0.008977397127545528,0.24621932738088526,0.20591594882170003,17.79253480796319,0.6510382534333886,-0.0020492864038630263,0.4561714045395102,0.6727072461638834,169.660544275048,1.155319031136654,1.5455891719947765,-20.023702692640832,10.40718647439457,-16260.516635307782,1.0384465838296753,2.7417441382772525,3.4698785347860257,0.7749018604479856,127181.08534991594,0.6350672390718718,0.2722309370121204,-25.777607119364077,22.17517717429353,-256729.52344114985
rest,nav,9_aug3,-0.7321849606315287,-0.008737778350300351,-0.7309181004857143,-0.6863028039073893,227.36823737197528,0.2229215322051014,0.005119570870259177,0.2171700730998205,0.2387794440726022,13.829852527642066,0.5689750994040218,0.02480807656729985,0.5488205013455204,0.6282797286012803,156.32876730253597,-0.5028217516470072,1.9110628887501384,-0.5028939524654659,2.8270604463333915,115163.51029818473,0.27988588367382583,1.2908858717100302,-5.341161470011896,6.245553818504092,28381.80233447377,0.38059860897190867,2.292167931515593,-20.535983710508813,16.76507949319285,395495.48309413856
rest,nav,10_aug3,-0.7510833493581426,-0.0013813806160555891,-0.7292693022666762,-0.6813349494091623,223.87766011641696,0.19143369305433794,0.012502494171622733,0.2050357749715543,0.27159297346858474,21.399230726881246,0.632623561607104,0.011241975252027426,0.5975147084601055,0.5900027921500023,162.25389141875615,0.8066223345998111,1.4077915280389495,-5.579933992691888,-4.196060207789949,166522.97251508056,-0.8374908887416771,2.2339073816308197,-6.298347403054727,3.857882999285016,-80024.40802455255,-1.0930040895970754,2.7534911402346993,-98.82802031481465,6.38914814711511,309052.8722624753
rest,nav,11_aug3,-0.7280930822547947,0.011359414702425342,-0.8103235636945271,-0.6112806869489469,217.5053914740592,0.27662790539735044,0.02268423495703421,0.29115865973883726,0.38465836927461156,26.516497306966244,0.6246113173363309,0.030153496632518133,0.5897387731403966,0.6398699814928623,154.22094204357947,-0.6273014062864046,2.395557171445396,-17.400978823201278,23.515399633621527,-106303.84847294886,0.647874754099353,1.6415997086045613,-14.05491926552779,5.058810404907742,179997.1515622192,1.0107045942599853,5.309970500845315,-29.397791913622164,9.360846371507765,668546.8078691387
rest,nav,12_aug3,-0.7603876200505337,0.022237002708115294,-0.7282494743733299,-0.7192855131037057,205.52221734842868,0.2446688253048862,0.023064709523686795,0.13901098112403293,0.3418202817586468,16.968938223675014,0.6558947205764487,0.03321569121532559,0.5325062937795046,0.7488984913887125,166.55043399185357,-1.4377694338210825,7.573221826229357,-10.732647511614953,31.234794339865672,20749.818341000675,-0.2175941569646008,6.434507154763387,-26.50142764239411,19.82919564445868,52120.20461174862,1.3755970476993507,3.9206118681278492,-20.067261561075924,19.972193592133006,-197815.1453194843
rest,nav,13_aug3,-0.7111702147730915,-0.014364343871833968,-0.6523593056424131,-0.6810042867795554,212.84410184247722,0.19914657193567287,0.033940539660885255,0.16439693468653452,0.2569612954719986,15.56828703858684,0.6523554328975076,0.011627649913138527,0.5449461762100262,0.6869158021463226,169.64425820870304,0.37147996019460044,3.63815117985933,-16.736129260129317,13.312076819486208,79061.73443755994,0.7879045671678221,1.061700642680087,2.310116967725717,8.269147317484185,28455.644345332414,0.521504581378718,-5.248093581261948,0.2904098213261346,16.612319743373742,81936.14352871846
rest,nav,14_aug3,-0.7405729396403083,0.011727943188263762,-0.694180344699781,-0.720377832198896,218.8264799871316,0.19587208791273228,0.0015360604290352406,0.16061037829714217,0.2176732543439943,11.999754375015616,0.6294815697372896,-0.008956141351123291,0.6478230946392457,0.6195998010503209,164.3668946756037,-0.14910922078320152,0.34048248631862366,-12.354471503032999,4.707883995736939,109658.78994080456,-1.7151032660428975,2.2384582527947265,-1.9390857126366243,-0.8163574876765664,-8.828116942779118,-0.8101621456879408,-1.654280543446752,73.21354515176658,-13.400376217266272,-388832.8484695567
rest,nav,15_aug3,-0.7441220107430515,0.007150701275687786,-0.8169489201061676,-0.6562189520689097,221.58382229034464,0.19872160284228005,0.005151512851842914,0.1940159393011422,0.3268125269389264,14.728366908490559,0.6083344914979054,0.02273028694620228,0.5737177776965517,0.7283065660457779,174.12423051514352,-0.05088916177223479,5.059205992323507,-26.606148329414104,18.207645179970736,-23636.06399279159,0.012252558281990011,3.6950634457445912,-5.1278504650976755,10.216588631819832,-33638.34040162698,-0.6106096303726425,9.035021873319305,-15.555335124631306,26.30036183928526,-710907.2136460141
rest,nav,16_aug3,-0.7252082513230209,0.0037826309131573184,-0.7561527294745068,-0.7381954710941867,218.07516903741885,0.2398622322110257,0.010705951931724276,0.21187974889899702,0.3265456977445629,23.69119664567146,0.6065253821959126,0.00579894681377931,0.6612590169668016,0.6485549558485947,158.43976944776284,-0.9993570112820481,3.6802622616627554,8.817242788273868,-4.742223115602808,103789.763016373,0.17360080370027547,0.9280930959245892,5.911686757552448,9.075189578805245,-170233.40628111895,0.035776077925233546,-1.7956728143155405,20.20227458725398,-14.940990472127496,172766.021337339
rest,nav,17_aug3,-0.622850678568915,0.11499348804681007,-0.8243842372966257,-0.38514881375521814,158.77588859374274,0.4930333345912049,0.21399065376147072,-0.20079000469296043,0.9157229127789094,112.6975424413895,0.5573093380828477,0.1428231783395199,0.2227170146440905,0.9246162032746583,128.28559659190225,13.406995274728798,60.23872356981414,-140.11429997900217,206.6409587479844,1745988.3538007168,-4.551195603978001,18.552597123918463,-86.99259292371691,53.628132426855935,90786.1546464524,0.7978122296480149,17.073535488900504,-22.790228844752136,80.38099043151686,192332.93040880852
rest,nav,18_aug3,-0.296582269026201,0.20665855565176167,-0.5167927762550067,-0.14205134684419893,56.95794132366061,0.6823491664405676,0.05933281578466212,0.5691577610762396,0.7871494287228534,193.87460969815072,0.5522518725386469,0.2377024034801262,0.21126913792950516,0.7529911544567562,156.10796851565064,2.461051226947586,1.2037689873836976,-5.181145939380132,20.95662093899913,-28517.97054018612,-0.5156254127640151,-0.1313925660340708,-3.1589459164624563,3.119695148575587,8100.492419594524,-1.0908228171825722,1.1346851343216398,-35.86841940485117,-35.48779729688883,-67417.40531119911
rest,nav,19_aug3,-0.13658062373839033,-0.004390220751141373,-0.15781360842857123,-0.13281527046507954,1.1781388951617728,0.6893444737831071,0.0010948859867268958,0.5621320565427027,0.7432837825334749,196.24342569740497,0.6925371570451988,0.01358843379917895,0.7175604840111899,0.7348868443776871,204.462429349931,0.56708479393837,0.6571117996658222,7.172466226262361,1.6214697129935653,206909.14034553443,-0.6486997543252189,-5.665012737821161,-3.090065215783701,-8.089647149443781,-7301.978843928872,-0.17386615037455153,-6.277731777213331,-10.493669582803598,24.516211318834923,213876.56933397212
rest,nav,20_aug3,-0.08642032275103269,-0.008728535268046745,-0.15651118116272733,-0.0643568383325699,2.1437928121969745,0.6994003460418776,-4.963779220438103e-05,0.6002596482469384,0.7896625813086378,209.03004086933018,0.6936817595598188,-0.00396819815680895,0.6130833366229496,0.7041989164165101,189.9153034958853,0.9163018849963029,3.724822907629409,-2.035108076238065,4.545429919264237,-49949.524388061654,-0.5127827235738971,2.559179290621878,-8.685582915429428,-4.740697843543956,-150097.94697562087,0.7786275531678838,-3.337735802738134,-5.516521271188948,62.24128259338776,-9981.191540750342
right,akshat,1_aug3,-0.2974748433931466,0.5040631364705449,-0.8679397802673574,0.4676117098282564,164.52303611281303,-0.47312212124924585,0.2743189083675243,-1.1732124729659876,0.22032863428226546,148.8969072597149,-0.5252375034719441,0.22516663734960266,-1.25723797563259,-0.20414015296113708,170.79323984871533,-13.225780244857662,34.502011058745765,-121.84224843359225,42.64934576032969,422445.98294197104,21.766807582217048,35.34766877480541,-20.55794742390646,126.91386801494387,928547.67562647,11.51627319372676,59.94657109607692,-92.15637648599295,196.21150859489273,2174051.2904709904
right,akshat,2_aug3,-0.054365626873325676,0.4811479632200575,-0.9454639157133419,0.46909360277216433,112.60798284132062,-0.4765195547243641,0.4267477207165259,-1.4465958817015867,0.4155468915084943,197.02536566195585,-0.6403679018779128,0.2894402705088259,-1.2669797553714772,0.28625734785742596,223.21410669719475,-18.104380282256635,53.49657153127395,-172.93658688051082,123.41658466627621,1391516.1019022632,-6.296044604804345,77.6049311270322,-295.86043976334577,118.20143112945544,3164661.9330778266,16.69910225107561,59.49009230627464,-58.90431597750202,201.6912705598432,1881587.3909764858
right,akshat,3_aug3,-0.1390267108071064,0.5054682911824765,-1.0222035434862558,0.4831650452102188,136.55547671736872,-0.38121218510811855,0.25231058439718745,-1.0525502548607453,0.13191749410467607,101.74100101479458,-0.7074809109669806,0.23652304707266994,-1.4935173234242092,-0.159565889241724,258.8726211854235,-21.40921000673467,42.15993588859531,-298.4938929374783,81.18746498560607,1034303.2814349433,0.7875011403461545,73.710584930091,-253.88170555355748,107.39073035476365,2433162.8081882894,10.359582100655338,42.251604189126766,-69.41062706750371,84.85266382860823,-92136.36329157371
right,akshat,4_aug3,0.05885639260965188,0.48003623802797923,-0.8664532242126831,0.5322089366871061,121.4675735478256,-0.5396673732493659,0.2768516899718087,-0.961118078376386,0.18282870240171037,194.04125232202426,-0.6344008423985249,0.21280163161747098,-1.2495980686585921,-0.026051681415154706,205.58281881275283,-15.551459860849167,35.454890437895926,-108.8888227060013,102.20987592706047,634718.9348086417,-0.8508674840306005,74.07867343525008,-241.5780110056242,95.845640160619,2459772.459720743,13.88140062842973,50.98339605397939,-90.40274552771103,83.01942031412386,1911192.2840174625
right,akshat,5_aug3,-0.08992411774023562,0.5711207354898403,-0.9915630867422016,0.5766510427697071,142.55098241401214,-0.4246927875080831,0.23477292999413904,-0.9058818135979139,0.11107320073385002,120.80204384359445,-0.7016515813375817,0.23395156928864888,-1.3498190413041824,-0.2176459960841431,218.43914398067508,-21.413421189646993,28.41175685223649,-133.89804797343848,55.61508665639431,447099.31857147254,1.0245731646862288,80.88153940124141,-265.87130068363155,107.97038916574505,3051261.453805358,8.260392091421663,44.97991637088944,-72.15958860934367,157.84518655299874,1039820.3233463704
right,akshat,6_aug3,-0.08951908766378248,0.4919837843621308,-0.8759956880552487,0.5164353981098366,117.79140716836794,-0.47121517277102204,0.34192343616269855,-1.1652144092372818,0.16975876724064615,170.45909038053796,-0.6229107968336584,0.2303774105695956,-0.9891975831213987,-0.11897520370263383,211.90882603203275,-23.61105317668286,54.10100204098693,-248.72753379984525,95.85106528855799,1605776.8163348502,2.382252320888412,67.0901693045767,-189.23022456032152,118.83692380318861,2207637.21193875,10.19779625541514,62.59890223486518,-125.80269586018541,128.81912769244286,1371843.5651549192
right,akshat,7_aug3,-0.09044061279630397,0.5280163929139275,-0.9681920229712692,0.5329324718480427,143.57255296126027,-0.4279553220107268,0.23749676589766244,-0.9435102642732022,0.017102222460191337,106.4454463402512,-0.6796722563538794,0.22992417914893315,-1.164415250139954,-0.10931951724422483,245.4982672217628,-9.296492766380268,23.053250669249014,-57.92519557887587,70.13695088405446,547768.8724518153,-0.05849904224398411,72.04039115037166,-212.13829900178368,91.31534439852521,2379416.529795078,5.682117232249706,44.589861633044265,-63.53868439570867,180.06713975763648,260849.84364406497
right,akshat,8_aug3,0.10118992118935595,0.44381464117436736,-0.7679501697890712,0.43712681038161055,82.75738799865717,-0.4732271678914079,0.30007801396404127,-0.8356265395858258,0.05443889428800172,150.802100823556,-0.6288860463524957,0.22786563534689275,-0.9570943789877568,-0.2516213107633573,221.3841005703742,-15.06575956612982,23.606741552765953,-97.26478145475586,42.63067297339705,496185.38371965114,7.939042698432794,59.319447793814135,-256.22059295084784,98.06712734230557,1694210.1691597989,3.5874713562785105,47.933611771574554,-75.85500198202155,162.1823383799208,1666813.8477557376
right,akshat,9_aug3,0.0016447006876526005,0.49683466852847874,-0.8755479657362936,0.4497781843964267,111.56446521359871,-0.5458043232966638,0.3090021676933322,-0.9931801495320025,0.06516333678768216,181.09225179186475,-0.545506296964037,0.23928215120539845,-1.0969601765273636,-0.07266875639450038,181.19409992724331,-10.569884572864865,30.26135561212995,-102.72316247216362,50.742277494552155,593880.1347650578,20.868173466372795,37.99396688139639,-100.02665857661954,113.02671519938556,960878.8792762478,12.150166195149751,48.07333282839345,-149.35696618017744,121.67059710809158,1748327.4117303912
right,akshat,10_aug3,0.06871897793201046,0.44008846092562215,-0.9425213517442639,0.5137150639510305,96.18541873584913,-0.543146692416201,0.31313918486853204,-1.1370700861201934,0.3874773329718667,194.57465169900487,-0.6148243181043036,0.23404381010951414,-1.267777297971858,-0.13912190889726941,198.35632790177814,-15.890082018649315,25.669972859368645,-101.1580278814447,84.53713158557181,440718.00609309407,3.616184451429274,70.02179331818164,-263.2485467759044,116.24197468590513,2423890.66158963,5.73770096800375,59.26945032502602,-130.1993369329008,180.4348217129539,1612699.276773284
right,akshat,11_aug3,0.16881757897153435,0.40734906747083727,-1.009119854670868,0.4453594002423653,93.8097201205387,-0.5972615696030614,0.21690321349514363,-0.9603608089270065,0.031471258421149555,179.90377643982336,-0.5796541397380692,0.1865176294129235,-1.2064739619049643,-0.26562857297680975,197.74042975986436,-11.345222258256154,25.20551433329363,-95.39004581054576,68.69562518906496,513981.08828890923,-12.076717697080182,70.91711966438204,-229.99210809114402,127.15089259878374,2495609.102496658,13.077529214814685,36.26232923940146,-62.36459371371854,146.84880630987558,1863687.9050684033
right,akshat,12_aug3,-0.1842156577459489,0.5118374472209262,-1.0755510168907056,0.5099392407304383,147.8422501717627,-0.4044449312206454,0.30294408980809834,-0.9284684627131152,0.1766349341228852,115.98790513353097,-0.6517634941759091,0.2554300613701127,-1.5483904599168208,-0.2561655788587314,237.6735540611293,-13.325504405482924,35.83931194595325,-167.50430208925096,115.06003793002711,707421.9739615239,2.9461953036887,73.17706113670206,-246.15659870663228,105.85123869054578,2364044.473868544,11.012399001426973,49.74361913036987,-60.17716425815054,136.48870627626982,1993856.9699890395
right,akshat,13_aug3,0.17487762566578594,0.4146515379497966,-0.8021676006653089,0.5702304856789773,82.93091118551095,-0.514191220331648,0.27794701434909186,-0.7991705333419573,0.2776804942258766,158.86677671581248,-0.6575807478750927,0.17065490268892194,-1.115008460738625,-0.3721989217299437,237.47579446624567,-15.494722603528992,27.99854046497694,-127.69688192303224,31.83807690108894,424703.995615058,16.85567922732514,34.946324905817825,-25.768370329275566,111.63280520531141,614373.1664138942,8.13244060140756,46.34644220675743,-38.289288131830546,80.1950326208439,802665.3855344799
right,akshat,14_aug3,-0.009944766207093248,0.5277802915527919,-1.1132146426816234,0.5721845911861441,120.66727316672583,-0.4840064908909978,0.3088942101184154,-1.1893185524329237,0.1770301348068937,165.56720716659683,-0.5882189765957397,0.27858253421228135,-1.9694388405509362,0.0477272647489049,234.10015593637678,-10.121384332310953,44.47416576747468,-225.62035734169086,207.82917916298848,1022745.8281953786,1.1215470546151738,86.37209723955077,-259.3208450243856,107.03130121001097,3047104.210766915,18.079847846094264,53.961314747585796,-97.29302648549077,150.07658053909256,1408442.182182468
right,akshat,15_aug3,-0.14778215542723422,0.5163127990603116,-0.9357463920323768,0.5143397114179425,135.2874254368815,-0.43891429312036057,0.24446997795889014,-0.9757769448827734,0.05140082970201977,120.5296403069563,-0.6613125263934558,0.2796572097602128,-1.4651557112328817,-0.023347670705271148,239.14804552548654,-24.15293501066467,36.399142489509906,-173.97793887937468,47.733553705162066,848403.0177695261,-4.334872569407621,79.25183795082218,-283.64482321840126,87.33224337993508,2911044.8566963198,12.413109904617622,56.6288345374416,-152.71717922214043,107.76844989780014,1928242.2128689522
right,akshat,16_aug3,-0.14466346938635935,0.570077051214786,-1.406871477745939,0.4870872786591851,181.12273489271158,-0.5001411260483607,0.25872053165671294,-1.009101416997683,0.5413953556161895,156.9274858194101,-0.5948220491052525,0.3165478899380387,-3.729039920381607,-0.01622369935418335,217.16693859335896,-22.920757982089405,42.56466569611798,-130.1690295360142,337.1984796221304,1145890.3282843004,-3.66765748165375,82.6401353582627,-258.5582768357141,102.40425837101024,3188161.165074334,4.39129144128819,55.04528480141141,-31.818996568126806,164.56358889442018,2339456.8038847824
right,akshat,17_aug3,-0.0824211608402493,0.4921037134320947,-1.0315744199620949,0.3999556118539574,115.83233174430767,-0.5889414021881465,0.24247656616569987,-1.0978322958426046,-0.0026702969299522003,177.17223807160693,-0.5427357123799466,0.2350083612812616,-1.095160283818585,0.13675672361569988,193.97978562481723,-22.718968888633583,46.19446018488276,-145.7457573579538,170.589472152701,1268704.767636578,-2.848928288928702,76.85646979946014,-280.28197603566366,124.35445687472621,2795029.477055427,17.214710278132166,50.4862314344488,-114.76200462648906,81.72501494801023,1422778.373471754
right,akshat,18_aug3,-0.27997921370629286,0.5242563175083197,-1.109941934618788,0.42347092334496705,158.54508144290068,-0.3742809095543122,0.24857453793868414,-0.9439595380019957,0.4759389723891139,110.37843615848851,-0.6547771041546991,0.2696605923490316,-1.5361495783335528,-0.07586366610043459,242.24234451232243,-23.34477845565295,35.934663332633086,-157.18575174002495,166.39101965131624,1021671.4287715044,-5.787792032296241,69.04829022510229,-213.41125495133284,95.76119221611742,2015301.0133043034,10.362523348269013,50.545547060350614,-60.11084312273137,133.50556626557662,1298139.4681946225
right,akshat,19_aug3,-0.19441821182475347,0.495696525126608,-0.9270666947563347,0.507222058397842,129.54863233065942,-0.49600109265449693,0.22229328755332073,-0.8831517244110895,0.12879336949804085,120.82647832044508,-0.6505988195881307,0.21491590199319174,-1.1864100561553588,-0.30179051656748274,221.4722027040966,-11.498802443765388,36.17554654973868,-117.35363724120887,112.47163720358196,640948.4153917046,-1.2295567519492194,61.37898350386249,-165.17004127627092,88.65158367427279,1730965.1301672852,7.345689598195192,49.68511665726125,-86.68674257701909,153.47482273882446,1177428.901519789
right,akshat,20_aug3,-0.2442807575281743,0.500596795417222,-0.7684388171396637,0.5534236378757621,149.43975679788457,-0.4131569843095545,0.30736121388141546,-0.7417614356051427,0.42743484908816104,116.49063546883728,-0.6662013062715894,0.24440824439633718,-1.2024741869355264,-0.3274413065411414,235.81885987517916,-13.429914940491193,45.142371404200475,-143.63779509914554,230.34711381690656,1289383.9230183193,-1.6999774532477956,53.75371968169855,-195.62363560311377,65.4208285800552,1302737.5767734926,12.255803965782247,54.782906297401915,-147.23380027254143,120.56894474224609,1583329.4686229066
right,nav,1_aug3,-0.5862250462480266,0.3220677596123628,-1.2450975046366368,0.3555382193936494,205.08079314679438,0.31324107360160397,0.32885789270239585,-0.8608909227251812,1.3956943817973197,85.78762897513373,0.7261435870055724,0.32664001802234477,-0.05894106803760407,1.9879274947881658,299.64151699001354,-46.68915675624892,92.85754707251897,-308.7770934312369,206.11031589740927,4945832.610537301,-3.806021539967727,80.78153469639484,-201.62779025084134,219.1247479161459,3123184.426338158,-17.062271326104504,103.51258466590923,-242.8088016172494,210.07983000726955,3531633.7768964064
right,nav,2_aug3,-0.6204987956381424,0.3607636978103027,-1.591922080742901,0.40288660980805147,240.71460824141568,0.239106223100572,0.3441330598688301,-0.5054680161769405,2.4629870488884453,91.90090869464215,0.6977292331525505,0.37083387481136537,-0.004327858517373467,2.22578172860798,301.9323933175291,-34.9178864371859,89.42051307830245,-638.1880417565637,67.43014280117343,4081521.3315473143,-6.0269688397022705,77.59262421533184,-217.5227488541648,170.22560524884398,2701973.1779740867,-21.95671402317556,98.2843098555481,-218.90867247043948,261.9823755378285,4598665.908314523
right,nav,3_aug3,-0.4954343731963079,0.414763313258082,-0.994478266553209,0.36805792990771624,200.37743921582492,0.2109749055648455,0.2021884263910786,-0.2774182516076436,1.0461827276431612,46.55546884370363,0.6606161469460426,0.2729154896145591,0.27419463732958654,1.2345505283322817,270.2984240760764,-40.20986761676467,61.08986355226729,-387.3166514080836,31.477904603532913,2796148.5630376637,-17.420306270406847,47.046757195962435,-167.6913185174638,101.2250012550363,1282236.8494174585,-16.006840333549995,75.8531215996351,-150.29149647619738,206.44137816403918,3542236.070480682
right,nav,4_aug3,-0.48053548576505656,0.37797075690791243,-1.1774463314831913,0.23490939746587994,160.01730962507912,0.21349669161736862,0.2185216213878791,-0.37585244179405297,0.8936062715446254,49.3476745446711,0.8033709798174558,0.27915683636474986,0.15445727913113108,1.492933397036241,327.0365344545242,-34.08323743539552,76.0883858903579,-339.4013299505365,138.26350786589154,3280217.832010321,-3.5514442161681274,60.36492983199627,-136.36635560127937,128.8753851294191,1603923.8474942397,-21.16930487610032,85.84814779396493,-238.73922988597303,138.89887198083682,3459478.1394997826
right,nav,5_aug3,-0.4931737950012296,0.3636918363556868,-0.9707601116661555,0.1781488303733504,185.21909177432428,0.24349214372203587,0.24135200629927386,-0.5762950513438827,0.7625023572401329,56.27720629385438,0.7292747614443456,0.2907219293018782,0.06449246186113011,1.4275842164469763,307.6409088498321,-31.901096195533448,62.27706381374424,-254.8741420494393,104.75515097284502,2294690.3834413416,3.1776842098713263,65.83991810936617,-156.1958604917333,147.25229369216603,1909619.9872762198,-10.12328773746981,84.66048871107346,-180.13112838543995,173.1753862516229,2363696.2639085846
right,nav,6_aug3,-0.4133665322037958,0.4559568055164093,-1.2419766062133004,0.2532595445502604,174.21674950453706,0.2131553612952026,0.21152897436112658,-0.5102704028529119,0.9735213109088496,46.27558443810156,0.7331346474088185,0.26538525590144424,0.3282547845439623,1.931342733296146,293.44185923319617,-40.713529795917175,68.43039047985356,-332.9220858531076,149.21319176849545,3246266.6828353265,-7.39983104512258,47.37519620574053,-170.85874123961398,159.05570515749397,1148010.5157504012,-13.728792265284895,72.11282170058335,-118.76846057850611,155.2640713696121,2133554.3207540303
right,nav,7_aug3,-0.2969604276772339,0.40486639658633944,-0.9170495455277777,0.3783240302565919,117.79200202550498,0.33369758465999155,0.22132742414266673,-0.32773707190052764,1.0803418208155293,76.1702942478863,0.7698692477222863,0.24756548055149125,0.2505009871753812,1.40781464571026,314.2551323194428,-32.822956369588525,52.472674113322185,-212.15726263193437,137.61987886138152,1761380.6349255003,-2.401335471614993,56.01769769894421,-181.28734160420802,126.87383726808523,1533543.9025714824,-14.353430937257835,77.22996392437602,-173.28666055273868,235.41713701169783,3571196.354587626
right,nav,8_aug3,-0.4406416831143362,0.34728788097681274,-1.0355947231103435,0.324273347089182,150.494030317183,0.1800982988973259,0.22816222882221315,-0.6463717884154646,0.7550594730317483,37.62652995747077,0.8223623439526507,0.24677443350244582,0.378780677518204,1.3837254367420173,337.8799889777357,-34.06839171010605,60.59634535806067,-304.4240013798627,60.58090606856232,2383326.4991488187,2.6267736373775237,53.7770626926736,-121.43914852032643,146.84526656228246,1313946.162767387,-14.788178921809752,71.11307419404079,-189.89301689419497,138.3498312222527,2917463.2401433815
right,nav,9_aug3,-0.4248176639917493,0.34885474115191456,-1.0355075457677756,0.48628689560864025,176.22920573907356,0.27912377574707015,0.22923221814622802,-0.38849909165941465,1.0219427340535898,66.925961464049,0.8024622797726437,0.2519379694839292,0.3750594456626611,1.313966729951275,315.53150522092096,-29.924391911665776,80.6576921994182,-357.05037136236734,185.61191084037912,3465482.187465588,-1.3789560706839752,70.0801373871195,-168.79480028649456,153.25062147420812,2159385.657362908,-15.272962326728495,87.84999706325019,-216.06797401049067,221.82696948824488,3571231.56829219
right,nav,10_aug3,-0.49271153113302446,0.3778615810132539,-1.1220174923246407,0.26881800301303127,194.40450192604666,0.24144244554408167,0.20221182536121252,-0.40173754412979246,0.8105796186208134,41.15428223260305,0.7534571285871959,0.2520848703723993,0.30964384297913844,1.4454576938889372,280.55272525698086,-34.415638002503975,62.7360560744403,-297.8812936417537,64.6537695977389,2371286.7492524767,-15.144138001110969,49.44009129933421,-156.97488246772775,84.6848577793334,1308253.116866422,-16.644099524735015,80.03831738571097,-126.16996107708627,132.43096166705197,3523597.2332377634
right,nav,11_aug3,-0.4416963699717959,0.4050634713377092,-1.3103098478641788,0.35859952071941714,161.91454113787398,0.2530908969626781,0.2286245829886534,-0.3402161466738405,1.1066055140050495,50.179381943591046,0.7479391554612442,0.26291107686360976,0.02248201455477354,1.4957566693444064,307.3243917728244,-36.751413120988964,68.82391214861744,-414.61145402893754,126.60950076200231,2789184.3835298475,-2.262632881466894,61.00164562729235,-174.5689504641319,128.95962530869036,1685127.6896514376,-12.98694623763169,83.53532605476079,-209.5040115927525,254.04901317401732,3941563.553666612
right,nav,12_aug3,-0.43188419496524005,0.4262061055602864,-1.012920618152348,0.34885086768790124,164.62866035377553,0.26464808218178293,0.2635295538966879,-0.2710109469043811,1.3070352039670088,60.9186387169498,0.801783235254237,0.2512175785923602,0.14660200170970797,1.3312270497780534,299.9768917071269,-39.61742458548649,67.95677743665,-336.8478269649612,206.40766445475148,2863603.299632428,-8.688740307588127,56.63572280901848,-158.17567723085287,123.28066377352546,1496076.648705823,-17.813174001173394,80.42464860277626,-105.20523490236042,151.63049002917253,3218829.159852687
right,nav,13_aug3,-0.4937837201314514,0.34277397252586483,-1.1622872192724247,0.23498280394621046,161.7133533219939,0.25132407867325457,0.29386071745204795,-0.5268137788333651,0.98486159981396,72.47697920970046,0.802972541311411,0.2452390170886385,0.33001991888656507,1.330437873156495,304.3963886315342,-42.345338163201035,95.44535771739253,-420.6542298776903,108.89035703289791,5187832.008447668,0.3688960588964526,53.265882899190814,-158.08126633839493,113.12016197175407,1286761.551375275,-25.731903841824796,94.25026968742489,-191.27007314704767,217.0358611855234,4482187.213009225
right,nav,14_aug3,-0.4698579768363042,0.3757782136299805,-1.2306706627698076,0.23679451797137557,173.6067267720665,0.18822249966824206,0.24947983977358712,-0.5352847340139023,1.0496857125564512,46.03134897816456,0.7785260035887752,0.2695928179362608,0.27856645383711853,1.4139316730553377,321.35774337668227,-43.842053463994,65.673041573501,-294.48168767605927,186.6315811622854,2762056.595660629,2.113936181569812,65.24272992393797,-179.1071013656328,143.28933651532128,2227943.264711484,-23.9691278446135,89.02742048878689,-226.6510753456123,191.24546119318651,3634031.0453888588
right,nav,15_aug3,-0.40639443125964797,0.4819832897597924,-1.2048542350857283,0.2625887221179259,182.3772065336119,0.20195086791287403,0.20205603694969956,-0.4207200390097777,0.7391764569808272,46.157468173807395,0.7604281934658247,0.2593233382903356,0.2306377154659927,1.4454196117743645,304.65783471886436,-37.29773656469073,49.15985989412732,-276.8729035684932,52.823464462872785,2186164.6054212437,-12.316206282582872,61.68160656118468,-165.8441720391756,129.78826145091864,1825717.7191781697,-19.529179791024042,70.21543092190723,-142.05259252466823,132.75585301881978,2204327.3543920135
right,nav,16_aug3,-0.5418177910327151,0.42718827446572727,-1.6179966245666288,0.27679883494874985,211.09270240175675,0.2136511426903341,0.26109901033697636,-0.3856923220397539,0.9885076846776181,50.988304294650895,0.7408183480825168,0.2930737222383334,-0.03029538662350461,1.7107287157523892,302.3779933741504,-39.7038687843922,75.43288069019506,-318.6482044920417,139.57077482480275,3417504.511310113,-11.058096974963522,63.79685367974429,-214.1300846234108,141.7965251295071,1901030.321469799,-16.991984063004058,91.66203755597564,-192.12602456639843,122.45691205382398,4570886.974756201
right,nav,17_aug3,-0.45856950497799953,0.38179903840927093,-1.0121791531148603,0.25471927104718733,156.99411771134817,0.2757952689244009,0.24501596991560207,-0.32792823170166807,1.3331298179948574,65.6098876388339,0.8186240865970638,0.27636879775112444,0.3798376744950075,1.641858700429822,321.4479816814073,-45.22995327031195,69.1006422807235,-384.1797917475868,169.8345427272514,3200578.5841875128,2.068198887096401,65.11520596538467,-162.82537863716064,170.2915849284238,2010039.535499081,-13.671950138161684,95.39318292527834,-119.72458314420875,302.8782212285577,3480516.8789116703
right,nav,18_aug3,-0.48725265389930617,0.45607174737652756,-1.0878314220956362,0.3786121278855941,182.1341609473215,0.1814970478828445,0.21466453655984483,-0.4948694175632825,0.7240592028800433,37.96255672073256,0.7693025649584915,0.2533753028101298,0.25024404351040846,1.6663042096190566,311.4029908947668,-43.1165795468917,65.15453225300018,-300.57867304051354,112.7871967991367,3065524.344571448,-3.873312249247485,69.65268699364641,-219.23043029008687,143.7194869175547,2252008.7323830263,-13.567970168940395,86.88592530875944,-163.51102210024257,178.69980786464015,2586721.1318797315
right,nav,19_aug3,-0.5010736940371223,0.4315581482315065,-1.013637377844851,0.357591616379139,209.1946262816046,0.22184127896310343,0.2446174963990149,-0.49283125552343615,1.382080380816106,55.461645060053854,0.7108691528584871,0.24322943654265783,0.2567674567818506,1.1826365775085956,267.1067147117654,-40.38266806474937,78.04863365413794,-272.30015273484884,225.4326992737672,3569764.986924979,-12.629705338640479,56.050818530805955,-196.23501080032605,113.10193130560913,1414625.2815256664,-14.018184475744798,79.64932588183501,-137.22248732749088,243.37171741055755,2797422.3421513434
right,nav,20_aug3,-0.47244861097216206,0.3849445371167951,-1.2086029485716168,0.337860897639408,165.83027840586703,0.24226060989219947,0.24058485926476392,-0.36207818233103156,0.8971789630672724,56.69058849622392,0.7556680222915749,0.24828216852138218,0.3622263483239769,1.6474227659111054,302.8581311847323,-39.61616373696619,56.12227604798982,-254.74943702555822,52.583977897150035,2235577.3011245998,-4.699243489353357,58.48294526880527,-173.53825188990731,95.38319037280685,1707360.2470278558,-14.096651389394848,85.38826495354722,-179.4824227337067,193.7836134085891,2481154.050346247
bye_bye,nav,1_aug4,-0.1314495543884104,0.7832353377958917,-0.91815100347728,1.5334506668777472,275.5695513728265,-0.27855087710274334,0.6793146055034978,-1.954107435195314,1.5858736808455847,249.72351131978579,-0.24700659183054358,0.462309623849319,-1.4073634534405244,0.9823357798221004,131.27700862249836,12.297478106701481,71.22152733016082,-338.7138314963701,301.0846331480515,2079609.8203975875,17.96396971972146,94.64873056446008,-225.07588836888436,251.66877590701293,4435506.448701812,-37.545658258359026,119.66784199193397,-332.2296149827189,220.58022854204071,7057955.642806303
bye_bye,nav,2_aug4,0.45455928396379397,0.49822863971417547,-0.8327069493748755,1.1519073680581795,202.14150023861274,-0.12539214514141914,0.7191596415518161,-2.0169724248957657,1.4406870507126872,240.4796691156193,-0.2946687725781749,0.7064712051090883,-1.8580357631902351,1.0311852485934314,287.55990075399245,11.253628610415582,60.608962280532474,-128.56737082781683,205.86063288244864,1647577.0330503276,19.823516495126555,158.89114167658235,-355.95235869873943,332.304837845189,11884141.777305344,-7.044595787879548,150.3811088053997,-315.7342543835092,331.0077142259362,9543331.75734539
bye_bye,nav,3_aug4,0.5699179447902295,0.4810171414813015,-1.0256446494306808,1.1615965332715938,266.9976913570697,-0.03779448096858801,0.5650123300052083,-1.8793478955239824,1.0842300984261788,157.2036968853636,-0.355471010752184,0.5075398544989986,-1.332868331094654,0.6473391324273469,203.55349668913283,3.3151558270762154,37.66630846018713,-112.5428135084832,127.25424682770986,604727.942238619,16.592060951590497,122.20848776385169,-281.72940195467925,214.93853785633917,7238489.963329928,-28.904158316944716,108.57888623817533,-251.95817749067206,159.26047317145563,5890585.300707684
bye_bye,nav,4_aug4,0.3451012739038848,0.5985560253318898,-0.9401830320039387,1.1407558681621761,228.09613895959026,-0.3637015418855311,0.7291706347947624,-1.7044786189064225,1.102597509008913,298.6430424272114,-0.2951498671672713,0.5052459011804327,-1.3206630440380847,0.7799814590705502,170.0159808395904,1.5707007581736945,61.37854708051189,-136.00570854594713,260.94703439353896,1723061.3325176886,14.992864359695579,108.3852181234404,-226.39544239565723,270.133147674836,5840794.864638878,-2.0032474009280037,147.30775342339888,-274.548030968501,321.71395869541016,10890175.879603554
bye_bye,nav,5_aug4,0.4686751790161025,0.5256640783561709,-0.8081737389388813,1.3848560392975038,230.83351234459786,-0.03673851548933551,0.7349933454552736,-1.7561534357871904,1.3759653207291522,243.3311998178256,-0.3198398192314498,0.6128229952318516,-1.4215960064660815,1.2321204521172775,215.36064839769253,6.728735900464383,47.33430316560011,-140.14115461222488,189.64705404388718,1086903.9313988083,24.625110433458207,113.52191582942764,-231.03773858873228,223.4491920447665,6296772.158784958,-29.18251691748347,131.4886971249614,-342.5104602300901,106.92447073464166,8750561.477280045
bye_bye,nav,6_aug4,0.438942785515326,0.4718483291330835,-0.8626385933990922,1.1058905161282346,201.98719974924907,-0.012045166064167884,0.5962449690844328,-1.3871618058600876,1.1627598360776845,170.3307266227284,-0.38221308662632114,0.5738178870965971,-1.5067228352471453,0.7575787386513706,235.0807119954443,10.513014028292455,41.205178505960696,-85.36226907137056,158.4351390840475,725454.2819243314,11.302269884344685,119.44330981515441,-245.46057588493676,194.98376005821348,6570791.767740191,-15.704843511238792,112.29817184495664,-232.0367281400455,227.99315611802572,6206564.902846758
bye_bye,nav,7_aug4,0.29525467140377054,0.6201098129107373,-1.1821532843063838,1.0479181716989943,205.21197971431855,-0.12034217607153469,0.6636844231148107,-1.472044550117811,1.2799546234738872,213.30584517010374,-0.44431780512261454,0.5455578835577927,-1.3350313042711088,0.8904428214719219,235.5892961749814,7.969644845846881,57.18808955369677,-146.5305310358132,196.09165417020714,1801129.2612862354,0.6583673244399435,122.42376786160169,-258.4683690125022,301.4829081699605,7127712.158716636,0.042072279184004246,140.21259509116118,-224.83045663681622,350.559428446269,9220182.2635178
bye_bye,nav,8_aug4,0.23791295384681435,0.6101325171502763,-1.2268720790284295,1.0147676444171196,216.29383256019943,-0.13647188562342663,0.8079312942814683,-1.7018641942470365,2.2509962352857507,316.71404715723423,-0.43037187734271914,0.5975390043013598,-1.676602604948026,0.7717066102537018,242.7587336899349,1.5570441329780578,48.508878957797904,-165.93464493738796,160.74765325210834,1071049.6119444978,-8.139552811281694,137.09903707452412,-272.4342780430913,221.10030576685426,8686932.122444024,-10.425265992204436,167.07430182187085,-336.68417839913474,274.99147651787416,12220222.884071331
bye_bye,nav,9_aug4,0.2359188195900991,0.6599741243252306,-1.2348159670172014,1.193546436925426,227.1822672295586,-0.19567218586277976,0.6965551949861101,-1.515163510394784,1.282628946957025,230.98874131698935,-0.378023495608118,0.6340888168446029,-1.6022277853222293,0.6156690085637938,255.75188095138782,-1.433904251333716,52.50160231765385,-198.03281299180168,222.48524899031807,1378689.815659663,4.521627625100215,148.40265794302348,-310.9483017775933,326.72577343543213,9914143.335523166,0.0095778312028727,151.37441666108666,-272.86231005311316,322.8917247022712,9316773.832829172
bye_bye,nav,10_aug4,-0.21301160023124033,0.773054051689568,-2.1012682985788116,1.2008161910334068,295.3278096570979,-0.21622721326249178,0.48131634439146265,-1.7356987458409832,1.3454481575124033,136.82077990449028,-0.30143430360074674,0.5662807365111012,-1.7975301138466797,1.2273019563543406,197.78385975043034,7.58537403438626,71.38549923609762,-217.30743352438753,328.27234575314526,2449678.828716214,-10.193778210672878,126.46483195729242,-272.58572413644697,291.4586196250804,7525286.780619777,-2.177188456743981,608.4625939259888,-12928.473877171225,372.4646925001486,172313280.85964695
bye_bye,nav,11_aug4,-0.04983181164037618,0.7586917801327888,-0.8753220983130158,1.3655332764866823,276.91992795386005,-0.16191988685892894,0.5400214071821945,-1.394693067921646,1.2005970524204408,160.09482229490823,-0.35906993372915796,0.5158512328160066,-1.7567025826132845,0.8541313823076331,176.69158865593113,-4.704955320648398,64.45379932723758,-205.26442069926304,203.31154600235686,2089324.0795916894,22.978367655269725,122.45360964850086,-331.4058409842292,265.9511643067949,7705631.219901948,-25.436172876546898,93.97790464808604,-270.61969551128055,192.64914029480335,4160063.8386315145
bye_bye,nav,12_aug4,0.525965093811796,0.49394978277644586,-0.8465809196048663,1.0830832846195633,231.45758689810683,0.06441105474972518,0.600686529948303,-1.9020996267750625,0.9998726057270096,163.3782505251989,-0.4125614761805528,0.5103441001163387,-1.443336622339138,0.5862905126250398,213.65839619161196,-4.474533250118742,52.37197525868238,-201.62637564069945,143.6109295873877,1331107.68120196,26.807436466500565,105.48737993868933,-191.47755604846375,201.0037501540407,5443557.883523231,-23.54195293861582,101.49239992721607,-312.6885077707153,70.12646141339978,3913416.5235352577
bye_bye,nav,13_aug4,0.4880721591595976,0.5081502047704033,-0.8397201054717822,1.136048890074513,258.0981035427169,-0.023275041674585384,0.5846364112842625,-1.2824358930593396,1.2291511150337395,152.89114023828085,-0.3969115601856129,0.6665296156155547,-2.263549888030429,0.8418987016316399,288.51852698568996,14.225560567654925,52.41679376503478,-106.55586522651073,182.19456799990047,1353067.6780389512,17.22883351465616,145.32450036167472,-363.23695917944065,251.7918585456623,10115142.802257163,-27.037008422245048,102.97448744758606,-238.97667011956494,184.97969961024737,5036576.185734126
bye_bye,nav,14_aug4,0.5203465787210092,0.5979609857465049,-1.7676702189848132,1.1293851504277537,271.4592918709267,-0.09975310757606372,0.5434565559404027,-1.7980196475564427,1.0622107374304066,141.99988774489478,-0.38572670549056015,0.6144987552669867,-1.4794638561373619,0.7649434921860795,229.851836267544,1.1733918437483346,59.424511374129,-261.8797416806735,172.27183350810756,1608308.1405577299,13.88689036197812,142.29434384786683,-366.1050075418857,261.43844361239775,9367220.276878787,0.6698042627164804,131.79902262666175,-265.77474602377987,427.64629816788744,8027932.741719791
bye_bye,nav,15_aug4,0.5796634313517355,0.5781317179832114,-0.9076435722688359,1.3245603675302562,322.3998698404129,-0.020056403048198803,0.5254451388508762,-1.4962808691299934,0.8520568752595605,135.7407375089067,-0.3219190786385,0.5872238288485518,-1.3867376760051022,0.9449929885556285,206.0257932259337,0.9938119934798741,37.7786737348773,-124.30787764330287,116.77299188584513,702244.5122734867,12.472796451785022,119.63503757704075,-255.51567875099877,221.71870071343585,6727860.445838055,-28.184960265863467,98.29102119438497,-379.9820845592323,99.27087947692503,5747654.458589245
bye_bye,nav,16_aug4,0.22095569729827708,0.6524857074731932,-1.3116980824440407,1.2460829019777513,238.29469781700158,-0.07990889718191352,0.5841278803006599,-1.385245654376867,1.2866904909793144,160.4995044083656,-0.42515400323456976,0.7256350951011896,-2.0338854001012954,0.9498142030046592,336.5455424117288,12.515078057876352,53.089233298595,-181.00952918122948,147.69040517798948,1493127.8122550652,0.13425560757321553,181.97414729094623,-386.52023422815216,336.1864265677069,14901277.883978643,-1.0005648177809279,121.74714367212343,-217.42939927772977,228.8066963614892,7063394.491177613
bye_bye,nav,17_aug4,-0.20880215211839104,0.7337790230719342,-1.1463421569691417,1.341146294391494,284.57754234469644,-0.14730778597664726,0.5993821561845345,-1.5797600503420948,1.5102381575421744,185.55659964249938,-0.26808589884466033,0.6023831809780571,-2.190010032519963,1.1107407218503909,204.24702083200995,-2.4979643265809424,47.979860872377955,-222.77926652774505,191.7724191686577,1023478.6881858361,17.83137551430222,132.16896221380884,-388.4480084298346,251.55566105692864,8606185.897879224,-29.77337810808462,114.60586171914753,-362.99546653558514,216.2055053285595,4960446.119871525
bye_bye,nav,18_aug4,0.49086359645894495,0.5710785957600414,-0.8771630305094915,1.3707333041380572,251.73372508359637,-0.058342647406437756,0.6674934744164978,-1.5453426992697987,1.2672506011398836,213.10092989191068,-0.3307597279759003,0.7242542543550906,-1.7811459275741441,0.9890495010301321,281.1573991203375,-4.292371617030973,54.88562178625259,-204.13346497532675,161.84058755987962,1247215.5699142388,1.0387387173476685,155.912844434581,-407.2186010501249,256.6919782044665,11329160.489877034,-12.385864836830422,137.98672820786396,-351.2771225610964,377.5565829567939,9381461.821341425
bye_bye,nav,19_aug4,0.6112616310481769,0.5973720129210136,-0.9630334798056461,1.1647703532971447,320.63738751940343,-0.040677684373196056,0.5178473373730231,-1.6569918713177312,0.8975378441371539,127.05366888607752,-0.2870767392682541,0.5662651739726651,-1.4523367801725013,1.1746519684592986,189.67870572824984,-1.9267960262382784,53.324914066758055,-165.43113854915677,241.80155441287974,1073310.3656619347,8.288369635408342,102.02702379996208,-207.54270858115115,191.16295787786424,5038394.666521781,-33.489956837082566,98.3575054158777,-375.24799077179495,118.86805383292266,4497712.1838441985
bye_bye,nav,20_aug4,0.5319976308249521,0.5356578113999956,-0.927196556958265,1.1152542346761247,275.3030711088225,-0.04336688243588743,0.5222769937516836,-1.4938255363044164,1.0890003990713668,119.75336936058036,-0.3249150918930893,0.6415528883018825,-1.650983144599237,1.3007953965951038,242.05720873254396,-3.263960835324687,42.58406269117137,-166.21839265475685,133.51721915014787,980956.2345657462,13.467562630369551,127.8858528922889,-262.8562853480891,233.3137149360738,7565098.955676518,-26.817121342617583,100.07062253016758,-240.2941230377611,204.4395692930347,4518775.808963695
left,akshat,1_aug4,-0.4906081942671789,0.44234684890526094,-0.8242898379355407,0.5438704414427584,209.81883447957756,-0.5990154885717759,0.20203298353592536,-1.3898472837991491,-0.27185464275962745,205.34925716084808,-0.38737316226054774,0.24839365734225588,-1.5536722828421892,0.11223509437593117,84.24866199910464,6.341696059524038,20.92567655840109,-87.2144390830949,87.7877906329199,194581.80801860994,22.35242778374689,65.358804213009,-100.46449887411251,236.58935660878234,2356291.501058602,-7.028507491389052,29.91983978795138,-93.18015385333324,51.04397054463915,-451731.12392762414
left,akshat,2_aug4,0.22058938950437917,0.4488835481980792,-1.0801597706440842,0.4798463519996595,106.81309133262249,-0.5330541088190511,0.2138365005179566,-1.2997515461091786,-0.11450182477061586,164.1410792527435,-0.6115086769358973,0.266036626919892,-1.162841779653654,-0.046242975562769004,226.30849642209117,19.127806237023794,41.843582487859294,-137.10798929895032,178.0369630196453,961583.2322088197,2.7888752204451435,72.5737539006688,-73.55972689162024,261.04070874236106,2714557.219733183,-31.385996616766153,39.37029662971721,-135.0576718522025,-6.17064870817935,772067.4631903297
left,akshat,3_aug4,-0.06370369711903671,0.5437454740657818,-0.8385543101865156,0.677045901813351,153.69466978206552,-0.6795753624003555,0.19188409148974817,-1.324255216188035,-0.23127800145380106,217.34879100488644,-0.42816807195038253,0.2107804508949237,-0.8886055102832934,0.01795592531026033,121.5978966769593,23.531573341146675,32.32353440929797,-23.228026805765495,147.5679225080248,659439.5927627635,10.005765889085055,52.25222842425943,-76.98040959480397,144.25117283103506,1568513.5578171778,-3.891382122735474,52.15627613481314,-51.02579626607383,150.85853776836518,915824.8570312661
left,akshat,4_aug4,-0.07129279462984126,0.5545434817844117,-0.943960555936263,0.6442915271203459,154.22312279880924,-0.3046338933978174,0.1837666246191695,-0.759163751396626,0.27559650795841256,67.97553753942496,-0.715152736938751,0.18718945032726314,-1.288707795762535,-0.372268123168029,267.8162228837605,19.744615170520476,39.445089637288085,-114.20651334181257,122.75688267612138,911717.5618040374,0.5532159256513696,69.2200075211669,-128.80405315564568,143.093955705616,2203122.866526822,0.8452648552282542,41.30921142362777,-69.30656666394479,49.69132134764988,1114423.454935839
left,akshat,5_aug4,-0.01335298571575385,0.4733894457935525,-0.8227181275627434,0.44573385768025814,116.37902215066723,-0.535091616770955,0.25175304481305494,-0.8994315215653834,0.04880564418124429,158.96799756269323,-0.6193682634470858,0.20784285156170557,-1.124490131352828,-0.3079887875662872,208.3781355035228,22.978412580939672,33.831937042519506,-34.798527781386994,125.89115843341311,641985.2607595264,-0.6085211494703369,66.4494974714227,-140.5140576739202,151.1593636254981,2273221.5304760775,-13.87718393667507,39.321529693836474,-124.38479275255457,84.7703877480809,155108.2192979001
left,akshat,6_aug4,0.019998799948001474,0.43025783919242794,-0.8095849512604238,0.47215029010653586,93.54417211213834,-0.46952541205478626,0.44967887897650394,-1.2567747596093268,0.31726125524509097,185.42660308879726,-0.630916432908566,0.304367069760404,-1.2063304858452526,0.08436123916649167,231.08720436113677,18.501964161244693,55.65947499597487,-147.56125124458353,229.99500306988486,1799022.2501922601,0.04523961074956173,70.54271705633447,-175.6864867748482,161.54474133155426,2552144.8778063403,-14.917674091710532,48.33081171037703,-54.376332204314906,185.77566183793974,1169859.8567999946
left,akshat,7_aug4,-0.028008028012356505,0.42943117894300287,-0.8136819151463272,0.5211673020504303,84.83438372098087,-0.5043941663707886,0.3704403987386927,-1.0108063165918175,0.23750339632040396,183.44329930267264,-0.5518065039038735,0.28772322945206286,-1.0577194829094572,-0.09467796122868491,205.4710931231288,20.029479116862642,35.58763787547568,-72.49727304108067,103.37282401053069,704468.5742689699,-8.84460853093457,74.6470751920272,-122.39743368833952,165.45106424364107,2632713.799985635,-12.130785625244785,31.032611269535053,-72.19897844940155,74.21367808618174,-469462.8627987053
left,akshat,8_aug4,-0.037993383721317144,0.4364764991135585,-0.7536812285631584,0.5423093143168727,94.46079114117855,-0.601117746912767,0.3099006389657429,-1.0915586975794456,0.2420617420704547,194.33955525773143,-0.6483454653310289,0.28507924632722154,-1.0982463884370115,-0.12920884003798372,222.46436653115737,13.086632172199556,35.931268181463686,-74.59934204761525,136.64151539328145,632504.3733739903,-1.6579839351567514,71.66403742613778,-96.11990562485789,183.39340989407424,2527626.313315374,-11.908390400384786,46.99654933379683,-120.35011778306335,103.69603911460429,1447295.0895944138
left,akshat,9_aug4,-0.1762529755169806,0.5223020688607859,-1.155152324748606,0.4184156506181702,140.18861289448222,-0.5184571039389142,0.27839240960232603,-1.4291614136339639,-0.04285075017502516,160.50789263210973,-0.6585340389935054,0.30575278837725844,-2.7296766326311683,-0.2130117344287995,221.74854160084118,20.861100699430228,63.63740248175167,-124.72155987579046,654.9681717152926,2208404.8906804286,1.1158845078342372,85.18746489335763,-178.98925817726445,182.8262993670894,3237773.1756492145,-11.09669992817223,40.2139870663961,-186.9083631171938,99.78142846735915,727513.1963476589
left,akshat,10_aug4,-0.11132392112167992,0.5068614585691137,-0.9042682465910852,0.45139498144534446,131.26054552823695,-0.4842502300111391,0.3034175850548838,-1.0719556134988517,0.18702170478541483,153.04440064464154,-0.6818160980158883,0.2310961564201345,-1.0588063310341134,-0.20144242816492994,219.24947020229192,15.989383821813062,35.57132497619786,-39.826604471321744,121.85495652663808,761508.1636861201,3.1391576291789947,75.91247830287898,-188.59374704254336,160.5891378308528,2506854.1465498116,-7.849536907421582,43.269470190293404,-56.708026932137,153.383566505127,364550.9013844774
left,akshat,11_aug4,0.05980714665204082,0.42380416541696136,-0.7520650723769888,0.5431845802840433,88.77209614297259,-0.36923285467466216,0.3783273135958805,-0.935080142720818,0.14041290321366212,128.47978987034682,-0.7718689711986675,0.25117335562747056,-1.1163415633900329,-0.21748306789114313,283.7684034649737,22.26599287371602,34.01518795100962,-31.078060274971396,134.16429787781794,795436.605720818,1.3616372046214738,69.01238131341248,-129.70000185713968,184.44769239757525,2105249.0772142736,-8.358147750222932,48.97164149502675,-107.99292164483174,164.17746246671368,1855377.151345761
left,akshat,12_aug4,-0.2286863093561083,0.572681386990858,-0.8773999393641203,0.5845418307417573,180.29711063265927,-0.5826258902775915,0.17548650127714652,-1.1140593106396262,-0.029807213437204987,170.6090901337011,-0.5313784271143109,0.19313359864477128,-1.0527969182302743,-0.17170672213761312,159.0727684141047,22.90048430959064,52.67052599697388,-135.1747577746699,278.21858305617786,1396881.9785113197,10.787228175327224,65.15041460637723,-154.67441623191414,174.27147406163192,2008398.2801522224,5.011363243153393,22.378646721641978,-35.953750607702524,152.99919250565125,1415140.0974250953
left,akshat,13_aug4,0.10841481407214576,0.39438048886095867,-0.6997858939682076,0.5993523330882181,82.49903879723274,-0.4539852684522135,0.34932202155280356,-1.2932579709061192,0.08731579379988497,160.8475328798553,-0.7224178331629418,0.24622763549271215,-1.0236613470974334,-0.2532620874089062,256.68189121334365,14.983197449694686,42.384989505027065,-35.90548704381722,201.98244342323946,948879.0824243147,-7.391428430837159,70.16340959234664,-127.0813868635436,163.548257425288,2337284.0909811794,-28.80026616678602,53.55961703464592,-109.26727498726343,252.86394355657023,2719084.122419469
left,akshat,14_aug4,-0.10734298192190238,0.5634605799076632,-0.8575632848959265,0.6461050331594748,142.34899037749727,-0.5717173440636032,0.31200053423840546,-1.400276865207679,-0.06018119812554992,181.7291050493662,-0.5741828834753344,0.2834874713335995,-1.1778907316998932,-0.010810549233941718,217.53095140254868,18.321158450128568,39.28096759579726,-49.2313918198351,193.67764298467074,828489.1334611968,2.4592591457790833,77.9211476960228,-174.50349349331444,231.91954342300087,3060140.0772602297,-5.619432610037715,44.105835121456295,-94.94749731510075,234.21035441140918,1242641.2253384287
left,akshat,15_aug4,-0.05075134793898284,0.5135297416842921,-1.0299527446170595,0.4608129170452838,127.742490257426,-0.43680653712571993,0.41868158998375404,-1.747659413643689,0.29795737626592983,175.68105454147164,-0.6972693690802613,0.4050783794992305,-1.4960220868236795,0.4763340530134226,306.67412142898735,17.07001657984001,44.67114991434137,-71.98277055302987,191.06241763205762,1008261.7963249763,1.1617083424260755,89.40110072022766,-189.63413352753642,360.53788800729467,3862606.9120953707,-10.723003851674378,67.4680656496253,-211.18124324008295,128.0896435868728,2960478.6888858033
left,akshat,16_aug4,-0.1285661955648455,0.5226074576269187,-1.2412463035542567,0.47949039480960326,146.71302159274973,-0.5481876012242909,0.4373927259853024,-3.081752330155002,0.1962464673136627,235.56048082213385,-0.5723497782987814,0.47692333563857053,-2.2759145439289363,0.9082261709304648,262.2962683559354,20.577928571068494,84.25118847480411,-202.5255833617557,869.4489478696879,3382800.4848218453,-4.234277601094268,102.10952501858735,-200.70752408114845,283.307047794267,4816844.677840105,-6.870949783528331,81.04747225548195,-177.98536206665457,347.69231592595906,2852996.4074942754
left,akshat,17_aug4,0.23169585090729827,0.4550028857268364,-1.028726162624106,0.4835845538606664,116.97047523282421,-0.43794315339669443,0.21644854953468995,-1.2811980825553613,-0.16051746877938217,118.16648469608876,-0.6879463988684961,0.3137608970288919,-1.2201848637349135,0.2394646871939575,257.3995546270436,12.466481116945097,41.75935975057921,-100.41638159066603,147.87034706475413,847414.2945009021,8.037542682561584,70.10742220198752,-130.67457252680873,267.3455433780429,2473858.289817561,-20.896491669372406,30.089712505199664,-109.79897906897568,52.531844517132114,1804254.7058939799
left,akshat,18_aug4,-0.4208467722463972,0.45296211906773926,-0.9802665316900473,0.5151576003013231,170.95659463045894,-0.4958333953492811,0.2848510762239277,-1.3937026940026196,0.2975242415642607,159.709273572112,-0.5923379607025407,0.28388062354918236,-1.270962006869019,0.10524538772368085,175.8300404803684,-6.828486022789376,25.637295826599143,-89.18937062647302,72.8900903065529,391210.5674609363,8.949065676180041,44.71387481441045,-98.50993739854594,123.29410522136808,1188230.3606455778,-18.771151899014495,49.47063040623129,-154.07358147540222,47.328519959365536,1272160.0724528718
left,akshat,19_aug4,-0.00816230161202785,0.4159013414470046,-0.8632362428853998,0.43215731354217696,95.21175887752615,-0.45303191800409776,0.46937982183171206,-1.5035574238980867,0.2806113361488586,201.7096132973458,-0.6248252861798396,0.33494693443887874,-1.178224601225982,-0.01291422089227508,231.74864522853295,22.42008601115158,46.766096297367234,-70.2415256662691,223.00973336876265,1362690.8730505847,4.127227197016287,65.71504104549975,-92.93646170105949,225.06200327468488,1830462.2808814556,-10.163263316411511,65.08358618630412,-138.55577569545932,131.57757200814595,786476.6029687785
left,akshat,20_aug4,-0.13228492682556262,0.5176915935479257,-1.0649773822324666,0.5192379804037287,118.78253176134449,-0.46800577673788774,0.33270484857316984,-1.4076089032930057,0.37840134533847386,156.8355969496549,-0.641325734689568,0.28083778047785607,-1.211328342110859,-0.15092560200199145,240.3650739541808,17.5574236008179,52.87376887474573,-234.24575355834293,232.26272644600957,1552323.435582809,-7.209464026045695,55.17067710056336,-139.36607147175326,136.40509799034527,1378931.736925164,-6.485842078547806,61.337709031466325,-111.90854559173259,157.03141853941983,834328.3829228407
left,nav,1_aug4,0.27597749208388267,0.6251229131206162,-1.1551527606409224,1.0121462638651002,203.68713458716587,0.21280731982952894,0.2912061490809912,-0.2759702702753213,0.9246060082427915,45.9060578200926,0.4061932119237748,0.6029608539274681,-0.6872281905237554,1.4397543057358326,226.9839633631258,17.955760588628348,50.27461817697381,-198.74916422874045,137.21064254202474,1213960.3330278334,-3.1289109837833067,63.25618713178851,-180.108708685685,105.98842484675342,1694588.1332293677,37.44320305110354,66.91621468657674,-116.33654526774305,236.94269178184405,3314959.287961683
left,nav,2_aug4,0.10046281602227394,0.4777150850300764,-1.0371716049187623,0.5788620092158686,111.74969592351793,0.352098568221777,0.15325027229736843,-0.2975565588853759,0.8960084274741229,76.59405393807342,0.7718554672959875,0.1759853520046437,0.3798716300273184,1.1887031674644173,275.8410793318489,25.550036806123824,37.58103702027463,-51.02633987512942,170.58542489626274,889488.1920093219,-7.215672268463251,53.38591378117841,-153.47614933130512,81.01890784972905,1400031.9779016054,34.088737435573286,65.55584418773591,-66.24981628859152,168.3329265704366,3230430.688466314
left,nav,3_aug4,-0.23695033878692068,0.4285671386070497,-1.0744339407495451,0.46865780140867686,102.73985892547297,0.28110923674582994,0.2108810939463323,-0.6299853282763499,0.9626441866942024,63.74091416927957,0.8025457786918523,0.21090442558781927,0.27525983935852194,1.2782167344842184,307.2858452271899,34.34961092319038,53.87761367023673,-102.57588312171704,218.32361374884522,1716243.6268424774,6.147126423619752,69.02635400749833,-178.85319711311104,181.73410396676258,2047176.7267870903,9.91941281759621,91.51433285057135,-140.9144805680419,260.67210156495656,3579544.480140863
left,nav,4_aug4,-0.3907783590038209,0.40602208070642276,-1.2160371272435662,0.23811195144185945,134.54273116371627,0.22590756193185607,0.295503143869726,-0.8356788788081391,0.8332719902763875,54.53898331639304,0.8553588373835089,0.2895638989838178,0.08679966520118013,1.3937982371856412,291.1411886327258,31.750435452246176,44.35928039793275,-125.70274525694457,128.08313832869288,1154072.232718308,3.300942258904578,60.01602115425244,-147.45427993113316,133.46337576665016,1416050.7526727272,18.38055673433735,96.35350549833326,-133.5942409353039,207.5217937882181,3592703.9582007416
left,nav,5_aug4,-0.5360011412296273,0.36213635019402274,-1.1874844843824552,0.1613088389690244,190.69307628611563,0.2519972944266144,0.27011634947509633,-0.39130941852444023,1.2513484552581293,62.22689518439945,0.6928534549064306,0.26004220036755826,0.3240268562767944,1.5071830960157313,247.91846536500515,42.84023562691415,55.2166523319001,-83.19921733137465,250.87850099448565,1971200.487490286,6.2827573386081825,66.58151152308207,-192.55933752528557,116.67832097847206,2028768.2709473942,19.643657626618335,83.92000809042278,-181.43657326505712,223.5104358347551,3351532.9674470117
left,nav,6_aug4,-0.5228656576750131,0.3731413893563711,-1.1759224482223323,0.17781808873280947,169.44375332986598,0.2673546042630132,0.2895155486567708,-0.3283365909580291,0.9309392693226503,69.7628330298156,0.7448960030029982,0.255815645687977,0.3512700393481579,1.3451254076537,260.78117206053196,34.324659268697516,49.939191989755734,-80.9208613783946,172.5245285293428,1545193.262627495,11.738441874575233,67.15464284566545,-205.23233113408696,104.49955540388595,1954481.992378298,8.53971228527527,96.36565293714813,-212.6624350829809,116.5129663514772,3586707.229563483
left,nav,7_aug4,-0.5204551571567062,0.3797012935081182,-1.2416237901233176,0.13120654513760732,193.3506188963895,0.2386323643947028,0.301241034551916,-0.46232337748369423,0.7857498545516224,59.568700637292444,0.6919870181218976,0.2826781674237007,0.24872356647788516,1.6476239715011058,235.91305809122483,34.923084289754286,57.907291538946446,-140.30644182169522,225.99134537190486,1974925.225062404,6.281206742646672,68.74124487446332,-160.8065363509994,130.59106578030836,1994452.259517008,22.2925048236546,95.31080706749084,-164.35751041650587,235.8348930974208,4199745.973936938
left,nav,8_aug4,-0.49139847652424357,0.3882475911490933,-0.9453229396990074,0.800611440032506,166.26924741024223,0.29674057190861663,0.22763141383288157,-0.20369213413217613,0.8304826795281806,63.551329374287945,0.681355684806007,0.24311483789721977,0.2870181489109423,1.1813641248093683,249.45785002222124,47.94470512230653,52.54109634078594,-29.098385273939208,186.6348230942455,2182577.5112653263,10.006109231996302,66.19645195061048,-171.77876588941314,136.02801223746536,1994845.5643058291,10.811711484581673,84.87861298427012,-56.445740306569306,232.03655252454303,2152127.1527470853
left,nav,9_aug4,-0.5338807923466947,0.3585671778921156,-1.226154591743976,0.18389995672067472,179.78271494090538,0.3197528809947415,0.25820914728123895,-0.18370106705705405,0.7876488088299439,68.06442411797484,0.7050474968019061,0.22345954604969753,0.32454987901350096,1.2416499526616613,228.02299643672217,40.165182437887715,57.904717400048156,-48.929693659767594,321.00017460977165,2103711.110236785,8.586385698587328,68.12414727846513,-159.19221746241212,118.51659127391642,1914457.0608202587,14.20469504119285,92.6864118312757,-148.48968961750415,194.62961515224754,3998665.4356763978
left,nav,10_aug4,-0.45859837078488647,0.36885955375879514,-1.029057420299664,0.1869677335810374,150.4543491643276,0.26832910031461427,0.314728776889283,-1.1144530223659743,0.8473122031222938,65.23324857808609,0.787399071984901,0.22499086035213148,0.34827845581172356,1.2115840191434888,261.39045244146234,42.25954189031324,58.18465894100977,-110.07234486834675,237.5107197829946,2265704.181064773,16.203227902081178,70.48098988700714,-180.85928647051557,127.64815057772508,2294270.296046765,10.450126736996152,92.99116932242286,-175.248475511174,190.28549674435763,4317754.79230457
left,nav,11_aug4,-0.5864505745411107,0.3643521126367895,-1.2300567464072134,0.1196516137286683,179.58837668740372,0.2794625232171946,0.18590187757994217,-0.25478752227116463,0.8649524731057534,49.02601684220435,0.6738707295956157,0.22978069645639243,0.35094425780970595,1.2981315441989627,219.00680053549962,36.410067071953556,41.9205719748003,-19.704771517480225,181.71968337808863,1177279.965704906,-4.622414842174521,55.08783875472831,-171.82320034045526,117.64567668806683,1353075.58320107,10.043981283454038,88.39253381869622,-129.56704163679512,128.69565359611636,4278006.185878609
left,nav,12_aug4,-0.4377455359111502,0.4568977666794745,-1.4502588048531462,0.14246082374899055,154.0393361730358,0.2725844736480597,0.2589989143317596,-0.8067076148218432,0.9599377840214355,66.66125163871116,0.743420851718217,0.24964956042854683,0.09055414966594622,1.155868490856344,242.98339569003838,38.581972029306755,67.78008024442737,-287.4096444754649,231.91227615960415,2694750.9527589427,7.152327925872354,69.25889040573523,-226.1892936927778,120.00794827867131,2084765.1662986618,7.421946113369861,92.67813023037321,-176.40895369154623,182.64368343627098,4823067.754938468
left,nav,13_aug4,-0.42333342765616006,0.3900155035227476,-1.06993940025309,0.4143240269197898,124.48073647704382,0.31490098431377567,0.22190666808130538,-0.40591365522551814,0.9331028164190199,64.54821382614283,0.7530091266073187,0.2775621225978077,0.131529963591075,1.2640883757792303,270.4634541552607,36.700164733370606,51.98400486450085,-88.49458293482955,218.91213602295898,1609800.9634686143,4.525094807637959,66.09133951764412,-159.37171474282093,89.61281678925069,1555121.618810583,16.056878934192802,90.20622538752579,-232.03103178782152,265.71812880026874,4331458.868139332
left,nav,14_aug4,-0.4544495435167542,0.39492616214475407,-0.9367316559522882,0.3883892581786679,146.32324326498372,0.367000976113038,0.3075006558182162,-0.42539385467019675,1.8062037832540447,93.96581382048801,0.702092608289046,0.2576337529727153,0.2065060489483812,1.7930321852282867,254.1025555758976,35.92463393890663,62.70250226912581,-138.8456320682397,271.65324348796076,2287945.0437608063,2.8651484781969274,64.62344130002113,-156.64387645235905,143.2208631314744,1733153.6491404993,11.584312568030835,95.10017344074392,-189.58560537679966,235.67824733954984,4662779.474859616
left,nav,15_aug4,-0.4201679396169949,0.3857841437581974,-1.0413780910711337,0.024456764763009328,145.06951418429824,0.25912956356911476,0.19105739649686304,-0.5832051284156111,0.6671878603117961,54.39305414764756,0.737280229274413,0.18998292791301036,0.21469694377830467,1.1792064278491672,254.2616075726952,44.94261862916793,56.18676617098107,-116.37227423191945,202.6320607339557,2280584.094905879,7.880745556293486,61.980226110464976,-151.71328603710296,114.61461211758859,1581208.4959669611,3.4096324246399417,69.39103659112877,-119.90952296744965,117.8893498291449,2213878.2562353024
left,nav,16_aug4,-0.351652238895056,0.44594632909031556,-0.9786505702519356,0.4668655602988955,130.282438395745,0.336626304523987,0.2002834529412812,-0.2409634606209848,1.3516699136565657,61.3797243696783,0.7453305168894365,0.2153447202487701,0.32702605344876656,1.1552018682849976,256.5240537090448,38.608711860915044,56.08910922779776,-107.3032242213684,206.23356095326443,1920502.901528571,15.399297389090785,68.17140662137122,-153.96180143892437,107.7367409843836,1894659.9435772588,14.923216306082912,81.46690166648793,-98.46267492753273,124.9803358677644,3035901.7581175775
left,nav,17_aug4,-0.36560520308958194,0.4106890940073042,-0.9266247532812871,0.2336389119270135,119.91945491827829,0.3035082486809518,0.22873290822768197,-0.09054381726923974,0.8377761047067441,63.146960205495745,0.7120916482495815,0.23087011431707802,0.15844472570322973,1.307381343584272,247.68050788571045,42.6334264998152,59.491072613180876,-56.96695222080475,218.64664116939974,2076404.0917915164,15.353048962126422,61.81670835430126,-136.69263484482036,138.14443625957793,1687127.9965982568,15.714916836661963,80.3687426839764,-140.85895056779682,180.98766609696463,2967825.9827051777
left,nav,18_aug4,-0.3841027240582945,0.392968925526444,-1.1217720885714175,0.2750700891070276,116.33078474417245,0.3212268822751276,0.21410142352188358,-0.22342826767669519,0.7958866903780373,59.3468332583738,0.7536222663543174,0.221714578293586,0.30806069067458824,1.2490672378501233,267.19607062644025,34.90814491362126,49.0659320033636,-89.840519621376,169.5405205059946,1430373.25349377,10.411924803721341,57.154067748036326,-170.4428361928401,93.14292054222453,1541607.931129637,16.206146477516647,96.57602533785033,-140.19921496368354,206.30240589479945,3593069.479355175
left,nav,19_aug4,-0.5145104315960947,0.3764000483580296,-1.3545058503493705,0.24512305328095957,164.28316080702024,0.2774889836359956,0.376795989366952,-0.9357916874934076,1.2820663697491146,84.39527212162177,0.8174447661720605,0.29540246625081656,0.19608855844456763,1.7471261612897107,304.9381745287498,45.42375652396985,49.99072107918903,-104.87762888131024,184.8775885025993,1754182.248711768,24.755507013748783,74.85475989337678,-197.95622682832902,196.07819646499806,2714556.3617900917,12.861142211187978,117.47869646673787,-100.61682915804579,210.49484111980524,4555151.741890289
left,nav,20_aug4,-0.6603187969187001,0.3275234949093262,-1.0357103312719234,0.2058698155469276,201.3734635901729,0.16147599297610726,0.306493780294455,-0.572686917611547,1.0239458070791436,52.885533081759256,0.6527763045430234,0.2958093094940419,0.030699393319060457,1.440134739975121,233.92751136642406,32.71014557733266,44.04418124054374,-125.7427618986175,180.98104087075683,1232787.3845353855,6.906742226483422,72.2082345686623,-187.2616127752558,158.00450269912173,2238666.530467495,24.356083474920354,89.75375677790723,-132.98853413425098,237.1084051775265,4910245.7704689475
one_arm_boxing,nav,1_aug4,0.00922824726403074,1.1952096185551468,-4.007547682247313,2.6205768692346,668.675643394828,-0.28544361672529484,0.4990663582913202,-3.9390633209468047,1.4354383822192098,151.77617714053235,-0.47322535137039184,0.2679466831045101,-2.3905465328209594,0.455897234926312,124.38786850356222,1.3034695778775829,95.07961628635475,-240.85751015662893,319.2757211292308,4177246.5582289277,-5.721691601421883,39.82315077831591,-131.25389140791455,86.8954230828587,779556.2229687871,-1.2992283898214376,148.34726144695856,-389.48931184436617,527.5699551680459,9783928.260062631
one_arm_boxing,nav,2_aug4,0.5157025577569988,1.1271374397548148,-4.015101627815536,1.9693730117844612,686.6827974425117,-0.4119003547499042,0.7129752086989509,-3.9777934504547416,0.9917039254541249,324.9101796436897,-0.41749465000876773,0.26794583993555227,-1.866031901332402,0.9961845184259218,124.24411860045613,1.7276791872561763,110.62680742715783,-313.76281301623897,264.41885734829816,6174456.228544489,-7.28865210143247,39.95396035574282,-185.73007143956275,92.85542481446225,760358.8368841239,-14.05744516666779,180.9124268489202,-233.58235305634688,646.5770741607756,15483794.62316131
one_arm_boxing,nav,3_aug4,0.47757196756067455,1.2193376429363592,-4.080890257552333,2.8705774052080084,813.232948078757,-0.4678900596510685,0.7335124555028766,-4.000253661770306,1.6139011141699666,350.28098314930713,-0.37052216927048914,0.2833188715784105,-1.455221338722139,0.3935774140411108,104.11728821288236,1.15638464802292,115.46905994885432,-360.6295965594812,456.87330794788096,6413181.184794941,-9.253275423284276,43.15021477498846,-264.2384781626547,93.35356191142343,955689.0044007726,7.895220814010894,189.26634129111716,-338.3022647935097,643.2525616311225,17785127.774824772
one_arm_boxing,nav,4_aug4,0.4966270137707997,1.275436521224433,-4.04875795075682,3.1068859698982867,832.8880271860239,-0.35869513997869584,0.6803881610588124,-4.075249010500025,1.4724221007209854,279.5324358693725,-0.5142159741786955,0.32402385418007557,-2.1529429345281352,1.18334160662801,151.52447403230488,-4.250765922745897,115.53073349746128,-257.1501041248327,499.2539855787703,6043363.162246373,-8.807267470730272,53.74927747021699,-185.62961959776894,117.26868314271407,1295868.0045270522,4.541944297625355,199.25573308305383,-314.4182729363686,674.8978397431284,18007278.478428155
one_arm_boxing,nav,5_aug4,0.538518690680025,1.3167241989172658,-4.010994133766273,2.6599034440323694,919.4965522549245,-0.34551629809426027,0.890456699911788,-4.046583839154605,1.8871538263258318,424.8948674964217,-0.43112863871689555,0.34968839501785914,-2.7664430374820634,0.8232558819292523,156.57452887287167,2.506563265600645,136.83045543351867,-772.8429221293684,653.3845793319483,8607785.616056494,-10.68918069530754,51.48488708600213,-208.48292818055342,141.10739647886962,1514263.7771307873,0.22896237044533704,211.66072930846047,-424.720931013992,859.7135446989131,22010342.65825728
one_arm_boxing,nav,6_aug4,0.5192290391686042,1.3975897949062828,-4.033293743031139,2.237398323502571,822.6648516575445,-0.31643443861055365,0.9067467226814285,-3.9819433100493256,1.8732712608523918,336.50779761152575,-0.4778389527169501,0.5057821437822325,-3.6757625863383776,2.358164679587389,182.61090055181324,1.4593975261622305,140.49474510951075,-546.5697626489067,813.556596741489,7288235.572271743,-13.907264295978605,71.79950629517792,-247.4884473683084,279.3699439389309,1908208.487768841,-4.650510351195397,227.2928207015435,-525.2079289459236,820.8668348615142,19805250.2759364
one_arm_boxing,nav,7_aug4,0.38489976633390516,1.1474076950986698,-3.9622219151273677,2.1434255204944006,700.6109074520089,-0.44468044429575654,0.6500083045646543,-3.967290708426034,1.574581649619054,288.3449912490642,-0.4060607867263596,0.31250354988549706,-2.1906983390777817,1.439846537231772,122.21146837911462,5.957203767066877,97.07875919841305,-413.97973393132236,512.7469013716856,4597704.094588807,-3.1568797917552613,44.81902238008159,-104.6673352846437,198.328353769877,835296.9345314559,-27.39026823536921,183.7739682886744,-496.74025564056535,957.6540397951558,16919306.468238816
one_arm_boxing,nav,8_aug4,0.497426749910117,1.1947484870115272,-3.985485738218381,2.4357024407125882,809.1605619676568,-0.4041703991788914,0.6859240799754585,-4.102117563293383,0.9562821154689243,289.63892787391796,-0.3683491424833289,0.2897628465697094,-2.324191910164453,0.9987529341705759,123.04886516498591,0.9275694685818436,133.75809203282398,-340.6257536233138,631.468529310569,8326561.728873553,-17.56699466638328,44.77531516041773,-149.74907673933407,107.54290905906922,964363.3017416949,-4.441968009178451,198.5735486706544,-277.90171045354225,589.5978497163699,18181161.265750814
one_arm_boxing,nav,9_aug4,0.49151398882488484,1.2493508148446542,-4.000961537067801,2.895681568851291,866.0488095867669,-0.44824521564567005,0.7641413197809471,-4.049778636046449,1.23606017686131,357.6782261143814,-0.39716186921215746,0.396399986651592,-3.0073503418935807,1.6869546905499417,161.38244992099914,-4.975732202443942,135.07377824765229,-808.4347141315042,581.0462103799939,8406767.442972906,-11.107720965049836,50.52388465763261,-193.77496335800905,149.04480198490285,1316254.5712486983,11.857351664851699,200.5597464291245,-340.05117958999193,752.3028195236972,17821079.53680211
one_arm_boxing,nav,10_aug4,0.2673307862697604,1.1851208429712627,-3.991668579325052,1.7936135439476795,682.5781321550064,-0.5852743785633145,0.6086516231334285,-3.618199649036796,0.6194799566902923,316.9505292299959,-0.5521898132309577,0.33326159708683745,-2.4378220496256997,1.2899475573495307,183.35652759759137,-2.6863548161464292,132.82079243053172,-291.43536883129457,666.8685888958262,8793993.054026954,-12.63315620387562,54.00316652101619,-197.34748258004797,87.75220538168826,1459826.8136866589,9.963617040235185,195.83583644969863,-419.1715665749422,541.7948945783652,18751158.386318926
one_arm_boxing,nav,11_aug4,0.42559210031429445,1.020053002328539,-4.007055474881584,1.8059825386345223,550.2327185836176,-0.4373682784441371,0.6011188637856979,-3.9864206364677965,1.0712094286896334,273.75152187687485,-0.5032899592615542,0.3191337328982802,-2.517682311628419,0.7426638769369271,167.87733010250858,8.247736719505587,113.45280723556587,-392.42991664841253,537.2564622273295,6066048.912035121,-5.018120091423175,46.593594447805444,-165.06857421195588,108.90697551806336,988906.4412916148,-9.534095546293674,184.751681306024,-266.9870994644355,570.4835116731065,15682964.195549943
one_arm_boxing,nav,12_aug4,0.3988289928404802,0.9963105585870796,-3.9227947232887526,1.901272638364116,544.8909276247215,-0.48910708836914973,0.5818212720313561,-3.969535338795589,1.215135822277383,278.3310275706314,-0.43754152014459274,0.2741428274106078,-1.6359885955623206,0.2557735471901895,128.90656501145028,3.5771879118229655,106.39733482976929,-254.8988863204161,503.75786356458946,5296368.94219657,-19.37604939310952,46.61318109248333,-140.82968280780256,82.890726552804,1096145.8902841094,-2.7387785600937677,180.86797160249543,-370.15970209841703,539.342374807801,15202996.77932724
one_arm_boxing,nav,13_aug4,0.2972473335416549,1.2002726590783053,-3.94926275898139,2.0113621367249768,729.990026968983,-0.47137584300649066,0.7412611989517531,-4.000866274332204,0.7871022598860714,351.6140848940166,-0.6015621669422379,0.36648754428269303,-2.1173697357054238,0.6413084876141081,207.230242034697,2.7701390517810487,149.28884002292295,-508.432180461747,618.5851206114161,10286191.132221973,-11.664431607071066,41.32798055186569,-178.815125013739,84.16609382958409,700782.283175335,8.336269440521523,215.80051443524985,-385.2099593114475,711.8249930632721,20063769.177240923
one_arm_boxing,nav,14_aug4,0.45651722006442025,1.1872290769625773,-4.026721551316332,1.9305560334427858,733.8664731479071,-0.3888374875673028,0.7430498256287044,-4.02051370334385,0.6666995236560292,333.59502193982263,-0.5446482898787811,0.3259630006625465,-2.2345491517006084,0.8182429721649601,185.21696719178112,6.674176920683661,112.69910412929835,-355.8422394312896,459.30137432581733,5949726.089684709,-12.32224245895278,34.655308202402196,-97.88812985572251,105.06796318656916,559050.3923456353,11.247111937384974,203.18590628407807,-317.06655070885506,548.9729562890305,18825181.97420656
one_arm_boxing,nav,15_aug4,0.42985661062249375,0.9950439591363448,-3.1242382078201545,2.0724099235355546,538.2099507934515,-0.5564950244699688,0.5421821205794035,-2.9433012106757888,0.5897437797452928,276.7782930356138,-0.4784416718890515,0.2690140418350392,-1.3750227079018082,0.3989878313823302,122.63547236193703,4.111267997785062,105.70962581532049,-226.6644586095481,426.7319460236655,4899646.492808525,-10.992737482649108,45.38044893679047,-111.68578931617834,83.75332271615233,811334.0408186335,4.60702711381373,167.39823610781602,-293.3203475522926,481.12733302082466,11870063.34404292
one_arm_boxing,nav,16_aug4,0.3565457674706202,0.9226909843354927,-2.8148731286772417,1.459390017267709,456.62326025448294,-0.542159494916805,0.38168915721084984,-1.8721044744461077,0.14719480205850397,208.05636951931763,-0.46619448709286626,0.25335863444032736,-1.7676582497580693,0.2664215574029028,134.3871465671665,3.2304402370163867,117.42427135913863,-294.2013868217284,422.04146720642285,6387572.500690231,-11.713586828605548,43.71432084104394,-132.89335614650034,91.23347983107763,875320.75214415,-1.764740459843148,159.32763389087467,-259.1595498145332,387.0277920535331,12732384.368800398
one_arm_boxing,nav,17_aug4,0.450540635280369,0.9493661823356191,-3.431935092627815,2.2924305715553634,536.8492997582437,-0.46337113832112226,0.5188490696886833,-3.313281051372694,0.5121407179030595,211.00722385858677,-0.5050086926651103,0.2812725916098909,-1.555741617707262,0.8437848221409433,168.22923039981202,7.634826128774273,117.68922236692663,-263.255909882281,560.6552972186848,6078005.7218242865,-12.933655867612488,52.86856378947569,-165.62009867391092,127.22569109470987,1347999.212964272,-10.527383934631876,168.36764741522256,-341.3283871288293,392.2749944575359,13445246.499283653
one_arm_boxing,nav,18_aug4,0.49550093065233836,0.9155079756400742,-2.5109861490799954,1.9919555328766707,493.8321241165317,-0.4253299759344808,0.5105859802255525,-2.020977883002214,0.6823021086909021,207.90582894370687,-0.5149532629894852,0.23865408327935653,-1.1950020892893385,0.059470321532671934,141.65042967604933,6.187222886738193,112.94788540850995,-220.55889869569796,372.4384523895296,5741406.825142316,-7.860741727111612,37.389682712098704,-86.96569578035223,78.7674432866937,743443.2261221125,-5.07100884769672,169.9110517411019,-339.9637842384641,484.05353624390335,13784144.47640711
one_arm_boxing,nav,19_aug4,0.43722938396159644,1.0623580211214139,-3.2536881829132644,1.6830204171057812,617.349021545531,-0.3539200741806168,0.5117466515169008,-2.9957765278725317,0.3998494264422089,190.75565530564276,-0.5250704122652156,0.25599089073983156,-1.3180606424749501,-0.030232262348108194,153.26410708101412,-5.47640511649439,99.76740214821703,-193.79876013922888,270.78752696058814,4560057.660151383,-15.810257432066791,61.19117288565572,-117.00152605796264,94.2340155920294,1754446.4877089714,13.044681761243277,186.67484735953104,-366.1491868539682,483.730850359311,15037776.911865747
one_arm_boxing,nav,20_aug4,0.4639030976503628,0.9627995331126238,-2.475751498792355,1.7607802347352173,536.1016550146159,-0.36640506678062107,0.40285020434119273,-2.1701559600539975,0.24713567401646813,143.87409608284324,-0.5566419897916411,0.2589916276603384,-1.3812889338235623,0.02371634985905584,166.61325093585705,-3.493985325893577,102.63471815069771,-188.0227699636485,268.2383541409094,4783188.60642246,-16.996784783680596,63.89904489581696,-140.92408366993698,130.08695638788373,2174080.851172257,16.796342816469213,153.24205905945118,-284.6841419591722,383.71751786542103,13212711.931269439
pull,akshat,1_aug4,-0.3467286524318566,0.6881225414664119,-1.0430332592301927,1.1434104555179987,281.3195241684588,-0.29754724458129034,0.22970374722807244,-1.0733121354541204,0.8390264288520016,59.485541856330556,-0.4650316804886234,0.23090222942585134,-0.9245785674557192,0.002170182198345926,146.12885157318766,16.99782811516967,39.58917801079923,-36.65851578896427,179.1334255924852,890229.2615997525,11.350185357158747,64.92136988801822,-204.12348307274544,142.0053936903591,2023640.047742821,-0.6028963534992849,58.89720859993825,-116.56754775048542,250.4051109642137,1548965.4111632772
pull,akshat,2_aug4,-0.3064560505899113,0.6496064108170501,-1.2179045422092545,0.8808525582556367,248.61459740631017,-0.28655471231498614,0.27562299125403106,-0.8548212124045852,1.146307706767162,74.6716710783729,-0.6194874421202328,0.22985702939103742,-0.8707517697663889,-0.20679909174303138,188.2870605165819,2.3984583574735723,20.902143374153493,-45.22587149549949,96.421060674219,244514.73078170433,39.25800295318524,48.92971316542934,-37.70159176690657,135.14383995162754,1787466.6464511603,-18.821745596657045,38.812669039557726,-134.0958601459273,165.02756193414476,1425613.024605085
pull,akshat,4_aug4,-0.14741589080139603,0.6689454470212505,-0.8548149152670802,0.7553768663340578,242.72793255202248,-0.3076188388719714,0.34484833783915736,-0.6314358058543764,0.8290101851586575,93.79422139144935,-0.5605542267637087,0.17774876826984218,-0.9402690446248672,-0.27327713644367146,150.48031636415755,-0.9844944894375859,18.374684452439954,-72.45317874647127,93.01270525436829,68811.30402447972,20.385496287234837,36.67894102351629,-2.6145554877062622,145.56376097762094,904734.9206567572,-19.932724373802856,37.16463651983693,-184.74427134526502,72.42003195036649,752889.8381469129
pull,akshat,5_aug4,0.216360209313601,0.6294445635391084,-0.9819773638123277,0.7952869060001116,216.91614342620755,-0.21738243444862135,0.3745772173950684,-1.4145550640667008,0.18253651214599598,82.3992805722642,-0.5857108259523636,0.1633117595940694,-1.0639814896383137,-0.07169767526599675,211.171169876328,11.203307316125859,53.87559539284502,-67.36593519467375,275.55932767303676,1558316.0289021106,8.198740661016076,54.16949614863099,-138.57742922353597,128.4980508900348,1409729.0746715015,9.2428097839445,66.43622103747335,-154.9756256176297,283.74719184625593,2537371.3224982913
pull,akshat,6_aug4,0.34785527165671815,0.5684880102999849,-0.9131441260537299,0.8372239499313602,211.0265593260574,0.05688863553913704,0.39285304861774833,-0.7077818773320916,0.8822115413731754,72.41594670454259,-0.6197502673846733,0.152731933333204,-1.1851009234374656,-0.23451608682870648,207.07700622139933,0.7001450731145866,22.014924929097322,-60.760504683943964,125.48614143361162,334976.97049297346,22.840864364762176,41.06047959182563,-39.63869918172682,161.33350217043497,1008332.6438538145,-19.95597647608571,41.66056869549444,-133.25852118840135,72.63156401509318,1739916.7440006034
pull,akshat,7_aug4,-0.013273783312279783,0.6809712327183304,-1.237996085906154,0.8262380698479385,232.6712452165484,-0.14751798643985506,0.4695948251811564,-1.5241275992385905,1.054696541886904,113.97303249751883,-0.5971816123103056,0.21692140430475,-1.094117560642935,-0.22870118731501976,172.0304586151385,6.883319939622857,38.69074599243917,-89.30985164452899,175.5366125522287,971451.988819239,8.108820205124204,62.875168063945154,-179.02772483970594,131.39224698871965,1978043.8818336492,4.077986073233585,77.69808759042505,-186.6093414528459,223.17005795287935,1233119.5766914794
pull,akshat,8_aug4,0.3466695011505608,0.59332781174609,-0.9178399146284374,0.7642776180003598,210.33793142951768,0.005020381213690433,0.4517358026999448,-0.8047551942131238,0.5308006321147285,92.92597206737051,-0.5730789983055221,0.14766435471254008,-0.9282581526996342,-0.23367866368638562,172.95266662027896,-4.7768263658663805,14.00163101668881,-80.05334875879569,51.355228213862816,94807.87177476508,20.275908382177512,36.47627845660054,-4.405359861862356,123.45156955134661,587604.2121887072,-20.72993711614412,32.285289085678016,-109.68196357207702,-2.204744940663697,1145293.7018279436
pull,akshat,9_aug4,0.21490045715704006,0.6273849182835081,-0.9564180807156373,0.8279910616341692,211.39112785160256,-0.08195722518729695,0.4367539806324628,-0.7300582520320917,0.4668650981596622,94.46255531459106,-0.5816784991193381,0.1461614071112433,-0.8849682464059544,-0.19506687072596357,172.7921322803847,-2.791480155690056,8.88553572136007,-75.77834320224791,39.917651904150055,94127.41030949759,21.184232612264648,37.29183989668044,-3.1476854849370235,129.03766683634927,783429.0826901187,-20.261324321715357,31.04111228607165,-122.00115858258171,-2.188632310653076,805090.6424183545
pull,akshat,10_aug4,0.3507625031453602,0.5995176652574585,-0.8718260917070103,0.7987003172457714,212.99109593739934,-0.03506579216435662,0.3776860386134904,-0.6308341797049002,0.4096244871318059,73.45976589065643,-0.610249134300573,0.12483700250519437,-1.0092855140063124,-0.2279717428369636,188.00014603964038,-1.6532348303604918,11.696818090040326,-54.320346309835976,30.222989529599992,28572.625411210323,23.05227462292702,35.63181451450783,-5.274849458329097,120.01997760434934,811794.7398078138,-19.154923623979034,26.099046029047784,-158.26752885618635,-4.841998559442574,485567.18814512435
pull,akshat,11_aug4,0.3046476195059794,0.5432753784206705,-0.8614279117458392,0.856811866053657,172.37775524807944,-0.229869612442515,0.41481571985016946,-0.8641130777822762,0.5211149737323683,114.01202536086666,-0.6152004965542772,0.1625256417832561,-0.8972133154157665,-0.13122802336366501,183.87145861389564,-4.155212700821242,17.702709843161827,-52.5896643561812,74.51289374885326,213035.56585257137,20.297193949903264,31.465811278113158,-0.058769460413945485,99.82909009144699,597038.5114205059,-22.405213330074055,44.31229289524884,-179.66171275365156,0.7983200614737225,921928.5575701323
pull,akshat,12_aug4,0.3282820574568223,0.5945754876386945,-0.8870374261529325,0.7955965098470498,222.06990922261693,-0.09393797931759536,0.38772916069600966,-0.6076833384665837,0.6872730819523113,79.29258973691473,-0.5977162891353422,0.1634203221292379,-0.8983910655395829,-0.2410265486353435,188.34641882946138,-4.176574565894469,13.920642815794695,-57.31008115539091,37.9212726162086,1928.663523780153,23.427940789143406,26.59694246030016,-17.833370445233676,92.73548429256576,757479.6111439309,-19.654719370580455,32.500847043776965,-121.57663399731636,108.16104336073485,319086.7063574459
pull,akshat,13_aug4,0.29196375328967444,0.6106412837239371,-0.8913209256446698,0.9156533081169145,223.07083653890007,-0.03350827670137388,0.4966995613919367,-1.4901416304709205,0.7621171781506901,120.89961872886867,-0.5601109604228182,0.19049570020577467,-1.0313789143550698,-0.09717286150650142,158.3791191876849,15.182575213487393,58.99087510465956,-116.8111684494276,339.1112706867867,1855388.838900071,17.90349175407902,46.45027158594511,-100.88729810248269,129.08813366217078,1305983.8017470608,26.320263256378315,575.9607994327293,-131.53054210797598,12472.32122470089,158456021.28769046
pull,akshat,14_aug4,0.09599667561948752,0.5820222128613769,-1.3196252886848732,0.7077368431188072,178.93481469157163,-0.293146450485224,0.4895401164148583,-1.2470205935871934,0.5560369664964615,165.1226275019268,-0.6191034638145267,0.1935298387696597,-0.9728732996749595,0.06160969310875257,177.55999796928305,16.92762745475138,56.831779830941386,-123.4808260271263,246.56768039110457,1432747.5954969823,8.901088826035682,53.75853492574567,-121.19594691412051,120.47614594105544,1199448.8098165223,8.42571109590593,92.4909458465593,-203.2966998243555,336.8999968432497,4590570.3683168
pull,akshat,15_aug4,0.25837711007052283,0.6108105901764116,-1.1609440983816044,0.863142428285042,209.08655819358702,-0.09078323695597451,0.5308324865342864,-1.405155025713221,0.9378039951740621,130.92301417445069,-0.5110825333679174,0.17999805719073073,-0.8765484520989154,0.07979199515778863,144.50191918980536,15.77027102684144,57.934966875007724,-81.36039657642947,308.2486323166109,1611554.2880157938,10.846051951305759,51.141467370229975,-136.08597146075437,141.07310213655475,1285763.74101895,-3.9897197583828445,86.03215548910174,-162.24426775368516,373.8756831001867,3305964.3956472497
pull,akshat,16_aug4,0.14183009796029647,0.6183701959601666,-1.1918521539673745,0.8487642424869322,194.51656004447602,-0.2016599449872972,0.5392632581520652,-1.737262846273392,0.5795873558694071,146.06305203699662,-0.5944824861202858,0.1852310730860879,-0.8563541742341646,-0.08496564282880134,160.22358886297147,14.050418378594085,57.05960305857905,-162.8100999204944,267.1378118334896,1674201.3527304428,11.560905392609621,46.915622813273615,-123.65500183950839,127.99241391923555,1067257.692272453,2.161533923936226,92.05443748746369,-165.66384286160314,365.64216257496565,4550541.5266757
pull,akshat,17_aug4,0.01742281520804704,0.6820200536425647,-1.4143833482292585,0.8197408435923371,231.06939486210024,-0.1937998588115244,0.5476097483366187,-2.010474532212867,1.2103526109356553,158.35262712307636,-0.4996919894490565,0.22972837253085174,-0.799301449548947,0.1535593515307613,132.81182156146923,16.75906019087499,82.49994795022671,-113.46399296037649,397.89756055670495,3174537.9069148344,19.282413712487383,44.616005232416725,-128.6943579434827,139.8796277845186,1107637.8289039922,-0.7858972999243122,92.37049155589513,-117.20058379902943,358.8620576700609,3613521.8759746505
pull,akshat,18_aug4,-0.19381975550703442,0.7067357203431605,-0.8937994278745233,1.0002193646069684,246.5332017875538,-0.16846605096009498,0.3191894056741819,-0.5351178374318215,1.062529572342361,65.69420926553866,-0.5933012691093799,0.2532865695553329,-1.2537786904186685,-0.23038527086648528,206.21343142202304,-5.37997845673928,17.977394108086724,-90.37369632760647,73.61668797687958,128058.6464277928,38.5898714966887,48.37630791008074,-19.522783239688728,177.7183034769051,1699357.4640051043,-17.409871736355328,26.80988227905283,-143.77453155863319,31.213204617318162,679650.1071443117
pull,akshat,19_aug4,0.009214359990960031,0.737681668318952,-1.325330532073294,1.0139176302377435,243.33135411387525,-0.12451068765664515,0.38326938277690725,-1.42117711228778,0.794673273907437,79.54635509733274,-0.6010346740185082,0.29236422670957946,-1.2810332423112354,0.08547035156504132,179.17478119848025,10.968799255805363,49.3330582411902,-80.07544849482724,270.01234158593604,1290463.2220367715,10.884866415941724,76.74954126524197,-241.281286780164,164.33703998566276,3089570.6723191133,5.083026124685778,70.09607704922753,-106.98738201955328,332.34106291074795,3012556.44457741
pull,akshat,20_aug4,0.001844951511848849,0.7133351017581532,-1.1207630455933009,1.0361411386866275,234.35475541589273,-0.1228434738373614,0.45770236599346914,-1.7734521407570323,1.4275359081193446,102.2602405225966,-0.5285168085493573,0.30388142150713177,-1.1862884622280652,0.17256446994639682,166.83567253901768,10.108597658806532,58.36687721525144,-99.03985229740805,249.43905947078306,1460612.186181519,7.131614882709497,79.92575411777094,-243.59615877827403,151.81710511945283,2834723.9394060955,5.74439226055201,77.94862692386222,-102.36999831850673,317.2656882360882,2783501.1299122525
pull,nav,1_aug4,0.23214220661185475,0.5414202262218886,-0.8438026910575663,1.2417941569179365,150.4083366778696,0.2825013394851642,0.16560885382460921,0.08634571071801804,0.764178235446759,38.176376269093076,0.7887158446162496,0.14798720854085132,0.4185173110923185,1.2833506233446412,258.88420669217356,1.3467248260628586,38.818150175699074,-186.89825669374022,118.92263961999099,684294.3204988064,-17.54036265284102,45.47538406939716,-172.21333447296047,44.551713877619456,1153108.9303313228,7.861099536362467,29.050924048195625,-88.82463943651078,124.87469828999926,365400.3078320044
pull,nav,2_aug4,-0.1042934812239089,0.5401978847458199,-0.9979812288595358,1.2643544121216261,138.8269777120718,0.25255114212089574,0.1745001473718642,-0.24684744366527622,0.9058864935932305,42.2952985947767,0.8802547495840674,0.21408545126641054,0.4271404318223083,1.4324864338697314,300.25960505241324,-2.7743654025864233,47.17883297989521,-150.81098892574852,196.83507463327052,958727.7372525882,-39.136968872750224,62.52306167808801,-205.6219316336001,35.709130574576236,2337845.0582554387,21.561288543306414,39.3031330925302,-70.45134790133835,133.0561519187169,389118.2451223596
pull,nav,3_aug4,-0.3589958522033367,0.550534266201274,-0.9821338619853429,1.1991365648173078,200.02540305224895,0.29421983791130124,0.12449271589765909,-0.24251312379030981,0.6997725901594012,37.463592941942665,0.6787723889467024,0.20949047948887914,0.3795904513843366,1.2316312248424839,218.28587130399166,-0.3740771564784994,43.98204298911621,-230.4682353836855,135.91192994946366,505523.72813439596,-15.602367743553451,45.52731329560488,-172.38513950712888,80.1787506026919,1195455.411685499,3.478028318503413,42.82010535855342,-182.14161808062065,91.47655607035247,-353986.36173032934
pull,nav,4_aug4,-0.27787413764511787,0.6104234974161205,-1.0245580034260195,1.0106479080799025,196.7698306549197,0.34923894199905764,0.10099188018659973,-0.07582542117823297,0.741136781478154,52.62984416704378,0.6726685859115267,0.18174503609680695,0.4859481154706784,1.1241203387965355,203.09709368106795,-6.039233645619795,35.30032927797737,-177.75402268216556,57.43027616191584,409667.12961952516,-16.720286959318962,40.00567796990321,-135.67707402698315,63.21783395320266,933175.453906015,6.879105163531137,39.05137736253825,-113.50016759831495,71.36139885834083,676104.9159736335
pull,nav,5_aug4,0.10766211726862601,0.4613971374642637,-0.8398365901041246,1.141332110389094,97.17675435389812,0.4718749468389928,0.1156772480749756,0.02480125220459206,1.0903011722134028,86.98559461954467,0.8241841330690357,0.12498022760759078,0.38972220596234886,1.2878758862044797,279.42444174589286,-0.5801257979085253,29.651633690882033,-128.1713367121215,114.88999742216973,343535.99805846054,-14.64125909642036,46.619425328900554,-157.22173730636183,113.70127765519746,871419.7307469327,5.688885107969507,35.51409433285856,-116.4591489361274,91.6970350885262,1260434.168789317
pull,nav,6_aug4,-0.005742829608510068,0.5001558011971772,-0.9532911236971247,0.9698878313394127,102.07620191371507,0.45522747947176756,0.16089429458531546,-0.12189747996562747,0.8421734173372839,97.29942071760445,0.7279136536040264,0.19798164172588115,0.3025795383360175,1.294074760403417,255.70020461832587,-4.697089554999524,37.13334073074625,-197.14538874889652,59.43048444912375,528968.4547103674,-14.177369068969407,47.250730827556,-209.87551849990012,75.56980383812324,1143532.036669937,13.039729463694059,38.79406933210969,-188.1419139789362,86.92842055513472,374625.51421016623
pull,nav,7_aug4,-0.26714916600882915,0.6667483807095402,-1.0726245463531385,0.964055112276351,202.796664944458,0.3375832361562831,0.1331318665866604,-0.09573113088130036,0.848019444331698,56.27233136992277,0.6211667926227483,0.2369657982693167,0.32397071217862616,1.2797574327350523,185.06586565598414,-1.539837931101896,29.265298022770043,-170.2852633431721,93.49357378898762,283967.1224707222,-18.089584670604214,45.866971308391754,-171.77618579474478,58.283004548369234,1128517.3401871196,10.423261304542208,32.06289921397019,-58.39810755173572,50.56691190738156,378842.37379786465
pull,nav,8_aug4,0.19699256269917254,0.45240774300685604,-0.9566947290212124,1.1439212788763418,117.68054553473459,0.3335322866222556,0.11181141294422756,-0.3283433953772822,0.6986119251516391,66.7857864267469,0.7354180852405227,0.10278012293717345,0.40272236306922443,0.9911292301611029,269.7809663029104,-1.413575915069495,31.51719701763522,-156.16578757676987,91.7801440023503,580684.1182975147,-15.837637982666868,43.50551849177173,-132.20264156798987,59.72681392805072,833438.3314090031,7.385153943835554,29.604064686120466,-79.49056964881538,121.48297228000744,-91712.92148812959
pull,nav,9_aug4,0.041437183116288495,0.5646699769881139,-1.051122546420538,0.8881809431609848,131.61482957823125,0.3998394971950668,0.1395347841903086,0.04092528423055583,0.9406836669375057,84.21871366341563,0.6694053603357172,0.16745900767679792,0.11799737093880211,1.3537301772693595,246.0304756663108,-1.223109731182636,46.53299655447566,-321.85546993979506,71.78351126345444,756070.3881114196,-12.024787991318677,54.510288481906045,-169.71960717710286,103.59498240358771,1276824.7288000954,5.202831001886925,48.131924551476615,-180.04524313966655,89.66100748568516,828933.6756959169
pull,nav,10_aug4,0.12065628590943804,0.4843170537270564,-1.0250694965729097,0.8820084170978124,100.84272600921332,0.3906611049939121,0.1068986734151739,-0.07909608063129117,0.7272174636464104,66.54591618527142,0.853996935951636,0.16378809865603994,0.34016397361698303,1.289555424855119,282.556559197559,0.6983880051268382,40.81196158164186,-190.48866680971886,108.26936957959188,602914.4903207727,-14.227975878727962,45.02091716422461,-201.10499640242287,43.871732189238244,1040945.7094204153,15.020643409107386,38.97039860562545,-32.76098372682613,154.8140696496198,-815745.4808120568
pull,nav,11_aug4,-0.06668197440005977,0.5478082818354814,-0.9197874603256098,0.8521292935722571,137.80126127727956,0.3387579437150804,0.21310887057865818,-0.8471273720327958,1.4340350681497842,67.54207465201509,0.7117349665536727,0.16992946020876887,0.4258881916190111,1.0259019651388142,240.28858937127384,-2.4657135779346078,40.80903181029672,-116.6922035999564,190.9221195865851,843735.4910288717,-7.091631095791948,53.92188872669497,-130.4945677358139,83.73489010539102,1353420.9094017097,-8.029714217424301,34.02416579381464,-72.2817447273267,128.44999323270017,349659.96036171715
pull,nav,12_aug4,0.14500000558563161,0.4825509111952455,-0.8838947629266433,1.0610317126275925,112.17103089045145,0.39339609301025,0.14619866009477442,0.0690727649152306,0.7135418985918663,66.97099454843587,0.8032487155293717,0.1307474548901344,0.41771458940921186,1.3494176937469486,277.9120667615202,-3.8235256705693286,27.005055404614744,-67.2824269460377,91.9334312488404,333332.9367018378,-14.623641655024528,48.61545830364678,-149.50726384738473,96.55168396941657,1082612.6039339788,4.873051838894788,30.620581196630926,-71.24101998064879,108.65071847524085,953050.641046841
pull,nav,13_aug4,0.2609832161981704,0.4550091725459953,-0.9282900524667393,0.8109383968035114,120.05202745442692,0.3608381102756829,0.14921036950703975,-0.08268891794823345,0.5247947625744644,55.15033366443567,0.764542692286251,0.11700921854869124,0.40825381801767846,1.1951682739762377,273.72048876842166,2.934314688400794,22.092258710329403,-138.49702568932327,63.234816568027234,178423.40941744176,-20.767883227741073,45.49168876864172,-170.98639606177005,79.30155039371218,918772.2100106406,7.168944371726969,21.783943323898185,-84.68673765966872,61.109201939067106,571824.5168555985
pull,nav,14_aug4,-0.08449020513698434,0.5641969560967809,-0.9013670575161894,0.8703420040174208,136.4618321405941,0.35547629641946,0.1417711314571693,-0.11615401669038591,0.8663897087895109,53.3891715416223,0.7346707765243399,0.14941654685518424,-0.11630628557606906,1.1082756620007617,250.14975112164458,2.456841027406862,29.09655582148657,-130.5284255240548,123.10244223628946,418370.7598891904,-2.3312905364075855,59.68822240885858,-146.95543654282199,129.3142960793726,1686924.4566364975,-3.753770858367482,39.42799772472356,-192.22180033473487,70.39091003606863,826205.8362160645
pull,nav,15_aug4,-0.2831611253222565,0.5931363605476231,-0.9799602094191334,1.1075095320314279,186.88868208395746,0.30637317488267607,0.16421335915571666,-0.19735419697768553,0.7328276480237125,39.970853710894026,0.6536690350331632,0.19463338387327883,0.3893049836350536,1.367476221203487,211.49119526017395,-2.3833518187916645,32.185297609160784,-109.4768026101252,80.19912309739584,557441.5643503859,-9.027674462305733,60.486684315737264,-202.3444053383308,109.00346058560376,1444527.981776478,-4.282738249026442,43.868983214084274,-91.52148012217805,140.88074919472692,-90458.78170112555
pull,nav,16_aug4,0.29053646889082146,0.5533590245441239,-1.102628183803885,1.2091020169141935,163.5389240602019,0.37086949782657175,0.17891265700931733,-0.47248190294602266,1.2898089301612548,73.99767805121105,0.7191116158483484,0.2033405167443381,0.4374697056923251,1.4579218613549771,233.08339212788468,4.20130414142821,29.084358092870914,-117.90169524207992,103.5178184810636,414945.24233328423,-14.106817765548634,56.7875755587731,-175.13582159135234,151.51451058395904,1419131.9495934679,0.05024326173022209,46.744101901851025,-124.04063864588142,73.77383014729865,-557095.0729841338
pull,nav,17_aug4,0.1697400798237936,0.5092776326083314,-1.5195037694695812,0.9023559982564061,113.279224774895,0.2829046594088706,0.17003513107103105,-0.34317203531534374,0.797247632605986,33.50840040333926,0.8404349375002782,0.15762143263184208,0.3911201769418768,1.1897590013946258,289.6595185956623,-4.2493671913009665,49.14500688159345,-315.83025669943487,110.25559672506407,971247.6874243617,-2.7047253951093335,69.66634341819235,-150.86468545828032,161.08929558920863,1888311.626959815,-6.697242908251171,49.39621851707704,-50.505003060646104,80.64219914865893,745040.7197859747
pull,nav,18_aug4,-0.08088706406396508,0.6147787265413858,-0.8696860418251405,1.2326779664281051,175.33316172034372,0.3365462333126527,0.1739778936162967,-0.875837367193507,0.7653606283909399,51.425561507497335,0.7570164604296776,0.18436231350241017,0.19743726488004515,1.3532836217937267,236.87554617769416,4.9960461672990455,41.129028051516514,-168.6966402421403,176.69140156547144,807686.5466586304,-10.630079990247157,53.15966200524074,-179.1034614902305,95.96052620641368,1322072.3191947944,-7.399586486694601,50.82309397558427,-170.09421296792655,33.2328804515924,515256.2918213182
pull,nav,19_aug4,0.1664794070971382,0.531125514280379,-0.9869777056722026,1.546662809366332,141.40143013458695,0.4143472337941691,0.15087907809456017,-0.28658352653390606,0.8561586317376254,80.76042621885298,0.7646578111938382,0.15656424827848658,0.46734317613036064,1.4465796822776151,228.51283131302014,0.8873544414722818,37.072917696103055,-216.12309819067661,123.77322771218024,453644.5517804181,-15.239106959659397,48.780364458291416,-155.8199011109663,106.13702540017408,1229518.1201574195,11.481855566787416,30.22144290798132,-109.42317719052097,150.01964834557714,1310005.5711499318
pull,nav,20_aug4,-0.018813552812605994,0.6367957928330346,-0.9328163991425759,0.9488686023633986,158.44759377780184,0.336807972938738,0.13092665435920733,-0.03706588929971758,0.6025824788105982,55.790750463338384,0.734992414223526,0.18270021845300902,0.3526095959825107,1.3235631382318507,245.195688355607,-5.0196471989623195,40.287253196864725,-234.445337031526,70.96247066360314,544150.6366103168,-3.195286684870866,62.063840686980434,-153.35695768066788,131.61071232854835,1622175.9285708328,-5.997425345276145,53.77042969568607,-136.90691024966333,55.38862271553912,1256395.2113242117
pull,sai,1_aug4,-0.6349404389067718,0.4309040337718458,-1.06049219506364,0.6391130451014289,381.5499888720519,-0.49076664019123994,0.1621501212023964,-1.0514621247616192,-0.026430535211890337,170.68882874780113,-0.36809520946129987,0.229383062171186,-0.9516781948183628,-0.08789259091408533,148.1259531964992,-3.0459523360743885,35.01596580572095,-246.91941141546044,83.12552909904335,928365.7950895397,-0.2662087078246426,31.158714270060592,-93.77910227331776,113.41413295762143,677232.5102820502,0.44234778448810824,36.04436211024221,-82.1606895938626,137.8883880491244,1421856.7587838478
pull,sai,3_aug4,-0.5497172451983441,0.45878411184137113,-1.1011891252755326,1.0811490358614244,352.7659664659004,-0.5516844277514182,0.1822185784780604,-1.2813734434374329,-0.25923358001350666,215.63784442215,-0.2662791873629093,0.30199005219966385,-0.9503408472187419,0.26262137460329793,105.41652303715112,2.694514414009135,35.81151208778213,-102.29370491214316,174.5528163392247,955329.217620118,3.623854689947658,35.23996003781288,-112.60599051254039,97.99015008287688,756053.3709688084,2.346450819342984,50.88803112180556,-54.06882588366187,164.38094524034045,1142092.3972579325
pull,sai,4_aug4,-0.6445848006584862,0.4308674834721576,-1.159086852983565,0.826093632457832,426.17684869656296,-0.5225846550944205,0.17902648461844314,-1.4764361699366677,-0.08192141501588224,211.81694293944142,-0.259213770991077,0.25524098741611284,-0.9815754720350411,0.6785692171382502,76.0257939823199,-5.123538587047623,72.27041572835932,-393.86635926789796,250.10011309676503,3822289.1675444753,-1.457864122306103,26.25826762929357,-139.39829632409595,82.68606492038361,698596.4603922792,-9.398457962530973,30.689206451522775,-173.8937447928841,45.70865073744894,613683.7249472749
pull,sai,6_aug4,-0.555040844128158,0.41024055968976575,-1.081033226478949,0.8906588047537657,311.7474490707512,-0.5870668037837308,0.15755523938826185,-1.0927859664071593,-0.07510102959500872,252.6134050118205,-0.09826544359464255,0.3985014609148455,-0.9312205079268626,0.7330066408197843,116.79789803344019,4.564363960614201,50.32122275640157,-272.2363397143018,169.04163984882928,1532082.263136834,14.328399012025066,45.07150709935522,-65.77627163685196,156.76199065083594,1729835.4427760434,9.482291412520153,53.217239027271674,-140.1562181716105,92.07362678723689,766836.3671082315
pull,sai,8_aug4,-0.5930893635806007,0.4611071213171436,-1.0575659287976615,0.9659053592803875,371.55097123482153,-0.48578396886409153,0.19293244724320033,-1.2822366586325153,-0.15554119273435585,206.54964634217262,-0.2007986628660235,0.27466716002871877,-0.8986164238472649,0.21549351479834303,91.82067694543726,1.2935006504847744,36.71458998519466,-127.14222857582669,152.09576578872577,937070.257595258,5.936206556067517,25.887003938864908,-52.66096929823507,98.54427273295876,676886.3462776954,2.369825104501209,49.17004307461663,-79.71922399120761,99.99649914402585,547565.6016816242
pull,sai,9_aug4,-0.6740920222752775,0.4334123554063484,-1.0456121191663357,1.1813474466654934,408.4028385315948,-0.5265465516272516,0.17759499929447597,-1.2235612049555802,0.5752420167097902,234.36224059649174,-0.1806541280593433,0.2687276279107166,-1.1061576964517634,0.3927437981685843,69.39911854387323,1.882535874893642,56.769025380607005,-241.10484062872936,300.7399732087689,1940324.3365315043,8.694313315610879,32.77325929964988,-49.261468189928756,132.99614082792303,618244.8876316042,4.356703719127607,55.48577605982219,-214.5746601937705,173.91091586739324,1060525.2149217175
pull,sai,11_aug4,-0.6257412006646198,0.4806756146065381,-1.2198524177703964,1.0584526036580317,418.1433706816993,-0.5308818630139275,0.1986346499130123,-1.2308355237283684,0.6963969805055642,186.0131561939618,-0.30015646477967534,0.25938595948576015,-1.6393251861379599,0.15530877505031576,100.96141970064234,9.792676160792624,38.372460638041844,-159.69913088314306,173.0866572580215,980289.7606223198,5.883982677649085,32.20867500889204,-70.85486740202819,124.09411686759,733781.4552029943,2.193552668262433,54.08376027235958,-181.61242365463306,130.6968242130964,1684151.681695493
pull,sai,13_aug4,-0.6484365510925204,0.45312941040832894,-1.1575904708104094,0.9588764725134766,382.180393875321,-0.5216139005975281,0.17561676351657987,-1.3231655454881557,-0.09467859114249362,208.66170181733384,-0.2673390590165864,0.23445505982059925,-0.9492185387977491,0.4584172582133331,79.41089822160312,3.47250247538151,34.724237894447064,-73.78319877364571,149.14253422388475,738818.6949328177,7.885054445838304,27.171876135436182,-47.0864740818242,116.34366112107969,589705.7159702682,2.5084497787940156,49.11151448949667,-163.0537679168841,82.22562403976036,1724604.751765166
pull,sai,15_aug4,-0.5998484922432221,0.4675789428395332,-1.1947928098664373,1.225562230865304,379.71170119672314,-0.5046035834491172,0.1734224717389201,-1.3011244561854347,0.0734828434640756,198.7390092962598,-0.2988640319495381,0.30079133991827306,-1.2192466704526244,0.15638017871881718,123.78169203652622,2.1774295616415893,54.91756891031556,-405.9471538796005,169.5022308146279,2186118.411881763,7.111754713570656,37.96015272682746,-54.14184289786284,167.39032372213455,840442.8699735388,1.0020803424973554,52.141164174964864,-190.18789599983785,81.00625992520575,1723652.404883319
pull,sai,17_aug4,-0.5848417350939663,0.48045913017407377,-1.071038371320921,0.7182166644335659,354.85653540116283,-0.5592367752971839,0.15523628969830858,-1.3483335612304228,-0.23748159377563627,221.05022552707499,-0.3192524826440342,0.2568664332081567,-1.111806390841915,0.18413581129539736,102.80546329935136,2.964321794753008,43.72599449549159,-174.37120246542506,156.43202222584188,1161700.626479644,6.358038106736569,30.900860442859834,-51.173101912475985,107.34163045863447,541696.9587776313,2.3761189195674794,41.68234785728746,-155.85933982962428,108.76607684800166,1156720.4140205188
pull,sai,18_aug4,-0.6590806434618585,0.4114455598776125,-1.1252869312550542,1.1713256149798386,401.285543083431,-0.5290680724204515,0.17553146464695518,-1.1815792273615784,-0.11715273060048811,182.01246939371103,-0.3280758670689972,0.2392462044567323,-1.0721401818215772,0.1272883552189265,106.62049721663968,2.1780866448430407,42.12461566606159,-167.36228094010494,195.60946376158327,1170864.2634053496,5.271224511508017,32.94234369062312,-80.27505803376877,120.5341602651693,751405.1448335428,2.041033627725607,46.05755085800788,-152.438791061631,137.59882314402384,1931554.517789206
pull,sai,20_aug4,-0.6338405007615974,0.4884226208140596,-1.5374152414256486,1.0875482230388285,374.0986048348087,-0.5363399196060255,0.1839257726344485,-1.4482251706821196,-0.0031496076663438816,239.670563444537,-0.26132986725768226,0.2982345823691667,-1.1431989715254744,0.9079004508874167,96.36445744498981,4.264960565670073,49.676345405430276,-264.0109481682619,321.9034525153616,1616927.0156703303,9.173658012490511,27.699769957898546,-46.293236304405866,135.27306207003932,843884.665362142,3.518453228200116,50.628722990147224,-97.44648694503768,281.4193449899457,2772169.3722559707
pull,sai,21_aug4,-0.6717226158636533,0.43357162864489857,-1.3692143387960283,0.8132939436943132,432.5670514148246,-0.4779179723150943,0.18450465229533214,-1.6062306985396837,-0.020208270059010068,171.61056818695621,-0.2705004549205023,0.3116174879867143,-1.629473431190771,0.2736016744507326,110.23526942564052,1.0879923281197375,44.56372462548208,-222.3804026894803,173.12622591991874,1403044.1751135052,5.639567780227165,35.816283635106515,-66.43075849116191,131.63203544401486,762807.7576007962,1.88267353366548,46.340483266437914,-133.55595501095627,167.4843784895126,1816271.001296719
pull,sai,23_aug4,-0.585703322167139,0.4631458911058318,-1.1603733842477648,0.8432023176970398,414.2308460390592,-0.5283354013058952,0.12135801748315245,-1.1243127629521519,-0.13909484082710172,166.74983181899304,-0.32410825355913164,0.26729082388302217,-0.9472445940653288,-0.0272780184196425,117.11562352643965,2.7815141926039146,29.457935807877938,-153.6375536125595,117.30645435614976,733716.8325915185,4.600913374838636,34.38822399062658,-80.92417693375862,140.68390319002106,808837.6776129844,4.636393804415342,53.88207554794398,-79.53451998485129,152.58444415029135,1412613.6844012071
pull,sai,25_aug4,-0.5528995279247404,0.5245725635327229,-1.1206772156425924,1.2514696751067313,372.43462255721613,-0.5158717397381962,0.16159087944684908,-1.1751930992098512,0.12612156903666755,191.06796665905105,-0.3832841949669987,0.21692030562400816,-0.9336422899961667,-0.1090937038187169,116.01402381756368,1.4844601397624384,31.208788509893722,-172.80334883783814,101.20636670096445,642861.1436300135,8.034326217175137,30.825511118458948,-53.61346180892461,119.74160538113672,661794.4520017945,3.0856167874110945,56.55619120549515,-135.43120209108838,124.74906759447856,2994165.921466652
pull,sai,27_aug4,-0.6213477643399475,0.4789812927200491,-1.328292756132106,1.4307575910255683,426.7227280923353,-0.47450796096225567,0.25995743005968575,-2.077108067123094,1.2412177803392535,188.99250195317484,-0.2991140641047263,0.2853644431054456,-1.1943698534692755,0.624436578577185,117.50885117730571,3.3407844919280514,49.914850180542594,-190.59830672754444,229.73224584781184,1712008.0724516928,9.389385786659242,36.84603515966657,-78.41723374005616,180.34484631307973,811196.783304922,2.6220946540643024,65.84875451288576,-160.13720827718564,262.34538085099757,2532535.1827601586
pull,sai,28_aug4,-0.5904544276393818,0.45168293965014245,-0.9926088269006456,0.7913751225338713,350.2454498269484,-0.5188983568844231,0.14259545229000534,-1.0105202867645475,0.030326379369177665,182.28706815693272,-0.378259777019089,0.25294090316608353,-1.105216990046757,0.039244005355296326,131.96198069936582,0.4325419179153327,35.65121901695931,-146.2216879557231,164.9839312453732,859853.1229161398,6.622501130225911,33.51175508596758,-50.319974672113894,111.20658212733086,533499.5276928839,3.873468276332098,47.922791854332445,-34.135314679990785,127.93195251647171,1159521.7479557511
pull,sai,29_aug4,-0.6434733535039157,0.4387403487306864,-1.1670332224836317,0.728134772437332,404.27138672006515,-0.4304423570289886,0.1578934177077762,-1.1339992053491381,-0.02184289470529606,152.08942327335325,-0.4442184202849724,0.1834439217400807,-1.2061527979693711,-0.05934129772891209,130.22241166175573,1.051705171378089,35.68988529579152,-91.57573668984428,132.73576492570513,614604.2821820121,3.2845261869206936,30.721772335688424,-53.9549943827545,116.71601763688156,331378.21346402075,0.7448097105583458,48.57283653034199,-181.3866275916119,157.44944949844339,1541077.2388180092
push,aks,1_aug4,-0.17629676900520544,0.6456476161285931,-1.0169312151062029,0.9574857027744365,213.59399054112671,-0.440991052568973,0.26327517710558185,-1.0671456895677944,0.2506838732118512,115.24255272585667,-0.5422150628395166,0.22676438671903115,-0.9746373760254929,-0.07881139403700926,149.14866024040907,-10.164218281406498,37.46901825824851,-116.22720732650698,100.83538537146389,707875.8571431802,11.676499484751462,28.588676132536328,-52.550677556483144,112.80643159388062,635402.5105180391,-6.446319822533617,47.158582171545454,-174.02337616544935,150.32975437265347,1152530.6670409092
push,aks,2_aug4,-0.44851639608194604,0.6588492987281911,-1.0812232252078298,0.9827258178353276,284.95540390016276,-0.4443465069466094,0.24254211211429189,-1.0397506506485432,0.42509534558434003,103.82699071797346,-0.34063244322772446,0.24162810512230426,-1.1742741460582689,0.037106855760160914,79.64605524607546,-22.494667845821915,28.779967273377835,-109.30121403956937,66.00806220219592,623643.5562048075,9.308510613423154,37.819348980184486,-64.8984057035767,148.86185607031956,777204.6503590877,-9.704475255765008,44.42079006152021,-39.925987433301955,176.022540472873,1067811.3420564185
push,aks,3_aug4,-0.4039052336893725,0.5463588389268369,-1.1596495574804297,0.5259206191209496,216.73466442045375,-0.5558463524938874,0.15612605195849533,-1.1201914674287656,-0.1363951196759611,147.8417595930862,-0.41275920420107637,0.29890047197694164,-0.9371147540483149,-0.04248897034022901,120.58624447940727,-17.79447347115892,37.15265922776347,-177.63755529545637,33.46685973416697,810758.0313222131,11.113844870864392,39.33700947749394,-60.231744277869915,165.65076599658653,1010672.7961941392,-18.764304650638433,49.40932063678061,-215.50966196735868,31.676385339391146,1494249.302572344
push,aks,4_aug4,0.06433109335767989,0.6153121090467358,-0.9788325387651994,0.9812064456398284,185.85274710202827,-0.40877970651162376,0.4076706551760917,-1.1352488882738065,0.7177638400224844,156.2630795430309,-0.5120883415808354,0.316765852736795,-1.0833077470937549,0.1398247702018961,165.52607114326284,-9.80748263975764,46.952259478318226,-136.3614660115943,108.53554375525363,1164342.7667836656,-3.777024240504036,50.49420055941454,-162.056812727353,109.02558472312927,1183494.3790013215,5.378440857691847,78.92850108303068,-125.51662221111066,161.82788761274082,3515677.081088397
push,aks,5_aug4,-0.07886750932373536,0.6290196629007875,-1.079219650595072,0.9891529388688973,182.13692965409996,-0.41521815750159957,0.33867003547866337,-1.4306241353365545,0.5497248670794194,146.77945127274916,-0.5576262115241831,0.30711039134021273,-1.1019015231303964,0.11749016478054485,177.89957472425942,-10.99373717023119,47.86890791497636,-187.90717907788982,109.46539383697221,1267632.121054653,-7.230640501458022,65.2555229874305,-176.98107965898635,164.3716554072425,2080945.9437724098,-2.3100675111010314,67.47217399368479,-108.34903530193951,125.80136124640887,2672590.1613945668
push,aks,6_aug4,-0.10001662080924842,0.6399130474394393,-1.0042648750294194,0.8516273664436057,196.0904899425111,-0.41922842134837757,0.3040911292842651,-0.9769284915333025,0.4510325859302342,122.72339084367084,-0.5831636723084953,0.3248092344485612,-1.2582628411719392,0.0741497766260729,175.9260798238026,-1.962124843241179,47.07971455865093,-170.86290575205263,149.13668443223355,1012532.7662586987,-7.019625332580035,52.782449506567055,-149.43894967540896,103.6735423946454,1304935.5275892264,-5.322753617863628,68.47700082217715,-162.16044541485388,191.4521561577916,2895076.856622454
push,aks,7_aug4,0.0948739689022693,0.4896225879661008,-1.2620735011133368,0.8907510246299163,140.27710943748113,-0.4063649773148341,0.2788657457023836,-1.1168057282239123,0.39257806428496306,108.09313192541653,-0.6593530543489968,0.29809530684384644,-1.100357264599211,0.04229865225336696,250.63005237268436,-17.01570696144646,42.74267663037941,-190.97263884277385,112.53406129883733,1115745.4224686646,7.1664304752186725,36.86326165728623,-68.58240060873064,139.58051155395455,559978.2870079083,-13.264105512356885,63.57459486429159,-223.64574315630907,202.65064124091873,1586300.3689632905
push,aks,8_aug4,0.06876591829749167,0.5519928816020325,-1.0520067189603923,0.8618810893384214,146.0636061115971,-0.3894113456305907,0.2248177150563687,-1.011042350568525,0.21721846683978113,110.58578635009819,-0.620894699074053,0.2994248330385351,-1.0107049794187983,0.020408197607800885,235.41627650382435,-20.181545992786425,32.856969864743036,-133.03805036762685,41.63676699139738,699732.6276647383,9.506874852199296,29.746458742713685,-22.603535536661933,116.97301611343627,656675.077736228,-11.3654857869353,45.96534978865709,-156.4219310418985,113.85571024264533,1502850.2148641408
push,aks,9_aug4,0.04210270122919618,0.5757255203134091,-1.0273969375819,0.9412109180348253,145.262888679142,-0.4014649079755581,0.18973823971258874,-1.0194978801461165,0.164787518169011,95.4366136021809,-0.5979599667140969,0.3380401686160022,-1.0124950449790653,0.1122691021720724,224.8791792324938,-18.509356515698116,29.982178420505203,-138.70061135674055,41.03827524760268,584244.2992258229,11.680673782668443,31.55045377362343,-33.44458487855174,113.09664609269863,482893.8769071646,-8.253215263134107,45.16696457673771,-154.37609895650618,155.3079989771032,1328553.0272928278
push,aks,10_aug4,-0.018354446672026743,0.5813724663621432,-0.9030367072468475,0.7119627819805298,161.9281587947214,-0.4070589839548486,0.28170176819734016,-1.2722016320232306,0.39101158036402567,110.24849704238463,-0.5945613331190192,0.31819470452205867,-1.1406562531696853,0.05469765190389825,222.28616231106358,-24.67848028021066,35.60127778418314,-152.54271414523615,33.24266070696609,724268.6069394043,4.0350934140219,25.76685969932866,-52.96380962281152,80.81331966726403,272046.0840435913,-14.097620151550212,48.851108618661556,-186.3427092201601,90.03036034619318,3026561.770302345
push,aks,11_aug4,0.07135421316628177,0.5882836771151211,-0.9556549788980668,0.792845048120422,157.11025172342633,-0.4056869680614454,0.2030336633431558,-1.11907105869875,0.051537550380891015,89.82828720682919,-0.6346910575836218,0.35151048758207454,-0.9843464199096663,0.04518247778705164,234.47226726048117,-21.30803768894681,25.945972544633403,-103.40346410712327,53.9907971740693,603597.2756643104,8.088501635255215,25.063639219010483,-18.576600307054857,93.23960828649872,226419.76793493697,-12.063605357918973,53.74451042000011,-173.54009993616094,185.29950365884645,695168.9249487601
push,aks,12_aug4,0.03393150542129013,0.575197572707466,-0.9871151598171055,0.7464541789019561,153.06358977562377,-0.4091977338449513,0.1722864760244768,-1.0413790189656402,0.028844521080498602,78.37235678757604,-0.6588505889737212,0.3049851866936015,-1.1096359511897045,-0.029419267722581324,239.7893121583381,-19.902129072405337,31.079046744807478,-124.25298538404739,56.950688584480474,556633.0019024736,9.788772258773918,25.215749485050473,-22.524668999206575,76.91864228903665,404282.9338587226,-8.777234589175574,44.00598399617044,-147.930890300337,70.0230019419427,717144.7449184078
push,aks,13_aug4,-0.0023667895070875154,0.5739829343950692,-0.9666759304760687,0.7467559340566411,142.3851547393614,-0.44870420095102664,0.20876290791380703,-0.9577192234265068,0.15846349550092081,104.63542674423311,-0.6454841451268505,0.3450362870489343,-0.9486676222125726,0.08249570720255095,225.77674517066774,-25.536558255338726,26.538581597347036,-89.99625958336173,39.21370684446345,611445.2582163955,8.950594473387865,21.98001098702827,-18.043558557434864,75.51451015264476,212903.7524886593,-11.139132563706807,49.65292377739202,-163.8838772435229,157.86565876946236,1873567.700703843
push,aks,14_aug4,0.08438666724029073,0.5875665865137017,-0.9169863822242169,0.9257127583539729,168.97604928860372,-0.3663103062469143,0.2463680141360082,-1.0250388950060312,0.21470360759109072,85.23593586637085,-0.5749356238610237,0.3026679610791698,-0.9094257520632293,0.019547456890495505,206.94439867305866,-25.711461647238384,32.26249012158643,-134.74905881591508,14.823350456167589,696329.2020731076,7.425807213182398,27.175487285129485,-29.628691907403944,117.96233073929726,356224.9610910181,-8.835028704493338,50.29375156764903,-77.48522388238644,75.19568219390639,2267932.4393048296
push,aks,15_aug4,0.169973871638246,0.5420323331080845,-0.9941620471767638,0.8641345920908242,141.18577897080377,-0.36175849322098047,0.2571590386798532,-1.2514686230282697,0.27910198532215286,106.96851331502917,-0.6330596176951985,0.264357618179449,-1.070578805074143,-0.04813992305988066,234.42819379229815,-19.54567279580034,34.57025286419522,-178.90362050857263,41.267808264246355,729029.251843818,2.931122720544639,24.92513508451058,-60.869659034405245,89.37731963233969,280477.84764410125,-15.499454084528558,59.698716923411375,-157.5350837860375,64.48781696856634,1670090.727940785
push,aks,16_aug4,-0.05710073585093878,0.5439417120200062,-0.9938519012307172,0.6993514328390475,149.94373203654666,-0.40114073590316157,0.25579156479074505,-1.3991424691983818,0.15189496594012727,103.52333880251014,-0.6666692847866184,0.315141879163183,-1.1418472743079817,-0.024278426593428215,241.07628137921563,-17.15235303148608,45.69855732245032,-141.93507294067467,167.68560004151425,1191534.5733265441,-3.7446264181971913,46.06623767089182,-172.99875113311307,89.93556347372993,833237.2127579179,-6.749053280665676,53.257988224752005,-86.7098985741472,120.64798279578318,1010518.5437228275
push,aks,17_aug4,0.051903890773850644,0.5796180534491984,-1.0258582910449494,0.79959754149457,138.43481489088325,-0.30162520729548903,0.19115512174015836,-0.7372157159059833,0.4476315745363627,58.80343883058436,-0.7143955921127683,0.29371570919113743,-0.9673184051083161,0.013375827128486638,271.3836724845377,-15.102324340166295,28.00145021291088,-162.92328667014752,33.46917780060846,550929.4685775451,16.003242120380563,37.591683434075534,-36.17972307745729,103.47094383250196,740177.0159567989,-11.086827483056872,30.3707095017755,-107.86203448307903,66.37502531173874,413597.9380200442
push,aks,18_aug4,0.04832017066714507,0.6288483223073954,-0.9729089930067434,1.03436156352884,189.94559371515953,-0.21958943001917378,0.3089001329122519,-0.8412689166589292,0.6591675145276912,65.43716774830608,-0.6340548121977887,0.2979816947063746,-1.1872568560426702,-0.08362741249077511,223.6226073437748,-22.914407377896463,30.535783115965785,-117.45707457913664,30.49267932659469,649664.4201924711,11.673337284770245,58.21588717744542,-139.64195082126855,155.52059370820618,1619537.614950677,-11.135132914594793,44.103007038199834,-47.90870518548241,74.80349947491123,1497857.8273506523
push,aks,19_aug4,0.019823717808281918,0.5732650701023966,-1.1465189245340817,0.9487401330502955,147.1061554849922,-0.19145649573345028,0.30018472156042914,-0.9639035438978634,0.4507294964759492,55.68314166318537,-0.7497955857648565,0.28687277126235905,-1.152747797946713,-0.07013266514304758,269.18473932344614,-18.415512796535147,28.910748589483507,-80.17354025816897,96.10606331111624,582456.3683230038,9.317791040926158,35.02067631736944,-49.257282871596416,78.11976861980848,506248.17640201614,-10.821243046328355,42.262869608564614,-151.01935098404635,86.04906914096752,1324465.9270770233
push,aks,20_aug4,0.06074837049797831,0.5947431913122799,-0.9398848275375482,1.03131825166557,168.38416874376864,-0.24274456171659872,0.26575984701595207,-0.818521687365143,0.47435221820288703,55.75757692246035,-0.6665714013073997,0.31010816944762826,-1.1213236262429829,-0.11620688828266366,247.94274205426092,-23.243986327599508,28.785206902444184,-149.72233057770075,40.49060035971687,657416.8900715634,9.981393227481366,49.3683251411818,-102.17488203871994,181.50065826002722,1344629.7937679612,-8.834726957406325,44.60964053037017,-142.31294578847007,128.0117324548148,1024942.3265445093
push,akshat,1_aug4,-0.17097790220489986,0.6196223036018257,-0.9364892773303202,0.9709315277997436,222.8184154999256,-0.4463283160008481,0.23879565380235124,-1.0764231699699391,0.25014697974298944,118.50794916072205,-0.5286463738930637,0.22788672033921892,-0.9989604182389386,-0.0985744910330057,158.69286710913343,-11.803060858800118,34.95182875926734,-108.08479979968567,89.14298414285611,600308.3468328414,11.739419427561455,30.722953779209526,-48.935999283338695,108.42356294638131,505811.24828087783,-4.659300289035847,51.862749398550655,-186.74677856276304,145.6966939213242,1246520.0268588143
push,akshat,2_aug4,-0.4418103190316337,0.6485689104099029,-1.0158317020504481,0.9043988014786591,294.2091229772847,-0.43121278988149553,0.23722121246392455,-0.955861786073277,0.38148398155468644,112.69455535970391,-0.3020016876392142,0.24437921713207972,-1.07284539408267,0.0547097535738907,80.7756178223112,-20.9689039619434,28.218978244712652,-124.5697476207567,66.20508179108475,641399.5306899382,8.961674878334899,42.1725113347332,-65.27783324374096,149.46764907561572,609900.2529441549,-9.77606590766115,40.29720639022679,-139.39488969628587,185.68549140518206,1889502.193004262
push,akshat,3_aug4,-0.40961250010840083,0.5494109549618323,-1.245437684281892,0.4313331247034898,233.7099730685689,-0.5527243450038016,0.15834624611098488,-1.0850276854424121,-0.15876778850861578,142.85453082785443,-0.46316070279824983,0.28846360639920815,-0.9045789410823438,-0.02381311644949638,128.2249741657686,-17.963191900591962,34.11102998992518,-169.94271929554938,27.232257919736217,522871.1433889704,11.583497751514065,39.824631657535704,-54.28228805279234,162.8790796336482,851250.5909879863,-20.263270544243923,51.89259241825584,-247.89779219861774,23.835222930149776,1227220.669611884
push,akshat,4_aug4,0.04638901471325866,0.6280846174800715,-0.9383972235676884,0.9780491005021601,185.39318856008535,-0.39784372142967234,0.405227525801508,-1.1617648188854692,0.770274098392337,154.33389530477066,-0.4815933582309758,0.30529087875500754,-1.110583186801669,0.08011867466142988,163.2096496518025,-11.898354259049503,50.417346451561365,-129.4107100810721,123.4817924523031,1114900.412464339,-3.4534545390381144,51.88092760657696,-159.0751954503177,108.82814865689728,1305301.6517440616,6.015234668452346,83.72502386302236,-167.6221235774151,201.2272954940705,3459417.8324414417
push,akshat,5_aug4,-0.06482651353194696,0.6075797466775242,-1.0822105467971428,0.8873020194885417,171.8387691339938,-0.40837553666120985,0.3255634213917249,-1.4392426600604726,0.5256293181775746,137.6353973006905,-0.5349198873507658,0.3149973548987687,-1.105639324557294,0.12990954581908512,175.63695206416494,-11.66144860467622,50.595379352901546,-192.62730862961936,117.09842798551199,1100768.9239467944,-7.1459546849346065,64.20959446280843,-173.96135398709146,165.66301847897688,2161762.644788426,-1.9209276530562427,64.6314929805563,-212.09188211160972,109.97338896699118,2651836.014608756
push,akshat,6_aug4,-0.13728046175696687,0.615252117321378,-1.036874746015378,0.9741431711207384,185.00861494291397,-0.41525098808296307,0.30583789855619675,-1.007392631054842,0.39017484273867997,126.27283271411714,-0.5591533613311491,0.33846668417443204,-1.1697197504228918,0.09768784657980156,179.1465861745527,-2.44198394880141,46.117178340516276,-182.53835906208434,149.60861749927042,1061529.671742022,-6.102266967704562,51.722185629211985,-154.45553643996243,101.32374423986245,1146330.2314336835,-5.394762749108426,64.00028524240601,-123.61862764781318,180.0632211115252,2691534.8663755804
push,akshat,7_aug4,0.12897848883323162,0.5080918796417885,-1.2239918406571182,0.8898438237506009,136.75131368849557,-0.392243328545183,0.29400110987106487,-1.0602701950403823,0.34931152021794154,107.09822782412759,-0.6963276498517267,0.3068118749217458,-1.2007208615651552,0.08131726792953946,248.413276744932,-16.416484687138272,45.2471968911697,-181.45927701153784,98.11809560934965,998681.4592170945,7.785351515062031,36.274970087378485,-73.47196700678077,131.31866329379486,660937.181858232,-13.446400350559223,69.97907430629735,-224.2400389425521,154.00093100337804,2052984.9931444253
push,akshat,8_aug4,0.05640099437653366,0.5472237786062683,-1.0508744641783394,0.8902956581873843,127.85702501050723,-0.40617743382590277,0.24122191328492087,-0.9895440648696334,0.13073087013569087,107.22655649149735,-0.6138135058873833,0.31290287096531116,-0.9720425099317367,0.008405524250848884,229.3671871727426,-18.19689586991294,33.125334619238245,-138.53363647714994,54.98913835321224,642655.6804081618,10.31278000140425,29.378092207904274,-17.03649481942228,110.31255810100855,327920.5112821017,-11.902617594392705,50.25592749499561,-159.96786244337858,82.27223755322413,2006052.5515804598
push,akshat,9_aug4,0.014473257618932922,0.591803105058068,-0.9776206702386936,0.8812199441028992,165.5135219549081,-0.42152548596884915,0.19438374341116113,-1.1750914853496988,0.16017115988381178,98.9948809670154,-0.5801034666361318,0.3506733405881775,-1.060574879107039,0.04476273015907665,222.05817775605655,-17.894115662390504,29.02162381590024,-135.66280708054333,33.63304936854242,531159.8934147476,12.105709718495708,30.61224313380464,-25.092123844689876,119.64106319171913,555398.8317411,-7.744257264264022,49.92920399753369,-139.42910529264165,171.95447777077578,1932226.1177932872
push,akshat,10_aug4,-0.0023715945466144506,0.5545490817205622,-1.036593075615832,0.7743378610435983,155.9302037960053,-0.40434590693902017,0.26999722492573436,-1.298826737665965,0.45870486126774834,115.6425399527391,-0.5464091453478671,0.32243656114024566,-1.117872310187431,0.015989971007282732,214.70818608457355,-24.56173150796656,34.04199413414313,-151.61689203897302,32.64912974443848,850371.1591500596,4.636927577805585,24.45679079247015,-51.131187371000415,80.17276186979709,243501.52645867,-15.377657510465355,55.258683174887494,-169.22278732293785,75.22121770469067,711938.3404195346
push,akshat,11_aug4,0.04616769087914792,0.5730754534560707,-0.8992867901429913,0.8208773079974497,152.72467485506633,-0.36028215663577035,0.1949685939809344,-1.1267133954950863,-0.00808976427526329,85.95345418585704,-0.5944577401662338,0.3494160657410513,-1.0289730753773028,0.058314242699374325,227.23961798554507,-22.8221004527083,26.046104586135023,-111.14675368269381,49.84541249958452,572994.2175487,7.804949631098801,22.58867160742087,-17.365525856960573,97.53081659736482,446917.22379999975,-11.893998262964047,45.989853767509516,-179.98935454458018,107.26762341739702,2274398.4042348755
push,akshat,12_aug4,-0.008001282302986249,0.572662174196472,-1.0293141130003398,0.7106408368426225,159.37427142684797,-0.37665352536596597,0.16047881857561025,-1.0537937857956725,0.0018431527660182842,83.55208500317543,-0.6210136685194404,0.30714886403685404,-1.0931468752305493,0.020043908623939732,239.5566304691903,-19.00033330737939,31.127790210508643,-132.5707487548775,63.760759667643974,513278.611977505,9.454557653831177,23.324701199515225,-23.17346556373117,72.65676772201724,289932.7867734866,-9.041275581129774,47.925266660185486,-157.26592972106633,89.738352983041,1065869.2963815276
push,akshat,13_aug4,0.02854178343489419,0.5470107509009549,-1.023587799877998,0.7898930473310904,148.49183009994974,-0.4039400967079866,0.20531632560426738,-0.9533573744217855,0.16138654839871533,103.84568297223045,-0.6015462602708395,0.34660055919376065,-0.9636206049308976,0.11111988468737131,222.98357942547503,-24.834041734202202,26.325667388885805,-100.16067919162495,48.97501485942345,567804.5027469958,7.721237262686085,21.79463852138972,-18.53407660072724,69.2963911072869,369954.4269077826,-11.808480426830737,46.596988295103074,-152.49192531082633,180.40291717993682,1016045.5848077254
push,akshat,14_aug4,0.10093562492796332,0.5775727842841545,-0.939715696776358,0.9163766167674705,175.5929466319931,-0.3842169929663495,0.2286840953216797,-1.0478354594033565,0.20614073504598143,93.0687453237046,-0.5867650359431749,0.30581670316002574,-0.9085158769749171,0.010027023294051111,218.18676837446094,-26.42253487960998,29.903953167592718,-139.68893134262714,33.78636264019386,861065.6221521113,7.808537659493189,29.09234450098078,-17.959231135000103,116.13791137389198,283480.7488303365,-9.038937915827175,47.90477769110767,-183.7925766082119,89.06515601359567,260236.67888191517
push,akshat,15_aug4,0.15113456964462027,0.5196634704658577,-0.9894292003704259,0.8782240793910747,142.01880676563022,-0.3813516945911807,0.2472232191575831,-1.1537885895260422,0.2750791735539625,109.53189383935897,-0.6312525423180644,0.263881045195761,-1.0982292884655738,-0.06192095138387385,233.01154173259926,-19.230385170500245,33.86441649933842,-175.02399989144013,46.28603071858736,787122.114040884,2.8621055422994557,24.956899128330136,-53.34787546011948,89.22589402036877,279482.97531203995,-14.116881465327234,55.23363788784027,-216.20584184304732,116.55667142710317,1664609.829647826
push,akshat,16_aug4,-0.048630380595060266,0.5268982865062773,-0.9410018675767854,0.7899777459062552,130.99639305720626,-0.40481923032995715,0.24776109371309815,-1.3252064249508164,0.15325596914638567,103.33666706360039,-0.6157806917004197,0.3220924828362643,-1.0561240989546135,0.02843380036461473,231.74536963124498,-15.490821707176984,47.079855541997105,-140.96895429617211,156.44742972903038,1099209.166211204,-2.9940057998822254,45.49964976915088,-167.17442305806992,85.20136148736536,824654.8828995235,-6.5193185755313765,51.817333754602814,-137.06175058976478,159.59771616184196,2074462.3844462205
push,akshat,17_aug4,0.08943727185224987,0.5353219144053517,-1.0284163383246305,0.7834465669518955,149.90733622348515,-0.29906709574812407,0.20027712242338622,-0.7437067403160014,0.4207347888672689,53.11306266893188,-0.6911641590558705,0.28930958632457104,-1.0979739810798186,0.029839178815532115,275.2761361959947,-16.864339865684908,28.2024352012491,-161.7979148260428,35.09560780053931,595023.1098645919,15.324554048090679,33.24106593756804,-46.63179846493986,99.86944604382614,518458.02637027774,-10.744616606339259,34.39628477607508,-105.51690649945607,87.49653058234178,664983.6056036323
push,akshat,18_aug4,0.02077679980201455,0.6348399739489824,-0.945613938128661,1.006292258078427,179.1057690993233,-0.21427535476838097,0.32217957918385226,-0.7221654367394573,0.5976584898021244,62.832641560676024,-0.564789112858283,0.30994884748136475,-1.1930313008059679,-0.08316621960551508,219.05849939082935,-21.664114127933342,30.553839525483923,-101.18611323250853,30.221616906222415,745652.2616350272,10.915288621548342,56.797433579416,-132.57904048823633,150.33275446876547,1592697.8116720659,-11.044809577641391,37.57475039343468,-95.38743552534028,123.2739837059009,1253119.0023407864
push,akshat,19_aug4,-0.003814157854205233,0.5615204045935811,-1.0556462971462164,0.9295976939172368,170.20928897245722,-0.16097773633854467,0.28358029018608655,-0.9006170683438478,0.4875818046474824,52.48190061464571,-0.7455616472522564,0.28498922531723353,-1.1530769590161403,-0.029819089176209533,269.23016063024113,-20.808436253427498,28.14026335785314,-88.9536664214197,101.37322904496469,541444.2017727538,9.340167407618763,33.401468101213446,-55.892722422418885,74.41869555845085,791900.9849583377,-10.66016695252159,40.03629961925143,-81.14690689980962,109.05724772497732,778029.9686617999
push,akshat,20_aug4,-0.02207541108304073,0.6154245230063368,-0.9329937415424568,1.0620849752128239,174.7854454670011,-0.24441719879151802,0.26073309649561305,-0.7547337106088913,0.49042331542966006,59.118020300657335,-0.656336292959127,0.31688304129680217,-1.0958236187274595,-0.05329851256461033,247.1652751826447,-23.04058284085534,30.93114702587227,-145.32443241945577,42.791380687739256,769368.8271860556,10.339918848813928,50.834321690828794,-90.732694426019,177.45297316864043,1348561.8254155247,-8.862045189257831,45.35339996163845,-115.12498331209903,149.83698073549758,1338305.2396316628
push,jon,1_aug4,-0.45129426229480185,0.7204515403869681,-1.1167316391213653,1.0874632192744251,334.1687053145296,-0.11625494302133058,0.2416968109527209,-1.02478788019538,0.5195597315529734,35.94398301076398,-0.4459843204926654,0.28005207148915534,-1.257011012628033,-0.0388125041615853,144.57927753497884,-14.04360338032152,43.45793863905826,-125.09354324907818,103.4238621707144,1052344.130519042,9.039733641915497,82.07298743241822,-192.70112877585706,219.59933005874353,3263909.1245665504,5.52773681670817,76.60157949592273,-176.43960959348604,246.0121023727694,2206088.901379557
push,jon,2_aug4,-0.10010592547200317,0.6545185645808894,-1.3473765086359248,1.1743262821193006,218.0980734847955,-0.2461791281671776,0.3567503210653261,-2.0666553033948456,0.9553870797302136,87.97694533259951,-0.5435853084048688,0.3544434426386282,-1.2487426737572056,0.2640829417900307,200.4479183441968,6.213259459273898,92.65112969344364,-436.800913450512,205.23905999216657,3872756.845043596,17.776819719222374,77.94584456971741,-170.67147503991052,230.88113753659638,2808532.061502708,2.3357861050908157,99.08051323903759,-202.55103057983112,284.94728803929775,3555598.3079008763
push,jon,3_aug4,-0.2642909640266964,0.679684529505146,-1.0917936044671575,1.0846492379062955,234.74809693706936,-0.20634866933905568,0.35725707071599194,-1.962091133512911,0.5659389146086695,90.31485345443193,-0.5558054898127677,0.32400063538596824,-1.672075853642246,-0.04375874446246473,193.41082532137443,-7.871433950477209,58.51454638681548,-183.0470582164249,300.53146565203144,1481603.7013985985,16.124905112037837,81.2986806848092,-235.28454736792887,212.2164166279336,2968688.533079642,8.922237308449757,78.28567781011017,-173.11575473180463,316.13322226658386,3652940.2703573843
push,jon,4_aug4,-0.19018792413191576,0.6682796462652187,-1.0110215515188046,1.066850977768373,220.57277049430198,-0.21849989362616448,0.3396094599225845,-1.394420759239539,0.7144814517623111,74.214071566654,-0.5948536962379567,0.30851938651672706,-1.069894321078544,-0.033250375390466116,224.6250646470013,0.29154809179732494,71.18414352593727,-229.6340237532491,305.07291867299887,2481569.133554198,7.973722735617251,82.4928691118422,-146.09933771823518,251.30678496159962,3388051.318558022,4.900241719134313,77.82190941216052,-183.33003558540778,257.5755228597628,3904169.63163266
push,jon,5_aug4,-0.1520036699716064,0.5816153783490605,-1.25497297715025,0.989969581356327,204.7587793117113,-0.33783367699902184,0.31307175635113416,-1.5496070661718442,0.38623192996927386,103.72023977307882,-0.625592850662956,0.3007281506202619,-1.5128953079919367,0.06188467481328323,207.67012763478922,7.2392337132849,72.41097139348341,-228.51043476387025,263.63117102860025,2416862.4104595743,12.015040289048148,71.52711588819302,-232.50217215011682,200.84685746235556,2595124.9414129257,-3.9827254542779125,106.60093963530944,-163.97603770093272,283.58966464132476,5395092.559742635
push,jon,6_aug4,-0.28130529262248777,0.6923610590319154,-1.0480622200129213,1.0496620976600497,271.02066825188837,-0.25660301035194016,0.2470099860988661,-1.4121733084344,0.12124237262800422,56.13971228421436,-0.4926367209361282,0.27366086515987104,-1.0665001957005966,-0.19583687045454026,182.84567959487714,-6.499620765098989,36.032319071384485,-147.40810814015734,115.80519704067385,610531.415374352,6.396503207814777,70.04165816199347,-111.02720228325789,227.72831262079927,2384430.2888907585,3.1095804387079475,75.5990400059178,-187.91787657375326,290.8085156470414,2564316.9636078486
push,jon,7_aug4,-0.2378610216976112,0.6817234524706801,-2.2580642514169385,1.113427052601758,230.96271600324286,-0.21601099604206858,0.3478525934759396,-1.5550084697057618,1.1363774939348377,75.82203693172949,-0.5869736533389185,0.40670158418701063,-1.753450119457047,0.4843001775029125,247.79939615625727,2.078697885823083,53.46492312539515,-152.90900703014023,194.7271141639827,1475935.2272570855,5.772352957043107,102.90680329428449,-261.2390405833423,411.2515308275103,4930381.824372283,-5.106845661645521,105.80111433298782,-387.68366847924545,232.70460378725565,5856309.922658249
push,jon,8_aug4,-0.12267656622773002,0.682885944651462,-1.325576243452164,1.1674068087856921,218.376585327258,-0.25788412741784,0.3121922334898005,-1.739688289219556,0.5091223185507152,77.03349098372748,-0.5824376338444712,0.32172575361630246,-1.1218280057578878,-0.04176051584653347,217.00444389592263,1.8901851335441575,68.08960548046592,-255.92941554592676,166.59026611660357,2093057.2498124032,12.953460989886276,77.0309703926796,-140.95969925415963,225.31096170412292,2837632.120246315,6.68661186103749,94.5233586067004,-161.73775917837983,331.75620202246034,5925015.313431027
push,jon,9_aug4,-0.42088397809352146,0.7207702457660387,-2.2839895613402366,1.2761623903106671,326.02486028403723,-0.24755341658121213,0.3683423884714498,-1.8052001739572476,1.72750407540183,96.44995393781787,-0.40335067916440415,0.33671905097128635,-1.8221452044728805,0.6512942952215829,142.3722565453011,2.3450608625174043,54.41601090300961,-204.63344134876144,185.04698572470167,1524727.7990603994,22.97210141677853,80.64162019742714,-96.28276320930955,382.51820497369323,3203188.060002319,-0.5883837615180542,94.46643150413432,-261.758983087944,363.7141029262805,4409382.444720066
push,jon,10_aug4,-0.2641890071667043,0.6745905575621003,-1.6801142637456747,1.6201333890972953,248.73058408711788,-0.3215853059487686,0.40904960552808983,-2.6944355882369946,0.7103800774477205,121.36069625521779,-0.5484019243618504,0.399980100965865,-2.1953241363032867,0.42536510948105605,240.1716880268472,-5.1203539503389495,90.08499176279037,-272.2155782899714,392.44477341895174,3922583.815149784,6.426798919165309,92.47127401564993,-301.7124281131046,373.4619164437843,4073106.582653592,9.781445383187922,99.07335976731974,-272.579549516312,309.68025127189856,5751941.693564438
push,jon,11_aug4,-0.10114581826413456,0.6410492256053311,-1.3062967788930921,1.0244670683638022,202.45565840914838,-0.22637467242617504,0.2785196472487871,-1.4609700325647992,0.17432206315569385,73.7078117730005,-0.6762162601111752,0.27551026304706244,-1.167411336809077,-0.010974530978959604,248.2001542708117,-0.5453122429966484,55.26452389219118,-156.82861577332244,220.54785612251476,1571081.8523048041,8.484946123345514,67.51453394725378,-180.88472827894046,196.0975379477652,2056494.900552868,8.132594934328779,87.05218724992044,-135.34031851973714,237.5262153992585,4766209.318687547
push,jon,12_aug4,-0.10567720725210847,0.6789285865682989,-1.321664765870193,0.9568093428479867,224.98008959378834,-0.1476052735755869,0.32756223535291806,-1.5595460614618506,0.8372593892993571,66.08894694689612,-0.654911636339755,0.32347639893201224,-1.693537971109243,0.5485279345152747,259.80976174388894,-5.062948470510837,64.15827434038589,-232.28142635694218,226.3713905295883,1746237.442209403,12.261076550963113,90.08333299075146,-119.00798394816101,405.51617102386024,4140774.9779134467,8.492195836437126,91.11774184109328,-259.2572921112883,326.7581688360371,3375717.014686277
push,jon,13_aug4,-0.11137867207651256,0.7131160290023718,-1.2641844270993843,1.2192907361641967,226.79666304902307,-0.09576231826881733,0.36804557047742015,-1.7805706707178983,0.5914622133329723,71.10868925694565,-0.5908779700778941,0.34825599506154353,-1.1313992138774895,0.3099937930499558,209.84443819484503,-1.5392456751312211,86.77166607324605,-342.0219416782097,289.28432492372593,3233384.757120274,21.776453138133306,75.92071008568647,-200.66057825483648,207.2462243483067,2730743.8030699333,10.229575633287789,93.69591069566066,-118.9994552792729,340.28357999399446,3969370.8311598976
push,jon,14_aug4,-0.14003324698644642,0.687715928390438,-1.2569390930275077,1.165406265689206,238.89779482408807,-0.2403691771392942,0.32635709173441263,-2.0804989405791723,0.19161327856938373,80.77549897776674,-0.6153797094643285,0.3096671653421824,-1.2945747928631193,-0.13925018378983756,216.29153050789225,1.0046706981267002,67.26505920397392,-183.7080182018862,257.7385226787515,2161261.3486954677,3.799244338212369,81.38664777258916,-224.73702888530684,214.4785065302938,3135994.3117258693,3.1725093248003207,101.19440863660097,-199.72929563574996,282.20058114115227,4623718.490286147
push,jon,15_aug4,-0.20623294559931268,0.6902281989358083,-1.2617108591620152,1.176605180292384,254.56603836380987,-0.23965161170198754,0.29339703636464587,-1.7007156568287796,0.4161827572018682,71.11920322431634,-0.616344625810504,0.3246348227515315,-1.4272158215923687,-0.011978150813073976,214.21621466713472,-6.482233287461279,51.88615822541991,-182.4469952872786,150.121641149879,1239681.1914670055,8.901802694464948,90.73214062541382,-201.1192411649717,259.40179196030005,3823569.349399894,9.690095380787103,100.7972203307257,-175.51396556399726,364.8547927316128,4366490.119359307
push,jon,16_aug4,-0.11740873247537419,0.6382653584074895,-1.0777560805322597,1.1124999628228913,209.40735050563967,-0.3320520076131471,0.3848771686469145,-3.018853764967416,0.9451178911352138,110.54131708202512,-0.556109499739798,0.34129058788569344,-1.4698782027831716,0.3303875284004619,225.2773518344003,0.7339379607799854,87.56015006944544,-337.52521647144744,422.30344566591384,3536622.0504661077,14.464824285912844,76.68509673040067,-154.3778249344774,258.5804472917696,2888263.377149321,2.8714696213443727,96.0860210481215,-171.10789506462925,263.58305656793254,3743793.5059102364
push,jon,17_aug4,-0.08386081518508806,0.6059400924099907,-1.2407633606001671,0.8072140342833948,201.77557614026557,-0.32746274264296155,0.33045759969324384,-1.841933576894956,0.24584112732768215,95.95513212952066,-0.6393820304134501,0.26686314052987664,-1.161610102525772,-0.2121770328848951,229.32865964515395,5.574427493386935,70.9918298157519,-206.29339048750225,197.19479869597868,2439177.0793595007,1.1732110388123147,56.29246823606928,-163.84556822481431,188.4198361315705,1647549.1358133124,-2.075374405112289,110.13324941347118,-311.8397839086892,358.3351510037009,5232356.031500525
push,jon,18_aug4,-0.2672808630655182,0.6296843936086682,-1.13351847116582,0.8943902066990543,209.79993301028486,-0.39600956585696595,0.35488812823944244,-1.5059333515308535,0.38180320440834775,121.24741142108319,-0.5447085859983881,0.3299487249137938,-1.447906146062084,0.1962049263780718,201.26175963766008,3.715750110798515,54.18144942914084,-162.8334573999401,216.32515422661945,1307850.235356534,-0.6542250236112598,78.7239334858402,-232.6140162290678,239.58580542084667,2911360.057613114,-3.7007559054261887,119.23613004605475,-324.3974280435972,310.13911997476873,5988750.671192109
push,jon,19_aug4,0.0018777704116615165,0.5998052273867913,-1.1419013409337044,0.8427626320381182,163.53920484503996,-0.2961926913336629,0.36591268849833697,-1.876372255941574,0.2595182075900242,118.29422220494565,-0.6650931231155495,0.27634065932573,-1.4781107374673481,-0.22485190233042546,238.79323132424312,-6.112932306471265,77.52087694393413,-267.4180299528742,208.17720609062115,2845593.9549238007,1.5480363722898371,71.77672920318413,-189.12987315229105,218.27269212855833,2420196.398895144,-0.11765888030770644,113.16339448581788,-292.96596755369535,247.70503147763498,5834319.704689935
push,jon,20_aug4,-0.20730297100233877,0.6268773254814469,-1.2043942613258516,0.7143106325732648,208.47327678214683,-0.3423912987518005,0.36906395721628366,-1.690245987401974,0.2357120959636819,111.8891775867056,-0.6138533422966292,0.28161551354945363,-1.3024272985345287,-0.026911324943521796,209.445358992668,-0.716344959021068,91.86446414535637,-282.7880307703578,337.39479832768313,3952322.66511355,5.57197831674653,61.03523753015608,-168.7754774617604,194.30727228082498,1489546.0346715301,2.646201853724243,104.61270551370431,-317.18343458068364,341.09437194274614,5856843.500788683
push,nav,1_aug4,-0.23536868963953422,0.5945509688522672,-0.8701006649942516,0.8098303989309068,173.2762682316173,0.4005641661838232,0.1735362936368179,-0.04613932941827231,1.2946167283317151,78.64356179527881,0.5773884264474569,0.18756593337066413,0.4002524503031081,1.168383131192232,172.14379861971676,-4.805705331242296,20.65289603595927,-69.91483915979356,61.98533915700175,173320.91084332322,-7.513025502982758,41.52226808148332,-153.99581728874068,56.82574698966398,640643.1019993381,11.451411952807755,46.686876060167805,-122.25804511016824,145.63588651131383,876867.71964488
push,nav,2_aug4,-0.20228664911010655,0.6300132707929516,-0.8397907806408061,0.9495011242941159,193.37922839705948,0.36440124379413696,0.15055199428601196,-0.0925041539423936,0.7552548564990821,72.845152007936,0.5905286409669683,0.1655713316534695,0.33590302197480343,1.0849566954836054,163.33793213989009,-4.820551683044956,17.144813467545003,-69.40804150372477,65.94174614940525,113466.09994664547,-8.682456583290739,43.17833286189777,-140.98529542336556,68.01325690929886,848160.8431114778,10.977558807165073,51.25188749126353,-179.97619509636064,162.41242513867783,383683.151582511
push,nav,3_aug4,0.11173321866674238,0.4497917043466488,-0.8734049562408539,1.0338351480547168,107.94443045858563,0.3465652823533791,0.14117427019209491,-8.590184914649074e-05,0.8422243274086224,63.96797776145019,0.7585175713002037,0.16161838321044802,0.4265853896850068,1.111921236742389,264.66145613094864,-1.6388356969573459,22.896928907772235,-91.23916721410401,53.58609915579978,199456.03191900218,-6.704354814587835,50.80880655566294,-139.70775554683556,113.79511560362691,1052702.1351883805,9.231214852045825,45.90470636303314,-116.20465693085447,144.3746054675745,435724.99065156456
push,nav,4_aug4,0.2267075762588732,0.4004219856999932,-0.8193950812817572,0.9415790852350261,99.37244841926523,0.3200031986229267,0.1654050787444774,-0.12430902746266537,0.8350143960441236,61.94393525981267,0.8362387126192733,0.18375432052658575,0.40911858828451203,1.1462154738007113,278.3099855195443,-1.9973073124229832,23.970882682682287,-86.78552996724667,105.87019308244138,272494.58471044246,-13.382893047495743,50.67341263135983,-162.00013154206664,103.73459630624323,1282361.5280681625,7.955711883739761,49.456509265131956,-142.39968136197393,131.000938112167,619156.3083205817
push,nav,5_aug4,-0.16305024965222542,0.6143032777941387,-0.9979403316979684,1.1434484502908755,172.59341921437343,0.4320210781493497,0.15083367893187632,-0.11557505168213598,1.0495494353316397,78.61872873335953,0.5987691527172245,0.15901772572872838,0.17469404030162924,1.1998735722119742,179.75438537186216,-2.428286472390721,43.327094287762606,-172.763067706245,165.40410286582807,1002354.1307912699,-5.58164654678133,46.19199339173617,-175.18790101665428,57.093116214292905,789524.8211403493,12.565927860603416,53.09783967138856,-110.80950333173764,94.8094810873103,1463332.7503669052
push,nav,6_aug4,0.06768857911212955,0.5130930046140996,-0.9745997389598735,0.8059732011022949,111.01579523398573,0.42481627968554314,0.12293635164293931,0.07038346356073759,0.7665008607777285,88.24194219020575,0.7149353692993142,0.1368327883705009,0.529819224575582,1.0013826761926865,228.60588981347115,-2.7691569923195134,18.471771477253114,-61.0038726353239,57.51261153262742,43244.28013957398,-21.391426268230138,45.757577642286726,-141.48330951528558,60.46542474840906,1180102.7639008486,22.016509687395708,54.44436015943197,-111.37321905800619,200.77508438537967,1148181.755064711
push,nav,7_aug4,0.314370519907006,0.39821083131424095,-0.8817148569136956,0.9625243229919451,109.79685026680163,0.3867381705983449,0.20653265650195485,-0.16374736339040644,1.1733986919000032,77.7698999865738,0.7567025538547116,0.16317431487796363,0.3499824579091606,1.3671298149986102,254.55686820714837,-5.564107507461186,26.389280690887084,-91.5784715196351,92.1311350698562,359953.7486392743,-17.22571968032825,58.61600741120807,-132.14335105504796,138.27985812394203,1496228.4497449654,18.014026544739362,70.08398341684637,-208.2269499103341,152.21915460132743,3191432.793707308
push,nav,8_aug4,-0.0928498245079574,0.4883327611122909,-0.8709004060718847,0.8636367940600557,96.61687519586368,0.38493741499553724,0.11571375983959516,0.008672463095203345,0.8165780515877392,76.86711274993095,0.6863865151014438,0.17171447379786037,0.33351306963681443,1.1834178557354553,240.22348516329168,2.5210237151149744,32.62776661400399,-154.18731230523858,123.5203038455422,296811.55504925805,5.733009628497778,47.34797909690232,-106.70729205858953,105.87150834199481,952799.060943796,1.9257876249306087,44.53079949685588,-103.63653999457273,86.52002257553164,928634.0015597236
push,nav,9_aug4,-0.1368170327627117,0.5998973757301267,-0.9796978306671941,0.8146586770463243,171.8720587842646,0.40495950423248106,0.12403632627807433,0.11262484680896838,1.0024350305812637,78.66807610624139,0.6460719582623551,0.1556383024303725,0.46911782128964014,1.1245828453134488,182.1176920638261,-0.4042136508476557,25.033398140636233,-84.99919280097883,58.80967592113042,196995.77629478142,-5.527758103718761,39.50200534270895,-110.09428443307688,102.3023947011667,541927.6664626607,11.336648285529968,38.37091389008688,-85.11493238582821,104.41075637121472,1371394.8890663488
push,nav,10_aug4,-0.2616644855476188,0.566814338018257,-0.9316087666714288,0.8270848624676848,167.8194622468964,0.4422143785096504,0.16183071145426983,-0.36196704675088137,1.481216001112912,85.8924292631129,0.6186316637106807,0.19596460627766166,0.316523280643914,1.2225106177575513,176.62425895426276,-2.2396779664646997,30.617744601807733,-117.826752643423,123.23942332696205,464219.0185930868,-11.307465305996855,32.49775704452196,-117.1353944035723,75.99387224536582,573038.6550554126,9.354544515048373,44.005248024982116,-196.8631022328527,192.07127440109997,2488673.1188087366
push,nav,11_aug4,-0.10264520687535303,0.6099040988598627,-0.9738347033309258,0.8411447330060476,172.45374117495666,0.4428116184145083,0.12503905670955054,0.008035137332217605,1.1672744669632353,80.69337136047994,0.6463528713502311,0.16835344646648556,0.42818685143727864,1.1691885573966376,176.8231784183982,-5.547390956583215,23.757096954922364,-96.0798396108535,99.47631287798431,170125.92067950178,-11.021943683864478,33.46446045490841,-128.58239331501017,78.24310842117694,775009.2115834323,10.71301393331668,49.087774768013915,-198.2969707708146,101.53946041318952,919263.7799999358
push,nav,12_aug4,-0.17592781509967045,0.6083572528607627,-0.8683584621894664,0.9331112257847851,166.67766418393586,0.3995521481983163,0.11201854490623558,0.09297083556618732,1.0446901417089285,82.9144508950001,0.6164145431365089,0.16355284760150396,0.41037480285403816,0.9097982974027226,166.7344545519939,-4.2416600534742495,26.612961830778058,-66.57027704950575,88.58302725012008,173755.49632111134,-8.68491636376019,32.071246718127966,-100.32499401967819,46.937135818334546,609613.2417637082,12.668888826715639,44.69254504945762,-56.43288311302883,192.60312246176642,1026939.9125963354
push,nav,13_aug4,-0.2717953644638117,0.5956970855731905,-0.9999345312895036,0.8724101896580938,183.78674586329328,0.3988172706958374,0.13457591003128672,-0.08179008920925013,1.016710494412913,60.06483202313809,0.6511631862334795,0.14775307782821684,0.39739614204340995,1.055355057799253,180.1116042025417,-2.8572316318018904,21.556305768745204,-84.10288846969317,57.153460837290375,317248.2593706783,-6.9019065607532895,37.62442994421372,-149.70954938429793,60.96787289501308,626004.990101046,9.962708343206977,41.75401769727305,-129.5626545222872,81.64354282499923,1076560.3843368574
push,nav,14_aug4,0.2387990007440306,0.5194040368191349,-0.8505407007607713,0.8706766032084832,133.11197837132502,0.41505000587369584,0.14348734049439452,-0.13895370063941415,0.7240996873281017,77.58554216208528,0.6890530590028943,0.11412604207424223,0.4272794354946686,1.0120599692720873,195.41081195803497,-8.590936752091858,26.965635333134117,-86.44271689033194,82.96694149624471,376576.19803226355,-20.326551040270463,44.57710741073202,-112.25381750263354,65.37538546059942,1107587.1949108117,19.45398000680707,48.510726348564134,-77.59277942850878,150.06054322458755,2448095.569403954
push,nav,15_aug4,-0.17990184807981774,0.6228463827354046,-0.9730491765756364,0.8550308645112565,172.03945913993618,0.37281360211995784,0.1283944856023867,-0.1689731382690251,0.7795133627153512,60.03529380125484,0.6657944442360892,0.18429098441864616,0.41227736923359887,1.0371871094673881,190.0498433588681,-4.090326533145155,24.08200334469158,-97.64813233625782,70.4617138414757,136456.9520591154,-13.12743318827874,38.46890595422487,-148.91752172700265,64.43821444313822,607416.3872289872,11.055735408013541,46.486477238288984,-108.79790411933399,92.97848691417448,2063442.9962112333
push,nav,16_aug4,-0.1995402549465978,0.620591150327189,-0.9367228129667509,0.8090838605234778,170.2614219068388,0.43716534687289893,0.10669542935712036,0.16391501430556302,0.8478320427769014,80.43612702373974,0.6028311141947229,0.1637905440770503,0.4535544111640676,1.0669961862393993,173.04467393736618,-3.437674344165823,27.965392825187596,-78.25669216717594,72.10762574525147,161700.1631674148,-8.89960146334485,36.78223121734612,-110.50316829668466,70.96259093284112,480974.5814666477,8.40198919253229,46.9777315906009,-184.0767932769059,86.42652353797664,1050815.626001103
push,nav,17_aug4,-0.21954345660752952,0.6007007516205626,-0.8348288583999991,0.9007426909785586,178.91086144418153,0.39775969915833825,0.13189805654648856,0.00419619885259391,0.785931754832062,72.09303537418504,0.6093877772502385,0.18044300571788952,0.3801121823281041,1.1216240574441991,184.75838284017598,-2.9927955265204487,46.31059061759198,-272.2980909831029,93.51027601320237,944712.8610289767,-2.9762061280175853,41.281435033950395,-123.24285825038916,159.83943510360953,894540.8492261667,9.987468868836432,44.283270713466464,-152.75050483693997,106.04236220982168,1373750.0248438623
push,nav,18_aug4,-0.22025084877026704,0.6240604579455243,-0.895989243915523,0.9681689075500912,176.2333249453237,0.4174131068912181,0.12591789804369075,-0.025191931225980485,0.9301455731808281,88.35132221728516,0.5295302355568272,0.16503197845075876,0.24782091197391093,1.0026661201398286,158.57898308401266,-2.828518639427081,37.539310888002795,-124.78079241943249,161.8931859531475,606352.2354218058,-8.335018998639763,34.28150735085958,-103.6541799829092,51.87888328433769,583912.4291602069,11.829268033727965,55.13781423494967,-82.6029262199888,138.78832832747537,418778.9995172259
push,nav,19_aug4,-0.196976836544358,0.6287134322999869,-0.9207871795402581,1.0663379221556708,178.5799603355092,0.4634242894830202,0.1491849701103364,-0.07479542826428544,0.9355478123783136,99.48671810049818,0.5722486816194955,0.17063215583695354,0.3258338610001452,1.0976344290320625,148.26651859576273,-3.0031492659610293,29.590782462719424,-86.08110571157208,126.60386996065088,207960.71098726298,-9.071695837236302,38.09183424358939,-125.25721746511371,85.15707175026478,662627.8828609083,6.4900351371049805,40.390237914888445,-149.08138856373114,137.35803037735872,2281310.9794305293
push,nav,20_aug4,-0.18924647620216842,0.5578234681063882,-0.9450793122500143,0.7634756422765474,156.5703029691082,0.395050368403429,0.12801617774821714,0.024772099436584375,0.787996055440266,74.07914947767584,0.6824679419277636,0.157224452071471,0.36424713269344006,1.0601897417004529,182.83671301872548,0.593275206244714,22.490704323046465,-61.446128988482776,56.797397729432504,232951.71455329997,-11.883296947572072,35.39883731308592,-96.03240094603983,58.78252303568789,477656.53712048783,11.160334161852834,44.14419015393159,-97.23594075092855,196.03505172954291,1056228.4520457534
push,sai,1_aug4,-0.5999543985758159,0.43736613364515436,-1.0460129234166626,1.1048908513635518,353.42423901338003,-0.6194145485241156,0.1846799428851473,-1.398125908868422,-0.07004752257294733,272.3800314074574,-0.03967440348547931,0.3151996836667469,-0.9896904958996029,1.0812384432986342,71.21861066993877,-7.873925384510861,111.53835271385957,-502.43568108244796,442.70700645417816,8275802.655665723,0.4233906711103632,38.507983111944775,-155.19149820321536,100.51618522432449,953776.1215728224,5.632224598034609,54.29606795595121,-180.6830789716027,205.50440173613217,1781172.5773826777
push,sai,3_aug4,-0.6976855761981688,0.4557636555599255,-1.0415104570774125,1.237144655451152,443.9167608669281,-0.5340145980179651,0.257561034734914,-1.5197682255057727,0.15725243446807347,203.49453418981966,-0.16147995156513043,0.2312841508116439,-1.3171651260726136,0.8052512876455671,60.660420525204145,3.480247988620864,96.48209972015326,-558.3142184587296,452.53032736859194,6139214.336697933,-7.648303102890105,37.74093737988247,-184.16729604552052,74.62502878039135,854768.7836635916,0.20518492582999015,63.312791054579286,-210.18346249596922,251.0038560190367,3322606.906950433
push,sai,5_aug4,-0.6425819078112324,0.44407344720518094,-1.1237616668230948,0.7751002252354876,393.796183056046,-0.5418069112775854,0.19815361503616202,-1.3890090601273046,0.13817202163376152,235.04961580772792,-0.16118249738185014,0.28648642241649647,-1.1521969106029213,0.6477625260337351,70.11925303407683,0.8539910035395278,81.73782250034891,-445.2665536201897,314.25844964486856,4199675.308414047,-4.3540115866528035,22.965353971391167,-98.646191505916,129.88445573624742,342152.76571939536,1.6126138920337465,54.11059311960533,-154.81452188232396,186.6985356385905,716976.530557872
push,sai,7_aug4,-0.6010423954878947,0.42297828575019203,-1.3199158231276384,0.9666894171017459,361.86454265470144,-0.6576929494501516,0.19392996303813784,-1.2063980081880425,-0.08066997654614001,283.67040070999434,-0.06291106369558311,0.2987023980477648,-1.0559425728530738,0.9696887199804104,56.74788983404233,-4.627970020016577,102.14157067258778,-610.3499849393411,393.1345722396787,7334443.31603167,-8.982231125794735,38.66742912460625,-182.66315019846712,119.55829321175221,840441.6168691199,2.327138146580396,57.84128294086517,-208.99913823519518,242.52234454220184,2237603.913772191
push,sai,9_aug4,-0.5992178297228352,0.4598733115169456,-1.152973263161081,0.7586422736671871,384.16348454849185,-0.5794215456676525,0.12807205173032968,-1.167608479970211,-0.306875127625922,239.2519354526586,-0.14856735430693518,0.25850562325687554,-1.0123306344734926,0.8157783326099078,63.8796152263043,-2.7071742528393865,75.32643592651364,-407.18836249614424,254.15935695722263,3970655.4574986896,-9.468546779427669,26.93474522564464,-150.1533578008557,58.6653615494055,552557.9592115721,1.2729755466655928,52.29476796309545,-262.3296499476686,108.181343110094,1879105.1329863674
push,sai,10_aug4,-0.622566828912532,0.40763398602019485,-1.2450250522072626,0.7253876231481118,387.6520874822861,-0.558733482480447,0.17652020655916184,-1.2983545450192935,-0.2020354391266502,229.9180409710459,-0.18159559901554698,0.26597480160319226,-1.2576824544594967,0.8475098180954471,78.17684660274276,-1.886987927889691,95.45979051182574,-596.6651706151493,325.1759131321146,6123545.961495782,-8.939646002041894,32.815160515147696,-154.25765301561083,56.8236401530888,805894.6542497907,1.1444831111043503,50.74427384387195,-156.40747586006316,215.07005533811403,1800608.5736799762
push,sai,12_aug4,-0.57354501307373,0.45224560057099067,-1.0621645281855283,0.7149071635042804,372.91913610167876,-0.5544566165653906,0.1774523426789447,-1.6195838797890554,-0.16623655865688944,243.03561346647876,-0.16175964509543406,0.26888522220945954,-0.9873818543763302,0.5269290956116184,61.075698028125196,1.1574812584446303,68.78842912246645,-312.24288463769483,202.5910361994802,3153912.012478082,-5.124667214453207,24.349682022447986,-106.05501486176364,77.73440130453379,530250.670628394,-0.18576994962035576,59.48143978005685,-229.75594759018136,192.85163648264447,1883862.7853571654
push,sai,14_aug4,-0.5638525907434963,0.4886258540571831,-1.0111467652059196,0.9977252708708059,385.41296265542314,-0.5849635706983357,0.18838373161620214,-1.2883382741060356,0.013290150875431755,236.3259688838795,-0.23141395955637523,0.25004001881504445,-1.1511297288362956,0.9416164558493302,68.58364120551448,-0.8644217622864465,74.11035236020261,-413.2618107519042,211.85201966114946,3635378.734606833,-9.039178286055664,27.464870497318174,-118.03865976747856,72.3120048683582,502705.3473596835,0.20519299077568046,48.75618347732661,-143.09861338960107,210.52487230547644,1404622.4643941903
push,sai,16_aug4,-0.5259147565349058,0.48901756500287863,-1.084758415737355,0.7866053614936983,349.20453863220985,-0.5606649627000192,0.1515430068306836,-1.0839975385492913,-0.2209406110230337,225.4931527442075,-0.18058964116171894,0.32826520939547743,-0.8959952122769717,0.8346922676545618,98.96152521339474,-1.9584375905717695,85.40052702427035,-431.273415477352,243.2513076879933,4738213.852998644,-12.083056176471665,30.636852946732517,-119.29173433814245,51.84739974841224,709809.1837560845,2.5380947528632674,39.60252987799108,-159.1142415163008,127.88735276398481,817313.0666988138
push,sai,18_aug4,-0.5981771421415665,0.43222572875621246,-1.1399576615304972,0.8129060239224126,360.67339424199145,-0.6014735176739212,0.1851323842693827,-1.5240393498233684,0.027733682045541927,257.1701276720269,-0.0877480446963668,0.29800411974852686,-1.1285068730464616,0.7136542511841197,64.17088655380635,1.377011759472564,94.79734824344462,-445.8052713312769,339.0727621256601,5838456.212559058,-8.231680766900404,29.74224065351566,-136.663571186458,76.70224569138234,692038.608470616,0.08042690529660534,50.440201036697445,-135.8868598991147,219.33384920917183,779038.4957296732
push,sai,19_aug4,-0.6350084456876024,0.4634873376076229,-1.1864893364748328,1.1235532159783055,423.55734598862347,-0.49794890283283566,0.2091846170316606,-1.2422464026410587,-0.1351535789218566,187.7007956960274,-0.2534105447365259,0.25165524580032445,-0.9993561765735265,1.0117571263075744,97.69168961132956,0.03639794109619887,107.89652891616204,-592.8792262021794,355.24689308333933,7857850.770200855,-10.109768433001058,38.69775882824331,-187.6180370459028,132.40593232129672,1256936.4635019596,1.8157279251750784,50.48654788815425,-212.84450268430788,121.4656919567611,2053201.9128033915
push,sai,21_aug4,-0.6166812638825048,0.4657424019132257,-1.0955588411605077,1.176757166116444,375.04855474036975,-0.5772760570625355,0.14721419852426723,-1.1981573972645982,-0.07818981362386529,229.23942244275588,-0.1871056474933978,0.29391044441023073,-1.1164582678509667,0.8535782809703953,90.87355157543136,0.30399446706195954,74.64862073739464,-409.7477932769401,264.803561966491,3773060.410017563,-11.870731114263151,26.476991508570286,-118.53170178556681,17.97779486027292,579124.8511123428,1.107620473059941,44.33544103537331,-112.95333384980768,207.1432875224751,1081441.5910175862
push,sai,22_aug4,-0.5807343934925424,0.4487968772620714,-1.5604143041449825,0.7508723492173431,364.8070209039191,-0.58540272409108,0.14327062498104173,-1.145619620260172,0.07017208004678553,243.57020065726996,-0.1663742534956362,0.28033104594723707,-0.9180731906877199,0.5506829639157339,81.62029070825497,0.831118691612138,73.87998797609283,-331.75873372815283,277.0462098585835,3812658.446061617,-13.553463933049777,26.517239967958382,-136.80681846276775,5.319576574448723,522121.2412788614,-0.1151191453554702,45.67840745115816,-249.69239820708017,151.064812051766,3499048.934544326
push,sai,24_aug4,-0.6009045082047073,0.4851059580935293,-1.7521283340704352,1.0160740381641098,403.2110042997327,-0.5647871884931306,0.17887096418729198,-1.4966221409465317,0.013680230511605097,243.69675366557712,-0.04939213365721498,0.31744110660612146,-1.2031082813249372,1.0728507828611398,62.013172353271045,1.7534623980088917,96.66667291199403,-493.14911369839655,502.2687012924998,6701945.55740483,-12.186333296496022,37.28122070320561,-175.42311970315077,73.16814070359248,974922.0159591294,3.4927433812734288,44.925506476447715,-152.88921148544432,251.91147131730125,481064.6167034304
push,sai,25_aug4,-0.5831379368110401,0.4690281594951264,-1.0591359599582848,0.9311916758244285,369.4578326352707,-0.5819574823839311,0.19688444088371293,-1.8017973334807726,0.1207988765844419,249.16661389936445,-0.12230745172820723,0.3259742808814895,-1.4876031375537042,1.1719740886554084,82.8770437813749,-1.7030065766780587,90.9529552383116,-505.67416004422887,250.79686317859938,5722045.661450392,-12.127117970656593,32.68768931112143,-157.4022146099315,25.969265022135954,689631.8941142906,3.4600618245375787,45.17487409419207,-111.59787174726004,198.98800733605506,1677679.0528314793
push,sai,26_aug4,-0.5984696968944646,0.4455384416066059,-1.0855324531266797,0.847516765737786,370.8903510160304,-0.5742413985522342,0.17734250168276008,-1.1726911432250429,-0.19962620693821717,240.91021517282383,-0.16953156834964186,0.28524810802833644,-1.1173683885219743,0.7250557814922753,71.33082293859273,2.2499689528914564,79.64573081535643,-342.46652904315164,307.94014665837824,4268554.528870961,-8.694813429367981,28.578210128429426,-130.98041447693976,44.533585265944154,425837.3877618708,-0.07834849640313957,47.85863096701022,-205.3741236198248,144.23574193857033,2218596.138838726
rest,jon,1_aug4,-0.40942407995802493,0.6275341325306486,-1.067651209044267,0.8455366139423875,276.807393296465,-0.4002146972417638,0.2649672038504931,-1.359215198086159,0.9656551706423043,107.06459607243355,0.013570351049606277,0.48488767862973225,-1.3578653145006272,1.6034002954729034,109.74349585768181,-30.65299478299924,72.8008295005415,-374.6151094678164,194.78538370870749,2914423.6058251224,-22.188702305723734,48.18047688429935,-357.0289642235217,74.45651032650011,1471983.754831764,9.320145153228545,47.43122589545513,-75.41900324851802,288.23221947793036,1253656.4403074614
rest,jon,2_aug4,-0.9020993387048003,0.023561260304451815,-0.9885028459572923,-0.855539647076563,394.8133583797071,-0.298492959905593,0.0296319267863907,-0.46067330273637,-0.16753721933982893,46.83718319047287,-0.2371014173497796,0.047113338483399325,-0.331082498523644,-0.1261756935850268,23.496611360069334,5.568179610320204,18.25819916689686,-38.77513214255053,86.25568299047863,23607.557699021738,1.8606651308683446,7.789548197262677,-24.05895224455039,30.262451481583383,12962.04334311543,2.3820113420262086,4.039367684672514,-45.89999701371821,50.11259625654117,-227913.0510842313
rest,jon,3_aug4,-0.8814495879464896,0.03258120842237709,-1.0621665133396445,-0.8494052234523787,367.0389754389307,-0.3298124389054089,0.02802946557465779,-0.4317753970194612,-0.19722018460781274,49.261942424529934,-0.2274396131139321,0.03976374097362659,-0.37267233660925875,-0.10796790757503183,34.05664988124426,1.5421699750317956,15.728516674285897,-53.546785597633594,36.410718576337295,200907.82051418556,2.4244502117828857,11.404711598378436,-17.46087855468022,27.263494056126017,60283.87608921272,-0.3010316948839594,14.463792454807297,-43.312346705539085,17.92863746690891,-19468.311381818086
rest,jon,4_aug4,-0.9005027346261691,0.029336642467389668,-1.3158512959964976,-0.5749000240854361,357.6113343851457,-0.2911006030310889,0.0878690911597481,-0.5583894442239643,-0.03139162632439024,48.23977243124375,-0.3136962325579796,0.04079858639016208,-0.4411708961925746,-0.19457226582692475,38.94162744917814,-3.6011359578791353,28.823041114726845,-92.18561436881554,79.60787034593454,272698.70592845895,0.6204604803434919,10.397225763474795,-38.17339522170606,35.99540818554518,18726.8796463994,-2.3802201577228796,18.530244797628864,-146.10002249112313,34.364894269443596,-355229.90982199
rest,jon,5_aug4,-0.8859525175668133,0.05170357592586797,-1.2148234381938297,-0.6183275973253707,362.3884912288371,-0.2959979371254682,0.10273738824298266,-0.6222709108754728,1.1304931467261066,35.84110744058488,-0.3200717855106391,0.0891330736685744,-1.1633492822821418,-0.27939017971000546,59.48551188906196,-4.364906668827639,32.83118275818899,-191.317700571489,82.33253661107938,522996.1342034802,-0.6857219394074384,14.994774076488698,-119.15814898875676,18.74721458323091,-126961.36942760549,-1.5540061540247905,16.311790370698823,-38.64514127831691,59.130383028713304,16049.713007101891
rest,jon,6_aug4,-0.9050394515301673,0.03363605269354019,-1.00806258312736,-0.7661144332708201,388.2425912590473,-0.22220442827685372,0.041473883228576175,-0.41024337069403616,-0.026223610022108018,23.732724852226415,-0.3232204752031271,0.031111667774980263,-0.547203897217323,-0.17347382953460438,52.14248674893101,-2.849179871225303,22.269526852154716,-59.43262989410178,49.933949501770776,183698.44413556147,-0.7757077458881934,7.066804692573902,-19.673372359549305,18.004106799361953,175021.23925087872,0.484515457744098,11.751164690541257,-32.96514106496679,75.16928485692239,-867532.6372397617
rest,jon,7_aug4,-0.9396780979901733,0.057527546529212506,-1.2850888894327592,-0.6089995656190752,397.65488192212536,-0.1684687147960307,0.10484942208656124,-0.45349211308939297,0.7499668376374105,20.009267400829557,-0.3863004811100124,0.07088595239535775,-0.5186595937591358,-0.043548897130926634,52.02492437246085,3.34650960929189,41.314348688937066,-232.75983498560987,87.94897288560705,758895.0505888467,2.8593431013306327,16.12607985268039,-47.07871780424019,44.08311727728486,-101493.02071169883,1.8554470180191072,10.960591488364834,28.208993558586585,5.650593158564092,244329.50099081377
rest,jon,8_aug4,-0.8858659817892469,0.04760502325179339,-1.0343793775069927,-0.672466605112872,385.2069539486748,-0.28501517267396415,0.03240864606188121,-0.3757376112446593,-0.10309368468928437,52.01204366644841,-0.30820630871110166,0.06438252425895916,-0.65381298520467,-0.16601841907085338,37.75524317867122,2.028287206879053,19.725393962992655,-32.525841900641275,50.51139961080283,-9791.342765985552,-0.9782499196917833,7.299289016829743,-16.76882441232849,16.03055428058973,269781.72048792196,0.24207116898570424,9.077011664264061,14.284210338611402,61.37134121090317,792639.4894944944
rest,jon,9_aug4,-0.8790647835259171,0.11388935841554473,-1.510924142515016,-0.4986752615113388,384.5419117212532,-0.29425069430357437,0.1417594423249041,-0.9882538989421501,0.3273805832232302,46.75271275436287,-0.19856293441078865,0.10984893754968841,-0.7653778596407675,0.13571420850497337,42.21945735179628,2.201718176519785,77.7778209775998,-308.34146854939587,287.569177852768,2966096.8741569933,-0.5932812049610289,24.30137743802506,-113.58565745105092,65.60779162790442,28125.014709708514,2.331729270937815,34.74813117277458,-180.39326388237464,129.2513110299553,89197.28152002255
rest,jon,10_aug4,-0.9141719469583767,0.05521467460597087,-1.3131940544439358,-0.43982341739212666,405.8080412479493,-0.28602222421064394,0.049728007803735014,-0.45984368798259206,0.03307230804974682,37.716700271284374,-0.23870620172335344,0.055544942499686105,-0.536957089763466,-0.08699209221652954,39.202998726981974,-1.3133588439154489,39.99320508131158,-81.55169843076791,234.60886207338893,674211.8166695684,-0.3601930341233405,15.893924435981912,-114.54777880208178,76.53973282505792,122867.62522576818,0.6103337949677166,10.213436477419954,-36.437441342541376,30.81119045882872,1001780.1457283528
rest,jon,11_aug4,-0.9145433328513387,0.020678950677200575,-0.9357793051889507,-0.8675145726979218,406.141968497721,-0.23793964245158675,0.02302758974831695,-0.31750950718669263,-0.1317450323682242,28.825288523685796,-0.2453521099298333,0.013533826725441383,-0.2597554080253659,-0.1967672619442682,32.58231551409472,0.28736770202509454,9.51668847120742,-20.911415989108793,27.591012392938385,-137910.6251866963,0.29999835948990083,3.185204928728684,-2.7031874487170207,5.71742230067774,-20028.73373510801,-1.1322198368697227,3.3513885742264593,-2.9993656239014292,-34.47670357913147,890116.0349228218
rest,jon,12_aug4,-0.8701651780564096,0.07041941093482927,-1.0018539325456584,-0.7276537579142704,376.589738313674,-0.25251865399180107,0.05643029305937099,-0.31258439867696197,-0.1671176463184039,40.090096352771326,-0.29635861591015217,0.12791448984644363,-0.7059570484556174,-0.09412385796810091,49.03723523003437,-2.9174523471657334,28.125483198695107,-90.37052884251807,49.4541949113098,242656.67866475234,1.9543755412756394,11.788385476380721,-21.510290613294085,24.241725789486644,149664.19735901448,-2.7601505148298893,13.481793046430722,-18.39055369229321,28.95406187073315,694230.5467071328
rest,jon,13_aug4,-0.9250681017036779,0.01916650118773575,-1.044815300744387,-0.8063582143248226,384.8675025173817,-0.2874656637700227,0.035932267999424734,-0.3790820642613855,-0.16370229239419382,35.40432557509984,-0.257662355885259,0.04580396786627415,-0.2956133961748404,-0.1477118014450278,23.759609106608778,-4.257453937174367,14.634849852550124,-28.791415138048738,36.74932711461662,44319.08674699676,-1.8143028331974573,4.822275360338292,-14.76911158995922,10.521377171549995,89586.66438055693,-2.4189468941430756,17.75990541959594,-47.248166489454064,15.441825811288206,264628.383588801
rest,jon,14_aug4,-0.8997971859681764,0.03897938559510644,-0.9497176610741238,-0.8326746390787141,397.49397471948447,-0.24405862697548036,0.034613028292700375,-0.4360886890902189,-0.19359162195311397,35.30469956699398,-0.24336941088310104,0.05001811607394286,-0.3111951910347196,-0.1770790805989345,25.568129102626777,4.8738647635570915,17.415786646678455,-30.633539189429136,50.559961906862185,227499.0012547054,3.032838011264896,8.516880379744862,-14.06216854028054,19.911275358634413,-269463.7927871481,1.2223392986424888,8.671951105475422,-54.36006640651261,47.799200764460906,764083.367190946
rest,jon,15_aug4,-0.905963226080857,0.022897325863965645,-1.0197203535416524,-0.8718458734593821,405.04317929064274,-0.1987820827577441,0.038606094983148855,-0.2760736521658802,-0.10562918469019938,22.99464136088426,-0.295692636837858,0.02090028268249101,-0.34969346316173927,-0.20860976897696626,36.582802204448164,-3.668853719563657,8.728030190508472,-32.9786298909065,28.685553589739712,43103.43087236276,-0.8110663100912482,6.912726121140796,-9.942857328658063,5.899492406801384,-33790.821524388986,-0.7635462652175862,6.5182174085240465,-51.24091115159672,40.32975263748094,613315.9842360548
rest,jon,16_aug4,-0.8794021440561803,0.014768747799342693,-0.8700413271323018,-0.8321148263701712,386.4788609641139,-0.29079902482240294,0.02999413550263989,-0.38936610040784253,-0.2517499488995489,34.50335291797554,-0.18627084129501384,0.0026396668972023495,-0.22387944848481534,-0.19959925258615435,19.479508627804186,-1.505429199555286,12.938450175646382,-37.27864352547645,20.6119696483119,14479.209425369481,-1.1842712618278208,3.5723631760214882,-20.38281878906688,6.843424857835405,-73065.28151651203,0.8533313117303953,7.598185912683207,-37.03403576831658,-69.07016253217571,769336.1414449142
rest,jon,17_aug4,-0.9258782703842162,0.022872713684933738,-0.8958636248840806,-0.9049475199555519,390.40077215168975,-0.22809549997551615,0.0384956088325816,-0.3214067653646961,-0.1367738610791098,31.934028487767907,-0.24217135141717253,0.03318881826604739,-0.2602931014896906,-0.21247000396479476,25.55775769685811,-0.4092405861615307,5.931920405066448,-13.619452010081147,19.43067780022035,-55572.94040456325,-0.08678274623971616,5.638642625929847,-8.619243874606646,14.692584602528335,-19907.5408133441,-0.8183860976341668,4.819735907266692,-33.9606322691741,41.19430485234858,-828694.9420586234
rest,jon,18_aug4,-0.9052804839153882,0.009893096970601159,-0.9609623753333095,-0.8515689110512609,402.57494911742384,-0.27435884629322865,0.029883024779617583,-0.29561976609097995,-0.061078026360873804,26.379804425005908,-0.2642710703085035,0.031776997629873724,-0.35868627420541604,-0.15961927423679717,24.606110952754335,0.4829863129250929,5.8574266341404755,-23.177126228983628,32.15661520582726,84989.00236256032,1.7327572754382885,4.689723517533731,-10.109692892317682,13.656574633678645,152882.31454975376,0.3552576336093546,9.977059792135767,-11.927003489037482,-2.2595657531417874,733718.8968718253
rest,jon,19_aug4,-0.889100257872469,0.00879453256855286,-0.9082303411827465,-0.889429327315443,391.1362233352051,-0.22784349957686226,0.04718130570629565,-0.4035783095318051,-0.1972683050334271,31.36009086946805,-0.2801114944497572,0.012053359754935624,-0.29194949989003977,-0.20556963794622835,32.81749438369209,-0.14353877002794502,6.466308046921925,-23.292443836809298,24.25733936320587,308808.0613150281,-1.0468332311747814,1.5109966174521723,-12.478343756134148,9.151005276777223,-25013.869050500507,-0.24235326527192386,7.130388248111845,-7.122787303210796,-36.45860259933984,11605.322687949038
rest,jon,20_aug4,-0.9067408690850509,0.005616369730535228,-1.0103664825756085,-0.8129129997657975,412.17697184563923,-0.2936991943471581,0.025255943232174533,-0.3940529660637806,-0.1858473449656468,24.788476994397072,-0.23807797595059607,0.022643146054454083,-0.3592999753583068,-0.22046688140430531,23.080605030338315,-1.2074301417571254,15.629021943651937,-36.216221539896,27.284907017861283,216292.69989088026,-0.5919030384201391,7.711431869579056,-31.36446786303087,8.13507527975726,34010.50592923243,0.238383555003794,8.126436063769761,-7.4436107902712205,40.231315502746405,-283816.7326445323
rest,nav,1_aug4,-0.17436981043683958,0.6292475103577191,-0.779672027285182,0.6221073053430756,174.53843541107418,0.30060521217927555,0.04240649527437252,0.19777478663878895,0.35382551081882446,40.467990634971024,0.7013054775178154,0.05351921072924111,0.6624294282307446,0.8491900808524838,201.61697038756134,0.09294053422429319,4.81974572702059,-32.67240414960015,13.268727870210475,39253.79280172057,0.19890868413439605,3.64537996701039,-11.999780037705044,-2.4165043476139454,30580.93505483991,-1.2646688496829512,7.968557494254556,-48.23972512291966,-5.031007015900812,-5646.311075508334
rest,nav,2_aug4,-0.6907772424507239,-0.012651416229900877,-0.7175844589789039,-0.6328716340901018,216.39988079556534,0.31337984343491226,0.01801282063774874,0.23888041464221743,0.39034377026012407,41.33525854700891,0.6316586926355242,0.00837525012213548,0.5506949600525922,0.5972437773237502,160.44438062608688,1.1358503425339734,4.940160747122493,-13.439761216405799,11.575409414360475,54623.55217053655,-0.5954775451239855,4.039039482784189,-6.5684497480090664,7.255273457404192,105171.03446581552,0.27603002904861934,7.638926156533286,-4.765950643904625,9.253302903369033,1122805.9635350762
rest,nav,3_aug4,-0.6604770254465184,0.020813643757594223,-0.7340402485652008,-0.6938557051128718,183.02339029616004,0.32133271756700565,0.006482081598697175,0.26620819508610266,0.30818893785892937,39.195381093005544,0.5666354934206475,0.011424322099952023,0.6144087933492899,0.6475103908483613,171.31527210280186,-0.1531853579652896,2.268230136059247,0.5282178695271789,-10.179243873740601,-37062.824813859195,0.8254363297483103,1.1764726280407023,1.618955481229519,5.102404397148963,-75743.05924380575,0.1835518208617171,4.600906898114101,-9.109914820986873,6.716546314933476,10915.304600047386
rest,nav,4_aug4,-0.6975832557400709,0.022467625332903862,-0.7161237665565926,-0.6378982541739937,207.999250424864,0.2186438175570078,0.01967105387944271,0.23675939028109502,0.33762786566015984,30.953462390943084,0.5674984757058087,0.008699399779283802,0.6033532266870523,0.6791318137496727,177.52082314870873,0.142377933727713,1.499788203992197,-10.828358416520402,13.44336687603656,-2367.9922490195213,0.09107279323493815,0.37652181736485524,-1.46439760073171,5.395679996485133,103651.289747196,0.24097103518640386,-2.7587386444527318,-29.643711042445226,-4.105769138946901,-767577.8353575687
rest,nav,5_aug4,-0.7056627506207129,0.016536363103715857,-0.7691186665963318,-0.6602404078126897,218.41035710729415,0.22563196966746615,0.009140109036395064,0.23030172237760083,0.24543595158042394,17.507661371255818,0.6282085618518799,0.0076642680017890135,0.7112541213129919,0.5884875768348902,172.7129988268666,0.8544394185449224,2.2196297862974887,-14.389675773597691,-4.2009199451733155,63282.477557381775,-0.7027810189557715,1.6493476947445755,3.7997577205709345,-2.4443696403551525,-16345.470615859262,0.2883198206757115,1.8260025641114956,24.45499342899413,21.38692734472701,-584466.0970907178
rest,nav,6_aug4,-0.7217566196387455,0.025827498315829252,-0.7676332018286766,-0.6852282956399458,215.74855139248223,0.20233084551906297,0.020627128946210275,0.07661722736609385,0.2931035050382506,15.49337975312056,0.6857148664417402,0.017491237533648927,0.4014513985108131,0.7821421154763878,172.01908181191695,-0.4778832766580382,4.8160161285188625,-17.642519234980703,14.095383539417817,-344027.06392121315,0.45124398937653554,4.864269860042938,-4.351491024324875,9.959157924650613,-48257.96279424777,-0.9171046633528607,2.392374244907875,-30.217180142797993,10.73212449533199,118350.11473464643
rest,nav,7_aug4,-0.7070056358218687,-0.001868518552434092,-0.7026516306886162,-0.751141236739578,211.30049167588587,0.19680134025665755,0.0005777951563126832,0.1723966761943067,0.19534409595783003,20.33502280328395,0.6192418659039618,0.016215948312585243,0.6026464649143792,0.6269484985366203,166.34946276192557,0.07881041497431164,0.5969985977616304,-6.430144265881751,0.7128649803922542,-59374.48173624818,0.2155943643578367,1.8527015810214686,-7.371134990520115,3.6337622497684956,19682.855209270674,1.0852833534758464,5.5047149332290815,-16.67362962329624,57.50565518096628,681477.2709390204
rest,nav,8_aug4,-0.7055606099846744,-0.005045601001863819,-0.7088445484544086,-0.7242749194614109,216.05467485057588,0.19969768732161533,0.01507929302571839,0.23143983942380597,0.2563720012221444,14.230607021708678,0.6262882351776543,0.007624157404319277,0.556053900746558,0.6580486975360161,167.08520802887895,1.220633411333486,2.4687454643585647,-7.310338354473123,0.4838316938256151,34606.28331613919,0.1476118098231265,-1.8496293406415718,6.118696243867069,9.596710512702453,15461.290412539827,-0.4883701743402747,3.1276822163476954,-37.509667266371046,81.28987813145008,-236392.10645628732
rest,nav,9_aug4,-0.7223562878149201,-0.0006321923997847628,-0.7588439289198193,-0.7100660093433262,222.3229961609319,0.1733692504843562,0.01264838150355494,0.1474368317115728,0.21306124751110755,15.483085585088984,0.6355177022781777,-7.723386096852511e-05,0.5635763743250999,0.6659684639799263,164.73868301703487,-1.196077413290779,2.0245141663745705,-9.412565508467448,-3.0181548467250394,112078.1118749007,0.5423080352771885,3.8910600122855374,-3.4385031689332677,2.003738431629364,139044.19664944368,-0.1045493801987073,1.4016661436553766,4.211042531268784,1.0997440202218405,439332.0773516187
rest,nav,10_aug4,-0.7361479864525046,0.0045287750223866816,-0.7334914647391775,-0.7337114829913657,230.30206536853902,0.21428858746627544,0.011469585089977911,0.12931075846014928,0.22544080699071534,14.16293573775701,0.5871495254588144,-0.0019115397801752355,0.573802735487027,0.607534912864553,163.377699777177,0.5721901460421001,-0.7677037744521463,-18.25384179593204,2.0046706651312745,184224.4963535964,-0.7841964198929959,3.2015842508640953,-0.5675435197524479,2.9741401368521556,51941.361635165136,-0.36451450989492856,-1.1347050954876665,-14.17068562848455,-52.54825247234467,-742282.1858199296
rest,nav,11_aug4,-0.738352503730993,0.013046963821558157,-0.8228954202824377,-0.6545517672611922,221.10108644440135,0.25637883805162315,0.009664160714655028,0.196384748978958,0.34757519162774375,27.345038906234954,0.5884802830911052,0.027142713332981575,0.5715709744742135,0.7174710135016233,157.51996523041447,-1.0915231466668676,2.674301347072393,-27.73762769817014,25.88117011412951,32430.295067518346,-0.6643025042570239,3.5187996736980187,-8.228280834746663,6.071511122473132,78047.1364205235,1.039087519174544,-0.23561282888159063,4.623367161238974,8.980000457772121,196183.7116762461
rest,nav,12_aug4,-0.6947539618854282,0.014454270625265692,-0.7459526737348696,-0.7045110653566676,207.03422535935997,0.24171160013108486,0.0222301703751879,0.15471298923594767,0.3799596554462497,19.66120012188077,0.6538283240786579,0.028886944959004884,0.6139646180544264,0.7867221626177782,166.0469735632299,-0.6527444165951595,5.229868743003792,-13.03522649910784,36.443120651033496,118672.25739920701,-0.1295489935173541,6.083726557474285,-32.974575055806675,15.840391154018036,98109.69412325163,0.6035889683675203,1.537962049324225,-11.109709077269054,59.76324001984433,-644310.1925520217
rest,nav,13_aug4,-0.7158291120735677,0.03537626281555422,-0.7535434095212362,-0.7245681354051423,214.39931210150908,0.2625692865749163,0.03732407635425855,0.12228609351477243,0.22109861715692064,18.967764814794624,0.6527579327673108,0.018652286547740406,0.5483270696676534,0.6977855347778369,163.5364868217436,-0.7726462352220667,1.045237426246626,-4.09767738137295,11.399077130263253,151867.9770836885,0.6063272506247523,1.4272020307191289,4.721437851409087,6.454498493598416,56641.00205194314,-0.027360403031561804,2.6338238677101575,-6.926460386417441,-7.85686737098456,-613038.8812920711
rest,nav,14_aug4,-0.7038404516088153,-0.002122430827638228,-0.7653100808905176,-0.7573161914479946,235.37456905951078,0.19294288812237956,-0.01397050889878923,0.16719808591476176,0.18323679907931528,10.186642551104963,0.631593176773123,0.001781803424745235,0.6141717306701512,0.6538923420686052,150.64114283467433,0.04725517591864126,-0.691741898861708,10.302318313132428,7.973842877222306,-81342.64559422224,0.07794396470552134,-1.713302315278196,-4.438393965210551,-4.260871280708475,-15003.417939255973,0.7600470300301069,1.5811383564614692,27.910837441243608,2.9929891143527363,23235.928098479475
rest,nav,15_aug4,-0.732225192804496,0.021089379348105942,-0.759100117630825,-0.6292283175652003,224.36096515540726,0.21084569062819647,0.023591487999691366,0.0998728361802528,0.2954288436211478,14.699883394257613,0.6616914516017418,0.014467183715496693,0.5367873126735041,0.7178191167654951,171.14294907107998,-2.0746798463201563,2.908812750630208,-12.24142843086644,15.540162427376437,-56330.504466613726,1.2162443471781643,4.812842867792272,-6.1183650277128425,14.112066881300414,140769.65058730225,0.39518409217007805,-0.4920055439529474,-61.57237641580541,27.12180834060458,216762.2237081304
rest,nav,16_aug4,-0.71358722269494,0.013146487518152393,-0.7171000594071548,-0.7465149793182349,234.9690260870887,0.25882064705866553,0.009589348199774729,0.1540025626368704,0.28288403159092296,20.83949854144678,0.5358312373016841,-0.0029187786524407407,0.6031839585705738,0.6970451635178763,158.31654265647487,-0.56569005932133,0.6745930215138255,-8.743413264700282,-5.486585664186942,92454.20377519836,-0.5562582416743745,0.9115665957880326,2.6504530584882158,3.082331380501071,-22796.271280051067,7.519023636320954e-05,1.8548800244629822,3.210576867780971,74.03332442900252,-273294.03645091865
rest,nav,17_aug4,-0.6061132098312568,0.10339678413098075,-0.8579355867535271,-0.42212331533374836,156.16986737054864,0.46616535646911683,0.23492986107060776,-0.1524439380617791,0.9406289835084629,117.16167141845715,0.5417020924890286,0.15209388191053472,0.3247571228828565,0.9364950116469201,131.1751808739851,11.251465395938917,59.283573535524226,-141.40499531583623,199.70399633875942,1664989.0298817235,-5.200299372148435,18.107883419754828,-80.44737333746093,47.62931951219998,249081.9910207673,2.4549174172141366,18.45074975058273,-10.93918183706386,104.98067631638978,78166.97991286873
rest,nav,18_aug4,-0.2690074331111646,0.19757795185672788,-0.5506823203074818,-0.08641805949872493,62.08978733075052,0.683101307725903,0.0615906974426468,0.5799264812254696,0.6999820558898867,199.3422329872989,0.5700282579654348,0.22772000366409986,0.2481732181602887,0.7495718125935247,145.50030045868778,0.07794681454549912,2.890551928236078,-16.900554657552313,5.789642782732189,-89674.64012530594,-0.8560419800865502,-1.366793489843368,-5.129009953755345,6.731656274715798,-100018.99289874344,0.07458081043503806,-0.35640201374310054,2.532993799568236,-17.771432208586084,-439318.17638374225
rest,nav,19_aug4,-0.08859575268690796,0.02800450005258424,-0.06908052476968488,-0.12775589989490474,5.396677340919985,0.6467350742171268,0.010120684608091964,0.7142688264864147,0.722414155238342,197.01237830159846,0.6705553494056138,0.015250456695540366,0.7158936531285247,0.685666976946599,205.4768829244734,2.216800681927233,-1.0787282053127947,-10.283925036683526,2.52699303231171,199011.7790913095,0.8910854789165165,0.37697603910564403,-8.969788977804459,4.747471391354937,151475.6235096653,-0.10169136689983757,3.4778786577008622,32.24649962289539,-23.60496879898992,-58388.811318686174
rest,nav,20_aug4,-0.1158810329938371,0.011194268063716501,-0.1043888294306752,-0.10018704250879495,13.502343508246504,0.682244913727926,0.005836058670178959,0.7473975175942746,0.7071915011501725,211.3621539311426,0.6632466124360672,0.01622454117034456,0.7708155673351077,0.7191970494565189,194.44377646035406,0.18175340496498926,0.9940136786934394,-2.5140688214717115,-0.3885159086105441,128764.26644878552,-1.2475000572776498,0.7585040063268775,-2.5365917056758764,4.334074607594977,8340.377572487369,-0.6489377695147468,-4.82716558564965,17.470060836443675,-57.091499687921925,-57632.28448751338
right,akshat,1_aug4,-0.28811385272824447,0.5101725071853153,-0.8068160384528392,0.43588844586930114,162.6080272859016,-0.4874891062773505,0.2650741968647487,-1.1064622352012574,0.20019959945758264,159.71896495955855,-0.5913681990224783,0.25256260341851144,-1.2242081483074152,-0.19105329050173542,169.3075122176754,-12.2044592951803,30.90949498224609,-121.05813486115775,59.04130277977879,474808.91096010595,21.562137849530394,35.43727878243008,-18.10998526279996,115.1103964860695,764980.1259394349,9.556970414903553,59.086342608202436,-125.53187433738465,146.38165111338145,651152.4835874401
right,akshat,2_aug4,-0.029004655057755582,0.47652060841094335,-0.9476366792060839,0.4890488329092463,110.75309464780261,-0.46705458084242457,0.4190026043370723,-1.388419206422977,0.43203291751410466,190.71655740003956,-0.604673472808716,0.27795195521085436,-1.2460828485123763,0.26934121352479984,219.92274517658606,-16.173200953611648,51.87292189563647,-165.920480806734,108.40219727119221,1680011.6977727967,-6.809786727149516,79.83658687941742,-291.8025501811849,112.57493531192787,2978655.187921943,15.966860619142873,63.71656845113933,-179.37219846106728,110.90339595968703,1939662.3824161845
right,akshat,3_aug4,-0.15298148522295732,0.49757307969357284,-0.9972796484808726,0.5546350031673088,144.78524968716164,-0.37594252088890046,0.22914859291987397,-0.9623430661136018,0.13311759241899696,106.25562047589021,-0.7126500365025827,0.24468532369436885,-1.5309444272731965,-0.20699972174596845,264.51447660719487,-21.100801037694573,41.610500223785834,-312.6154594750081,93.01716762372779,924661.9427224048,0.4975382695658077,71.54582788068132,-266.3193247650333,110.57972130309011,2542684.823849769,9.29785650316155,40.85113818644459,-81.3231083838566,94.78125335595641,179075.2089806014
right,akshat,4_aug4,0.04481651477134914,0.4855697855477834,-0.8414470377477178,0.5679590548015044,112.53847183222543,-0.5597260647612434,0.27247943939297037,-0.94376201132836,0.19795715527947477,183.98496585903257,-0.5870795342302363,0.2157761328302139,-1.263519949097001,-0.034250164564598416,205.03988496736687,-17.607894855123856,35.29538694843546,-132.48559308292488,111.56832860683167,779365.7944914693,-1.4177970751181488,74.26334492418442,-243.28117041289084,98.18862180067815,2613275.555858645,12.875843816912518,49.17953529504001,-111.12586153460316,103.29464187066442,1638766.9601252007
right,akshat,5_aug4,-0.1111304952174531,0.5728536038129736,-0.9765991500878854,0.553569206390137,150.35571299764302,-0.4440323992719381,0.2329504722428069,-0.9456344758018186,0.0726356369728297,117.26116253805836,-0.625773940947802,0.23401490276926742,-1.3695692181944048,-0.25050793393929915,216.56853579591146,-21.705237736466856,29.77962839096787,-139.71655534761433,52.19090895853499,705282.8786673946,0.37396444219727515,81.15360051184727,-278.5451728434868,113.38897634350697,2971250.46788037,6.637027356967093,41.22385512915544,-82.01086391868516,45.84244720965607,1621093.1617252552
right,akshat,6_aug4,-0.10338178403154014,0.48490333806448427,-0.9522917497039025,0.5270584565119698,107.58691744272438,-0.49182777500052566,0.3329237185944709,-1.1431195488107357,0.12962027456529499,169.83936097529403,-0.6743996523788987,0.22430440766625345,-1.1298331247943367,-0.13232574174080497,224.759352017092,-24.231972876753254,54.95757842053901,-254.9128851201268,98.07137833519936,1507861.8974951867,2.5439785523617364,65.86347748832871,-192.84594293347018,127.62623053232876,2069540.7866265392,9.66155782403477,57.224990583726836,-79.01489594433946,151.24404544741037,2781591.996216138
right,akshat,7_aug4,-0.11518350152488196,0.5448272563506864,-0.9722666231324408,0.5578787833638157,125.96852629246838,-0.4349736214658135,0.25637362301643807,-0.9156040648994209,-0.031712814387090726,107.50901954828336,-0.6827693801366377,0.24143047552166647,-1.3256885049564475,-0.11781092434015189,242.97295132162222,-10.27355772021619,24.549565205561006,-63.5788751635048,83.47076514458274,219553.3482964559,0.2233542559042495,73.92587691048446,-198.2131079488623,87.25929640596041,2509335.697437415,5.437009720617772,43.15317916615759,-69.77966104796398,142.25642658074787,1212942.6738934314
right,akshat,8_aug4,0.11172435842248417,0.4442667699052286,-0.767941302973826,0.48841452675368663,90.37848054591662,-0.4495968784339566,0.2936215072306547,-0.8691047508379734,0.024112334010904155,151.8506625372243,-0.6477176061663679,0.22357077927112348,-1.0159627118986188,-0.259990773461076,223.74409546292665,-14.833744806875055,23.52574263936727,-102.72775587306053,43.064263702853914,377135.62632537016,7.965538315440378,59.14511490500274,-254.43185191999837,100.32447360759382,1657510.070288347,3.6660871606560006,49.651437578493045,-66.55062704791908,138.21739737819388,661852.7563864086
right,akshat,9_aug4,-0.004775781057662883,0.48513753301039325,-0.8160694385123384,0.44341236874330886,109.01994508722836,-0.5199231887002604,0.3182372378226435,-1.1230438587569218,0.0786096875300379,185.0417084538134,-0.5237293066841748,0.2555441514919557,-1.090084527073637,-0.10959994458498244,182.43291562365934,-7.994267788480866,29.712979618703933,-93.40406527434321,33.43685836419483,475012.46839615563,22.06358811025544,38.57076461979901,-93.72099433986833,115.94467889567906,1009114.0730685872,12.58110098080602,45.7360955401636,-138.08147374284172,85.60804159283425,-95920.29010739224
right,akshat,10_aug4,0.03368585786297991,0.4414544009647819,-0.828034413325067,0.4941826913129113,84.74122359197344,-0.5644112635544632,0.3022050619247301,-1.1353436709270897,0.37710450374368665,190.56220479060437,-0.6054157845579994,0.23626229237063878,-1.1940889137746489,-0.11815392218332159,191.1474953408176,-16.69468219454003,27.853539427864362,-88.8058156101931,75.60015777267438,619831.3553610332,2.449919864583161,67.37836293259994,-279.6964431801559,112.38962996933118,2291122.0911241984,6.2049735522687754,64.35873514444064,-81.64291951756287,141.8184442151666,3458347.545034884
right,akshat,11_aug4,0.15878629383170914,0.40190048958004765,-0.9912990743384591,0.48337441465548675,96.66705330797923,-0.5668937806203755,0.23495489026861366,-1.04707850888325,0.01751687262476021,187.55938189559623,-0.6332843788853836,0.2039497633985098,-1.1057155778844463,-0.16803195229313067,199.39640743082398,-9.297973657861139,22.188085670785778,-92.42301435926645,93.87961250875729,203015.3325748053,-11.69519965961714,69.22792547003702,-233.48953095161988,122.75153772446896,2499131.035043067,12.574255989428154,47.15788664536478,-79.91610044429889,132.6236241905346,2112347.34821318
right,akshat,12_aug4,-0.1439703258421017,0.5292373189903384,-0.9828419696498928,0.43596345380599866,132.61439454514488,-0.3990981447428957,0.3033029778420801,-0.9671869128012683,0.18469710993154845,117.01219438970944,-0.6800361814321562,0.25647975492191294,-1.5790141972172707,-0.2702885486997659,238.58886081037224,-15.55741811777508,34.143082354359784,-166.66115023930294,114.27215753469001,495049.1935682389,3.0293006717772952,71.2406570839913,-247.3378817703794,112.3574248791464,2489981.8965525306,10.275091907389214,44.24562061389997,-99.70542160087246,58.99108485816452,1805411.444155625
right,akshat,13_aug4,0.2109338463655219,0.38618685796924745,-0.8210364241140047,0.5106831952481564,78.81906237869623,-0.5138697422787386,0.2816808028573541,-0.8360777309377919,0.2362525975370377,167.48235234209625,-0.7135380519180553,0.17389230805458086,-1.091222686883896,-0.4163302425172866,242.37222305509,-16.063421509318328,32.804437546053535,-131.62733278555763,21.4345373736711,515527.233790936,17.238293518755054,36.76003466904501,-26.73883939603691,109.44365086909086,755268.6671798927,7.568228361918873,47.10823344439567,-104.53882350615558,177.13250817885825,1387731.5771107273
right,akshat,14_aug4,-0.0053315126765985125,0.5102281131478109,-1.1512805389630738,0.5279903876785154,133.00393686904033,-0.49164797849437597,0.30900763129395115,-1.1702258573612085,0.20576804773440863,158.87277934925498,-0.6403404760993993,0.27393235367109253,-1.981129602412882,0.02083074062474264,240.3083015138328,-12.749426590779967,46.92805756853195,-218.5051154318369,210.78008502893428,1167982.2254206268,1.6365988886015468,82.47724620951156,-263.02274903467895,109.23086084954379,3214452.0889527104,17.639874541308505,50.900081147963945,-83.52351311796727,152.77141694973267,2075057.8224813668
right,akshat,15_aug4,-0.11483874012609291,0.5339737543874454,-0.905576198553484,0.572169703063269,145.46410772294084,-0.41959126853192585,0.2566969854362088,-1.0009688199849618,0.050025100068356705,121.8563558902454,-0.6882661097170064,0.2878197675436289,-1.4778666563924572,-0.05324034581653486,243.505207563392,-24.109359907624594,33.68798098558975,-186.96424750264217,60.91588864778908,913212.6020015115,-5.010280970034353,78.86369274530125,-283.35077101766984,91.38961544785985,2901322.6236553625,12.450160698251482,48.265563639760956,-118.00852386314872,46.480901640127996,-122177.67909076414
right,akshat,16_aug4,-0.1710553029491656,0.5685274627168224,-1.4169592969325713,0.4967496736078919,150.08721392225553,-0.5099877043281248,0.27837669322575676,-1.0560736411697156,0.5196026879465858,150.22192615272317,-0.5698515589178508,0.32868093994280656,-3.8177708584410195,0.010607745613377413,208.1142692993158,-23.130857657060833,43.28668189478047,-134.05903829964288,323.4093547987693,1039062.0729264272,-3.232981018858517,82.62359035777163,-249.5224301001854,96.42728949510848,3085082.6311242953,4.637840497412777,48.039185164431416,-60.91300772931246,100.00824646037714,561798.442652312
right,akshat,17_aug4,-0.08717505284329062,0.5026951045498109,-0.9939632172443527,0.5079383403155228,124.70821000358679,-0.5968272617203226,0.23441054900526076,-1.163175371110935,0.0030237149256164483,180.5947586850875,-0.6542238410340055,0.2555436255542995,-1.061392483443306,0.09415543059310408,187.55807801131542,-23.27505897752387,45.43619938488132,-145.3655008855059,161.42610210214454,1235877.0268852292,-3.4999744551057628,75.43477089692644,-281.59220323555155,117.5555748330807,3002254.617877948,17.590190681336622,52.80705184788015,-84.28629017332509,119.17497702890088,2943669.866674952
right,akshat,18_aug4,-0.32527691426987265,0.5136152759077619,-1.1634903005738257,0.4531533355366323,156.89990391887338,-0.4129373484008566,0.24445232789958596,-0.9788622925041395,0.514612158239966,97.5406599044399,-0.7009706775024014,0.2929952098558857,-1.5156134260219243,-0.09077219704389755,241.31555430941955,-22.562891235033874,37.321893195931885,-167.85270719021733,152.99831916406697,850734.7925831784,-5.276576641919705,67.11349629401113,-227.25393247948568,99.4666577069419,2219367.3622481856,10.975004376961856,45.92550643574904,-97.55115437059122,97.98986322363285,1041174.9335435191
right,akshat,19_aug4,-0.20083733208061344,0.5363796434529807,-0.9565126857234546,0.5195980629507344,133.4664038053501,-0.4447170117524925,0.22937363741405362,-0.9480355507648516,0.17181590469144933,117.83321823016503,-0.6985262551282755,0.21717668086858277,-1.2087915529981232,-0.2504537686521673,218.3305349208082,-10.31187094335183,34.45999946828015,-106.14833565316896,115.11403216767555,488311.33939439396,-0.9918276263993551,62.523894125872495,-169.3111167794268,88.16626330663536,1699141.5553330604,6.225664303437296,51.36259440759623,-2.596485942404314,92.23371320999439,783378.9444595373
right,akshat,20_aug4,-0.25048878839331007,0.5205210508836383,-0.826217878825886,0.6176396965864485,146.13405800210202,-0.4006506437074505,0.3089903119770399,-0.9031014992501808,0.3482734156799756,124.07013456364096,-0.6915881750690424,0.24973880516467756,-1.309882858387313,-0.2508771784569889,237.53128045776643,-13.76674367725972,48.49679253279227,-162.98263705901613,221.19594870430802,1245190.7817213002,-1.1886037469295005,56.184938323959635,-188.07322287148392,65.56890920570562,1344395.196160993,12.076357737323738,50.48098215560302,-147.81537936647064,109.16061450221387,2190368.3244927325
right,nav,1_aug4,-0.5919396606862123,0.32056883691287874,-1.1497283752534477,0.2974893250459143,207.4744403959769,0.3319918811543878,0.33610137164404663,-0.7810170683950548,1.336405065026505,97.7035489924408,0.7062701988004557,0.3255151945006816,-0.00528255841749,1.9485877734405614,295.14737167282266,-47.30949532632004,89.81903490779712,-309.6128986191113,214.47414634810548,4688369.216283906,-3.9215569588783312,83.06789527093596,-204.7607847718325,214.1094395458098,3253899.7599311196,-16.999906635233835,106.2622383094322,-218.7781418084709,201.09161575504208,4714730.093791494
right,nav,2_aug4,-0.5935775200957655,0.3720797426406869,-1.5464381334475426,0.37353438981877407,245.1214964192003,0.25219193483328073,0.3518796493609649,-0.5605482747189189,2.4197561324571337,90.7223896631521,0.7225825336183598,0.3614758047871204,-0.07319292588727364,2.173047597087455,310.28963126988094,-35.37176230125135,86.72913307935123,-638.194700201045,84.18088745049667,4182380.6200227947,-6.644168525778902,75.2187749491613,-218.42747147307372,169.642643672039,2784185.8721815823,-22.036751948243957,93.0169833163025,-231.17823955043298,237.44990574027068,4301278.079587954
right,nav,3_aug4,-0.4727733667874991,0.4204127313361209,-0.9172580884935446,0.3075890378212807,190.45780584887277,0.22121089909634112,0.2185089607426105,-0.23931219207430351,0.9921365785305436,41.053702660847534,0.7258093265936183,0.26219241766815776,0.20359906605307065,1.1885109293525598,267.62359982771477,-40.96839952415846,62.29859326995895,-385.4586636915725,38.37222516201661,2807060.6414287984,-17.266401977307062,49.71485330730644,-176.5401966070905,100.58658814779788,1097794.923541696,-15.80291666128524,76.64568196570593,-160.57476525107654,221.06907961070345,3102345.9873851635
right,nav,4_aug4,-0.4604734129501685,0.3830773542614411,-1.2163090464538582,0.2072186468965731,169.7463470085715,0.22091596603683064,0.22104324953619892,-0.3487601351607446,0.9279047491235892,43.48639582808338,0.7366506806991455,0.2672339925509176,0.19579848035962139,1.524337771637859,329.6748657747737,-33.94920521777248,76.42765634986623,-323.0242616915031,142.56273220950453,3257782.741386679,-3.11699350760251,57.87959815261724,-138.04108927710058,129.50888482089897,1620552.9610739062,-22.05364887930562,87.65255271838181,-272.39953810248534,184.24165742240163,4004706.5153842135
right,nav,5_aug4,-0.4962824582589486,0.36487022684221243,-0.9749098497311931,0.16361455719719156,192.32306703690674,0.22312483922193155,0.22477700142231966,-0.6060702452211018,0.7184534474015938,51.971416919447975,0.7612962294007876,0.2912261502007217,0.026690931987644932,1.4094038287461719,305.71978254226366,-31.881065981320155,63.10348931685019,-248.91685668929725,103.70414045798486,2168611.5356571497,2.683126524862499,67.41445558965391,-155.43757411070283,150.44185929180767,2121443.677758389,-9.721871989093616,83.85344859946636,-168.14200089649302,187.94562061560433,3236166.0669820923
right,nav,6_aug4,-0.43353119908958815,0.45400066917757403,-1.161704609484835,0.2762824304138521,171.81169316574983,0.23609714524924535,0.22434844255266131,-0.5058611195329777,0.9726703706557559,46.88791508786159,0.7365063228075681,0.2641428998435542,0.32415079118130685,1.975391806508238,295.4472839176963,-38.27161736941341,71.15433747969183,-324.308322762626,147.90987024782928,3130128.435356449,-7.490441650985421,43.93296107550085,-165.59470277182027,167.37612209388755,1066891.3592603242,-14.031746518891945,69.23568815922995,-124.34872044152439,40.8916980288469,1742812.7393967612
right,nav,7_aug4,-0.33885027484285274,0.3948030620747825,-0.8913879855990897,0.3909268625958495,112.27601695821738,0.3270066661326005,0.22068883940204198,-0.3063421008005132,1.0790024222829222,81.19248274972281,0.7738291465453752,0.2425275375736722,0.11552953488193451,1.4476994932803975,305.66864365634984,-32.14156311715704,51.66511162105506,-218.33344443074816,129.86951248390602,1832566.797330296,-1.7013806907361402,58.53175924948102,-172.50084048106763,135.04027329433643,1624329.6651965538,-15.409695177273225,81.12712470094125,-151.23249579244498,193.0533776593615,2513166.4340443052
right,nav,8_aug4,-0.44319187079474626,0.35248161184559756,-1.1257084245493374,0.3045811329087643,165.34685069431828,0.16756570189181277,0.22431485526414158,-0.7614657088265011,0.7951675951734405,39.0887746658001,0.8311845724909441,0.25320102957905466,0.40041750003745435,1.3690351644863845,331.40453809940135,-30.99620448570513,65.38443201400892,-305.0706115072365,61.07469201305933,2499134.792046378,3.047602071507263,54.64200046059192,-125.41755581154285,139.8265421220219,1445027.2869690196,-14.545108338818325,65.7957423960891,-149.53415366620942,121.00732504163199,2495508.247657696
right,nav,9_aug4,-0.4784545488508018,0.35456464605875326,-1.0762867872227118,0.6048114699466969,177.27443237424947,0.2884377634599959,0.24573427453318614,-0.357134990969803,1.0348163761443891,72.27497327529616,0.7847814137371537,0.2530964526076237,0.28663281413249936,1.3197005690139192,310.64798450652734,-31.107199123869858,80.9048073285335,-364.41355471109347,182.0773715746747,3484019.537943198,-2.274521307401111,66.46405425417895,-170.90357952508344,147.88420321949548,2021106.8728084094,-15.46050013847233,87.04839046988762,-148.13864847609273,204.62174944234738,4344914.2903582575
right,nav,10_aug4,-0.4974195100288233,0.4375674565224544,-1.1227905620966079,0.18622225096535142,194.61478680229374,0.21985889138139994,0.2167174525769035,-0.47941511012432875,0.8142751730976892,49.31236377800957,0.7036890898647999,0.26340854773648104,0.31219000797732455,1.4215259852059887,269.2528346129719,-34.273878763254906,62.140604162493624,-298.5448944567109,54.8399854451168,2463755.5989578785,-15.2672852716697,48.19065365276388,-157.52704037516526,87.29457694854179,1072107.885210671,-16.828647267581985,81.74177371357703,-162.57776918481264,226.0238587554312,2878386.7636499945
right,nav,11_aug4,-0.437426648416724,0.3809391978657708,-1.2712473826174182,0.3179200369613283,161.08389097033708,0.20783511214136713,0.23002182364245652,-0.3052425692230405,1.1182650726887768,47.323337532581306,0.7874416434306436,0.24847154201688532,0.021160037348781434,1.5171645904093531,309.3190585188327,-38.02663161687326,68.92711436847463,-404.32159275951693,125.5973850430757,2839140.9286711053,-3.0596098005821157,61.175051494430875,-174.2209337285971,124.90539189813843,1790872.2524095965,-11.752793540739859,86.29428930806425,-145.77703316475194,261.449226405293,3685167.523805742
right,nav,12_aug4,-0.40891933300474537,0.4106604955779029,-1.0051884022828503,0.3099786307524417,174.2162035336706,0.25537226003889696,0.26235400596472264,-0.3564505156400988,1.2638124663987957,55.22685303612342,0.7868179477916715,0.2649767983084427,0.04985648472972611,1.3245535859318651,297.37293050726754,-38.708735382979086,65.0349623450923,-347.12060417837387,210.23637043038806,2689836.1899618185,-7.431639269994838,56.624758121264676,-158.81420334015525,132.32816281281748,1656511.0147863051,-16.824371969305687,85.94491437400025,-164.8650672322421,126.18721894129214,4381224.241674835
right,nav,13_aug4,-0.45901962649889816,0.340804502480349,-1.1803532687529188,0.253619338070066,156.04207906856684,0.24498623771623357,0.28929711586540324,-0.5497978431850369,0.945194264580949,62.783201385632715,0.8139280522718633,0.24244002048042812,0.3073477573056377,1.2920858738352792,310.05572747150245,-40.375040162907226,95.98905494545484,-422.84352496841376,111.05021696272331,4993890.668291656,0.353089018437599,52.6058176210578,-145.75551255664382,119.21035909713062,1110974.4946562168,-24.17173496577901,96.29290854729705,-209.6561881386777,214.32872273269933,3341461.2396964305
right,nav,14_aug4,-0.5144933952684212,0.3971675019692721,-1.2135795755257215,0.23393456368113907,165.85980542010645,0.18040125618474126,0.247134609752087,-0.5361235827890686,1.02592612867677,34.88159580466712,0.8025361549919567,0.2753213104865336,0.24224990084671347,1.3876139522212987,324.9411577572221,-42.7086298395716,65.24692592541722,-286.5987882304277,176.0694856597158,2774337.060037386,1.6038649886436422,69.14895183183592,-181.48410304142976,150.27515404931663,2169270.1998183294,-25.25701269940559,86.44663354096909,-159.088128228243,99.43134778717251,2476378.9015875687
right,nav,15_aug4,-0.3823681435544234,0.44780894538920263,-1.245106943729084,0.2802546525202432,182.30389886637292,0.25669502910102054,0.1856949528472627,-0.46858429081066966,0.7379143530841646,49.264297750735686,0.819396425636269,0.2621347876184094,0.22878740986124774,1.4617033767948766,305.06527228407,-35.66812927963173,51.199753083642115,-276.4879089865258,46.87061337088306,1956724.3235506916,-13.78137729414226,61.66918959950112,-176.14614806711805,131.0821508462164,1955047.5430821914,-19.68482080697982,74.84006088146228,-208.4783153473311,158.76075322014123,2314798.182228019
right,nav,16_aug4,-0.5452689528725018,0.39573867110020516,-1.5266171594946603,0.30633408468957163,227.24064043972314,0.21335596932950637,0.2541620915380046,-0.3678014837275117,0.9552536557196405,62.52757533282046,0.7446778401504107,0.2979228252472148,0.02133529759327781,1.6965817449982956,303.1719304757872,-38.27703361058319,75.56626895164072,-320.948742513101,135.9384947732616,3399819.6527072685,-10.229768332616048,62.7415590837458,-206.47259756922114,144.10844170828796,1956355.6220657923,-16.915025323969587,92.96140193700062,-265.5841264654063,242.14501005957507,3941578.4581735595
right,nav,17_aug4,-0.4155346990695344,0.37342986786908855,-1.0132257971116478,0.22105295807231073,153.45219231198345,0.29945626343865556,0.2361055276052221,-0.42516846051126916,1.3573605228192185,70.24295484598294,0.7558344689716756,0.27670319227997253,0.3289396518661167,1.6439072290487005,321.92615420418593,-44.66022949286321,70.61712047741426,-383.87145381318896,164.54896175513258,3041494.701134271,2.000443782007591,67.42830511816015,-177.92291091126648,168.55349216029884,1895593.0188788427,-15.107303965437012,87.83740486450031,-114.62042244290406,228.07751038564513,4437776.846910369
right,nav,18_aug4,-0.476539753251194,0.41588067700780373,-1.0978681587685897,0.39419360250560814,178.72113934661826,0.14376483795519335,0.20658800978472927,-0.5444266913183267,0.7035484687787461,34.669546612576426,0.7256221283498329,0.2757677228294364,0.30527179811949945,1.6563553944104035,311.9243842835789,-44.58226761406821,65.90905117872553,-294.6038942330508,103.42546335684483,2871879.1799760987,-2.9911428743921413,68.56802103904329,-212.10714070849508,140.84469177780687,2302243.0184262446,-12.937773803791119,79.64357321746357,-156.37869405229466,150.9958006429577,2816872.3958438537
right,nav,19_aug4,-0.4555258375760925,0.44730356907419255,-1.1631142113304187,0.3115337415646883,203.07198295568406,0.22005270594607346,0.2350278627767767,-0.6042595849811814,1.3574966255694214,51.69780758945525,0.6997323972862841,0.2559108456819409,0.1958041515748682,1.1598834344623077,260.4867422514197,-41.75160028315271,76.21296149792421,-291.01375212803856,229.44969946310684,3515709.1308690254,-12.443512688471072,57.90146951702028,-196.88660391605126,115.51732421085343,1498591.652283665,-13.774722922360088,79.36574160447545,-174.11952419179292,198.2574783603012,2671477.3921390716
right,nav,20_aug4,-0.4518007515760518,0.3884724812310867,-1.0550186149158884,0.3160885517875155,162.86068124006283,0.2686361577797121,0.22269994706813634,-0.30796745972582334,0.8644131081487633,56.6514378113293,0.7742081756117116,0.25953626662181495,0.3433451586939018,1.6587557825374262,305.7915814712271,-37.69775756599729,57.1610911461437,-246.11050196259308,53.321411683294606,2083991.7429620537,-4.367104553519302,58.44373068492105,-181.28839282210234,100.85399843964309,1593408.7501650306,-14.609437591937784,86.18321904904357,-161.77176696803116,104.00617057065102,2961937.659528578
