gesture,person,trial,mmwave_range_mean,mmwave_range_std,mmwave_range_min,mmwave_range_max,mmwave_range_energy,mmwave_doppler_mean,mmwave_doppler_std,mmwave_doppler_min,mmwave_doppler_max,mmwave_doppler_energy,mmwave_angle_mean,mmwave_angle_std,mmwave_angle_min,mmwave_angle_max,mmwave_angle_energy,mmwave_elevation_mean,mmwave_elevation_std,mmwave_elevation_min,mmwave_elevation_max,mmwave_elevation_energy,mmwave_point_count_mean,mmwave_point_count_std,mmwave_point_count_min,mmwave_point_count_max,mmwave_point_count_energy
open_close_fist,sai,1,0.6968459453707279,0.585186031145384,0.0846135747219569,4.9896694700633235,412.36240738840024,0.0,0.0,0.0,0.0,0.0,-5.902582304056483,31.08776103625845,-65.49630948586048,69.29989712405728,498642.1033236276,0.0,0.0,0.0,0.0,0.0,6.148148148148148,1.6262591407481592,1.0,11.0,3276.0
open_close_fist,sai,2,0.7885568314508408,0.6615364193553674,0.0914767418390423,3.2645867385098644,523.3694414172874,0.0,0.0,0.0,0.0,0.0,-2.233341195069271,27.740006506097025,-68.79464224391361,68.34401096157751,382600.9122828379,0.0,0.0,0.0,0.0,0.0,6.024390243902439,1.3790736529977734,3.0,9.0,3132.0
open_close_fist,sai,3,0.7474835712696684,0.7095623009391292,0.0009117757404314,7.614175042872215,453.5638186951019,0.0560957158609529,0.7140283668510181,0.0,10.291049007413676,219.0438426285128,-2.88892863296795,30.251610157639114,-69.04975797533572,90.0,394336.98760641867,0.2945166652513883,3.527878015845074,0.0,63.609228966514834,5351.447255058942,6.188405797101449,2.001994384729421,3.0,11.0,2919.0
open_close_fist,sai,4,0.7311084326387334,0.5617775127696538,0.0854103779288085,3.701172046085981,355.3474489059738,0.0,0.0,0.0,0.0,0.0,1.776524109452534,28.060866074821785,-69.29096240835098,66.28736219675451,330457.52548227005,0.0,0.0,0.0,0.0,0.0,5.291139240506329,1.736808499928017,1.0,9.0,2450.0
open_close_fist,sai,5,0.7561517731369747,0.6131873055239249,0.0017970577993013,7.614175042872215,568.6585054043292,0.0399214511210448,0.6028924852640903,0.0,10.291049007413676,219.0438426285128,-3.7323410453906622,29.399105802844954,-67.78646712462428,89.07148583225948,526942.6750115878,0.1927702659453758,2.948041654142582,0.0,63.609228966514834,5236.86598199543,5.882352941176471,1.716666386714572,1.0,10.0,3830.0
open_close_fist,sai,6,0.6618453657616363,0.5458524075380589,0.0879102841850413,4.1214759331463835,315.741485628962,0.0,0.0,0.0,0.0,0.0,-8.14042268555828,29.70458804415006,-64.07372607270084,69.40463929286815,406961.85488768,0.0,0.0,0.0,0.0,0.0,6.6,1.4655007020442905,4.0,11.0,2971.0
open_close_fist,sai,7,0.6811705254526298,0.5420215831208735,0.0888462364462432,3.3683846572749014,337.21240318485,0.0,0.0,0.0,0.0,0.0,-5.252894181755343,30.254950165958736,-67.1766129628225,69.40463929286815,419614.93353906774,0.0,0.0,0.0,0.0,0.0,6.267605633802817,1.5469893203094065,3.0,10.0,2959.0
open_close_fist,sai,8,0.7100677814303432,0.4984391547363843,0.088873403606204,3.5244784122131065,310.8394300674888,0.0,0.0,0.0,0.0,0.0,-6.07397877691315,27.649890128461216,-67.00624800856096,69.5543025382733,330982.18226922606,0.0,0.0,0.0,0.0,0.0,6.164179104477612,1.8894602792930215,2.0,10.0,2785.0
open_close_fist,sai,9,0.7621826911428957,0.6339019886839186,0.0893024787685389,3.694474736059008,374.4293448413316,0.0,0.0,0.0,0.0,0.0,-4.247866230166905,30.703629340241072,-67.87379610961666,68.34401096157751,366048.5016476481,0.0,0.0,0.0,0.0,0.0,5.861538461538461,1.8218918576107648,3.0,10.0,2449.0
open_close_fist,sai,10,0.7219743607259459,0.7148560847469909,0.0880071612598198,9.121899479503355,407.7451487809469,0.0476416420401516,0.590697423165718,0.0,9.453816057852237,138.72130285740602,-2.95874533401334,29.749523875800392,-68.17933858124309,68.80168170802872,353046.3961914036,0.1206171866271425,1.8694101842743989,0.0,35.028715065647845,1386.150962397582,5.72463768115942,2.3522056129379196,1.0,12.0,2643.0
open_close_fist,sai,11,0.7670646721921266,0.7910454130734846,0.087050068672688,9.121899479503355,454.0887552693107,0.0333637622390334,0.5121630148645726,0.0,9.453816057852237,98.52061131529072,0.053134560232114,33.021889364858154,-68.3728737160832,69.40463929286815,407827.5521894023,0.09365966595093,1.8088686018373057,0.0,35.028715065647845,1227.0108791503442,5.84375,2.0403641678631783,2.0,10.0,2452.0
open_close_fist,sai,12,0.686667443470246,0.5320546304114467,0.0855360711645752,3.527606608415753,386.3522855240831,0.0,0.0,0.0,0.0,0.0,-8.560738897199624,34.22321350836907,-67.78123353425212,68.55226367289465,637191.4717723861,0.0,0.0,0.0,0.0,0.0,7.314285714285714,2.155013139786637,3.0,13.0,4070.0
open_close_fist,sai,13,0.696364998301222,0.5091241932289438,0.0881088310554231,3.377620755370586,348.9977461903493,0.0201573903152499,0.4360710261670498,0.0,9.453816057852237,89.3746380557048,-10.921185533143928,31.36959176266811,-68.15540274832516,69.1760942750764,517458.7593979237,0.0,0.0,0.0,0.0,0.0,7.215384615384616,2.0037834037126077,3.0,12.0,3645.0
open_close_fist,sai,14,0.7549615537987769,0.5766800169383669,0.0898046589348879,3.9362862390264857,333.03238538096025,0.0,0.0,0.0,0.0,0.0,-0.8005287702196813,29.946909490910755,-68.65490201866078,69.54867621649073,331162.08848206885,0.0,0.0,0.0,0.0,0.0,5.590909090909091,1.6694879702006329,2.0,10.0,2247.0
open_close_fist,sai,15,0.6287050006536009,0.4763812890592125,0.0914564664985813,1.924832610471367,230.83957996306023,0.0,0.0,0.0,0.0,0.0,-2.467207078003332,28.01655723659188,-68.5201826736425,67.34566624606335,293466.41294823907,0.0,0.0,0.0,0.0,0.0,5.707692307692308,2.258134539311849,1.0,11.0,2449.0
open_close_fist,sai,16,0.6526399388233229,0.3817624144215405,0.0915796223659943,1.9274377952256068,273.8354053590797,0.0,0.0,0.0,0.0,0.0,-4.027119026203046,29.053038503527493,-56.01909345166966,69.41790532573806,412082.135556617,0.0,0.0,0.0,0.0,0.0,6.220779220779221,1.2855174977303194,3.0,10.0,3107.0
open_close_fist,sai,17,0.6745809018869606,0.4993278037589521,0.090655137732705,3.801907344131973,330.35780728596364,0.0,0.0,0.0,0.0,0.0,-5.482596062900338,25.94317910627808,-64.06653025869558,66.51945894933236,329757.37141106697,0.0,0.0,0.0,0.0,0.0,6.7,1.533902585843424,4.0,10.0,3307.0
open_close_fist,sai,18,0.6963094526899115,0.4865066026564127,0.084649844160903,3.7066449309829657,343.45091148679785,0.0,0.0,0.0,0.0,0.0,-4.264055703142501,32.18799216480095,-68.58060260435578,67.74289677880287,501822.529065016,0.0,0.0,0.0,0.0,0.0,6.52054794520548,2.12041343242623,1.0,11.0,3432.0
open_close_fist,sai,19,0.6722033974325599,0.6166790413091574,0.0856794947885382,9.121899479503355,377.7963031694753,0.0555033649688192,0.6262047577412633,0.0,9.453816057852237,179.42671205185792,-12.828786381897157,28.77375410001492,-67.69348621110534,68.45342551009838,450598.03500837577,0.2840232796564973,4.187160259283412,0.0,81.3027802463285,7996.293038180364,5.973684210526316,2.1823073509387303,2.0,12.0,3074.0
open_close_fist,sai,20,0.6319227910936147,0.3970737661554903,0.0853084906194599,1.9279139094228253,178.79507068485623,0.0,0.0,0.0,0.0,0.0,0.0379539347671717,25.077423174749068,-67.14740976410444,68.36205877057102,201870.02854130056,0.0,0.0,0.0,0.0,0.0,4.6521739130434785,2.0346711229213197,1.0,9.0,1779.0
palm_up_down,sai,1,0.6374971169239112,0.3436883028556492,0.0914998083131173,2.8149736969701538,252.2961515545319,0.0,0.0,0.0,0.0,0.0,1.8515585097528493,20.356797045382375,-56.07598664175233,69.65354060194552,200975.0057885868,0.0,0.0,0.0,0.0,0.0,6.413333333333333,1.9397136100179555,2.0,11.0,3367.0
palm_up_down,sai,2,0.6625376946792004,0.376397942169558,0.0914874020687901,2.4786949964949447,314.12169978750626,0.0,0.0,0.0,0.0,0.0,6.406684517574814,24.035000693323536,-68.58573313000866,69.40463929286815,334731.23387616535,0.0,0.0,0.0,0.0,0.0,7.955882352941177,2.3100408930007363,3.0,16.0,4667.0
palm_up_down,sai,3,0.7250240939859645,0.6845752316890232,0.0012644054553268,7.614175042872215,504.1117146440399,0.0579271002517507,0.6969888899189249,0.0,10.291049007413676,247.99857423829383,5.885797035050757,24.521595443335357,-65.90995893729739,90.0,322427.2836609797,0.3032933431919013,3.862019615986251,-15.47725578478062,63.609228966514834,7608.64145970757,7.041666666666667,2.5843412012434515,2.0,14.0,4051.0
palm_up_down,sai,4,0.6333482727899159,0.2977452671666462,0.0915494164782071,2.7539310969642585,245.38092166181968,0.0,0.0,0.0,0.0,0.0,6.460260562001106,21.341919657844542,-69.18540805548325,69.54867621649073,249103.46310663,0.0,0.0,0.0,0.0,0.0,6.592105263157895,2.1714513190548232,1.0,12.0,3661.0
palm_up_down,sai,5,0.6961510322442117,0.3333534183858998,0.0914846060631334,2.8748682040456544,365.7909674039672,0.0,0.0,0.0,0.0,0.0,3.923291399457879,24.274691761905498,-61.08305115531676,69.40463929286815,371256.8655819179,0.0,0.0,0.0,0.0,0.0,7.675,2.3117904316784426,3.0,13.0,5140.0
palm_up_down,sai,6,0.6916125712018141,0.3917158022913248,0.0914846060631334,2.727757875932524,297.5633018706958,0.0,0.0,0.0,0.0,0.0,4.917949382541528,23.13912245715045,-64.24265130816836,69.01792371285673,263574.05589585134,0.0,0.0,0.0,0.0,0.0,6.28,1.8659046063504965,3.0,11.0,3219.0
palm_up_down,sai,7,0.7393630093555728,0.4026560706294555,0.0914590885628802,2.5914419775242994,416.76826764103225,0.016077918465735,0.3895371411123908,0.0,9.453816057852237,89.3746380557048,5.009195081114774,23.673758138103143,-65.57518915293856,69.54867621649073,344296.8495283368,0.0,0.0,0.0,0.0,0.0,7.0,1.7525491637693282,4.0,12.0,4374.0
palm_up_down,sai,8,0.7149596255897336,0.356062041877524,0.0915529089978162,2.6641044727266854,453.5806326053659,0.0,0.0,0.0,0.0,0.0,3.70157537606389,19.647472812999084,-66.27189562442106,67.74156353204381,284204.36707177886,0.0,0.0,0.0,0.0,0.0,6.522935779816514,1.9375399624181977,3.0,12.0,5047.0
palm_up_down,sai,9,0.6995110692431302,0.4615874488030868,0.0915144839513308,2.7198714183123407,391.9273195585049,0.0,0.0,0.0,0.0,0.0,1.184699933424687,22.063461292211496,-50.10522199455174,68.84210300624059,272415.5096738456,0.0,0.0,0.0,0.0,0.0,6.804878048780488,2.4367062154165917,3.0,15.0,4284.0
palm_up_down,sai,10,0.6365019533538337,0.3917321018262438,0.0914998083131173,3.55990760886512,297.72781772763324,0.0,0.0,0.0,0.0,0.0,2.2127899633015313,23.608401764150113,-58.65270587108776,69.54867621649073,299680.8880578212,0.0,0.0,0.0,0.0,0.0,7.301369863013699,2.249413509600659,1.0,13.0,4261.0
palm_up_down,sai,11,0.6659417236272765,0.5944858507216579,0.0010876826996144,7.614175042872215,427.13400800309387,0.0547855143097999,0.6779985480117949,0.0,10.291049007413676,247.9983472547802,-1.0551442078383464,27.096313189133323,-68.56427106281308,90.0,394133.4055102132,0.2871053523754865,3.759208329645215,-15.47725578478062,63.609228966514834,7618.745137483626,7.342465753424658,2.2828675675603596,4.0,14.0,4316.0
palm_up_down,sai,12,0.6772616562582757,0.3615198824590747,0.0914846060631334,2.703475969074407,316.4970473541473,0.0,0.0,0.0,0.0,0.0,-4.442661327654209,27.751037046776418,-64.30330799064454,69.05089591446728,424153.368405116,0.0,0.0,0.0,0.0,0.0,7.065789473684211,1.8448757361932155,3.0,12.0,4053.0
palm_up_down,sai,13,0.6961959492473297,0.3667770951853837,0.0914564664985813,2.701416035603405,320.1337606846266,0.0,0.0,0.0,0.0,0.0,5.1870302917145645,24.73416007796772,-65.83708100575515,69.19529946377328,330199.6062910132,0.0,0.0,0.0,0.0,0.0,7.180555555555555,2.567566881574465,2.0,14.0,4187.0
palm_up_down,sai,14,0.6962324731230124,0.2878423572800181,0.0875837878792818,2.579417127331507,412.07243035401575,0.0,0.0,0.0,0.0,0.0,-2.714506495641838,22.8365465565339,-55.24740637179395,66.15628320088379,383964.26940826967,0.0,0.0,0.0,0.0,0.0,6.258620689655173,2.1620579662042156,1.0,11.0,5086.0
palm_up_down,sai,15,0.7225519812668011,0.4729678469617707,0.0830455496726002,2.7413296641629823,246.85316341432895,0.0,0.0,0.0,0.0,0.0,6.876837881753892,20.152476336532448,-37.332353537137635,69.19529946377328,150079.7697780669,0.0,0.0,0.0,0.0,0.0,6.490196078431373,1.92376824884879,3.0,12.0,2337.0
palm_up_down,sai,16,0.6632696289764194,0.1344925843218263,0.1138043581191948,1.6954170645608573,123.20599625326167,0.0,0.0,0.0,0.0,0.0,11.983763708220335,17.409931654080204,-55.206448514327384,52.48156157247998,120166.68814702056,0.0,0.0,0.0,0.0,0.0,5.173076923076923,1.5407434999195613,2.0,8.0,1515.0
palm_up_down,sai,17,0.793235193384913,0.5431878111645998,0.0914846060631334,2.8362599855376778,451.9705093386506,0.0,0.0,0.0,0.0,0.0,10.8640619738013,22.07571122748381,-60.782408156856675,69.65354060194552,296023.42082845676,0.0,0.0,0.0,0.0,0.0,6.037037037037037,2.0393925774720305,1.0,13.0,3289.0
palm_up_down,sai,18,0.6847671075029294,0.4278788032647628,0.0914774409085608,3.0534607595266565,475.94997111488624,0.0,0.0,0.0,0.0,0.0,10.203356414912813,22.42803060425384,-64.78695835583814,69.54867621649073,443201.27840801515,0.0,0.0,0.0,0.0,0.0,5.703125,2.0130797883777483,1.0,13.0,4682.0
palm_up_down,sai,19,0.7734204876320121,0.4909116358828411,0.0914846060631334,2.7079349486028046,727.5634114378704,0.0,0.0,0.0,0.0,0.0,4.217219486329716,19.797546088530503,-53.97028686565264,69.40463929286815,355233.9777373604,0.0,0.0,0.0,0.0,0.0,6.826771653543307,1.8743796377996784,2.0,12.0,6365.0
palm_up_down,sai,20,0.6737944021826554,0.4529413820375468,0.0914711490905592,2.9145679848284285,425.8139956156981,0.0,0.0,0.0,0.0,0.0,1.7883039401928058,23.218600150438743,-58.28393477046186,68.630889878333,350326.71985778725,0.0,0.0,0.0,0.0,0.0,6.271844660194175,2.118774947190102,1.0,12.0,4514.0
pull,sai,1,0.9228205580795288,0.4552768743416001,0.3194307618873592,4.783757160738246,632.1482643905085,0.0,0.0,0.0,0.0,0.0,-5.868771609543067,27.16201354422265,-59.8620335168065,64.78765551219703,461013.8236089633,0.0,0.0,0.0,0.0,0.0,7.855263157894737,1.7298003183241233,4.0,14.0,4917.0
pull,sai,3,0.9195498314450676,0.4201503952454954,0.3009978201782307,1.5088853794963442,685.8279238279863,0.0,0.0,0.0,0.0,0.0,-5.3605029026970135,25.14565449662119,-52.590162746755446,53.77955848464452,443557.1229917232,0.0,0.0,0.0,0.0,0.0,8.283950617283951,1.6042733665427424,5.0,12.0,5767.0
pull,sai,4,1.0340363691539092,0.5853938835448885,0.0457763671875,5.88286708991641,1866.554553767941,0.0211626694745917,0.347202523812375,-0.0931876674294471,6.429949052631855,159.95863038192715,6.3333269406164465,21.654642217848856,-89.92009704950306,179.8915913668612,672943.6879495492,0.0246018112826216,2.2127211432330123,-41.08116160617563,69.0281326714604,6473.490421227668,8.697368421052632,1.863921565170604,4.0,14.0,12026.0
pull,sai,6,1.0236472922225142,0.5532275298358144,0.2988849638573303,2.5512597464677356,1081.7776684355351,0.0,0.0,0.0,0.0,0.0,2.577211668883437,26.157732944602557,-67.26496923999771,69.35328277973156,552004.3412171126,0.0,0.0,0.0,0.0,0.0,8.237113402061855,1.603946138105671,5.0,13.0,6831.0
pull,sai,8,1.0260161762457087,0.5312257637636241,0.3084673049395067,2.548191821750854,966.4748443469762,0.0,0.0,0.0,0.0,0.0,4.149263592768076,27.205195490101275,-45.68220804329986,66.86637065977855,548313.4722122338,0.0,0.0,0.0,0.0,0.0,8.418604651162791,1.3848441796241306,4.0,12.0,6260.0
pull,sai,9,1.2245324316516395,0.7095243442217539,0.0916113889082793,2.637639438333381,1442.091219271191,0.0,0.0,0.0,0.0,0.0,11.128160347200144,28.131607099493067,-46.97832103693363,67.11484118441817,658960.7549135373,0.0,0.0,0.0,0.0,0.0,9.0,1.8841443681416772,5.0,14.0,6764.0
pull,sai,11,1.0388064823494492,0.5227427676768971,0.0,5.493164065410383,1751.3306870640122,-0.0077418398176334,0.333469003477405,-11.928021430969238,0.9682781068840997,144.0836585113481,-1.7703195875880675,23.811476577471964,-90.0,145.23523914518265,738305.9804729936,0.0317833075842911,2.111090812747961,-45.0,47.991311647924945,5772.740404811246,8.301282051282051,1.9527097273843423,2.0,15.0,11345.0
pull,sai,13,1.0019580711339862,0.4327772493944996,0.3883636535870302,2.546987429338035,835.0425028567088,0.0,0.0,0.0,0.0,0.0,-1.387932676465326,20.99399857844359,-62.05827918781231,62.697198466937785,310314.7077316904,0.0,0.0,0.0,0.0,0.0,8.654320987654321,1.840293145107564,4.0,14.0,6341.0
pull,sai,15,1.2666757744062165,0.6985320293909036,0.0915282838924887,2.684626181541331,2619.7029709678077,0.0,0.0,0.0,0.0,0.0,13.948625201089326,27.446107662112222,-67.40055043663384,66.2265123626748,1186711.919442501,0.0,0.0,0.0,0.0,0.0,10.521008403361344,1.8735161725132985,3.0,15.0,13590.0
pull,sai,17,1.2990025191979435,0.7256673040235663,0.319856295907634,2.690398879435884,1678.2124404066678,0.0,0.0,0.0,0.0,0.0,14.408443403947109,27.63557609170024,-58.0631965523404,65.37551887966418,736266.8568916349,0.0,0.0,0.0,0.0,0.0,9.132530120481928,1.8087543762686713,5.0,13.0,7194.0
pull,sai,18,1.2856238289809117,0.6808899920733522,0.0915668777441447,2.551378855399777,1777.80944119732,0.0,0.0,0.0,0.0,0.0,13.010007262342,28.46281629884404,-49.1958418621222,68.34401096157751,822689.4485274641,0.0,0.0,0.0,0.0,0.0,9.333333333333334,2.102908039411667,3.0,14.0,8238.0
pull,sai,20,1.3615262531431964,0.727721730260355,0.0915869540844585,2.7010099297113213,1410.9329315772356,0.0,0.0,0.0,0.0,0.0,14.6843418614655,31.74125172251475,-46.35707619395315,68.94642623894264,724097.0784353288,0.0,0.0,0.0,0.0,0.0,9.548387096774194,2.182610299875777,5.0,15.0,5948.0
pull,sai,21,1.125108524089704,0.5092772819163154,0.0915869540844585,4.879860062797843,1554.211959131635,0.0,0.0,0.0,0.0,0.0,-2.1261578206101976,25.40722474774819,-42.12012941617025,68.94642623894264,662398.5211734839,0.0,0.0,0.0,0.0,0.0,9.990196078431373,2.1670215306947056,4.0,15.0,10659.0
pull,sai,23,1.0877624567125563,0.5545413007166062,0.3834555067738377,2.546473442894125,1147.8722766540272,0.0,0.0,0.0,0.0,0.0,-0.3082741571279611,26.013834112997653,-39.91410733439914,68.93464085039395,521147.2406251754,0.0,0.0,0.0,0.0,0.0,9.27710843373494,1.554730465247088,6.0,14.0,7344.0
pull,sai,25,1.24249634096276,0.7137797523055527,0.0915053993099681,3.282517900822318,1141.6229528116162,0.0,0.0,0.0,0.0,0.0,6.256443072948207,32.45536776713685,-41.21568552340366,68.549274379867,607426.6511147817,0.0,0.0,0.0,0.0,0.0,10.692307692307692,1.6587583579113714,7.0,14.0,6088.0
pull,sai,27,1.0975815824336443,0.5705375768371524,0.0885174128796733,2.551047231493399,1065.0181258498037,0.0,0.0,0.0,0.0,0.0,-1.1806243443636837,27.60985002689231,-40.755507025106155,69.40463929286815,531533.5938755927,0.0,0.0,0.0,0.0,0.0,9.405405405405403,1.8593730338180392,4.0,14.0,6802.0
pull,sai,28,1.1581565364719522,0.6114076580996454,0.0916215099976219,2.5493838996070046,1281.213977854634,0.0,0.0,0.0,0.0,0.0,0.1593453459210112,29.226018310700923,-49.09600180466031,67.38873673024852,638076.5963158093,0.0,0.0,0.0,0.0,0.0,10.52112676056338,1.4809509214754832,8.0,16.0,8015.0
pull,sai,29,1.2513262194551094,0.6652791395039027,0.0914998083131173,2.5474665322225554,2171.0951458722147,0.0,0.0,0.0,0.0,0.0,5.099164088323632,32.13471701887674,-58.93443987442871,69.40463929286815,1144391.474777853,0.0,0.0,0.0,0.0,0.0,10.702970297029704,1.403986928766588,7.0,13.0,11769.0
push,sai,1,0.9370399126041312,0.3598092271963157,0.4063738941924646,1.823391457199106,669.9918077295308,0.0,0.0,0.0,0.0,0.0,-3.930787788514244,26.97957361999015,-60.97392836153879,52.92462082265788,494326.7427609427,0.0,0.0,0.0,0.0,0.0,7.556818181818182,1.476004700545719,5.0,10.0,5217.0
push,sai,3,0.9555423183374177,0.5312374612370152,0.1562351896138711,4.837850979142903,900.0415948534624,0.0,0.0,0.0,0.0,0.0,-1.1792449043320454,25.80701920431638,-51.553782809232786,58.75427355217722,502546.8226435296,0.0,0.0,0.0,0.0,0.0,8.556818181818182,1.476004700545719,4.0,13.0,6635.0
push,sai,5,0.9870470603824252,0.4823496653386517,0.4752612335460319,4.8408197363540095,754.3269369136851,0.0,0.0,0.0,0.0,0.0,-4.6889426014200115,25.4393630700524,-43.26144940573354,63.511649954497386,418217.11008084833,0.0,0.0,0.0,0.0,0.0,8.116883116883116,1.578870432771858,5.0,13.0,5265.0
push,sai,7,0.9380724940595562,0.4164061678645464,0.3563479976073671,3.1989761175782383,788.9772014593177,0.0,0.0,0.0,0.0,0.0,-0.5822338975181087,20.110747124237037,-51.09484019304127,66.38276189794854,303181.07850861404,0.0,0.0,0.0,0.0,0.0,8.141304347826088,1.4564811804865625,4.0,11.0,6293.0
push,sai,9,0.8915237181517179,0.4426521828248594,0.2402759637367687,2.540889027283491,638.0465387714196,0.0,0.0,0.0,0.0,0.0,3.639434656336006,19.46009003813231,-53.21218794199657,65.74330767566074,252409.7392580117,0.0,0.0,0.0,0.0,0.0,8.151898734177216,1.5997516230865396,5.0,13.0,5452.0
push,sai,10,0.9385656504986843,0.3931424012028891,0.4197674151772947,2.5257859205916335,559.1518710765797,0.0,0.0,0.0,0.0,0.0,-2.708667404749637,26.025215201033408,-54.66142334086293,62.32288376890012,369710.3008996128,0.0,0.0,0.0,0.0,0.0,9.310344827586206,1.499504476217855,7.0,14.0,5158.0
push,sai,12,0.9423878980754254,0.4560567522917776,0.2447352052794258,2.5430680673882615,665.322206032215,0.0,0.0,0.0,0.0,0.0,-3.1381094122528337,25.859472554602284,-53.15895426572287,67.93148807639285,411885.9512516976,0.0,0.0,0.0,0.0,0.0,9.059701492537313,1.802821975424196,5.0,15.0,5717.0
push,sai,14,1.0192596842183586,0.6492077810594672,0.3964437600601121,4.824587672588252,1939.3594702314945,0.0,0.0,0.0,0.0,0.0,-5.548926606377161,25.568575440037662,-49.5589962737154,67.85972248792935,909072.6212930589,0.0,0.0,0.0,0.0,0.0,8.679738562091503,1.545195356522972,6.0,15.0,11892.0
push,sai,16,0.9580809379210234,0.4632536749400594,0.1676241153636449,2.541371456459697,703.2968146418739,0.0,0.0,0.0,0.0,0.0,0.8352963518198689,22.13139760358367,-49.867316750723234,69.55754620455455,304598.31400751224,0.0,0.0,0.0,0.0,0.0,8.746478873239436,1.820991139030308,5.0,17.0,5667.0
push,sai,18,1.006581010483435,0.4990163710855043,0.0850276709947951,2.5488647576378254,984.5336820362148,0.0,0.0,0.0,0.0,0.0,1.0904028564611234,26.480296596109905,-54.89337458738326,68.44806257795781,547868.1672417161,0.0,0.0,0.0,0.0,0.0,8.96551724137931,1.9085306128740631,4.0,13.0,7310.0
push,sai,19,1.021319416164325,0.5955918837212412,0.0914956148412731,2.5508647134228672,944.9283762492656,0.0,0.0,0.0,0.0,0.0,0.145732309638036,28.467449712177732,-68.15496567805961,63.503273639009905,547841.8453704938,0.0,0.0,0.0,0.0,0.0,8.556962025316455,1.914282332013538,5.0,14.0,6074.0
push,sai,21,0.9337105369898392,0.4523886362222147,0.1649615482572685,2.55203377371913,923.6119850690728,0.0,0.0,0.0,0.0,0.0,-5.588633481457679,25.281774479162763,-59.35670338995307,60.250625229708994,575204.0108145606,0.0,0.0,0.0,0.0,0.0,8.755102040816327,1.4850357275286852,5.0,15.0,7728.0
push,sai,22,0.8494922343776149,0.4305020314212674,0.3562714962039187,1.8312276608566072,755.5052230863168,0.0,0.0,0.0,0.0,0.0,-4.346674448143115,21.524146083959977,-48.00088930489158,54.944989743800996,401657.975353691,0.0,0.0,0.0,0.0,0.0,8.677083333333334,1.4104874428327567,4.0,11.0,7419.0
push,sai,24,0.9433401676163836,0.5096512980089921,0.3546374433719575,2.547162787620531,1128.9416852875434,0.0,0.0,0.0,0.0,0.0,4.061657223665693,17.336117913149995,-46.278827779641176,64.24969900518927,311331.35891457426,0.0,0.0,0.0,0.0,0.0,9.442307692307692,1.306985102888169,7.0,13.0,9450.0
push,sai,25,0.888471974361799,0.3804792457899098,0.4290101065281759,1.8326694650770845,653.9028339922481,0.0,0.0,0.0,0.0,0.0,-3.5531047600045875,22.704996058345944,-45.999123924230545,56.303580744151766,369698.9796115506,0.0,0.0,0.0,0.0,0.0,8.433734939759036,1.4742183641390292,4.0,12.0,6084.0
push,sai,26,0.8346385241413001,0.3843209218344082,0.2890443592338825,2.5502680402070124,431.449582876553,0.0,0.0,0.0,0.0,0.0,-1.4530586447301568,23.09360169838035,-67.27324473889938,64.92368942526075,273602.59342134354,0.0,0.0,0.0,0.0,0.0,6.2317073170731705,1.5872877656310689,2.0,10.0,3391.0
raise_arms,sai,1,1.047212340396125,0.2314599583020587,0.6790107817001863,2.0958514491962084,466.992323659099,0.0,0.0,0.0,0.0,0.0,15.734897816045605,17.760696949943952,-12.74311066810508,58.294407300674315,228589.92236423297,0.0,0.0,0.0,0.0,0.0,6.766666666666667,1.782943882708844,3.0,10.0,2938.0
raise_arms,sai,2,0.9814834390243212,0.380486798548407,0.6230667046566902,9.121899479503355,814.4387595372393,0.0169769347991816,0.365723162696648,0.0,9.453816057852237,98.52061131529072,10.59294494374535,18.70196996065049,-44.23963314815797,61.527048599309246,339551.00979786576,0.0476581157355752,1.2911743726823546,0.0,35.028715065647845,1227.0108791503442,7.205882352941177,2.3736223467482565,3.0,15.0,5871.0
raise_arms,sai,3,1.0428895437424748,0.2439679181287777,0.6759946736483742,2.916214221881157,1336.4168715348512,0.0,0.0,0.0,0.0,0.0,7.843427484896705,19.36630687490484,-44.53568508986261,54.67400684122403,508607.77413664974,0.0,0.0,0.0,0.0,0.0,6.852941176470588,1.8838688748732653,2.0,12.0,8587.0
raise_arms,sai,4,1.0918449664168346,0.2408666178713299,0.6733837427620755,3.105032304158654,1536.4247125440045,0.0,0.0,0.0,0.0,0.0,5.342936747526855,21.97971904859206,-46.64050425364856,65.6343646126673,628824.0227054865,0.0,0.0,0.0,0.0,0.0,7.68125,1.8005966892949683,3.0,11.0,9959.0
raise_arms,sai,5,1.0912909548869223,0.4730923848333655,0.4186327505204081,9.121899479503355,809.2269058046497,0.0446464843489148,0.5584207618400295,0.0,9.453816057852237,179.50907592830595,7.364883179599995,21.7973844094747,-45.42433316433476,89.97766246525917,302798.1936085195,0.2848167038790509,3.979526441696322,0.0,81.3027802463285,9104.953717842103,7.061728395061729,1.907397418967814,4.0,12.0,4334.0
raise_arms,sai,6,1.0554421447397733,0.2146304779403935,0.6752987953430343,2.2942942511777367,828.2573951490235,0.0,0.0,0.0,0.0,0.0,11.594820195418867,18.32134561318353,-42.0103475561864,67.44686147308921,335659.6541554543,0.0,0.0,0.0,0.0,0.0,8.02247191011236,1.971581969560004,5.0,14.0,6074.0
raise_arms,sai,7,1.0756574696701688,0.3720404454219372,0.6484191213484174,9.121899479503355,970.2943607301506,0.0251247644938049,0.429624752850371,0.0,9.453816057852237,138.72130285740602,6.950640708480928,19.76676553971665,-41.75262285727975,55.75467323892656,328838.283194231,0.0636098647766639,1.3589049366145551,0.0,35.028715065647845,1386.150962397582,6.871559633027523,1.9351927454494635,4.0,11.0,5555.0
raise_arms,sai,8,1.0645851321573294,0.2489163034003182,0.6536027219650669,3.1012455499753013,631.1188380863086,0.0,0.0,0.0,0.0,0.0,5.609853478554917,23.156517228793103,-42.12070037042243,62.13693612988214,299742.8260032342,0.0,0.0,0.0,0.0,0.0,6.6,2.003746490951388,3.0,13.0,3806.0
raise_arms,sai,9,1.0812639604990928,0.2382424653900271,0.6571418168590611,2.0897971575990777,686.4990857700093,0.0,0.0,0.0,0.0,0.0,4.1004586032179065,23.3774891095923,-42.804761168045914,59.14954791013894,315459.62438245374,0.0,0.0,0.0,0.0,0.0,7.0886075949367084,2.1710982661918607,3.0,12.0,4342.0
raise_arms,sai,10,1.0803008205555071,0.2640660357079574,0.7054175487406292,2.216940681703248,774.2247395512436,0.0,0.0,0.0,0.0,0.0,4.807439355050749,22.580318643040755,-41.946472458588296,62.23671491765166,333646.8967467642,0.0,0.0,0.0,0.0,0.0,7.634146341463414,2.015260045690111,3.0,13.0,5112.0
raise_arms,sai,11,1.040865577394244,0.2267019827522626,0.6630482411020103,2.132627706812393,1015.641470573314,0.0,0.0,0.0,0.0,0.0,3.634557752550008,20.64409206500275,-41.66410292635,63.13169059880668,393252.7497842132,0.0,0.0,0.0,0.0,0.0,6.9921875,2.2758792729061335,2.0,13.0,6921.0
raise_arms,sai,12,1.0816447356586285,0.3691303185197293,0.6603375860311337,9.149593575349716,1570.067456526658,0.0181407538684183,0.4259619526205354,0.0,10.658703476568917,218.49075178151907,7.337211889015054,20.19551971251715,-42.98071417848501,83.08435461431736,554955.8211050931,0.0632372107242051,1.4513792910141132,0.0,35.59007768742956,2536.82195102818,7.419753086419753,1.91720087583251,3.0,15.0,9514.0
raise_arms,sai,13,1.0340134612457506,0.216991282653914,0.2288818359375,3.402254417649525,1332.8252514135386,-0.0095976004971027,0.3451897172952403,-11.926201359339755,0.373114684043685,142.38217750483383,3.789320068323215,19.99452836711084,-90.22381050036854,89.80464252198531,494483.292776856,0.0675948504191055,3.0504389415002287,-46.598331972785026,88.7545205039717,11115.837678751315,7.416149068322981,1.9704620204540677,3.0,12.0,9480.0
raise_arms,sai,14,1.0077618287004582,0.1844347836763139,0.7304867004476192,2.0956743036656253,696.9344616294393,0.0,0.0,0.0,0.0,0.0,11.316603718527924,17.453049601136648,-41.06281397284033,58.95885531489118,287295.8415076856,0.0,0.0,0.0,0.0,0.0,6.446601941747573,2.0276159195660757,3.0,11.0,4704.0
raise_arms,sai,15,1.0461573382688787,0.2379289579807898,0.7124949983954167,3.203101711953903,695.2374407376283,0.0,0.0,0.0,0.0,0.0,5.9650221104652985,21.700040576836187,-41.845995995794375,62.65993968518053,305909.84288806486,0.0,0.0,0.0,0.0,0.0,7.190476190476191,2.280748574252961,3.0,12.0,4780.0
raise_arms,sai,16,1.065090584333748,0.2454885392384217,0.6872857031863802,2.094281783867373,843.4458984680759,0.0,0.0,0.0,0.0,0.0,3.170329510935398,21.549099325589143,-41.20156283756011,59.86767681640123,334936.75769212213,0.0,0.0,0.0,0.0,0.0,7.06,2.1298826258740173,2.0,13.0,5438.0
raise_arms,sai,17,1.0888930378096904,0.254036875855387,0.6843955880407365,2.415876874850557,1544.0251358747048,0.0,0.0,0.0,0.0,0.0,3.872411568446141,23.323444563977816,-43.400787058268754,55.860102860445075,690338.6175402114,0.0,0.0,0.0,0.0,0.0,7.3076923076923075,2.1729918295116204,2.0,12.0,9823.0
raise_arms,sai,18,1.019545541038751,0.2491374837497911,0.6583668266168426,3.2129206960771715,687.3625799421745,0.0,0.0,0.0,0.0,0.0,6.456464708962523,18.968257509804182,-40.91852403592086,58.11380108126514,250523.97520570457,0.0,0.0,0.0,0.0,0.0,5.426086956521739,1.7842834126859972,3.0,11.0,3752.0
raise_arms,sai,19,1.004884220857804,0.2106684386327673,0.7013394578252113,2.1219294392621437,523.9242237173869,0.0,0.0,0.0,0.0,0.0,12.08828285322833,17.367839392619913,-23.03758312670387,55.20380653485226,222540.9084712245,0.0,0.0,0.0,0.0,0.0,5.522222222222222,1.933492969143771,2.0,12.0,3081.0
raise_arms,sai,20,1.0581825857418348,0.4768190334597475,0.6941742559217978,9.121899479503355,704.5368435534272,0.0481807412922446,0.5837385744854064,0.0,9.453816057852237,179.42671205185792,11.639806074853642,17.16933497372801,-38.18032103156083,56.2761814296718,225031.8108748462,0.2465517571014336,3.90236998025208,0.0,81.3027802463285,7996.293038180364,6.301204819277109,2.388400380952869,2.0,11.0,3769.0
soli,sai,1,0.6666287252127205,0.4115722425863866,0.0914613609578011,1.593625547106825,453.5875348601337,0.0,0.0,0.0,0.0,0.0,6.346937675964941,21.47524104909016,-68.34401096157751,69.65354060194552,370586.0314285625,0.0,0.0,0.0,0.0,0.0,8.032608695652174,1.9474123687184048,4.0,13.0,6285.0
soli,sai,2,0.5870583584721234,0.3959822688803728,0.0914648568397468,1.5901434263889012,283.81474201211176,0.0,0.0,0.0,0.0,0.0,6.894556704081519,24.14726318838366,-56.68294660181817,69.54867621649073,356933.8811053331,0.0,0.0,0.0,0.0,0.0,8.202898550724637,1.749366014725381,1.0,12.0,4854.0
soli,sai,3,0.6496010743532381,0.3922158906210826,0.0914480753876039,2.701222388899345,490.5942612793978,0.0,0.0,0.0,0.0,0.0,4.71733913726595,23.608458173974498,-65.90673358840822,69.29989712405728,493829.92317681824,0.0,0.0,0.0,0.0,0.0,8.52,2.4919069003476033,3.0,13.0,7880.0
soli,sai,4,0.6835629162914814,0.4310034123643577,0.0914739455075435,1.839174681559912,731.3848662384714,0.0,0.0,0.0,0.0,0.0,-0.0618223375055752,21.760335452638778,-63.94740179334917,68.94642623894264,530337.9435343167,0.0,0.0,0.0,0.0,0.0,9.333333333333334,1.9720265943665387,4.0,14.0,10920.0
soli,sai,5,0.6253673775269083,0.3921025955121086,0.0914590885628802,2.2363132197145976,365.5801263313663,0.0,0.0,0.0,0.0,0.0,1.4027116000758444,23.102867311397468,-40.971348972163845,69.65354060194552,359461.4622313277,0.0,0.0,0.0,0.0,0.0,9.067567567567568,2.189230897166925,6.0,14.0,6439.0
soli,sai,6,0.6436366263723249,0.4002340223549792,0.091490023246489,1.8823848265714005,427.9692576965033,0.0,0.0,0.0,0.0,0.0,2.6600052389580706,22.38786491866703,-41.23299230222666,69.54867621649073,378677.6319983859,0.0,0.0,0.0,0.0,0.0,8.465909090909092,1.9537194343352309,4.0,12.0,6643.0
soli,sai,7,0.6462589292554829,0.4182113975978101,0.091453669547134,2.663405363984401,400.5647306648541,0.0,0.0,0.0,0.0,0.0,1.2093601319890508,23.81941542117773,-52.145479126429315,69.54867621649073,384527.12158438726,0.0,0.0,0.0,0.0,0.0,9.52112676056338,2.566628494543412,4.0,15.0,6904.0
soli,sai,8,0.6255233824123038,0.4039038552138954,0.0914648568397468,1.5972087923952238,389.201313993226,0.0,0.0,0.0,0.0,0.0,2.8135500904070914,22.453172012778115,-47.47450958351315,68.84210300624059,359466.8202777358,0.0,0.0,0.0,0.0,0.0,8.886075949367088,1.7930056921140023,6.0,13.0,6492.0
soli,sai,9,0.6291752050211844,0.4325953071965265,0.0914678282343482,2.68990405852672,341.05508097681536,0.0,0.0,0.0,0.0,0.0,2.758889992606804,24.63495768059217,-42.90903826973763,69.65354060194552,359478.1791407856,0.0,0.0,0.0,0.0,0.0,8.73134328358209,2.2893790434404786,3.0,13.0,5459.0
soli,sai,10,0.7256475216800781,0.465753066068732,0.091483732293841,2.667885617197993,769.5124028224143,0.0,0.0,0.0,0.0,0.0,1.196194265655696,22.857300173265024,-63.51625082906664,69.54867621649073,542223.0987495465,0.0,0.0,0.0,0.0,0.0,8.771186440677965,1.888461919887979,4.0,16.0,9499.0
soli,sai,11,0.6243807758498872,0.4243100760651588,0.0914683525880813,2.700491644087023,397.7834949431269,0.0,0.0,0.0,0.0,0.0,1.2722093039590636,23.285057445529407,-47.721295870456274,69.40463929286815,379581.0668947697,0.0,0.0,0.0,0.0,0.0,8.211764705882352,2.0181186209353728,4.0,14.0,6078.0
soli,sai,12,0.6400903545132799,0.3496954734958834,0.0850276709947951,1.889411712230698,486.250363717744,0.0,0.0,0.0,0.0,0.0,8.710444365989888,21.300280744885328,-40.7426580198936,69.05089591446728,484030.45398963906,0.0,0.0,0.0,0.0,0.0,8.788461538461538,1.491469828230095,5.0,12.0,8264.0
soli,sai,13,0.5351641519186531,0.2975423683712555,0.0914795380850633,1.58952554180796,223.8344818934479,0.0,0.0,0.0,0.0,0.0,1.7275195575856337,23.319042890952016,-56.607545274054885,69.54867621649073,326416.96484762465,0.0,0.0,0.0,0.0,0.0,7.023529411764706,2.1198028242836244,2.0,12.0,4575.0
soli,sai,14,0.6565825355089575,0.4481687134627309,0.091490023246489,1.9119691947697324,359.58286252579796,0.0,0.0,0.0,0.0,0.0,2.1065995381263813,24.67209278262636,-45.31522117634265,68.94642623894264,348882.3066925894,0.0,0.0,0.0,0.0,0.0,8.621212121212121,2.0432086435470063,4.0,13.0,5181.0
soli,sai,15,0.6053233555676837,0.3914674573473404,0.0914590885628802,1.5926863176050072,292.0506818462343,0.0,0.0,0.0,0.0,0.0,3.738263085278828,24.55418875621367,-46.42357830286456,69.15551164528938,346688.1315602368,0.0,0.0,0.0,0.0,0.0,8.144927536231885,1.8593700220254636,2.0,11.0,4816.0
soli,sai,16,0.6432582038570502,0.4366725419100148,0.0914688769388084,1.8327540457552929,394.7150087739715,0.0,0.0,0.0,0.0,0.0,3.674588502158265,22.925731961109367,-62.342828368863074,69.05089591446728,352026.93665817485,0.0,0.0,0.0,0.0,0.0,8.061728395061728,1.8615384518489648,4.0,13.0,5545.0
soli,sai,17,0.8075756203066833,0.4732539692658299,0.0914648568397468,4.399622936715368,1200.3223516572348,0.0004089182828864,0.0151299764667969,0.0,0.5602180475543719,0.3138442608056325,6.7049404868195115,21.43936856799371,-62.15582976896782,173.75808565258495,691305.7695907135,-0.014503655177759,2.8621980421947346,-87.01091220477389,60.01588826234221,11223.571544596933,9.194630872483222,1.6895964823415233,4.0,14.0,13022.0
soli,sai,18,0.7201669081320488,0.4881152134538621,0.0914564664985813,2.698839427557031,555.5622784854108,0.0,0.0,0.0,0.0,0.0,8.858118004337799,24.46814581755155,-43.37862590994283,68.69734422251713,497032.80811656034,0.0,0.0,0.0,0.0,0.0,10.338028169014084,1.8760436492401753,5.0,15.0,7838.0
soli,sai,19,0.7188023753368401,0.4710058212366121,0.091453669547134,2.693285791366756,428.3435362886223,0.0,0.0,0.0,0.0,0.0,11.829315648512924,20.75432986804257,-66.34504700922452,69.54867621649073,330991.45185053244,0.0,0.0,0.0,0.0,0.0,7.073170731707317,1.7859921599046644,1.0,11.0,4364.0
soli,sai,20,0.6689978529866362,0.4464521970671861,0.0914594381657737,1.881878903301547,368.72028419310254,0.0,0.0,0.0,0.0,0.0,3.355584753709202,22.153456768991493,-46.48450282069797,69.65354060194552,286160.2896372933,0.0,0.0,0.0,0.0,0.0,7.402597402597403,1.9886675057195815,3.0,12.0,4524.0
open_close_fist,sai,1_aug1,0.6896214691709355,0.5951627948889754,0.07776591217059318,5.034402567953014,402.3547298026911,-0.00031462738801337213,-0.006001378152728216,-0.02131729465597066,-0.07625848068008263,-0.3865137308444389,-6.065209670938375,30.969227857138275,-66.45282016769025,67.35051775982018,502271.33764606324,-0.0014045150713647926,0.009742677108484353,-0.3590234476917786,-0.31438688555049427,45.95302640158046,6.174918682759668,1.611735324974119,1.0286861012880388,10.898219548477774,3385.287813402637
open_close_fist,sai,2_aug1,0.798365698036057,0.6590274094430366,0.119961915245205,3.2013278375951506,516.1849987918819,-0.0003889864165862881,0.0033102470202717046,-0.07064762349300342,-0.18121640797470162,0.7131116642420546,-2.076240124998867,27.638980776688367,-68.65384312994806,68.1122958404396,393972.95525887876,0.0019911897416626176,-0.07760802356969504,0.2163784098128769,0.3623762123777642,-45.82547288803796,5.964501970752578,1.3789488804807895,2.9333108267535617,9.150766760615456,2976.2190199795054
open_close_fist,sai,3_aug1,0.733825533807323,0.707454403793083,0.004184378803579928,7.587108921791734,425.50811422072604,0.05646902003393143,0.7143161295349042,0.016239431131326358,10.185910557911237,220.24478639991335,-3.162462870853651,30.218765997079437,-68.88510651566936,89.75629520716204,380821.03282347263,0.29022884808152527,3.508996280957051,-1.0390391668175645,61.31302385512476,5192.649752077477,6.176573771018509,2.0244537783711585,3.032400339128797,11.142355369133334,2820.5006972037277
open_close_fist,sai,4_aug1,0.727394539171311,0.5689159172431045,0.07023176364294066,3.690628294133321,411.20514536387066,-0.0009637967410152658,0.002091075737384688,-0.026681097852669443,0.0794848480467636,-0.24249508161767697,1.70076757047637,28.120189025251797,-69.92621009162794,67.31101445414096,323846.9319508651,0.0038640676759899633,-0.009671729165420648,-0.22881560485261404,-1.9147261366762964,-45.166998277429606,5.302452679940225,1.7366512646627663,0.9652109834521262,8.941294267074708,2439.706185958859
open_close_fist,sai,5_aug1,0.7465000771015471,0.618440320970602,-0.003343892164202067,7.633955239150709,584.8908532644411,0.04023624067509688,0.5904098275753559,-0.013454838160823396,10.357696207313769,220.22000125470834,-3.6889957941729055,29.235349175416726,-69.35217884848947,90.46619691970295,518407.05044196366,0.19542777643638418,3.073527960162745,-0.016472758074437842,63.253793576706734,5332.664218034026,5.831830949124935,1.7246522389337697,1.0529746239714157,9.981412573560245,3923.6466342348003
open_close_fist,sai,6_aug1,0.6742346438857083,0.5380164290602221,0.08000019585481354,4.336097812136395,325.7433618751196,0.0008727264668398734,0.013094264942382465,0.05666620209697062,-0.04143664113828238,-5.2974541380834115,-8.335321501107886,29.303046847009696,-63.40815643984135,69.90509338427538,404211.6920913797,0.0005770962215336294,0.07082227912280355,0.8723936726481073,0.3808771224521233,186.08983059200304,6.639179725434485,1.4514213208020095,3.9890733787190595,11.077600716889437,2937.8272416252353
open_close_fist,sai,7_aug1,0.6873908971878216,0.5401288409707571,0.09265115228128862,3.3032910129626236,399.71474653601695,-0.0009039683897172738,0.009364702856653355,-0.05472298401298267,-0.09429098553190972,4.623795448829267,-5.772110284968003,30.285565065916476,-67.81117034323312,70.41719112230011,413861.33631969814,-0.002928153354517401,-0.06034370439904369,0.828330040855813,0.5798271354372971,-115.24957509878624,6.287062586841571,1.536589837810553,3.047016387504012,9.847931978915684,3046.485372235312
open_close_fist,sai,8_aug1,0.7120124399911917,0.49406495918147114,0.09885911437705802,3.57843417311781,240.17566400644108,-0.00041894180359650806,3.9864664363694575e-05,-0.07361657548515199,-0.15295971554339363,2.225025930134393,-6.279565740743216,27.389946822982576,-67.25408872887883,69.15154639669375,342159.1767899027,-0.0017347254694289977,0.040870660377186854,-0.9539381152617148,-0.6626528195848779,268.14762339301393,6.10812416268024,1.879434003539276,1.9669699880556037,9.97824010841492,2739.02143372212
open_close_fist,sai,9_aug1,0.7638272940943224,0.6334794940612708,0.11055660280015422,3.617265299816671,330.3003019355696,0.00017647790513924318,0.006621999271789722,-0.04625693136015764,-0.20073572287033647,0.4000411079534689,-4.038206944437966,30.620531727096704,-67.89843667552778,68.15218576534112,373398.63491935015,0.0013716354988561222,-0.01640243643652634,-0.024933246403919453,-0.4713814491287057,-138.47792671798274,6.041698168624346,1.8430024411116956,2.9922791389251517,10.062661494073758,2365.502874174144
open_close_fist,sai,10_aug1,0.7400966533226411,0.7005358983139559,0.09666593284111631,9.131493416070503,372.4664496185264,0.04874297775727886,0.5895485395274187,-0.10237164926064572,9.317464851585063,136.16359588263796,-3.3122176680723503,29.998823116196697,-68.78241003071025,67.14348743215946,347619.4650150038,0.12262145866586863,1.9069831490773814,0.4150703894330986,36.36114018425733,1474.0243942001625,5.73077438901668,2.3668707919616025,1.11092296834174,11.935021853459245,2718.8949031089182
open_close_fist,sai,11_aug1,0.7573434413287181,0.7898700531029905,0.07690561514924826,9.086056539190057,462.8251104531102,0.03290681063830826,0.5150669036186766,0.12126078156697552,9.398663541822309,100.32853281833616,0.43028741534424253,32.93034443978144,-69.18552752666268,68.19142130144307,393533.8056070042,0.09526067302110945,1.7764180147120534,-0.6650180338272358,36.17597920681506,1164.1263042760563,5.864098135867573,2.01976190172868,1.9793989700821828,9.942469932873294,2422.0816509019287
open_close_fist,sai,12_aug1,0.6817937906624193,0.5400138143279327,0.08061326962901247,3.4747546599658734,383.6812142602044,-0.00011763235973921333,-0.0032421336772526736,-0.09963949275072717,-0.36208991325814366,6.2776304895552535,-9.087946268925087,33.854147196412264,-66.3991524889861,67.91934688645267,640345.8085212691,-0.0029660881919397666,0.08228622620866488,-0.08194274170935349,-0.21132513013103257,200.9721066841794,7.231651640902084,2.154563238475434,3.1722734842905056,13.211538357471216,3994.8750368018846
open_close_fist,sai,13_aug1,0.6886514591207378,0.5190371855873318,0.08148207456883637,3.2917988445034823,327.4539092186988,0.020214954776515852,0.41666272752008177,0.023787180027805378,9.379309228959436,92.40071942681952,-11.023043139209914,31.705383988913898,-68.40606467305494,69.08130085719125,523562.13002170704,-0.0013975877683857574,0.09624191511340918,0.034663452806288166,0.5806490282490254,71.7155535884529,7.1434652996949515,2.03558284549684,3.0272054421616343,11.979143661112705,3704.1419178601336
open_close_fist,sai,14_aug1,0.743076259826094,0.599356810573885,0.06606973165017468,4.018457744442633,346.3595292789275,0.0009187793958288154,-0.00037479112561500177,-0.08896280254696809,-0.24037186635559626,-0.17221102826743195,-0.8773665604873733,29.844613835633208,-68.7104501890442,69.91467184821566,332589.5281276638,0.000735527463118144,-0.057891235887970044,0.7353868354015582,0.1789684225850214,-116.58932755301454,5.615487820433692,1.6763276727149168,1.9715603906068289,10.042122186488541,2323.009308065961
open_close_fist,sai,15_aug1,0.6282221230063663,0.4846305208291071,0.10329680185805852,2.0092022066036956,221.04762423258595,-0.0010103640250394871,0.005516792270767806,-0.12826001556613517,0.072455346689721,1.5540301234772964,-2.4963033102026766,27.855862469939478,-67.38745640652836,67.40716566282407,296930.8990295451,-0.0007177097755638567,-0.024047539587724695,-0.6845303885773593,0.3830189883168359,-181.46076807171093,5.640752588775669,2.2579800359869493,0.8858558909905921,11.06806431850672,2636.883332211716
open_close_fist,sai,16_aug1,0.6540324003201392,0.3708333158606402,0.10381472146689207,1.974523395176048,231.91399051911458,0.0008475528048503556,0.004933887484309115,-0.1061633084221001,-0.04967572103026362,0.22694334876266017,-3.7467428488006673,29.439194413127353,-55.67788139077733,69.43135409959686,397262.53131455684,0.0003524504936533614,0.1108820715681946,0.1604378146924237,-0.6315308290618381,-153.27797186504782,6.242506743746314,1.312793934325674,3.0667825897876946,10.149453207506928,3019.8516578906556
open_close_fist,sai,17_aug1,0.6796203372820527,0.48969227080049144,0.08838552621871602,3.809078785110742,342.9308766441415,0.0009502563972606514,0.0020133986551011673,0.1436014097209794,0.2371411142587809,2.0251218271516476,-5.39026159117909,26.00092115170186,-64.2424696591677,65.79598002621856,337674.33398970496,0.0006167250210092202,-0.045407684528961316,1.5194802380321617,1.784401575940981,-40.678090949150565,6.827732565997145,1.5121219490427675,3.959402143184981,9.992494123004855,3205.156459029046
open_close_fist,sai,18_aug1,0.7084930569017354,0.48408288901914176,0.07650524111719509,3.8933874349616895,343.8608123078814,-0.00017375508590309496,-0.001029826114928573,-0.0063118870207014574,0.4189112302831291,-4.197678831022942,-4.001019112319532,31.812751033110718,-68.30178931925172,66.6553440431168,508427.4473069921,-0.00592106504101914,0.0013834135842733354,1.6051010661342513,-0.9602553119472089,-139.2467073635474,6.492683614167672,2.1021469674608237,0.9420182447065063,10.857972854475552,3447.5542089914134
open_close_fist,sai,19_aug1,0.6754544322730766,0.6101626631340764,0.06339724869171603,9.137328608353778,428.3437900986646,0.05553771904265981,0.617107433873863,-0.02220607684737555,9.158663157748748,179.94702499912762,-12.844273441878554,28.713338550008025,-68.03634119587113,68.18652614407812,438220.395335255,0.284852336666961,4.211092537128971,0.26845302004990634,81.03232660837602,7910.857595327139,5.9053002298904245,2.169389517427885,2.0175635558329703,12.01378941431906,3116.265681060053
open_close_fist,sai,20_aug1,0.6222147024764243,0.3912961379646378,0.07622132235941069,1.8699986884223447,162.4893798344044,0.0003765005706159914,0.0012140853880559684,-0.08421960983218492,0.12719407604193156,2.7403743516688888,0.338217032020061,24.9302605508876,-67.15117765447316,68.42213318563786,199016.9131789302,-0.0016331235806954162,-0.016781934501285557,-0.42931789103177015,0.8126925394854194,32.72469394045261,4.580451922539183,2.028087753228623,1.1067325510685029,8.959797949983832,1733.997686661056
palm_up_down,sai,1_aug1,0.6298610516451943,0.34431951812756095,0.09215279160774376,2.7665556538490006,258.4379797834695,0.000318502804339517,-4.7756933419609565e-05,0.01874680324546647,-0.07297138863194817,-3.191022833738616,1.900585163470538,19.983737897984113,-56.81298503867716,69.14066179623624,193055.12061846422,0.000623710174814369,0.039115733658411846,0.13312301029324486,0.30012096899203966,272.11024438890166,6.448397889208993,1.9490908018141666,1.9348689769666105,11.158876775740945,3637.16261899032
palm_up_down,sai,2_aug1,0.6784866011616836,0.37704264757163214,0.10121044091570805,2.4418700951454104,278.66555259735196,9.062158582365788e-05,0.0032524686466369013,-0.02401298282285412,-0.12126019001546409,-0.45565641291780107,6.272326204776103,23.69453705210466,-68.83984924701916,71.04790419040259,342048.1596754112,0.0016315045120845427,0.018512503343523473,0.22165400588615175,0.24713837494585805,-2.0123320428455247,7.9975420660783625,2.294702655980367,3.07754923735058,15.963468499519548,4637.973934847331
palm_up_down,sai,3_aug1,0.7250198864390908,0.6999545631117088,0.006955963736293567,7.628798220045575,507.7588723428504,0.057254399946631,0.6974372179101077,-0.028250174191857293,10.17353828601247,248.09054368126652,5.74968594943255,24.64200955335506,-66.21251091311451,91.02542855865481,311706.4648698517,0.29906081011247043,3.9043556634903176,-15.83249886948493,63.11510191089735,7510.686158559751,7.141409886717653,2.580820452342845,2.1432018488779843,14.049529163367039,4044.768178293784
palm_up_down,sai,4_aug1,0.618007461394454,0.2963503297563828,0.06461556565638629,2.769150140026548,247.01023136014885,-0.0007808818328742272,-0.00048444250462826487,0.0726433360008639,0.07796477710252013,-0.519434332303027,6.569329896841897,21.419773519281826,-69.68084716008832,68.34409702232144,259464.62350358613,0.0003418756246204663,-0.038234670079881704,0.9272877786191023,1.7978768589956295,41.55119415370561,6.622841615623018,2.160895251619367,0.9447919202161227,11.983577473496567,3586.2712724904613
palm_up_down,sai,5_aug1,0.7106909762360076,0.34109219760670106,0.08571383353153202,3.160975558350759,325.3814914879581,0.00020633796664001785,-0.009499527341000586,-0.04532779081248126,-0.06511272137725256,-0.38425111934126194,3.4474492460692145,24.214902230661483,-60.86079375117615,70.65496341640328,374355.52840344806,0.001391576176478192,0.025392781725930062,-0.20291781603209236,-0.2508980668614634,-24.551619855722354,7.598974540446948,2.326559456207713,2.98646503067999,12.878178688702887,4937.6288114716435
palm_up_down,sai,6_aug1,0.6986783692717452,0.3947333172654854,0.09367378662551815,2.7699222751994,268.5235308641647,-2.931539311593057e-05,-0.010511158773713065,0.1507023485946288,-0.017394510644192188,0.0945671948058034,4.97551590017836,23.487017963813347,-63.98050667881373,69.43514594124458,270360.3567945582,-0.0020829300625207774,-0.007437895614117839,-0.35013568032061043,0.32631692536241286,12.977846410779373,6.530353111883759,1.8505525601228168,3.0329840179152634,10.943671008778248,3319.4032992437883
palm_up_down,sai,7_aug1,0.7402394231904609,0.4118208482557861,0.09306545408879031,2.5953051088690917,411.7409904897905,0.015695992058925853,0.3855082736073128,0.05813583769964247,9.637965100483395,87.28773286716131,4.826409696576421,23.874735155219284,-65.41469799660206,69.07761950379309,331034.75518904097,-0.000775777684032437,-0.0507036634889799,0.9961753055190206,0.7879843836430455,100.47471250113024,7.0352427379697176,1.72184322136917,4.107060840164676,11.952289819356364,4393.005023682983
palm_up_down,sai,8_aug1,0.7250919117450834,0.3478057235478137,0.08371303273176443,2.6955362253462125,443.05601762161183,-0.0010335756747811545,0.009796034094268978,-0.0674016052359188,-0.07232392771163587,0.46321144021509686,3.5251729040519564,19.403554814345732,-66.88946340601379,67.69030267332924,286212.0374525549,0.0014481433966325322,0.0025410421953618546,-0.8810496743530973,0.35138059019066686,-113.8420602824323,6.3909464709243835,1.9486191212691273,3.0289012717673685,11.943527505856242,4962.598364762687
palm_up_down,sai,9_aug1,0.6932446604235827,0.45059962715331964,0.11491867576180947,2.757544426777163,461.0075107336728,9.758671503114371e-05,0.0175213250062269,-0.08355461220054117,0.22850679783659578,-1.923913322865738,1.3397389461778277,22.187191140150667,-51.32021301949824,68.93379486884078,277387.08952235384,0.0012445780073669596,-0.015892950728144152,0.24072920518565352,-0.594413181711088,-10.694625348433258,6.825671977460206,2.4441556448090265,3.120882862189382,15.215668782399131,4326.206037319192
palm_up_down,sai,10_aug1,0.6404980548033014,0.3806962499445541,0.09406135696417309,3.635187009515701,290.9007337761717,0.00022915406376813085,0.006560528239302848,-0.024434437651694965,-0.2990870453391474,2.01200766275826,2.599476436080899,23.751125596167693,-59.135079456044636,69.47031655366008,295888.80402032577,-0.0029574776514027794,0.02068825740205544,-0.5111905745181755,-1.7233460437980805,25.906518857004837,7.392888071472895,2.2351555529499985,1.0188687199849527,12.92580114686015,4303.41105138682
palm_up_down,sai,11_aug1,0.6518727447866163,0.6036741695036397,0.01508203729469933,7.607206163707487,447.90831251616413,0.05560073946548775,0.6826332852224256,0.04300351180005386,10.187979911909181,244.23900759677034,-1.145985941930913,26.815502733319683,-68.80084617067183,88.98862541161417,380041.6024660584,0.2844898864795349,3.729623540664278,-16.055045747257616,64.31806652027765,7500.206344053461,7.356778946358943,2.2875347551748897,4.006155928201224,13.946748109647986,4608.3878586959645
palm_up_down,sai,12_aug1,0.6803549004375513,0.3667733082582004,0.10059559618788974,2.7596864324061188,257.1625228481571,-0.00023660617195600585,-0.012733027702523042,-0.04568170405344006,-0.021399284949925736,1.0062800744578844,-4.321086203303197,27.75343653879851,-64.0733847525935,69.22018806369,417414.02715156175,-0.0030439993288109766,-0.006916892304268329,-0.5649323450035534,-0.9303488099886339,29.627701519538366,7.14353707913135,1.8261040617576516,2.8024397655357114,11.987836646132612,3939.647899292403
palm_up_down,sai,13_aug1,0.6946942351562854,0.3690262026874583,0.10343931170959637,2.770173925414698,345.80256046759416,0.00012122677946181201,0.0004174560061616085,0.04034783265605782,0.31229160987081717,-0.48197143789988817,4.918947743041921,24.807548587690658,-65.07997684597117,69.37276390980307,318167.40514539287,-0.0011988804980772086,-0.0657730742046893,0.4238017867168911,0.22010753050944376,164.9937719251235,7.124935873750839,2.5473596898180446,2.0083234271752564,14.003164519133545,3842.1402354884644
palm_up_down,sai,14_aug1,0.6925001275255203,0.27887062531142964,0.09419998089448336,2.6324157976667273,419.04097097914,0.00013814154415209105,0.0005589444864595647,0.00905217272987587,0.16922812849704857,8.54329709433247,-2.506791325938647,22.46480916757434,-54.83683379724177,64.94642224749643,384329.2657935154,-3.2226886201532364e-05,-0.0016833761258104464,-0.6202969701288794,-3.408607027239914,101.12302265831813,6.264573667078731,2.153858753927278,0.9968763546229061,10.885791984030568,4764.250682376609
palm_up_down,sai,15_aug1,0.7293577881287534,0.4753313964865199,0.09339910613693103,2.7214266340644047,252.2373333975763,-0.0001456353377109964,-0.0030910750535308473,0.16908311566079473,-0.10820440137370863,-2.6727339343865943,6.553882030391395,20.182667213339005,-39.164343398976975,69.23655855261889,147755.67588244722,0.0002971558221684768,0.012186392446166634,0.511738798330273,-1.203398447971775,124.64189432870917,6.409340040407147,1.9005450928537881,2.988566670365365,11.915161302341435,2187.26579328308
palm_up_down,sai,16_aug1,0.6485986257032064,0.13294676419932155,0.11796322236784243,1.6305677412691024,135.17877898146222,0.0012927335170235352,0.0031351962266867807,0.028784168640436095,-0.580560647283097,3.3804198666052017,12.047519546602343,17.83831895727273,-55.293706387137206,53.118532464454574,126618.79668347519,0.002551015036818597,-0.010498810774118033,-1.0118106537655702,0.7023235700320435,-20.878972634477122,5.241477008870366,1.5677553409856781,2.016287172265877,8.087714376533501,1284.0381325147819
palm_up_down,sai,17_aug1,0.7765419388929408,0.5348506990905472,0.08408837961705856,2.7771044769504445,430.9242372321933,0.0013552586407836217,0.014574963196004643,-0.06600580446071079,-0.262120271346701,4.806533734986328,11.0138790322353,22.251001378878193,-61.70303472351345,68.95564327420692,305043.9797091236,-0.0005602275617551967,0.01719503002843123,0.6764814356985368,-0.5856468114202094,85.69914025768676,6.124367627781587,2.039662089091304,1.0080400992477754,12.989595450285266,3254.1344385528464
palm_up_down,sai,18_aug1,0.6942980848938867,0.42105549937404113,0.08145312683337093,3.08551156755328,484.36297915695894,-0.00038512256653505146,0.004137322482650388,-0.02663013692682499,-0.019823802947974534,-0.01688891563922925,9.86121022625428,22.185299756075295,-64.75481795334609,68.6952295035912,445426.43715074175,0.0014482571017990094,-0.027372083614957014,-0.31569029125330417,1.1994108334947353,-255.79759089549356,5.630890726156042,1.9995761421515899,0.888603096292678,13.050231411722466,4802.815106367199
palm_up_down,sai,19_aug1,0.7761872832810645,0.48690173401522374,0.07537677703279894,2.663251666283918,742.6559606678807,-0.00022560384226164143,0.004628812501646568,-0.015130573858994741,0.06030411261893051,3.808180070887964,4.308642040076294,20.279333717153943,-55.03449006084876,68.54050497841762,351549.17496292957,0.0027472935025386123,-0.028071013775050332,-0.30145880301786016,-1.2440188753550308,103.54165526941252,7.019409146468709,1.8610633451499938,1.9429309676731121,12.08335127367026,6370.985045635277
palm_up_down,sai,20_aug1,0.7016086046248438,0.46084034244558975,0.1059780097652387,2.9400059063919737,405.39439408046815,-0.0014591584594668752,0.01375656216754896,-0.052457069636300896,0.18841261269766799,-1.3492300533768087,1.8567195658591735,23.289388432061337,-59.17492808927476,69.4610900099146,342167.647508371,-0.0009066880028422609,-0.04030392158782381,-0.3230413184234242,1.35155694632084,95.28996088538923,6.289333824511354,2.1202347352696496,1.0557045439885984,11.988257194680768,4487.7772167282055
pull,sai,1_aug1,0.9236122880048562,0.45442335428022157,0.3332903622683621,4.954366038438986,616.733075613084,-0.000884070206223613,-0.007031677469178494,0.05937578161680634,-0.3888540419637201,-6.008810352568722,-5.40849550096582,27.289869997316735,-59.67989089991882,65.1592718854759,451449.3934484669,0.0022777021199939093,-0.020068800076668763,0.3168846869593141,-1.0305494112597546,-13.32561997371251,7.980336516669059,1.7065397660702266,4.01914770581829,14.064903148841514,5026.347468153833
pull,sai,3_aug1,0.924994962583153,0.4249101994688832,0.2958678227994082,1.738269706821628,690.7735732763167,0.0003900681491745645,0.01956584079696634,-0.03510748628251859,-0.19904195965674037,1.8894815110706813,-5.828247250942924,24.86879432806467,-52.56169576202701,52.921983915778156,429749.6058982711,-9.336919139358142e-05,-0.0077114789380165315,-0.3516781847660963,1.2770934340591764,95.42749728692422,8.162611576802938,1.6334397046250175,4.949374530719584,11.86643062562052,5964.311357246183
pull,sai,4_aug1,1.0361832301611842,0.5894336095506675,0.05594646472058747,5.975599722529033,1850.6615686612545,0.02067100950513796,0.35027594296984266,-0.24443428521096477,6.415976244560166,162.75713682099035,6.238251107695799,21.25248892712132,-89.33674573127014,176.78907508898482,661783.4768693686,0.03455633261994001,2.3371650787220823,-41.16587992922957,69.59326946984689,6592.707969210646,8.814212930304116,1.8644889790213228,4.067918733338797,13.823572439963737,12086.109799369286
pull,sai,6_aug1,1.022684280436402,0.5536188739089477,0.3000267824392264,2.5969952231449946,1089.6089262587786,0.0012390630255803262,0.0032514168554097877,0.034854662866432344,-0.024541638064496628,-1.3740383534963374,2.479850919496487,26.372464728579786,-66.19448910345496,68.4065694455567,547851.0542722403,0.0061917617423593455,-0.07979545467060789,0.42675504488356997,2.7035584300566766,114.67397485953924,8.120472345867082,1.6098240774403751,4.96159373754843,12.900840244045234,6710.8576331256345
pull,sai,8_aug1,1.0325354448495072,0.5264062322756436,0.29875862297573047,2.684071662888281,987.0033685819963,-0.00014841832320803495,0.018217040779033043,-0.14184322683422163,-0.08265071213951326,-4.045237057699667,4.210752248590799,27.062451632376714,-45.28985012248622,67.49077366572837,533235.6069190196,0.0010780166353725781,-0.10059314921014426,0.7990090010339733,-0.3537672890994043,-77.33603161493171,8.361266101122725,1.394139856764884,3.9845107392518595,12.011168178149237,6209.8808345444595
pull,sai,9_aug1,1.2174374900416558,0.7156409468983136,0.09037824152198067,2.6831264257841525,1454.9187631374748,-3.0296839254940083e-05,-0.007593532229667764,-0.07276012910996817,0.14511380366151777,-0.8573512549854675,10.871179944892711,28.49727604553018,-46.776042980768054,65.27193017085347,675583.2300698918,0.0049176214402109454,0.04891165016121705,-0.3043077018047005,0.985037377176623,288.98535245039176,9.023688854765354,1.889829564654614,4.987494339923272,13.948703530704693,6749.266876209596
pull,sai,11_aug1,1.0351954101670777,0.5205070828586776,0.012216566634471397,5.553261388869847,1776.2841313195884,-0.006532891236336786,0.35055431261661946,-11.83878308153603,0.9568218894383843,139.98605787745174,-1.34557409728417,23.793134869656836,-89.63939477336031,144.65574678083658,742825.6481171916,0.035407870575625194,2.111041999160391,-44.649516148378,47.75749395633068,5892.663160257718,8.380311575434002,1.9645680551459415,1.9906861025804088,15.098676838165552,11443.984764670564
pull,sai,13_aug1,1.0059768611960596,0.4295381616961626,0.3791933668438544,2.5628776049174347,831.3185609917067,-0.0004414419676684598,-0.0069173286624360925,0.04918255680488329,0.09228931506295644,2.6049871407840466,-1.9785282863193845,21.20450561888992,-62.68416345609637,61.6456228039932,304251.26125074504,-0.0010132533903225197,0.03775235080311932,-0.9362132083189064,0.010846027789851566,159.22113017969983,8.58036715556499,1.8572071684394402,4.084222883519894,14.007455848642476,6348.470050097261
pull,sai,15_aug1,1.2589967056847713,0.702021647018607,0.08775294050254337,2.716454220751482,2607.8583368437785,0.0002873636874971772,-0.009044172127501237,0.0744651848882604,-0.2727859544813219,1.0940448687918476,13.67130078470246,27.335296170169617,-67.50355267845852,64.84046050718733,1192892.6734836453,0.0013378569270107617,0.019664982440552963,0.381725811044463,0.15213954267635746,-175.19574875098172,10.532124128841184,1.8855933665346725,3.1690434475574327,15.096394033627186,13760.678193931988
pull,sai,17_aug1,1.3110810493137381,0.7172285136018324,0.32212518573180005,2.378318587859754,1704.5716100483328,-0.00015789763098429319,0.0017266642255107621,-0.01075328934643327,-0.3706464864396889,-1.743494176876211,14.627464275901225,28.00566357546591,-57.88467921212928,64.14874517490409,740618.139079791,-0.003675374690402851,0.02119670020054873,-0.03139997984479893,-0.02161950809581624,147.33370564140628,9.079918197402316,1.832213728228369,5.070037610642856,12.976571163261259,7234.618006858775
pull,sai,18_aug1,1.289029001242974,0.6886688359446812,0.09648447442047832,2.656798481157175,1776.8750017719553,-0.0009136116760631846,0.014650939627112322,-0.004532625110268867,-0.20404619721743994,1.6444609794777285,12.88150526092308,28.855294559977388,-48.37233121321034,68.92930060016266,831294.9859411255,0.001295837182666928,0.031168730123003453,-1.4624996964112127,-0.16267680588289238,89.14141591501965,9.343532307647836,2.080880825949714,3.0974271784692036,13.93280114244062,8019.728964787913
pull,sai,20_aug1,1.3462178979253274,0.7370458186776382,0.09614647056194178,2.596895655225791,1426.1481708068832,-0.0013961858223009507,0.002735481569821943,-0.013546884069497367,0.06724080739320652,-1.751999920065682,14.468654157549258,31.851003970347353,-46.523254165125245,69.18491698768783,726376.9154353137,0.0031732547172936567,0.004639148113581062,0.4069689507335056,1.8688439215149448,-74.4387582730228,9.538033157403536,2.1812370912592574,4.90017352829731,14.996658311403229,5757.430969179728
pull,sai,21_aug1,1.1199987972967338,0.5040867308090173,0.09840800254797831,4.809703804414246,1576.841569126784,-0.0004044397645777257,-0.005347331410037427,-0.029831067032521225,-0.16095243438443996,0.6543956702808953,-2.1074054137598974,25.255828453732573,-41.8043743365323,69.84633025626194,676101.1221238816,-0.005427139630288822,0.019662863143160337,-0.9011004568065873,1.2761137611268834,-66.98487828370003,10.022948452116628,2.158295120536232,4.009399189195289,15.017316571732323,10686.565456462156
pull,sai,23_aug1,1.083964678991247,0.5446501774489488,0.3850229023224183,2.371325026192178,1151.0197086219837,0.00041767367507687035,-0.0036875856109749687,-0.07935523428980099,0.15419696665198807,4.471204655838943,-0.04313953823161276,26.057121436831945,-39.185365948078754,69.24149120186088,520265.79179360444,-0.0012251712124296803,0.017315228371374204,0.23590155634814755,-1.3035745101765757,228.10119432179616,9.3580102709304,1.5322820618642252,6.048238311822727,13.972408945228487,7320.267475905951
pull,sai,25_aug1,1.2544174229689073,0.7171121034024301,0.07615168451096695,3.1887521957751708,1099.5206417226625,-0.0011015663455346434,0.00153877856639097,-0.025746329391733762,-0.061855964741034435,2.5631153577799677,6.324882290683609,32.68226135339754,-41.43386725381393,67.8422343946857,602300.627754134,0.003956705035514435,0.07399500804154338,0.08341708081854048,0.6434918024170697,-11.81755267729138,10.796109292942544,1.6655019291635929,7.037563761352943,13.985659067933412,5909.959767052076
pull,sai,27_aug1,1.089587531761711,0.5656223538418386,0.07297664300011365,2.4814209309224284,1057.091274731628,7.699213789107842e-06,0.010400028620907146,-0.015641704344241364,0.08048523296016857,-1.9472108878481438,-1.0867297477967541,27.2747254529519,-42.03180985610932,68.87893092131318,540145.3406281824,3.3858466398220363e-06,0.1011621223501549,-0.7320766207502286,-1.2418585670064726,39.412031357884956,9.335468244842174,1.8705437665738422,4.005950085270663,13.890115307460928,6959.2753127699025
pull,sai,28_aug1,1.1513557035395523,0.6097467156258763,0.09591641276555972,2.566340665702663,1241.5440968038138,0.00037350575304600375,-0.013044022585189049,-0.0031209590845086258,-0.227959648505812,0.4571846408346988,0.376192473573519,29.172531907334545,-48.902236561149174,66.61480668346475,635787.1321890097,0.00456120134064919,-0.024814152088013963,1.0840491854756842,-0.20333541460577073,2.775567998312733,10.557164447569614,1.4714174478344322,7.98963824408463,15.997782995051676,7974.379754785424
pull,sai,29_aug1,1.267262992103925,0.666685391334398,0.08584732211494546,2.4172616358191212,2185.618078282477,0.0006608916170526777,-0.010504749055670504,-0.10662270743658558,-0.09610801060050227,-0.509401293049418,4.895263180611311,32.042791313970106,-58.31971331883385,68.09568898030892,1138344.5864794597,-0.002453608960171916,0.0637106522988298,-0.33672628666687576,0.32643950788727794,28.134965308343443,10.555673562505369,1.4033480943808652,6.92263019533233,12.872374673773122,11734.156752504123
push,sai,1_aug1,0.9492953697059507,0.36118890529414627,0.3882394288743817,1.6760195945662881,698.7826341816553,0.0001428229558283001,0.004945161667348068,0.07988000248253754,-0.07470961892994522,-3.864002237442347,-3.860813514652329,26.84248734044515,-60.717614533960656,52.99762837776012,478066.9521721768,0.0008205841049250891,0.06324677918204123,0.3473328338034757,2.915401801048821,20.674534329990788,7.6422359171149195,1.4649177827520212,5.083380308882605,9.997486622423262,5171.502587743504
push,sai,3_aug1,0.9436019091272806,0.5450431952272985,0.15264079382905674,4.926835162939957,878.9976851411582,0.0006538970903987266,0.0021511449846284567,0.08527568789383087,0.043983253520025176,1.6697478295670483,-1.0640036833467803,25.65562919306948,-52.00156857823592,59.80212360574103,512183.2251826712,0.00548701633280184,0.0002388842724551255,-1.0747396761533863,-0.6949974441989444,-167.980055382256,8.50844184287755,1.4850167719360057,3.8291531237137018,13.034132469281369,6654.97416064177
push,sai,5_aug1,0.9916719530563148,0.49667505113992505,0.46277805080553475,4.829966738852756,757.6239515222685,0.0008621902164432304,-0.003439593019022962,-0.051112437377126535,-0.07982623254481114,-0.9918007491810554,-5.040536909318167,25.519366947403405,-43.16477671542346,62.67855904925755,420023.0924134676,0.004012750604953597,0.07846219889174116,-0.813442285423006,2.448527258166861,-29.860137083227794,8.084276882171393,1.5822313289648922,5.015476846903468,12.903745114393537,5138.1559711702985
push,sai,7_aug1,0.9237944251686893,0.4247146045713514,0.3742003361039005,3.222502744385311,782.8813193831596,-4.31489441371556e-05,0.003393299663029762,0.1001590426461035,-0.13522302475524617,2.5826546796811836,-1.3249040509705767,20.395405786436953,-51.219261476645244,65.94116219483408,299690.075440318,-0.0035916742926181047,-0.010852567742049098,-0.3711657053176785,0.9086059924244144,-139.80779583893533,8.12919333547907,1.4400219180951663,4.08588811216857,11.019280332563532,6218.8261282599
push,sai,9_aug1,0.8784219911683427,0.4393360725173914,0.2622521380278307,2.6588899995095563,612.039870688008,0.0006688799837094596,0.0041560052568340175,0.0868510575631042,0.07899189052526061,3.3169453118139227,3.275034222634964,19.40812330705043,-53.354639069304596,66.16956206350793,260633.02607621942,0.0011701985924861497,-0.077273931327791,-0.41732497893971676,-1.337279198143057,-12.093169428131453,8.164718672857529,1.5785950822999146,4.8998461802206075,12.885773040874268,5301.687533725742
push,sai,10_aug1,0.9420083940811143,0.39401599361615347,0.43619661167450213,2.4779098295098456,550.3053230017559,-0.00012470084183939024,-0.0005061521799756228,-0.1139288226803228,-0.04959632959092146,-0.8886072306606335,-2.416601281351988,25.892273817217337,-54.70696522192418,62.96682953936401,374300.5114128972,0.0007825827067651384,-0.003036673178076574,-0.3380133573702921,0.1753009217966289,77.08786544322668,9.305103283139726,1.489949879151807,6.997957764111748,13.939476917610987,5003.449529400475
push,sai,12_aug1,0.9268092496359126,0.45871555487101257,0.23612998561237628,2.494577400541376,685.4851876517843,0.00045837610332514323,-0.001744753425185034,-0.07097158839591501,-0.09761979838542821,-2.602996705199064,-3.214235100324896,25.904852365766537,-53.02230142747254,67.85859078049663,401637.2375131089,0.0010934913221419965,0.053311586577791864,0.378532082302607,-1.763003175642532,-363.2684381632897,8.995219116270118,1.8061691029278517,5.096610692744687,15.063125450934644,5738.122507765784
push,sai,14_aug1,1.0349678233987298,0.6548034879277453,0.4049164824946096,4.838691188047518,1937.654820582932,0.0009352534422423119,0.0029115148383651404,-0.090969259898462,-0.042297121133891794,-1.990287442234022,-5.573744528875272,25.615270387437526,-50.328193115732255,65.59200057704042,913871.1216112528,-0.0016211238093015055,-0.06394417035834198,-0.3717155152201121,-0.9231021157990625,199.21119158459382,8.712823650192844,1.550920533853094,6.004414699849605,15.018557366116566,12115.694114253245
push,sai,16_aug1,0.9724001698848385,0.4597180401120655,0.16136822022196398,2.4615299463687013,746.0079965606649,0.0007899694575212202,0.0005305835916261154,-0.05266318639141893,0.0581831853218992,4.245449068638809,0.4849323610982524,21.891880315937282,-50.32028688873912,69.69780902141771,291447.48353937425,-0.0047442237265314735,-0.010007515409650246,-0.34574106778727337,0.13765810172846585,53.33925426843573,8.660604515607645,1.7970895452222482,5.1135902833800495,17.11767120677324,5585.821700732736
push,sai,18_aug1,1.0091133394195522,0.4923817972370921,0.09042607106104873,2.5215066577288794,978.1474316516861,0.00042248560728603516,0.02044600286715357,-0.08670405472154484,-0.025472697884785227,1.5375897735490909,0.9118528846080208,26.687892126271723,-54.905010122629065,69.41887843937306,549045.5517677191,9.499359308653967e-05,0.0983275356598914,0.01596596921383748,0.3794633000635464,-52.72766882956024,8.966293000417446,1.8905269822863,4.050999643611138,12.978402235096786,7220.102571176877
push,sai,19_aug1,1.0272510657012246,0.5917181678822977,0.08511498303912973,2.679397904467899,956.0292330260464,-0.0005231153609324768,-0.003944567042711983,0.025259392210941957,0.011311321520780493,0.43245191068673483,0.08030916824782093,28.777571766082094,-67.55954304727373,63.869675204626496,562656.7825471943,-0.0015448237904483015,-0.015439935022832346,0.8868464018678752,-1.632280108519296,95.49135537768352,8.534893806123721,1.9024417196741106,4.887509195707742,14.141213611849727,6236.876575461161
push,sai,21_aug1,0.9237049325544091,0.4580995081279899,0.1826645344774359,2.5824154986854593,895.5855712989828,9.752540133972428e-05,0.003877723208646545,0.08865386310083674,0.06900139271842104,1.2998495410240771,-5.982983816155041,25.4014393169515,-59.81258058317982,60.32370974958688,584295.7384946119,0.0020860655509477737,0.04998647665887231,0.3308244202738624,-1.3218888409193914,-26.55750505707814,8.718310541528073,1.4905669850618466,4.969129880125027,15.081563461719036,7780.437341430657
push,sai,22_aug1,0.8492683660592579,0.44116013416393485,0.3411095953092687,1.8393406995966983,763.1978520669435,0.00022443211186993445,-0.0023817985215367613,-0.12174593947214377,-0.17167166847035417,4.083997727630384,-4.313216121611317,21.431911491604797,-48.42645362567894,54.9210533302976,409319.13156629074,-0.002088801992250272,-0.029643234594580237,-0.26991422101202506,0.18045776889350024,16.616478936526498,8.77542375651703,1.3724497276782814,3.994410730116852,11.057574786897753,7265.860773182345
push,sai,24_aug1,0.9486215831774101,0.5032535760186578,0.352171720434549,2.5447153788785073,1124.2021853779756,0.00019488995316419716,0.0057155679032496074,0.03195654259106877,0.3189275890942052,2.0743007161687164,4.030183846339644,17.46375838644555,-46.80324759931993,63.828681121568735,315874.5009276105,0.0022965926898609423,0.014031351507672487,-1.2548605049219925,0.5097194730505675,-145.40264280972568,9.447246316918168,1.2925543212648272,7.032702315585307,13.009251016652865,9530.118897096496
push,sai,25_aug1,0.882430346057118,0.37680335623389055,0.43682786043452737,1.7745603254267925,627.2979713632449,0.00034612456724392794,0.0061841386940580554,-0.0030718807711375756,-0.044973946614786334,0.09427898439580057,-3.8716821394671626,22.811672905562062,-46.63270908498075,54.833348555494275,372264.2181653229,-0.004533239392232651,0.05594530738651006,0.08464250249358624,0.9076051937480071,-244.94445279076143,8.439503286026401,1.4792466327895715,3.9939162576614797,12.071235904955763,6036.445296526363
push,sai,26_aug1,0.8412185003100173,0.38772215161915696,0.293551447252708,2.6066218399935437,382.6119854171566,0.00039619318132909625,0.0039033311825574474,0.0749927485471121,-0.12371867727016869,-0.5673467324154243,-1.6332187345513298,23.059483678286124,-66.20688261604647,65.19923832394228,283759.3521967948,0.005161383583827493,-0.020195494397051525,-1.0619492672176365,-0.2433674962885444,16.453896135394942,6.248573870247421,1.6025913125311992,2.1643707915704193,9.995453815537207,3632.4640535692934
raise_arms,sai,1_aug1,1.051163224716369,0.2381502318521194,0.6692464093989593,2.1493611552719467,495.14997849185386,-0.0005806085262291872,-0.005972382121550468,-0.013011999257768322,0.006202414568771422,6.645470770335489,15.639578455847568,17.67858752023137,-12.227743523582118,58.481310333102684,236750.17321146696,-0.0009925759664598309,0.03957519964849507,0.013145688222535295,0.5086450481132654,112.42622345583929,6.845633407530641,1.7767413349119214,3.035254378108533,9.867271446343358,2869.475129060615
raise_arms,sai,2_aug1,0.9844217622274045,0.390605522360605,0.6228052079899069,8.96318974491327,777.7815727606707,0.017671964479779537,0.3625980976600991,-0.10636527819490076,9.500488949428737,97.72251556360638,10.360251363821256,18.889550556627356,-43.64725814510098,61.54937137208003,349874.489786297,0.04511359242766176,1.38103159088111,0.02588948677547814,35.52796600409117,1213.953727724549,7.221067240006158,2.395002591140473,3.0478465640123216,14.93158257083324,5665.592687333694
raise_arms,sai,3_aug1,1.0549149890908334,0.2432228717713292,0.6846040210908567,2.875929216472212,1319.81905119526,0.00174132714849408,-0.018674687687496652,0.046181513970086144,-0.27619580108151964,1.834031559289452,8.05640735021572,19.353186483464732,-45.02260426705676,56.39717282396842,495467.2443074928,0.00012649921366480183,0.006820803167043071,-0.3516788108389548,-0.5001250833543072,-110.87037000670945,6.747516373693938,1.8648630603806033,1.9141204785580441,11.981896928457727,8760.102543701254
raise_arms,sai,4_aug1,1.0996173013664636,0.23888284255369385,0.6728077470929609,3.1553403126718402,1544.4263877656206,-0.0010871411617636429,0.01659267479756704,-0.05237259593835401,-0.05102434298623735,4.515291814030062,5.669507897054976,21.68404639553721,-46.27579726097079,65.53670747574782,622768.2431524178,-0.003130142964214458,-0.005827637725549377,-0.9619942141779972,0.1356097781054612,-175.50301571826782,7.564933327662382,1.7910593416566587,2.983701884655795,10.955833352920259,9908.648154198207
raise_arms,sai,5_aug1,1.0786111034180295,0.4785704930431112,0.399901368097098,9.453264212568655,840.7627604641993,0.044915899741315046,0.5371833383151106,0.011530464239141515,9.49856643144322,181.71489179887018,6.74817297911614,21.499555406016604,-44.97538281567843,89.79709029281676,292408.92858236586,0.2828873712612947,3.9906397895960373,0.9244405695054584,82.46071902575501,9094.626658938012,7.027749335577049,1.9148729603937813,3.9628006778486657,11.998240105817716,4390.705175037839
raise_arms,sai,6_aug1,1.0576798840586927,0.2153015929435388,0.6866529149719386,2.33602137360442,799.9062955572526,-0.000361104695781113,-0.0034569843515156523,-0.11677019681288876,0.009716389220103238,3.5514835547574286,11.559748564659948,18.276306934499658,-41.416923745103645,67.37060500387993,329251.5014268903,0.0014034429591310794,0.10159212947455455,-1.1017288818862878,-0.7239737544421447,130.00569733378592,7.988721894070639,1.969687495339277,5.058383830412506,13.995582651254319,6192.39671128434
raise_arms,sai,7_aug1,1.0748042286760764,0.36155321718686173,0.6417627731660572,9.071892781894299,968.9473389369724,0.024374806350690725,0.4241995415869402,0.07057667197538516,9.635490953669796,138.30462387042257,7.058673807924569,19.541524530498798,-42.08601601842317,56.87634889257121,325205.8970262069,0.069367652454097,1.4066904386371657,0.6135292740174487,35.64632749576104,1356.118879676602,6.924781570353632,1.9246418083231651,4.108981552847711,11.007024373686201,5454.313422240666
raise_arms,sai,8_aug1,1.0698563625369026,0.2517713303932756,0.666418017392902,3.166375926052892,637.6357832559758,0.000222884975095398,0.009469615883348019,0.1471243411937972,-0.27091599078054635,-4.032582581489598,5.503390844347674,23.16851225019042,-41.80737191799541,62.56371827877267,296855.57015476393,0.010312929542788592,-0.05002255059649101,0.7088485610450748,-0.6833278661231775,-15.195847059993563,6.659461664027619,1.9893691091555281,3.088482945504065,12.950745567306685,3915.1575271665392
raise_arms,sai,9_aug1,1.073251058129657,0.24540696110466306,0.6562238999078158,2.0073925523325817,667.1196122085671,0.00043662690785997726,0.0034423661351318893,0.04132761255295521,-0.17015146154763416,0.503022372654641,3.8805443187150077,23.318971052065443,-42.611920010090934,59.14098661242318,310154.81203805376,0.00015673314565156749,-0.04183382714802176,-0.2880763717016783,0.15806419023225493,-122.83747268117962,7.076308573642201,2.1731392497669075,3.1936496504380822,12.033361821486054,4327.9015910074895
raise_arms,sai,10_aug1,1.071779578658849,0.2579073747581578,0.7004629442258515,2.182906702521241,735.9407250669339,0.0004427704622914584,0.0032388510486437527,-0.024320239831807967,0.12596595933622762,3.904547695364873,4.1772514316479565,22.537482742456657,-41.21277503568715,61.468586486120685,337261.9336537358,-0.002486474118001152,-0.042231520615776195,-1.0812805112510744,-1.097939441397649,83.67933664388909,7.590083778257532,2.0292599539518834,2.8227762644615573,13.035852645376153,4998.763561742798
raise_arms,sai,11_aug1,1.032060833287136,0.22625180875158657,0.6573402470309796,2.1284058205848986,1032.2055355370605,0.000714657753401543,-0.007573127107478363,0.07212318568139339,0.09581433579048557,2.373888267458802,3.891457178746181,20.459811254992307,-42.59299022165536,64.52769091170141,386887.1492909083,-0.004526575920301301,-0.04506177293738824,-0.16243565091864642,-0.21381837990219135,-42.86919151840991,6.966345878406746,2.281055383873609,2.0158340727170376,13.254903782295248,7104.487995585794
raise_arms,sai,12_aug1,1.088523530120169,0.36918342129106474,0.6783020501794056,9.121357990188049,1550.4432561227813,0.019040504005187496,0.41074476724213677,0.04521765830837811,10.271220589605017,221.64846503346106,7.68616493221651,19.839116603216652,-42.334489091302835,83.59699211154532,536650.2370624773,0.05819616492641165,1.3910856954586999,-0.712347103425728,36.09339451093302,2442.639286542059,7.328248034948905,1.9130182630260626,2.993511392761292,14.827112480795572,9519.565775144205
raise_arms,sai,13_aug1,1.0424036478824144,0.2161245980515094,0.2444151622663233,3.5038649605470584,1324.5801334597788,-0.009992287554139076,0.3737040688792035,-11.976400931439736,0.23581228896530887,137.33554608208846,3.602232074183086,20.18925264252394,-91.65778560503327,90.13866965220015,494672.6678627953,0.07357784954721533,3.025604039838741,-48.39972881694491,90.14880819931211,11153.008788177365,7.311283743398354,1.957379886339967,3.1161443199569128,12.152306202742398,9657.670017414395
raise_arms,sai,14_aug1,0.997047786559579,0.19532335545169732,0.7387990005841191,2.215857374036183,771.9509100954366,0.0005858409906477306,-0.0006788853954167022,0.057573756865282204,-0.06714637344847098,-0.83437003015395,11.535643366654153,17.305894080702856,-40.73380285033955,58.69183931347558,289913.96251494216,-0.006550260876376436,0.07449963180536774,0.4839106864854001,-0.13978857374104883,-58.740900658007135,6.531444197433338,2.0618512538588836,2.8921841868737546,11.090856970655285,4659.677096032384
raise_arms,sai,15_aug1,1.0622913421625215,0.238823984817028,0.719925005304312,3.352225590652945,698.1766072102705,0.001000813494692884,-0.0027420368273596224,-0.03628087250588134,-0.17460181436686464,-3.810782375724991,5.660023277035279,21.776396078779605,-42.1778741183294,60.776637177618184,298021.8940971887,0.003147156973051349,-0.06085286877746181,-0.49241291868045,0.6154250921776225,36.46768501106994,7.167408815489659,2.298112026684196,2.9482661015300384,12.058707589674091,4870.666654808606
raise_arms,sai,16_aug1,1.0839868397781491,0.24813943665131696,0.7024193180861023,2.2048984759617953,860.8420856582395,-0.0007319177637206792,-0.002987673367151124,0.11787832193517694,-0.24518062962487333,2.7524399067581955,3.680178345636456,21.715429144176436,-41.577145119505545,59.302688657370055,320484.5820070963,0.003510697194118881,-0.03405716592440709,-0.11160001671264072,0.33529373888857567,-76.12817887198707,7.087115482307929,2.118332625509422,2.0171360875815254,12.984084717041007,5366.439533352467
raise_arms,sai,17_aug1,1.090008577175658,0.2539765643921667,0.682262552506518,2.3511879306745906,1550.5835440837307,0.0005007448699098632,-0.00210306298975912,-0.027994480662394124,0.4854717331677374,-2.9033561631415057,3.7299524414851417,23.452045276718987,-43.370195886991056,55.67147112872698,690786.6316909858,0.00025618786251970134,0.07894140712476247,-0.6324075639666001,-0.7461300147690706,-132.34023047205082,7.275512550017423,2.1896282262272173,1.9991175980734612,12.048612844974539,9901.909728315437
raise_arms,sai,18_aug1,1.0211409451301727,0.24527216250384112,0.6505446899789141,3.169982096942131,672.668812385988,0.0005113220510839641,0.009713049363766236,-0.08064882238136623,0.102294277490167,-1.3233064258263056,6.3876995474422245,18.7854162271333,-40.71246352337059,57.03496196797862,251679.57581944662,-0.0019464420757778396,0.04441783954026333,0.11878453038257726,-0.419004716515971,-57.987673617567246,5.475377888159708,1.8002769303293997,2.9157418020749284,10.969919425869898,3710.830678251237
raise_arms,sai,19_aug1,1.0143823521253872,0.20804358389133548,0.6930802901326515,2.114645178406412,492.5713974981594,-0.001349375332899901,0.001363297960742756,-0.10236502531426718,-0.055411216587687245,0.45101288685971225,11.983799934611135,17.54932175139672,-23.215342235606993,56.81390554921799,237595.54776668956,0.007011599743199626,0.04946135579695934,-0.46488943395048177,0.2167180793949688,70.4268757768271,5.556744059724016,1.9186974001024486,1.9967561828997904,11.934401751014388,3103.30578796963
raise_arms,sai,20_aug1,1.0656545873010403,0.4681596217923997,0.6937796920387608,9.158172559575323,727.6099927217554,0.04786622705943604,0.5897662536306796,-0.025142733210987683,9.643242455472658,180.60401588906205,11.294827616692908,17.2732857961678,-38.02052007539195,56.77854651569219,227650.38040013675,0.24710730313668552,3.9267291425703728,-0.18727688456422525,83.52896875548771,8112.801661946804,6.371330433514654,2.370063926841894,1.984034846566004,10.87811081715161,3787.133782519976
soli,sai,1_aug1,0.6569781723052155,0.4199961618928731,0.0826294705283545,1.683818584603268,475.0100421184655,0.00021084276859687593,0.003774140168505077,-0.014543095798905179,0.1625904501918285,-0.15248086165754682,6.443435565454519,21.785247083853662,-68.65979023694057,68.19933848117813,357682.133871245,0.0018785131543413596,0.013742238458964615,-0.34872909230040827,-1.0452034293263237,-148.1520601309229,7.994680271627541,1.9546078526329056,3.931838645051099,13.101224636003106,6266.53723383064
soli,sai,2_aug1,0.588251027406725,0.39591017466351225,0.09643439003739364,1.5965969723990272,290.3297958832223,0.0003848779566951356,-0.008527067832959812,0.0478990221235063,0.10278349406953553,-1.2293933287228476,6.969255142329884,23.872460788105784,-56.181707933362674,70.19587120214625,360994.5751074764,0.003108039624241102,-0.019269209977991336,-0.40081079577285816,0.23810872540135766,12.702664300935623,8.068339260997542,1.7517605315508382,1.1765528792481033,12.023308451573431,4929.064771346526
soli,sai,3_aug1,0.6419229174596819,0.40299621121571993,0.0770405040161628,2.510882694095294,486.5632179589389,-0.00027485090138953873,-0.0005323325304103166,-0.005960097135753456,0.05140955067964862,0.15988311602607716,4.444457473954202,23.70402467016799,-66.31367450064069,70.64673723341457,493888.15805037576,0.0025949256578520147,-0.05268884171702251,-0.1785048693722431,-2.01919642684961,67.74902619911293,8.523292544127933,2.511262887568023,3.016252756258354,12.873612853725714,7809.985261091926
soli,sai,4_aug1,0.6798421084211006,0.43113659940678417,0.10032840912454931,1.769600605725422,726.8844353216406,0.0003578831751038901,0.015672750936178183,-0.09560659241574326,-0.11311021038418434,-1.9532194097153963,-0.21414882912004643,21.38038863181904,-63.40048751956347,68.16997715500324,537286.5395070228,0.0033487993363867877,0.08523423633497992,-0.7898986198636674,-0.7159144521047409,-116.34310694936529,9.47427353348321,1.9604374771835316,4.152938581031158,14.04040853581375,10910.606996609018
soli,sai,5_aug1,0.6340537364260083,0.3893951485744761,0.10947677360611677,2.0823328694753296,390.5868375297952,-0.0005398936971211463,0.002198911413574845,0.030816390105625667,-0.12786028509574815,2.4139987669278207,1.6826981548180908,23.066021463273543,-41.057807850204945,69.91576968557546,352581.523131329,0.0027382157290415624,0.022843897627709074,0.3580579270518764,-0.08213885255118163,-79.4059118035528,9.025852163006638,2.191810504535439,6.008435805416296,14.230405347025293,6475.420480233758
soli,sai,6_aug1,0.6442171164740607,0.3973242576857527,0.09281214258309384,2.0837225227775718,425.4036147077766,-0.0005778183461652694,0.002308162175531663,0.023636810593209316,-0.17837762563848938,-2.660004790334764,2.6094523992647747,22.612463009291783,-42.017855613404755,67.65878815502076,368011.07102740335,-0.0006570484890523854,-0.046827639468473764,0.28863498508084895,-1.4674588529099406,-191.73686353685574,8.537677750903633,1.9358775435011253,3.957058376735938,12.054246896916476,6543.836944876619
soli,sai,7_aug1,0.6375075746470672,0.41273228434010806,0.08980991415699553,2.461557288595575,433.3454197426472,-0.0007334481274437693,-0.0189294374563954,0.08060359327889978,0.23156944593987683,-2.4771036852820125,1.6931886223590238,23.6531004162507,-51.51483801440717,69.44928425301042,375973.09517874965,-0.0011746317866979704,0.01704698370327781,-0.09768122303239993,-0.4311972717903666,20.72443212543474,9.518899186542436,2.565721982822267,3.9569365291457492,15.156054317173739,6860.449910899686
soli,sai,8_aug1,0.6272535090584842,0.4019068355918221,0.10966789818833828,1.5733387677634816,379.8076705109569,-0.00025164948474178475,0.008387755554270484,0.09121231844956712,-0.22324733050112777,2.01580534686984,2.9298778123869162,22.158409895132507,-47.98892511019265,69.22358440689186,357790.4116822466,-0.002758387110682267,-0.006045982608223618,0.05373905797656693,0.7146404134472232,16.193697859911268,8.897974969020462,1.7808782586245986,6.147076172787698,12.88718772923351,6366.111234000953
soli,sai,9_aug1,0.6322977328414684,0.43707875032255045,0.09672389180984543,2.773907348822052,343.07102761669,0.00038534543618560737,-0.01692553849205033,0.025606357535806958,-0.023548702168907344,-1.292383142138197,2.062622636669719,24.644694705878095,-41.46983952595116,68.69700964637498,365500.01469910983,-0.0020814415828995458,-0.009857372608731084,0.2938602063497854,0.3445376081975862,145.097019726495,8.745369596496621,2.280777789260911,3.0063798775181265,13.103366359672654,5531.834354909907
soli,sai,10_aug1,0.7185538641411573,0.4694358105113151,0.09065820358724705,2.641664016594838,729.4102539898023,0.000966552852385062,-0.004931280141665944,-0.049758835671899405,0.05324038907445035,4.599569227645466,1.449821737801599,23.02769680353043,-63.64096396998944,69.3547735700056,536461.1410408359,0.006854249131679724,0.029684239957871544,-0.15411981565837218,-1.2788550021983514,60.69861927292954,8.73312973752766,1.8818195170614458,4.019783567206979,16.00326601775683,9497.553189620958
soli,sai,11_aug1,0.6187243064912238,0.43367420437375165,0.09386827305731649,2.77019351945989,401.6549683579359,0.0006028181777347405,0.022027720201158733,0.10013387101576214,0.1523476037163045,3.217499726477887,0.8261170484444814,23.10845169802218,-48.43214925453862,69.95147897619347,371360.1283528705,0.000673253252205281,-0.010907030336562448,0.5538040101690793,-0.3788143215749209,294.49101988571704,8.127262609981964,2.0273485826428197,4.086151691951445,13.945864992903214,6273.586134466518
soli,sai,12_aug1,0.6385277650803892,0.3487695655316049,0.10279357072639772,1.875016548247413,446.3337856227024,-0.00042075051453983707,-0.00222738558859072,0.0021232699170524775,0.4562719869170229,-6.8795360462056685,8.518762788050418,21.11915752574225,-41.17348580542925,70.19909786931282,479334.0455048937,0.0032800118819934425,0.0006455605763538683,-0.272364161406188,-1.431739186769957,-52.92703877377947,8.810383078278463,1.4925142562153009,4.979656416691403,11.93246761570784,8269.335980889275
soli,sai,13_aug1,0.5301761201110514,0.2970165512060174,0.11589832284575186,1.6192041096724135,208.1716632142243,0.000626321434749908,-0.020134983495264602,0.017124007599060388,-0.1336480688537241,2.706512101858019,2.036308270205862,23.459770807712776,-56.73385751472604,68.74421901888914,325610.77104789374,0.004475590374221121,-0.10632614370129798,0.8424201651620383,0.434862248191891,-174.81579547115328,7.134034961779593,2.1276440687962643,1.9482074429036838,12.110840937359935,4422.156014654928
soli,sai,14_aug1,0.667032705393197,0.4481383221596312,0.07954889171225284,1.9781262529350463,375.4028013670443,-0.0007507441342561251,-0.0018496081801529151,0.060198347336651234,0.28453235155763984,1.3131582034436142,2.081499205013194,24.5579265887733,-45.84845156668111,67.93431350482369,361985.18878593517,-0.002612960848404619,0.052784446937492395,0.17565460135002534,0.7504747180908761,85.41026542700396,8.587705634272885,2.009577863842962,4.0547988503148895,12.943590762147508,5075.3399225955
soli,sai,15_aug1,0.6139266536062227,0.38787743456222856,0.09111297683449154,1.4899969687716872,319.5297398635365,0.0008163092482906804,-0.005272639306774276,-0.02593548585373052,-0.21375599189771038,1.3079617630795068,3.8973530023204193,24.521767772733305,-46.92886431829444,70.13460195466631,347212.13827990997,0.001651365529828152,-0.03977427627684297,0.024891681486202653,2.3359268064381884,213.083451020349,8.199204242138402,1.8639972590660072,2.032163439426368,11.029435735415724,4724.938702558333
soli,sai,16_aug1,0.6452162777910804,0.4393058706126709,0.09405951403429462,1.8949373426553906,383.3062430495162,-0.0001781030906255051,0.005969940993888662,0.06018851886360857,-0.08432280260737417,-4.160323294791368,4.0930927535574115,23.252246861557406,-61.63716341865165,68.35791962643039,367434.389420945,-0.0030480045455884928,0.0034333231607349725,-0.3753964910124997,2.1662362586712254,38.54039369040551,7.976962449432879,1.8569837478093894,4.006835218747084,13.08942647210498,5686.669244217108
soli,sai,17_aug1,0.7958432767324726,0.47336994904903346,0.08481063089898624,4.518297670647794,1186.712213661159,0.0018483862715204771,0.0055704059090865895,0.05245461251643952,0.6753898689417738,1.7364791575705631,6.688300030922667,21.33008478547042,-61.80862645265463,173.3335734713972,693962.5570853438,-0.012504827112639276,2.7699237348918806,-87.7138250592096,59.46371187585558,11425.798616910346,9.125467047051272,1.6894671492140212,3.899469021075482,14.006434533683725,12880.284774009686
soli,sai,18_aug1,0.7144331518412995,0.48466097559319,0.09163567247352333,2.734497166983407,552.5089686890217,0.0003614830323911902,-0.0042709164285771855,-0.04045588307937023,0.050468481296779694,7.869753236274741,8.799191016181524,24.371502842558044,-44.31003560515273,67.5976568456199,506738.4346786273,-0.004135394517125088,0.048968865003730475,-0.4088702943067813,0.6666384418887716,-104.59545822681908,10.314467817360491,1.8744136688331714,5.072752801738051,15.076326325722118,7734.724112543149
soli,sai,19_aug1,0.7257109523016284,0.46735791414373024,0.09952926788648783,2.774451962266212,452.9783192222642,0.00011457109977633583,-0.001339097246255292,0.1258900763764234,0.18437023206108688,0.32233994336807087,11.872658419500064,20.84780783410259,-66.63999261312316,70.21354870078866,322149.3398919178,-0.0057922118599109855,0.02897415542205738,0.08560120965504589,-1.5265623886869513,-6.468172912221568,7.0832777165000245,1.7825460447369779,1.0149874736837996,11.00980952375507,4416.858265267732
soli,sai,20_aug1,0.659074318009985,0.4551498681746932,0.1024902627013019,2.0168418487012496,400.116218095727,-0.0009576097761540707,-0.012314410576379263,0.03201069346187302,0.07788287914224644,4.752315517928127,3.5261109653224945,22.155561773168955,-47.107624706580225,70.40307586677295,282189.60118936223,-0.003808520567186272,0.07796946641200447,-0.5342418390848913,2.2322429538879534,-10.02547189961738,7.389094258768389,1.9734361111081873,3.032396827296609,12.051964454063905,4444.983954327938
open_close_fist,sai,1_aug2,0.6876464758741802,0.5838502451389366,0.08775110703561743,4.7936698195868495,457.17015141000275,-0.0005572061018599422,-0.0014000302111642654,-0.06370283805862581,0.15311720954045097,1.5526984709398166,-5.736486728907365,31.06452178730785,-65.75991764090135,69.81272346165292,492134.66955305124,0.0036546288105042783,0.0672561495786464,0.6047496987792851,0.1978053405764261,53.37071102768895,6.068037017985776,1.6323001699202804,0.9738557889147672,11.104668218171117,3632.4857959668666
open_close_fist,sai,2_aug2,0.7876614096938636,0.6629394956307705,0.09087944203975873,3.2863801722320405,461.9608330856421,-0.0003881012743233825,-0.0019618770663053764,-0.035128464851543195,-0.019801793412828325,-3.364039678998117,-2.0171949718012154,27.42019744091685,-68.7105224126344,69.30768133566997,388873.1888190575,0.003116629637937141,-0.07154459738977113,-0.36992359458663127,1.6787439351390903,147.1761272782029,5.966072983976859,1.3997922384366466,2.980774516081838,9.044226674348533,3075.321899261367
open_close_fist,sai,3_aug2,0.7529869324265868,0.7270534877347238,-0.008648449670185554,7.767920706510755,461.4753878696913,0.056455547124018596,0.7107074755156865,-0.0006184951264476062,10.114029231727582,221.6670432442188,-3.21136004087532,30.127805066264212,-67.89769730673024,89.92258361298795,399603.6411947548,0.2963576914036893,3.577105624255916,1.5749409477235585,63.98002411648741,5282.122896695978,6.1484733903949795,1.9745197731778679,3.00582341403256,10.850860407528666,2960.519112607895
open_close_fist,sai,4_aug2,0.729664151424464,0.5666983104409242,0.09774067945703126,3.785190847615631,397.49547826404125,-0.000854316094700998,0.00473820319599382,0.05519573486940429,-0.012642394335406433,4.423701283952242,1.8364009452218382,28.06479835954404,-69.3622071692195,66.61155251197226,326897.047759614,0.007809475773897301,-0.0346435747806338,0.8255442829932034,-1.5263574243802884,-220.7461409371006,5.291979836780766,1.7304740621446293,1.048966480021778,8.867050667633904,2360.518721623429
open_close_fist,sai,5_aug2,0.753013183748014,0.6054723532640678,-0.008687423334036671,7.636207200411091,611.6933241466,0.03971520674606241,0.5959037732338304,0.07352337131203149,10.253016537702672,215.9083300173627,-3.625452720947707,29.257646583478884,-69.45194416809792,89.35133899660376,524002.81794628064,0.19429598199240697,2.92039427998066,0.3534150910940671,63.649806749633896,5205.478598392279,5.9554478714795875,1.7298760694094122,0.9473519988498021,9.917876688572516,3873.775301233051
open_close_fist,sai,6_aug2,0.6555964586905924,0.550235502294662,0.10926851232728213,4.2041936849672314,286.9483945556989,-0.00027085296498600536,-0.00864331956184889,-0.11000908181807312,-0.2926355058370746,-0.5045581365810204,-7.931072734751937,30.028153159383844,-63.352380181278946,70.90109201822526,405326.24511182035,0.005217253636560072,0.038406123471636154,0.15100599583146912,0.17714274556766355,33.754808884620786,6.654235733114054,1.4577596817627523,3.908415897789416,11.128106638811357,3103.563583715329
open_close_fist,sai,7_aug2,0.6826772323603074,0.5418881865793134,0.09576753521634417,3.4178460630336125,377.19566421401515,-0.0010770042438502305,0.0058379424004331585,0.08808760656091576,-0.0534033151362468,0.2636916625376379,-5.204568744005125,30.231966263890023,-66.73541923255979,69.22619837265589,424262.44629570044,0.003484115155180088,0.09087871471371432,0.05039665665697459,0.5759459033717442,126.68845759206576,6.377513423740426,1.5703863835837164,2.951060969558677,10.087280566945921,2988.3321526268765
open_close_fist,sai,8_aug2,0.7092681388353824,0.4939695263754761,0.07785532896693223,3.589189736452386,301.4399053558322,-0.0016877633463426964,0.0037946909958036738,0.005772781435315293,-0.13271876803977728,2.205865658569289,-6.022049657553454,27.86064381427368,-66.99233977350474,70.22013069096671,323579.4571089815,0.004412995991668757,0.026268248798967386,-0.7452889223961581,-1.5979324830192627,372.55451767796677,6.20620443537798,1.8977030790954141,2.0034026399252456,9.970175564411496,2848.6156534408065
open_close_fist,sai,9_aug2,0.7601093336616102,0.6349867511077543,0.08056582166115012,3.7451405972396867,349.9964869303785,-0.00017354543844768058,-0.011145051556885487,-0.00470323750520069,-0.07871594124050882,-0.832612641074772,-3.9547164647195294,30.96077069905582,-67.40915427345107,67.81950425888732,342125.52149856824,0.0006613622859458546,-0.06513125000218009,1.1959251082244307,-2.577469651908182,35.97384357537831,6.037013530023871,1.8147947787743353,3.04608516242637,9.968738467597483,2262.8535457594003
open_close_fist,sai,10_aug2,0.716571558662407,0.7032888460008152,0.0830232967852299,9.00578637231057,385.3909819528445,0.04756392835431977,0.5766963321056382,0.0728629939184358,9.333634539012039,134.67776524453643,-2.719554092991478,29.957811582900817,-68.9333826556361,68.3029518938449,358006.1090145272,0.12287579352276445,1.9437225842664412,0.4899442371228048,32.83282411086374,1751.6988575984392,5.769629886762341,2.3559570021201837,0.9451795131713137,11.86580594496582,2591.080031053041
open_close_fist,sai,11_aug2,0.7694380637446148,0.7965348038118252,0.1047698605350878,9.336975090866833,461.6274558290872,0.03348416448575907,0.5251342358620247,-0.05205486240909715,9.617996025533667,95.36854574305963,-0.1274986404718783,32.93167361507138,-67.53271888378069,69.33263129774015,411275.16900107113,0.09411590345519091,1.7660539315233548,-0.3571106612904307,33.531835587820616,1353.0538595524586,5.726835654959612,2.053549029882747,2.109987906583067,10.04087732612101,2399.849486752843
open_close_fist,sai,12_aug2,0.673607055629189,0.5386524945852371,0.10566484184769905,3.5449021319728455,365.5654287887079,-0.00029572805472131714,0.009480555657004393,-0.04596374013033844,-0.10972228632020689,-0.2666056003073037,-9.31987203501731,34.43478205646351,-67.5170505547743,67.98805661938323,641335.0288506646,-0.0013662339858277889,0.01931843317770623,0.0118201688900598,0.08824053493781414,189.25762643236044,7.2755969194395025,2.148117503816972,3.0397381034486,12.968764232063036,3981.621748117293
open_close_fist,sai,13_aug2,0.7137274212886289,0.5077806326341291,0.0997202005910624,3.407071252526101,358.6646925580512,0.021434924321997985,0.4506204741349531,0.15271174312861857,9.725958549707656,88.89997481644458,-10.742760780455432,31.656053478728456,-67.51973640505146,67.87242323553555,515039.51470849855,-0.007811390254151757,-0.02675944767197987,0.5172631898614991,-1.325466407799661,68.0509873004354,7.193696987164148,2.0080938967078583,3.0065996895646343,11.992637691696531,3614.7492223773465
open_close_fist,sai,14_aug2,0.7593587135170677,0.5783623436335037,0.09501826877698158,4.097158269100865,355.4931943544955,0.001007701218643984,0.005576717980564288,-0.021453948164956847,-0.012758350593238871,3.1116974364653793,-0.9280254348814609,29.817887909706734,-68.25252139991403,67.84722271791694,316435.9018492231,-0.0026593834678193293,0.03651087919948784,0.15596129831715966,-0.06324015610905481,94.49432393985546,5.525159891946897,1.665330567709829,1.8934672069441578,10.091505147304796,2313.1647953928455
open_close_fist,sai,15_aug2,0.6123578779351331,0.4812854822414083,0.1052822802637667,1.8708543338417785,228.10651826530167,-3.730221377320126e-05,0.0005134454283154418,0.008388528473618593,0.18576240262791652,-2.1462590102905836,-2.6909953687686956,27.733473017353898,-68.44248407046678,66.61232246549622,290922.43640150956,0.0027430917864608682,0.07189522774961349,0.8078581829892132,-0.777626936107093,-143.78019326750317,5.691306771696676,2.2542509533086403,1.1101038941065198,11.086086633780889,2405.3169810237478
open_close_fist,sai,16_aug2,0.6588045994422186,0.3774093386037976,0.08599322845203522,2.0227173576104005,275.84244359957694,-0.0009236744779641936,-0.015271009125865998,0.05255856872161342,0.12651662232927366,1.2204876647590788,-4.557945085256726,28.969524018116037,-55.042572837424494,69.5219531908969,416646.63689721085,-0.0012260948801524677,-0.05758911080816194,0.33635017038580184,-0.5923206750899082,-60.184875046872754,6.187246462369572,1.3012638275756359,2.925777174356969,9.988463006518812,3151.5568737982194
open_close_fist,sai,17_aug2,0.6714993301618021,0.4975651166777591,0.09314871272197256,3.7887325987899407,332.7952238201821,-0.0009686330738674742,0.007406910044262368,-0.03803583913531088,-0.08366435875089785,-0.6447260379589662,-5.3332405629076405,25.908090595279088,-63.16705803806889,66.33545722140497,327235.74654424965,0.003936229507946779,0.04459497155895882,-0.4923464773344694,0.07718547154931826,-63.43827286419332,6.5666242754063875,1.5045392486810434,4.074740417665013,10.133663916130198,3417.7214377628197
open_close_fist,sai,18_aug2,0.6967844820485726,0.4750391409246297,0.0828704456191355,3.733749057967759,364.2349745781158,0.0007211335937933349,0.011770361748380835,0.056497748639255434,0.483430689851078,0.1254234822143926,-4.292073394338442,32.2697697921958,-68.41171447779136,66.66464641605822,508422.2616984994,0.0004531791842227015,-0.10583669703546036,0.1285821653351984,0.4188566415599214,70.07910992037833,6.5714212134940935,2.11060906145205,1.0847676185922197,11.08751096517608,3427.2539469563235
open_close_fist,sai,19_aug2,0.6693534926741802,0.6147280223356799,0.08514827591371682,8.969798504286153,389.85532134515256,0.056194797752059884,0.6061385022830635,0.1269503993299961,9.69669258305875,180.6372739540161,-13.015995450962837,28.502863450147405,-68.17074735370078,67.50989328530896,443527.1234870179,0.2831215136818317,4.160180591099646,0.08280466111463432,80.99628292047203,7921.069766178056,6.061358302822781,2.174016775186106,2.111533410602294,11.988336302137842,2996.722869678599
open_close_fist,sai,20_aug2,0.6219601773441009,0.4009682424630435,0.09818200390784,1.938313164912075,178.876761257111,-0.00044320987886438114,0.019063376679628558,-0.05588335116567255,-0.07017030098837367,1.243151998183397,0.3016158864906248,25.298696821580528,-67.49729055582179,67.45845609576199,192019.55241181323,0.00022219822863823213,-0.042887437130047376,1.6033180219240761,-1.1530977782837275,30.842696699531103,4.766105669430066,2.0333082857077733,1.0970984160174324,9.02137467267072,1680.0291634136074
palm_up_down,sai,1_aug2,0.6323653379735719,0.3414507032723011,0.11423583145495192,2.9856131191388564,237.00769600634155,-0.00032936920938505604,-0.010234559467219457,0.019670541100553364,-0.164712083925923,1.4505400107583997,2.500795974955568,20.255708859497,-56.673165623205826,70.70716953833995,199871.85780577708,-0.0030981734282577488,0.08340680423105393,-0.5421063505121984,3.1462428240863534,77.27090696166468,6.364621670570808,1.9298427498434905,1.8485939836964216,10.923926382231755,3264.504232720991
palm_up_down,sai,2_aug2,0.6597020724332038,0.372619804940844,0.08551579363747891,2.4868074279676984,302.1939817127427,-0.0011995352091098265,0.0037441887893170465,0.09188605108785959,0.07774063831487238,-7.888482755667329,7.048203036331662,23.80224326905711,-68.64926777026784,68.77886734787081,331926.31471062556,-0.00365404731866196,0.021832989238643966,0.04355372759038204,0.4162707394184988,-11.738069800762831,8.02039947876828,2.314227392585641,2.9337006663494343,15.88767059735671,4920.267842082278
palm_up_down,sai,3_aug2,0.7213257327040788,0.6860397316954269,-0.017050371712601292,7.550369248632925,472.66640861238136,0.05706581638144033,0.715028643456237,0.003743800961128264,10.458536057467063,249.85135503782817,5.719903931319354,24.76764167951772,-65.15105154069953,89.2020586722576,329551.2087848199,0.3081425877271904,3.8651913487398897,-15.669632641223938,63.909040578750094,7624.551873059063,6.912211771138565,2.5580683947721945,1.9706914952896915,14.12400483830329,4197.581584282426
palm_up_down,sai,4_aug2,0.6381693058272842,0.29662508938673904,0.09618368923729488,2.5935235117598388,247.3875654595697,-1.5796847483376393e-05,-0.006702721875931179,0.04038155542782885,-0.17222923314203353,-2.479207209208984,6.649146867709184,21.220598336107553,-69.2874264841889,70.86217166740812,258822.61210377753,-0.0006235909784361549,0.037860829239566504,-0.2809853845509848,-0.4310951871991416,-185.1425926335024,6.587097179462326,2.1646657209106266,0.9259140350897207,12.107649096605064,3620.198658070365
palm_up_down,sai,5_aug2,0.7050090134240007,0.3271955065192275,0.09364924826178492,2.949375382032889,355.0205367811306,-0.0011816077664942278,0.01110724490163009,-0.035995136394616475,-0.16304378945008718,-0.8635093978987861,3.882322935384948,24.317362899792705,-61.07105785300623,70.41054749288566,374195.7377712155,0.0009327564687585396,0.013918115460713528,0.5123732297579373,0.05215178391757995,-65.41363143439507,7.724154096514436,2.3187494223476817,2.955298175238345,12.98552133934446,5416.125324078829
palm_up_down,sai,6_aug2,0.6906437701329633,0.39243830742342817,0.09523917076494118,2.6651822957876905,288.40444107559676,-5.356307353456054e-05,-0.0003502479751044927,-0.10155459640116304,-0.02068507622770047,4.938536704887041,5.23717419257534,23.22944511625026,-63.95816860765564,69.76460050021201,258664.38551246547,-0.0025637678808086884,0.04990588460824122,0.3714009527615957,1.6613171271543163,8.735022549327276,6.0837085494025676,1.875863035236251,2.9494347788759994,11.124097188066203,3243.2132416259255
palm_up_down,sai,7_aug2,0.7393105637852222,0.3940502423019216,0.09086982535636291,2.6404091446664966,380.6410775622733,0.015886836089031478,0.41081597546148396,0.1743732270294973,9.518685451395545,88.82251774099248,5.073455491498435,23.61504308950735,-65.51981835479211,68.97503419990913,356764.0238256782,0.0027163056386593294,0.009438499901101844,0.10997796608292491,-0.45597195723914036,-169.76668239294062,7.038191194449716,1.7543129628477456,4.2023676904108385,12.016695255002018,4476.423244325709
palm_up_down,sai,8_aug2,0.7156540803705523,0.359678483777132,0.07428400413981084,2.4475373213500182,463.21333409978865,-0.0002888328328839073,0.021100660781577563,-0.04922542744172955,0.14893401854468882,-4.509528662744267,4.171229359757813,19.88299221575596,-65.86760635981848,68.34698347342461,279199.4728766524,0.004618782221169058,-0.012064030876405892,0.005750484770417492,0.8798295053000681,143.1573099864447,6.420340298127005,1.9091821576401418,2.9317560196213046,11.934437734259323,5095.720554544372
palm_up_down,sai,9_aug2,0.6961854626500151,0.4595099567426859,0.10527885055519459,2.8158933168401354,359.2490360520185,0.0003277570768597762,-0.003961175131106529,0.08631488269068206,0.04974697550358378,-0.8435621948526659,0.94627755940242,21.65437420537071,-49.400084913351456,68.49188858096468,263354.09507505357,0.004745089089700408,0.0026884608408661017,-0.03332517280871999,2.458497941676722,-101.43506589422927,6.769340881136326,2.4563189601831987,3.0803701112822215,14.915203961376857,4316.678228753848
palm_up_down,sai,10_aug2,0.6334690943195453,0.37865602452132047,0.10019984765058246,3.5205709802113687,350.7511266355179,-0.0002725691109857833,-0.00358832998876939,0.0857379112058093,-0.034051714038786755,-1.9586848463714304,1.9306945240495668,23.902666870539047,-59.123779682399764,68.04333220955384,300312.32940178,-0.00010497964012501858,-0.04353472518854368,0.48118610740861206,0.18948826027612964,-159.70902133388722,7.390715854744783,2.2454666223260586,1.0754287082514433,12.901963540976107,4101.088332635635
palm_up_down,sai,11_aug2,0.668354719647691,0.5937751113547952,0.01482846118040694,7.527132231767375,419.61816061831667,0.05367526213726556,0.6815079249353508,0.06744142537330458,10.585757762986793,253.59817451960126,-0.8691263162000854,27.263835105085803,-68.27329520519663,88.77193431957005,409622.4261296968,0.2880740303294777,3.749693786501505,-14.892097342176278,62.40285072316288,7650.023849819264,7.366284754661347,2.279733978339132,4.127355893076853,13.805201744200218,4295.626408716039
palm_up_down,sai,12_aug2,0.678981503774624,0.360871258435285,0.06683275196000664,2.7879331369183267,338.4720041777357,-0.0007688043503827571,0.0072446132976829395,0.0785686526849532,0.09686586174246525,1.6894247758664573,-4.693762141424422,27.773974152614837,-64.14057780656593,67.06434027143939,424015.444498333,0.004232770100971353,-0.03712707177179082,-1.23987058254159,0.34656467350140613,-34.98176111655619,7.070209903339401,1.8305000952957542,3.0787364876126753,12.051996243463286,4021.3314134122797
palm_up_down,sai,13_aug2,0.6879216150310753,0.3665568687223093,0.0898688325381922,2.6556968934893415,300.6890056600717,-0.0010846582413834805,-0.005821433368873639,-0.04484931000589253,0.06709186824334394,0.08907407524833842,5.631582081621374,24.70996733940475,-66.56700559966316,68.15907287707108,323354.65758693696,-0.0008885058454591085,-0.03347059924771998,-0.6690552757817164,0.42225293812995207,55.18239418195173,7.302443468102023,2.5596412417584427,1.9485606455257731,13.885698365076435,4138.508016450038
palm_up_down,sai,14_aug2,0.6986941820649653,0.28568290035404253,0.09273016492289966,2.530648010771926,411.269499222516,0.0005846531472852252,0.005209494331766672,0.05138414883390551,0.10298573139340401,-0.08137903867962405,-2.6216308791119562,22.676171923552296,-54.564493739857454,67.2609870638412,404301.0560728429,-6.654090258440134e-05,-0.06875788174495216,-0.15667284420844171,1.5806289407359737,-46.87653265226881,6.228301719378409,2.1922467487322392,0.9903586215588083,11.073993003672237,5028.432422529824
palm_up_down,sai,15_aug2,0.7275588120028993,0.4784138924680909,0.08013397689852061,2.8168963249123475,237.73537402388735,-0.0004539345234372022,-0.004346109212747748,-0.041983476193682284,0.07500823789930343,-4.677221815222414,7.073241424802647,19.97638236192521,-37.565307993413654,67.61489448656708,161975.82380280097,-0.0072300231346214515,0.0300505090598473,-0.9491781866787021,1.2033236474899591,2.5817805836087957,6.499090919448621,1.9157048511559844,2.87503845121809,11.977176967315572,2440.366523085225
palm_up_down,sai,16_aug2,0.6628617611464659,0.12148384122598793,0.11709668069432756,1.7247095588189476,147.93631930258468,-0.00024885380879500883,-0.0019823567851348376,-0.05977347175198028,0.06621487934825114,-0.6802950553681901,11.984339641880387,17.487693333652345,-54.91701887936281,52.685843227318884,111145.11687257954,0.0022741778100980707,-0.05662191585725478,-0.11991495660644641,-0.8392596232189986,93.92876267885262,5.028629228081468,1.5321852823806597,1.9605195694777282,8.032025937797853,1584.8473884379225
palm_up_down,sai,17_aug2,0.80099828855137,0.5540526485423821,0.08195717686980694,2.73848881859282,459.5652130108302,0.0007741586315560535,0.007838407528010303,-0.019778258549080198,-0.2846433204923017,1.491904788374646,10.355494527419808,21.56924782685035,-59.97309830870888,69.6241482151783,294623.27552178875,-0.0025558528517883785,-0.06494412541643843,0.8068756815816422,1.1061615030579879,-344.4008081141587,5.909726172291224,2.0580825371595077,0.9426887684120329,13.078717980082882,3146.950376864622
palm_up_down,sai,18_aug2,0.6895621518946998,0.42395975709534334,0.11194394732513083,3.0522198548822943,505.8915747129828,-0.0003910994539439213,0.0016828626920721503,0.15824673697252414,0.18510338052238834,-4.965332058434572,10.411620798804108,22.546438828624446,-64.40664552837254,69.59262959984096,440712.00753387826,-0.001210275067726313,-0.04844238572595642,0.6971752467638567,-2.128183244055844,44.336845992768296,5.669601498814837,1.9899807067967965,0.8992738336943294,13.003892583781228,4748.923916885039
palm_up_down,sai,19_aug2,0.7801702633842856,0.4946947648295976,0.07793685287425448,2.8979280865008894,739.8713029475954,0.0008318565784172835,-0.02591766387329901,-0.009488622840278816,-0.056488325410089545,5.135974978683173,3.9332262692830566,19.79614278802447,-54.956058777923715,69.15615752747154,354071.45753683907,0.003646714442696728,-0.027906931098725975,-0.2767363583317137,-0.8467531565770063,113.65355017647241,6.887339885757947,1.8578496785274345,2.0075792164430175,12.051655585783212,6154.105576712752
palm_up_down,sai,20_aug2,0.6686193154527467,0.4494972678442901,0.10402264176937938,2.827930881405645,428.62741375903215,0.0013249758764262124,0.009236703898272419,0.06222818433046,0.0062153383288817785,0.4877390776636615,1.766952801543909,23.264162506197334,-59.25641632570414,70.28014474815126,341013.83549592784,-0.0007390522685735879,-0.02924093376411866,-0.05474895050842227,-0.41492825824410257,-102.61490604078975,6.265019154772945,2.1355890821811716,0.8926982184225979,11.98553411360226,4497.973727570287
pull,sai,1_aug2,0.9376716320319187,0.46798986468827064,0.33264805062960817,4.918223042658689,657.3363572269674,0.0006785153285781555,0.0021324168238729168,0.08351546090796366,-0.04300166962829908,-2.008416495973906,-5.364902429157615,27.266127493893322,-58.871402733072074,64.42974130754915,460114.7689060336,0.0013500886766006793,-0.0038504939993718947,-0.08883330498056459,0.7918521596702814,-285.6995511536495,7.816414489484295,1.6970119329499405,3.8911939272457055,13.961900610575457,5019.890394586278
pull,sai,3_aug2,0.9130366123750261,0.4124354681940928,0.291353253630069,1.301599119625039,662.2794378494848,-0.0005062217055160758,-0.003058141275605484,0.02372489535543259,0.12334435507217938,-6.377469231001911,-4.784662284979096,25.24334658656274,-51.835051942399566,54.28803023527207,425916.7879460181,-0.0009370331404191482,-0.031490592913844775,0.26079548844741235,-1.4533460170906312,19.860788822092424,8.385978202526532,1.5892540756877138,5.01145567353634,11.887325743788654,5779.033901341471
pull,sai,4_aug2,1.0222500698449972,0.5793639806129605,0.04323243869600775,5.893940863026344,1910.602971115096,0.021292519759697152,0.3585500678669479,-0.17442163003008426,6.591520890492828,155.76165000332853,6.20779474902847,21.737992939435454,-89.6780767075378,180.2377030028712,682585.1762996742,0.01803938038191899,2.1615332512662233,-40.57751301511586,68.223986446323,6405.874683532622,8.685432841734018,1.8261757693989547,4.0806057931332305,14.064474963429287,11902.209685003027
pull,sai,6_aug2,1.0283371391884626,0.5649759310281837,0.2876275930830233,2.6555540031557943,1086.2166204552962,7.37853429652928e-05,0.00014813980100368212,-0.01092133084129205,-0.03778713643223506,-2.9699944852425118,2.5540332143256657,26.347790849086586,-67.29732005388384,69.71076985859045,561236.2928337466,0.004857815763445806,-0.03642124503191683,-1.15978410036659,2.23075377031336,-136.26997222788458,8.27927616385004,1.5955055433073075,4.880427743487083,13.005379433983155,6742.069378395858
pull,sai,8_aug2,1.033381182732706,0.5298612561747331,0.30230186108157026,2.4976985589759826,1022.1811126351968,0.0005345311798611743,-0.01927698319583157,0.11402319917243349,0.24048317658881208,-7.19670349857575,3.537748591527219,27.15964975850223,-45.03987037316872,67.08192627909523,541394.2996360268,-0.0003485898542135801,-0.09826207251709619,-0.3993841773891491,-1.393677091735931,143.2467764916962,8.454742325602382,1.3668180625763215,3.9472631494815533,11.941719044243792,6279.20871729211
pull,sai,9_aug2,1.2143494692429608,0.7236663056846676,0.09002897433500977,2.564682342023981,1433.312752189034,1.089323187835918e-05,-0.0025903751931397154,-0.037633035053432976,0.2584286679156254,0.2139048693092736,11.368510765478314,28.557327574595167,-48.05732174673368,67.19556693090631,651398.3653230672,0.0012630166724201199,-0.06989219167555287,0.4716768236943386,2.0538312417843225,113.18726249202881,8.998893224373194,1.8882322712968025,5.0259224306627726,13.95851075118646,6942.1129601474095
pull,sai,11_aug2,1.0424108971593888,0.5240487845134129,0.003517310858727365,5.550326142629058,1777.2583577702521,-0.007445787538760577,0.3507812326129993,-11.866760302627991,1.137783697542035,144.16892540614685,-1.6189602390070568,23.35915151577481,-90.52457447954438,145.19708121924694,729495.9544323382,0.03266715018746986,2.1822252486191287,-44.615256872621586,48.311356509864495,5722.417641875378,8.340131393634643,1.9640017671647823,1.993069986242719,14.978094349343776,11240.764522634017
pull,sai,13_aug2,0.9981152108078716,0.44740818034940966,0.38902651289932194,2.6235113583258327,851.9243605105862,-0.00038335985642095255,0.016080078826549223,0.005030976573013905,-0.033060864832321214,-1.72700439965156,-1.1963102495186821,21.352145022275103,-61.640782100425476,61.09039502857054,315172.7058052201,-0.0025061994393570874,-0.05151015046427699,0.18188517043844452,-0.5633494304328203,32.782107997061566,8.677514424430305,1.836588082518628,4.013425103242001,13.876550111365702,6343.776431511683
pull,sai,15_aug2,1.259354894502345,0.7002746821493288,0.10738876505549924,2.6664635962473673,2574.006192408173,0.00044384367449572064,0.011417563528801897,-0.05430141035751136,-0.27564480931672325,1.1856089232679439,13.298229572660604,27.20641934209024,-66.82419946450506,65.46138239994379,1194297.7035762416,-0.0016237962659601136,-0.09056844402599024,0.14148620393490735,0.8280692959929684,124.06316363982562,10.466608345465419,1.850814252162114,3.0683129303993946,15.062645863485988,13618.577513537275
pull,sai,17_aug2,1.3046056103788803,0.7320911853838402,0.3279447082227267,2.712451247258121,1701.5052928977168,-0.0008349074787531399,0.008096179425777918,0.019296560484466662,-0.2626382301355215,-5.068524002095977,13.914438276056286,27.604981740114525,-58.35028058834685,65.58984630457229,734860.907869667,-0.004899236076273966,-0.06370847279659828,-0.003414337547683471,-0.8398285734521979,-202.7150257941162,9.086682506816526,1.803257158802995,5.0667496821051055,13.16282674677458,7004.336769992833
pull,sai,18_aug2,1.2859031716070544,0.6972402020853382,0.10515527163474671,2.5262423893669954,1795.072257274699,-0.001114292776021148,0.0051944160287579035,-0.06925465419586124,-0.3435413343326962,6.6790842937419574,12.992952066680184,28.16216678159215,-49.425475790513865,68.44645019680611,830693.8526479462,-0.0017534053419914458,0.02111041096250777,-0.6214460222720902,-0.880634508842813,-167.86371079631996,9.362088871477585,2.089395263300032,2.9599745334851795,14.0220009368074,8253.659905176051
pull,sai,20_aug2,1.3433191311930353,0.7268884695586538,0.09295728748238967,2.7676842427275763,1405.7832921468985,-0.00011662772002003691,0.011349944886373097,-0.022574330944083183,-0.016361376627179753,1.6808813655609833,14.258509203294992,31.720324338387208,-45.63269218801905,69.71615612256664,715443.8586714055,-0.0016855621554254746,0.014613861168652877,0.4896516147404091,-2.8107331161596356,-6.083557352762587,9.532253614286653,2.172160968611136,5.110122809714853,14.95468103764359,5778.116419581954
pull,sai,21_aug2,1.1202525018681841,0.5098912811993217,0.09488185603144288,4.826655118607058,1559.5058672280477,-0.000113148156640835,0.011586802837580457,-0.01937264447482034,-0.16263368788884042,-5.892259059243365,-1.9857174603477694,25.251684289784833,-42.020265417904874,69.1563989437399,658747.4013912277,-0.0007381808449877912,0.05169724708526877,0.2589512888999489,1.7625525723810715,-59.96263728198008,9.976192038354274,2.1784338764032487,3.9458083337161005,14.900088414210753,10716.539389235642
pull,sai,23_aug2,1.0896498111504211,0.5539501955264392,0.3729185238699611,2.613648328088262,1176.6885947328349,0.0008482707679390227,-0.010577894626851242,-0.029616565374734973,-0.24578325501201642,0.6505007604615692,0.0897450132019037,25.640739325002627,-40.345885015051486,68.78554675988394,520813.6041147704,-0.002835649365916995,-0.05873650440127345,1.1308239595430436,-1.2088333558908533,51.51430996239546,9.184399152467233,1.5491177745771005,6.051571755916129,13.892430687817589,7488.863065872558
pull,sai,25_aug2,1.2351432644773066,0.726016962531284,0.10760319154160525,3.2632577120510526,1156.1485969734679,-0.0001768005453890226,-0.0007510321672040107,0.03707860650366248,-0.016688316734953235,-0.6010701351506198,6.441036766929234,32.39518535827584,-41.930583510569605,69.86380592068947,619887.128728567,0.003426745139533651,-0.028018906132841897,0.5174462873775134,1.2480827184960306,31.834708424196698,10.647202894686814,1.6504359452033084,6.972786974400343,13.960279918545355,6082.118199972613
pull,sai,27_aug2,1.1175962677482087,0.5669709066599166,0.0816410130364464,2.664374766091811,1063.6533972488915,-0.0012517638519880534,0.004836170169962085,0.006483258408174776,0.035163186396165766,-2.7579380946845578,-1.12747636942505,27.376617631588033,-41.05533275482697,67.81763181016075,541604.6225408646,-0.0030599303375773226,-0.004912664426144157,-0.1941394860566221,-0.9239242445185486,135.2385111203511,9.38060974355374,1.826145785528049,4.041439553331677,13.85196977673024,6696.58804414616
pull,sai,28_aug2,1.1647467872950572,0.6069236205557086,0.08176194729971775,2.565837398262683,1264.0296859107573,0.0006372999316231621,-0.0011167389888332925,-0.09802106665307869,0.05173065970987934,-0.32767950703142107,0.7254549278825081,29.719818268083383,-48.373334735938904,66.23524693749384,631365.2613824455,0.0010672559374302645,-0.022083251488299052,0.7589081852382225,-1.5795952196989018,-275.2977240957991,10.603858513327673,1.4973350093107805,7.989945954689284,16.10605123074088,8054.296661345637
pull,sai,29_aug2,1.2389149556710792,0.6693166042831089,0.07537435997336206,2.5223789844450204,2157.32897629277,-0.0012952827188822903,0.007834957588942527,0.014167441279958672,-0.0017789957873036851,-1.6578973988858452,5.376173998263952,32.104880489886924,-58.21562758073438,68.66230498614584,1159966.0019007956,-0.0007150808257486383,-0.014311506573635634,0.1659574207429983,0.35688616773335774,77.61730476809682,10.87369668091555,1.3960702929118831,6.972175644722123,13.067616004712125,11710.123831548917
push,sai,1_aug2,0.9343515160254134,0.3586302639009515,0.422440272801136,1.7787637188203111,681.0024878497625,-0.0012208691731342715,0.010466189131391232,0.08719181621368759,0.0346849798329684,1.2478109196557594,-3.7283063430200434,26.691131817103127,-61.1969797667473,53.07771478158693,497956.356402008,-0.002285573381052395,0.02513240415222267,0.2292590538647518,0.6108605396904778,164.99575521392947,7.545161624065344,1.4627524891562675,5.1277668704538515,9.809010182505737,5291.623095441382
push,sai,3_aug2,0.9540787266220163,0.5359749140222252,0.16150047754699612,4.956016544495607,883.106737209304,-0.000316954943846859,-0.009858433217401144,0.022499485043808606,-0.010414045253139926,-0.12172272719884024,-1.054139575424308,25.966031586120504,-50.71406212413274,59.54823020003488,505638.4143670632,0.0012435000847365347,0.10463073468734232,-0.43579645203770806,-1.5196855141815764,-155.62470929991647,8.703731347205544,1.4762172696725007,3.9349570627870403,12.939784616813146,6552.428109823077
push,sai,5_aug2,0.9979142370325343,0.49202083734483376,0.4767286600323939,4.895929701719301,774.3683040073217,0.0010729674135743093,0.011763043652441971,0.04090667453694582,0.06221857532826551,-5.979979755689259,-4.527228992554951,25.640212549305907,-43.59844353599891,63.28647609417179,419770.95194705384,0.0022058222041515213,0.021018314854759676,-0.09204425176257611,0.7247144537621804,-257.44396293291186,8.041042949094704,1.5794413255686661,4.914681915796688,13.02623146461563,5071.838638824998
push,sai,7_aug2,0.9355174636860866,0.4180301489559577,0.35217432015852523,3.123301502694597,786.1360388179016,-8.040307695408054e-05,0.004419480951943751,0.0005322031130391256,-0.01342280118398114,0.8669326800009173,-0.7736104774456047,19.89787058974561,-50.79198277411979,65.01235508654337,295686.8740198246,-0.003650620773416227,-0.052138442186394005,-0.6832938509820421,-0.9074229703137312,-201.96249091575612,8.197417915844955,1.460859577117033,3.916064130096215,10.96064181760699,6221.125335678773
push,sai,9_aug2,0.8816200218213474,0.4499927088203604,0.23644804686001472,2.581405219102296,648.0696231059479,1.220062599202775e-05,-0.003443737005930049,0.05044286387828962,0.1337962762158965,4.431874512124017,2.9438385530027196,19.641102881031134,-53.90335178095005,64.77680233522688,256551.42648126237,0.006863670976896772,-0.0043162366588419205,0.3223246863186957,0.3197694130729123,49.23530492619513,8.165097859429745,1.5861935900243866,4.92509340908228,12.962090629084061,5459.98026871532
push,sai,10_aug2,0.9447683564346733,0.39608850247146093,0.41043595463965776,2.414628668154326,607.7864013283266,-5.189050816897166e-06,-0.007192028324105297,-0.026460120266829437,0.001145671475425341,-0.43475976592046817,-2.740541659054505,26.095899224559016,-55.354106189052374,61.66121074974617,363830.51625766925,0.0021668541705696953,-0.09554255970514366,0.9188096802531286,-1.6036936528427745,-18.455033694084317,9.268765386065983,1.508046875243557,6.887516254398143,14.046250737761182,5094.510761321247
push,sai,12_aug2,0.9309809291122583,0.4441035358712068,0.2613230369918073,2.5420585168358945,625.892998462609,0.00022990940365698393,-0.005500491525412326,-0.1299296002670695,-0.26716512800344927,2.788041050839357,-2.8080799122837776,25.44552313610602,-53.386506457212576,67.23334656106292,420714.2591417721,0.0026066589667819297,0.001447397125983937,-0.004431047152989844,-0.18315770966162706,-84.08614584881447,9.069539170465816,1.784052971572334,5.061974432182737,15.043331939843252,5660.73428718952
push,sai,14_aug2,1.0035568841533893,0.6551542864643201,0.38680386750097473,4.9660267588599,1918.6293828647736,0.00038814260712667235,0.008506213286733136,-0.08777490569479171,-0.20689855586699907,0.38198153318508105,-5.627328977060296,25.486497348335234,-50.5504683643186,65.23965298845555,898326.8880158855,-9.844755077935869e-05,-0.011618115832192546,-0.8068738597650268,0.4417445927864202,53.68879917989259,8.740886839668773,1.5625607414371097,6.044518311246832,14.967575516723773,12037.844946315026
push,sai,16_aug2,0.9422507744223811,0.4599818378179375,0.15898354594820094,2.611462658987919,686.7282541079177,0.0006077522856035644,-0.0010836354851698185,-0.2040997843387168,-0.06618770831903155,-0.8068412734131237,1.0710292299662623,22.451162334339845,-49.970246453218735,69.13505274980639,298621.3180085444,0.0027027658291113696,-0.027333295274778784,0.6283144129199273,0.6194228139734955,92.99513299523109,8.68220265655837,1.8537828223035744,4.847039379459483,17.18243101847575,5620.873535739343
push,sai,18_aug2,0.9998406498648705,0.4980635176496786,0.079923548564279,2.479112076937227,932.7538481959825,-0.0002601036787608162,-0.006763407115618405,0.0041016569050720585,0.2069674169560328,6.615580451374201,1.0309145427126545,26.286087251246084,-54.61435340526443,68.58442369117527,555321.7642691247,0.0009425048288653553,0.03568914743562005,-0.20522476672676998,-1.2205504898376358,48.80430705019138,8.989027235573127,1.9036035786373957,3.950543042276595,13.043628007908055,7452.344007447307
push,sai,19_aug2,1.022257983845498,0.5882153994887868,0.08918129831889524,2.4084232812084276,903.188190984281,8.834529989035523e-05,-0.00728544327881963,-0.022594383419295563,0.17579501604825964,3.372168777961313,0.4091572896930866,28.54108879404471,-68.16099177002161,63.22385385646109,546858.8628165999,6.536917074288328e-05,-0.0025088608029917602,0.2942956869681303,-0.4937299688959516,91.21879654780449,8.455590997332353,1.9308616760608504,4.964945362203639,14.008869462862028,6206.076656909139
push,sai,21_aug2,0.9206874549190375,0.449719465366282,0.1799714962239776,2.3986294593280273,915.8075225426345,0.0009260736988564021,0.004194781433228678,0.023564679505990428,-0.1168330280966713,3.821066223382608,-5.915045325430464,25.290565333161695,-60.54397558542496,59.28536359462437,564493.8895691162,0.0010379049706847148,-0.10061739352293558,-0.11834880985728545,0.10371538795170067,-112.18351062531765,8.722000564725304,1.4919331326337157,4.912970484593974,14.96478833163026,7692.975273229573
push,sai,22_aug2,0.8506814588584006,0.43317952324066566,0.36535178532723867,1.8585379020180888,709.5205329349029,6.77984845737028e-05,0.0013667513800679812,0.045552155250968944,0.06830718137406419,-0.6130812420865126,-4.241605066684576,21.547886672153766,-47.63988605598272,55.82331669759258,395509.8252076038,0.00013167618800325885,0.06265191846158434,-0.014874157317106815,0.19135099851537204,3.5362862133137805,8.763170071931464,1.4043387117905457,3.9671297608643696,11.005301336442116,7282.403893849024
push,sai,24_aug2,0.9380066914422475,0.5053139379048306,0.3658816698186072,2.4853040502379566,1070.1371058348504,0.00034127089197370244,0.0021285815075511743,0.09778855443681093,-0.1023089494804341,-2.2788434716986705,4.0347889854356005,17.29527031145069,-45.854678203723616,63.195030728678184,311133.0045345346,-0.0002642859664701203,0.03704695719914735,0.31906825998340804,-0.8321027126417648,41.76260060193408,9.402873613199015,1.301142254763956,7.00185493536684,13.062944328413169,9337.132462313315
push,sai,25_aug2,0.8748381556203252,0.37075684933072944,0.43944593437050855,1.7731114941718609,635.7047467216315,0.001328392387693127,0.003713205003975532,0.17989706298178337,-0.21836953973231116,3.8641547682261397,-3.2326623953485805,22.913267336314792,-46.74558728016139,57.07561665847347,377624.65950046526,-0.007776357091133264,-0.01264263356935964,1.0868336639088088,-0.43742699418625497,116.5586714510599,8.397477510956671,1.4822373860137052,4.0132766158009705,12.016702467047004,6008.791996971129
push,sai,26_aug2,0.8262119314063879,0.39172522346256283,0.2875351090237197,2.6459979665542623,447.251677632245,0.00010562337706453982,-0.017672129092227457,0.03482431923627486,-0.22527894837959006,-3.3015823773213975,-1.6003073669409495,22.9772876167737,-67.50677263721221,64.46151576873308,270692.7129507252,0.003275100064126044,-0.0473302191706997,0.13660481506895472,-0.20660061611842567,-165.9740494933157,6.2512157709737854,1.6078133033101225,2.039247041273697,10.025545422221287,3363.7589917348205
raise_arms,sai,1_aug2,1.0450466126845095,0.2302540663320815,0.6889146206664885,1.9512986072807847,488.0580778791876,0.0001556259920550871,0.003834881342355786,-0.1585783512311254,0.04197758492627233,4.392047609309746,15.634297927913074,17.78528159248623,-12.488694577983072,57.940653053598844,224505.5453511129,0.0058813736396386524,-0.012482029161437102,0.24151744728069283,0.5220375163351981,-15.977754318304664,6.758751842213543,1.7732552285303953,3.0029361266093546,9.946246520637562,2960.9685768823224
raise_arms,sai,2_aug2,0.9960951687060108,0.36025086191945266,0.6140255171442972,9.125396978198989,830.3014158873648,0.017167948877081167,0.3756218165946275,0.08726131072814923,9.58323246133032,100.17146478499077,10.538857931080722,18.857010380064207,-44.14687551370846,61.020594180390866,357035.3184087082,0.04770488684074501,1.3866944860706545,0.08402955286357311,35.51990783726517,1250.2251477342616,7.116827854705134,2.3803920051097247,3.0856628795162626,15.10710641779409,5849.592505420198
raise_arms,sai,3_aug2,1.0476737697557552,0.24483037245141773,0.6946446866747961,2.960087813208037,1332.7548535893718,-7.047269248899872e-05,-0.014927979960829285,0.024126871843043136,-0.15103970533679578,2.8150833790022434,7.621087940743416,19.550522819102948,-43.79796482768282,53.3280844278546,508141.0978492911,0.0034760692391086405,0.0395498059209275,-0.21105073433826604,0.41289055178028167,-128.18009096325258,6.906307652561563,1.8845050784645772,1.9401429404973203,12.078842006500425,8595.976574997825
raise_arms,sai,4_aug2,1.0957711836885182,0.23775905896444305,0.6812540737641806,3.102574840167716,1557.7404618079963,-0.0006241037370266635,0.0069563504608887135,-0.1208750977214718,-0.011351535075964446,1.2534177376880857,5.325136768678536,21.660719324691836,-46.818169975027466,65.38473436327608,626689.0077186124,-0.0021204665821103106,-0.020167398056152103,0.5917369603568992,-1.4941397371483283,88.59452078042388,7.747653420760451,1.7892192818388133,3.094547355622835,10.925893217613618,9960.043937246715
raise_arms,sai,5_aug2,1.0824581412785437,0.4810321250267661,0.412003642113565,8.881932666519623,822.9052438982523,0.0440054538531897,0.5586998442740754,-0.02984501193442735,9.598026530413414,181.10457389546303,7.491768073107123,21.865828968970487,-44.96428426926196,90.67074123108559,303690.4027030986,0.2874654882365737,4.0279583726757435,0.5251605028386414,82.28505177542233,9046.47397041537,7.121442336327448,1.9184288079241036,4.070781917681641,12.026094662176202,4100.742424745155
raise_arms,sai,6_aug2,1.0414847894618444,0.20998975561059233,0.6749531562596854,2.2510810988855563,808.9753785336604,-0.0005692371774999555,-0.004276459075945432,0.023285029257236068,-0.029276832890523723,3.1006065737664654,11.577167544898371,18.116845818900437,-42.067162871794785,67.11269489888001,335449.3846933602,-0.0038204596757837176,-0.07907443466271394,0.030521324832413373,0.16547000816371596,-96.23307119655642,8.092581525904482,1.9659595680133848,4.990809519818874,13.997838464904923,6282.55725408897
raise_arms,sai,7_aug2,1.065214837559838,0.37479963650076825,0.6506733897871398,8.893599666394238,993.1115962973136,0.025086783137881798,0.40592462587080413,-0.08020161106638776,9.44831030036346,142.37719160052876,7.091197983848738,19.615367225166178,-42.06076691773683,55.064403276215295,320041.90223026904,0.06469212866555105,1.2443046612886655,0.5885236647805675,33.965736943733255,1509.0421506868836,6.846434018618739,1.9230772154723155,4.025788273336957,11.148095311095547,5311.615630363161
raise_arms,sai,8_aug2,1.0570199304816796,0.24448337440778148,0.6713726340468925,3.2027898903420544,612.9273570373442,0.0005199785830020226,-0.0006417762824316721,-0.06988461426203264,-0.0901832539009763,6.172009677647031,5.430082201018569,23.43908071546553,-42.2401658014579,62.807103977163685,303615.4542559328,0.000843781200023707,-0.013018944415777896,0.12866709364660409,1.3108072304187157,83.8227400562831,6.535890505068779,2.0144725845561737,2.9824739658288393,13.119482455417955,3993.9975390822883
raise_arms,sai,9_aug2,1.069670176207666,0.24493996824117742,0.6862050733627961,2.163986781124894,690.7285869042096,-7.083335691506664e-05,0.008167758730046494,0.06995829696149071,-0.011428588431554816,1.5077564154520482,3.9054784395444604,23.32516303106132,-43.35332549994068,58.64274644286127,311956.7155113778,-0.0035918932164798975,0.0410063074510928,-0.43997601444595635,-0.8703302381659407,254.35111554151936,6.902824413351965,2.159279313068877,2.9969799879389747,12.014708399928425,4250.37958192018
raise_arms,sai,10_aug2,1.0749597368615003,0.27500822295107363,0.7075830187412673,2.3582050417030227,758.3671999986783,-0.0001449981198536399,-0.00644250053257796,-0.13798527307436803,-0.1443265252615262,0.6010136262045805,4.95066523339182,22.319505583038122,-42.04289316574707,62.183781801338974,335312.98374257784,-0.0019734182257311896,0.019581231423358714,0.32171810698908127,-1.1854323768540043,-191.42933944428768,7.548741227714821,2.0116193283762227,2.994112924970146,12.954370688862324,5163.585869901836
raise_arms,sai,11_aug2,1.0400703391756976,0.2176102949587723,0.6434196218333059,2.0757606568204157,989.2417449853222,-0.0011027631134379109,-0.008090417148830232,0.04838396094531876,-0.029710512415683062,2.1724990155463204,3.7887685875321124,20.418321122925207,-40.91895079984637,62.44416468576662,392820.2940805214,-0.003642856617362734,0.07474601560461498,0.2623439686888538,-1.0244973937931359,-119.66388331919148,6.969677636274942,2.290565716096805,1.9714812058037072,13.070311538766397,6854.669789680052
raise_arms,sai,12_aug2,1.0801324356231283,0.375604920267354,0.6706862788458758,9.145239130243045,1612.493738400423,0.017880191923536206,0.4262765780887196,-0.011922122776204937,10.924317300939608,219.05382057836778,7.20272683671075,20.351489803855806,-43.946671407315115,81.81155595018018,554497.054362803,0.06078830803573631,1.4316711626317387,0.0804853056637335,34.79067294869968,2427.84456381549,7.507662015359163,1.9288204709383014,3.0945463846622685,15.187779637927424,9631.559224525696
raise_arms,sai,13_aug2,1.0461163920717234,0.2104172584133983,0.2255164807642006,3.4451896453603315,1352.1391407644471,-0.009718023637636035,0.3352951169493754,-11.858711935166355,0.17858666165403578,139.2863464548677,3.4520387779451736,19.966421897101863,-90.9127576295743,89.98521896747974,507082.86819041974,0.06102530806274444,3.178842446088185,-46.81211124033252,89.021101408971,11076.33643335539,7.505154597575292,1.9699185159957309,2.9906098404508414,11.937210375538427,9579.672543442646
raise_arms,sai,14_aug2,0.9967566391732552,0.18406655792447352,0.7362591294881063,1.9498906264422233,723.3334252295077,-0.0010472496244175705,0.00856473183314086,0.003377359020313676,-0.07956849782391757,3.5878003592327667,11.306189346262432,17.432384918141594,-40.432212369035575,59.57648983726424,288419.28303706355,0.002416350763625734,0.029365435842329375,-0.2986693330071698,-0.5094960611184511,84.69631528213483,6.50348506271009,2.004788959935662,2.8415101913955785,11.082510639269552,4789.372183937792
raise_arms,sai,15_aug2,1.053901543756612,0.23601553451407625,0.72173786060862,3.2522152149327486,680.2067045377985,0.00037055305840784716,-0.0035485637205010193,-0.06410361893007668,0.20648392972224452,-1.9679809167579367,5.740330513090575,21.48159277480951,-41.49212110697659,61.5162152909397,304378.5557298337,0.0007877972508226792,-0.020775919934143555,-0.1174983457541758,-1.538658641157495,-49.01474508606251,7.142929987305993,2.2601533331113304,2.9023822703360795,12.068931428489348,4911.136993369836
raise_arms,sai,16_aug2,1.0689116764757296,0.2546091197668157,0.6953889535567761,2.193429130829448,846.5593691939681,0.0005944966626646998,-0.001326511957976816,-0.015418761938809,-0.004185701447078557,1.8020625205359229,2.965298203636875,21.392975572843028,-41.53918911330903,58.82619096152554,331733.0447938319,-0.0030344047534068934,0.05731538363021907,-0.03295452859264458,-0.5071233655280448,39.80250729521894,7.126636506224924,2.1564326661674826,2.0526430513832565,13.007030913856395,5289.864062951981
raise_arms,sai,17_aug2,1.092947267275063,0.2608864703077638,0.6902657750866258,2.527529377041582,1554.4606550241242,8.612445922069842e-05,0.008947400790760257,0.026634893073415156,0.2340909469196948,6.0091040104767774,4.09787369158606,23.71079185734352,-42.739077614547966,55.85014244158665,684759.4896955544,-0.004867954728606096,0.06319581772204103,0.25177765927863777,-1.2552562030813803,-102.4442945486288,7.189924445726721,2.1801308533799864,2.06293527125686,12.043160435907245,9887.517045324334
raise_arms,sai,18_aug2,0.9974498136608494,0.257040798419132,0.6673221868815884,3.010628014369044,738.9696665783497,0.001424140321414418,0.011426214608940439,-0.03830701393304497,-0.15469258573396766,-2.9997143653456986,6.684855074122109,18.616034805907656,-41.865776532936124,57.975908358047334,245484.50205652858,-0.0002377015008876078,0.020378793720071092,-0.7192859179271557,-0.8112111917501643,172.04778268623855,5.548694791848097,1.7899557827167234,2.967812525617979,10.912137685271277,3777.4233017139354
raise_arms,sai,19_aug2,1.0116196123804153,0.21157357608433847,0.7192840941141175,2.3582355982868926,500.9117136061181,-0.000687513672679055,0.012574233677320404,-0.06457830104771388,0.3035723350686916,-3.7055647318034626,11.61232987518811,17.098692048287457,-21.596274844464965,52.62376366560184,232857.19434733596,-0.0043866252912080185,0.060704237570449925,0.22137713215611546,-0.8520837518558153,53.11112760025,5.552480886306352,1.9496619289248442,2.095696399131368,11.863671102467915,3026.02376734216
raise_arms,sai,20_aug2,1.061623740781227,0.4736852173550262,0.692978916012359,9.026589276225161,736.524018821205,0.04927696446345644,0.5900424908246823,0.01260535012718695,9.426644253159209,182.0672874301108,11.546239999612478,16.810449644561515,-37.41927288014262,54.82514004229888,225194.13451964848,0.25116312853744105,3.9061937665083564,0.12652690610776363,81.42801719096113,8063.73090630693,6.310516505735656,2.389255392090388,2.0911069472967037,10.982038576518432,3751.440553065155
soli,sai,1_aug2,0.6914923397314003,0.4009969076743983,0.09596780920892924,1.5254966248816784,458.95311413064127,0.00033671315173404025,0.0012036420459357812,-0.006772361007215026,-0.08791165645244489,-3.860732354864933,5.9870260311818715,21.41353116560817,-67.4609634253473,70.11308500569845,387307.3291039339,0.002143840338766094,0.013977422116605973,0.03586726424810236,-1.1363685124728038,-64.91572662773387,8.11162482647624,1.9419154069810933,4.056529778359671,13.003551099051187,6497.7185796102285
soli,sai,2_aug2,0.5885713553108958,0.4023642037670113,0.07884717684274346,1.5132911410140513,282.2225156551486,0.00046578197634664575,-0.0015869617956277917,0.0015317903406044937,0.014100560828911682,-0.2189212584224876,6.832084337951188,24.363345093183096,-56.20874694633571,70.78520764405431,357672.90350843215,0.004937936804838438,0.06212338958228146,-0.43612729514082255,0.6915098088281474,-114.06725021458897,8.272864744025652,1.73788854678064,1.1704738952435711,11.980172495463675,4947.942826300844
soli,sai,3_aug2,0.6451796986832932,0.3811315901818343,0.09285526598169037,2.8570282072483844,528.9311545733359,0.00035767465072076177,-0.006655818530482598,-0.014663953848035746,-0.30927757123728866,-1.0275956551259704,5.1242290841507065,23.566609450260376,-67.11599427633108,69.69709477389809,484207.36982048274,-0.0007245053415192829,-0.0796165957556827,-0.052977363188593564,0.256527665964466,6.735021749838325,8.462759863900258,2.498086285309586,2.8790818505511466,12.942205497105402,7883.4862890278655
soli,sai,4_aug2,0.684039805037707,0.4194011923885274,0.09240860056363441,1.913331143146522,740.2691090164511,-4.7388756497074396e-05,0.0010825128248880564,0.04424492186259183,-0.29753357276406767,-3.663638803866811,-0.08775929573006148,21.58824660106337,-63.72540605720683,68.84279303853792,543739.2889174033,-0.0022830555562089413,-0.04080170398816898,-0.08347084930289247,-0.09708186910263408,59.03674602548825,9.357959516210018,1.9419584551005278,4.137139373382006,14.081696076548285,10892.55253231452
soli,sai,5_aug2,0.627601491716897,0.3866991496586821,0.10231706386634859,2.102528672438726,316.4981864628754,0.0007724097097610926,0.008169486415114908,0.040623589234400265,0.3053340766431398,1.5968086255430238,1.4045586170156121,22.996573233115086,-40.547203092810115,70.74716933870396,358036.78407261363,0.0007221244443271258,-0.055450778958625456,0.6410489954093053,-0.3365632212811029,-31.67053765106491,9.13554544472966,2.1839109455758656,6.096375569735989,13.948873588130104,6247.3116604216975
soli,sai,6_aug2,0.6378105982715985,0.4008003797416097,0.09392799302275992,1.92165035798713,423.8857198658736,-2.400514719143464e-06,-0.01575782522679292,-0.1877313924765004,0.10569094056042458,0.7095136845192909,2.8237061697285144,22.122620072470937,-40.43572524688371,69.51677775553627,379817.9356952097,0.006471209604268342,-0.004021001167167155,0.6349672120694174,-0.9482032267575262,-228.94679872937365,8.42656521478791,1.939564942322131,4.157839314125153,12.005809287266189,6805.960744458303
soli,sai,7_aug2,0.6326807299332684,0.42164520578013587,0.0929814273719867,2.5717231560356586,397.6394286652906,0.0019285583408877461,0.015084116090246286,0.06342950973553153,0.3436555391488613,-2.1545680443643995,1.4415796929909035,23.934998663456057,-53.130074882401644,69.26340918452458,379852.23894914007,0.0029378255343218323,0.0002935113962216939,-0.585339752029083,0.9996570074818065,37.007635026745746,9.56987338721293,2.573631892225479,4.184450145139663,14.846955993997145,6881.675574893221
soli,sai,8_aug2,0.6288471280235758,0.40171802100729176,0.0871777822728439,1.6330126195274066,376.803329081312,0.00021491376255720402,-0.01863615396977959,0.04423276458091892,0.2080687561741853,1.5293465375109196,2.566440978099313,22.30251461986076,-47.79125991095186,69.64821968480953,358442.7047444958,0.0022325383905760295,-0.10704869428122381,-0.8398950728414417,-1.6668187382333641,3.313081041483373,8.866580718434873,1.7905152005487852,6.041142517353579,12.798954369815409,6489.131920647159
soli,sai,9_aug2,0.6344084204202001,0.43356888251115955,0.0959253979515049,2.541260779017903,312.15672448591664,0.00011299293697820246,0.0021790617658907353,0.022665543057534723,-0.32678729654667543,1.0132460146801057,2.9972243981629183,24.994759975618372,-43.13848684543249,69.96911366433717,365813.1700940505,0.00011550997829124441,0.056221714295874414,-0.6398410478472578,-0.48395730263764447,55.42048061926821,8.632182321187617,2.2923768090393306,3.1236815165960166,13.062861396128012,5364.160972316955
soli,sai,10_aug2,0.7018092408107114,0.46111743084188217,0.10711125703432539,2.6280156650894066,783.3815698760951,0.0011066668098993553,-0.0011384867084353995,-0.08094354058728398,0.08144333042557958,-0.1119109905968506,1.7831087072921679,22.75344708397047,-64.01018435658362,69.86831817059569,548096.913205543,0.002206592324942398,-0.024371873376617784,-0.19669822425438485,-1.4224501535810712,-24.829895644977487,8.877983662339872,1.8920746870178653,4.053661449618745,15.973037152046068,9637.22311404853
soli,sai,11_aug2,0.6233374585351888,0.41554530277249907,0.09226092597018316,2.595753905432592,399.2494225599473,-0.00015339232504215421,0.005517518905152486,-0.08243780698654632,-0.1553274694828685,-0.3707246069823549,1.2262408860552574,23.569460490445316,-47.895329245902495,70.78563151037469,376749.47427276126,-0.0005681400090370609,0.01051812700553597,-1.2548291680693588,-0.24516289040496583,-141.4907288142856,8.177698888916918,2.012038601215711,4.0837257861207,14.127224966754312,6080.074521189462
soli,sai,12_aug2,0.6518326542978817,0.35445730356742866,0.08257253340777394,1.9934263400358585,519.2553289115447,-0.0012020624646745853,0.006168182555142235,-0.04061496355039759,0.021696896378861397,-1.1867672059841075,9.326457142079807,21.28107338482562,-40.38344870948886,67.26257578697796,488301.79801530676,-0.0015150330176221247,-0.00860864646284571,0.186890974025613,2.4657803240704754,38.40204683039745,8.796959328094344,1.4550033567011516,4.948369951910433,11.906668235768837,8237.868785518262
soli,sai,13_aug2,0.5245977029098189,0.2947916765103458,0.09835082556966487,1.5784068528670718,229.87166778772556,-0.00030224616800680394,-0.007783866107298421,-0.13163676345894354,-0.3470078255579175,3.0702226128158805,1.8516141352951994,23.082812400609704,-57.319760823700776,68.33215300222926,330154.95990202593,0.00633327426760921,0.04155823470963729,-0.33455605231124,-0.9317469463031393,-16.711477609039765,7.0905996246996805,2.1340594373155075,1.9860703692308765,11.804710340419472,4494.742655851977
soli,sai,14_aug2,0.6636658919039433,0.45295491522583625,0.09439786707949119,1.9361048425101826,367.10213521922356,0.0012034371752019971,-0.005951095530141746,-0.0032488952375551933,0.07170401276157745,4.215599073931339,2.384753260656277,24.905579618279525,-45.066977086274186,69.73357424443806,340120.9285286108,-0.004111590235931561,0.06251405709183529,-1.1609800435781565,1.4961248028921543,-59.42002822823557,8.645106321136446,2.0430146523691817,3.915798832143927,12.97325394897892,5189.634401400656
soli,sai,15_aug2,0.5855015610288591,0.38770325374729264,0.10997407694569045,1.5385898354942777,314.24141010450603,-0.001221249659834469,0.003686873163618818,-0.11867859564367246,-0.13301254843174143,4.7045169868257775,3.6351001315427407,24.514061392956975,-46.840857916879955,68.33934454819358,348336.8956346738,-0.0070975428930135,0.04106595907622779,0.8541431272654189,1.8008495115040797,-50.39402371822097,8.106320450258046,1.8571108304260402,2.1159689353134046,11.138363156391643,4889.228840945184
soli,sai,16_aug2,0.6376770444416798,0.4274968718563851,0.0783367762931851,1.5976673033674964,458.98222709560974,0.0006503344047247931,-0.010135344223388272,0.15269082933604955,-0.17933379357113388,3.31686979776681,4.046286465330605,23.19690236055835,-62.97580867762455,70.5624223016913,353948.1211446646,-0.002661729697336526,-0.02806143097592696,-0.21760432069879196,0.4915282384257457,147.7497946232846,8.17597700986553,1.880437003256699,4.079042557068327,13.165051170421469,5538.791788893821
soli,sai,17_aug2,0.8072357557217624,0.47129716649057646,0.07625367159270563,4.382037052233074,1164.6879839490907,0.00028612581344319396,0.02012492681053667,0.042165144139083593,0.32881552385567614,2.881125109241641,6.937923175646094,21.286888045949702,-61.469891210306734,172.5007973608472,709086.9522234983,-0.019878314994674736,2.8432159629521077,-86.34292698934632,60.157572551157244,11292.726651149324,9.223744249451947,1.6893158991608332,3.9499629580137325,14.100342955698867,12856.526013756105
soli,sai,18_aug2,0.7118610351120636,0.48398864522763735,0.09573228587688196,2.568342390630577,579.9916787572477,0.0006658159627725835,0.010093736491281898,-0.030660824688720844,-0.14710294614803168,0.7587374274203054,8.966292899313503,24.535317072278378,-42.67771523066689,70.02711712259638,497624.740914554,-0.0019629321838134433,0.04435321935618792,-0.4060644408269281,0.08114235311430586,-45.14453682550834,10.42350292190479,1.8837207288290005,4.993148391371709,14.987473681832123,7911.574322797732
soli,sai,19_aug2,0.7129635125030205,0.46738852794044694,0.09731097990165231,2.703830991690363,421.38763722468406,0.00043050660091331513,0.007401785742140426,0.034449076397795445,-0.08086770009515183,6.108554186620585,12.14633900092564,20.703905307408203,-67.20706337851452,69.14924704301029,320088.54719529947,-0.006387385174721956,0.034747006119425855,0.387832849892501,0.10758693238307593,106.43434884892386,7.1226818268743255,1.7760353881810915,1.0935638424565763,11.029072066357367,4437.699647382525
soli,sai,20_aug2,0.660835771479557,0.4594359780323965,0.08753149331825,1.9584971486443488,393.5000725996777,-0.0015019484480630822,-0.010072001559086129,0.05219737258307993,0.10384073838016525,-3.376218013967729,3.5794012516844718,22.048244252116145,-47.52633639388142,70.7281301065447,283375.332798285,-0.002529724549355587,-0.05236177240201011,-0.5126571316165836,1.128009892474113,42.01196162734354,7.377042263047724,2.0145056811668107,3.072884825423261,12.065645001333145,4401.157283423757
open_close_fist,sai,1_aug3,0.6956608549616652,0.5865196275473777,0.07762962858638865,4.954874013514041,413.1601047576278,-0.00014371478690183815,0.008780888155037808,0.0968217416507571,-0.045974290607653144,-10.87219077344758,-5.702139715435999,30.984119401861435,-65.3099719372894,69.07221171289301,506542.3321239873,0.0004749539883537191,-0.08640536732819731,-0.27141475869253195,0.07084209414438337,-281.4941292453253,6.131767618933259,1.6226060325176328,0.9827993349327289,10.98200318378304,3239.5435419966793
open_close_fist,sai,2_aug3,0.7674741820357991,0.6577244312216503,0.09627792406033919,3.1038128875816957,517.5204292404896,0.00014732841305258954,-0.007794421961348097,-0.06263433194547936,-0.12360027614632145,5.14293298098989,-2.3132477585444886,27.536125610732903,-69.05266563632456,68.00792977884487,374955.40216492146,0.003778695203184825,-0.01181106317606521,0.2849603352644001,1.0825987207099113,-146.70407168790288,6.0742267986492635,1.394703412897315,2.984983616261446,9.113834707077569,3070.9267532762055
open_close_fist,sai,3_aug3,0.7562819949276672,0.7084408763472815,-0.0004189877051291388,7.57142416401489,451.2958202862225,0.055924875101829676,0.7183242833265933,-0.11475400716159728,10.352893807275013,215.62229082059918,-3.0180442662367772,30.133552543606477,-68.70566853630827,89.80193911670224,395755.76428249595,0.2892537466779805,3.5809114006664977,-1.2171091141103836,61.728089722208395,5620.969069270088,6.35621687834966,1.970101619916173,2.9414424728761412,11.06751612905112,2940.0943576710997
open_close_fist,sai,4_aug3,0.7264872993860957,0.5492426545686055,0.08384279386000386,3.5803638027336775,358.35960981144717,-5.784400083380736e-05,0.015109663977295396,0.07981791324779451,0.20799623408974194,-3.188567400281984,1.576497448523567,28.10051482373496,-69.31101983897429,65.7911268597077,342388.65711145237,0.002090726921310139,0.040673572571177076,-0.05078814245773195,-0.15982019093443928,-0.19128163814010218,5.220299720151396,1.7372126695197017,1.0238212879424433,9.117591251772438,2387.55805076133
open_close_fist,sai,5_aug3,0.7562675948785443,0.6185081392788292,-0.0023522445275489185,7.549836864125949,595.1523962524113,0.03922632580225652,0.5883474699763068,-0.005092399879686548,10.22075890745486,214.09303877914593,-3.5150716096289263,29.323119348693787,-68.19834369114967,89.03870982916834,534723.7161938498,0.19388398099070803,2.928117210683426,0.7386803975276733,63.77920595847455,5326.112030127343,6.0022803397771325,1.7166647744521046,0.969809568984393,10.02802669379529,4002.7835727215706
open_close_fist,sai,6_aug3,0.6716871846006152,0.5440799401728242,0.09970341320626966,4.196167692889732,342.03120092212305,0.0008880934822593563,-0.003823404378025979,0.0201581356610797,-0.18970635373107703,0.16210006248313372,-8.072870268712125,29.450119942736755,-64.13272659774626,70.05087843869461,409465.5983269311,0.00021992681169272362,-0.002536288972919647,0.3533841947261445,-1.1214534341195577,32.11088395943301,6.707867654627971,1.4733829569004266,3.9690912541925036,11.019249488690207,2890.326256328641
open_close_fist,sai,7_aug3,0.6922054339595768,0.5499792722527262,0.08711705155073862,3.317199650986115,336.5168734286416,0.0006053279211151851,-0.00791840554535971,0.050948201474738525,0.027716812617539575,2.537364049520722,-5.488906058320442,30.33023991258059,-67.41134205023639,70.08809539325635,431417.8255029814,-1.956132566038853e-05,0.0586693583206935,0.3022168435747798,-1.4292293851988342,-104.61597401440639,6.276204741970909,1.5191360900037816,2.912458348336904,10.027525901501603,2965.7228476017376
open_close_fist,sai,8_aug3,0.7142494914200355,0.49434221902742786,0.08574352761403695,3.5277203555508545,320.11461797826144,-0.00013177596203751518,-0.003906688449756616,-0.03588396450204156,-0.4494119426988701,7.80045717750049,-5.871373281447737,27.284080798602144,-66.7564123276428,68.36885552943464,339145.60403732216,0.0012342807230494466,-0.06141268073874038,-0.007114121739316432,0.9148139737268468,243.86495496228116,6.1730296144573105,1.887408631940058,1.9363409485509204,9.9401655736897,2675.9686658689798
open_close_fist,sai,9_aug3,0.7516166519242543,0.639986223752691,0.08846167830293349,3.643336226449684,343.08359334630666,0.0004606251730961989,-0.008384500186593272,0.046782637766272936,0.16434888750412716,5.823713108025323,-4.6588204870778025,30.637421383763463,-67.27573500625573,68.14095723086722,366614.92885088414,-0.0018840887550351714,0.07514733805198559,-0.1665344465899628,0.078007762507076,44.851858073719065,5.897257303180431,1.7959465481003642,3.0183086952445977,9.867100012612875,2489.95580571233
open_close_fist,sai,10_aug3,0.7214527626097046,0.70564040235331,0.09416509305131139,9.198177489929465,457.02256525127416,0.0473795735056726,0.6062277325154389,0.05221921978312361,9.347318933436023,137.02245305799494,-3.0110665899523967,29.70472536756106,-66.45229426752203,68.25328972683486,360285.14114083396,0.11806097389679152,1.8016492873231515,-0.34352267955342575,33.88338266085803,1287.0304113976806,5.701210930817781,2.3295963545815552,1.0274924235511151,12.07340809988011,2284.91850229609
open_close_fist,sai,11_aug3,0.7571255789084059,0.7901840262329813,0.08036060966806739,9.002002088315919,475.3243090037368,0.031906811210537185,0.5187883654272877,0.06361016848907314,9.433328815278372,98.48761531236279,0.010817442314789226,32.651607395282824,-68.01847781098017,68.88882410700752,398368.576224569,0.09266240867845967,1.8007441962385975,-0.035027411327212425,35.20328758775266,1077.5771471176545,5.729633344187605,2.0381742859778096,1.8753412462787202,10.05611764166885,2615.5870819139664
open_close_fist,sai,12_aug3,0.6773088497908073,0.5288044984541114,0.0775344203016052,3.600386446365433,328.07050730728594,-0.00015911489456654255,0.012880975275837866,0.1304850181663194,-0.1058349777985707,-4.6661285723795265,-9.283072398386214,34.332313437938566,-68.01991301351032,68.37725354106372,642072.5114865544,-0.004588793075137911,-0.0942067050929892,-0.3879910399754927,0.5421950845857756,-71.76354621206337,7.311963202263972,2.1576054744262456,3.115004127234094,12.993257131040043,4125.638568403883
open_close_fist,sai,13_aug3,0.6994436386022663,0.5025142565277773,0.08856722987603118,3.420503045657745,370.34414001289105,0.019934879323195653,0.4275196877538047,-0.10459937380872113,9.755059785969122,88.37705160094048,-10.92682999796905,31.331657242152033,-69.25106826824332,69.40569442782706,529902.6616282755,0.004884351225106714,-0.016950480621969598,-0.501523378551901,0.15050481929496776,131.11365531287777,7.116216288936125,2.015403961025639,3.186959218842447,12.020969325591794,3762.8418278634276
open_close_fist,sai,14_aug3,0.7611629465348598,0.5756525661625679,0.08981370304895288,4.121207518970034,314.6734588572161,8.742091759950301e-05,0.003558267025257438,0.0065785532781026616,-0.08835912862247637,7.012925782751196,-1.1841607766624875,30.037221134261,-69.1827961213041,69.57763232806894,328176.3375464547,0.0010979042433056864,0.00040100851625935006,-0.4693736333180636,-0.15875386659073837,-13.376846623458295,5.584575144224088,1.6771314396798456,1.9655523849267247,10.005846757665202,2289.138335502139
open_close_fist,sai,15_aug3,0.6235517307377433,0.472472787991869,0.08645732011863164,2.008519235548042,173.89996271120975,0.0008342661573439784,-0.0062094260007016545,0.027889327896069176,0.11994052264947905,-2.244210375571193,-3.113453015023887,28.02575377692166,-69.80045340188921,67.67007198733225,303138.01786393544,-0.002246476823439436,0.011779152876526828,0.4870162987886577,-1.4597428090302789,111.39377337085526,5.671302206790039,2.2280494563857127,0.942921462092858,10.87567010635269,2362.9548633137197
open_close_fist,sai,16_aug3,0.6675317080018501,0.3767208207454118,0.0865353866294516,1.9605273694368421,260.1487461627528,-0.0006848297025711197,0.002321217191953905,0.059216609268900475,-0.08248305767611097,1.385347111395469,-4.412741331984285,28.9490700946943,-55.929376334531945,69.62292251006839,424561.2341727662,-0.00030555443801571103,-0.028824639785364068,0.6036290916645377,-1.9368813003340017,55.876995659554126,6.179090164378557,1.2923287261045484,2.888835853157783,9.88614267496156,2909.0233913436564
open_close_fist,sai,17_aug3,0.6745887286760632,0.4939563968447304,0.08266898712371856,3.8478378143836225,324.90396500504244,-0.00039226059335870404,0.020084299643806446,0.07288222716427951,-0.24338252502056973,2.0213293396910554,-5.283977245782981,26.289898793548968,-64.91648200086865,64.27874531891239,329571.48044959083,-0.00034694099988757775,0.08664920655855479,-0.09001305523545385,-0.135736956467638,-35.718321910249706,6.6811367841975375,1.5217894406706047,4.028723686717338,10.140750615489853,3323.965510374815
open_close_fist,sai,18_aug3,0.6968997632012982,0.48970560875593766,0.11350526590816884,3.8721844669112158,371.37775143865514,-0.0005000170932093717,-0.004307975525974781,0.12396437292813355,0.1056718790608463,2.435544405820411,-4.254402824153108,32.264027770071955,-68.72251222561637,67.27711089548188,519123.3939727225,0.00047897490854093336,-0.003923143787326613,0.2936267812048554,0.35765036624795765,-143.2347158545913,6.493828938109804,2.144631722728761,1.1977705540219061,10.948812739124818,3573.592394985229
open_close_fist,sai,19_aug3,0.6574008208981234,0.6179484527657486,0.09044482638808726,9.027056658108814,388.4303473520563,0.05609419264849032,0.6252821742759901,-0.025055943032344485,9.48047734237291,175.4294023682148,-12.335769023231046,28.92085708675726,-67.95114674388134,68.1657256440796,447494.98716064513,0.2839996927602361,4.262875707313029,0.014071911134457852,80.6531550762555,8156.536187194331,5.956295956098973,2.189778229667017,1.9759649870544365,11.916143921283162,2824.843893640871
open_close_fist,sai,20_aug3,0.6327337812469693,0.39929439847095155,0.08958235859437258,2.1661176424716015,187.16437090849462,-0.0006749846236531835,-0.005784263918051285,0.07704254595317862,0.21580651769081785,-2.3953027881130926,0.10762408483407723,25.080510837984406,-66.14903204238432,68.16792413920196,192310.62373267862,-0.0014192514445097051,-0.034953259158831414,-0.6837686611456555,-0.4071783291772704,225.78203539946205,4.640597912340841,2.053675324524058,0.8711251124795603,9.086347468705405,1774.1154848682827
palm_up_down,sai,1_aug3,0.6154843109279414,0.3482782230311897,0.09345990632445447,2.6213192468459425,231.23382962634514,-0.0013216986081074466,-0.011145694514220265,0.1221926928300941,-0.03360828486321557,6.811367362646265,2.0788323358366467,20.477948122051792,-56.5147640715349,68.73362447724912,207085.31061576356,0.0013676104530091263,-0.0542309693823097,0.40283114758720945,-0.0839623200480806,125.91752922589482,6.470021677716151,1.9427416166082025,2.2183661246619244,10.971662073358385,3465.536256249356
palm_up_down,sai,2_aug3,0.6416471500628447,0.3760697592901152,0.10630218409552765,2.593904568209782,320.441474219266,-0.00014035724894725116,0.015478608187729741,0.010421932294768031,-0.04020345303952639,0.8023249830396916,6.734964594220141,23.733376391965624,-68.44806304417133,69.08085179715985,334116.65376219165,0.002724837725604522,-0.05874554948911386,-0.42611076952353333,-0.003742763893793586,-100.16385827062639,7.933522981239258,2.3028913362278045,2.923220060547829,16.020050344824266,4709.329872238442
palm_up_down,sai,3_aug3,0.7148144897414792,0.6892307160291378,-0.010029080860765238,7.870585113122283,491.62569217584314,0.057675834235851486,0.6883365919654431,-0.03512180337437963,10.490252924141242,249.63058730146017,5.989224525649279,24.431718832969334,-64.74801495399525,89.5053773456573,322508.9624103659,0.297858696644606,3.8942776365310485,-14.623007630998716,63.44106651159226,7783.752974588217,7.0969871967377705,2.5870448965307626,1.8767300220770522,14.08241707779042,4164.215900925848
palm_up_down,sai,4_aug3,0.6260297174639479,0.28789726929587134,0.08848754881981967,2.9055718027818798,222.79187214613694,0.001131689459293665,0.009361034565539921,-0.06404893367749197,-0.05887933439317713,-1.1891140230958082,6.800007819002586,21.30247168159175,-69.36010684184578,68.73985436065098,239385.75903977183,-0.00131922109104366,0.02278933545731481,-0.25428797273722836,1.578593393905213,-22.644071433229794,6.581984985282109,2.160537945656527,0.8888340014799969,12.01332175975325,3796.7376911700485
palm_up_down,sai,5_aug3,0.7106817764422577,0.3473340406493065,0.07721504937462952,2.9490756721335947,351.70622764245456,-0.0003385258638278808,-0.010843472429101128,-0.15789975290673838,0.22824088603829393,-0.706951166542539,4.332336547746936,24.43246109719476,-61.7423570481634,69.48134567050337,363384.53728484886,-0.0015690516119021983,-0.03545852025631116,0.039920035028518104,-0.6287196720070887,-82.48020734830051,7.577909900739434,2.320213644282317,2.9103621443133063,12.901952774149542,5223.5080925348575
palm_up_down,sai,6_aug3,0.6849477828142021,0.38902944224096236,0.08782552800823992,2.6814035207979803,288.78991885488193,0.0014093330873879966,-0.0037646945761000737,-0.015872216170068214,0.01550310678553083,-3.8048917258355766,4.8091336782855,22.986863420645683,-62.614698587837026,68.10240291449654,266610.0123210155,-0.0016986244821050388,0.048614778734464445,-0.9671095678610583,1.0755204053149243,46.81558984030873,6.319115204134877,1.873128834575567,3.034209534980764,11.073867145027656,3316.1337139216785
palm_up_down,sai,7_aug3,0.730589818382792,0.402253890332563,0.11023691445364017,2.551257016085909,415.6174055581783,0.015676929375273305,0.3734545533509833,-0.009086911672137057,9.301576356646269,90.25253361222393,5.120772173019353,23.417882866173798,-65.68255055750679,69.08949768472542,354731.7053681149,-0.0030373046453504343,-0.04295458520306988,-0.1717178390236206,0.09023263813308405,-251.20815897507006,7.16820985375399,1.749388894788045,3.973879105917333,11.878186134113744,4411.171887728625
palm_up_down,sai,8_aug3,0.727210934520927,0.36307975940709314,0.09466397686064178,2.6718619182701646,425.29328081823064,0.0005947929357961631,-0.000625140750895239,-0.0047444779197705735,0.11425724129598525,1.7950462709731803,3.4436840214181093,19.730162473853866,-66.00167450336609,68.57169576747069,285190.3574020724,0.0026579318675226506,0.007898159574569059,-0.09704216062256298,-0.4883851577976872,80.67097633830156,6.523430195756638,1.9263966580641647,3.0949629564616203,12.18312142662295,4975.122579145966
palm_up_down,sai,9_aug3,0.6977182186983621,0.4558136327867793,0.0793392686984081,2.631316103945842,375.67043505815616,-0.0004914222401148428,0.01733901754967681,0.009166507759491701,-0.1534776618000384,0.8956877708340732,1.1456873450316551,22.39158903214017,-49.86625464688299,68.5533401510007,283675.44931862684,-0.007980861529836366,0.02360420297938855,-0.7943870224811395,0.7073150014237127,-116.05521410708013,6.841801151665304,2.443587425778709,2.9700165358352564,14.940939667684901,4396.35543894635
palm_up_down,sai,10_aug3,0.6454976851723615,0.38469379092242145,0.10160283363740709,3.5877559621274995,367.3010762059205,-0.0010798072311936542,-0.015342160238184677,-0.027272009972034435,-0.11043831177866395,3.3590105046869083,2.0633628836475166,23.634074065547825,-59.39977627637554,69.50340939606983,299409.8706835574,0.002587801863711575,-0.006368511222363133,-0.35444961183786305,-1.1121682991834443,78.55301483559549,7.423687615531493,2.269770869634817,1.0304595989193328,13.049766420100728,4386.725712536738
palm_up_down,sai,11_aug3,0.6673162753806474,0.582744245569101,-0.0032507592458944183,7.514813532677165,428.347825327905,0.054646006528164086,0.6752746063429622,-0.024107716341505606,10.400157664773655,247.2321900759254,-0.8505316199875953,26.895637537675615,-68.5078164996339,90.6599215477814,395335.70617186255,0.28500562002409224,3.7825358786427983,-14.742563097863648,64.0150036095871,7535.099365304765,7.324061967264921,2.2696937492098836,4.071702041996715,14.143119491187457,4427.986795538957
palm_up_down,sai,12_aug3,0.693729386563982,0.36772751491944705,0.11303430492372843,2.8121751739319736,322.1209299529286,-0.0005714681898428064,-0.009421475792251851,0.08339583929327961,-0.031024714761362416,-0.2473898543691979,-4.672690987115117,27.695483835819697,-64.1018338810334,69.74961411967178,429071.92962718674,0.0014510963483925924,-0.047282148922944835,0.0682111987959335,0.47639150307040334,56.71236230679499,7.039127120512774,1.8690889546242846,2.900157274211891,12.021228573753799,3973.0813765540274
palm_up_down,sai,13_aug3,0.6919223217869511,0.3624632067015355,0.09190482994689475,2.6766703282235094,315.735441958282,0.00044764797095918444,-0.01876453599638525,0.04731476039484703,-0.15357836704283406,6.0500392855781655,4.92735138355993,24.737482594527183,-65.7365877673482,69.49556527253482,312478.16329702915,-0.0046049281621998745,-0.09803843516156387,0.4312268825427575,-0.7447206216759228,150.8052236823741,7.31720619397155,2.587109892489476,2.012279971632777,14.059022840688229,4163.217879042481
palm_up_down,sai,14_aug3,0.6961794475300069,0.29362686200045873,0.0812923849315731,2.456610887936,377.21344250247034,0.0005519465002536279,-0.0011133144249857677,0.01436242714075847,-0.13817970311085537,2.8158986058603763,-2.795363071741764,22.81778331277241,-55.962661949172265,65.79982710085002,393015.600815139,-0.0025027559860520197,0.05768866346510045,-0.6131384486806126,1.520818627431314,-11.331800448516278,6.3336424851998885,2.1754868567559984,1.0701464975768524,11.002886792532015,5160.178095525037
palm_up_down,sai,15_aug3,0.709572025368713,0.4680244128601947,0.09506985788572825,2.608149793045706,235.5901093424886,-0.00030495621671043204,0.018261852684101836,-0.06956747085214982,-0.2305798175375949,-3.0642430519240884,6.604022239131132,20.218135463755065,-36.216228914047925,69.28632999876375,148868.41638955768,0.0035519771115362538,-0.01989426788004994,0.06649851196533228,0.5716171421978541,115.17263153335303,6.56626873314752,1.9248244365066502,2.8536505985320026,11.980602665383486,2450.778170292453
palm_up_down,sai,16_aug3,0.6623285083215859,0.1299693475847357,0.11486070848825615,1.7944039369176779,136.40395127895368,0.0004910730497774087,1.1892992004030553e-05,0.08915581562984863,-0.08048620805063754,1.0794137205777348,12.095760013597642,17.472107623799513,-55.20993334061602,51.53818469503391,130260.84054589615,0.0007459744796298065,-0.0628665689463576,0.0770014031291643,0.2221860183537716,31.377434926205527,5.144806019163722,1.5540265026273108,1.8745572138941724,7.814618090177588,1521.926421041194
palm_up_down,sai,17_aug3,0.7819673627639404,0.5466935486769348,0.08144354934933343,2.9325495205104097,426.69533691902575,0.0010825128960037862,-0.006481379107096272,0.005378159502612126,-0.05420211916627312,1.628769314461286,10.75707841454742,22.190842042334946,-60.370089340407446,68.76164040800667,302683.4333502481,0.0021347666205693023,-0.03698015699105021,-0.0518709392003669,0.9085211157427863,-220.71242838514175,6.053344554904398,2.0586261999293827,1.0413025771474242,12.870806950803553,3389.252034613717
palm_up_down,sai,18_aug3,0.6794833289830848,0.4330225935824474,0.09166745397996687,3.171658296066853,517.7565174581541,0.00015567917628271958,0.0012702950383332136,0.0774737920734993,-0.0065027419572568,-6.173888466055304,9.96503380226944,22.429676283540218,-65.87099232437214,69.68730985346615,437878.2202057791,-0.0015958597021611704,0.006136168458521197,-0.5294896587680212,-1.1744127733609897,34.79392574037091,5.761651269664632,2.0242306610215426,1.0987707620220553,12.998611618868917,4803.957732570683
palm_up_down,sai,19_aug3,0.7639657656955429,0.49116704082715074,0.08814734812271223,2.751484515977392,723.2659197622908,0.0015880504040315377,0.0020683130240562704,-0.026245952640132065,-0.1517801797089168,-3.2396030932425712,4.483306614712199,19.71720398715281,-53.16110293596548,69.03399210355748,357375.98426190147,-0.0028816967166012107,0.06643676356866497,-0.27325143809697966,-0.21349161289898716,122.10554275179453,6.887754022940703,1.8535904740651092,1.9659753506767303,11.902257534896046,6146.347521594514
palm_up_down,sai,20_aug3,0.689831070510869,0.44953732522950485,0.10813480407842305,3.1153926262171203,468.4112230296449,-0.0002034765386361273,0.02324401067009392,0.05795162806515412,-0.05450775280704422,0.5315879702772687,1.4117547677182307,23.23251034190779,-58.78174945561682,68.73315851042786,350075.53383542935,0.0008652337061090078,0.0427977463133391,-0.6572594153142175,0.060644696262034316,100.83540214788715,6.223232684238212,2.116943055442701,1.0619828821153912,12.07892717560534,4577.421910746587
pull,sai,1_aug3,0.9280959072796097,0.4551773412881274,0.32050037204059534,4.97740760645374,657.6395038512437,-0.0005616576935632224,-0.003119831873422915,0.10985548829365457,0.3316215239917858,2.0753138863166023,-5.579447398057203,27.379836644795425,-60.007362186227745,65.43490076885902,452542.74608613417,-0.0029347355593910738,0.05584807541324012,-0.2982367913345152,0.15800304001135868,-45.62886283398155,7.8536088494766165,1.7505292026590407,4.102507138813466,14.197673173515737,4942.519967428572
pull,sai,3_aug3,0.9257110382575588,0.4228491954140403,0.2911174334030757,1.4781882518662084,659.9304513322379,0.0008002861718781059,0.012240505488972795,-0.15323032305255258,0.09551568696795826,-6.38115903962606,-5.359330354697758,25.55578950567857,-53.621407772472175,54.78264250353662,441308.3427886962,0.0012255115194972864,-0.12364366841709368,0.11542724812822105,0.23896516535792564,-108.6931252781877,8.279551163088998,1.5931932535757798,4.977763461676705,12.047660491385772,5488.398545071692
pull,sai,4_aug3,1.039042559361644,0.5786093110120163,0.04614584230937435,5.899355531787471,1873.390659467161,0.02053887058441248,0.3472731680182417,-0.03454487402657858,6.6572920105495825,155.78070107215459,6.582786379873531,22.076320015526683,-89.38558157319551,178.72115001403313,677677.5161309643,0.02813352381690182,2.2974344340244732,-40.43955457768675,70.42120329159819,6565.169407375728,8.751795048657407,1.8682002734312644,4.104554662122351,14.052364896498428,11884.826688961335
pull,sai,6_aug3,1.0255849691558392,0.5476244399368314,0.2901596256097927,2.54635253598137,1031.291663455595,-0.0008032703979966931,0.012144034847026888,0.09259980828353642,0.04530694561879503,-1.8399062338014682,2.803452541623852,26.09054731401855,-66.91796402790806,68.94407606436906,557603.3741004952,0.0054550877359848884,0.013270546849466576,-0.01370763228329834,-0.029691529792347127,-205.91982141293425,8.278627010976958,1.6196581500720841,4.998745612937301,12.979754672957533,6790.6445628777055
pull,sai,8_aug3,1.0438802162793301,0.5341969016431415,0.3010889725576413,2.6390306142566877,947.3588113681665,0.000575230085575565,0.005379314659216571,-0.019583885761223118,0.11539742045333337,-0.8656331495483004,4.021036654162766,27.222069089077785,-46.64176984043456,66.5903581376556,531808.6755542426,-0.0013300527761814249,0.026323841766056053,-0.004048932955884061,1.7159314849881435,-74.49438443555313,8.355807842887742,1.3908238706076694,3.8287865820468387,11.86005796260707,6291.412450751179
pull,sai,9_aug3,1.2240533778725702,0.7134216404123893,0.09901238246915607,2.6743146119197903,1464.3515977144016,2.8501865758095382e-05,0.0039052766487962607,-0.0824453372035686,-0.15310011550814442,-0.9479652610706837,10.727873865739063,28.155576886134764,-47.48179693502137,67.329314685524,656938.0926509782,0.0023458215392329054,0.008414912466391656,-1.1905732817372803,-0.654384541689397,-22.91082920798907,9.002099391550837,1.9015167229783465,5.025720093873893,14.05150609180348,6935.985511902294
pull,sai,11_aug3,1.023448024210186,0.5226941706769034,-0.014942193260038308,5.565930711995767,1767.282974483263,-0.006059050548031288,0.35179597965092524,-11.990022749233063,0.6532437362856488,145.9405536728867,-1.4329228971172243,23.55961597968717,-90.89575029714885,145.70634243982792,738110.7404209608,0.03829766553293763,2.133802691643255,-45.13096228150991,48.60309521200276,6018.534688181411,8.389729670303277,1.9825660413043358,1.8841897897973436,14.997238631143025,11211.64478332912
pull,sai,13_aug3,1.0243922796675038,0.4315449283074373,0.3851384072453648,2.5188700801469572,836.930375366322,0.00020296892005440526,-0.021062074126483896,0.004697411119238702,0.2807025690057648,-0.18243470818007818,-1.3173159287678866,20.749555113458708,-61.59616175320547,61.687857216033954,301139.15278854984,0.0038245879937806857,-0.012474733109965603,-0.7578610443227471,0.0629528737751018,111.43666541485237,8.698732130016943,1.8554824599979776,4.08093253742644,14.087094742538593,6101.93605669051
pull,sai,15_aug3,1.2630574122550995,0.6996300032335481,0.07526609913741625,2.584401344168423,2641.80610915297,0.001194528234659894,0.008358208822764855,-0.14864430116380487,0.3398822533992432,-2.87271161688236,14.043347589361453,27.37764403705919,-67.54213605884449,66.80927694091567,1195838.9851055215,-0.0035466575015215894,0.0010135681788438012,-0.05560824680779878,1.1362093418148203,61.502996044349665,10.488485619425521,1.849253635396451,3.101252644541849,14.932075458594086,13524.046585420523
pull,sai,17_aug3,1.3111957998989738,0.7235669528959915,0.3134769076965178,2.6808682646413193,1679.0514038531978,-0.0009644384095676549,-0.015580234329212747,0.07226935884290568,0.0617334325863241,-0.9677903419276355,14.681275112881433,27.755451347224966,-57.96061469529774,65.17934310096308,733881.7969538964,-0.0001853125546142126,0.04943233007183763,-0.3421205370932065,-0.8414979566934278,9.683787407796729,9.147287472092039,1.8084006285294096,5.047263448131019,12.88437888560739,7008.220592482092
pull,sai,18_aug3,1.3028946762124758,0.6837099810668719,0.09355521078536308,2.541217809363254,1805.1559450586699,-0.00038418737711785574,-0.00120667006111359,0.1076268414574904,-0.20876854734809513,-2.9624060520579283,13.236067261066234,28.254902221469486,-48.543419688085365,68.49654846784495,832214.119312781,-0.007438427003443794,-0.025148060599146597,0.4445087764921874,-1.5541173489807405,-26.13943509156954,9.387687856146103,2.0875301439374176,3.0793007364273626,14.225145165072899,8430.156889455488
pull,sai,20_aug3,1.374459523202247,0.7271897277916182,0.09656158060213381,2.6880174712053573,1425.6424116787164,-0.0005602593478717592,-0.000927150659944706,0.043019195251326706,-0.024546989141985356,2.720046896294238,14.464954612792363,31.926875826432145,-46.69413794260445,68.29808463963978,720295.9949117487,0.0030700591316192467,0.04787482902445631,-0.12274519506974445,0.480144812083889,39.73554461672725,9.508985892995376,2.1719859846145515,5.120854736066255,14.938606877295081,6006.907461228735
pull,sai,21_aug3,1.147944539268973,0.5059452994607974,0.05409741830753501,4.788623860837512,1565.0245857066736,0.0018495607961802568,0.004778539787744849,-0.029713527556115785,0.2858474035173702,2.899040422388997,-2.1493040563963453,25.16657192669936,-41.19083072682568,70.91209676226975,649994.5562140958,0.0027837241521197543,0.08185522488148847,-0.166956607344463,-0.537268667470902,-66.62297204886727,9.977977716191958,2.1624661005507195,4.042636113996569,15.024985690651452,10819.168698682412
pull,sai,23_aug3,1.0729177951516873,0.5563612644272605,0.3810694216678827,2.5314127658012935,1167.458817868763,0.0014044562433189905,0.010879381229026005,0.022238844762839268,0.1119470748016207,6.629254442474163,-0.07454653411008699,26.29163314152302,-40.555196902746154,68.61702619389811,525972.9236851264,-0.0011148066331763127,0.07314013878073539,0.4188454323299075,0.744940956344936,1.9990186710838609,9.196816834009239,1.566710623698027,5.811669031893666,14.243515416273922,7520.425492600343
pull,sai,25_aug3,1.2388846185963427,0.7022253712914597,0.07179506333851797,3.2588468177338554,1167.4601208014167,-0.0014737486856629472,0.013473018499255592,-0.006941927046433925,-0.0977971346919908,6.772155048088424,6.049794416788607,32.32143404435724,-41.82106154627493,67.97762236871687,612325.2930001816,0.004402014879441102,0.010547671009083418,-0.09493500529964634,0.3998423520025464,-63.941960716251124,10.618393277079601,1.6436272826334872,6.833303427656002,14.182799476993917,6290.08238630547
pull,sai,27_aug3,1.085523618912479,0.5791921023653204,0.10170742360893192,2.54473091535526,1067.257382065227,-2.1138109068819053e-05,0.006867810453886517,-0.1395434911677055,-0.15419049211886077,0.7487091041884377,-1.1742948582797748,28.047113453709905,-41.11855492310329,69.88569131486939,531906.0247333152,-0.0017931104998421701,0.04370144356755715,0.07266378103312321,0.8545599122011127,-48.400334239291475,9.413682963076758,1.8588117436057636,3.9035691554398713,14.067135948309073,6645.234002966319
pull,sai,28_aug3,1.1529749382186223,0.6190919533513459,0.09315381918082573,2.424561380194943,1270.3821393531318,-0.0004857656740257403,-0.011305953016266503,-0.006467792895641848,0.3723551782000443,2.734021717434412,-0.033357374393151784,29.410376414082297,-50.11477629152988,66.57063015117497,641348.1220052281,-0.004410065000102259,0.03199672816094448,-0.7609957909007534,-0.30831332804755135,-166.67334011211287,10.602976348644411,1.4476770355840407,7.891032109687431,16.16375298392149,7992.109699138423
pull,sai,29_aug3,1.2539591110552342,0.6787711978318713,0.10275969521513256,2.7118901783549405,2129.444650530132,0.00024461631165897696,0.0027975365362410236,-0.014944406742785498,0.026385967799528186,0.3034506159203274,5.30870621209149,32.26349114052973,-58.12465478536976,69.05098504561113,1146345.151217955,0.00021550594028037475,-0.026009580734785966,0.28904975618139456,-0.2819028909984624,-59.83749592191241,10.671320026456845,1.3957257182176679,6.982809098508108,13.156170435728196,11864.930262322328
push,sai,1_aug3,0.9607418181759297,0.3541764931899152,0.39606057336338646,1.6935677734460628,663.8883870093904,0.0007259482253269838,-0.0048536727014656805,-0.08448389634683552,0.04309806478761271,-1.4101588417722075,-4.018587878699238,26.841335709817603,-61.36729477041469,53.2349089771424,498769.80790615256,-0.002515183033615407,0.08716949108153126,-0.06997760976734557,0.6473835811440186,-2.2506792958172093,7.5817453083230975,1.4666234764769142,5.076108057905832,10.061075444514001,5202.474840220333
push,sai,3_aug3,0.9522897358771187,0.5257102092228239,0.1635940527256554,4.7565304079863395,851.0756185510566,-0.00011453649098574711,0.0067192473069139745,-0.12069647205056537,-0.11711558071543197,-3.1605863083115486,-1.2737577877789559,25.776176736766562,-51.73454893307871,59.15335467566577,522590.51723311155,0.006318116416637082,0.013000805515246792,0.8019991024850011,0.029161814147232956,83.43286117477722,8.709486152340194,1.4702933498340214,4.016067154569953,13.008038856713137,6699.33495865794
push,sai,5_aug3,0.9830560744504843,0.4757183140910885,0.4700888066112053,4.915540138590735,729.2708453957358,-0.00042399887598413807,-0.005467372942541589,-0.08573814917123172,-0.19506610954764014,1.8486793924950262,-4.816994093760619,25.41682227223905,-42.765145563648154,63.62066738822459,417033.02686232957,-0.0018754854448008974,0.020615472808765276,0.023699124755276767,2.7680445447965942,-55.28894590082465,8.045248041583918,1.5858718931005344,4.972518500539947,13.163774659491214,5299.491453412092
push,sai,7_aug3,0.952441033834334,0.41906276543512105,0.36571732868628243,3.150798835590783,794.0837587735485,0.0008861205329679855,0.007846459656259566,-0.1070378090587952,-0.009569471028624849,-5.142354303285541,-0.14013208516992565,20.327341998297197,-51.39214245158171,66.06601589964131,302376.467577705,0.0004282397438435209,0.09051623439944338,-0.24228985788043886,0.011904961842830089,-227.62293381766597,8.178732729880455,1.478637326435543,3.9351342416737554,11.103807045879412,6331.612193517803
push,sai,9_aug3,0.8785898795918962,0.4594395075246422,0.222081917638562,2.5944706198808656,631.5836371625586,0.00011197235276062943,-0.007927502237676522,0.013807250289141643,-0.14532520556268289,-2.477665473934348,3.497369987855559,19.595506655551453,-54.10436533595804,65.29477651046219,250892.87073923944,0.0021480807695111325,-0.051977938810892854,-0.7105005820322285,1.7124532307735885,23.72375623409379,8.203433207326881,1.58117774634171,5.064558868461715,13.089677655817948,5492.68998403358
push,sai,10_aug3,0.9134128423960464,0.38919994653675305,0.4197043489869486,2.42406988283583,551.6051878865471,0.00020150626372279662,-0.006720191540193775,-0.020099965444894667,-0.16029224053173083,-7.029729046562922,-2.7341540619462363,26.03961771039877,-54.12009959442523,62.82808378963774,368889.3714534948,9.966515775796538e-05,-0.01657230388834285,0.22339902110615498,-0.8176989753968253,47.204898771002966,9.31590604755078,1.4853479041111028,6.981819578718507,14.032904913017566,5041.772425664401
push,sai,12_aug3,0.9447015369926097,0.4634889651132868,0.2337147387398089,2.5010542168326686,653.1859050558556,0.0008044199908317536,0.002765540783765125,-0.00699024252307413,0.09456287820646317,0.5154151987717562,-3.268667194714515,25.9228334789377,-52.99143999996723,68.10355365334853,411484.6337441364,0.0011454269038387427,0.0004353568000815112,0.3166720692876109,0.48699984211672737,143.37580014732785,9.123210267144081,1.8170466396695708,5.0725826073298474,15.043524191401277,5636.663775881972
push,sai,14_aug3,1.0243539887746784,0.6491735904287299,0.40382291344023036,4.67691516585641,1906.0350407784238,-0.00046944375312920695,-0.002649355807755857,-0.13045241417551706,-0.16364662665322255,3.349330244740734,-5.299639745151997,25.783288938402656,-50.02782477474458,68.96760883371292,910543.0335538883,0.0008736605856256524,0.06287815773926576,-0.47693264449132733,1.0120701594202215,247.84003135630522,8.706073005755002,1.5470020543202225,6.117063214904603,15.090077836301482,12019.790792706768
push,sai,16_aug3,0.9806481790694929,0.45274477581897665,0.18840347529179843,2.6484231247214827,720.8757901705139,0.00042526542895567423,-0.0030857309828794944,0.10525006714408175,0.25904848089447896,-1.7801526085288282,0.5825835919309041,22.321983314901985,-48.57855697322328,69.16647163731497,317696.7084095766,-0.007640997574852004,-0.08390462300636431,-0.49497280082987716,0.4099449343590027,10.666538493076517,8.764910150380235,1.8196597478496688,5.032028648992141,16.92370560082091,5785.161048695427
push,sai,18_aug3,0.9858385087857302,0.5020158815432867,0.08041384204045982,2.5517405544058183,947.7331380653902,-0.001224663063424978,0.009634283434662204,-0.10523232471035934,-0.12723249840835202,-4.167784058162969,1.199988274996931,26.33221804718048,-54.4150653413381,67.18433465225156,540361.1351799583,-0.006390397030100437,0.02266758651152773,-0.06745803459702861,0.24534462984932856,-88.65840388173774,8.970723908372674,1.9003458772610808,3.8654605201176033,12.966255755610778,7448.451235981971
push,sai,19_aug3,1.0291411958350378,0.5877070934501266,0.0813884099996474,2.5239868507022667,963.9933001770358,-0.0004211255205337082,-0.011516239604811105,-0.1458094844891,-0.15344729918295316,1.6146005123354048,-0.11030520510243022,28.45356817392489,-68.9324414796571,64.79034956794081,533217.2166991689,-0.0005417182236413172,-0.02081597686817369,1.0360128184381767,0.385738952697177,-113.62457846726942,8.494798933716895,1.911000395003781,5.058127180436365,14.03423334614408,5888.434618811813
push,sai,21_aug3,0.9370698549585342,0.45154703904882154,0.1682669274700919,2.6057626413064545,947.8253216219508,0.0007635878045067693,0.004551688842653392,0.10692181477001221,-0.11741259500090395,-0.506987326207774,-5.320781905139312,25.32145882011825,-59.41976061708191,61.19653912000812,581511.2164416247,0.0032359243495913704,0.03141977737257725,-0.08790185951437812,-0.42279788624261444,-19.53867280434605,8.859796650063977,1.4571206150727591,4.880067088991789,14.962978034730321,7868.573666083974
push,sai,22_aug3,0.842043008927673,0.42962882751138776,0.3687690635657723,1.8363377971813275,776.759166561061,-5.476748432249462e-05,-0.013801721055680893,0.08532436836401766,0.05645843272725656,-3.915551407519825,-4.736231698007504,21.284134462620088,-49.02915086956152,55.28095462802332,410798.9200309706,-0.0018560893900086187,-0.018207483864802327,0.7207645517753294,0.7667818519547138,-212.12584668722636,8.64873938297054,1.4343183189678577,3.969535883974041,11.004957071316005,7325.439531858018
push,sai,24_aug3,0.9277710003096316,0.514839712530954,0.3641400970113693,2.6075709480698848,1125.3595638610873,0.0008899322966090798,0.0010522572790711935,-0.0073992034201353,0.3076167709251013,-2.1201268501194797,3.9904164155157464,17.438012662122816,-45.81022648530899,64.00038114707613,315082.1715643767,0.0008779819910534809,0.03806034537275361,-0.33593296594184074,0.27683761904488774,104.10118617763389,9.445923760168697,1.3195240825603305,7.016815354693371,12.979494417253827,9415.22187925877
push,sai,25_aug3,0.875060692798777,0.3832177649019488,0.41340377282313295,1.8593826521042112,607.8572503688599,0.0006795090347743558,0.0019591959808519343,-0.20421778184659287,0.2011413419613447,-2.91741276630709,-2.9450836303851777,23.132847629608356,-45.692155028120645,56.35751488744452,388738.9694140715,0.002836805767930324,-0.03050244951662686,0.49160762296874827,0.19808845192172747,4.7406872587612225,8.42501494121975,1.4675181412466032,3.9755588505837034,11.947474305260766,6230.515733044677
push,sai,26_aug3,0.8295597451467049,0.37639093672465385,0.29462404757565025,2.6094696439202294,396.2998613709344,0.000547699260145254,0.012778186771421122,0.09057773106315949,0.2957284914715467,2.47307894099382,-1.711696948197886,23.074153186731355,-67.08294847877413,63.9965937834012,262476.6116302659,0.00817920023845655,0.1633183493811637,-0.23286123195302824,0.9887192952418127,96.99972828600889,6.274002667781136,1.606417095755584,2.03996954212889,9.956159434682032,3376.561772852311
raise_arms,sai,1_aug3,1.0409438554255468,0.2295152675952235,0.6731256321251854,1.990225019593776,470.9815388710362,-0.0005513532241271331,0.014329158920176473,0.02181236040939168,0.12413771894921512,1.9876774609868915,15.704471226169062,17.70655080325536,-14.10696889620988,58.51325696297989,224134.74195319976,-0.0013561072604386113,-0.09761853890087045,-0.6622596026904468,1.2054620435136139,-0.827239676411005,6.8230651107477716,1.7711695854762097,3.0218108554758967,10.07752234231404,2928.528869127547
raise_arms,sai,2_aug3,0.9973087380612164,0.3727932325827843,0.6227247193843648,9.09643976380949,805.5582787027723,0.01649738607339165,0.3594469390225556,0.0017297367835782443,9.49460779689528,99.04809617118958,11.372402455645906,18.234325513648386,-44.52008955530212,61.453359229894176,345973.6258681466,0.05073410833039752,1.2728702858539156,0.10302924440171604,35.184886273955044,1289.3782029663357,7.218363391447068,2.36599061004846,2.963784165499923,15.100132655141604,5835.6316940941815
raise_arms,sai,3_aug3,1.0462256075266585,0.2466540014291129,0.6685100564383781,2.9678817749882858,1315.0308866602657,0.0006793802015186735,-0.0009539923718550443,0.07119339407883336,-0.10281359226787831,-1.0946648658282336,7.952622639132345,19.468772827640873,-44.74263351879421,56.11935086118387,501242.5275680679,-0.0005244905733203926,-0.05091613087040702,-0.43574247049083087,-0.09940265710258293,-27.471659662849945,6.894442277131681,1.8723922905855688,1.9832244807458472,12.079779359404258,8700.13822068363
raise_arms,sai,4_aug3,1.0752250687388585,0.24573095210830267,0.6691384810101764,3.058767960412347,1533.5930958406614,-0.00012933654184470376,-0.0035184775599842255,-0.0345232923763115,-0.10659137116818854,-1.5145647141318628,4.787289485854933,21.959032392330418,-47.02251905334433,66.23313059511983,623059.4766898267,-0.0006279713782469914,-0.07724333363825284,0.1930271463152197,1.728404624451582,84.9118534027966,7.875431677552103,1.8029483982297563,3.0560847722783673,10.976120719736823,10176.384466109233
raise_arms,sai,5_aug3,1.0871369840165428,0.4818702421253118,0.4165352346703796,8.942736397210512,812.0281256250688,0.04467237863849355,0.5540877859616348,0.009989833734112321,9.58003438472412,177.58742346620355,7.2741885239836535,21.71033222240537,-46.085311022632716,91.73002927845204,304599.89389785955,0.2842428734989132,3.8953021544569864,-0.5254485189755471,81.40510375542092,8902.159110452756,7.184309713230276,1.9169521035710373,3.875087874963979,12.01160453218001,4398.887119891771
raise_arms,sai,6_aug3,1.048525931939648,0.23163256660110104,0.6566265270536429,2.362877519110053,807.685028176856,0.0007036194473089512,-0.013086906995142061,0.016453801252981987,0.02294553740590023,-3.9972403104533636,11.338429788654674,18.371668533862106,-42.21805455969833,65.99970760278228,314778.2750634853,-0.004078261204762637,0.0021829942294836055,-0.7006607400404101,2.3419855364851307,-86.89452877291781,7.982094546601806,1.9738099285900272,5.101796399357074,13.871676974328452,6095.611628300702
raise_arms,sai,7_aug3,1.079968905771151,0.3692643830694284,0.6503388031391587,9.192664016536044,959.2155705861405,0.02506410132351022,0.435837516532278,0.019240217116705427,9.508348737033854,132.64019937934347,7.524109314183531,19.983009639982303,-42.259396066460624,55.61695940570284,309470.41732090485,0.06148895147223606,1.3664575803540624,0.2920613440585798,35.15900899141082,1336.0309486253293,6.8531276153962635,1.9227796801540484,3.869238165498579,11.067984435476586,5696.057292259985
raise_arms,sai,8_aug3,1.0537840743216393,0.2316519150305366,0.6575229502149407,3.0868852794704336,652.8167232212769,0.0003085634287994961,-0.0059260529279077335,0.09518368876147258,-0.14120702197260288,2.6924026486178883,5.78118009394521,23.278553565860676,-41.77587820471999,61.946890692260055,288742.0128320326,0.001637446093894837,-0.04078864491547155,0.6687865065611509,0.8127425685274801,88.74802549020859,6.6381216365855105,2.0471624919708207,3.09796163926806,13.033047282434286,3623.1520704190534
raise_arms,sai,9_aug3,1.0704049146833758,0.23865582479040515,0.6605365949750016,2.022857486674053,698.7123892734694,-0.000722596771693081,-0.00027140984704691185,-0.10288096522856888,-0.014424461564373369,4.424174741828884,4.113153514282928,23.2282224151944,-43.09601979483407,59.2691991201321,318988.09444375854,0.0005146152337078051,0.0629660305115669,0.5644585497890936,-1.2971283177732595,114.14391632778553,7.162317330343859,2.168479057215874,3.0409936082429483,12.193631215865155,4187.151410095305
raise_arms,sai,10_aug3,1.071761277867325,0.2606480506120869,0.7050527568743108,2.2164789260534867,820.3499491921729,0.0008332798925913014,0.021211513039579098,0.009950341809353006,0.16907745539495608,-1.0901433300048495,4.641505250499101,22.498365534850553,-42.191512457645864,60.02955245321914,346110.35117820615,-0.0017148426046207676,-0.09153920109111852,-0.8198474068250217,-0.9314576456179398,-101.19511260866616,7.682686999480742,2.0122667772750122,2.95194607326388,12.980016648398706,5065.981627661554
raise_arms,sai,11_aug3,1.0478781332188485,0.22653928176648683,0.6635684719867554,2.148019918218104,1064.1089919844574,0.0002495807981001435,-0.001298853494794239,-0.018001157656452525,-0.044728824402843835,-4.548261513145648,3.58611240686638,20.84688947479378,-43.233259320126905,62.03532907884997,386888.6990943545,0.006165210193619582,-0.03924017310838647,-0.36558635237102927,2.109887731538885,66.14862866220372,6.959834293906856,2.270995848311958,2.051880559446547,13.050018546796071,7008.605120197527
raise_arms,sai,12_aug3,1.086538451638747,0.3720125871245449,0.6581336577897626,9.142262582340297,1557.513268954081,0.01808248956680072,0.44343056636908623,0.018267501563637264,10.702705172165535,218.04646921495373,7.66519174743526,20.071773667634275,-42.45684877688083,83.71278424191921,547665.4569683688,0.05934250471982236,1.410397033618854,0.5664618488043446,37.47577417444154,2473.634877961627,7.359695533934023,1.9440032787625254,2.9825906451701822,14.957504598578595,9485.743232435478
raise_arms,sai,13_aug3,1.0201423451206457,0.2182154695045039,0.2168433405605078,3.3154889168315056,1369.9897784207697,-0.00951849250929172,0.3587811537063996,-11.934517408433626,0.41109001363771014,150.2519020076219,3.3813214805058993,20.339965781439822,-88.53060914172003,89.24128804268697,494716.1558220425,0.06448012558491346,2.9788042996602946,-47.035379444216304,88.75751631398781,11085.167558050622,7.397380812764022,1.9737505860529343,2.995107947334694,12.082878250642162,9340.65868193992
raise_arms,sai,14_aug3,1.0271774187107725,0.1900029534473518,0.7321594329991731,2.168257307276466,709.3672933609699,0.001191772692343575,-0.0005543972094209546,-0.004833611448403472,0.3795324732543634,-2.544171584825222,10.87872855671397,17.324995380560217,-41.171285475102096,58.89519993790072,280468.4353155046,0.0034849776474892113,-0.09472928617227334,-0.053585121880436015,1.691108989004905,-40.73001526383726,6.323128914458165,2.0297907572434744,2.8545826778071905,10.968102685796067,4872.784983381752
raise_arms,sai,15_aug3,1.0514457789613953,0.23900891874251656,0.7169460657110798,3.3111457023846227,733.0185540571622,-0.0007340823823799664,-0.0068898391023577525,0.0076310821480856635,0.12866854222653534,-1.9044418626384407,5.7954960608123125,21.83922752924382,-41.66648997438525,61.05934358533668,308951.81331601506,-0.002888776770333684,-0.001331596747722965,-0.21746221496767706,0.8170638703602496,71.75937039232358,7.125562374515775,2.2835616515271173,3.0324673669882882,12.080962573985545,4644.674200834859
raise_arms,sai,16_aug3,1.0604830443885924,0.2278468886610663,0.6770571924953902,2.143266392234799,851.8334040078072,6.269966703007953e-05,-0.010613825892266743,-0.0738008655093534,0.2156388134596154,2.6759853996949814,2.6710637759203784,21.716145469907744,-40.52089593451911,58.85513730184842,329112.26163776405,-0.0005540549592125336,-0.005423748081962031,0.7082863704674518,-0.6080765051839067,-211.0374341030916,6.948570380956939,2.125453760675617,1.8793735463901482,12.913117569621917,5261.874735419702
raise_arms,sai,17_aug3,1.1043095194052104,0.25572887633378627,0.6938497682590932,2.4118144174322467,1566.9908567079228,-0.0011110746138832076,0.01225863009968641,-0.058423430195460375,0.014100530111167757,-0.9093974650472967,4.285804401781518,23.136935970486505,-42.8702458688701,55.59276675628822,716213.0371294755,0.0016052300059828306,0.05566261990806189,-0.07027684307482329,-0.3030972869956407,-20.190107936093344,7.328739594277029,2.1838215012570155,2.036026815546059,11.941171725950719,9664.049351660928
raise_arms,sai,18_aug3,1.0339570199692343,0.2623909496872187,0.6603462011333013,3.298334959185263,682.7475274092275,-0.0007452820342836119,-0.00187253166178144,0.023679893224226322,0.16972404214019696,-0.23025797411697363,6.790640221661951,18.718999778307662,-40.63118403007714,58.81532273995769,249676.00183569177,0.0039201713729313525,-0.0212977674632178,-0.04788790171667402,0.8952758822179393,269.57992609218763,5.320603479210883,1.7961069286992761,3.0460363718651497,10.877727985413465,3746.1191140813708
raise_arms,sai,19_aug3,1.0093081939814885,0.21208070021794703,0.6968278421590335,2.1803113784605106,539.9405476547078,0.0004480672445526178,-0.0026043470403407484,-0.038570590259468865,0.17483827149122322,0.8932415266672996,12.190972132249625,17.28098600059018,-22.558485879250586,54.6219245424209,221103.69776702565,-0.001635602774080983,0.017319652718206482,0.3680741199602258,0.021336408027049815,-1.7855002230781698,5.536686401178226,1.9258287360390454,1.9311620680933175,12.144228657684046,3095.6117811647046
raise_arms,sai,20_aug3,1.0461494927451227,0.49278018585748296,0.6965491446979818,8.961958307821153,712.7799300192737,0.04749619909172207,0.5772556407856627,-0.1394489662111294,9.463416642775996,178.9334840542268,11.633046460513844,17.33059224266587,-39.042880752329836,57.4474014775645,225848.8926595,0.24711790710702802,3.9671744752845957,-0.24638181682984062,81.03883801845697,7898.994877002944,6.3253703382803295,2.3839797252089405,2.058630285093685,11.073149360723153,3704.9899872036135
soli,sai,1_aug3,0.6624213850002625,0.4230383466605084,0.0941414145932358,1.6763966579236722,426.39020395380396,0.00012122301960670127,-0.007101557147640312,-0.02329232699070488,-0.25325633952145105,6.628407537789537,6.173737936496297,21.361224640919666,-67.70033533764699,70.41583505389204,371556.0827900037,-0.004648184670901517,0.09010168785450386,0.02245325550612298,0.4159215649616321,-143.481943381641,8.090051438606059,1.9675585803949522,3.940594514950112,13.096149817343377,6342.452697895386
soli,sai,2_aug3,0.5999877341523887,0.39187420133341444,0.08888377796829698,1.6482981391582188,296.0163740521503,-0.0005766801979396783,-0.006398320068277907,0.06971272402331641,-0.09133897720770089,-0.9546263598116007,6.657520723395979,24.042762544625344,-57.48386792628206,71.14507745208988,344293.08905243827,0.004160465796479362,0.0797341351695574,-0.2721873118790667,0.08408624296555708,67.29446521985692,8.339052112637944,1.7600914119582978,0.9969298115682297,12.029692889988118,4816.479012691553
soli,sai,3_aug3,0.6373356108119563,0.40725357260548767,0.08862288815931156,2.5810944945568335,511.9189014526781,0.0010536853845010644,0.0039784115429791905,-0.06922816331743598,-0.08225880071981875,2.9365368377348267,5.039291036719271,23.899587569069023,-65.31008392965674,69.12211999484596,477450.2179865171,-0.005756074467278088,0.045023150593511425,0.037296373084944746,0.6960013528612924,76.88032037392719,8.540169550296858,2.4924717286971587,2.9515782500024192,12.912974839989669,7824.84961410922
soli,sai,4_aug3,0.6855883962305751,0.42949335260069943,0.10091394723126736,1.553689929582251,728.0556165727797,-9.116852576751512e-05,-0.010175685303977404,0.0018529832314391967,-0.10674047929396514,-2.7709844325211686,-0.168483441548444,21.631600684300352,-64.36591530323582,69.98161489954946,528316.1693424942,-0.002973967060315775,0.1338126214291778,-0.25568752141446516,-1.1870422861300312,-73.38110965175808,9.355287625251355,1.9596722237562283,3.9318217295347835,13.862990670660917,10989.640053644176
soli,sai,5_aug3,0.6189683861904864,0.4007760887994608,0.08383400899046348,2.110188153157635,382.41600669507443,0.0014088244373157547,0.002667207754731033,0.002785162134528848,-0.12323796889034212,2.7622077747536626,1.1308231094018484,23.261423397858792,-40.23730109490271,69.12362838200097,360810.6850679914,0.0016550932110528543,0.005993845353567617,1.134437735961417,-0.4168444912868265,154.36374829852957,9.043392256536224,2.200399602237294,6.202681482575116,14.06510505870444,6263.439561536369
soli,sai,6_aug3,0.6396295798242237,0.40449461112255325,0.09005702846504507,1.866189414947635,449.6280920473844,-0.000634556701560347,0.005956945656470377,0.06847328058938058,-0.1152787447666668,2.5848488818719155,2.7323574542235285,22.390874176517723,-41.3650498957695,67.63106990342547,384342.19688721956,-0.0014539656228089567,-0.019299337279890652,1.0454302426691877,-0.3580775036293029,35.0646795064936,8.40387315150586,1.9730955703256736,4.020526120933313,11.977982717434857,6578.219761110271
soli,sai,7_aug3,0.6494427211416981,0.4232269407578029,0.0859679407203728,2.6812736670794743,421.47313295486816,-0.0012193898397085015,-0.0011446927230783248,0.05972625911975726,0.3037156298270002,-1.5346874942390998,0.980683202431171,23.55776370158854,-51.686486944592716,69.4027167007918,376062.96629746415,-0.005162508908661569,-0.014682207154148504,-0.14291279257247133,0.7743350053937256,117.17911919711733,9.48532252226022,2.573830215402872,3.9784281651058713,14.894183974804342,6887.395444694331
soli,sai,8_aug3,0.6240314912840761,0.3939265877250015,0.09406895154031022,1.5742201914583012,383.08618902312037,-0.0006075366915850137,-0.009584299397048742,-0.053807352753351044,0.27394790546020625,1.915086538517739,3.0818377825171317,22.764700128842875,-48.00734834665111,68.64651395424708,344133.68992845895,0.005259406018199981,0.014383335786335208,1.1209566650417686,1.9397010582819516,108.62841978884009,8.845701425355916,1.7942584818224803,5.99795205087796,12.950335002907616,6680.013744756427
soli,sai,9_aug3,0.6436420674583087,0.4373574588326106,0.08078941816179187,2.7754458415991126,323.7045257308225,-0.0009530783587045826,-0.0010203099736930722,0.06133106534607365,0.056581860694714485,-1.2055923038521894,2.478979920096783,24.74588963351932,-42.891313597661174,68.73456720687295,355449.9445335272,-0.003148607357168524,0.022321964586752042,0.3332499715076159,0.8436555864860672,-13.598602072505727,8.775290883667962,2.2863104268754673,3.057378278714571,12.999869678608077,5296.3548458502
soli,sai,10_aug3,0.7214685147470892,0.4614011946127428,0.08514957262149139,2.82411762490019,800.505204950082,0.0001682876769955639,-0.009264201198291805,-0.054429218882772766,0.05829831455263889,-0.6583236864845446,1.2213124000785998,22.563579114308236,-63.075625430551774,68.25572475063697,549856.0983762984,-0.0015650386055434148,0.03740650080339468,-0.508607560165153,-1.3658733237208172,-110.30333149481635,8.71911755076513,1.8683959940482746,4.062664465130507,16.072305348577746,9668.487692615556
soli,sai,11_aug3,0.6323262842655897,0.41920513693757905,0.08471390990335767,2.6607136035464625,427.62233976870743,0.0004042559916953677,0.00045576833161530217,-0.003252954346051965,-0.13613733885296322,-2.6454354098863897,1.8306703332597538,23.171490257821198,-47.290091546720234,68.5800458685187,366279.42857278965,-0.0044954155282926735,0.008660594418185046,-0.3819946086803238,1.027964705430475,-27.71011665612051,8.205124956008746,2.0050537719665273,3.960327672729416,13.91071537277163,6018.236712564988
soli,sai,12_aug3,0.63513984058428,0.3397923786224776,0.077005326156642,1.9574148381314898,510.4382506948054,-0.0003340618755076071,0.011268566274370229,-0.019340256745866164,-0.1411025279751787,-0.760254289323596,8.587379083588536,21.63879092680884,-40.24659621201665,70.40784204931401,487993.8842193533,0.005543929959473808,-0.06922096957666121,0.24754230711320532,0.3042992993306846,55.99197498104158,8.719122140212265,1.482860908861032,5.147347340681471,11.9621385282923,8298.556506447887
soli,sai,13_aug3,0.5226215073592396,0.3018804476679692,0.1023759301430076,1.4318829840747347,215.5218024394005,-0.0003986050826545956,-0.0008144608990072543,-0.08495752154997153,0.034373207434639445,1.1932735653757267,1.4968874231172182,23.361226348349803,-56.84030688067081,69.97724626153305,332597.2815369606,0.0008199540187360544,0.0527347924599841,0.7170585549719591,0.12835593681150137,-129.69275694022596,7.031233903518756,2.1048479328463197,1.9828414691297247,12.034545269240343,4478.890944490547
soli,sai,14_aug3,0.6442311362566495,0.4568376284621265,0.097904340264263,1.8163868768268019,383.9626522391723,2.666176083574968e-05,-0.00890732670995838,-0.04891017325843046,-0.053313483757928375,-1.385630614637903,2.2398383766766123,24.54321372348243,-44.91217370638503,69.3736533432834,353146.64868063864,0.0034613901593913794,0.018189896562090364,-0.3323321584590371,-0.2764457608222977,-117.97585735945246,8.560780176429557,2.0441771311608634,3.8703417297116003,13.003205251341358,5168.97297539643
soli,sai,15_aug3,0.6039169650400421,0.39813828123111233,0.08110845937906902,1.6678752695063064,322.4143120216754,4.450666643962303e-05,0.005164468571374747,-0.09791282804363725,0.29708878561593366,5.343603086614972,3.8746676498613963,24.142473187813426,-46.23178341479609,70.69907291653021,347831.37617673737,0.005100960822031398,-0.057042044914232634,-0.365043027183322,-0.08467541067893389,117.02187062410155,8.213893445170767,1.8810603720270769,1.898453831296863,10.8309028255751,4659.6698191633195
soli,sai,16_aug3,0.6448464330373177,0.44503657013069153,0.10245296358355448,1.8231012660539665,417.6424835613916,-0.0002951979358456917,0.010197315302747123,0.015165206402899251,0.08763135289461478,-0.19567928186897066,3.9603919093335413,22.879777291717087,-62.73205243972722,69.12669756250361,344887.73005398526,-0.003444225768075026,-0.04198736895458842,-0.7401218729563973,-0.7905865342222138,-106.22014203221241,8.080559349011855,1.8554019870825655,3.9421036156156566,12.994432752921075,5414.080379664471
soli,sai,17_aug3,0.8064391244396285,0.46410955249946184,0.08443805067211164,4.435415117931724,1174.9219473353123,0.00018849993185822265,0.019550420394628013,-0.0129983489638307,0.36750968617809493,-1.3237773369426338,7.226872424955953,21.375687500480456,-61.146722175540184,174.73855578471677,680781.2526203825,-0.016976585420122238,2.8499520851339297,-87.10108733816537,59.61471749862671,11144.121437204974,9.14881277705481,1.658087966496259,3.978848075956011,13.88532190762532,13209.00832445299
soli,sai,18_aug3,0.7249610741104,0.4920929020629486,0.08282256493288857,2.5535227216566048,564.1579571160371,0.00024699222880544337,-0.013875326007988506,0.03903653980835328,0.059523731213975264,1.9245483395348983,8.829784761996228,24.51385892292261,-43.56999417350178,68.18154040155723,487631.7833728863,0.0028426431307475115,-0.017336590934068283,-0.30948523418863466,2.316814086156443,78.90435682411777,10.16409868247181,1.855574573586403,5.0429039044744135,15.014192838906556,7956.515900463226
soli,sai,19_aug3,0.7235057594755294,0.4607107828053183,0.06690528102278824,2.749112723718718,415.210412325426,0.0014676800937970132,0.014370111575692682,-0.07622737775441507,-0.17914696556835535,-3.0629174839623072,12.747556616385383,20.900489889754684,-67.11716548863191,69.9211130129959,329445.18624455645,-0.0004411658905775571,-0.0384200370070795,-1.017968052696883,0.5110647044809337,-44.371624402999096,7.011211238115308,1.7776934970029052,1.0036693456065617,11.031340784185971,4376.793042846112
soli,sai,20_aug3,0.6742077377432467,0.45446977571023983,0.09843966920243621,1.8494398630525941,359.96328845887626,-0.00017722399212654745,0.03226916153635145,-0.09046022531194477,0.23639343902532967,-2.768169536074355,2.709224331258237,22.232612205284404,-47.657281039101996,70.678842771952,291296.6378693163,0.005472861829780663,-0.045517529278785475,-0.26173489464327077,1.7415096049995662,-21.13322370386944,7.29040333856376,1.9839428512515076,2.972704101306313,12.086100569033341,4605.643917128175
open_close_fist,sai,1_aug4,0.678113263489717,0.5835342590356691,0.054534756727182124,5.062505829807741,409.94080636232013,-0.00021506530703520037,0.011106111482514036,0.06955564337024123,0.14964062766778508,7.091306279538732,-5.800586449686129,31.204018702433185,-65.65688229286334,70.00900401523992,482513.6707954239,0.002137375061666528,-0.02357980989881643,-0.34901615737682423,-1.5045260506285927,-26.10936153916143,6.135038110628455,1.6637547998441093,1.0836355645473414,10.994414906527979,3304.5745089780457
open_close_fist,sai,2_aug4,0.7796306946909101,0.6635405521088469,0.08625492553504849,3.1685407721492385,504.52062632273464,5.955501121178273e-05,0.012419341731911174,-0.018170210530400674,-0.08151973851488369,3.8982817974884467,-2.395392407470225,27.583682704155592,-69.02137764727557,68.19476309005069,381363.2912635177,0.004039382306466364,-0.031067362938971513,-0.16560559963878146,-0.07458327704768329,-53.22060976191817,6.048472733992174,1.4013467805629674,3.0542220787407572,8.900133644098704,3160.001578327731
open_close_fist,sai,3_aug4,0.7442877096886372,0.7081800530785651,0.013582867208216467,7.831638266041873,455.7030045704732,0.05451288231800643,0.7156351261480997,-0.10516763736991312,10.02955022455105,220.11685288466722,-2.781949258691482,29.987638013130137,-69.64441428805866,88.37295313853755,399146.34102514933,0.29474517535944994,3.4555676899941257,0.8889860558759157,64.55081462623082,5240.380848890018,6.205195127853554,2.0218937819986063,2.9688077580660925,11.09971485187269,2852.6634672418922
open_close_fist,sai,4_aug4,0.73033865878492,0.5766148781400289,0.09099532762987475,3.7471536895055375,359.4431415514938,-0.0001883274629169611,-0.01565156618637917,-0.01330194036927994,-0.2122084312467313,1.447813158143818,1.3109260901036617,27.90863194321375,-69.86290272060805,66.7799195866578,329086.4052705384,0.0039841421978859095,-0.04754974489744195,0.30582920612706743,1.250949083576077,96.89212072552255,5.319729024410429,1.7586460266640425,1.0546028661109084,9.13092858226166,2361.5559053647
open_close_fist,sai,5_aug4,0.7489789449647143,0.6021268575256146,0.002367711801526086,7.816633834670052,583.3288041553373,0.038811226025743294,0.5944459816985171,0.06313112193693468,10.646242730727497,219.16761007210607,-3.703237323145432,29.045634212257802,-68.24852647001524,89.73258833810952,532488.1030367187,0.19273456502053385,2.9559387325710644,0.2687416131584465,62.9094775243754,5309.831897260549,5.9816421436407445,1.7042831151588038,0.894538762687468,9.902214866022947,3876.5981689793634
open_close_fist,sai,6_aug4,0.6660888439770515,0.5425704108856783,0.09417443491053577,4.101833310589382,322.6260948453986,0.0004142592858433605,-0.001094245597355176,0.002549875518207781,-0.13356544036122986,-2.2819829002413683,-8.653039711582354,29.447812724702366,-64.20252608060778,69.6086001419515,407181.8328810913,0.0025726898338803233,0.04506648835682123,-0.23963174597278422,0.3932907714177484,-185.7095960439804,6.638921671040419,1.448976177345513,4.063295243842386,11.125410642400173,2912.2151884942823
open_close_fist,sai,7_aug4,0.685024741847319,0.547279153662527,0.07241585667368053,3.4141742644855535,317.49241495404056,0.0007372696631349649,-0.02464120586110837,0.15829185932000198,0.06572437449635544,1.391780777411077,-5.11730828400963,30.342443155576973,-67.75397303819571,69.08039073706762,405557.65446483844,0.0012292724981661533,-0.003862961328429916,0.6567346366322407,-0.46818726797016935,-17.56931770788176,6.265448595494611,1.5427721466743254,2.9451369558540343,10.168651584994649,3034.426134775066
open_close_fist,sai,8_aug4,0.7098430208361233,0.5093701725679054,0.06953672671931604,3.677404748257868,339.53713413432865,0.00037379388991488194,-0.019139862799961882,-0.17130249105504838,-0.0579709870452236,-1.5831614838973609,-5.178135947629908,27.678801728402796,-66.87776205770673,69.7734967761896,328792.31009065546,0.0005047346914162715,0.025473834676262463,-0.5078208060462185,-0.29893473049221364,40.285491163932,6.250510894545498,1.877413330205451,1.9761318400131833,9.989083110464357,2626.995253758593
open_close_fist,sai,9_aug4,0.7867545513582841,0.6358678179755208,0.10515765599053035,3.493987772673704,404.21140442585306,-0.0008986899982888794,0.008506866173843573,0.13601930828131142,0.05260288868922676,8.650333070821798,-4.0203065548493635,30.631838118055,-68.19659020107653,67.5015473723748,365493.2217059754,0.0007689144006415579,-0.041977415286940906,-0.1545649514580759,-0.017717211769039936,-3.975064136706722,5.90170135635225,1.8069706419774898,3.0702677574928803,9.864755446465008,2626.5766156641403
open_close_fist,sai,10_aug4,0.7181158594517679,0.7121212417796989,0.08645550431857704,9.25911375777232,450.4938130626121,0.04606230619410021,0.5893675299712282,-0.22265421279764802,9.28466072351605,144.98761778959383,-2.7890717737447455,29.765099291076897,-67.3357112104298,67.59386152025755,359436.3018034755,0.11814927264551471,1.9016605358274696,-0.15896544828082596,34.53953174213143,1259.6727441108449,5.803036506304807,2.333285999244855,1.0362461024721525,11.861991806940107,2590.5304833906084
open_close_fist,sai,11_aug4,0.7862250840350399,0.7859311929324567,0.07613420595252074,9.058687892342457,447.22217836633484,0.03329028869510915,0.5112629417926879,-0.0440202022726849,9.547159974923668,97.56820257019145,0.1420034675456248,32.89829906063642,-67.89844673677077,70.53790760255806,413381.24016651005,0.09283247995069062,1.7914057493422686,-0.02808494911905221,33.88818311231195,1073.6719099239554,5.94212358411083,2.047137679843303,1.9478946090456326,9.991244763277551,2350.8977597755716
open_close_fist,sai,12_aug4,0.6773102671060905,0.5339171441272649,0.08218294740282796,3.34523395285834,341.03737887911734,0.0003819791975469317,0.008069084484914248,0.11389355594855156,0.05127532576408336,0.14999244705718426,-8.45922761332997,34.40592475551555,-66.91699563289069,68.49127596950662,635859.0196640682,0.002737190788513195,0.030126553998856824,-0.1429652377509308,-0.8920216543439758,-184.63009550587915,7.3193215760365815,2.153329569706303,3.0702986660206033,12.96309794164218,4004.3284748672604
open_close_fist,sai,13_aug4,0.7058780017330123,0.5143516717782144,0.07961386790810786,3.535625962040901,358.0042898262169,0.020158452189892092,0.43790556778313056,-0.008744561365523368,9.512147111864996,85.67127973041195,-10.73548999060847,30.987108917289984,-68.07341712801102,70.30257717503598,514636.9700324038,0.0010454589060546306,0.06766723178397821,0.5408638902177324,0.03660516831211761,-209.6727534395114,7.2012356798888275,2.0108902313719894,3.12360157017088,11.840839553215721,3486.998690748623
open_close_fist,sai,14_aug4,0.7567220356241878,0.5865359429023937,0.10170250136470017,3.918952253703704,306.81394109236305,-0.0008189984948430633,-0.0016296689601081073,0.11618880810024987,-0.21331547847874488,-6.934445916994232,-0.8014356402960303,30.044953966774457,-68.61430115155895,69.75759145011082,345472.3051317879,0.007466326059203093,-0.12031198053452624,-0.6577112632994853,1.4539952809593035,-78.47295599355968,5.633397642616868,1.6721240409293012,1.9777717755923097,9.865821631268172,2379.379418762488
open_close_fist,sai,15_aug4,0.6255451967844117,0.4818571024076071,0.1079855937317841,1.9584098876188865,248.51085664954198,1.025754708183711e-05,0.00959149670634332,0.09018702959568975,-0.17521527920828298,-1.805791148843544,-2.3742957695703364,27.838047880812013,-68.78348416859438,67.1001232538025,288954.8373656765,-0.002399047328323633,-0.002935263552499731,-0.5391360720672442,-0.44083897899086255,21.61477334868909,5.8104079866325185,2.2432101817737813,1.1191651796893185,11.071912285113658,2551.615109927806
open_close_fist,sai,16_aug4,0.6668574860755889,0.3751964061059278,0.09313068385428465,1.9332825197229366,281.39379997743316,-0.0006114160983953649,-0.0021826786129358713,-0.027995641959341983,-0.05633720291346259,-0.9838675864777782,-3.510128112596016,29.31629286451847,-55.645055798581,68.0774513008469,407613.93670338136,-0.005957715985110627,0.024407165571372205,0.17728199922045787,-1.0667796098613693,-45.518905793736195,6.197304903408789,1.2795748187737044,3.021224266310525,10.050125221672342,3038.0806965337783
open_close_fist,sai,17_aug4,0.6905428481177581,0.5065705752080574,0.09515355935741278,3.7634371830786395,363.2213190134946,-1.6046642610423687e-06,-0.018821113573102958,-0.024356833147659226,0.12885770270307603,5.9616435426801555,-5.990029191492644,26.12504897783161,-64.00058696015961,66.80781037476194,342328.52001182333,0.001976440942949693,0.02276501414383183,0.5116300540656392,-0.26996997568302,13.994158243559555,6.752222455912163,1.5387830800614821,3.980185775137463,10.082999986247094,3558.790655854935
open_close_fist,sai,18_aug4,0.6870250333792276,0.49028663661976174,0.07258714049659168,3.8163625035296884,321.9962713214827,-0.0008396334029518801,-7.376913620157165e-05,-0.09662946467831458,0.07262085596388418,-0.5449706999103532,-4.272224301219149,31.895218927446866,-68.14442227931173,67.48465757185731,516455.78979657165,0.003832069861503063,0.0042745276315508856,-0.1452754974434884,1.061185851820749,11.964460926487735,6.508485885082226,2.1211461677943917,0.9622425627254173,11.078885792179502,3531.016009521162
open_close_fist,sai,19_aug4,0.674041597469862,0.6192851265168164,0.07375588205828612,8.977177659621681,398.36727087686023,0.05501694088491943,0.6292001011302294,0.12293621581496572,9.618847170101219,177.0976534852569,-12.745729045489597,28.54355083702981,-66.99311167715972,67.67898751857685,443503.6332193052,0.2855536015726341,4.157557113738864,0.05493377066616242,79.23435187198903,8092.705874329741,6.037196087849595,2.1835939592290767,2.0098787325457272,11.799985690480586,3020.5177946601034
open_close_fist,sai,20_aug4,0.6195114924866613,0.39179205089838937,0.10380178851026108,1.765312174815574,201.0276014568241,0.0007120867755839561,-0.004754675404906434,-0.03631863165819742,-0.29380146446785366,-1.1818964832367893,0.15144829215682246,25.051298095082377,-65.86314375880904,68.1682801612582,204863.86600064617,-0.0020980394266596337,0.020887413008528304,-0.09913992504189302,1.586377187404788,100.09169544099247,4.628376142575322,2.0141642657230077,1.0512715045201904,8.886495500634542,1684.2032586515056
palm_up_down,sai,1_aug4,0.6335765990213839,0.34453049526675855,0.08078778110631173,2.8995424264766547,236.64718145734443,0.0005143875273821272,0.002147814841415784,-0.0710450788401842,0.07010166679204387,4.303358033358786,1.6237762409217948,20.505113460248914,-55.73427268151439,68.59650164185834,202098.57187605702,0.0001220599797468344,-0.017056187224583637,-0.34759114709527256,0.16790191261960496,-190.45105377074827,6.363244202915256,1.9336354520363357,1.944725599825561,11.07840793181595,3649.762285487667
palm_up_down,sai,2_aug4,0.674393339022952,0.36995929364583185,0.09852122087636807,2.4490758758229645,326.5025039042694,-0.0006088929308462075,-0.004299777799455315,0.005390966943605774,-0.005484151699781312,1.978931702821243,6.26722862259771,23.84986245562836,-67.91286949430885,68.57227601147144,335829.3211287736,0.0021767330452758466,-0.013859675038422043,-0.628094477754022,1.0476322115675794,71.13372959767712,8.027076655697288,2.3170013788510455,2.919725193437855,15.93612379035604,4750.360265744436
palm_up_down,sai,3_aug4,0.7269615378740549,0.6957928398936556,0.014878840044356178,7.744428162321874,511.5881417524707,0.05831693115683199,0.6921871478317219,-0.05104295081451853,10.576866548358751,254.9746468916003,5.629794884268547,24.440655692186134,-65.47913803611316,89.8518262037193,345876.83187387243,0.30114638782395275,3.7497202983844917,-16.28125929290724,62.872095062223416,7456.298670338248,7.073226438049123,2.583370002573737,1.9747895267820668,13.840850480558794,4047.749626436602
palm_up_down,sai,4_aug4,0.6454217141257202,0.2943092059486956,0.08469638483639658,2.7292332826699783,202.27332584690222,-0.0006771942723951558,0.003151471259626962,-0.056686787736397425,-0.26554126531870903,-2.5335949068096357,6.437731426216548,21.331219269435287,-68.56939908019265,70.78647663687897,252742.0793956826,0.0011650487134296664,-0.03754557032316536,0.8490696412239876,-1.067197562642833,-42.06917029221752,6.786414688476097,2.1803290303671425,1.0121671148733176,11.826982861544614,3590.980581982916
palm_up_down,sai,5_aug4,0.7023980829089491,0.3164764147309826,0.10572409085206033,2.8670209305889105,381.4492564771527,-0.00010409530360407836,-0.011077091404586013,0.009406826174394778,0.07333693300150312,-2.102180384837729,3.9150174431094737,23.99280400872838,-60.546841752212565,68.98590105165378,368606.39472921006,0.003982042626599267,0.06415887271275267,0.912179208578504,0.09667609919249501,14.734299825912105,7.578683253574981,2.2961243817977066,3.1207689028263457,12.88506754382157,5069.484919643358
palm_up_down,sai,6_aug4,0.6898210685484786,0.39688278139959726,0.07858947492683602,2.6476770100870235,320.891222312971,-0.0012996904670654218,-0.012486441436456514,-0.005772201651165761,0.046513516253486535,-1.8041112650946522,5.115704834633734,22.813451704694476,-64.40897556320172,68.11447565563853,262905.1925968398,0.003312658825822001,-0.002069217175438845,0.6323827161502572,0.9306763957080231,99.8232676622344,6.2515259047906335,1.855693144493107,3.0188882356609756,10.896726698412712,3147.8965252132834
palm_up_down,sai,7_aug4,0.7480247494809625,0.4063518441421973,0.11698613479607517,2.6341309517950653,401.36717950364573,0.016767179364586278,0.39274094980786767,0.07721955606614166,9.18988016686399,91.79811805542994,5.201355249822865,23.3461627413529,-64.42590993907828,70.11358455156737,361138.0929921466,-0.0017994862391211566,0.008033198202716224,-0.6527204629349854,1.2643189239082815,33.5684508209929,6.966659493338678,1.7762074979167464,4.034237021300344,12.0835505379889,4299.311882815778
palm_up_down,sai,8_aug4,0.7178653444402632,0.34493166152623295,0.10484794165611012,2.683244637782751,445.0691933060384,0.0009989001933202323,0.0006716526231896496,-0.01010815188020248,0.0030427376257032143,-5.430572837607527,4.040236334535801,19.502863917270655,-66.49608738497234,66.47581783224975,274922.38407992705,-0.0004797558214710915,0.0032961164634539622,0.016270369416386415,1.062270480915686,80.83865048672578,6.542059879302503,1.9230333226366532,2.9245787665722114,12.056878852658047,5018.109297430508
palm_up_down,sai,9_aug4,0.7059207882553515,0.4586350925224144,0.08809747956966428,2.669949835821731,380.31134638747824,5.738518159448972e-06,-0.007439837155085049,-0.08502406418381053,-0.12269047653290417,0.9254020361636384,1.2399954171918686,22.162385233708445,-50.10864725747325,68.64075683942075,269629.2582880062,-0.0029504804587376027,-0.014575186027154654,0.33554521786638325,1.7148187764987148,104.346268511043,6.7725803545593415,2.4237684327498923,3.0345545061698114,14.979242514468165,4311.767687212079
palm_up_down,sai,10_aug4,0.657766376110714,0.3980816991172798,0.09176529989020574,3.594864912925151,270.33846908040715,0.000525233438213709,0.003341852704381461,0.04178337644153369,0.08047347315281349,-1.980663815328252,1.934777615583887,23.11644961746886,-59.510454879047906,69.27621093503572,291112.08255140606,0.0020500226540581283,0.07524641161280642,0.3276894251222073,0.5301797587139125,84.71181350959206,7.23511551578772,2.26879248349465,0.9439005028863993,12.932422276837611,4332.718712999854
palm_up_down,sai,11_aug4,0.6765332247115767,0.598337537995325,-0.02034921633914101,7.666063287587901,444.5699712298003,0.0533439027117287,0.6743694964448166,-0.07286255642901063,10.425738220909363,250.7939035979056,-1.1187777904876157,26.91600621137532,-68.65302746801538,89.19463011556573,385616.47776659246,0.28791950341967276,3.7829832684573845,-16.14801271243575,64.68901150560055,7695.641206223608,7.291857257592499,2.27454116121651,3.9451424523614667,14.062243935939481,4358.090102772156
palm_up_down,sai,12_aug4,0.6763935655871842,0.35343446428763214,0.09072006690243564,2.690913451146212,311.6703325551332,-0.00028111144229053965,-0.0066469567459487506,-0.06823986535319088,-0.15693663786756262,-1.8790322170667586,-3.993377273375509,28.068643924054214,-63.909532028228924,69.62666843791851,428029.8680122766,-0.0025625503284292125,-0.01370136982844439,0.4774988789003607,-0.08083215601148762,-78.06385640861626,6.896668886274329,1.8616654890185,3.160121012498599,11.990482575428643,4054.975917642261
palm_up_down,sai,13_aug4,0.7074991233345415,0.3677344957532314,0.0768750471826019,2.6672706839054343,306.06462012430774,-0.0004297696512804701,0.002876697298766709,-0.08422339780136795,0.045038895369280005,3.180676459589009,5.641072173149565,24.241542344921108,-65.93389974921048,68.3347978526824,330594.5512024958,0.0008868748759595309,0.035633942664824704,0.15369334529708503,0.3277638676244814,-21.955197929697842,7.260234840958053,2.5658855376785925,1.970625465214118,14.18046176550999,4059.8805219768865
palm_up_down,sai,14_aug4,0.6951051053718136,0.29120016051048114,0.06617489107425743,2.5861333223483416,415.2191336061703,0.0016258218100764507,0.003186951185739668,-0.023070643292720596,-0.14246986510756424,-2.3660493538645126,-2.8445175046689393,22.900468007339487,-55.098847858183824,66.92631957938241,401371.6102936724,-0.006341973406120291,-0.034238962973941967,0.6951362203316448,1.1826788991902248,18.932326281928578,6.2541195435282075,2.172892340637612,1.0597701110342874,11.076878565952647,5095.79839446173
palm_up_down,sai,15_aug4,0.7349092747598184,0.4731802279518117,0.067259005904217,2.7759342062258576,247.82168773222168,0.0002405392910063777,-0.005968745583354445,0.012971257394258025,-0.11769609635305496,-2.8975996154736725,7.253503998376224,20.113904363938527,-36.81509507589876,68.677557060715,164856.29886736095,-0.0031288459080915407,0.0110825980962966,0.6903667231653731,1.3151998291183973,74.12790969013857,6.407755686771056,1.933046116927439,2.967063366620576,12.084915465530669,2306.7013968527185
palm_up_down,sai,16_aug4,0.6774445811203249,0.14408447095251106,0.1432821001077618,1.7750099703210052,132.6742231434892,0.0006109933441883967,-0.027393556153488218,-0.05628452034053636,0.2529256144350335,-6.105467778975819,12.331279892156907,17.224123227806118,-55.03449870019895,51.92547149931952,111990.67278029835,-0.004187800327799433,-0.09180078348758192,0.41746284287658136,-0.09921577598391414,36.142039590255344,5.131042334365687,1.5432634853566183,1.9729345701471406,8.042042674970055,1377.9693827314293
palm_up_down,sai,17_aug4,0.7817797747922517,0.5358161402955519,0.0964260257071148,2.8696579256826826,443.31950641045773,-0.00046940273387070195,-0.00033918888233218695,-0.030197860379773737,0.1300707244518235,1.936841736579426,10.529405856826655,22.199662015743165,-60.55889440644444,69.58804299491862,288349.52650551504,-0.002559636298346858,0.013909416829257906,-0.015843026175257843,-1.0832082221982549,57.53559470792619,5.96358512419742,2.015409357130865,0.8945730025949005,12.988662570677004,3314.4782213541375
palm_up_down,sai,18_aug4,0.6940547493325693,0.4238488949161021,0.08576608992471751,2.95862233414664,477.67451850239956,0.000304396143579759,0.019773137857272898,-0.09191735252524662,0.1477281695226362,0.9685729022958465,10.053360416677311,22.38152717220155,-65.03430691202014,68.16305492949806,436940.22831910086,-0.0040290483609768096,-0.0025185242845744164,0.5251739488059788,-0.8489709514832631,139.29135192806552,5.776196992051748,2.031207257733822,1.1213842985386262,13.039484575412521,4946.321660639769
palm_up_down,sai,19_aug4,0.773737187900642,0.5001552961265736,0.08287182672357274,2.6156572802582696,720.0202664694115,0.00037077687991570363,0.00022947922556922572,-0.05813311389385824,-0.036596658270368086,-1.2592736009504506,4.27429450924764,20.024234756466914,-53.87630777856914,69.43801857164902,361373.62622253195,0.004791891053972261,0.004521370523862445,-0.6620165490851303,-0.29665669453175064,169.4881442007807,6.776406147178804,1.8673932749339894,2.1473766100969365,12.045227487227686,6705.362108200573
palm_up_down,sai,20_aug4,0.6712498820056869,0.45525279952269615,0.0926656874030507,2.7902659105421854,425.58191205521,-0.00015261388277448918,-0.01860746880583836,0.12033686006904563,-0.2431105527543505,-3.7282144165552054,1.7707576185489884,23.046140578968856,-59.08223686697571,68.0741476805511,358798.2948950198,0.0038707708414050706,-0.07590044228369272,-0.47504181662190154,0.7948686379747081,40.929075894717975,6.358211215933497,2.139596987690814,0.9529270980938319,11.820824004076915,4298.487563041468
pull,sai,1_aug4,0.9304953176535727,0.45184127861378803,0.3210488668203856,4.689659562631343,612.858208677917,-0.00022587666175244954,0.009924010446350218,-0.1021001767901139,0.05061648784749494,-2.331012409944434,-5.937682040356979,27.023370293042007,-59.14892077668037,65.60166208269321,456434.51253066945,0.0007451834551272335,0.032958775350899285,-1.1657661903721046,0.15489088237995152,-40.869541185048,7.836518768009354,1.7081747513841845,3.9231291089860885,13.887580653522381,5099.471148455256
pull,sai,3_aug4,0.9017070522480282,0.43115208924264203,0.3048171782191781,1.4562529153864001,671.997108525108,0.0007893871929560563,0.0033170734573018936,-0.00821534109234577,-0.011198487098338771,-3.276072719864949,-4.942134902342733,25.24635055134909,-52.274141324631046,54.84260486249979,435272.1145071767,-0.005308913586736705,-0.014282836736152193,0.6767483347459022,2.0068026483186365,-53.68147607793863,8.284637805124762,1.6040704404985586,5.005307475975157,11.955261452092738,5698.718330786532
pull,sai,4_aug4,1.0439716657179305,0.5758148912273648,0.046822048470082304,5.763349318452132,1800.9820967256865,0.021541002974645306,0.3481606974766913,-0.1695621964634292,6.493626612440597,160.3737444017677,6.576734842158935,21.47629362757589,-91.07388856074763,179.59398119922878,674462.5506648617,0.024532225403215608,2.2628526834440863,-40.88378374480657,69.2832604503663,6493.696718683765,8.798637745350062,1.863042067179708,4.109939871818129,13.94477325376028,12124.109932945392
pull,sai,6_aug4,1.0246469521478307,0.5394936723551136,0.30064175035577856,2.6060495392065754,1053.2611346791866,-0.0003555997184741279,-0.0023474425099813297,-0.019768825772931164,0.01214409087674382,-3.2464855018573266,2.6551628716605116,26.045050638409823,-67.62661121626233,69.65805517905362,566172.5363117196,0.001894200411369467,0.012799690975228869,0.01855682817655111,-0.5844485316502291,-34.91511081127695,8.133388375835358,1.595750661631077,5.05073987229555,12.879302753346051,7055.310477535796
pull,sai,8_aug4,1.0300538103296568,0.5344261149850814,0.3103164866197715,2.674717944258556,952.5653650344692,-0.0005412015288169704,-0.002534615684264973,-0.012588509906105886,-0.08005739295568956,-2.877513145835885,4.388033683592898,26.900919075517546,-46.62323937037372,67.55417960382232,561900.7386834165,0.0026829748211850742,0.026916942708373852,0.44241498966230564,0.6084861712266793,-93.91538518574905,8.407081454912657,1.3679513338623916,3.9227883211824195,11.97335947286903,6290.802237120065
pull,sai,9_aug4,1.2227619495920252,0.7064518051692859,0.09500015194810707,2.6838041412739413,1438.3194965721145,0.0006809471557231884,-0.007583513719545331,-0.06168465882016605,0.2944481452477528,-0.6747527990634608,11.163467928849567,28.090028929018306,-46.876984505358465,66.30441044840578,662278.8832208472,0.0031459121815539514,0.004744216873093968,0.4795806086527015,-1.6408988864558147,142.36852956875558,8.955183608300523,1.8782152663495195,4.974518032591189,13.972683117503486,6740.096456221612
pull,sai,11_aug4,1.036832066046338,0.5359785029462667,-0.0008251857174310381,5.33150759602209,1741.0801265171583,-0.007295811757121377,0.35493419829698886,-11.911921733824586,1.282042423746721,143.0527718305306,-1.5434204136459715,23.624442680205913,-90.27927155004585,144.78355802591858,742661.6992145685,0.03704500943119203,2.1675474094348117,-45.1343857288774,48.67138070608707,5690.431653678286,8.278789921836447,1.960770412135746,2.000465211556671,15.121799921637944,11232.497292901078
pull,sai,13_aug4,1.0040665933684119,0.43487566320545396,0.38332009095526715,2.534470926657499,835.937694077816,-0.00029335707984839884,-0.0027264973448557625,0.053034505907964505,0.18843769143030684,4.673996535510093,-1.6727525270501913,21.066334676212858,-62.36321916989807,64.31772819952282,312468.31267444865,-0.0010853911323627594,-0.07602580263414893,-0.4547865261116079,-0.5185288132029567,28.01431803488413,8.625835220902443,1.8306996178936008,3.8947596684021644,13.92243255726968,6422.948012121229
pull,sai,15_aug4,1.2837184532962373,0.6978893714492923,0.0966818849889895,2.874684737801497,2594.3364739802346,0.000697651473058521,-0.012082737858246921,0.0756914157839714,-0.4961525542965495,0.82652190549842,14.162623623653744,27.523393584470135,-68.06740628215513,67.02684308930903,1179511.8082664888,0.0017469254473167317,0.03789322478155003,0.1818435300617127,-3.7319634279229272,25.793929048771652,10.628095060707063,1.8740360943963619,3.050642701619305,15.024616111798503,13558.858831395964
pull,sai,17_aug4,1.3047143614365866,0.7220702304924579,0.3103335578329535,2.683287609729874,1634.3976608472562,0.0010479285723472653,0.0202961678379154,0.1011460977301639,-0.16341004087149769,4.200940357340086,14.636953330681811,28.243844104442886,-57.63316817667685,64.55651267135859,735749.2627355639,0.0014356511875555564,-0.07582621058951172,0.30505124577695236,-1.755129294940567,185.38223293462207,9.246531054579682,1.8002562720043964,4.971934745216369,13.029800538375989,7151.553427338131
pull,sai,18_aug4,1.2878222731265334,0.6811041481892189,0.061538081050215174,2.4212633221527033,1787.8697836889014,0.00033522609702834,0.012610120727620786,-0.06494961554343258,0.04842480230010454,-2.7946562154744634,12.346751532574812,28.521319076246613,-49.19691937096788,68.14277310605452,833369.6866883192,-0.0012653141881762665,0.033693839831992235,-0.5379296638462027,0.4696885428617316,-83.56445382674718,9.276615386317186,2.115151147287845,2.9865521625854488,13.895836766027733,8286.652441817156
pull,sai,20_aug4,1.358749038104771,0.7173607941364034,0.08704695759474179,2.8460836668852973,1437.691076862445,-0.00010452302992122171,0.0022599722800191986,-0.0029503982737835704,0.1776942713416992,-0.7513613256556024,14.884965627229416,31.689362427146314,-46.41071204520573,69.36300037375278,712693.0167234138,0.003391615542035632,-0.030480437668454506,0.07483082657596919,-0.1983394810583646,98.64423709562875,9.576338928724459,2.1822941425695905,5.0339536897877615,14.993334188733913,5670.382714448506
pull,sai,21_aug4,1.1429783300221712,0.508360125390035,0.08980677974155173,4.806991850846566,1558.1326471273144,0.0004402960108603204,-0.003962007579537435,0.0838063334310397,0.06066404673444942,-1.2185235435862476,-2.3469954694374264,25.191166323991972,-43.75576109662128,69.0028470531885,658211.8769948756,-0.0016062898805241793,0.038645575944460185,0.3810775602206337,-0.36489926999439776,61.20144180824236,10.100904511459627,2.1773868256926763,3.8914287802602607,15.051516172637275,10756.484970056325
pull,sai,23_aug4,1.0996765462550808,0.554478204491805,0.3858682713737372,2.472448662802671,1146.2054152454416,0.0007954455930867257,0.003543828720895271,-0.07816110459832061,0.14088381832654087,-3.1102880348067163,-0.6440789384865583,25.854333392044254,-39.497551616352304,67.6634853066135,529035.8755773535,0.0036135820934230355,0.019541547636926178,-0.26533960665289225,0.6106624515482607,-73.69226227836916,9.243047719318628,1.5435181360223682,6.094984184841208,13.897288720024635,7466.484705437949
pull,sai,25_aug4,1.25710221247849,0.7205162091125138,0.0711838186524354,3.3364868997519244,1153.2007758847824,-0.0005362874130997099,-0.0012177994153715265,-0.018395410383715692,-0.09181635417167357,-0.10620336690634129,6.368865740015828,32.238214549712204,-41.11423183130989,67.61284994479551,601783.8991195116,0.0011420006045578799,-0.05780661153396888,-0.4123079344714641,0.46259001540673506,-21.226781114054237,10.766765273312025,1.6447759570062261,6.989763342996175,13.85214488098909,5879.185521032476
pull,sai,27_aug4,1.075175896223577,0.5638020980985139,0.07576442406899532,2.585058601579801,1022.9290804178083,-0.0002875930399140929,-0.005506864193704455,-0.05884524483936083,-0.02193017245544412,4.435530597019577,-0.9491297637478653,27.580760827113554,-40.07164139438901,70.19364437071657,555355.0247960107,0.006176644938423631,-0.06893196256259149,-1.1208486657170298,-1.281533213941986,104.0447672605579,9.427078367704006,1.8587139252551514,3.985936900916978,14.043829196041955,6743.417203077863
pull,sai,28_aug4,1.1676765685629438,0.6033246638344962,0.10526746148685472,2.440861564163806,1280.9558152004672,-0.00010437313725187053,-0.0057896434199088045,0.10880445118717179,0.04771741471602852,3.6497047778537652,0.7251050952850008,29.334349058594935,-48.70541756963445,68.12649868811683,625719.1643357606,0.0015910360025031005,-0.07429968291732555,-0.09319070875824384,1.0316886745782698,-83.44707583821429,10.50461903885289,1.4903664161300962,7.928557684497837,16.168282499283535,8003.783456956937
pull,sai,29_aug4,1.2545261578232503,0.6617232738484536,0.08457486089913178,2.512355361719014,2219.872958396649,-0.00036007399360698844,-0.0004172371345000394,-0.08507690498620042,-0.018113043597884137,-1.831726323655946,4.79688774235139,32.224312327183796,-58.960805465532125,69.16177775909237,1170498.0992830794,0.00038641550344964263,0.1026967864492963,0.6040572563128759,-1.454678554229733,216.12822681274864,10.64831507340221,1.4027011117090333,6.966063869700753,13.047334263493187,11842.299454721877
push,sai,1_aug4,0.9342733765809891,0.3627631035927957,0.43305569341629085,1.8268292513866309,632.3100772248755,-0.0005096868746105455,0.006706927927123752,0.0053444338048596225,-0.11328476278139171,1.4205185422204423,-3.656077876709939,26.834460456893396,-61.08306837886415,52.54858123793713,506501.6028131624,0.009813599982957432,0.04705868986858223,-0.6316619118767233,0.9901297964924555,196.37219649359426,7.545318188666362,1.4545289904711145,5.056278178810977,10.009233326363416,5317.785047872856
push,sai,3_aug4,0.9428597039836336,0.5426506235859467,0.13819488408580946,4.915344981324456,925.7568801537077,0.00016774468650503438,-0.0045254357844268294,0.1783543797828512,0.20735368056907585,-3.6331506818189188,-1.2465332120516694,25.60937696863123,-51.19240616052311,59.61175956163811,495034.9581065061,-0.0019030698614468187,-0.0821993668645762,-0.030114013532120527,0.12962756584578503,98.11979797409289,8.569164511230738,1.486174278281631,3.9699808178680627,13.005655871024949,6561.505572870961
push,sai,5_aug4,0.9668367320670334,0.4832266784661782,0.49351748294994024,4.717969562509416,710.2666531927555,-6.102748591562944e-05,0.021477568659683866,-0.14136805019625032,0.07434359331431906,1.0291090854321971,-4.313314277061393,25.528270863466833,-42.86138157115273,62.87731860493669,420890.69103023905,0.0016232733024635236,0.059678437016820164,-0.793165865856513,0.2385678600770626,136.19170551906774,8.156990730847623,1.5786912121213001,5.010895105974315,12.943975085647656,5416.9810438997665
push,sai,7_aug4,0.953711596023216,0.4147208125114595,0.3396413344543501,3.012178039348568,799.5677708429254,0.0003184308880190625,0.002806446068838712,0.018132384109234408,0.08691317513956263,0.5423287543063444,-0.6824335032603279,19.952141171344554,-50.38628196710045,65.63991267269716,300713.64590193063,0.002792267298081343,0.02701942294897447,0.05565110257273482,-1.064320777835872,93.51389096542094,8.157286347620067,1.4721849703882308,3.9656734695499605,10.735528661054701,6089.765033226155
push,sai,9_aug4,0.8960165488710482,0.4301639694466772,0.23047249809453954,2.6434098481894246,612.5374426045397,-4.402553494378765e-05,-0.004245350358106672,-0.03303312904108644,-0.0264850042711208,1.7970596027383134,3.5039531958431276,19.3709163707211,-53.152761459770474,64.17688685813506,263867.3516947799,-0.0024058934186622772,0.0019509533116529984,-0.03544132586686737,-1.0387128955456353,-123.27344389014846,8.083629495745281,1.609336599507109,5.137331711613625,13.115343466978912,5586.474802161757
push,sai,10_aug4,0.9253092857162373,0.38612195720584247,0.416297807414826,2.683319202593046,538.6404061495937,0.0006244391716760839,0.013239848572104272,0.05741836410700507,-0.06860546757715162,0.18407582128812913,-2.7946799971572167,25.717370078300814,-55.652789359081474,61.851047858388796,367719.2172834058,0.002516944363344339,-0.004782177485723467,0.07152758276809176,3.019361217430826,86.8105855721038,9.141094436023485,1.5107365923459277,6.926462094140686,13.952883432946884,5337.065736021279
push,sai,12_aug4,0.9310741019224864,0.44583876191620436,0.24145407040427586,2.3419568661952965,663.4589511375557,0.0008965051172909762,-0.011797913840663388,0.08133212201125285,-0.08838075350865268,2.3072945965393137,-2.7926369930514876,26.128264286844622,-53.22111620503466,67.31400508456352,410660.0753841615,0.001159938553871442,0.029446425633535923,0.21068886522394698,0.05918969310046518,58.4398028135509,9.127265796568512,1.7699396903846554,5.0507352150422875,14.956055078342775,5626.939066921641
push,sai,14_aug4,1.02917337446516,0.6518369611424181,0.40991569682835566,4.909673173510208,1922.5684710463058,0.00010559033743528831,-0.0003991991892306712,0.01490208319987066,0.04220499593510091,-4.052890448861366,-5.66451839367814,25.760509735449176,-49.74422432540857,68.52236171032027,894053.7553822623,0.0016811769453132042,-0.03042232108023908,-0.2224512411297842,-0.9980840186167442,92.08315022209052,8.747502993754356,1.5361971888392623,5.797652793243204,15.116410274606904,11698.603925896516
push,sai,16_aug4,0.9352347599787337,0.45674937802817056,0.18182976233152603,2.629009738207708,709.5911788242803,-0.00042157274070680426,-0.0010726621368914527,-0.0021109192287253435,0.048512416945291036,-2.0922130444475173,1.1492326741153103,22.237930362089024,-49.02523135227039,69.51042993209236,315369.2751137966,0.00033162657477770835,0.0061586115092889925,0.2440257936985114,-0.750845553651545,-41.45299751592429,8.834807050120284,1.834486123954242,5.165711279333749,16.864742222263892,5689.445517713172
push,sai,18_aug4,1.005641033803928,0.5130846487281951,0.08321889248796074,2.6982177657958024,967.4067765995659,-0.0006723142039100354,0.0027540867198743925,-0.11786481747809986,0.13525507439251908,5.690415090878999,1.0520443834858577,26.546455536899106,-56.43773438821498,68.95826703344952,540776.1536717903,-0.0032780991129873825,-0.0009528943534789612,0.20754530664755289,0.029403700321247558,-148.28002942706613,8.941439289210196,1.8968582959608373,3.987126088148551,13.104917236686635,7244.303172253445
push,sai,19_aug4,1.0268427033419933,0.590790202250848,0.07746979646086254,2.625785001059606,926.9334735866789,-0.00028832999834874063,-0.02066390080916304,-0.009348643509748948,-0.4292629613562919,-0.16790113570187798,0.06890489067095784,28.623775497979413,-66.91454035559175,62.54304597216785,543551.7440006518,-0.0029142899205668966,0.07328235272495467,0.1693017530468844,0.43946786243428454,-92.12352631752393,8.620501452194015,1.9144269141764254,4.941066298394305,13.878766994497681,5851.77792753514
push,sai,21_aug4,0.9484197271155534,0.45057219015421407,0.17226280037067418,2.70857248958395,917.1069196185601,0.0004515069025263811,0.023957964211311574,-0.12078883366231459,-0.048007341370382886,3.031870001635091,-5.4552607844956365,25.14519806780322,-59.356979934549095,60.37984728295892,574262.2698521614,-0.003085952047175756,-0.014483792390472431,0.5112632107794767,0.6408301735066558,-26.421916140462304,8.784927640377786,1.5000762676251178,5.043605574534498,15.006519978871859,7841.455653743411
push,sai,22_aug4,0.8532605071523156,0.42618702089739646,0.3518443958345234,1.9801541510721825,759.954973347169,-0.00022059363300843055,0.00937879360603217,0.07759208255037985,0.18990514355653215,-2.6360777374891105,-4.41406227540036,21.587678856597844,-48.003915235472,55.488718708176144,395714.71544057695,-0.0011848968910925326,-0.029208258158435623,-0.5768798197604252,2.1984205158086714,87.54641744276665,8.58005087333846,1.4096801325980253,3.973534121791741,11.115316646010164,7436.197077855988
push,sai,24_aug4,0.9273119523062805,0.5168162739653502,0.3510722484395908,2.5327660790343995,1138.306385947659,0.0002071833073737297,0.01208327334280719,-0.0006229350679084777,0.19925197947666318,2.3990650071405555,3.5578621352794864,17.062022113642033,-46.431192762285626,63.25751609959255,309522.6943482834,-0.0027904175753160673,0.06057891888264992,0.12480140327625835,2.197491355467404,38.48882056533492,9.476593312222704,1.2695048344360365,6.9849621953933845,13.077846206686669,9569.842418305614
push,sai,25_aug4,0.902100649737539,0.38230019180241437,0.42967248478389464,1.8168384955860875,636.099265640624,0.0007328120824116854,-0.0051268234591715835,0.015750657654649423,-0.14440696965930877,0.5871676470976253,-3.217392551231067,22.973070984026954,-46.46868103964101,55.85346459195622,374926.7753608724,-0.0005410783891665812,-0.06572003289828911,0.2299008013203381,1.942147392287442,193.99332491090425,8.49206842678198,1.465527573265697,3.916630029819214,12.083309505915466,6115.406898599517
push,sai,26_aug4,0.8393386801245273,0.39338702549262816,0.27937601015621494,2.493756128635459,417.3193561007952,0.0004078439355964505,-0.02009041472709633,-0.0593160629217538,0.12922843483515098,-0.025802149015777376,-0.9632881834089213,23.212333074082135,-67.66962328563285,65.26954943391927,272142.23127047264,-0.002235086754993666,-0.0028093548266438185,0.07921576820824029,-1.4108794529197837,151.7365662367676,6.147225667268443,1.608707284841021,2.0257985573388244,10.015392913728217,3355.677300749986
raise_arms,sai,1_aug4,1.0484288507431905,0.2223601034535222,0.6854644801058843,1.9388787813221395,459.15193580505866,0.0012208211935289285,-0.0008154177520785089,0.07327670514637583,0.013093719587277034,-1.4863722795450263,15.879063133676985,17.94591572786358,-12.176806042093402,58.80389923710811,231444.9497256371,0.0012179825444320683,-0.054502657265360334,-0.3074110378331786,-0.32760564894854693,-77.53359532872686,6.774555562611572,1.7611902114349505,3.0009255923262788,9.90806646583594,2989.6427542797487
raise_arms,sai,2_aug4,0.9909681296199522,0.36893547066582866,0.6192890807897116,9.362184234402468,842.7713124699727,0.016744917386930083,0.36613708760306735,0.04726200457906272,9.64245994911038,99.75135476318684,11.02847107094437,18.965536293701085,-45.23387635662119,60.65660752765477,334133.478509879,0.048872011058183146,1.3171590376852331,-0.025756795020422524,32.62752561384857,1319.099069242275,7.227487090309892,2.36979816605777,3.0336236704574957,15.041962373573938,5795.374702248878
raise_arms,sai,3_aug4,1.031237114036438,0.24200059260378248,0.665348280881349,2.907626349154204,1307.9668813082542,-0.0013172465009333677,-0.003854366990675296,-0.07149838984912782,-0.03084324697939185,-1.8646923482389275,8.178310832326236,19.061603767231443,-45.38312063878934,54.61230561687686,511754.41210560687,0.004821524240474139,-0.038711582070961925,0.237707666533685,1.5038950203810777,132.86355660779145,6.794066040415378,1.8763279125737775,2.043244460492821,11.938782222206104,8437.87485095596
raise_arms,sai,4_aug4,1.0687789929056613,0.24210613151036312,0.6547873271318397,3.056804705337785,1547.256206886656,-0.0012516542905675917,0.0008842699289771196,0.03681076975280109,0.06374346556169898,-2.0534209814471454,5.404845953914124,22.145516050042556,-46.42841536745936,65.56886096595919,637575.8444318635,-0.004883891515745583,0.07595017914520517,-0.06957850268470482,-1.7620698742558427,-68.17103092221794,7.709758380206471,1.8002129114173242,2.906922054913552,11.030710254264674,10039.798971432654
raise_arms,sai,5_aug4,1.088272202677596,0.47200275471574477,0.40689455776762073,9.075882114232714,797.4824092367033,0.04420151095408169,0.5578606331203211,0.025482000381033428,9.813914183677383,176.21197133903254,7.445107644588343,22.111575550261023,-44.7766612405785,89.72714596200778,296545.78612762725,0.2851595225497299,4.017622631511696,-0.28270090160441724,80.17268753488658,8794.082624717927,6.986792679072684,1.8989469219924031,3.889996888129654,11.880109122147838,4437.538865312496
raise_arms,sai,6_aug4,1.06334924185322,0.2210860716498767,0.6944726086691712,2.2436609591391967,836.6070229385392,-0.000660632877097031,-0.008055738502140706,-0.06416959713592191,0.025906156129268828,-1.7048533123711451,10.955602056902041,18.143357586491828,-42.01595141983829,67.91605271644482,343569.6333083538,0.004126981825521785,0.06348165449930228,0.5649396396446338,0.6539052417756794,23.184621807013265,7.928319358265586,1.9658861975726698,5.040141275693334,13.906873493571725,6101.766012387231
raise_arms,sai,7_aug4,1.0649526086087695,0.3738477572692304,0.635292476878444,9.026611138363922,986.0078536581467,0.025220151529619664,0.430178403198863,-0.041648827312921105,9.344190320705778,136.7245412755736,7.087923408038849,19.783965999821465,-41.60004798678344,54.45517021874422,329335.457904922,0.06862748811037046,1.355913402888989,-0.13806075145304605,34.70176526456715,1286.238780200421,6.838387406137103,1.9487219192123697,4.001299099690157,10.99501147609332,5470.096341857582
raise_arms,sai,8_aug4,1.0532763627029857,0.24166234444056311,0.6680654279795816,3.0219442235909537,663.9078341224989,-0.001277426692659738,0.00874885503199969,0.11837581899460253,0.47385426795707947,1.1046903338862353,5.850284245823326,22.988212959884645,-41.564634578806555,61.3201941698952,292387.72861248214,0.005305709588512523,-0.0555992760569506,0.5743330406830275,-1.121107711890866,-46.60807530592371,6.525436543544912,2.0307021336322806,3.0282649626842852,12.827748284083576,3854.4593352685115
raise_arms,sai,9_aug4,1.0718626662064654,0.24648100427016434,0.6670290935827722,2.032063279436984,689.4300498221078,-0.0001850779595239959,0.003646565434584334,-0.010319803286114556,0.10463327968350736,3.8198620036962323,3.534204966939474,23.742814261168483,-43.52292403588954,58.66857011025943,302736.19725252455,-0.002493615145058728,-0.005455795120979294,1.423708862655307,1.3249180858346303,183.94898455544163,7.063642107367177,2.1754578973582084,3.09692634282316,12.032456676815594,4453.971137088391
raise_arms,sai,10_aug4,1.0837098581713402,0.26507402341037134,0.6950374462937473,2.196312056017147,785.0815835097984,0.0001784014908922452,0.009893442824830928,-0.08165543647659602,0.2302108657166054,2.6051020595203562,4.415316141647358,22.78028798212869,-42.8014429769279,62.65462009262871,339019.0747122341,-0.004314815954933804,0.004476253985452286,0.5414864228380615,-0.5528436482957688,12.969478977090546,7.620893524209469,2.0131949787031704,3.1016693203092878,12.977873708398171,5107.985435270432
raise_arms,sai,11_aug4,1.0614304232021983,0.2248197430228503,0.651038082023212,2.1470036379146076,1048.4363205563454,-0.0004998438804552625,0.001548665994161126,-0.06108516627076629,0.15993205561876353,2.511432112855409,4.112382528689494,20.40684144208114,-43.574658378186484,62.87654246824645,381121.38983171864,0.0037415029730116325,-0.005442775545491389,0.47425244460457694,1.2179051225293558,-181.12802885974526,7.042593054398623,2.2753941409833156,1.9550319631908075,12.945857257415502,6763.412329773303
raise_arms,sai,12_aug4,1.0862876693933063,0.36054318407129743,0.6631331721089555,9.19946645008331,1606.4341803333782,0.018432744884033177,0.4329812380497827,-0.0010451574248599078,10.636379790453763,220.6255654351616,7.0856888516073155,20.041064379906107,-42.649743625847776,82.18482697986802,555908.36506842,0.061476229654649224,1.5230977435533353,0.29147706998453626,34.63775279779559,2267.752575096425,7.315433066941479,1.9380538323849603,2.9811845238831114,14.96925314053774,9379.717414142553
raise_arms,sai,13_aug4,1.0375448346186322,0.21750652992778366,0.2410170904369825,3.456588742797574,1382.644108556691,-0.009459023924304122,0.35688607485600654,-11.910101861998665,0.4675471306826118,142.97300029519906,3.5980087154294145,20.009248135136296,-90.52491870016489,90.3843438562064,508414.4461040311,0.06562133589618752,3.0082725499921374,-46.810414904247516,90.01412583921977,11269.29793801146,7.379681473534549,1.9673225906561653,2.948719618103637,11.953051592483948,9259.639458980591
raise_arms,sai,14_aug4,0.9996775652605987,0.18724016594985923,0.7172911199379216,2.0189482321093566,688.5903550198052,-0.0008379211334564257,-0.009565174786775401,-0.03986947843096662,-0.06167942966258125,4.594686078473535,11.041790574319169,17.335615336022258,-41.05190769111486,58.01909858900194,292386.85167513805,0.00048291764926297826,0.10030217805480199,0.1112527144636613,1.256194877709525,-137.37173601084382,6.498556285643227,2.0326578495352554,3.0245627431384103,10.984647056987626,4729.371162159838
raise_arms,sai,15_aug4,1.0367418971613558,0.22992087942345119,0.7140029025768335,3.046417129752591,654.2380798026298,0.0002437996464598461,0.007992585538859781,0.06505540161214685,-0.007852561118184111,2.9517836755363436,6.57636032315431,21.782279621371732,-42.74378774390019,62.444680420693565,311880.54434832995,0.0006656464706741931,-0.044382264315959166,-0.08465469656749736,-0.20542860162352133,20.467158883801932,7.19711102707456,2.3079986554145817,2.958790536728102,11.940215956945641,4893.301514187708
raise_arms,sai,16_aug4,1.0629380938453536,0.24596161756105844,0.6797009963931756,2.071018250050397,839.2234806480633,0.0009033288370195506,0.002772190062103975,-0.02343114541343649,0.06258069795036826,-0.7307540357250731,3.585674946552774,21.42780205649387,-40.02209135697746,60.144818281928075,323701.4479832389,0.00025916435754256336,-0.037902598214312015,1.1857950728297475,0.5474568416282508,35.532287495603306,6.939197509724795,2.131778658176232,1.973001831826515,13.069898625259066,5494.707370596555
raise_arms,sai,17_aug4,1.1035597947411036,0.2512150147477057,0.6870640649072232,2.6182072575667017,1540.6757838702636,-0.0011898055791609368,-0.000899238506955451,-0.13605497156091645,-0.2437309915324987,0.4350340648498259,3.672534398096701,23.375892749758155,-43.565820956705736,55.36960789660066,699875.0628830243,0.002510152675765712,0.03323110062439004,-0.3493936523642764,0.6833306463549531,1.9922967557640925,7.228857676572136,2.140741185139877,1.9271343598029074,12.003291618137723,10045.334622675893
raise_arms,sai,18_aug4,1.0206454251496102,0.24896796012021893,0.6545717821879441,3.1364002895735625,697.3738943977435,-0.0011023436358403,0.009768164169327905,0.016914871544715538,0.09026525506926043,-5.4766091806312875,6.749002236570396,19.0445358684963,-41.15141387674435,58.380920241154016,227915.288284536,0.0004815360992381874,0.03533926154097156,0.2281219405516083,-0.5061542690756509,91.15227450363729,5.384163230484254,1.8175022361417792,3.1436433679150677,11.090202870436267,3664.118396646731
raise_arms,sai,19_aug4,1.0172967514574156,0.20620307847780986,0.6987473223810396,2.013612971427953,526.9424092326896,0.0003339371181010387,-0.012821822352683797,-0.064255613594609,-0.007654463932348512,-4.4470032680664415,11.928889531576218,16.881252818645354,-22.65232104701971,55.876497748085455,223741.57849914875,0.00516859726796756,0.028191169009560754,0.5447162826886366,-0.5635950274049897,-153.67107462177913,5.599767381699801,1.9393866731164895,1.7602613438810546,12.065014709354225,2915.3671698158805
raise_arms,sai,20_aug4,1.054424475726822,0.4751418904786239,0.6871451903553347,9.215328527716624,708.7890762031192,0.04692203984401966,0.581552240796571,0.04311098264720182,9.157580270260116,179.23774309291204,11.344178559498165,17.25541966526624,-37.14857655212483,57.20619432681591,223460.02634610076,0.2412891142461864,3.891886436870241,0.6456163156682458,82.3321557784421,8175.429323895271,6.284489287562104,2.3950114679950674,1.9789458542831082,10.991922808100647,3577.9034282485377
soli,sai,1_aug4,0.654871440462373,0.4098848931948709,0.0922940406790172,1.5003007816100336,450.6535433027114,-0.0009798015043810714,0.00439899468821636,0.1135246099578973,0.04174934526458875,5.616709702581261,6.161833526858824,21.307856753280504,-68.78968012063179,69.99230361750087,364667.6614577201,0.004808858425358448,-0.019498754331315853,0.3773399643148614,1.0547727963905107,-51.889109282991896,8.00772350206909,1.930187440835268,4.005418269544366,12.929860387597008,6418.710747304814
soli,sai,2_aug4,0.5967556206144642,0.3923583157887749,0.09769952389186179,1.47906448476263,273.81122512178206,-0.0005343269209569064,0.0012568665412563522,-0.06419300015769178,0.16329343484896128,7.280524709390905,6.85167803657876,24.358931341108043,-57.61335781561231,69.05765388671848,365565.7471544667,0.00048536432938809526,0.01095259012171408,-0.08718728819832776,-1.648551756698027,-17.77206301174429,8.20014140553914,1.7452621773246277,0.8999078372942285,11.928740060727304,4879.204664385941
soli,sai,3_aug4,0.6502919856749744,0.38028448433477235,0.11463902761843922,2.78261730838047,476.65166242736746,-0.00032433214221419445,0.0044691955227103,0.017338228920192156,0.09569985643915424,-1.314477514206692,4.8208457956387205,23.366613850848037,-66.31027767298326,67.81335290172946,493604.07546152174,0.00030819761715714767,-0.03561465507362565,0.43725787063887855,-0.37492360507084693,-323.83942840384515,8.52148360777907,2.5075187380670063,2.988485634181026,13.015521863980952,7748.506838692205
soli,sai,4_aug4,0.6779376585305311,0.43670167101473306,0.09336710140222304,1.746506142494147,715.1936562118569,0.00042090348417477236,-0.010234070235352584,0.035341465061030544,0.014629908235803011,-4.673589685093896,0.016190696670963428,21.80587377780536,-64.40427738585377,69.19427320282952,531464.853499105,0.001183295156542396,-0.08040830418687767,0.3206630110504921,-0.4135557930758514,-110.56594432338025,9.300716495902943,1.9782238379694277,3.85229220574632,14.007091541529288,10973.059300959618
soli,sai,5_aug4,0.6333838160810351,0.38984631110706364,0.08119287186055094,2.3042122117357304,330.735545388798,0.0004794328662033576,-0.005352906714767882,0.101918196801973,-0.17700542019494145,-2.270806105046436,1.3418127244955058,23.18626284957163,-40.51691242360012,68.28747160053234,372051.39841843105,-0.0012896502510807164,0.028644106428751554,0.38033175549189596,-0.48201358347423384,25.813683261918978,9.067639438733739,2.1955749693236317,5.9850578744941485,13.949124133166167,6581.971029723016
soli,sai,6_aug4,0.6483165680076403,0.39616151492697826,0.1032348324660094,1.785360130994745,431.64996115525383,-0.00021927283763479801,-0.005998526618449387,0.003880791939621236,-0.18905247426090777,0.8439453368406103,2.6083780623358677,22.27655876382662,-41.33275091830375,70.10760343215655,375957.4614681604,-0.0025222144370425433,-0.00869211928337589,-0.819977641680915,0.2232655611362715,-98.7627478803359,8.40790849055941,1.97807545034458,3.940117878443441,11.847958395028442,6550.744484896075
soli,sai,7_aug4,0.6438360613180185,0.42454113986506636,0.07951254345383488,2.6066842662593426,386.20778487613677,0.0006045251820211173,-0.009689160909000431,0.13099358768199593,0.018975816580750145,-2.328862789564983,1.1598375398778082,24.25554983370783,-51.890854534270034,69.64061870095001,394841.10573817225,-0.0002668571628925595,0.029751351500453948,0.5608034299128533,0.9702920016664588,-41.067021873390324,9.51459282075994,2.556816741313627,3.9377394697826884,15.005109537227197,6926.84540220982
soli,sai,8_aug4,0.6355745414555871,0.4137087677291616,0.09914415188958621,1.7667534332163055,418.7758650218617,0.00016344112265837929,-0.010245742716918175,0.09528320190386709,-0.08107126382409584,-1.1040228231238824,3.071754666941158,22.62722166908132,-47.686912067353305,69.9256731054823,349827.0626620715,-0.00013306576876720704,0.08188745150892958,0.3855829318100591,1.4408184912515485,36.26988634730871,8.964825493893885,1.772115347955692,5.917225911721321,13.094296348004605,6511.985316115053
soli,sai,9_aug4,0.6201807657184016,0.4328410661243439,0.07616290985608849,2.7512271199435787,320.4864849823591,0.0005539520759745776,-0.014617882120260535,-0.028212948014032915,-0.04235685986634656,-1.5185727954223707,2.417326010232644,24.58388769867297,-43.495593507769804,68.53228571132797,350453.6557677957,0.006696755595703013,-0.057450263835692544,-0.28195611065799,0.637250584434295,-16.781750179817024,8.90134817120347,2.3030642549432803,3.1079567782831075,13.01854390105704,5450.589267327053
soli,sai,10_aug4,0.7254482164130104,0.47669959126523276,0.10265787163890597,2.879065693213993,741.3604484616053,-0.0009360927278648652,-0.0008246546113347861,0.01851023039310154,-0.16931961262070014,-0.1998030676149973,1.0336293266803844,22.896965672115194,-65.3664648452249,70.26754825572188,532034.1488887671,-0.002058385614166033,-0.07277830827729208,-0.44895774857354814,-0.40499374359433404,52.11178968823995,8.79766211041199,1.9003117796985507,4.021513607170898,16.135943108059163,9422.654738821131
soli,sai,11_aug4,0.64417173136641,0.4333952884931292,0.07992670434249297,2.562116808139574,402.7639637624838,0.0010925347755267037,0.012282940302587848,-0.025989935661425358,0.01102159300910386,3.835183565766423,1.5732574822179337,23.258275219449665,-48.75593091535108,68.9742235678552,381822.6751632097,-0.0017977399411114195,0.006765121437407046,-0.42857866108674847,-0.6622685655610241,-62.2800181760225,8.212051846303485,2.0357438102457146,3.856072441873339,13.896279898321815,6183.71499288258
soli,sai,12_aug4,0.6433753943028051,0.3627459372345203,0.08490687499270953,1.9063681314679486,474.48223085337395,-0.0005101572199555308,-0.010675020584419078,-0.024240134494385897,0.26004730543768445,-2.6029167493553964,8.980658126905302,21.34603366224816,-40.710752452915436,69.9952075313016,481230.066023271,0.004609479863194389,0.029304532864997263,0.19512596616739977,1.529438063828105,40.04864302348132,8.846865240355935,1.5137164106768475,5.022039698499915,12.141319720184757,8316.1822249379
soli,sai,13_aug4,0.5579464952061891,0.2960979597273879,0.0999123340494131,1.5711876147521413,226.65818847378134,0.0003099228115562577,0.008722484339224356,0.019086915040860488,0.10178813519802703,4.5272202316555035,2.0012105860371476,23.474650487926805,-58.023415107839334,70.13953067079039,325606.83802302706,0.002123204187897639,-0.010247809722867858,0.7786734247827326,0.5710152022630985,60.50087596313462,7.033579028989479,2.1219589384305344,1.9026390280991905,11.991292597960271,4568.239760370237
soli,sai,14_aug4,0.6603492633616517,0.44790212741247565,0.0853947077450185,1.8027626202072973,344.2185936471573,0.0006358959481056222,-0.004676266324937643,-0.02779200815582841,-0.304934581770207,-4.6446352833791416,2.0886591286743212,24.802898169471796,-45.47433726787886,68.26626781598598,351392.46735110926,-0.0010321954888762915,0.039077450729550364,-0.8091897469069573,-0.2224186553207474,-40.52335296407413,8.537172290156073,2.035750769490423,3.971514346332497,12.942126957043524,5218.334034498265
soli,sai,15_aug4,0.6075408957797402,0.40051830449001,0.10457224655795534,1.622939619040943,310.6230841524565,-0.0012481559381355798,0.0007070260591493875,-0.18921045342387693,-0.019979244806892137,-2.116830702894348,3.7261967543646453,24.58025857473921,-45.804860733726485,69.12644742956346,324113.87727242656,0.005774515599657253,0.048316158917177734,1.2307304493538966,-1.4637849492107384,-51.89175882368852,8.134637050585399,1.8550832047228845,2.072429921516043,11.032015421154759,4727.239585542889
soli,sai,16_aug4,0.6544279305886982,0.4284913012066571,0.08084015419800539,1.9506582686729133,384.9269261431889,-0.0005068413067000779,0.0032823950031174364,0.10462000651859894,0.20996520218485312,-1.5736251936004595,3.7407088385652125,22.9955387332447,-62.38948289024055,68.5664030930361,360235.94690197567,0.0017988971385760656,0.017794797435153945,-0.09435202870305967,-0.4863063432421241,-263.7094208336066,8.033262280891659,1.86119423031213,4.041604321404649,12.97720707637026,5445.0451391840525
soli,sai,17_aug4,0.8005363673826681,0.47566798481858513,0.10976225092863512,4.534187515772699,1228.1483052098165,0.00032398443649110106,0.020685304505037676,0.05586622412384781,0.5303111937798749,0.5799241584237445,6.376188009945775,21.633661288628517,-62.35449892585662,172.45429911150288,691569.4747639672,-0.014608695200491814,2.923225750532825,-87.30007891350516,60.13917911868716,11149.153232225784,9.25230267894595,1.6686384888790375,4.072420760954856,13.91517785318424,13243.469128176965
soli,sai,18_aug4,0.724277100096924,0.49248571465205404,0.09659917192451473,2.60246387677995,577.7108916018211,-0.00031567200365573627,0.005522318648033533,0.02589221904830099,0.10205332938220746,-1.5693276286742883,8.230341017618278,24.53557415641463,-43.29018587248114,66.95411252705435,491940.15002553357,0.006949535937962907,0.024646106229310464,0.04686185904481004,-1.864130227107107,-285.2625666327235,10.303517769338884,1.8718521275203148,4.888888763524873,14.927585693396946,8058.558258473842
soli,sai,19_aug4,0.7352454574509112,0.47041418581622774,0.08620549411732595,2.666471240574919,417.5039457857724,-0.0009097272060210562,0.0041604097746447315,-0.05529879939475506,-0.12300108800063769,1.4810094178433681,12.141470121711444,20.710323487884253,-66.06238553556176,69.15967407775265,330638.2393448792,-0.0010145779143092032,0.02905969438740805,-0.13466973552737196,1.344193143142731,36.96844424859811,7.066836847701395,1.7661379198225127,0.7916536043741695,10.908379483732004,4282.28301507108
soli,sai,20_aug4,0.6597503013041357,0.460669704500994,0.08299760101681779,1.9693284276741176,368.31063233778633,-0.0006954692160014545,0.0009698979473580625,-0.0720073388915554,-0.13681154339877383,-3.4154555424495303,3.4478815582824938,21.920826573071587,-46.945648576056286,70.96154009009311,293773.23061080277,0.003986835984377634,-0.02450426893316177,0.8438903448159575,-0.28286155819305153,18.203308634403186,7.398592833822758,1.9873083855354676,2.925369481787007,12.191466312851274,4533.129125222728
