num_points,points,timestamp_ms
11,"[{""range"": 2.4347093927201904, ""doppler"": 0.0, ""angle"": -6.286751575157036, ""elevation"": 0.0}, {""range"": 2.444021959793273, ""doppler"": 0.0, ""angle"": -5.588377676515146, ""elevation"": 0.0}, {""range"": 0.7008690567632742, ""doppler"": 0.0, ""angle"": 1.6081879955073175, ""elevation"": 0.0}, {""range"": 0.7113974787761217, ""doppler"": 0.0, ""angle"": 2.37695081440348, ""elevation"": 0.0}, {""range"": 1.1599660057563599, ""doppler"": 0.0, ""angle"": -0.00883240003996162, ""elevation"": 0.0}, {""range"": 1.1771793379915607, ""doppler"": 0.0, ""angle"": 1.1227908566957283, ""elevation"": 0.0}, {""range"": 2.708441674911114, ""doppler"": 0.0, ""angle"": 0.5522860640014913, ""elevation"": 0.0}, {""range"": 2.764064360902873, ""doppler"": 0.0, ""angle"": -1.8165388050963283, ""elevation"": 0.0}, {""range"": 2.8028181679810555, ""doppler"": 0.0, ""angle"": 1.2100110711122611, ""elevation"": 0.0}, {""range"": 2.8179747451377133, ""doppler"": 0.0, ""angle"": 0.3272139155331056, ""elevation"": 0.0}, {""range"": 2.854483094314161, ""doppler"": 0.0, ""angle"": 2.5994656442940802, ""elevation"": 0.0}]",1785092014794.678
6,"[{""range"": 1.4551425879881357, ""doppler"": 0.0, ""angle"": -13.067970717007293, ""elevation"": 0.0}, {""range"": 1.293570107749571, ""doppler"": 0.0, ""angle"": -8.954509633361411, ""elevation"": 0.0}, {""range"": 0.09157787663222505, ""doppler"": 0.0, ""angle"": 43.41764607738139, ""elevation"": 0.0}, {""range"": 0.09167018031122116, ""doppler"": 0.0, ""angle"": 45.23708463103983, ""elevation"": 0.0}, {""range"": 0.12433124576351146, ""doppler"": 0.0, ""angle"": 46.4568522698454, ""elevation"": 0.0}, {""range"": 0.17533296674108131, ""doppler"": 0.0, ""angle"": 49.17687545864304, ""elevation"": 0.0}]",1785092014795.0908
6,"[{""range"": 1.459908065338648, ""doppler"": 0.0, ""angle"": -13.67370297232384, ""elevation"": 0.0}, {""range"": 1.2916027052087358, ""doppler"": 0.0, ""angle"": -7.877699671866829, ""elevation"": 0.0}, {""range"": 0.09156530636656643, ""doppler"": 0.0, ""angle"": 46.26599900039473, ""elevation"": 0.0}, {""range"": 0.0911509182404685, ""doppler"": 0.0, ""angle"": 47.862405226111754, ""elevation"": 0.0}, {""range"": 0.12426757957596031, ""doppler"": 0.0, ""angle"": 47.33255082535632, ""elevation"": 0.0}, {""range"": 0.1772320333521451, ""doppler"": 0.0, ""angle"": 48.558486017397854, ""elevation"": 0.0}]",1785092014795.448
5,"[{""range"": 1.4585027911646777, ""doppler"": 0.0, ""angle"": -14.266243131523868, ""elevation"": 0.0}, {""range"": 0.09153614368840285, ""doppler"": 0.0, ""angle"": 47.92959345852212, ""elevation"": 0.0}, {""range"": 0.09129287583814538, ""doppler"": 0.0, ""angle"": 49.28915332881902, ""elevation"": 0.0}, {""range"": 0.12617841544552338, ""doppler"": 0.0, ""angle"": 47.46960140212548, ""elevation"": 0.0}, {""range"": 0.18242001290065052, ""doppler"": 0.0, ""angle"": 46.82712370943024, ""elevation"": 0.0}]",1785092014795.808
5,"[{""range"": 1.460529239731392, ""doppler"": 0.0, ""angle"": -15.960812755943373, ""elevation"": 0.0}, {""range"": 0.09155552830009259, ""doppler"": 0.0, ""angle"": 44.05043314356418, ""elevation"": 0.0}, {""range"": 0.09093053389856744, ""doppler"": 0.0, ""angle"": 46.195148872514984, ""elevation"": 0.0}, {""range"": 0.12394011598398652, ""doppler"": 0.0, ""angle"": 48.860732624883276, ""elevation"": 0.0}, {""range"": 0.17422974978203065, ""doppler"": 0.0, ""angle"": 50.32995086672701, ""elevation"": 0.0}]",1785092014796.167
5,"[{""range"": 1.459771885360679, ""doppler"": 0.0, ""angle"": -14.739276101930715, ""elevation"": 0.0}, {""range"": 0.09160946926519004, ""doppler"": 0.0, ""angle"": 41.280611457701106, ""elevation"": 0.0}, {""range"": 0.09096569067346415, ""doppler"": 0.0, ""angle"": 43.00859853042802, ""elevation"": 0.0}, {""range"": 0.12418547278858327, ""doppler"": 0.0, ""angle"": 46.05011054053864, ""elevation"": 0.0}, {""range"": 0.17167190057564521, ""doppler"": 0.0, ""angle"": 50.706394106395905, ""elevation"": 0.0}]",1785092014796.5261
4,"[{""range"": 0.1690995642741736, ""doppler"": 0.0, ""angle"": 31.420949276313102, ""elevation"": 0.0}, {""range"": 0.091517977804039, ""doppler"": 0.0, ""angle"": 37.13857459563891, ""elevation"": 0.0}, {""range"": 0.09177737318372084, ""doppler"": 0.0, ""angle"": 37.71833119246493, ""elevation"": 0.0}, {""range"": 0.1235150051536037, ""doppler"": 0.0, ""angle"": 35.691957538961105, ""elevation"": 0.0}]",1785092014796.8708
2,"[{""range"": 0.12489778911396683, ""doppler"": 0.0, ""angle"": 32.66622493659011, ""elevation"": 0.0}, {""range"": 0.17111904932381422, ""doppler"": 0.0, ""angle"": 31.148580986195014, ""elevation"": 0.0}]",1785092014797.226
2,"[{""range"": 0.17105055331493937, ""doppler"": 0.0, ""angle"": 23.53677718594731, ""elevation"": 0.0}, {""range"": 0.12397364921680906, ""doppler"": 0.0, ""angle"": 27.67386330483792, ""elevation"": 0.0}]",1785092014797.5317
1,"[{""range"": 0.08890092212843999, ""doppler"": 0.0, ""angle"": 50.38625027028821, ""elevation"": 0.0}]",1785092014797.8408
3,"[{""range"": 0.09151675497076374, ""doppler"": 0.0, ""angle"": 39.131871434589534, ""elevation"": 0.0}, {""range"": 0.08586123042299491, ""doppler"": 0.0, ""angle"": 41.792088304449436, ""elevation"": 0.0}, {""range"": 0.11832295171519466, ""doppler"": 0.0, ""angle"": 48.553419119781466, ""elevation"": 0.0}]",1785092014798.1628
3,"[{""range"": 0.0859981631499127, ""doppler"": 0.0, ""angle"": 33.293563270846676, ""elevation"": 0.0}, {""range"": 0.09146887693880847, ""doppler"": 0.0, ""angle"": 34.808498149972316, ""elevation"": 0.0}, {""range"": 0.11967248632299843, ""doppler"": 0.0, ""angle"": 40.0905678363546, ""elevation"": 0.0}]",1785092014798.472
3,"[{""range"": 0.5469658996839238, ""doppler"": 0.0, ""angle"": -29.473053069894284, ""elevation"": 0.0}, {""range"": 1.7063968287024298, ""doppler"": 0.0, ""angle"": 24.768431117469373, ""elevation"": 0.0}, {""range"": 1.7278562490681801, ""doppler"": 0.0, ""angle"": 20.019580961274272, ""elevation"": 0.0}]",1785092014798.783
9,"[{""range"": 1.298340678239977, ""doppler"": 0.0, ""angle"": -38.78304599640172, ""elevation"": 0.0}, {""range"": 1.3124195954321072, ""doppler"": 0.0, ""angle"": -35.030391756603876, ""elevation"": 0.0}, {""range"": 0.5483450219414711, ""doppler"": 0.0, ""angle"": -18.913535004758643, ""elevation"": 0.0}, {""range"": 2.691989263560864, ""doppler"": 0.0, ""angle"": 9.177012569733833, ""elevation"": 0.0}, {""range"": 2.8026358629336974, ""doppler"": 0.0, ""angle"": 3.8009438627444236, ""elevation"": 0.0}, {""range"": 0.6457733967177148, ""doppler"": 0.0, ""angle"": 15.564025343049343, ""elevation"": 0.0}, {""range"": 0.6535077852819029, ""doppler"": 0.0, ""angle"": 16.287796881675312, ""elevation"": 0.0}, {""range"": 2.6748128483000473, ""doppler"": 0.0, ""angle"": 14.502596325597848, ""elevation"": 0.0}, {""range"": 0.09161295949543373, ""doppler"": 0.0, ""angle"": 67.99092277672679, ""elevation"": 0.0}]",1785092014799.093
6,"[{""range"": 0.5317413509611625, ""doppler"": 0.0, ""angle"": -11.9749901382999, ""elevation"": 0.0}, {""range"": 0.54494921678257, ""doppler"": 0.0, ""angle"": -14.53782522226396, ""elevation"": 0.0}, {""range"": 0.6353742464741364, ""doppler"": 0.0, ""angle"": 16.496917471245638, ""elevation"": 0.0}, {""range"": 0.6157994934944672, ""doppler"": 0.0, ""angle"": 23.423604238058576, ""elevation"": 0.0}, {""range"": 0.4277914383695198, ""doppler"": 0.0, ""angle"": 37.57881350933967, ""elevation"": 0.0}, {""range"": 0.44428397421609195, ""doppler"": 0.0, ""angle"": 40.51125027584493, ""elevation"": 0.0}]",1785092014799.407
4,"[{""range"": 0.5432903210468513, ""doppler"": 0.0, ""angle"": -13.688640225430483, ""elevation"": 0.0}, {""range"": 0.6674136379443718, ""doppler"": 0.0, ""angle"": 11.842803083821492, ""elevation"": 0.0}, {""range"": 0.6079089964156655, ""doppler"": 0.0, ""angle"": 25.283648742855036, ""elevation"": 0.0}, {""range"": 0.6309533732678497, ""doppler"": 0.0, ""angle"": 18.814929601177433, ""elevation"": 0.0}]",1785092014799.737
4,"[{""range"": 0.5434344042229536, ""doppler"": 0.0, ""angle"": -12.330454148712308, ""elevation"": 0.0}, {""range"": 3.0776179942135293, ""doppler"": 0.0, ""angle"": -16.634516238194845, ""elevation"": 0.0}, {""range"": 0.6503027910460932, ""doppler"": 0.0, ""angle"": 17.93673721030837, ""elevation"": 0.0}, {""range"": 0.4503097264235461, ""doppler"": 0.0, ""angle"": 41.297220525717925, ""elevation"": 0.0}]",1785092014800.128
2,"[{""range"": 0.5497249303285366, ""doppler"": 0.0, ""angle"": -12.187175842883873, ""elevation"": 0.0}, {""range"": 0.5725589787250426, ""doppler"": 0.0, ""angle"": -15.060513429167015, ""elevation"": 0.0}]",1785092014800.4238
3,"[{""range"": 0.5564678718916571, ""doppler"": 0.0, ""angle"": -7.552060566184897, ""elevation"": 0.0}, {""range"": 0.6221137224505809, ""doppler"": 0.0, ""angle"": 8.029955367852011, ""elevation"": 0.0}, {""range"": 0.5971215238405256, ""doppler"": 0.0, ""angle"": 11.696901080238161, ""elevation"": 0.0}]",1785092014800.729
6,"[{""range"": 1.3670090795904797, ""doppler"": 0.0, ""angle"": -39.29889868076569, ""elevation"": 0.0}, {""range"": 1.3971558302890867, ""doppler"": 0.0, ""angle"": -38.9323705698937, ""elevation"": 0.0}, {""range"": 0.5580118529222069, ""doppler"": 0.0, ""angle"": -7.90160594034247, ""elevation"": 0.0}, {""range"": 0.6673417721413919, ""doppler"": 0.0, ""angle"": 2.9797044743557137, ""elevation"": 0.0}, {""range"": 0.6002019626040066, ""doppler"": 0.0, ""angle"": 7.7390274346943855, ""elevation"": 0.0}, {""range"": 0.6274175311467771, ""doppler"": 0.0, ""angle"": 9.564333983357148, ""elevation"": 0.0}]",1785092014801.0293
6,"[{""range"": 1.3232157922877261, ""doppler"": 0.0, ""angle"": -50.43929388531908, ""elevation"": 0.0}, {""range"": 0.5291544232672253, ""doppler"": 0.0, ""angle"": -13.205043343330829, ""elevation"": 0.0}, {""range"": 0.5503126292259333, ""doppler"": 0.0, ""angle"": -14.316195399559126, ""elevation"": 0.0}, {""range"": 0.6253315286822062, ""doppler"": 0.0, ""angle"": 9.613156931631048, ""elevation"": 0.0}, {""range"": 0.6184722155190686, ""doppler"": 0.0, ""angle"": 12.404829955253705, ""elevation"": 0.0}, {""range"": 0.6516374529339214, ""doppler"": 0.0, ""angle"": 12.632832910354427, ""elevation"": 0.0}]",1785092014801.3289
5,"[{""range"": 1.3875937915012961, ""doppler"": 0.0, ""angle"": -31.365163585537378, ""elevation"": 0.0}, {""range"": 0.5568607568825116, ""doppler"": 0.0, ""angle"": -13.273177884417972, ""elevation"": 0.0}, {""range"": 0.5987847519321187, ""doppler"": 0.0, ""angle"": -4.350150733376606, ""elevation"": 0.0}, {""range"": 0.6333881343989167, ""doppler"": 0.0, ""angle"": 0.5499708282664931, ""elevation"": 0.0}, {""range"": 0.6623523260659981, ""doppler"": 0.0, ""angle"": 1.4232048466331204, ""elevation"": 0.0}]",1785092014801.6318
8,"[{""range"": 1.4079161614979858, ""doppler"": 0.0, ""angle"": -37.31524922054163, ""elevation"": 0.0}, {""range"": 0.5741966021417548, ""doppler"": 0.0, ""angle"": 0.535292237566056, ""elevation"": 0.0}, {""range"": 0.5970303788731087, ""doppler"": 0.0, ""angle"": 2.746716926341109, ""elevation"": 0.0}, {""range"": 0.6235242915556823, ""doppler"": 0.0, ""angle"": -0.032862502569671485, ""elevation"": 0.0}, {""range"": 0.6600783842093785, ""doppler"": 0.0, ""angle"": -2.468652635046184, ""elevation"": 0.0}, {""range"": 0.4350828174366515, ""doppler"": 0.0, ""angle"": 45.116556205561444, ""elevation"": 0.0}, {""range"": 0.4607858490696343, ""doppler"": 0.0, ""angle"": 48.366460663429805, ""elevation"": 0.0}, {""range"": 0.5075433746088155, ""doppler"": 0.0, ""angle"": 49.80157334987376, ""elevation"": 0.0}]",1785092014801.9353
7,"[{""range"": 0.5319669166339328, ""doppler"": 0.0, ""angle"": -8.40791770450378, ""elevation"": 0.0}, {""range"": 0.5599611957376617, ""doppler"": 0.0, ""angle"": -9.113402202655475, ""elevation"": 0.0}, {""range"": 0.5922257306045225, ""doppler"": 0.0, ""angle"": -1.3841047108879911, ""elevation"": 0.0}, {""range"": 0.6081613325933183, ""doppler"": 0.0, ""angle"": 0.40431516713173976, ""elevation"": 0.0}, {""range"": 0.5565078336107899, ""doppler"": 0.0, ""angle"": 30.70170128662648, ""elevation"": 0.0}, {""range"": 0.4811929154466819, ""doppler"": 0.0, ""angle"": 40.508919425546125, ""elevation"": 0.0}, {""range"": 0.5192049723181149, ""doppler"": 0.0, ""angle"": 36.76728787351043, ""elevation"": 0.0}]",1785092014802.237
6,"[{""range"": 0.5346057584919734, ""doppler"": 0.0, ""angle"": -13.008980956154549, ""elevation"": 0.0}, {""range"": 0.6165529607707141, ""doppler"": 0.0, ""angle"": 7.935051645459829, ""elevation"": 0.0}, {""range"": 0.5888702049009592, ""doppler"": 0.0, ""angle"": 18.33591646223391, ""elevation"": 0.0}, {""range"": 0.5215318304407472, ""doppler"": 0.0, ""angle"": 32.894570969326935, ""elevation"": 0.0}, {""range"": 0.560850353972804, ""doppler"": 0.0, ""angle"": 28.82039746053533, ""elevation"": 0.0}, {""range"": 0.47288527375203476, ""doppler"": 0.0, ""angle"": 34.897950201172335, ""elevation"": 0.0}]",1785092014802.524
4,"[{""range"": 0.5765072168366867, ""doppler"": 0.0, ""angle"": 0.3554283161116108, ""elevation"": 0.0}, {""range"": 0.6130128964943816, ""doppler"": 0.0, ""angle"": 8.89355965364201, ""elevation"": 0.0}, {""range"": 0.6001083550417338, ""doppler"": 0.0, ""angle"": 12.301040547229222, ""elevation"": 0.0}, {""range"": 0.44515968673295797, ""doppler"": 0.0, ""angle"": 33.91347908119723, ""elevation"": 0.0}]",1785092014802.8218
3,"[{""range"": 0.6289808290028157, ""doppler"": 0.0, ""angle"": 3.487936984279728, ""elevation"": 0.0}, {""range"": 0.5756384939336451, ""doppler"": 0.0, ""angle"": 30.875238270717468, ""elevation"": 0.0}, {""range"": 0.5843567147386398, ""doppler"": 0.0, ""angle"": 27.678516333734457, ""elevation"": 0.0}]",1785092014803.1191
5,"[{""range"": 0.5642280104386217, ""doppler"": 0.0, ""angle"": -15.269451804896757, ""elevation"": 0.0}, {""range"": 0.5939117142379013, ""doppler"": 0.0, ""angle"": -8.60582814753955, ""elevation"": 0.0}, {""range"": 0.6232193051570216, ""doppler"": 0.0, ""angle"": -1.561926131733148, ""elevation"": 0.0}, {""range"": 0.49853058720908433, ""doppler"": 0.0, ""angle"": 33.308177317050806, ""elevation"": 0.0}, {""range"": 0.46099137427911363, ""doppler"": 0.0, ""angle"": 35.79861631937285, ""elevation"": 0.0}]",1785092014803.41
4,"[{""range"": 0.5602726814787087, ""doppler"": 0.0, ""angle"": 17.515473009825357, ""elevation"": 0.0}, {""range"": 0.589676628307919, ""doppler"": 0.0, ""angle"": 18.017380531017114, ""elevation"": 0.0}, {""range"": 0.6250237664136505, ""doppler"": 0.0, ""angle"": 11.18455897715709, ""elevation"": 0.0}, {""range"": 0.6593068599418326, ""doppler"": 0.0, ""angle"": 13.648046192082731, ""elevation"": 0.0}]",1785092014803.709
6,"[{""range"": 1.276989680818501, ""doppler"": 0.0, ""angle"": -19.543728220111785, ""elevation"": 0.0}, {""range"": 0.5752337544879823, ""doppler"": 0.0, ""angle"": -11.620806968727338, ""elevation"": 0.0}, {""range"": 0.5472361417906881, ""doppler"": 0.0, ""angle"": -6.774367676553473, ""elevation"": 0.0}, {""range"": 0.556829031946277, ""doppler"": 0.0, ""angle"": -8.476178288693596, ""elevation"": 0.0}, {""range"": 0.09157124254037881, ""doppler"": 0.0, ""angle"": 27.315607973442255, ""elevation"": 0.0}, {""range"": 0.08973110569734133, ""doppler"": 0.0, ""angle"": 27.279934677709058, ""elevation"": 0.0}]",1785092014804.0059
4,"[{""range"": 1.2747335854934438, ""doppler"": 0.0, ""angle"": -25.357262364533135, ""elevation"": 0.0}, {""range"": 0.5657044963919717, ""doppler"": 0.0, ""angle"": -16.395672597248588, ""elevation"": 0.0}, {""range"": 0.5939631532608435, ""doppler"": 0.0, ""angle"": -16.187068833334987, ""elevation"": 0.0}, {""range"": 0.6314554776085131, ""doppler"": 0.0, ""angle"": -14.295961568719502, ""elevation"": 0.0}]",1785092014804.3032
3,"[{""range"": 1.2907588075706065, ""doppler"": 0.0, ""angle"": -29.413097980670827, ""elevation"": 0.0}, {""range"": 0.5628039264443131, ""doppler"": 0.0, ""angle"": -10.063869874712221, ""elevation"": 0.0}, {""range"": 0.09026349580935655, ""doppler"": 0.0, ""angle"": 56.71918108205515, ""elevation"": 0.0}]",1785092014804.59
6,"[{""range"": 0.09148460606313347, ""doppler"": 0.0, ""angle"": -68.80168170802872, ""elevation"": 0.0}, {""range"": 1.2998316975490654, ""doppler"": 0.0, ""angle"": -33.09325807475061, ""elevation"": 0.0}, {""range"": 1.3165174791484973, ""doppler"": 0.0, ""angle"": -33.010165348832444, ""elevation"": 0.0}, {""range"": 1.3446090921986993, ""doppler"": 0.0, ""angle"": -32.796115404487885, ""elevation"": 0.0}, {""range"": 0.5802331699010017, ""doppler"": 0.0, ""angle"": 1.9603298489569754, ""elevation"": 0.0}, {""range"": 0.5624768173554379, ""doppler"": 0.0, ""angle"": 4.704648749932438, ""elevation"": 0.0}]",1785092014804.884
3,"[{""range"": 1.3417480951039482, ""doppler"": 0.0, ""angle"": -43.70945655247768, ""elevation"": 0.0}, {""range"": 1.2999013105571064, ""doppler"": 0.0, ""angle"": -42.262555376458955, ""elevation"": 0.0}, {""range"": 1.3164376692403026, ""doppler"": 0.0, ""angle"": -42.682556207171345, ""elevation"": 0.0}]",1785092014805.18
3,"[{""range"": 0.12625542750152757, ""doppler"": 0.0, ""angle"": -51.036036516668446, ""elevation"": 0.0}, {""range"": 1.2982426092479793, ""doppler"": 0.0, ""angle"": -43.984342528877555, ""elevation"": 0.0}, {""range"": 1.318677310078036, ""doppler"": 0.0, ""angle"": -44.620927116419395, ""elevation"": 0.0}]",1785092014805.433
1,"[{""range"": 1.2840751634212297, ""doppler"": 0.0, ""angle"": -42.6467031338917, ""elevation"": 0.0}]",1785092014805.705
2,"[{""range"": 0.14136935106371956, ""doppler"": 0.0, ""angle"": -41.51317022896287, ""elevation"": 0.0}, {""range"": 1.2851894860916253, ""doppler"": 0.0, ""angle"": -34.58776282941798, ""elevation"": 0.0}]",1785092014805.97
2,"[{""range"": 0.14303471798725592, ""doppler"": 0.0, ""angle"": -35.27955293390088, ""elevation"": 0.0}, {""range"": 1.282345949913601, ""doppler"": 0.0, ""angle"": -38.07959554964146, ""elevation"": 0.0}]",1785092014806.2349
1,"[{""range"": 1.2824638339558494, ""doppler"": 0.0, ""angle"": -32.079055339303714, ""elevation"": 0.0}]",1785092014806.566
3,"[{""range"": 1.2593821217850636, ""doppler"": 0.0, ""angle"": -32.36325081126169, ""elevation"": 0.0}, {""range"": 1.2840248131357135, ""doppler"": 0.0, ""angle"": -32.204986846286914, ""elevation"": 0.0}, {""range"": 1.3067835975060333, ""doppler"": 0.0, ""angle"": -32.88549603908385, ""elevation"": 0.0}]",1785092014806.842
1,"[{""range"": 1.2821027050277127, ""doppler"": 0.0, ""angle"": -27.09753778876389, ""elevation"": 0.0}]",1785092014807.112
3,"[{""range"": 0.08598626461290207, ""doppler"": 0.0, ""angle"": -66.2068815019242, ""elevation"": 0.0}, {""range"": 1.297427194693131, ""doppler"": 0.0, ""angle"": -39.92892026556049, ""elevation"": 0.0}, {""range"": 1.3199951736556879, ""doppler"": 0.0, ""angle"": -41.06179947240634, ""elevation"": 0.0}]",1785092014807.378
2,"[{""range"": 0.12241234176219971, ""doppler"": 0.0, ""angle"": -69.20885630358684, ""elevation"": 0.0}, {""range"": 0.4438058465211503, ""doppler"": 0.0, ""angle"": 39.359250017673894, ""elevation"": 0.0}]",1785092014807.6711
3,"[{""range"": 0.09160946926519004, ""doppler"": 0.0, ""angle"": -48.719388542298894, ""elevation"": 0.0}, {""range"": 0.09359145920618754, ""doppler"": 0.0, ""angle"": -52.99874046086897, ""elevation"": 0.0}, {""range"": 0.1363385601245796, ""doppler"": 0.0, ""angle"": -50.107835856012784, ""elevation"": 0.0}]",1785092014807.9639
3,"[{""range"": 0.5491017235494573, ""doppler"": 0.0, ""angle"": -28.64321967875015, ""elevation"": 0.0}, {""range"": 0.09154295496566184, ""doppler"": 0.0, ""angle"": 51.02557500836668, ""elevation"": 0.0}, {""range"": 0.08420237855701058, ""doppler"": 0.0, ""angle"": 51.9862859190142, ""elevation"": 0.0}]",1785092014808.227
4,"[{""range"": 1.3018079340727733, ""doppler"": 0.0, ""angle"": -64.55424963524194, ""elevation"": 0.0}, {""range"": 1.3210393107780478, ""doppler"": 0.0, ""angle"": -67.08960188380999, ""elevation"": 0.0}, {""range"": 0.5578742571779991, ""doppler"": 0.0, ""angle"": -20.409882833803987, ""elevation"": 0.0}, {""range"": 0.5676419828951335, ""doppler"": 0.0, ""angle"": -22.015911548778114, ""elevation"": 0.0}]",1785092014808.4878
3,"[{""range"": 1.3009690341470626, ""doppler"": 0.0, ""angle"": -20.063844549926795, ""elevation"": 0.0}, {""range"": 1.3209579828660887, ""doppler"": 0.0, ""angle"": -21.7798058301262, ""elevation"": 0.0}, {""range"": 0.09134889706063218, ""doppler"": 0.0, ""angle"": 22.197121046469725, ""elevation"": 0.0}]",1785092014808.792
3,"[{""range"": 0.542793961065863, ""doppler"": 0.0, ""angle"": -9.825380942939491, ""elevation"": 0.0}, {""range"": 0.13070026536719148, ""doppler"": 0.0, ""angle"": 34.690195862343245, ""elevation"": 0.0}, {""range"": 0.1978794941549838, ""doppler"": 0.0, ""angle"": 44.96338928324903, ""elevation"": 0.0}]",1785092014809.08
1,"[{""range"": 0.5441667635451746, ""doppler"": 0.0, ""angle"": -10.929615491587773, ""elevation"": 0.0}]",1785092014809.349
4,"[{""range"": 0.5446664807983682, ""doppler"": 0.0, ""angle"": -10.07771712748548, ""elevation"": 0.0}, {""range"": 0.09239421710156413, ""doppler"": 0.0, ""angle"": 33.874594358241275, ""elevation"": 0.0}, {""range"": 0.1288906169693273, ""doppler"": 0.0, ""angle"": 30.977388646856284, ""elevation"": 0.0}, {""range"": 0.0916061534232866, ""doppler"": 0.0, ""angle"": 34.34148037198751, ""elevation"": 0.0}]",1785092014809.6309
3,"[{""range"": 0.5436481195143307, ""doppler"": 0.0, ""angle"": -8.359305570912111, ""elevation"": 0.0}, {""range"": 0.09159219066690122, ""doppler"": 0.0, ""angle"": 37.384449579056756, ""elevation"": 0.0}, {""range"": 0.08905185270783918, ""doppler"": 0.0, ""angle"": 35.18994857223253, ""elevation"": 0.0}]",1785092014809.8938
4,"[{""range"": 0.5481813774887866, ""doppler"": 0.0, ""angle"": -10.221264063412175, ""elevation"": 0.0}, {""range"": 2.1183542743655557, ""doppler"": 0.0, ""angle"": -10.239958863989182, ""elevation"": 0.0}, {""range"": 0.09162604667475932, ""doppler"": 0.0, ""angle"": 40.09190443825474, ""elevation"": 0.0}, {""range"": 0.08627230313426956, ""doppler"": 0.0, ""angle"": 37.84373709201826, ""elevation"": 0.0}]",1785092014810.1619
4,"[{""range"": 0.5502583590125565, ""doppler"": 0.0, ""angle"": -11.16752403608858, ""elevation"": 0.0}, {""range"": 0.5562018852784759, ""doppler"": 0.0, ""angle"": -10.840305454330565, ""elevation"": 0.0}, {""range"": 0.0915333491716226, ""doppler"": 0.0, ""angle"": 39.84856441549635, ""elevation"": 0.0}, {""range"": 0.08429289622786257, ""doppler"": 0.0, ""angle"": 36.89420641804397, ""elevation"": 0.0}]",1785092014810.43
5,"[{""range"": 0.5433910685389637, ""doppler"": 0.0, ""angle"": -11.003026748494968, ""elevation"": 0.0}, {""range"": 0.5491347974310468, ""doppler"": 0.0, ""angle"": -11.247730042890737, ""elevation"": 0.0}, {""range"": 0.5572409709570127, ""doppler"": 0.0, ""angle"": -11.569546564182383, ""elevation"": 0.0}, {""range"": 0.08743708845522216, ""doppler"": 0.0, ""angle"": 31.707293829918495, ""elevation"": 0.0}, {""range"": 0.09162482528378108, ""doppler"": 0.0, ""angle"": 36.66862524362427, ""elevation"": 0.0}]",1785092014810.7058
5,"[{""range"": 0.5425568376105526, ""doppler"": 0.0, ""angle"": -9.791390578751065, ""elevation"": 0.0}, {""range"": 0.5489598268008083, ""doppler"": 0.0, ""angle"": -9.259821099403563, ""elevation"": 0.0}, {""range"": 0.5605794311094868, ""doppler"": 0.0, ""angle"": -9.825880668169615, ""elevation"": 0.0}, {""range"": 0.08608437835915221, ""doppler"": 0.0, ""angle"": 39.77509461667506, ""elevation"": 0.0}, {""range"": 0.09154435208810024, ""doppler"": 0.0, ""angle"": 44.683451952727, ""elevation"": 0.0}]",1785092014810.99
5,"[{""range"": 0.5545010588999744, ""doppler"": 0.0, ""angle"": -11.193978613577027, ""elevation"": 0.0}, {""range"": 0.5693097013137207, ""doppler"": 0.0, ""angle"": -12.277006940124902, ""elevation"": 0.0}, {""range"": 2.1186903909085215, ""doppler"": 0.0, ""angle"": -10.071287553058875, ""elevation"": 0.0}, {""range"": 0.09160056857613509, ""doppler"": 0.0, ""angle"": 33.534962925133776, ""elevation"": 0.0}, {""range"": 0.08863184623577351, ""doppler"": 0.0, ""angle"": 30.289719634089014, ""elevation"": 0.0}]",1785092014811.268
2,"[{""range"": 0.08858367228892491, ""doppler"": 0.0, ""angle"": 32.88810731004658, ""elevation"": 0.0}, {""range"": 0.09159219066690122, ""doppler"": 0.0, ""angle"": 37.384449579056756, ""elevation"": 0.0}]",1785092014811.551
4,"[{""range"": 0.09159219066690122, ""doppler"": 0.0, ""angle"": 52.615550420943244, ""elevation"": 0.0}, {""range"": 0.0860860497832817, ""doppler"": 0.0, ""angle"": 52.51122726789508, ""elevation"": 0.0}, {""range"": 0.12606889633361887, ""doppler"": 0.0, ""angle"": 45.6321243762022, ""elevation"": 0.0}, {""range"": 0.26198731229237227, ""doppler"": 0.0, ""angle"": 46.79768397774505, ""elevation"": 0.0}]",1785092014811.8223
4,"[{""range"": 0.5572344869922281, ""doppler"": 0.0, ""angle"": -17.132467727984412, ""elevation"": 0.0}, {""range"": 0.13516216358288202, ""doppler"": 0.0, ""angle"": 41.51393724587074, ""elevation"": 0.0}, {""range"": 0.09152653717951383, ""doppler"": 0.0, ""angle"": 49.11945286630506, ""elevation"": 0.0}, {""range"": 0.08851939957752067, ""doppler"": 0.0, ""angle"": 48.1934492732833, ""elevation"": 0.0}]",1785092014812.088
5,"[{""range"": 0.5571695858070671, ""doppler"": 0.0, ""angle"": -12.247586557024125, ""elevation"": 0.0}, {""range"": 0.5693841130828619, ""doppler"": 0.0, ""angle"": -13.36415744206653, ""elevation"": 0.0}, {""range"": 0.08693171416368929, ""doppler"": 0.0, ""angle"": 42.74935910296246, ""elevation"": 0.0}, {""range"": 0.12459790357578811, ""doppler"": 0.0, ""angle"": 43.313606329811094, ""elevation"": 0.0}, {""range"": 0.09156006824653362, ""doppler"": 0.0, ""angle"": 43.89220862333139, ""elevation"": 0.0}]",1785092014812.358
3,"[{""range"": 0.5434354044627036, ""doppler"": 0.0, ""angle"": -9.20197316795726, ""elevation"": 0.0}, {""range"": 0.5538545346251961, ""doppler"": 0.0, ""angle"": -9.92761209968472, ""elevation"": 0.0}, {""range"": 0.5643490714739159, ""doppler"": 0.0, ""angle"": -10.718908235182033, ""elevation"": 0.0}]",1785092014812.624
3,"[{""range"": 0.5525770969971279, ""doppler"": 0.0, ""angle"": -11.044490957194867, ""elevation"": 0.0}, {""range"": 0.5614166680457227, ""doppler"": 0.0, ""angle"": -10.998564884111394, ""elevation"": 0.0}, {""range"": 0.5427270090071457, ""doppler"": 0.0, ""angle"": -10.325107838645712, ""elevation"": 0.0}]",1785092014812.9011
3,"[{""range"": 0.5517353420772884, ""doppler"": 0.0, ""angle"": -14.738837099565773, ""elevation"": 0.0}, {""range"": 0.09148792631033775, ""doppler"": 0.0, ""angle"": 36.17557308782793, ""elevation"": 0.0}, {""range"": 0.09113162299409881, ""doppler"": 0.0, ""angle"": 35.093330746349366, ""elevation"": 0.0}]",1785092014813.15
2,"[{""range"": 0.4235002961638661, ""doppler"": 0.0, ""angle"": 41.45674447717816, ""elevation"": 0.0}, {""range"": 0.43391005662562715, ""doppler"": 0.0, ""angle"": 42.32769066730715, ""elevation"": 0.0}]",1785092014813.3901
4,"[{""range"": 0.1350650193907849, ""doppler"": 0.0, ""angle"": -14.88255502086047, ""elevation"": 0.0}, {""range"": 0.12901794012953002, ""doppler"": 0.0, ""angle"": 43.427569572326654, ""elevation"": 0.0}, {""range"": 0.09154609846116413, ""doppler"": 0.0, ""angle"": 45.47481603224259, ""elevation"": 0.0}, {""range"": 0.08851741287967337, ""doppler"": 0.0, ""angle"": 45.818455461688615, ""elevation"": 0.0}]",1785092014813.648
1,"[{""range"": 0.09150312800869866, ""doppler"": 0.0, ""angle"": 54.384227145738286, ""elevation"": 0.0}]",1785092014813.905
2,"[{""range"": 0.09156425876653244, ""doppler"": 0.0, ""angle"": 49.435114445315975, ""elevation"": 0.0}, {""range"": 0.08514416584315586, ""doppler"": 0.0, ""angle"": 46.957340629803475, ""elevation"": 0.0}]",1785092014814.158
3,"[{""range"": 0.4447801713890613, ""doppler"": 0.0, ""angle"": 39.584375739670286, ""elevation"": 0.0}, {""range"": 0.09150871880272277, ""doppler"": 0.0, ""angle"": 48.96152688251022, ""elevation"": 0.0}, {""range"": 0.08405795615582812, ""doppler"": 0.0, ""angle"": 51.130806108390736, ""elevation"": 0.0}]",1785092014814.401
3,"[{""range"": 0.45662097968678583, ""doppler"": 0.0, ""angle"": 38.48109898375425, ""elevation"": 0.0}, {""range"": 0.09149474117711384, ""doppler"": 0.0, ""angle"": 52.144658370591394, ""elevation"": 0.0}, {""range"": 0.08703996704186358, ""doppler"": 0.0, ""angle"": 55.885527054658745, ""elevation"": 0.0}]",1785092014814.646
4,"[{""range"": 0.4393187262423055, ""doppler"": 0.0, ""angle"": 42.82275282968332, ""elevation"": 0.0}, {""range"": 0.4509155984606042, ""doppler"": 0.0, ""angle"": 41.89770374607259, ""elevation"": 0.0}, {""range"": 0.09152653717951383, ""doppler"": 0.0, ""angle"": 52.30173340869423, ""elevation"": 0.0}, {""range"": 0.08684431516490014, ""doppler"": 0.0, ""angle"": 56.93162127356201, ""elevation"": 0.0}]",1785092014814.894
3,"[{""range"": 1.4621351680427512, ""doppler"": 0.0, ""angle"": -21.478715073589594, ""elevation"": 0.0}, {""range"": 0.09151448395133084, ""doppler"": 0.0, ""angle"": 51.58496929644179, ""elevation"": 0.0}, {""range"": 0.08448045355796405, ""doppler"": 0.0, ""angle"": 53.95479412885125, ""elevation"": 0.0}]",1785092014815.1309
2,"[{""range"": 0.25175503325834864, ""doppler"": 0.0, ""angle"": 43.10043425156984, ""elevation"": 0.0}, {""range"": 0.20378654586073827, ""doppler"": 0.0, ""angle"": 51.9133659789428, ""elevation"": 0.0}]",1785092014815.378
3,"[{""range"": 0.5444064748092404, ""doppler"": 0.0, ""angle"": -12.269571030101098, ""elevation"": 0.0}, {""range"": 0.5502495555772757, ""doppler"": 0.0, ""angle"": -13.435623972132499, ""elevation"": 0.0}, {""range"": 0.557048370776906, ""doppler"": 0.0, ""angle"": -16.235927148820235, ""elevation"": 0.0}]",1785092014815.637
3,"[{""range"": 0.5439392324415434, ""doppler"": 0.0, ""angle"": -12.743321124707554, ""elevation"": 0.0}, {""range"": 0.5527797869934278, ""doppler"": 0.0, ""angle"": -13.011287079346339, ""elevation"": 0.0}, {""range"": 0.5607261140837919, ""doppler"": 0.0, ""angle"": -13.668428140195388, ""elevation"": 0.0}]",1785092014815.888
3,"[{""range"": 0.5453929939198413, ""doppler"": 0.0, ""angle"": -11.670973631029707, ""elevation"": 0.0}, {""range"": 0.5520842215179399, ""doppler"": 0.0, ""angle"": -14.058747700670677, ""elevation"": 0.0}, {""range"": 0.557964721174789, ""doppler"": 0.0, ""angle"": -16.361562363515976, ""elevation"": 0.0}]",1785092014816.133
5,"[{""range"": 0.5426845300796024, ""doppler"": 0.0, ""angle"": -13.665357723618174, ""elevation"": 0.0}, {""range"": 0.5499889042627342, ""doppler"": 0.0, ""angle"": -14.632629380242065, ""elevation"": 0.0}, {""range"": 0.5587564932937235, ""doppler"": 0.0, ""angle"": -17.449187543307666, ""elevation"": 0.0}, {""range"": 0.09158852509062854, ""doppler"": 0.0, ""angle"": 36.82515280565243, ""elevation"": 0.0}, {""range"": 0.09082427783098836, ""doppler"": 0.0, ""angle"": 34.81643690776337, ""elevation"": 0.0}]",1785092014816.3872
3,"[{""range"": 0.5609325857552666, ""doppler"": 0.0, ""angle"": -19.226260719762205, ""elevation"": 0.0}, {""range"": 0.551856594286826, ""doppler"": 0.0, ""angle"": -15.427715447902985, ""elevation"": 0.0}, {""range"": 0.09159341249305952, ""doppler"": 0.0, ""angle"": 41.43846691103689, ""elevation"": 0.0}]",1785092014816.637
5,"[{""range"": 0.5573692289307293, ""doppler"": 0.0, ""angle"": -17.301390301167377, ""elevation"": 0.0}, {""range"": 0.14414898742679655, ""doppler"": 0.0, ""angle"": 42.536643424348775, ""elevation"": 0.0}, {""range"": 0.1980019379512883, ""doppler"": 0.0, ""angle"": 36.073024351750284, ""elevation"": 0.0}, {""range"": 0.0915450506413236, ""doppler"": 0.0, ""angle"": 49.27731617324477, ""elevation"": 0.0}, {""range"": 0.09530111704353958, ""doppler"": 0.0, ""angle"": 47.509364739851705, ""elevation"": 0.0}]",1785092014816.8772
2,"[{""range"": 0.5528895042137948, ""doppler"": 0.0, ""angle"": -16.477381942143506, ""elevation"": 0.0}, {""range"": 0.09151448395133084, ""doppler"": 0.0, ""angle"": 51.58496929644179, ""elevation"": 0.0}]",1785092014817.127
1,"[{""range"": 0.42002129505290503, ""doppler"": 0.0, ""angle"": 33.31121324671594, ""elevation"": 0.0}]",1785092014817.381
1,"[{""range"": 0.5551723736199335, ""doppler"": 0.0, ""angle"": -17.256045591088473, ""elevation"": 0.0}]",1785092014817.629
2,"[{""range"": 0.5496440467739533, ""doppler"": 0.0, ""angle"": -10.838357876931912, ""elevation"": 0.0}, {""range"": 0.18139966387613743, ""doppler"": 0.0, ""angle"": 34.80231508866076, ""elevation"": 0.0}]",1785092014817.8801
3,"[{""range"": 0.5493312198999595, ""doppler"": 0.0, ""angle"": -13.516045015715482, ""elevation"": 0.0}, {""range"": 2.1398740547985415, ""doppler"": 0.0, ""angle"": -5.976427334680462, ""elevation"": 0.0}, {""range"": 0.09151395986191978, ""doppler"": 0.0, ""angle"": 34.65267026206959, ""elevation"": 0.0}]",1785092014818.1418
1,"[{""range"": 0.552830512948257, ""doppler"": 0.0, ""angle"": -14.36436351031497, ""elevation"": 0.0}]",1785092014818.387
2,"[{""range"": 0.5536565117081045, ""doppler"": 0.0, ""angle"": -14.839633391990974, ""elevation"": 0.0}, {""range"": 2.14310299611565, ""doppler"": 0.0, ""angle"": -8.318728084066803, ""elevation"": 0.0}]",1785092014818.6382
2,"[{""range"": 0.5581992804116449, ""doppler"": 0.0, ""angle"": -14.071855788420473, ""elevation"": 0.0}, {""range"": 0.09162604667475932, ""doppler"": 0.0, ""angle"": 49.90809556174527, ""elevation"": 0.0}]",1785092014818.879
6,"[{""range"": 1.3216966365448766, ""doppler"": 0.0, ""angle"": -27.622432648087038, ""elevation"": 0.0}, {""range"": 1.2893353284483746, ""doppler"": 0.0, ""angle"": -22.471332439373747, ""elevation"": 0.0}, {""range"": 0.5589928938998002, ""doppler"": 0.0, ""angle"": -12.244527870249854, ""elevation"": 0.0}, {""range"": 0.5737198198692254, ""doppler"": 0.0, ""angle"": -11.14182797981556, ""elevation"": 0.0}, {""range"": 0.09162604667475932, ""doppler"": 0.0, ""angle"": 52.77228793007456, ""elevation"": 0.0}, {""range"": 0.08469855676236368, ""doppler"": 0.0, ""angle"": 49.28062399810226, ""elevation"": 0.0}]",1785092014819.1108
4,"[{""range"": 0.559428102684755, ""doppler"": 0.0, ""angle"": -12.10371074163966, ""elevation"": 0.0}, {""range"": 0.5742934588946087, ""doppler"": 0.0, ""angle"": -12.296607239704661, ""elevation"": 0.0}, {""range"": 0.09162569770756976, ""doppler"": 0.0, ""angle"": 51.4973574643715, ""elevation"": 0.0}, {""range"": 0.08632861931431833, ""doppler"": 0.0, ""angle"": 49.11551126725123, ""elevation"": 0.0}]",1785092014819.366
3,"[{""range"": 0.5420524030793905, ""doppler"": 0.0, ""angle"": -11.454496791754014, ""elevation"": 0.0}, {""range"": 0.5570251234033228, ""doppler"": 0.0, ""angle"": -11.367646662017725, ""elevation"": 0.0}, {""range"": 0.5719039358095426, ""doppler"": 0.0, ""angle"": -12.624018839884767, ""elevation"": 0.0}]",1785092014819.586
3,"[{""range"": 0.5434802956807238, ""doppler"": 0.0, ""angle"": -12.175071442918698, ""elevation"": 0.0}, {""range"": 0.5593748597525744, ""doppler"": 0.0, ""angle"": -12.423517570254988, ""elevation"": 0.0}, {""range"": 0.5736384735787172, ""doppler"": 0.0, ""angle"": -14.053570383407378, ""elevation"": 0.0}]",1785092014819.836
3,"[{""range"": 0.5729161900410846, ""doppler"": 0.0, ""angle"": -11.558936252829561, ""elevation"": 0.0}, {""range"": 0.5465209425269918, ""doppler"": 0.0, ""angle"": -10.100285425770371, ""elevation"": 0.0}, {""range"": 0.5603397910683262, ""doppler"": 0.0, ""angle"": -10.51744578809367, ""elevation"": 0.0}]",1785092014820.071
6,"[{""range"": 0.5499947178807673, ""doppler"": 0.0, ""angle"": -11.781206393099891, ""elevation"": 0.0}, {""range"": 0.5606305920105447, ""doppler"": 0.0, ""angle"": -11.890540416245772, ""elevation"": 0.0}, {""range"": 0.5612070414788801, ""doppler"": 0.0, ""angle"": -11.635737619214051, ""elevation"": 0.0}, {""range"": 2.1525182099009808, ""doppler"": 0.0, ""angle"": -12.220083291820282, ""elevation"": 0.0}, {""range"": 0.09152706119690643, ""doppler"": 0.0, ""angle"": 54.94378801386397, ""elevation"": 0.0}, {""range"": 0.08564123463893877, ""doppler"": 0.0, ""angle"": 54.51794916094877, ""elevation"": 0.0}]",1785092014820.327
7,"[{""range"": 1.3798285314620187, ""doppler"": 0.0, ""angle"": -27.91000934499779, ""elevation"": 0.0}, {""range"": 1.4005185185225206, ""doppler"": 0.0, ""angle"": -28.34831974422996, ""elevation"": 0.0}, {""range"": 0.5684697744401456, ""doppler"": 0.0, ""angle"": -9.980835301516288, ""elevation"": 0.0}, {""range"": 0.5806498983682051, ""doppler"": 0.0, ""angle"": -7.146901672326765, ""elevation"": 0.0}, {""range"": 2.1473629873859825, ""doppler"": 0.0, ""angle"": 1.2644441595558715, ""elevation"": 0.0}, {""range"": 0.0914788390315712, ""doppler"": 0.0, ""angle"": 30.67564743084339, ""elevation"": 0.0}, {""range"": 0.09612159630415448, ""doppler"": 0.0, ""angle"": 26.517384150210873, ""elevation"": 0.0}]",1785092014820.551
8,"[{""range"": 1.3569008602348833, ""doppler"": 0.0, ""angle"": -32.820969130052916, ""elevation"": 0.0}, {""range"": 1.3945938560853717, ""doppler"": 0.0, ""angle"": -29.049609261716153, ""elevation"": 0.0}, {""range"": 0.7018274484326222, ""doppler"": 0.0, ""angle"": -4.647260935180729, ""elevation"": 0.0}, {""range"": 0.7136622724393118, ""doppler"": 0.0, ""angle"": -5.146339092064967, ""elevation"": 0.0}, {""range"": 0.91830431751881, ""doppler"": 0.0, ""angle"": -3.103090878852537, ""elevation"": 0.0}, {""range"": 2.6999553885869227, ""doppler"": 0.0, ""angle"": 0.32633841676453484, ""elevation"": 0.0}, {""range"": 2.798800412613864, ""doppler"": 0.0, ""angle"": -1.2996238023826214, ""elevation"": 0.0}, {""range"": 2.817600083972873, ""doppler"": 0.0, ""angle"": -0.949084778049446, ""elevation"": 0.0}]",1785092014820.779
11,"[{""range"": 1.3162175354309735, ""doppler"": 0.0, ""angle"": -37.72615668636404, ""elevation"": 0.0}, {""range"": 1.342515786996792, ""doppler"": 0.0, ""angle"": -39.17825940748938, ""elevation"": 0.0}, {""range"": 1.3015882370143965, ""doppler"": 0.0, ""angle"": -34.14852877065051, ""elevation"": 0.0}, {""range"": 0.5549640757768609, ""doppler"": 0.0, ""angle"": -10.151283117206004, ""elevation"": 0.0}, {""range"": 2.155152130139953, ""doppler"": 0.0, ""angle"": -7.513594273784897, ""elevation"": 0.0}, {""range"": 2.1794853438949042, ""doppler"": 0.0, ""angle"": -7.723246932147279, ""elevation"": 0.0}, {""range"": 0.8980081357578218, ""doppler"": 0.0, ""angle"": -0.18254268627443704, ""elevation"": 0.0}, {""range"": 2.8102551746505666, ""doppler"": 0.0, ""angle"": 0.1895755702661599, ""elevation"": 0.0}, {""range"": 2.8189608811875906, ""doppler"": 0.0, ""angle"": -0.5669785492293542, ""elevation"": 0.0}, {""range"": 0.6206805783947515, ""doppler"": 0.0, ""angle"": 22.190691105838148, ""elevation"": 0.0}, {""range"": 0.6027220412381332, ""doppler"": 0.0, ""angle"": 29.211451791119877, ""elevation"": 0.0}]",1785092014821.0098
12,"[{""range"": 1.29530425786283, ""doppler"": 0.0, ""angle"": -33.50798874157854, ""elevation"": 0.0}, {""range"": 1.3121858363980143, ""doppler"": 0.0, ""angle"": -34.051707412348925, ""elevation"": 0.0}, {""range"": 0.5605693352630478, ""doppler"": 0.0, ""angle"": -6.299825555946934, ""elevation"": 0.0}, {""range"": 0.6407933996670584, ""doppler"": 0.0, ""angle"": -9.346668896958352, ""elevation"": 0.0}, {""range"": 0.6867796982831449, ""doppler"": 0.0, ""angle"": -9.13859297189608, ""elevation"": 0.0}, {""range"": 0.7019644759550657, ""doppler"": 0.0, ""angle"": -7.729670037310689, ""elevation"": 0.0}, {""range"": 0.922331442709712, ""doppler"": 0.0, ""angle"": -0.2554854972321906, ""elevation"": 0.0}, {""range"": 0.9318023113618492, ""doppler"": 0.0, ""angle"": 0.1429367853501273, ""elevation"": 0.0}, {""range"": 0.5761293114386439, ""doppler"": 0.0, ""angle"": 4.503724995591903, ""elevation"": 0.0}, {""range"": 0.6188150661065509, ""doppler"": 0.0, ""angle"": 27.053734267090277, ""elevation"": 0.0}, {""range"": 0.4517066855294037, ""doppler"": 0.0, ""angle"": 39.329303090011216, ""elevation"": 0.0}, {""range"": 0.09156984582822016, ""doppler"": 0.0, ""angle"": 66.8895567699047, ""elevation"": 0.0}]",1785092014821.237
10,"[{""range"": 1.3140376262022322, ""doppler"": 0.0, ""angle"": -41.22626551867388, ""elevation"": 0.0}, {""range"": 1.2883795992870024, ""doppler"": 0.0, ""angle"": -34.04736200456589, ""elevation"": 0.0}, {""range"": 0.5785786732112501, ""doppler"": 0.0, ""angle"": -18.524543401206273, ""elevation"": 0.0}, {""range"": 0.5584442763751819, ""doppler"": 0.0, ""angle"": -17.03663612214626, ""elevation"": 0.0}, {""range"": 0.6364171054844036, ""doppler"": 0.0, ""angle"": -15.297476344069377, ""elevation"": 0.0}, {""range"": 0.7027315729079278, ""doppler"": 0.0, ""angle"": -3.6472697186158296, ""elevation"": 0.0}, {""range"": 0.6966014623185455, ""doppler"": 0.0, ""angle"": -3.3552331401163715, ""elevation"": 0.0}, {""range"": 2.8227531425107726, ""doppler"": 0.0, ""angle"": -0.9074218987833276, ""elevation"": 0.0}, {""range"": 0.4573089373127749, ""doppler"": 0.0, ""angle"": 35.38662563230665, ""elevation"": 0.0}, {""range"": 0.47855807244389553, ""doppler"": 0.0, ""angle"": 38.17165574454896, ""elevation"": 0.0}]",1785092014821.4688
11,"[{""range"": 1.3167227743435674, ""doppler"": 0.0, ""angle"": -43.9435705910341, ""elevation"": 0.0}, {""range"": 1.2977138769413668, ""doppler"": 0.0, ""angle"": -42.17969019366581, ""elevation"": 0.0}, {""range"": 0.5563365899421354, ""doppler"": 0.0, ""angle"": -15.644374486853042, ""elevation"": 0.0}, {""range"": 0.6054479272407222, ""doppler"": 0.0, ""angle"": -8.1157437095197, ""elevation"": 0.0}, {""range"": 0.6334986793755442, ""doppler"": 0.0, ""angle"": -8.701897537629197, ""elevation"": 0.0}, {""range"": 0.6516374529339214, ""doppler"": 0.0, ""angle"": -6.744740210379178, ""elevation"": 0.0}, {""range"": 0.4876641207399031, ""doppler"": 0.0, ""angle"": 35.86982351772131, ""elevation"": 0.0}, {""range"": 1.8836910055469085, ""doppler"": 0.0, ""angle"": 40.55350982730572, ""elevation"": 0.0}, {""range"": 1.9116500040588864, ""doppler"": 0.0, ""angle"": 42.28558589525027, ""elevation"": 0.0}, {""range"": 0.4473045846566824, ""doppler"": 0.0, ""angle"": 50.563941531455534, ""elevation"": 0.0}, {""range"": 0.4711785510846369, ""doppler"": 0.0, ""angle"": 44.077442385581584, ""elevation"": 0.0}]",1785092014821.707
8,"[{""range"": 0.6013990067644516, ""doppler"": 0.0, ""angle"": -13.81312697160158, ""elevation"": 0.0}, {""range"": 0.6246263537845433, ""doppler"": 0.0, ""angle"": -16.344184308740303, ""elevation"": 0.0}, {""range"": 0.6340029538484119, ""doppler"": 0.0, ""angle"": -16.871052118589372, ""elevation"": 0.0}, {""range"": 0.6460079980082012, ""doppler"": 0.0, ""angle"": -16.829882881305277, ""elevation"": 0.0}, {""range"": 0.6727069805847541, ""doppler"": 0.0, ""angle"": -16.127399554033374, ""elevation"": 0.0}, {""range"": 2.7917094182926103, ""doppler"": 0.0, ""angle"": -2.3714299513819426, ""elevation"": 0.0}, {""range"": 0.48629921451903924, ""doppler"": 0.0, ""angle"": 41.78050510314717, ""elevation"": 0.0}, {""range"": 0.49482171077540593, ""doppler"": 0.0, ""angle"": 41.704037079039644, ""elevation"": 0.0}]",1785092014821.975
7,"[{""range"": 1.291472484093802, ""doppler"": 0.0, ""angle"": -50.263497870482475, ""elevation"": 0.0}, {""range"": 1.3110493895847504, ""doppler"": 0.0, ""angle"": -47.50395427384193, ""elevation"": 0.0}, {""range"": 0.555622113326539, ""doppler"": 0.0, ""angle"": -11.302699984849706, ""elevation"": 0.0}, {""range"": 0.5686346370866967, ""doppler"": 0.0, ""angle"": -11.150925168505148, ""elevation"": 0.0}, {""range"": 0.5768033649801595, ""doppler"": 0.0, ""angle"": -11.316899373245736, ""elevation"": 0.0}, {""range"": 0.6033887236157237, ""doppler"": 0.0, ""angle"": -9.914537727863308, ""elevation"": 0.0}, {""range"": 2.187065072918092, ""doppler"": 0.0, ""angle"": -9.758051658867759, ""elevation"": 0.0}]",1785092014822.2
7,"[{""range"": 0.5426642615693609, ""doppler"": 0.0, ""angle"": -11.769059046934954, ""elevation"": 0.0}, {""range"": 0.5584844688138121, ""doppler"": 0.0, ""angle"": -12.349727890968737, ""elevation"": 0.0}, {""range"": 0.5700100505592933, ""doppler"": 0.0, ""angle"": -13.62646552950674, ""elevation"": 0.0}, {""range"": 2.8051964647508463, ""doppler"": 0.0, ""angle"": -0.5770655358509824, ""elevation"": 0.0}, {""range"": 3.3964897799063456, ""doppler"": 0.0, ""angle"": 3.1416807931468558, ""elevation"": 0.0}, {""range"": 3.4090603878737347, ""doppler"": 0.0, ""angle"": 1.1511112206643324, ""elevation"": 0.0}, {""range"": 0.6420226597681473, ""doppler"": 0.0, ""angle"": 43.53293469747407, ""elevation"": 0.0}]",1785092014822.4312
4,"[{""range"": 0.5996951245309272, ""doppler"": 0.0, ""angle"": -20.27210810474728, ""elevation"": 0.0}, {""range"": 0.6147659989856903, ""doppler"": 0.0, ""angle"": -19.984530337896132, ""elevation"": 0.0}, {""range"": 2.803745241821458, ""doppler"": 0.0, ""angle"": -1.5422342260326631, ""elevation"": 0.0}, {""range"": 0.6831011761564314, ""doppler"": 0.0, ""angle"": 51.19496748187392, ""elevation"": 0.0}]",1785092014822.6602
11,"[{""range"": 0.5194807004958352, ""doppler"": 0.0, ""angle"": -12.706359026251855, ""elevation"": 0.0}, {""range"": 0.541782644202665, ""doppler"": 0.0, ""angle"": -10.92052447234736, ""elevation"": 0.0}, {""range"": 0.5734425430238727, ""doppler"": 0.0, ""angle"": -12.242001765108078, ""elevation"": 0.0}, {""range"": 1.4212319694589548, ""doppler"": 0.0, ""angle"": -2.4228567682114015, ""elevation"": 0.0}, {""range"": 2.6838838414684196, ""doppler"": 0.0, ""angle"": 2.592855372239555, ""elevation"": 0.0}, {""range"": 2.803216408504601, ""doppler"": 0.0, ""angle"": 1.7984724401478345, ""elevation"": 0.0}, {""range"": 2.6440900848905677, ""doppler"": 0.0, ""angle"": 5.530152801279415, ""elevation"": 0.0}, {""range"": 0.6641515419760604, ""doppler"": 0.0, ""angle"": 25.585377791226836, ""elevation"": 0.0}, {""range"": 0.6813825509220557, ""doppler"": 0.0, ""angle"": 25.125896668641268, ""elevation"": 0.0}, {""range"": 0.7115346180708695, ""doppler"": 0.0, ""angle"": 29.973484546884322, ""elevation"": 0.0}, {""range"": 0.7423946698099408, ""doppler"": 0.0, ""angle"": 34.12258139494033, ""elevation"": 0.0}]",1785092014822.895
6,"[{""range"": 0.5209047255328066, ""doppler"": 0.0, ""angle"": -11.363934135233633, ""elevation"": 0.0}, {""range"": 0.5513933455155919, ""doppler"": 0.0, ""angle"": -13.292652431878508, ""elevation"": 0.0}, {""range"": 0.5935494961410864, ""doppler"": 0.0, ""angle"": -14.26649707811697, ""elevation"": 0.0}, {""range"": 0.6376292283454976, ""doppler"": 0.0, ""angle"": -15.98512332256999, ""elevation"": 0.0}, {""range"": 0.6610079779724616, ""doppler"": 0.0, ""angle"": -14.85953166468724, ""elevation"": 0.0}, {""range"": 0.7172611182766835, ""doppler"": 0.0, ""angle"": 31.20137501724232, ""elevation"": 0.0}]",1785092014823.1191
9,"[{""range"": 0.6139145920305282, ""doppler"": 0.0, ""angle"": -3.975039439577205, ""elevation"": 0.0}, {""range"": 0.6539320192051564, ""doppler"": 0.0, ""angle"": -6.9734405662334895, ""elevation"": 0.0}, {""range"": 0.6700110635749537, ""doppler"": 0.0, ""angle"": -7.005527823086883, ""elevation"": 0.0}, {""range"": 0.6862571528907658, ""doppler"": 0.0, ""angle"": -6.388002790142467, ""elevation"": 0.0}, {""range"": 2.521179139003459, ""doppler"": 0.0, ""angle"": -6.348269411441432, ""elevation"": 0.0}, {""range"": 2.5447188977972828, ""doppler"": 0.0, ""angle"": -4.081887762524361, ""elevation"": 0.0}, {""range"": 2.7428007383398967, ""doppler"": 0.0, ""angle"": -4.1311253067428435, ""elevation"": 0.0}, {""range"": 2.660644851416642, ""doppler"": 0.0, ""angle"": 1.544308427655627, ""elevation"": 0.0}, {""range"": 2.686313849846211, ""doppler"": 0.0, ""angle"": -1.1366113517035548, ""elevation"": 0.0}]",1785092014823.374
5,"[{""range"": 0.6866026656375324, ""doppler"": 0.0, ""angle"": -3.6433513066310397, ""elevation"": 0.0}, {""range"": 0.5081993940245307, ""doppler"": 0.0, ""angle"": -0.3628818583256981, ""elevation"": 0.0}, {""range"": 0.5187479452861538, ""doppler"": 0.0, ""angle"": 1.5406874452142738, ""elevation"": 0.0}, {""range"": 0.672718007682104, ""doppler"": 0.0, ""angle"": -0.44166525645572774, ""elevation"": 0.0}, {""range"": 0.6954519662060319, ""doppler"": 0.0, ""angle"": -2.9771702507696576, ""elevation"": 0.0}]",1785092014823.6
11,"[{""range"": 0.5341428430335929, ""doppler"": 0.0, ""angle"": -13.631513855417111, ""elevation"": 0.0}, {""range"": 0.5348009405814795, ""doppler"": 0.0, ""angle"": -14.542696903433539, ""elevation"": 0.0}, {""range"": 0.5690953410569695, ""doppler"": 0.0, ""angle"": -17.990892650272357, ""elevation"": 0.0}, {""range"": 0.6975918210654858, ""doppler"": 0.0, ""angle"": -3.939123397465566, ""elevation"": 0.0}, {""range"": 0.7052789026513405, ""doppler"": 0.0, ""angle"": -5.032662302561843, ""elevation"": 0.0}, {""range"": 1.4881409249967725, ""doppler"": 0.0, ""angle"": -10.30669380598074, ""elevation"": 0.0}, {""range"": 1.4947523959616982, ""doppler"": 0.0, ""angle"": -9.689940092565225, ""elevation"": 0.0}, {""range"": 2.6146160330884536, ""doppler"": 0.0, ""angle"": -6.144168221083398, ""elevation"": 0.0}, {""range"": 0.673440079236675, ""doppler"": 0.0, ""angle"": -2.343510226246821, ""elevation"": 0.0}, {""range"": 2.7665807262154987, ""doppler"": 0.0, ""angle"": -1.4332993578656523, ""elevation"": 0.0}, {""range"": 2.8013135054698712, ""doppler"": 0.0, ""angle"": -0.67296129176148, ""elevation"": 0.0}]",1785092014823.824
6,"[{""range"": 0.5754581633302026, ""doppler"": 0.0, ""angle"": -11.816219986786225, ""elevation"": 0.0}, {""range"": 0.5825320533887334, ""doppler"": 0.0, ""angle"": -12.462040558319412, ""elevation"": 0.0}, {""range"": 0.6259502260534339, ""doppler"": 0.0, ""angle"": -6.7920703467210695, ""elevation"": 0.0}, {""range"": 0.7086643475298526, ""doppler"": 0.0, ""angle"": -6.708992210635719, ""elevation"": 0.0}, {""range"": 0.6837046124682806, ""doppler"": 0.0, ""angle"": -3.0883963407211152, ""elevation"": 0.0}, {""range"": 3.470410651958481, ""doppler"": 0.0, ""angle"": -1.2931654908031556, ""elevation"": 0.0}]",1785092014824.055
9,"[{""range"": 0.6728163880074945, ""doppler"": 0.0, ""angle"": -3.6570727376475136, ""elevation"": 0.0}, {""range"": 0.7024436341882716, ""doppler"": 0.0, ""angle"": -5.976178703367614, ""elevation"": 0.0}, {""range"": 2.54150137664109, ""doppler"": 0.0, ""angle"": -7.328520037746437, ""elevation"": 0.0}, {""range"": 2.547154207660464, ""doppler"": 0.0, ""angle"": -8.774602202014524, ""elevation"": 0.0}, {""range"": 0.6098134311875962, ""doppler"": 0.0, ""angle"": -0.7896572235428687, ""elevation"": 0.0}, {""range"": 0.6379556440523141, ""doppler"": 0.0, ""angle"": 1.1403036811881182, ""elevation"": 0.0}, {""range"": 4.44286755067786, ""doppler"": 0.0, ""angle"": 3.7892251180778387, ""elevation"": 0.0}, {""range"": 0.7187759898898797, ""doppler"": 0.0, ""angle"": 25.2709197222704, ""elevation"": 0.0}, {""range"": 0.7469407565559877, ""doppler"": 0.0, ""angle"": 25.540597221403083, ""elevation"": 0.0}]",1785092014824.299
8,"[{""range"": 2.5243349116685074, ""doppler"": 0.0, ""angle"": -5.630227656296172, ""elevation"": 0.0}, {""range"": 0.6510071173810346, ""doppler"": 0.0, ""angle"": -2.5818385933623667, ""elevation"": 0.0}, {""range"": 0.6689653932000605, ""doppler"": 0.0, ""angle"": -3.279225165803857, ""elevation"": 0.0}, {""range"": 0.6981632923438061, ""doppler"": 0.0, ""angle"": 1.5410212986769471, ""elevation"": 0.0}, {""range"": 2.4121154899556476, ""doppler"": 0.0, ""angle"": 0.8622601689340785, ""elevation"": 0.0}, {""range"": 2.424340995668525, ""doppler"": 0.0, ""angle"": -0.6592717514564832, ""elevation"": 0.0}, {""range"": 3.3445199815717985, ""doppler"": 0.0, ""angle"": -1.0109430024277117, ""elevation"": 0.0}, {""range"": 3.376578066704256, ""doppler"": 0.0, ""angle"": 2.221606339061538, ""elevation"": 0.0}]",1785092014824.5298
7,"[{""range"": 0.6585132619281888, ""doppler"": 0.0, ""angle"": -8.730784973736796, ""elevation"": 0.0}, {""range"": 2.3526641144855707, ""doppler"": 0.0, ""angle"": -4.062036739051973, ""elevation"": 0.0}, {""range"": 2.5316181659729198, ""doppler"": 0.0, ""angle"": -5.971936397201892, ""elevation"": 0.0}, {""range"": 2.5336551708449426, ""doppler"": 0.0, ""angle"": -4.967814065964663, ""elevation"": 0.0}, {""range"": 0.6385172936523783, ""doppler"": 0.0, ""angle"": -2.9858009747627157, ""elevation"": 0.0}, {""range"": 2.3341924769718787, ""doppler"": 0.0, ""angle"": -2.630066183540067, ""elevation"": 0.0}, {""range"": 0.731042560780977, ""doppler"": 0.0, ""angle"": 27.267031946565943, ""elevation"": 0.0}]",1785092014824.753
6,"[{""range"": 0.7167510480553708, ""doppler"": 0.0, ""angle"": -12.052826768950696, ""elevation"": 0.0}, {""range"": 0.6873035444306408, ""doppler"": 0.0, ""angle"": -4.835440875590576, ""elevation"": 0.0}, {""range"": 2.51530545156758, ""doppler"": 0.0, ""angle"": -5.53591018845754, ""elevation"": 0.0}, {""range"": 2.5298181883106907, ""doppler"": 0.0, ""angle"": -4.50803882878422, ""elevation"": 0.0}, {""range"": 2.48535519375883, ""doppler"": 0.0, ""angle"": -2.6721940156744584, ""elevation"": 0.0}, {""range"": 2.8055913190767887, ""doppler"": 0.0, ""angle"": 0.0401691186350285, ""elevation"": 0.0}]",1785092014825.0098
8,"[{""range"": 2.407197673503252, ""doppler"": 0.0, ""angle"": 0.11065877396248715, ""elevation"": 0.0}, {""range"": 2.4163032662082022, ""doppler"": 0.0, ""angle"": 0.678426308949515, ""elevation"": 0.0}, {""range"": 2.498575863941939, ""doppler"": 0.0, ""angle"": -0.15171680291936654, ""elevation"": 0.0}, {""range"": 2.8056829696707224, ""doppler"": 0.0, ""angle"": 1.026159648441112, ""elevation"": 0.0}, {""range"": 0.6529556756879727, ""doppler"": 0.0, ""angle"": 4.75973258385409, ""elevation"": 0.0}, {""range"": 0.6810555169110819, ""doppler"": 0.0, ""angle"": 7.042917395138868, ""elevation"": 0.0}, {""range"": 0.7032322606798002, ""doppler"": 0.0, ""angle"": 6.6877076566641005, ""elevation"": 0.0}, {""range"": 2.4507332467216107, ""doppler"": 0.0, ""angle"": 6.056270484587399, ""elevation"": 0.0}]",1785092014825.231
8,"[{""range"": 2.313690660330321, ""doppler"": 0.0, ""angle"": -3.9086266139710655, ""elevation"": 0.0}, {""range"": 0.6609543793800237, ""doppler"": 0.0, ""angle"": 0.7595586387215336, ""elevation"": 0.0}, {""range"": 2.314372145700697, ""doppler"": 0.0, ""angle"": -1.4078669738768868, ""elevation"": 0.0}, {""range"": 2.4579967383875037, ""doppler"": 0.0, ""angle"": -0.23341669593481104, ""elevation"": 0.0}, {""range"": 2.48293238971524, ""doppler"": 0.0, ""angle"": -1.469118016543855, ""elevation"": 0.0}, {""range"": 2.4998954233718345, ""doppler"": 0.0, ""angle"": -2.603306576630703, ""elevation"": 0.0}, {""range"": 0.6696196746830964, ""doppler"": 0.0, ""angle"": 4.34941968453279, ""elevation"": 0.0}, {""range"": 0.685978846163731, ""doppler"": 0.0, ""angle"": 12.174034599252778, ""elevation"": 0.0}]",1785092014825.455
12,"[{""range"": 0.7832626956784718, ""doppler"": 0.0, ""angle"": -42.14082793543059, ""elevation"": 0.0}, {""range"": 0.6271164011419904, ""doppler"": 0.0, ""angle"": -6.434006780612647, ""elevation"": 0.0}, {""range"": 2.295518998040573, ""doppler"": 0.0, ""angle"": -3.948564056220886, ""elevation"": 0.0}, {""range"": 2.3072162939737604, ""doppler"": 0.0, ""angle"": -5.140155186559309, ""elevation"": 0.0}, {""range"": 2.343116586590067, ""doppler"": 0.0, ""angle"": -6.036470029135606, ""elevation"": 0.0}, {""range"": 0.6432735293780891, ""doppler"": 0.0, ""angle"": -1.6247505364311567, ""elevation"": 0.0}, {""range"": 0.654817018138992, ""doppler"": 0.0, ""angle"": -0.06258411439238486, ""elevation"": 0.0}, {""range"": 0.6955994430694323, ""doppler"": 0.0, ""angle"": 0.3534913267620184, ""elevation"": 0.0}, {""range"": 2.305271994555531, ""doppler"": 0.0, ""angle"": -3.4241366676540133, ""elevation"": 0.0}, {""range"": 2.806306249915778, ""doppler"": 0.0, ""angle"": -0.029206460838755416, ""elevation"": 0.0}, {""range"": 2.432089523485003, ""doppler"": 0.0, ""angle"": 6.068980505738078, ""elevation"": 0.0}, {""range"": 0.5341687024391975, ""doppler"": 0.0, ""angle"": 25.690112528184386, ""elevation"": 0.0}]",1785092014825.6729
4,"[{""range"": 0.6688798553096093, ""doppler"": 0.0, ""angle"": -1.7004450811363703, ""elevation"": 0.0}, {""range"": 0.6822108041317663, ""doppler"": 0.0, ""angle"": 0.5857031625954365, ""elevation"": 0.0}, {""range"": 0.5248702846986791, ""doppler"": 0.0, ""angle"": 12.473760417414546, ""elevation"": 0.0}, {""range"": 0.5286727033639796, ""doppler"": 0.0, ""angle"": 15.860213611684053, ""elevation"": 0.0}]",1785092014825.8901
5,"[{""range"": 1.2932374600159562, ""doppler"": 0.0, ""angle"": -34.476697895859125, ""elevation"": 0.0}, {""range"": 0.5800143020521402, ""doppler"": 0.0, ""angle"": -13.950561193659635, ""elevation"": 0.0}, {""range"": 0.5976340756558473, ""doppler"": 0.0, ""angle"": -11.93192078599258, ""elevation"": 0.0}, {""range"": 0.6268278280636198, ""doppler"": 0.0, ""angle"": -6.042371172038284, ""elevation"": 0.0}, {""range"": 0.6550041306721454, ""doppler"": 0.0, ""angle"": -5.5300512521284695, ""elevation"": 0.0}]",1785092014826.1042
6,"[{""range"": 0.5779682947891567, ""doppler"": 0.0, ""angle"": -16.0013987273703, ""elevation"": 0.0}, {""range"": 0.5892078682587321, ""doppler"": 0.0, ""angle"": -14.015157137539937, ""elevation"": 0.0}, {""range"": 0.6143510734590458, ""doppler"": 0.0, ""angle"": -8.266891227870948, ""elevation"": 0.0}, {""range"": 0.6514957542246557, ""doppler"": 0.0, ""angle"": 2.0919945200940493, ""elevation"": 0.0}, {""range"": 1.2264608430759039, ""doppler"": 0.0, ""angle"": -0.9105736610556475, ""elevation"": 0.0}, {""range"": 2.826265647710987, ""doppler"": 0.0, ""angle"": 4.5869297892701475, ""elevation"": 0.0}]",1785092014826.3108
8,"[{""range"": 1.4700600551333778, ""doppler"": 0.0, ""angle"": -13.076106668080966, ""elevation"": 0.0}, {""range"": 0.6129428944989952, ""doppler"": 0.0, ""angle"": -8.742349829909031, ""elevation"": 0.0}, {""range"": 0.6362120879554045, ""doppler"": 0.0, ""angle"": -4.497512378432033, ""elevation"": 0.0}, {""range"": 0.6647760756900208, ""doppler"": 0.0, ""angle"": -1.1097068291061158, ""elevation"": 0.0}, {""range"": 0.7077661076866943, ""doppler"": 0.0, ""angle"": 2.2732532960029648, ""elevation"": 0.0}, {""range"": 0.8214305189093293, ""doppler"": 0.0, ""angle"": 37.36630894973454, ""elevation"": 0.0}, {""range"": 0.8351726618242684, ""doppler"": 0.0, ""angle"": 38.06972378137407, ""elevation"": 0.0}, {""range"": 0.8477250104563567, ""doppler"": 0.0, ""angle"": 37.043930865474046, ""elevation"": 0.0}]",1785092014826.578
8,"[{""range"": 0.6243164513693649, ""doppler"": 0.0, ""angle"": -7.935156351772068, ""elevation"": 0.0}, {""range"": 0.6474744907264823, ""doppler"": 0.0, ""angle"": -6.310485802927597, ""elevation"": 0.0}, {""range"": 0.6622063292766642, ""doppler"": 0.0, ""angle"": -6.434161182252247, ""elevation"": 0.0}, {""range"": 0.6891856715133775, ""doppler"": 0.0, ""angle"": -9.70915883699891, ""elevation"": 0.0}, {""range"": 1.2446647644977882, ""doppler"": 0.0, ""angle"": -5.292054388693942, ""elevation"": 0.0}, {""range"": 0.7914805283341289, ""doppler"": 0.0, ""angle"": 37.21422221039966, ""elevation"": 0.0}, {""range"": 0.8203463373695183, ""doppler"": 0.0, ""angle"": 41.23526945181121, ""elevation"": 0.0}, {""range"": 0.8458382973731333, ""doppler"": 0.0, ""angle"": 41.62348038661858, ""elevation"": 0.0}]",1785092014826.794
8,"[{""range"": 0.5882617539348036, ""doppler"": 0.0, ""angle"": -8.460149191666039, ""elevation"": 0.0}, {""range"": 0.6051643968113206, ""doppler"": 0.0, ""angle"": -5.799875563005184, ""elevation"": 0.0}, {""range"": 0.662529275062827, ""doppler"": 0.0, ""angle"": -4.442588346311011, ""elevation"": 0.0}, {""range"": 0.6968446012502365, ""doppler"": 0.0, ""angle"": -9.00549328221448, ""elevation"": 0.0}, {""range"": 0.6330838594136073, ""doppler"": 0.0, ""angle"": -2.136669482348547, ""elevation"": 0.0}, {""range"": 0.7993659888467416, ""doppler"": 0.0, ""angle"": 43.21433551557065, ""elevation"": 0.0}, {""range"": 0.8301697799714914, ""doppler"": 0.0, ""angle"": 41.166188818384356, ""elevation"": 0.0}, {""range"": 0.8513291038256394, ""doppler"": 0.0, ""angle"": 38.82708100754436, ""elevation"": 0.0}]",1785092014827.002
7,"[{""range"": 0.6200884647182716, ""doppler"": 0.0, ""angle"": -2.677586095084986, ""elevation"": 0.0}, {""range"": 0.6535813679173926, ""doppler"": 0.0, ""angle"": 13.02868994704835, ""elevation"": 0.0}, {""range"": 0.6641150483792286, ""doppler"": 0.0, ""angle"": 16.229350764329855, ""elevation"": 0.0}, {""range"": 0.7453574175252639, ""doppler"": 0.0, ""angle"": 49.21234191024458, ""elevation"": 0.0}, {""range"": 0.7812390818036106, ""doppler"": 0.0, ""angle"": 50.12558602083833, ""elevation"": 0.0}, {""range"": 0.816005883959125, ""doppler"": 0.0, ""angle"": 48.29555911444696, ""elevation"": 0.0}, {""range"": 0.8460328232640529, ""doppler"": 0.0, ""angle"": 44.61466578906652, ""elevation"": 0.0}]",1785092014827.214
6,"[{""range"": 0.5942262543562872, ""doppler"": 0.0, ""angle"": -5.47384215471362, ""elevation"": 0.0}, {""range"": 0.6246073109333418, ""doppler"": 0.0, ""angle"": 0.3280569905287861, ""elevation"": 0.0}, {""range"": 0.6543970469559401, ""doppler"": 0.0, ""angle"": -1.722426748452595, ""elevation"": 0.0}, {""range"": 0.824263346393761, ""doppler"": 0.0, ""angle"": 33.40738306158921, ""elevation"": 0.0}, {""range"": 0.7422615521855979, ""doppler"": 0.0, ""angle"": 41.122300725648095, ""elevation"": 0.0}, {""range"": 0.7813490676141878, ""doppler"": 0.0, ""angle"": 38.43045434473947, ""elevation"": 0.0}]",1785092014827.436
7,"[{""range"": 1.3312354429270448, ""doppler"": 0.0, ""angle"": -47.6838600965909, ""elevation"": 0.0}, {""range"": 0.564968532642905, ""doppler"": 0.0, ""angle"": -13.825129245884257, ""elevation"": 0.0}, {""range"": 0.598976636689377, ""doppler"": 0.0, ""angle"": -6.3760807007898865, ""elevation"": 0.0}, {""range"": 0.6934155606155021, ""doppler"": 0.0, ""angle"": 2.556940814184607, ""elevation"": 0.0}, {""range"": 0.6537229324795989, ""doppler"": 0.0, ""angle"": 8.145617051722379, ""elevation"": 0.0}, {""range"": 0.6734646967726396, ""doppler"": 0.0, ""angle"": 5.164128257932506, ""elevation"": 0.0}, {""range"": 0.7491522190020238, ""doppler"": 0.0, ""angle"": 41.68123943337269, ""elevation"": 0.0}]",1785092014827.669
4,"[{""range"": 0.6024157586367486, ""doppler"": 0.0, ""angle"": -9.878919938967709, ""elevation"": 0.0}, {""range"": 0.66393835345802, ""doppler"": 0.0, ""angle"": 8.830632912597553, ""elevation"": 0.0}, {""range"": 0.6843394993274466, ""doppler"": 0.0, ""angle"": 10.082563312702073, ""elevation"": 0.0}, {""range"": 0.6997631726159662, ""doppler"": 0.0, ""angle"": 9.5610083379626, ""elevation"": 0.0}]",1785092014827.874
4,"[{""range"": 0.6557721356803315, ""doppler"": 0.0, ""angle"": -7.000995509389547, ""elevation"": 0.0}, {""range"": 0.6845755968543782, ""doppler"": 0.0, ""angle"": -2.7547851887160046, ""elevation"": 0.0}, {""range"": 0.7033080286851882, ""doppler"": 0.0, ""angle"": 0.5535651858823853, ""elevation"": 0.0}, {""range"": 0.7453274525943928, ""doppler"": 0.0, ""angle"": 44.12517485072344, ""elevation"": 0.0}]",1785092014828.101
6,"[{""range"": 1.1515837415153674, ""doppler"": 0.0, ""angle"": -12.519157893745811, ""elevation"": 0.0}, {""range"": 0.6626574201474001, ""doppler"": 0.0, ""angle"": 4.178146508414096, ""elevation"": 0.0}, {""range"": 0.6826362170463498, ""doppler"": 0.0, ""angle"": 4.266329605721095, ""elevation"": 0.0}, {""range"": 0.7059745556407993, ""doppler"": 0.0, ""angle"": 8.3743319084352, ""elevation"": 0.0}, {""range"": 0.7633731050126163, ""doppler"": 0.0, ""angle"": 37.73961637047659, ""elevation"": 0.0}, {""range"": 0.8001091583518068, ""doppler"": 0.0, ""angle"": 38.63981042602598, ""elevation"": 0.0}]",1785092014901.703
6,"[{""range"": 0.652452352277671, ""doppler"": 0.0, ""angle"": -2.6075533724880717, ""elevation"": 0.0}, {""range"": 0.6834901079764389, ""doppler"": 0.0, ""angle"": -0.7794863211184798, ""elevation"": 0.0}, {""range"": 0.7309914728783267, ""doppler"": 0.0, ""angle"": 32.442168709404726, ""elevation"": 0.0}, {""range"": 0.7785459723914534, ""doppler"": 0.0, ""angle"": 42.598560782636696, ""elevation"": 0.0}, {""range"": 0.8193187542158693, ""doppler"": 0.0, ""angle"": 47.99884556862216, ""elevation"": 0.0}, {""range"": 0.8498917948551663, ""doppler"": 0.0, ""angle"": 44.19018946582312, ""elevation"": 0.0}]",1785092015002.0571
10,"[{""range"": 1.3193660942403722, ""doppler"": 0.0, ""angle"": -46.026853599992776, ""elevation"": 0.0}, {""range"": 0.5979727255526383, ""doppler"": 0.0, ""angle"": -10.510195820994038, ""elevation"": 0.0}, {""range"": 2.508088327640761, ""doppler"": 0.0, ""angle"": -2.394446855833941, ""elevation"": 0.0}, {""range"": 0.6631444879703982, ""doppler"": 0.0, ""angle"": 17.02776129747155, ""elevation"": 0.0}, {""range"": 0.6701982755953483, ""doppler"": 0.0, ""angle"": 15.934896784366417, ""elevation"": 0.0}, {""range"": 0.718496105365255, ""doppler"": 0.0, ""angle"": 27.99364112168003, ""elevation"": 0.0}, {""range"": 0.8285132114384327, ""doppler"": 0.0, ""angle"": 40.921859020288856, ""elevation"": 0.0}, {""range"": 0.8593678622427092, ""doppler"": 0.0, ""angle"": 40.32456806117267, ""elevation"": 0.0}, {""range"": 0.8784064125635995, ""doppler"": 0.0, ""angle"": 40.74045391534075, ""elevation"": 0.0}, {""range"": 0.7907337781133044, ""doppler"": 0.0, ""angle"": 43.62560485710189, ""elevation"": 0.0}]",1785092015105.307
12,"[{""range"": 0.595941239250903, ""doppler"": 0.0, ""angle"": -18.636100272989125, ""elevation"": 0.0}, {""range"": 1.2616295797288521, ""doppler"": 0.0, ""angle"": -5.245158498697799, ""elevation"": 0.0}, {""range"": 1.4706990523369754, ""doppler"": 0.0, ""angle"": -4.707525526026394, ""elevation"": 0.0}, {""range"": 0.6693340919128001, ""doppler"": 0.0, ""angle"": 3.016810010777012, ""elevation"": 0.0}, {""range"": 3.479962569225764, ""doppler"": 0.0, ""angle"": 2.6211442410658345, ""elevation"": 0.0}, {""range"": 0.6648948672233708, ""doppler"": 0.0, ""angle"": 6.144504388125379, ""elevation"": 0.0}, {""range"": 3.4387586414863525, ""doppler"": 0.0, ""angle"": 5.059559706160391, ""elevation"": 0.0}, {""range"": 3.456276367441107, ""doppler"": 0.0, ""angle"": 5.739498667483285, ""elevation"": 0.0}, {""range"": 3.4583759510818597, ""doppler"": 0.0, ""angle"": 5.298493703852109, ""elevation"": 0.0}, {""range"": 0.7207967512805894, ""doppler"": 0.0, ""angle"": 18.664184655943778, ""elevation"": 0.0}, {""range"": 0.7731097532310258, ""doppler"": 0.0, ""angle"": 31.561489220287132, ""elevation"": 0.0}, {""range"": 0.7929838544106778, ""doppler"": 0.0, ""angle"": 37.2290736268905, ""elevation"": 0.0}]",1785092015201.265
9,"[{""range"": 0.6013315875623565, ""doppler"": 0.0, ""angle"": -8.378280510588416, ""elevation"": 0.0}, {""range"": 0.6145773531607415, ""doppler"": 0.0, ""angle"": -8.061733147998472, ""elevation"": 0.0}, {""range"": 0.6174745498530947, ""doppler"": 0.0, ""angle"": -8.526663443485623, ""elevation"": 0.0}, {""range"": 2.5416476822281355, ""doppler"": 0.0, ""angle"": -2.4435032541295207, ""elevation"": 0.0}, {""range"": 2.562433626621507, ""doppler"": 0.0, ""angle"": -3.0401062306541173, ""elevation"": 0.0}, {""range"": 2.5827005445203914, ""doppler"": 0.0, ""angle"": -2.079105555063327, ""elevation"": 0.0}, {""range"": 0.7251042398240576, ""doppler"": 0.0, ""angle"": 6.115503566285407, ""elevation"": 0.0}, {""range"": 0.8333974420864394, ""doppler"": 0.0, ""angle"": 43.20900332907788, ""elevation"": 0.0}, {""range"": 0.8441125743473382, ""doppler"": 0.0, ""angle"": 47.79897471054808, ""elevation"": 0.0}]",1785092015301.903
9,"[{""range"": 0.6355089740659264, ""doppler"": 0.0, ""angle"": 0.20957845011817539, ""elevation"": 0.0}, {""range"": 1.2846182333466492, ""doppler"": 0.0, ""angle"": 0.3110402909217413, ""elevation"": 0.0}, {""range"": 1.2996211631576904, ""doppler"": 0.0, ""angle"": -0.08671616585277922, ""elevation"": 0.0}, {""range"": 0.6494961729745511, ""doppler"": 0.0, ""angle"": 4.088988376027148, ""elevation"": 0.0}, {""range"": 2.6956174504091908, ""doppler"": 0.0, ""angle"": 8.40691737234952, ""elevation"": 0.0}, {""range"": 0.673311778108639, ""doppler"": 0.0, ""angle"": 14.770669882163947, ""elevation"": 0.0}, {""range"": 0.7138225606374542, ""doppler"": 0.0, ""angle"": 23.675400407517138, ""elevation"": 0.0}, {""range"": 0.7669129522456065, ""doppler"": 0.0, ""angle"": 31.547989642864835, ""elevation"": 0.0}, {""range"": 0.8010149968075944, ""doppler"": 0.0, ""angle"": 36.841758815413954, ""elevation"": 0.0}]",1785092015405.565
6,"[{""range"": 0.7376900106553957, ""doppler"": 0.0, ""angle"": -4.629851438826479, ""elevation"": 0.0}, {""range"": 0.6655629747983429, ""doppler"": 0.0, ""angle"": -0.415625715227965, ""elevation"": 0.0}, {""range"": 1.4708202641169206, ""doppler"": 0.0, ""angle"": 1.0658126345909162, ""elevation"": 0.0}, {""range"": 1.4883958900718408, ""doppler"": 0.0, ""angle"": 2.768219714504299, ""elevation"": 0.0}, {""range"": 0.6876733842545097, ""doppler"": 0.0, ""angle"": 3.6376709091453687, ""elevation"": 0.0}, {""range"": 0.7032641101517967, ""doppler"": 0.0, ""angle"": 3.863496974340225, ""elevation"": 0.0}]",1785092015501.755
12,"[{""range"": 0.6975311781518542, ""doppler"": 0.0, ""angle"": 1.777523720507744, ""elevation"": 0.0}, {""range"": 0.7164101448914328, ""doppler"": 0.0, ""angle"": -1.5446803803251345, ""elevation"": 0.0}, {""range"": 0.7491405030282166, ""doppler"": 0.0, ""angle"": 1.5319002233484487, ""elevation"": 0.0}, {""range"": 1.1567694542770672, ""doppler"": 0.0, ""angle"": -0.35427453591615654, ""elevation"": 0.0}, {""range"": 2.4083648725243005, ""doppler"": 0.0, ""angle"": 0.5190001422508779, ""elevation"": 0.0}, {""range"": 2.4230272943462787, ""doppler"": 0.0, ""angle"": 0.8668343518656594, ""elevation"": 0.0}, {""range"": 2.439637118391778, ""doppler"": 0.0, ""angle"": 1.0835385114374467, ""elevation"": 0.0}, {""range"": 2.6046545961655063, ""doppler"": 0.0, ""angle"": -0.3579464577555209, ""elevation"": 0.0}, {""range"": 2.762792206345568, ""doppler"": 0.0, ""angle"": 1.246089633861222, ""elevation"": 0.0}, {""range"": 2.7918942692304145, ""doppler"": 0.0, ""angle"": 1.005536595082283, ""elevation"": 0.0}, {""range"": 0.8212056751108796, ""doppler"": 0.0, ""angle"": 14.953115557727944, ""elevation"": 0.0}, {""range"": 0.8813010513330207, ""doppler"": 0.0, ""angle"": 23.928258583605757, ""elevation"": 0.0}]",1785092015602.375
5,"[{""range"": 0.9017715951003592, ""doppler"": 0.0, ""angle"": 0.3067561502549844, ""elevation"": 0.0}, {""range"": 0.703773528395632, ""doppler"": 0.0, ""angle"": 11.772445662522038, ""elevation"": 0.0}, {""range"": 0.7271841900858388, ""doppler"": 0.0, ""angle"": 18.613162181369184, ""elevation"": 0.0}, {""range"": 0.8213651218148984, ""doppler"": 0.0, ""angle"": 18.96745880709236, ""elevation"": 0.0}, {""range"": 0.7579450844025554, ""doppler"": 0.0, ""angle"": 26.29906719432899, ""elevation"": 0.0}]",1785092015695.403
9,"[{""range"": 0.7637170139234635, ""doppler"": 0.0, ""angle"": -21.23591882870173, ""elevation"": 0.0}, {""range"": 0.836959741396891, ""doppler"": 0.0, ""angle"": -9.605204155012947, ""elevation"": 0.0}, {""range"": 0.6752472544724966, ""doppler"": 0.0, ""angle"": 0.6676112831827473, ""elevation"": 0.0}, {""range"": 0.689509869603031, ""doppler"": 0.0, ""angle"": -0.17830579216507877, ""elevation"": 0.0}, {""range"": 0.7070373059418773, ""doppler"": 0.0, ""angle"": -2.2465942902239067, ""elevation"": 0.0}, {""range"": 0.8976517207883493, ""doppler"": 0.0, ""angle"": 0.20544215366127497, ""elevation"": 0.0}, {""range"": 1.1509477890164364, ""doppler"": 0.0, ""angle"": 1.2641306111253943, ""elevation"": 0.0}, {""range"": 1.1723550608496252, ""doppler"": 0.0, ""angle"": 2.508912553129781, ""elevation"": 0.0}, {""range"": 2.6806280841415178, ""doppler"": 0.0, ""angle"": -0.2637169547432316, ""elevation"": 0.0}]",1785092015805.7302
4,"[{""range"": 0.7681072593365209, ""doppler"": 0.0, ""angle"": -15.26564735956621, ""elevation"": 0.0}, {""range"": 0.6935718609433282, ""doppler"": 0.0, ""angle"": -1.7137808123357672, ""elevation"": 0.0}, {""range"": 1.1466573029896783, ""doppler"": 0.0, ""angle"": 1.268861422934195, ""elevation"": 0.0}, {""range"": 1.1641432869487576, ""doppler"": 0.0, ""angle"": 3.0729196497090654, ""elevation"": 0.0}]",1785092015895.4019
10,"[{""range"": 0.7675466022036707, ""doppler"": 0.0, ""angle"": -37.46523332504566, ""elevation"": 0.0}, {""range"": 0.8331894321106517, ""doppler"": 0.0, ""angle"": -17.330551178461363, ""elevation"": 0.0}, {""range"": 0.8766246215186819, ""doppler"": 0.0, ""angle"": -4.398705354995532, ""elevation"": 0.0}, {""range"": 2.4089815621562805, ""doppler"": 0.0, ""angle"": -6.247199021823359, ""elevation"": 0.0}, {""range"": 0.6759166954055661, ""doppler"": 0.0, ""angle"": -0.015157613274188398, ""elevation"": 0.0}, {""range"": 0.6935676196295062, ""doppler"": 0.0, ""angle"": 2.1424189087357832, ""elevation"": 0.0}, {""range"": 1.1437930277547768, ""doppler"": 0.0, ""angle"": 1.263079934105062, ""elevation"": 0.0}, {""range"": 2.3878541501098, ""doppler"": 0.0, ""angle"": -2.6095759128591824, ""elevation"": 0.0}, {""range"": 2.5211589423137566, ""doppler"": 0.0, ""angle"": -1.247660609377662, ""elevation"": 0.0}, {""range"": 0.7090034054660898, ""doppler"": 0.0, ""angle"": 7.288118981363272, ""elevation"": 0.0}]",1785092016001.458
12,"[{""range"": 0.8006399051226909, ""doppler"": 0.0, ""angle"": -26.58794201865395, ""elevation"": 0.0}, {""range"": 1.556476110418275, ""doppler"": 0.0, ""angle"": -4.467364135208804, ""elevation"": 0.0}, {""range"": 0.663800605221449, ""doppler"": 0.0, ""angle"": 1.9914229229204385, ""elevation"": 0.0}, {""range"": 0.7030366537377791, ""doppler"": 0.0, ""angle"": 3.076360096230142, ""elevation"": 0.0}, {""range"": 1.1484767851728195, ""doppler"": 0.0, ""angle"": 0.8742682343834923, ""elevation"": 0.0}, {""range"": 2.395022448530746, ""doppler"": 0.0, ""angle"": -1.8440243491440342, ""elevation"": 0.0}, {""range"": 2.416290384057064, ""doppler"": 0.0, ""angle"": -1.8277879068492158, ""elevation"": 0.0}, {""range"": 2.4185133613130194, ""doppler"": 0.0, ""angle"": -1.7498187458212857, ""elevation"": 0.0}, {""range"": 2.4235795856496307, ""doppler"": 0.0, ""angle"": -1.9237990610877733, ""elevation"": 0.0}, {""range"": 3.3419210905644268, ""doppler"": 0.0, ""angle"": 2.1679579273253013, ""elevation"": 0.0}, {""range"": 0.7319112958842439, ""doppler"": 0.0, ""angle"": 6.354104116218375, ""elevation"": 0.0}, {""range"": 0.7417637378620195, ""doppler"": 0.0, ""angle"": 6.922861285879784, ""elevation"": 0.0}]",1785092016102.3801
9,"[{""range"": 0.6663318619470041, ""doppler"": 0.0, ""angle"": -7.323356636737825, ""elevation"": 0.0}, {""range"": 3.3658584176708137, ""doppler"": 0.0, ""angle"": 2.149486519780988, ""elevation"": 0.0}, {""range"": 3.393678586756183, ""doppler"": 0.0, ""angle"": 2.4128395021070395, ""elevation"": 0.0}, {""range"": 3.4235813183468347, ""doppler"": 0.0, ""angle"": 1.1791531689228052, ""elevation"": 0.0}, {""range"": 3.44787361694244, ""doppler"": 0.0, ""angle"": 0.5556752680748557, ""elevation"": 0.0}, {""range"": 0.7170769854462187, ""doppler"": 0.0, ""angle"": 4.820594547708847, ""elevation"": 0.0}, {""range"": 0.7337175229306122, ""doppler"": 0.0, ""angle"": 9.326882298784973, ""elevation"": 0.0}, {""range"": 0.7467139082960375, ""doppler"": 0.0, ""angle"": 12.685068538582597, ""elevation"": 0.0}, {""range"": 0.7874412843661974, ""doppler"": 0.0, ""angle"": 23.514647754817958, ""elevation"": 0.0}]",1785092016195.3582
9,"[{""range"": 1.2913855678095392, ""doppler"": 0.0, ""angle"": -44.0574987540555, ""elevation"": 0.0}, {""range"": 0.5822223713996219, ""doppler"": 0.0, ""angle"": -8.530765609948133, ""elevation"": 0.0}, {""range"": 1.4534840687767792, ""doppler"": 0.0, ""angle"": -4.537103300197421, ""elevation"": 0.0}, {""range"": 0.6542110804093514, ""doppler"": 0.0, ""angle"": 1.0493132957925024, ""elevation"": 0.0}, {""range"": 2.805060023985478, ""doppler"": 0.0, ""angle"": -0.116877822482161, ""elevation"": 0.0}, {""range"": 2.819242328766792, ""doppler"": 0.0, ""angle"": -0.7486367831931001, ""elevation"": 0.0}, {""range"": 0.7063831450427586, ""doppler"": 0.0, ""angle"": 8.882898211510192, ""elevation"": 0.0}, {""range"": 0.7388422990387202, ""doppler"": 0.0, ""angle"": 12.751407927116636, ""elevation"": 0.0}, {""range"": 0.7515360547680885, ""doppler"": 0.0, ""angle"": 13.427862395816115, ""elevation"": 0.0}]",1785092016302.41
4,"[{""range"": 0.6743415813965864, ""doppler"": 0.0, ""angle"": 0.5773444526129932, ""elevation"": 0.0}, {""range"": 0.6705526351927625, ""doppler"": 0.0, ""angle"": 0.061115474968685086, ""elevation"": 0.0}, {""range"": 0.7030498656842489, ""doppler"": 0.0, ""angle"": 2.8136478270448446, ""elevation"": 0.0}, {""range"": 1.1458378633964976, ""doppler"": 0.0, ""angle"": 2.477512974745088, ""elevation"": 0.0}]",1785092016402.413
6,"[{""range"": 0.658483253961967, ""doppler"": 0.0, ""angle"": 0.949137111230408, ""elevation"": 0.0}, {""range"": 0.6887792518641858, ""doppler"": 0.0, ""angle"": 3.4380847178350904, ""elevation"": 0.0}, {""range"": 2.806017545281087, ""doppler"": 0.0, ""angle"": 1.8733906987030595, ""elevation"": 0.0}, {""range"": 2.8197334634575713, ""doppler"": 0.0, ""angle"": 0.19620521273824498, ""elevation"": 0.0}, {""range"": 0.7116711917952974, ""doppler"": 0.0, ""angle"": 5.13186757189188, ""elevation"": 0.0}, {""range"": 1.8767745356174417, ""doppler"": 0.0, ""angle"": 37.29133507634847, ""elevation"": 0.0}]",1785092016505.25
7,"[{""range"": 0.826988696651137, ""doppler"": 0.0, ""angle"": -33.93746005900707, ""elevation"": 0.0}, {""range"": 0.6628795583956566, ""doppler"": 0.0, ""angle"": -0.4018521285991482, ""elevation"": 0.0}, {""range"": 0.6823540671066604, ""doppler"": 0.0, ""angle"": -0.030029231796061675, ""elevation"": 0.0}, {""range"": 0.7116172079795482, ""doppler"": 0.0, ""angle"": 3.3131984558548853, ""elevation"": 0.0}, {""range"": 2.862438028901995, ""doppler"": 0.0, ""angle"": 8.079990768408942, ""elevation"": 0.0}, {""range"": 0.7513577895551169, ""doppler"": 0.0, ""angle"": 15.246747197625863, ""elevation"": 0.0}, {""range"": 2.067402638817885, ""doppler"": 0.0, ""angle"": 41.1038763117255, ""elevation"": 0.0}]",1785092016605.0771
8,"[{""range"": 0.825622818249913, ""doppler"": 0.0, ""angle"": -38.28965057466327, ""elevation"": 0.0}, {""range"": 0.6348846844329494, ""doppler"": 0.0, ""angle"": -4.1994401678186986, ""elevation"": 0.0}, {""range"": 0.6308832586218589, ""doppler"": 0.0, ""angle"": -4.128426623421681, ""elevation"": 0.0}, {""range"": 1.1496195932880646, ""doppler"": 0.0, ""angle"": 2.2909662334136427, ""elevation"": 0.0}, {""range"": 2.8080963532008933, ""doppler"": 0.0, ""angle"": 1.2953207848828063, ""elevation"": 0.0}, {""range"": 0.7525273051638188, ""doppler"": 0.0, ""angle"": 7.949116220646998, ""elevation"": 0.0}, {""range"": 0.7513502784679019, ""doppler"": 0.0, ""angle"": 5.572197803963795, ""elevation"": 0.0}, {""range"": 0.7046817579700552, ""doppler"": 0.0, ""angle"": 30.971236724316988, ""elevation"": 0.0}]",1785092016702.52
6,"[{""range"": 0.6367318145413561, ""doppler"": 0.0, ""angle"": -5.236674904652488, ""elevation"": 0.0}, {""range"": 2.8101616137311094, ""doppler"": 0.0, ""angle"": 0.4848970247111223, ""elevation"": 0.0}, {""range"": 0.7420212296078642, ""doppler"": 0.0, ""angle"": 12.710018598513395, ""elevation"": 0.0}, {""range"": 0.7415209254667955, ""doppler"": 0.0, ""angle"": 12.789568244917023, ""elevation"": 0.0}, {""range"": 0.7241995687770109, ""doppler"": 0.0, ""angle"": 23.25431846214262, ""elevation"": 0.0}, {""range"": 0.7805329826847391, ""doppler"": 0.0, ""angle"": 23.434714730924327, ""elevation"": 0.0}]",1785092016802.2568
5,"[{""range"": 0.6580617354480178, ""doppler"": 0.0, ""angle"": 0.5137799035594033, ""elevation"": 0.0}, {""range"": 0.6999913501337001, ""doppler"": 0.0, ""angle"": 7.736821026903673, ""elevation"": 0.0}, {""range"": 0.7278030269692154, ""doppler"": 0.0, ""angle"": 8.448630160920256, ""elevation"": 0.0}, {""range"": 0.7414571050389426, ""doppler"": 0.0, ""angle"": 7.399238745688553, ""elevation"": 0.0}, {""range"": 0.8125106250714585, ""doppler"": 0.0, ""angle"": 38.521959935567764, ""elevation"": 0.0}]",1785092016901.9722
7,"[{""range"": 0.8100315632287882, ""doppler"": 0.0, ""angle"": -9.337562950627039, ""elevation"": 0.0}, {""range"": 0.721860690759364, ""doppler"": 0.0, ""angle"": -1.2348763534597054, ""elevation"": 0.0}, {""range"": 0.7322834950416582, ""doppler"": 0.0, ""angle"": -2.6031974952162513, ""elevation"": 0.0}, {""range"": 0.7399201550616069, ""doppler"": 0.0, ""angle"": -2.7980994495514406, ""elevation"": 0.0}, {""range"": 1.1462803068930416, ""doppler"": 0.0, ""angle"": 1.224578956194858, ""elevation"": 0.0}, {""range"": 2.80973225511754, ""doppler"": 0.0, ""angle"": 1.6046063363358682, ""elevation"": 0.0}, {""range"": 2.8213810508913086, ""doppler"": 0.0, ""angle"": 1.1729921511788997, ""elevation"": 0.0}]",1785092016995.52
9,"[{""range"": 0.8186359896725629, ""doppler"": 0.0, ""angle"": -5.376852016308266, ""elevation"": 0.0}, {""range"": 0.6536069046349618, ""doppler"": 0.0, ""angle"": 1.489292047760639, ""elevation"": 0.0}, {""range"": 0.7292931517854847, ""doppler"": 0.0, ""angle"": 2.3748321501297505, ""elevation"": 0.0}, {""range"": 0.7521629129448238, ""doppler"": 0.0, ""angle"": -0.7900486431028656, ""elevation"": 0.0}, {""range"": 1.1299635090141187, ""doppler"": 0.0, ""angle"": 0.47148493178392475, ""elevation"": 0.0}, {""range"": 1.1450711166932488, ""doppler"": 0.0, ""angle"": 1.6644300949657254, ""elevation"": 0.0}, {""range"": 2.8079841027210493, ""doppler"": 0.0, ""angle"": 0.4013521403576512, ""elevation"": 0.0}, {""range"": 0.6953618464952241, ""doppler"": 0.0, ""angle"": 6.467103300777314, ""elevation"": 0.0}, {""range"": 1.1660331067434262, ""doppler"": 0.0, ""angle"": 3.745692353033746, ""elevation"": 0.0}]",1785092017102.165
7,"[{""range"": 1.2880684613393676, ""doppler"": 0.0, ""angle"": -41.05423332345972, ""elevation"": 0.0}, {""range"": 0.7444470570530233, ""doppler"": 0.0, ""angle"": -1.403892335365889, ""elevation"": 0.0}, {""range"": 0.8957104825894233, ""doppler"": 0.0, ""angle"": -0.4804085338537248, ""elevation"": 0.0}, {""range"": 0.7170578115136622, ""doppler"": 0.0, ""angle"": 9.15461169008988, ""elevation"": 0.0}, {""range"": 0.7312534574168499, ""doppler"": 0.0, ""angle"": 3.6873268382129276, ""elevation"": 0.0}, {""range"": 1.1464469897364669, ""doppler"": 0.0, ""angle"": 4.571426994110218, ""elevation"": 0.0}, {""range"": 1.1014689434555103, ""doppler"": 0.0, ""angle"": 49.28571000386595, ""elevation"": 0.0}]",1785092017195.247
9,"[{""range"": 0.8010255349276152, ""doppler"": 0.0, ""angle"": -5.76531809906931, ""elevation"": 0.0}, {""range"": 0.7203851297637305, ""doppler"": 0.0, ""angle"": 3.3013195842757264, ""elevation"": 0.0}, {""range"": 0.7451884441730825, ""doppler"": 0.0, ""angle"": 2.915957801252169, ""elevation"": 0.0}, {""range"": 0.7555148582955347, ""doppler"": 0.0, ""angle"": 2.2109370207801007, ""elevation"": 0.0}, {""range"": 0.8756137869429866, ""doppler"": 0.0, ""angle"": -2.785861316885235, ""elevation"": 0.0}, {""range"": 1.1490003080743683, ""doppler"": 0.0, ""angle"": 3.738747348439344, ""elevation"": 0.0}, {""range"": 1.1705802744464913, ""doppler"": 0.0, ""angle"": 6.041532262452039, ""elevation"": 0.0}, {""range"": 1.113562236248454, ""doppler"": 0.0, ""angle"": 44.95446004631159, ""elevation"": 0.0}, {""range"": 1.8789089571441462, ""doppler"": 0.0, ""angle"": 44.90746315527026, ""elevation"": 0.0}]",1785092017302.245
6,"[{""range"": 0.6515671595039153, ""doppler"": 0.0, ""angle"": -3.2408851213534824, ""elevation"": 0.0}, {""range"": 0.7291472056495644, ""doppler"": 0.0, ""angle"": 2.080012230797177, ""elevation"": 0.0}, {""range"": 0.7357410094306629, ""doppler"": 0.0, ""angle"": 0.946951446773465, ""elevation"": 0.0}, {""range"": 1.556334954237177, ""doppler"": 0.0, ""angle"": 1.4154794132106716, ""elevation"": 0.0}, {""range"": 2.806691424241238, ""doppler"": 0.0, ""angle"": -0.25552229716381597, ""elevation"": 0.0}, {""range"": 0.7089263518580391, ""doppler"": 0.0, ""angle"": 6.386473945416453, ""elevation"": 0.0}]",1785092017401.8809
8,"[{""range"": 0.6260292184770786, ""doppler"": 0.0, ""angle"": -4.111268646416349, ""elevation"": 0.0}, {""range"": 0.7403924989834408, ""doppler"": 0.0, ""angle"": 0.9548412538721887, ""elevation"": 0.0}, {""range"": 0.737607479095459, ""doppler"": 0.0, ""angle"": 0.0, ""elevation"": 0.0}, {""range"": 1.151306815689727, ""doppler"": 0.0, ""angle"": 0.7653221472031564, ""elevation"": 0.0}, {""range"": 1.1748536663714417, ""doppler"": 0.0, ""angle"": 3.2020814704691336, ""elevation"": 0.0}, {""range"": 2.8065722876580215, ""doppler"": 0.0, ""angle"": 0.452661920455681, ""elevation"": 0.0}, {""range"": 2.820289288939581, ""doppler"": 0.0, ""angle"": 1.3224226428948855, ""elevation"": 0.0}, {""range"": 0.7002797492615859, ""doppler"": 0.0, ""angle"": 8.014236426127502, ""elevation"": 0.0}]",1785092017495.9
5,"[{""range"": 0.6476720678319088, ""doppler"": 0.0, ""angle"": 0.2847364829048939, ""elevation"": 0.0}, {""range"": 0.7173458792818168, ""doppler"": 0.0, ""angle"": 2.457293185546227, ""elevation"": 0.0}, {""range"": 0.752091492803898, ""doppler"": 0.0, ""angle"": -0.027244781357433787, ""elevation"": 0.0}, {""range"": 1.1489146919286926, ""doppler"": 0.0, ""angle"": 1.1058210581278336, ""elevation"": 0.0}, {""range"": 0.6761521163983981, ""doppler"": 0.0, ""angle"": 5.158761377329479, ""elevation"": 0.0}]",1785092017595.5442
4,"[{""range"": 0.6471469966638875, ""doppler"": 0.0, ""angle"": -0.4432853872851476, ""elevation"": 0.0}, {""range"": 0.6541465625174243, ""doppler"": 0.0, ""angle"": 0.6734841575905357, ""elevation"": 0.0}, {""range"": 0.7357494621191648, ""doppler"": 0.0, ""angle"": 24.40361944337533, ""elevation"": 0.0}, {""range"": 0.7644608558141659, ""doppler"": 0.0, ""angle"": 21.41566056613641, ""elevation"": 0.0}]",1785092017702.374
9,"[{""range"": 0.8319983895803239, ""doppler"": 0.0, ""angle"": -20.71746571380449, ""elevation"": 0.0}, {""range"": 0.7741827294069772, ""doppler"": 0.0, ""angle"": -13.38146306565878, ""elevation"": 0.0}, {""range"": 0.7112275628589748, ""doppler"": 0.0, ""angle"": -4.889250777496343, ""elevation"": 0.0}, {""range"": 0.6592557420928884, ""doppler"": 0.0, ""angle"": -1.8030166608052196, ""elevation"": 0.0}, {""range"": 0.67638608455197, ""doppler"": 0.0, ""angle"": -2.833661652916156, ""elevation"": 0.0}, {""range"": 1.149643859914948, ""doppler"": 0.0, ""angle"": 1.5240808085545767, ""elevation"": 0.0}, {""range"": 1.1727074518672531, ""doppler"": 0.0, ""angle"": 5.0299090509562445, ""elevation"": 0.0}, {""range"": 2.022971614125487, ""doppler"": 0.0, ""angle"": 49.02132037017939, ""elevation"": 0.0}, {""range"": 2.0545285297483895, ""doppler"": 0.0, ""angle"": 49.53933475893106, ""elevation"": 0.0}]",1785092017795.854
12,"[{""range"": 3.3563324982102656, ""doppler"": 0.0, ""angle"": -4.657172353069779, ""elevation"": 0.0}, {""range"": 3.375088004783815, ""doppler"": 0.0, ""angle"": -5.8963539403755645, ""elevation"": 0.0}, {""range"": 0.6743843727683502, ""doppler"": 0.0, ""angle"": -0.865980043779546, ""elevation"": 0.0}, {""range"": 0.6974772459918229, ""doppler"": 0.0, ""angle"": -0.9842152918151623, ""elevation"": 0.0}, {""range"": 0.7219364302974464, ""doppler"": 0.0, ""angle"": 0.7663580837970669, ""elevation"": 0.0}, {""range"": 1.1373782008564919, ""doppler"": 0.0, ""angle"": 0.8377559371101626, ""elevation"": 0.0}, {""range"": 2.8050829184569643, ""doppler"": 0.0, ""angle"": 0.2593212576048975, ""elevation"": 0.0}, {""range"": 2.820086485964676, ""doppler"": 0.0, ""angle"": 1.1299262648094817, ""elevation"": 0.0}, {""range"": 0.7528628540135305, ""doppler"": 0.0, ""angle"": 6.286090936764892, ""elevation"": 0.0}, {""range"": 0.8131443486654697, ""doppler"": 0.0, ""angle"": 7.925189073134797, ""elevation"": 0.0}, {""range"": 1.8750366740693112, ""doppler"": 0.0, ""angle"": 39.7845831156539, ""elevation"": 0.0}, {""range"": 1.9082644562402504, ""doppler"": 0.0, ""angle"": 39.967114392214114, ""elevation"": 0.0}]",1785092017902.425
7,"[{""range"": 0.8930865485384168, ""doppler"": 0.0, ""angle"": -4.213937664747679, ""elevation"": 0.0}, {""range"": 0.709836682083561, ""doppler"": 0.0, ""angle"": 2.7867249353925816, ""elevation"": 0.0}, {""range"": 3.3947472228904556, ""doppler"": 0.0, ""angle"": -1.8412855304520017, ""elevation"": 0.0}, {""range"": 3.4211411902390467, ""doppler"": 0.0, ""angle"": 1.8899970061193285, ""elevation"": 0.0}, {""range"": 0.729919815985089, ""doppler"": 0.0, ""angle"": 5.3837748404722925, ""elevation"": 0.0}, {""range"": 0.7417688458983107, ""doppler"": 0.0, ""angle"": 8.74931257483053, ""elevation"": 0.0}, {""range"": 2.103441635274069, ""doppler"": 0.0, ""angle"": 28.024639229356293, ""elevation"": 0.0}]",1785092017995.29
10,"[{""range"": 0.6744236767994405, ""doppler"": 0.0, ""angle"": -7.189080269304995, ""elevation"": 0.0}, {""range"": 3.356997907836781, ""doppler"": 0.0, ""angle"": -4.4143881428633955, ""elevation"": 0.0}, {""range"": 3.378028332116502, ""doppler"": 0.0, ""angle"": -4.873709014357385, ""elevation"": 0.0}, {""range"": 3.407662006901563, ""doppler"": 0.0, ""angle"": -3.66748032371281, ""elevation"": 0.0}, {""range"": 0.708884202223436, ""doppler"": 0.0, ""angle"": -0.7804694063376135, ""elevation"": 0.0}, {""range"": 0.7398489360456123, ""doppler"": 0.0, ""angle"": 9.052536994760775, ""elevation"": 0.0}, {""range"": 0.7542375141322105, ""doppler"": 0.0, ""angle"": 9.993815986649853, ""elevation"": 0.0}, {""range"": 0.7883357817695513, ""doppler"": 0.0, ""angle"": 11.248762625894456, ""elevation"": 0.0}, {""range"": 1.0776067868421895, ""doppler"": 0.0, ""angle"": 50.52797186234735, ""elevation"": 0.0}, {""range"": 1.0986181731757454, ""doppler"": 0.0, ""angle"": 47.268998343616225, ""elevation"": 0.0}]",1785092018105.492
10,"[{""range"": 1.2927102423055092, ""doppler"": 0.0, ""angle"": -37.700511740112425, ""elevation"": 0.0}, {""range"": 3.338337102084135, ""doppler"": 0.0, ""angle"": -5.415599832056064, ""elevation"": 0.0}, {""range"": 3.3591708761555155, ""doppler"": 0.0, ""angle"": -3.5890811447013076, ""elevation"": 0.0}, {""range"": 3.374658702438118, ""doppler"": 0.0, ""angle"": -1.715566186778011, ""elevation"": 0.0}, {""range"": 3.395478475772735, ""doppler"": 0.0, ""angle"": 1.3005815123913465, ""elevation"": 0.0}, {""range"": 0.75661367421042, ""doppler"": 0.0, ""angle"": 5.329282641655794, ""elevation"": 0.0}, {""range"": 0.7525663306529007, ""doppler"": 0.0, ""angle"": 6.329668000742337, ""elevation"": 0.0}, {""range"": 1.1514018068780807, ""doppler"": 0.0, ""angle"": 4.855271114133826, ""elevation"": 0.0}, {""range"": 1.1693278116929937, ""doppler"": 0.0, ""angle"": 8.991302049375667, ""elevation"": 0.0}, {""range"": 2.0126941946324917, ""doppler"": 0.0, ""angle"": 50.71453283791315, ""elevation"": 0.0}]",1785092018201.8481
5,"[{""range"": 0.7216300570030139, ""doppler"": 0.0, ""angle"": -5.360242366469147, ""elevation"": 0.0}, {""range"": 0.801207475265651, ""doppler"": 0.0, ""angle"": -6.136845819727536, ""elevation"": 0.0}, {""range"": 0.8635184829576924, ""doppler"": 0.0, ""angle"": -7.927075432191817, ""elevation"": 0.0}, {""range"": 0.7520856471051955, ""doppler"": 0.0, ""angle"": 3.298465703955641, ""elevation"": 0.0}, {""range"": 0.756909076679972, ""doppler"": 0.0, ""angle"": 3.72493713341037, ""elevation"": 0.0}]",1785092018295.6182
5,"[{""range"": 0.7272486695029263, ""doppler"": 0.0, ""angle"": -2.8609982106653233, ""elevation"": 0.0}, {""range"": 0.7449905484130406, ""doppler"": 0.0, ""angle"": -2.6000643755305832, ""elevation"": 0.0}, {""range"": 0.7540221267214556, ""doppler"": 0.0, ""angle"": -1.1142461143524167, ""elevation"": 0.0}, {""range"": 0.7795779376792736, ""doppler"": 0.0, ""angle"": 1.0382819694240113, ""elevation"": 0.0}, {""range"": 2.0591165790764725, ""doppler"": 0.0, ""angle"": 41.93765508353611, ""elevation"": 0.0}]",1785092018406.07
7,"[{""range"": 0.70665368732017, ""doppler"": 0.0, ""angle"": -7.61955332584244, ""elevation"": 0.0}, {""range"": 0.7391681200073968, ""doppler"": 0.0, ""angle"": -10.76355003897703, ""elevation"": 0.0}, {""range"": 0.7548012369168169, ""doppler"": 0.0, ""angle"": -5.601193474573891, ""elevation"": 0.0}, {""range"": 0.8021451388755843, ""doppler"": 0.0, ""angle"": 10.831497658565747, ""elevation"": 0.0}, {""range"": 0.9236090231998842, ""doppler"": 0.0, ""angle"": 22.12068879249039, ""elevation"": 0.0}, {""range"": 0.09161924157481284, ""doppler"": 0.0, ""angle"": 65.4357344395906, ""elevation"": 0.0}, {""range"": 0.08591279185867422, ""doppler"": 0.0, ""angle"": 64.87504218471818, ""elevation"": 0.0}]",1785092018505.6519
8,"[{""range"": 0.813598940648438, ""doppler"": 0.0, ""angle"": -26.750892939734587, ""elevation"": 0.0}, {""range"": 0.760857177807373, ""doppler"": 0.0, ""angle"": -11.674364210073971, ""elevation"": 0.0}, {""range"": 0.655362656394394, ""doppler"": 0.0, ""angle"": -4.648097370964722, ""elevation"": 0.0}, {""range"": 0.6965902395321338, ""doppler"": 0.0, ""angle"": -6.574077289123932, ""elevation"": 0.0}, {""range"": 0.7328808150343058, ""doppler"": 0.0, ""angle"": -9.862214055429137, ""elevation"": 0.0}, {""range"": 3.34459466057477, ""doppler"": 0.0, ""angle"": -2.2428617342908352, ""elevation"": 0.0}, {""range"": 0.09155290899781621, ""doppler"": 0.0, ""angle"": 67.49204072902577, ""elevation"": 0.0}, {""range"": 0.0867503782163214, ""doppler"": 0.0, ""angle"": 65.6537861338351, ""elevation"": 0.0}]",1785092018605.321
6,"[{""range"": 0.6862500707971656, ""doppler"": 0.0, ""angle"": -6.8991009332520665, ""elevation"": 0.0}, {""range"": 0.7365929605804178, ""doppler"": 0.0, ""angle"": -8.220585863718899, ""elevation"": 0.0}, {""range"": 0.7682274702933631, ""doppler"": 0.0, ""angle"": -8.135760451459396, ""elevation"": 0.0}, {""range"": 0.8118657732365337, ""doppler"": 0.0, ""angle"": -5.282402178498947, ""elevation"": 0.0}, {""range"": 0.09147586799463155, ""doppler"": 0.0, ""angle"": 66.74258427138132, ""elevation"": 0.0}, {""range"": 0.08476082277357494, ""doppler"": 0.0, ""angle"": 66.8966378410693, ""elevation"": 0.0}]",1785092018705.916
6,"[{""range"": 0.8097329932004423, ""doppler"": 0.0, ""angle"": -8.380613222927662, ""elevation"": 0.0}, {""range"": 0.7001530326847221, ""doppler"": 0.0, ""angle"": 2.06368798585564, ""elevation"": 0.0}, {""range"": 0.7218383660107657, ""doppler"": 0.0, ""angle"": 1.1497361735157114, ""elevation"": 0.0}, {""range"": 0.7565182030583165, ""doppler"": 0.0, ""angle"": -1.0834789545509598, ""elevation"": 0.0}, {""range"": 0.09157787663222505, ""doppler"": 0.0, ""angle"": 66.03751102542182, ""elevation"": 0.0}, {""range"": 0.0845525238450274, ""doppler"": 0.0, ""angle"": 66.3081783590194, ""elevation"": 0.0}]",1785092018806.0679
8,"[{""range"": 0.6654278693193226, ""doppler"": 0.0, ""angle"": -6.8213718033664374, ""elevation"": 0.0}, {""range"": 0.694367317165727, ""doppler"": 0.0, ""angle"": -6.907232309369016, ""elevation"": 0.0}, {""range"": 0.7263774173037348, ""doppler"": 0.0, ""angle"": 0.5641942650765787, ""elevation"": 0.0}, {""range"": 0.9039122378807977, ""doppler"": 0.0, ""angle"": 0.23802264056972186, ""elevation"": 0.0}, {""range"": 0.9173447795283247, ""doppler"": 0.0, ""angle"": -0.4579097358453418, ""elevation"": 0.0}, {""range"": 1.1498831195119705, ""doppler"": 0.0, ""angle"": -1.2831253554177875, ""elevation"": 0.0}, {""range"": 1.160883211924808, ""doppler"": 0.0, ""angle"": 0.3618446902437002, ""elevation"": 0.0}, {""range"": 0.7466494183218374, ""doppler"": 0.0, ""angle"": 6.090165467544461, ""elevation"": 0.0}]",1785092018905.8418
10,"[{""range"": 0.6581043221439649, ""doppler"": 0.0, ""angle"": -20.335572804146572, ""elevation"": 0.0}, {""range"": 0.6645074419843172, ""doppler"": 0.0, ""angle"": -20.36115622954293, ""elevation"": 0.0}, {""range"": 0.836201353585404, ""doppler"": 0.0, ""angle"": -3.99745069484935, ""elevation"": 0.0}, {""range"": 3.407703775501816, ""doppler"": 0.0, ""angle"": -5.093716219552756, ""elevation"": 0.0}, {""range"": 3.3494087146805747, ""doppler"": 0.0, ""angle"": 0.29670818066700916, ""elevation"": 0.0}, {""range"": 3.3798783131967185, ""doppler"": 0.0, ""angle"": -2.9264363608241517, ""elevation"": 0.0}, {""range"": 0.6941141896612638, ""doppler"": 0.0, ""angle"": 5.929429610151748, ""elevation"": 0.0}, {""range"": 0.7208335911799868, ""doppler"": 0.0, ""angle"": 10.707838827066999, ""elevation"": 0.0}, {""range"": 0.7500739629050011, ""doppler"": 0.0, ""angle"": 15.911624078544216, ""elevation"": 0.0}, {""range"": 2.0604940153023463, ""doppler"": 0.0, ""angle"": 34.827861031492546, ""elevation"": 0.0}]",1785092019005.9268
9,"[{""range"": 0.6443495800224708, ""doppler"": 0.0, ""angle"": -20.60256965030355, ""elevation"": 0.0}, {""range"": 0.6901105283965098, ""doppler"": 0.0, ""angle"": -11.190560373757057, ""elevation"": 0.0}, {""range"": 0.7380179650177485, ""doppler"": 0.0, ""angle"": -4.9342638421117675, ""elevation"": 0.0}, {""range"": 0.7705376477183656, ""doppler"": 0.0, ""angle"": 0.49196837836824237, ""elevation"": 0.0}, {""range"": 0.8183455797304637, ""doppler"": 0.0, ""angle"": -0.8638787594528788, ""elevation"": 0.0}, {""range"": 0.8790145634172968, ""doppler"": 0.0, ""angle"": -1.0373890419075527, ""elevation"": 0.0}, {""range"": 0.9149934179887589, ""doppler"": 0.0, ""angle"": -0.13436546682510467, ""elevation"": 0.0}, {""range"": 1.138958158524402, ""doppler"": 0.0, ""angle"": -1.6103728254657137, ""elevation"": 0.0}, {""range"": 3.4299834997787495, ""doppler"": 0.0, ""angle"": -1.6400746451762471, ""elevation"": 0.0}]",1785092019101.752
9,"[{""range"": 0.672961318318087, ""doppler"": 0.0, ""angle"": -9.760161468378827, ""elevation"": 0.0}, {""range"": 3.407719313684545, ""doppler"": 0.0, ""angle"": -3.6824820029227814, ""elevation"": 0.0}, {""range"": 0.7025777881742741, ""doppler"": 0.0, ""angle"": -0.40831119072066957, ""elevation"": 0.0}, {""range"": 0.7180133203414829, ""doppler"": 0.0, ""angle"": 3.240775475631049, ""elevation"": 0.0}, {""range"": 0.9042555420017694, ""doppler"": 0.0, ""angle"": -2.5387676320334682, ""elevation"": 0.0}, {""range"": 2.3970084397451084, ""doppler"": 0.0, ""angle"": 2.3258012777098047, ""elevation"": 0.0}, {""range"": 2.3985393895916434, ""doppler"": 0.0, ""angle"": 3.252333290331237, ""elevation"": 0.0}, {""range"": 3.4219138174833486, ""doppler"": 0.0, ""angle"": -2.3959154503217444, ""elevation"": 0.0}, {""range"": 0.7357636945757631, ""doppler"": 0.0, ""angle"": 10.78560060691603, ""elevation"": 0.0}]",1785092019202.504
8,"[{""range"": 0.6634248792361882, ""doppler"": 0.0, ""angle"": -1.4209034916799148, ""elevation"": 0.0}, {""range"": 0.6853938335978014, ""doppler"": 0.0, ""angle"": -0.014948024579478499, ""elevation"": 0.0}, {""range"": 0.7048185934947816, ""doppler"": 0.0, ""angle"": 2.0936582103107497, ""elevation"": 0.0}, {""range"": 2.400597213948287, ""doppler"": 0.0, ""angle"": -0.23472999948232262, ""elevation"": 0.0}, {""range"": 2.4043345613586786, ""doppler"": 0.0, ""angle"": 0.08096230002876266, ""elevation"": 0.0}, {""range"": 2.8056937334615797, ""doppler"": 0.0, ""angle"": 1.223380450803388, ""elevation"": 0.0}, {""range"": 0.7448220499078506, ""doppler"": 0.0, ""angle"": 24.343775494520575, ""elevation"": 0.0}, {""range"": 0.7937312673122657, ""doppler"": 0.0, ""angle"": 31.41977543923366, ""elevation"": 0.0}]",1785092019305.486
10,"[{""range"": 0.6868381714237625, ""doppler"": 0.0, ""angle"": -5.078287148218271, ""elevation"": 0.0}, {""range"": 0.6618893127309854, ""doppler"": 0.0, ""angle"": 0.9906956069035863, ""elevation"": 0.0}, {""range"": 2.401237576737846, ""doppler"": 0.0, ""angle"": -3.2572219406669563, ""elevation"": 0.0}, {""range"": 2.4113574330146283, ""doppler"": 0.0, ""angle"": -3.0648187346491547, ""elevation"": 0.0}, {""range"": 2.7686717638767466, ""doppler"": 0.0, ""angle"": 0.8067210006909911, ""elevation"": 0.0}, {""range"": 2.79576034640083, ""doppler"": 0.0, ""angle"": 0.1026082578387013, ""elevation"": 0.0}, {""range"": 2.8150420754738374, ""doppler"": 0.0, ""angle"": -1.4231822481530834, ""elevation"": 0.0}, {""range"": 3.4291769184853584, ""doppler"": 0.0, ""angle"": 6.121444921708316, ""elevation"": 0.0}, {""range"": 0.7221767067901046, ""doppler"": 0.0, ""angle"": 29.618187110604644, ""elevation"": 0.0}, {""range"": 0.7366136010507828, ""doppler"": 0.0, ""angle"": 29.76385797861145, ""elevation"": 0.0}]",1785092019401.6353
6,"[{""range"": 0.655785787900046, ""doppler"": 0.0, ""angle"": 2.8132544469193794, ""elevation"": 0.0}, {""range"": 0.6743261236794714, ""doppler"": 0.0, ""angle"": 2.3252232402575714, ""elevation"": 0.0}, {""range"": 0.6993567505994265, ""doppler"": 0.0, ""angle"": -0.3808919259540798, ""elevation"": 0.0}, {""range"": 0.7299949821661906, ""doppler"": 0.0, ""angle"": 3.2156414370972204, ""elevation"": 0.0}, {""range"": 2.4005753168174278, ""doppler"": 0.0, ""angle"": -1.7116604979326733, ""elevation"": 0.0}, {""range"": 2.4073460249791436, ""doppler"": 0.0, ""angle"": -1.689814144080705, ""elevation"": 0.0}]",1785092019502.491
14,"[{""range"": 1.2739409601441236, ""doppler"": 0.0, ""angle"": -39.61816576393396, ""elevation"": 0.0}, {""range"": 0.7631644018851658, ""doppler"": 0.0, ""angle"": -26.060731656447672, ""elevation"": 0.0}, {""range"": 1.23838440649146, ""doppler"": 0.0, ""angle"": -33.0797066452706, ""elevation"": 0.0}, {""range"": 0.9174161431926642, ""doppler"": 0.0, ""angle"": 0.8487642715535872, ""elevation"": 0.0}, {""range"": 2.386213183438602, ""doppler"": 0.0, ""angle"": -2.3964898140515736, ""elevation"": 0.0}, {""range"": 2.3996849240374907, ""doppler"": 0.0, ""angle"": -0.07258030780301332, ""elevation"": 0.0}, {""range"": 2.4045399370617297, ""doppler"": 0.0, ""angle"": 0.28121447777696384, ""elevation"": 0.0}, {""range"": 2.4204298800992023, ""doppler"": 0.0, ""angle"": 0.11005381466310722, ""elevation"": 0.0}, {""range"": 2.691118944743118, ""doppler"": 0.0, ""angle"": 2.456313822876959, ""elevation"": 0.0}, {""range"": 2.81275228109666, ""doppler"": 0.0, ""angle"": -0.14569779024647594, ""elevation"": 0.0}, {""range"": 2.821357625694306, ""doppler"": 0.0, ""angle"": 0.9514524821189012, ""elevation"": 0.0}, {""range"": 0.6658645089498154, ""doppler"": 0.0, ""angle"": 7.949496454306362, ""elevation"": 0.0}, {""range"": 0.6766533337880534, ""doppler"": 0.0, ""angle"": 10.644768276719882, ""elevation"": 0.0}, {""range"": 0.688216156478609, ""doppler"": 0.0, ""angle"": 12.606312943599143, ""elevation"": 0.0}]",1785092019601.365
15,"[{""range"": 0.6558107756017517, ""doppler"": 0.0, ""angle"": 2.1407554652744367, ""elevation"": 0.0}, {""range"": 0.6726145740098174, ""doppler"": 0.0, ""angle"": 2.483598188997307, ""elevation"": 0.0}, {""range"": 0.7551783919718272, ""doppler"": 0.0, ""angle"": -2.2526536140881546, ""elevation"": 0.0}, {""range"": 0.9053864413564069, ""doppler"": 0.0, ""angle"": -0.611071456277287, ""elevation"": 0.0}, {""range"": 0.9191047356743509, ""doppler"": 0.0, ""angle"": 0.08917623851809839, ""elevation"": 0.0}, {""range"": 0.9353900645151948, ""doppler"": 0.0, ""angle"": -0.31763727463044, ""elevation"": 0.0}, {""range"": 2.3831420237921788, ""doppler"": 0.0, ""angle"": 0.494398672545197, ""elevation"": 0.0}, {""range"": 2.395227574775052, ""doppler"": 0.0, ""angle"": 1.578550637645787, ""elevation"": 0.0}, {""range"": 2.401837159406112, ""doppler"": 0.0, ""angle"": 1.7192960123021899, ""elevation"": 0.0}, {""range"": 2.419366044865273, ""doppler"": 0.0, ""angle"": 2.6137148900941143, ""elevation"": 0.0}, {""range"": 2.8085995634819314, ""doppler"": 0.0, ""angle"": -1.0871175066257306, ""elevation"": 0.0}, {""range"": 2.8174661731453967, ""doppler"": 0.0, ""angle"": -0.7672920828548861, ""elevation"": 0.0}, {""range"": 2.6833622003159707, ""doppler"": 0.0, ""angle"": 8.719746506237325, ""elevation"": 0.0}, {""range"": 0.7102446703623598, ""doppler"": 0.0, ""angle"": 37.409400849051345, ""elevation"": 0.0}, {""range"": 0.7367570916785259, ""doppler"": 0.0, ""angle"": 43.53472790957016, ""elevation"": 0.0}]",1785092019702.5542
