num_points,points,timestamp_ms
10,"[{""range"": 1.395869355039886, ""doppler"": 0.0, ""angle"": -5.675537344486693, ""elevation"": 0.0}, {""range"": 1.4038260622665075, ""doppler"": 0.0, ""angle"": -5.841307372403889, ""elevation"": 0.0}, {""range"": 1.4277293412745473, ""doppler"": 0.0, ""angle"": -5.245753480206383, ""elevation"": 0.0}, {""range"": 1.5917530724111428, ""doppler"": 0.0, ""angle"": -7.176110554074129, ""elevation"": 0.0}, {""range"": 0.7956195548354681, ""doppler"": 0.0, ""angle"": 17.649008680479252, ""elevation"": 0.0}, {""range"": 0.7793084837982222, ""doppler"": 0.0, ""angle"": 23.359130827289547, ""elevation"": 0.0}, {""range"": 0.7855306514535147, ""doppler"": 0.0, ""angle"": 19.383604334754995, ""elevation"": 0.0}, {""range"": 1.917056592680362, ""doppler"": 0.0, ""angle"": 46.26983967295343, ""elevation"": 0.0}, {""range"": 1.9680404422112923, ""doppler"": 0.0, ""angle"": 49.45121795468141, ""elevation"": 0.0}, {""range"": 2.0111614014760875, ""doppler"": 0.0, ""angle"": 45.63759411205821, ""elevation"": 0.0}]",1785095120184.885
8,"[{""range"": 1.3930688081119562, ""doppler"": 0.0, ""angle"": -4.911444697682441, ""elevation"": 0.0}, {""range"": 1.403122327245, ""doppler"": 0.0, ""angle"": -5.477368728828878, ""elevation"": 0.0}, {""range"": 1.5741272476870791, ""doppler"": 0.0, ""angle"": -4.822016299668837, ""elevation"": 0.0}, {""range"": 1.5984278808304848, ""doppler"": 0.0, ""angle"": -6.700475486585515, ""elevation"": 0.0}, {""range"": 1.6182579256346277, ""doppler"": 0.0, ""angle"": -6.815618063469645, ""elevation"": 0.0}, {""range"": 0.7774997860599029, ""doppler"": 0.0, ""angle"": 25.91091054780297, ""elevation"": 0.0}, {""range"": 0.7891583028188839, ""doppler"": 0.0, ""angle"": 24.497676944766575, ""elevation"": 0.0}, {""range"": 0.801890465457775, ""doppler"": 0.0, ""angle"": 23.80422449379867, ""elevation"": 0.0}]",1785095120185.307
5,"[{""range"": 1.5809996379176903, ""doppler"": 0.0, ""angle"": -6.311566758526784, ""elevation"": 0.0}, {""range"": 1.5929131979320652, ""doppler"": 0.0, ""angle"": -6.775592933072516, ""elevation"": 0.0}, {""range"": 1.606294967569108, ""doppler"": 0.0, ""angle"": -6.346530943322334, ""elevation"": 0.0}, {""range"": 0.8087833317916888, ""doppler"": 0.0, ""angle"": 0.25335134242021934, ""elevation"": 0.0}, {""range"": 0.8053599555368596, ""doppler"": 0.0, ""angle"": -1.144999708453344, ""elevation"": 0.0}]",1785095120185.627
13,"[{""range"": 1.582560790764051, ""doppler"": 0.0, ""angle"": -8.282998160650557, ""elevation"": 0.0}, {""range"": 1.5952809763866929, ""doppler"": 0.0, ""angle"": -9.347238795117203, ""elevation"": 0.0}, {""range"": 1.6067039377962382, ""doppler"": 0.0, ""angle"": -10.030512325698924, ""elevation"": 0.0}, {""range"": 0.7468885941928115, ""doppler"": 0.0, ""angle"": -3.0466728374892322, ""elevation"": 0.0}, {""range"": 0.7684866423872235, ""doppler"": 0.0, ""angle"": -2.026851074984349, ""elevation"": 0.0}, {""range"": 0.7737239885925908, ""doppler"": 0.0, ""angle"": -1.2183118935765254, ""elevation"": 0.0}, {""range"": 0.7890985783212737, ""doppler"": 0.0, ""angle"": -1.194571149953041, ""elevation"": 0.0}, {""range"": 0.8488091034766856, ""doppler"": 0.0, ""angle"": -2.3181080781323917, ""elevation"": 0.0}, {""range"": 1.817931982311662, ""doppler"": 0.0, ""angle"": 1.5274503265098185, ""elevation"": 0.0}, {""range"": 1.8730091894488732, ""doppler"": 0.0, ""angle"": 39.61577413283757, ""elevation"": 0.0}, {""range"": 1.915094815714826, ""doppler"": 0.0, ""angle"": 47.30058877751055, ""elevation"": 0.0}, {""range"": 2.0107951941859117, ""doppler"": 0.0, ""angle"": 51.683947974948914, ""elevation"": 0.0}, {""range"": 1.9672722720357703, ""doppler"": 0.0, ""angle"": 55.667160452010386, ""elevation"": 0.0}]",1785095120185.969
12,"[{""range"": 0.8703009386072486, ""doppler"": 0.0, ""angle"": -34.832892453858825, ""elevation"": 0.0}, {""range"": 1.583475606263715, ""doppler"": 0.0, ""angle"": -11.226185325266178, ""elevation"": 0.0}, {""range"": 1.6130815620311045, ""doppler"": 0.0, ""angle"": -11.108143746148876, ""elevation"": 0.0}, {""range"": 0.7729057683869435, ""doppler"": 0.0, ""angle"": -8.126353121108517, ""elevation"": 0.0}, {""range"": 0.7871447883156372, ""doppler"": 0.0, ""angle"": -6.469553328220209, ""elevation"": 0.0}, {""range"": 0.8006567779407096, ""doppler"": 0.0, ""angle"": -6.810756935034798, ""elevation"": 0.0}, {""range"": 1.597537779761916, ""doppler"": 0.0, ""angle"": -9.938879845385955, ""elevation"": 0.0}, {""range"": 1.406685227473163, ""doppler"": 0.0, ""angle"": -1.770118849288184, ""elevation"": 0.0}, {""range"": 1.8763895558588526, ""doppler"": 0.0, ""angle"": 39.50915357825963, ""elevation"": 0.0}, {""range"": 1.9170726210502447, ""doppler"": 0.0, ""angle"": 50.26011778469386, ""elevation"": 0.0}, {""range"": 2.0037355872025553, ""doppler"": 0.0, ""angle"": 48.92951472142761, ""elevation"": 0.0}, {""range"": 1.9656733336519072, ""doppler"": 0.0, ""angle"": 57.04430525623962, ""elevation"": 0.0}]",1785095120186.28
12,"[{""range"": 0.826727230871852, ""doppler"": 0.0, ""angle"": -27.44628466674557, ""elevation"": 0.0}, {""range"": 0.8804376320047397, ""doppler"": 0.0, ""angle"": -13.78223694736591, ""elevation"": 0.0}, {""range"": 1.587280542629739, ""doppler"": 0.0, ""angle"": -6.4228757524005955, ""elevation"": 0.0}, {""range"": 1.5942983499626702, ""doppler"": 0.0, ""angle"": -6.536766657699832, ""elevation"": 0.0}, {""range"": 1.6107174296950884, ""doppler"": 0.0, ""angle"": -5.318817000802039, ""elevation"": 0.0}, {""range"": 0.7407793424583744, ""doppler"": 0.0, ""angle"": 1.6598816557620568, ""elevation"": 0.0}, {""range"": 0.7528939205056762, ""doppler"": 0.0, ""angle"": 4.0448969069796785, ""elevation"": 0.0}, {""range"": 0.7576929408837035, ""doppler"": 0.0, ""angle"": 6.0146680153868175, ""elevation"": 0.0}, {""range"": 1.8795334654344689, ""doppler"": 0.0, ""angle"": 43.01072012725012, ""elevation"": 0.0}, {""range"": 1.9198409084912142, ""doppler"": 0.0, ""angle"": 50.98431673883154, ""elevation"": 0.0}, {""range"": 1.9622073979395178, ""doppler"": 0.0, ""angle"": 61.61331176855862, ""elevation"": 0.0}, {""range"": 2.0006176772583015, ""doppler"": 0.0, ""angle"": 62.321837819855475, ""elevation"": 0.0}]",1785095120186.5962
8,"[{""range"": 1.5813482037040842, ""doppler"": 0.0, ""angle"": -4.0916175463873365, ""elevation"": 0.0}, {""range"": 1.587550844084304, ""doppler"": 0.0, ""angle"": -5.318879330870102, ""elevation"": 0.0}, {""range"": 1.6082388269389465, ""doppler"": 0.0, ""angle"": -5.4678131777894015, ""elevation"": 0.0}, {""range"": 0.7479768918777575, ""doppler"": 0.0, ""angle"": 1.246555057299615, ""elevation"": 0.0}, {""range"": 0.7699735486885834, ""doppler"": 0.0, ""angle"": 0.0798361483024859, ""elevation"": 0.0}, {""range"": 0.7799190876894753, ""doppler"": 0.0, ""angle"": -1.563418685857222, ""elevation"": 0.0}, {""range"": 0.7986106771145768, ""doppler"": 0.0, ""angle"": 3.864423356372941, ""elevation"": 0.0}, {""range"": 2.9178785041608957, ""doppler"": 0.0, ""angle"": 22.40649093297076, ""elevation"": 0.0}]",1785095120186.881
8,"[{""range"": 0.7715748538495582, ""doppler"": 0.0, ""angle"": -3.893568835144416, ""elevation"": 0.0}, {""range"": 0.795922917012406, ""doppler"": 0.0, ""angle"": -10.68133248776148, ""elevation"": 0.0}, {""range"": 1.3867241384530633, ""doppler"": 0.0, ""angle"": -4.229845524893396, ""elevation"": 0.0}, {""range"": 1.4016960616392424, ""doppler"": 0.0, ""angle"": -6.063332506146452, ""elevation"": 0.0}, {""range"": 0.7300973157511308, ""doppler"": 0.0, ""angle"": 0.014032764723844479, ""elevation"": 0.0}, {""range"": 0.7503700862984468, ""doppler"": 0.0, ""angle"": 0.7646265903954858, ""elevation"": 0.0}, {""range"": 1.5764721710804928, ""doppler"": 0.0, ""angle"": -3.023376263906272, ""elevation"": 0.0}, {""range"": 1.5976025163693643, ""doppler"": 0.0, ""angle"": -2.8998739551373154, ""elevation"": 0.0}]",1785095120187.105
13,"[{""range"": 0.8969595873949737, ""doppler"": 0.0, ""angle"": -7.433870208900284, ""elevation"": 0.0}, {""range"": 0.9241730541719386, ""doppler"": 0.0, ""angle"": -7.761671033796258, ""elevation"": 0.0}, {""range"": 1.3954535408893423, ""doppler"": 0.0, ""angle"": -5.9429075920043495, ""elevation"": 0.0}, {""range"": 1.3982623115512622, ""doppler"": 0.0, ""angle"": -5.916193886632181, ""elevation"": 0.0}, {""range"": 1.5911403845873822, ""doppler"": 0.0, ""angle"": -9.071711305593439, ""elevation"": 0.0}, {""range"": 1.600740552347044, ""doppler"": 0.0, ""angle"": -6.581211021916967, ""elevation"": 0.0}, {""range"": 1.612771447536473, ""doppler"": 0.0, ""angle"": -5.280124341243591, ""elevation"": 0.0}, {""range"": 0.8319187762211591, ""doppler"": 0.0, ""angle"": 5.501047098192796, ""elevation"": 0.0}, {""range"": 0.7946636898635508, ""doppler"": 0.0, ""angle"": 42.31878602906206, ""elevation"": 0.0}, {""range"": 1.9269183791510247, ""doppler"": 0.0, ""angle"": 50.28224733092452, ""elevation"": 0.0}, {""range"": 2.0057773901386913, ""doppler"": 0.0, ""angle"": 51.57711463415556, ""elevation"": 0.0}, {""range"": 2.0375932790178157, ""doppler"": 0.0, ""angle"": 50.30516018042403, ""elevation"": 0.0}, {""range"": 1.9686953324191472, ""doppler"": 0.0, ""angle"": 55.70804147855558, ""elevation"": 0.0}]",1785095120187.326
11,"[{""range"": 1.5830334688634917, ""doppler"": 0.0, ""angle"": -5.308101560129507, ""elevation"": 0.0}, {""range"": 1.5941551072696787, ""doppler"": 0.0, ""angle"": -5.303235540034295, ""elevation"": 0.0}, {""range"": 1.6161350383900384, ""doppler"": 0.0, ""angle"": -3.7238333814737086, ""elevation"": 0.0}, {""range"": 0.7069126374587928, ""doppler"": 0.0, ""angle"": -0.7536576522284052, ""elevation"": 0.0}, {""range"": 0.7477531160229313, ""doppler"": 0.0, ""angle"": -3.001985539922141, ""elevation"": 0.0}, {""range"": 0.7832533065406595, ""doppler"": 0.0, ""angle"": 9.275236368738303, ""elevation"": 0.0}, {""range"": 0.8746082001325022, ""doppler"": 0.0, ""angle"": 6.574335891714666, ""elevation"": 0.0}, {""range"": 0.827822078246207, ""doppler"": 0.0, ""angle"": 12.601296590715474, ""elevation"": 0.0}, {""range"": 1.9326312763606681, ""doppler"": 0.0, ""angle"": 44.37773322148144, ""elevation"": 0.0}, {""range"": 1.9640800449821179, ""doppler"": 0.0, ""angle"": 48.41757737083912, ""elevation"": 0.0}, {""range"": 1.9985534523814077, ""doppler"": 0.0, ""angle"": 50.91907166696648, ""elevation"": 0.0}]",1785095120187.5469
5,"[{""range"": 1.6025765689478315, ""doppler"": 0.0, ""angle"": -7.178937294659547, ""elevation"": 0.0}, {""range"": 1.8313057955931853, ""doppler"": 0.0, ""angle"": -5.215702092220052, ""elevation"": 0.0}, {""range"": 1.9647180444144543, ""doppler"": 0.0, ""angle"": -4.735060276785892, ""elevation"": 0.0}, {""range"": 0.7236766936974355, ""doppler"": 0.0, ""angle"": -3.1444914445469667, ""elevation"": 0.0}, {""range"": 0.7350506684251216, ""doppler"": 0.0, ""angle"": -2.0772469363654062, ""elevation"": 0.0}]",1785095120187.791
11,"[{""range"": 0.78284285038869, ""doppler"": 0.0, ""angle"": -16.11258002404081, ""elevation"": 0.0}, {""range"": 0.7987694502955812, ""doppler"": 0.0, ""angle"": -13.858925137719803, ""elevation"": 0.0}, {""range"": 0.8084334396957498, ""doppler"": 0.0, ""angle"": -15.997619055489185, ""elevation"": 0.0}, {""range"": 1.5822809475305062, ""doppler"": 0.0, ""angle"": -8.258301103489513, ""elevation"": 0.0}, {""range"": 1.601134006945959, ""doppler"": 0.0, ""angle"": -7.863149299585363, ""elevation"": 0.0}, {""range"": 1.617461391055664, ""doppler"": 0.0, ""angle"": -6.685043693920353, ""elevation"": 0.0}, {""range"": 1.4012917767851025, ""doppler"": 0.0, ""angle"": -3.4969786537480894, ""elevation"": 0.0}, {""range"": 1.92310778465638, ""doppler"": 0.0, ""angle"": 45.501028630209525, ""elevation"": 0.0}, {""range"": 1.9699285232290384, ""doppler"": 0.0, ""angle"": 46.57418922016967, ""elevation"": 0.0}, {""range"": 2.013835688550691, ""doppler"": 0.0, ""angle"": 46.83137253038214, ""elevation"": 0.0}, {""range"": 2.0447119358679817, ""doppler"": 0.0, ""angle"": 52.94771531373131, ""elevation"": 0.0}]",1785095120188.0598
10,"[{""range"": 1.3885824939809406, ""doppler"": 0.0, ""angle"": -4.645997675637241, ""elevation"": 0.0}, {""range"": 1.3962964951332653, ""doppler"": 0.0, ""angle"": -6.529799488290846, ""elevation"": 0.0}, {""range"": 1.6008402133556385, ""doppler"": 0.0, ""angle"": -6.091413095330752, ""elevation"": 0.0}, {""range"": 1.6085312095603603, ""doppler"": 0.0, ""angle"": -5.306876322266018, ""elevation"": 0.0}, {""range"": 0.8579019433185784, ""doppler"": 0.0, ""angle"": -1.0032006761640404, ""elevation"": 0.0}, {""range"": 0.7705849312448421, ""doppler"": 0.0, ""angle"": 9.685270364064282, ""elevation"": 0.0}, {""range"": 0.7884105900259455, ""doppler"": 0.0, ""angle"": 10.084009787569833, ""elevation"": 0.0}, {""range"": 0.8063375605972257, ""doppler"": 0.0, ""angle"": 8.04385148107038, ""elevation"": 0.0}, {""range"": 2.023172423107607, ""doppler"": 0.0, ""angle"": 47.02355416429349, ""elevation"": 0.0}, {""range"": 2.040215626065036, ""doppler"": 0.0, ""angle"": 46.06176637916005, ""elevation"": 0.0}]",1785095120188.331
10,"[{""range"": 0.8466221943943776, ""doppler"": 0.0, ""angle"": -4.020952777221295, ""elevation"": 0.0}, {""range"": 0.8958863814874863, ""doppler"": 0.0, ""angle"": -5.141625569620749, ""elevation"": 0.0}, {""range"": 1.391043843252919, ""doppler"": 0.0, ""angle"": -7.816581211333968, ""elevation"": 0.0}, {""range"": 1.4042124715109532, ""doppler"": 0.0, ""angle"": -9.01131588245687, ""elevation"": 0.0}, {""range"": 0.7430796510663007, ""doppler"": 0.0, ""angle"": 2.3859440303888126, ""elevation"": 0.0}, {""range"": 0.7680711257734818, ""doppler"": 0.0, ""angle"": 0.7470039237102591, ""elevation"": 0.0}, {""range"": 0.7807200672544787, ""doppler"": 0.0, ""angle"": 0.3936890367074344, ""elevation"": 0.0}, {""range"": 0.8023625320286514, ""doppler"": 0.0, ""angle"": -0.44691589316796115, ""elevation"": 0.0}, {""range"": 2.025503741640996, ""doppler"": 0.0, ""angle"": 51.94135390872848, ""elevation"": 0.0}, {""range"": 2.041592510067637, ""doppler"": 0.0, ""angle"": 44.481917761512825, ""elevation"": 0.0}]",1785095120188.606
14,"[{""range"": 1.571705366265211, ""doppler"": 0.0, ""angle"": -13.239400157144956, ""elevation"": 0.0}, {""range"": 0.8157076975605049, ""doppler"": 0.0, ""angle"": -8.471144633014832, ""elevation"": 0.0}, {""range"": 1.394799396620115, ""doppler"": 0.0, ""angle"": -8.329550197226771, ""elevation"": 0.0}, {""range"": 1.4018253839899597, ""doppler"": 0.0, ""angle"": -8.272736860760316, ""elevation"": 0.0}, {""range"": 1.4325275779966253, ""doppler"": 0.0, ""angle"": -8.513437330926399, ""elevation"": 0.0}, {""range"": 1.5976477874049309, ""doppler"": 0.0, ""angle"": -9.736427292478206, ""elevation"": 0.0}, {""range"": 1.6155604735240254, ""doppler"": 0.0, ""angle"": -7.997369670964824, ""elevation"": 0.0}, {""range"": 0.7622133512041462, ""doppler"": 0.0, ""angle"": -1.572851962707386, ""elevation"": 0.0}, {""range"": 0.7891852259870894, ""doppler"": 0.0, ""angle"": -2.571319394017799, ""elevation"": 0.0}, {""range"": 2.0370114214637756, ""doppler"": 0.0, ""angle"": 34.644257893265554, ""elevation"": 0.0}, {""range"": 1.883087326527919, ""doppler"": 0.0, ""angle"": 47.20880818878507, ""elevation"": 0.0}, {""range"": 1.9161827019174817, ""doppler"": 0.0, ""angle"": 52.11845121729753, ""elevation"": 0.0}, {""range"": 2.018483657688539, ""doppler"": 0.0, ""angle"": 44.11705011892451, ""elevation"": 0.0}, {""range"": 1.9736620625148176, ""doppler"": 0.0, ""angle"": 59.19203732276453, ""elevation"": 0.0}]",1785095120188.88
7,"[{""range"": 1.3900859659805522, ""doppler"": 0.0, ""angle"": -8.723187916989085, ""elevation"": 0.0}, {""range"": 1.391681602318614, ""doppler"": 0.0, ""angle"": -8.058265334280232, ""elevation"": 0.0}, {""range"": 1.5963569295941333, ""doppler"": 0.0, ""angle"": -6.8901825828591745, ""elevation"": 0.0}, {""range"": 0.7813167385081725, ""doppler"": 0.0, ""angle"": 0.8130235523843458, ""elevation"": 0.0}, {""range"": 0.7892291438268065, ""doppler"": 0.0, ""angle"": 1.0126003849834189, ""elevation"": 0.0}, {""range"": 0.8018691526264016, ""doppler"": 0.0, ""angle"": 1.8657355838831176, ""elevation"": 0.0}, {""range"": 0.861901155952757, ""doppler"": 0.0, ""angle"": -1.22443803034978, ""elevation"": 0.0}]",1785095120189.142
9,"[{""range"": 0.835040185889708, ""doppler"": 0.0, ""angle"": -16.739200262865612, ""elevation"": 0.0}, {""range"": 0.8671385534319156, ""doppler"": 0.0, ""angle"": -12.686435101855281, ""elevation"": 0.0}, {""range"": 1.3915315649550672, ""doppler"": 0.0, ""angle"": -5.2790843518988, ""elevation"": 0.0}, {""range"": 1.3956377629881696, ""doppler"": 0.0, ""angle"": -6.289119499587839, ""elevation"": 0.0}, {""range"": 0.7672422721550348, ""doppler"": 0.0, ""angle"": 18.9163436613155, ""elevation"": 0.0}, {""range"": 0.7876973617270844, ""doppler"": 0.0, ""angle"": 27.763386832214067, ""elevation"": 0.0}, {""range"": 1.9165929878904164, ""doppler"": 0.0, ""angle"": 44.32338406180397, ""elevation"": 0.0}, {""range"": 2.0135656915778384, ""doppler"": 0.0, ""angle"": 44.99640214885791, ""elevation"": 0.0}, {""range"": 2.0344927520497915, ""doppler"": 0.0, ""angle"": 44.54420726704416, ""elevation"": 0.0}]",1785095120189.3591
11,"[{""range"": 0.8633342856903484, ""doppler"": 0.0, ""angle"": -34.56230747874695, ""elevation"": 0.0}, {""range"": 1.3906190790416681, ""doppler"": 0.0, ""angle"": -5.430553044752269, ""elevation"": 0.0}, {""range"": 1.4022476087116305, ""doppler"": 0.0, ""angle"": -7.547327407389369, ""elevation"": 0.0}, {""range"": 1.4287741922665589, ""doppler"": 0.0, ""angle"": -9.443460564935819, ""elevation"": 0.0}, {""range"": 0.7435909895488491, ""doppler"": 0.0, ""angle"": -0.8542749137151291, ""elevation"": 0.0}, {""range"": 0.7692247289643467, ""doppler"": 0.0, ""angle"": -1.6651060581036772, ""elevation"": 0.0}, {""range"": 0.7782932312927897, ""doppler"": 0.0, ""angle"": -0.8951737102110744, ""elevation"": 0.0}, {""range"": 0.7919539147785184, ""doppler"": 0.0, ""angle"": 2.0832704527695904, ""elevation"": 0.0}, {""range"": 0.9265401156014966, ""doppler"": 0.0, ""angle"": -2.4112623315161006, ""elevation"": 0.0}, {""range"": 0.856894284349329, ""doppler"": 0.0, ""angle"": 5.7486634172877675, ""elevation"": 0.0}, {""range"": 2.014620100358247, ""doppler"": 0.0, ""angle"": 54.96423494097922, ""elevation"": 0.0}]",1785095120189.576
10,"[{""range"": 0.849687427707331, ""doppler"": 0.0, ""angle"": -12.284240481028197, ""elevation"": 0.0}, {""range"": 1.390594717806784, ""doppler"": 0.0, ""angle"": -9.279427879408061, ""elevation"": 0.0}, {""range"": 1.3939567871649103, ""doppler"": 0.0, ""angle"": -8.089565100592779, ""elevation"": 0.0}, {""range"": 0.7447325591505922, ""doppler"": 0.0, ""angle"": -1.7061197799868206, ""elevation"": 0.0}, {""range"": 0.7689478216108262, ""doppler"": 0.0, ""angle"": 0.6395542309448887, ""elevation"": 0.0}, {""range"": 0.7751822467952197, ""doppler"": 0.0, ""angle"": 0.44936944870796314, ""elevation"": 0.0}, {""range"": 0.7889360148402722, ""doppler"": 0.0, ""angle"": 0.27271130634032065, ""elevation"": 0.0}, {""range"": 0.9613878589014639, ""doppler"": 0.0, ""angle"": 39.30890185307607, ""elevation"": 0.0}, {""range"": 0.972997600680617, ""doppler"": 0.0, ""angle"": 36.02118016741543, ""elevation"": 0.0}, {""range"": 0.9507377477711739, ""doppler"": 0.0, ""angle"": 45.46481791133623, ""elevation"": 0.0}]",1785095120189.834
7,"[{""range"": 0.7964485245920442, ""doppler"": 0.0, ""angle"": -4.713432850292774, ""elevation"": 0.0}, {""range"": 0.8510556171283244, ""doppler"": 0.0, ""angle"": -4.144797753305826, ""elevation"": 0.0}, {""range"": 1.389238242167425, ""doppler"": 0.0, ""angle"": -7.253992693005998, ""elevation"": 0.0}, {""range"": 1.3950886793410435, ""doppler"": 0.0, ""angle"": -6.483737043871185, ""elevation"": 0.0}, {""range"": 0.7411837793518173, ""doppler"": 0.0, ""angle"": 0.013822865718087506, ""elevation"": 0.0}, {""range"": 0.7687840124864594, ""doppler"": 0.0, ""angle"": -0.7329834749842216, ""elevation"": 0.0}, {""range"": 0.7776734772702624, ""doppler"": 0.0, ""angle"": -2.4775355897964557, ""elevation"": 0.0}]",1785095120190.099
9,"[{""range"": 1.3910187424013312, ""doppler"": 0.0, ""angle"": -6.443488824602669, ""elevation"": 0.0}, {""range"": 1.4023497591430407, ""doppler"": 0.0, ""angle"": -6.633864736599493, ""elevation"": 0.0}, {""range"": 0.7442870919555101, ""doppler"": 0.0, ""angle"": 1.9274958866719032, ""elevation"": 0.0}, {""range"": 0.7693682882502444, ""doppler"": 0.0, ""angle"": 0.9721502849693334, ""elevation"": 0.0}, {""range"": 0.7798216724891458, ""doppler"": 0.0, ""angle"": 1.2744894356234464, ""elevation"": 0.0}, {""range"": 0.7977677018130063, ""doppler"": 0.0, ""angle"": 2.5564937302280657, ""elevation"": 0.0}, {""range"": 0.8497557248761477, ""doppler"": 0.0, ""angle"": 4.102796923242021, ""elevation"": 0.0}, {""range"": 1.9982205939793882, ""doppler"": 0.0, ""angle"": 49.7657492490491, ""elevation"": 0.0}, {""range"": 1.9676886343527265, ""doppler"": 0.0, ""angle"": 55.410223954663294, ""elevation"": 0.0}]",1785095120190.366
10,"[{""range"": 0.8797300291264022, ""doppler"": 0.0, ""angle"": -11.086104130374675, ""elevation"": 0.0}, {""range"": 1.3914741535774289, ""doppler"": 0.0, ""angle"": -6.211722441676081, ""elevation"": 0.0}, {""range"": 1.3938705839205554, ""doppler"": 0.0, ""angle"": -6.5634093305925765, ""elevation"": 0.0}, {""range"": 0.757267786113924, ""doppler"": 0.0, ""angle"": -2.1381215880242155, ""elevation"": 0.0}, {""range"": 0.7781289240480298, ""doppler"": 0.0, ""angle"": -0.9612042091442096, ""elevation"": 0.0}, {""range"": 0.8048156155891005, ""doppler"": 0.0, ""angle"": 2.661522134779262, ""elevation"": 0.0}, {""range"": 1.9693928187911454, ""doppler"": 0.0, ""angle"": 42.98373857468501, ""elevation"": 0.0}, {""range"": 2.006327093621566, ""doppler"": 0.0, ""angle"": 41.672553842639424, ""elevation"": 0.0}, {""range"": 1.9283489093796227, ""doppler"": 0.0, ""angle"": 44.06450381604975, ""elevation"": 0.0}, {""range"": 2.0409070786176056, ""doppler"": 0.0, ""angle"": 45.70994853994121, ""elevation"": 0.0}]",1785095120190.634
9,"[{""range"": 0.7979872691869441, ""doppler"": 0.0, ""angle"": -13.89923208242343, ""elevation"": 0.0}, {""range"": 0.8136895613584091, ""doppler"": 0.0, ""angle"": -12.991785553122888, ""elevation"": 0.0}, {""range"": 0.8723302671216537, ""doppler"": 0.0, ""angle"": -8.487210140297574, ""elevation"": 0.0}, {""range"": 1.3919085461730138, ""doppler"": 0.0, ""angle"": -8.175903992206557, ""elevation"": 0.0}, {""range"": 1.3987765130393612, ""doppler"": 0.0, ""angle"": -7.861820061726564, ""elevation"": 0.0}, {""range"": 1.8811352097292804, ""doppler"": 0.0, ""angle"": 43.57108001154803, ""elevation"": 0.0}, {""range"": 1.9232511573586362, ""doppler"": 0.0, ""angle"": 53.125840702223414, ""elevation"": 0.0}, {""range"": 1.9746546559022202, ""doppler"": 0.0, ""angle"": 52.60191649866338, ""elevation"": 0.0}, {""range"": 2.0105707495498963, ""doppler"": 0.0, ""angle"": 48.16883726118057, ""elevation"": 0.0}]",1785095120190.9011
4,"[{""range"": 0.7839553036731225, ""doppler"": 0.0, ""angle"": -26.074106803843886, ""elevation"": 0.0}, {""range"": 1.7821285759403578, ""doppler"": 0.0, ""angle"": -6.909670629050425, ""elevation"": 0.0}, {""range"": 2.0486023767831774, ""doppler"": 0.0, ""angle"": 42.97680563407186, ""elevation"": 0.0}, {""range"": 2.024700079302897, ""doppler"": 0.0, ""angle"": 49.103971496615394, ""elevation"": 0.0}]",1785095120191.168
7,"[{""range"": 0.7564377257616018, ""doppler"": 0.0, ""angle"": -14.036243467926479, ""elevation"": 0.0}, {""range"": 1.4037517629418401, ""doppler"": 0.0, ""angle"": -7.730651680874207, ""elevation"": 0.0}, {""range"": 0.7858732249927146, ""doppler"": 0.0, ""angle"": 1.1733953608445356, ""elevation"": 0.0}, {""range"": 0.799605251419368, ""doppler"": 0.0, ""angle"": 3.1407397845137757, ""elevation"": 0.0}, {""range"": 1.5954264628292898, ""doppler"": 0.0, ""angle"": -2.7495249772985484, ""elevation"": 0.0}, {""range"": 2.02138334262765, ""doppler"": 0.0, ""angle"": 51.811174751728544, ""elevation"": 0.0}, {""range"": 2.042796219997474, ""doppler"": 0.0, ""angle"": 47.93412962185497, ""elevation"": 0.0}]",1785095120191.436
8,"[{""range"": 0.7150720047405978, ""doppler"": 0.0, ""angle"": -4.791008115708293, ""elevation"": 0.0}, {""range"": 1.388681136707606, ""doppler"": 0.0, ""angle"": -8.538061693484051, ""elevation"": 0.0}, {""range"": 1.3954582839310425, ""doppler"": 0.0, ""angle"": -8.852777112342045, ""elevation"": 0.0}, {""range"": 2.007233891530921, ""doppler"": 0.0, ""angle"": -9.067092574939005, ""elevation"": 0.0}, {""range"": 0.7466443008509575, ""doppler"": 0.0, ""angle"": -0.9193982598157495, ""elevation"": 0.0}, {""range"": 0.77241381585389, ""doppler"": 0.0, ""angle"": 0.9948487164280385, ""elevation"": 0.0}, {""range"": 0.8140180848824665, ""doppler"": 0.0, ""angle"": 2.770013033394914, ""elevation"": 0.0}, {""range"": 0.8732211100606797, ""doppler"": 0.0, ""angle"": -0.7391836665561795, ""elevation"": 0.0}]",1785095120191.704
9,"[{""range"": 0.7101525332380018, ""doppler"": 0.0, ""angle"": -15.555001120599783, ""elevation"": 0.0}, {""range"": 0.8912006300030461, ""doppler"": 0.0, ""angle"": -3.9693102668056626, ""elevation"": 0.0}, {""range"": 1.3863237559460442, ""doppler"": 0.0, ""angle"": -6.696021024918795, ""elevation"": 0.0}, {""range"": 1.3907954697017404, ""doppler"": 0.0, ""angle"": -8.115517443870925, ""elevation"": 0.0}, {""range"": 1.5725337194890505, ""doppler"": 0.0, ""angle"": -4.166849146494341, ""elevation"": 0.0}, {""range"": 0.7487095095394438, ""doppler"": 0.0, ""angle"": 0.3694684987649454, ""elevation"": 0.0}, {""range"": 1.5921098275360417, ""doppler"": 0.0, ""angle"": -2.677949804669544, ""elevation"": 0.0}, {""range"": 0.7711298206397974, ""doppler"": 0.0, ""angle"": 12.576363238459326, ""elevation"": 0.0}, {""range"": 0.7904728798905029, ""doppler"": 0.0, ""angle"": 20.52570591634916, ""elevation"": 0.0}]",1785095120191.9702
7,"[{""range"": 1.385695368282006, ""doppler"": 0.0, ""angle"": -6.915008269914268, ""elevation"": 0.0}, {""range"": 1.4016995289431997, ""doppler"": 0.0, ""angle"": -7.97815193393373, ""elevation"": 0.0}, {""range"": 0.7396107692733801, ""doppler"": 0.0, ""angle"": -0.567952131899961, ""elevation"": 0.0}, {""range"": 0.7591162873287282, ""doppler"": 0.0, ""angle"": 2.254468777885844, ""elevation"": 0.0}, {""range"": 0.7717186181600919, ""doppler"": 0.0, ""angle"": 5.344672378827251, ""elevation"": 0.0}, {""range"": 0.7865425175555776, ""doppler"": 0.0, ""angle"": 7.30112159381645, ""elevation"": 0.0}, {""range"": 0.8350667593372363, ""doppler"": 0.0, ""angle"": 7.121972829236493, ""elevation"": 0.0}]",1785095120192.235
7,"[{""range"": 1.386087431728755, ""doppler"": 0.0, ""angle"": -7.225864884589957, ""elevation"": 0.0}, {""range"": 1.4017710059596802, ""doppler"": 0.0, ""angle"": -9.219606030065085, ""elevation"": 0.0}, {""range"": 0.7352934214566224, ""doppler"": 0.0, ""angle"": -0.3065406425902375, ""elevation"": 0.0}, {""range"": 0.7587949866809002, ""doppler"": 0.0, ""angle"": 3.404518299488737, ""elevation"": 0.0}, {""range"": 0.8488627434997426, ""doppler"": 0.0, ""angle"": 1.7382635949599778, ""elevation"": 0.0}, {""range"": 0.7705445983089452, ""doppler"": 0.0, ""angle"": 4.485385741987009, ""elevation"": 0.0}, {""range"": 0.7883624085633156, ""doppler"": 0.0, ""angle"": 5.009706928625573, ""elevation"": 0.0}]",1785095120192.506
7,"[{""range"": 1.392492580983606, ""doppler"": 0.0, ""angle"": -7.429821946394971, ""elevation"": 0.0}, {""range"": 1.4040871947886386, ""doppler"": 0.0, ""angle"": -8.39943377187952, ""elevation"": 0.0}, {""range"": 0.7411907463756598, ""doppler"": 0.0, ""angle"": 0.24881002373977326, ""elevation"": 0.0}, {""range"": 0.7663351909770498, ""doppler"": 0.0, ""angle"": 4.899092453787765, ""elevation"": 0.0}, {""range"": 0.7767430734277384, ""doppler"": 0.0, ""angle"": 4.052725440725887, ""elevation"": 0.0}, {""range"": 0.7926515141528162, ""doppler"": 0.0, ""angle"": 4.360043572171753, ""elevation"": 0.0}, {""range"": 0.8324015278296881, ""doppler"": 0.0, ""angle"": 5.460753132818573, ""elevation"": 0.0}]",1785095120192.769
9,"[{""range"": 1.3871541983212148, ""doppler"": 0.0, ""angle"": -6.982104703025584, ""elevation"": 0.0}, {""range"": 1.3984830546224263, ""doppler"": 0.0, ""angle"": -8.144607089898761, ""elevation"": 0.0}, {""range"": 1.965433828895628, ""doppler"": 0.0, ""angle"": -7.438599552663453, ""elevation"": 0.0}, {""range"": 0.7416689202870628, ""doppler"": 0.0, ""angle"": 2.0725254980768852, ""elevation"": 0.0}, {""range"": 0.8498204798215498, ""doppler"": 0.0, ""angle"": 1.458912008673005, ""elevation"": 0.0}, {""range"": 0.7669791360365963, ""doppler"": 0.0, ""angle"": 5.431466832327516, ""elevation"": 0.0}, {""range"": 0.7784228160271048, ""doppler"": 0.0, ""angle"": 5.3910423992329015, ""elevation"": 0.0}, {""range"": 0.7954453003279411, ""doppler"": 0.0, ""angle"": 4.112228844718458, ""elevation"": 0.0}, {""range"": 1.8821486366778848, ""doppler"": 0.0, ""angle"": 35.01119564143498, ""elevation"": 0.0}]",1785095120193.033
8,"[{""range"": 1.3859639310776404, ""doppler"": 0.0, ""angle"": -7.360656738628421, ""elevation"": 0.0}, {""range"": 1.3922896739145911, ""doppler"": 0.0, ""angle"": -8.828403345671626, ""elevation"": 0.0}, {""range"": 0.7405967395239852, ""doppler"": 0.0, ""angle"": 2.07552725819807, ""elevation"": 0.0}, {""range"": 0.772851635011879, ""doppler"": 0.0, ""angle"": 10.033321381109738, ""elevation"": 0.0}, {""range"": 0.7841745387058214, ""doppler"": 0.0, ""angle"": 9.118659048314564, ""elevation"": 0.0}, {""range"": 0.7943576329412734, ""doppler"": 0.0, ""angle"": 7.436968508763075, ""elevation"": 0.0}, {""range"": 0.8368119207044864, ""doppler"": 0.0, ""angle"": 4.06817089429727, ""elevation"": 0.0}, {""range"": 2.0026220651901605, ""doppler"": 0.0, ""angle"": 6.150929641436941, ""elevation"": 0.0}]",1785095120193.263
5,"[{""range"": 1.386297462529474, ""doppler"": 0.0, ""angle"": -6.294488324848268, ""elevation"": 0.0}, {""range"": 1.3909803087178854, ""doppler"": 0.0, ""angle"": -8.322806276385034, ""elevation"": 0.0}, {""range"": 0.7833572339420555, ""doppler"": 0.0, ""angle"": 9.870849007523184, ""elevation"": 0.0}, {""range"": 0.7901294678947771, ""doppler"": 0.0, ""angle"": 9.351474049030339, ""elevation"": 0.0}, {""range"": 0.771756155316947, ""doppler"": 0.0, ""angle"": 11.0469782730107, ""elevation"": 0.0}]",1785095120193.487
9,"[{""range"": 0.9205208651824596, ""doppler"": 0.0, ""angle"": -5.752676778097408, ""elevation"": 0.0}, {""range"": 1.3830202118778485, ""doppler"": 0.0, ""angle"": -6.413817739197263, ""elevation"": 0.0}, {""range"": 1.3919178496564342, ""doppler"": 0.0, ""angle"": -7.915668367888019, ""elevation"": 0.0}, {""range"": 0.79368413399731, ""doppler"": 0.0, ""angle"": 1.962478020004213, ""elevation"": 0.0}, {""range"": 0.7742113297337123, ""doppler"": 0.0, ""angle"": 6.937899276592308, ""elevation"": 0.0}, {""range"": 0.7868716272079708, ""doppler"": 0.0, ""angle"": 4.653351587268386, ""elevation"": 0.0}, {""range"": 1.9255096356878716, ""doppler"": 0.0, ""angle"": 49.98391885796417, ""elevation"": 0.0}, {""range"": 1.9665492547764851, ""doppler"": 0.0, ""angle"": 57.00496193549684, ""elevation"": 0.0}, {""range"": 1.9943696550807846, ""doppler"": 0.0, ""angle"": 55.93093923626908, ""elevation"": 0.0}]",1785095120193.738
11,"[{""range"": 0.8704459006094725, ""doppler"": 0.0, ""angle"": -7.9586533063185, ""elevation"": 0.0}, {""range"": 0.897479178364393, ""doppler"": 0.0, ""angle"": -5.728767488552614, ""elevation"": 0.0}, {""range"": 1.3843183509756036, ""doppler"": 0.0, ""angle"": -6.750479465027724, ""elevation"": 0.0}, {""range"": 1.397851658222862, ""doppler"": 0.0, ""angle"": -8.066874589777271, ""elevation"": 0.0}, {""range"": 1.9754213959006484, ""doppler"": 0.0, ""angle"": -1.7844027694235927, ""elevation"": 0.0}, {""range"": 2.0022059007959037, ""doppler"": 0.0, ""angle"": -2.04723482381945, ""elevation"": 0.0}, {""range"": 0.7644958216416657, ""doppler"": 0.0, ""angle"": 6.486705237015278, ""elevation"": 0.0}, {""range"": 0.7807366538702767, ""doppler"": 0.0, ""angle"": 6.853196701917813, ""elevation"": 0.0}, {""range"": 0.804914832351531, ""doppler"": 0.0, ""angle"": 6.326135571442604, ""elevation"": 0.0}, {""range"": 1.925914315430803, ""doppler"": 0.0, ""angle"": 49.345044130444, ""elevation"": 0.0}, {""range"": 2.0000548621682985, ""doppler"": 0.0, ""angle"": 51.73459501248134, ""elevation"": 0.0}]",1785095120194.0042
8,"[{""range"": 0.8558887825956366, ""doppler"": 0.0, ""angle"": -9.487905071984777, ""elevation"": 0.0}, {""range"": 1.3869326204290968, ""doppler"": 0.0, ""angle"": -5.2298746936692755, ""elevation"": 0.0}, {""range"": 1.394136608599556, ""doppler"": 0.0, ""angle"": -7.087644389455226, ""elevation"": 0.0}, {""range"": 1.9686412071169581, ""doppler"": 0.0, ""angle"": -3.895773572724728, ""elevation"": 0.0}, {""range"": 0.7367229793792727, ""doppler"": 0.0, ""angle"": 2.8380991056489737, ""elevation"": 0.0}, {""range"": 0.7637158416508575, ""doppler"": 0.0, ""angle"": 2.4825603732252466, ""elevation"": 0.0}, {""range"": 0.7942382971485625, ""doppler"": 0.0, ""angle"": 2.9036321557423195, ""elevation"": 0.0}, {""range"": 0.7751550228876678, ""doppler"": 0.0, ""angle"": 3.8888057415762995, ""elevation"": 0.0}]",1785095120194.269
12,"[{""range"": 0.6433875940680038, ""doppler"": 0.0, ""angle"": -27.24160134179587, ""elevation"": 0.0}, {""range"": 0.7287548676005997, ""doppler"": 0.0, ""angle"": -5.886852853427575, ""elevation"": 0.0}, {""range"": 1.387495762811955, ""doppler"": 0.0, ""angle"": -4.731141626634111, ""elevation"": 0.0}, {""range"": 1.400951955427634, ""doppler"": 0.0, ""angle"": -6.456485559794141, ""elevation"": 0.0}, {""range"": 0.7608549925452268, ""doppler"": 0.0, ""angle"": -0.12118948216538629, ""elevation"": 0.0}, {""range"": 0.7710701096148207, ""doppler"": 0.0, ""angle"": 1.3155382415169203, ""elevation"": 0.0}, {""range"": 0.7926219857746316, ""doppler"": 0.0, ""angle"": 3.582784695625659, ""elevation"": 0.0}, {""range"": 0.8487401462060646, ""doppler"": 0.0, ""angle"": 1.8592859670746251, ""elevation"": 0.0}, {""range"": 1.92289113002784, ""doppler"": 0.0, ""angle"": 46.722010841969364, ""elevation"": 0.0}, {""range"": 1.9713082652821001, ""doppler"": 0.0, ""angle"": 47.13197775243474, ""elevation"": 0.0}, {""range"": 2.0145153160213845, ""doppler"": 0.0, ""angle"": 46.50696274422427, ""elevation"": 0.0}, {""range"": 2.0453566826479186, ""doppler"": 0.0, ""angle"": 45.417951413368186, ""elevation"": 0.0}]",1785095120194.5369
9,"[{""range"": 1.3850584425732864, ""doppler"": 0.0, ""angle"": -6.501113872551206, ""elevation"": 0.0}, {""range"": 1.4005315660455961, ""doppler"": 0.0, ""angle"": -8.16217300723382, ""elevation"": 0.0}, {""range"": 0.7397017441996657, ""doppler"": 0.0, ""angle"": 1.648444107983385, ""elevation"": 0.0}, {""range"": 0.7599592208862305, ""doppler"": 0.0, ""angle"": 0.0, ""elevation"": 0.0}, {""range"": 0.7651523678085317, ""doppler"": 0.0, ""angle"": -0.2544081926526949, ""elevation"": 0.0}, {""range"": 0.7879291906519321, ""doppler"": 0.0, ""angle"": 1.898755969103749, ""elevation"": 0.0}, {""range"": 1.9223191975107288, ""doppler"": 0.0, ""angle"": 52.7911347941874, ""elevation"": 0.0}, {""range"": 1.9642469199974688, ""doppler"": 0.0, ""angle"": 51.13410149894589, ""elevation"": 0.0}, {""range"": 2.008944558618739, ""doppler"": 0.0, ""angle"": 50.91009916633579, ""elevation"": 0.0}]",1785095120194.804
7,"[{""range"": 1.3855106665461192, ""doppler"": 0.0, ""angle"": -6.469214006061311, ""elevation"": 0.0}, {""range"": 1.402078519713777, ""doppler"": 0.0, ""angle"": -7.983360003284982, ""elevation"": 0.0}, {""range"": 1.7770125836657327, ""doppler"": 0.0, ""angle"": -8.716355186980795, ""elevation"": 0.0}, {""range"": 0.7232436782855602, ""doppler"": 0.0, ""angle"": -3.529501728401695, ""elevation"": 0.0}, {""range"": 0.7559981830166795, ""doppler"": 0.0, ""angle"": -1.6942462972963828, ""elevation"": 0.0}, {""range"": 0.769473737799017, ""doppler"": 0.0, ""angle"": -1.3582228640521814, ""elevation"": 0.0}, {""range"": 0.7928655216786684, ""doppler"": 0.0, ""angle"": 0.1938280140175701, ""elevation"": 0.0}]",1785095120195.062
7,"[{""range"": 1.3840364969901193, ""doppler"": 0.0, ""angle"": -6.11865799778737, ""elevation"": 0.0}, {""range"": 1.4032116877413294, ""doppler"": 0.0, ""angle"": -9.217454551301325, ""elevation"": 0.0}, {""range"": 0.7241289230950929, ""doppler"": 0.0, ""angle"": 1.0045896456700827, ""elevation"": 0.0}, {""range"": 0.7594244842766142, ""doppler"": 0.0, ""angle"": 0.12141776400138422, ""elevation"": 0.0}, {""range"": 0.7696261621753399, ""doppler"": 0.0, ""angle"": -0.30617806340408593, ""elevation"": 0.0}, {""range"": 0.7936170346934869, ""doppler"": 0.0, ""angle"": 0.5809422536697101, ""elevation"": 0.0}, {""range"": 2.00284181300118, ""doppler"": 0.0, ""angle"": 1.473389925749209, ""elevation"": 0.0}]",1785095120195.325
7,"[{""range"": 0.8852579463572786, ""doppler"": 0.0, ""angle"": -9.346261977899346, ""elevation"": 0.0}, {""range"": 1.3852823860408843, ""doppler"": 0.0, ""angle"": -6.835136560188596, ""elevation"": 0.0}, {""range"": 1.4027076943642236, ""doppler"": 0.0, ""angle"": -8.215835757504763, ""elevation"": 0.0}, {""range"": 0.7319137423073441, ""doppler"": 0.0, ""angle"": -0.5039322930620644, ""elevation"": 0.0}, {""range"": 0.7512076386696909, ""doppler"": 0.0, ""angle"": -0.3000465666549253, ""elevation"": 0.0}, {""range"": 0.7570904481673174, ""doppler"": 0.0, ""angle"": 1.2180116575843287, ""elevation"": 0.0}, {""range"": 0.7896249423560786, ""doppler"": 0.0, ""angle"": 5.014701065339992, ""elevation"": 0.0}]",1785095120195.589
6,"[{""range"": 0.7913526777665022, ""doppler"": 0.0, ""angle"": -6.161478103670617, ""elevation"": 0.0}, {""range"": 1.3851076132871347, ""doppler"": 0.0, ""angle"": -5.831297775303061, ""elevation"": 0.0}, {""range"": 1.4034772632163985, ""doppler"": 0.0, ""angle"": -7.253589604391835, ""elevation"": 0.0}, {""range"": 0.7395444276854765, ""doppler"": 0.0, ""angle"": 2.466686121886787, ""elevation"": 0.0}, {""range"": 0.7578378408359598, ""doppler"": 0.0, ""angle"": -0.4596542498439742, ""elevation"": 0.0}, {""range"": 0.7653565600257647, ""doppler"": 0.0, ""angle"": -3.080330019598623, ""elevation"": 0.0}]",1785095120195.8442
12,"[{""range"": 1.390077489806325, ""doppler"": 0.0, ""angle"": -5.506715305817294, ""elevation"": 0.0}, {""range"": 1.4055005009789543, ""doppler"": 0.0, ""angle"": -7.323927834656501, ""elevation"": 0.0}, {""range"": 1.4314845731674244, ""doppler"": 0.0, ""angle"": -8.078481813153266, ""elevation"": 0.0}, {""range"": 1.6021304724987189, ""doppler"": 0.0, ""angle"": -4.429604198177787, ""elevation"": 0.0}, {""range"": 1.6197013549583783, ""doppler"": 0.0, ""angle"": -4.508346431051378, ""elevation"": 0.0}, {""range"": 0.7351908978166325, ""doppler"": 0.0, ""angle"": 2.6765975267778064, ""elevation"": 0.0}, {""range"": 0.7549662799956345, ""doppler"": 0.0, ""angle"": 2.8102239091786787, ""elevation"": 0.0}, {""range"": 0.7689496928005854, ""doppler"": 0.0, ""angle"": 2.839117776219946, ""elevation"": 0.0}, {""range"": 0.7936639907013235, ""doppler"": 0.0, ""angle"": 0.8520150308230797, ""elevation"": 0.0}, {""range"": 1.9202160611633152, ""doppler"": 0.0, ""angle"": 41.73101872200748, ""elevation"": 0.0}, {""range"": 1.9640755355297705, ""doppler"": 0.0, ""angle"": 39.124981529356255, ""elevation"": 0.0}, {""range"": 2.0006951258668013, ""doppler"": 0.0, ""angle"": 38.42068401679448, ""elevation"": 0.0}]",1785095120196.085
9,"[{""range"": 1.3913649999387236, ""doppler"": 0.0, ""angle"": -5.442426404638857, ""elevation"": 0.0}, {""range"": 1.4003593700518273, ""doppler"": 0.0, ""angle"": -6.879093752405522, ""elevation"": 0.0}, {""range"": 1.4214712346511127, ""doppler"": 0.0, ""angle"": -8.208588277961054, ""elevation"": 0.0}, {""range"": 1.5881166573126266, ""doppler"": 0.0, ""angle"": -4.5011260471115255, ""elevation"": 0.0}, {""range"": 1.5967779267430988, ""doppler"": 0.0, ""angle"": -5.932770146645503, ""elevation"": 0.0}, {""range"": 0.7365541306202027, ""doppler"": 0.0, ""angle"": -0.41729618664743523, ""elevation"": 0.0}, {""range"": 0.7547790392265397, ""doppler"": 0.0, ""angle"": 0.21718267746480574, ""elevation"": 0.0}, {""range"": 0.7644641182437094, ""doppler"": 0.0, ""angle"": -1.3537194411118023, ""elevation"": 0.0}, {""range"": 0.7963307267775362, ""doppler"": 0.0, ""angle"": -0.7719601958360496, ""elevation"": 0.0}]",1785095120196.332
7,"[{""range"": 0.7322228650741878, ""doppler"": 0.0, ""angle"": -7.041712433025447, ""elevation"": 0.0}, {""range"": 0.752784683094664, ""doppler"": 0.0, ""angle"": -7.589247184874395, ""elevation"": 0.0}, {""range"": 0.7706116319808309, ""doppler"": 0.0, ""angle"": -6.716050426593119, ""elevation"": 0.0}, {""range"": 1.3898092732795282, ""doppler"": 0.0, ""angle"": -6.056080080018927, ""elevation"": 0.0}, {""range"": 1.394564279414701, ""doppler"": 0.0, ""angle"": -5.94671082381134, ""elevation"": 0.0}, {""range"": 1.5855229489820062, ""doppler"": 0.0, ""angle"": -6.2609840008453945, ""elevation"": 0.0}, {""range"": 1.5950391477221109, ""doppler"": 0.0, ""angle"": -4.629753349748945, ""elevation"": 0.0}]",1785095120196.5781
10,"[{""range"": 1.4021121567089234, ""doppler"": 0.0, ""angle"": -9.395051112370204, ""elevation"": 0.0}, {""range"": 1.425397015193323, ""doppler"": 0.0, ""angle"": -9.589940050675692, ""elevation"": 0.0}, {""range"": 1.5928323421482848, ""doppler"": 0.0, ""angle"": -4.442610914336507, ""elevation"": 0.0}, {""range"": 1.5990033628223934, ""doppler"": 0.0, ""angle"": -4.393299768272711, ""elevation"": 0.0}, {""range"": 0.7426021917905559, ""doppler"": 0.0, ""angle"": -1.2141796295432952, ""elevation"": 0.0}, {""range"": 0.7563859858350187, ""doppler"": 0.0, ""angle"": 0.16254078244126133, ""elevation"": 0.0}, {""range"": 0.7624977153613092, ""doppler"": 0.0, ""angle"": 1.357211196055778, ""elevation"": 0.0}, {""range"": 0.7829332941730346, ""doppler"": 0.0, ""angle"": 2.866979530742725, ""elevation"": 0.0}, {""range"": 1.606465022901373, ""doppler"": 0.0, ""angle"": -3.42038890682468, ""elevation"": 0.0}, {""range"": 1.9124426060623503, ""doppler"": 0.0, ""angle"": 48.17604785962036, ""elevation"": 0.0}]",1785095120196.817
13,"[{""range"": 1.4018456155458752, ""doppler"": 0.0, ""angle"": -8.723380641682983, ""elevation"": 0.0}, {""range"": 1.582177399355083, ""doppler"": 0.0, ""angle"": -8.049515049992362, ""elevation"": 0.0}, {""range"": 1.5969520989600219, ""doppler"": 0.0, ""angle"": -7.9486436433091106, ""elevation"": 0.0}, {""range"": 1.6091647167247278, ""doppler"": 0.0, ""angle"": -7.207146060810879, ""elevation"": 0.0}, {""range"": 0.7419169421039785, ""doppler"": 0.0, ""angle"": 1.8231227986792093, ""elevation"": 0.0}, {""range"": 0.7591739061041145, ""doppler"": 0.0, ""angle"": 2.362347719204586, ""elevation"": 0.0}, {""range"": 0.7723219124713232, ""doppler"": 0.0, ""angle"": 2.5079919356275115, ""elevation"": 0.0}, {""range"": 0.7978436695832165, ""doppler"": 0.0, ""angle"": 1.656747866130944, ""elevation"": 0.0}, {""range"": 0.8462298360078684, ""doppler"": 0.0, ""angle"": 0.7990862771250646, ""elevation"": 0.0}, {""range"": 1.8760000145479063, ""doppler"": 0.0, ""angle"": 42.89491144405282, ""elevation"": 0.0}, {""range"": 1.99531113274642, ""doppler"": 0.0, ""angle"": 34.37365363669637, ""elevation"": 0.0}, {""range"": 1.9198504932617462, ""doppler"": 0.0, ""angle"": 47.06076213802324, ""elevation"": 0.0}, {""range"": 1.9574597636489472, ""doppler"": 0.0, ""angle"": 43.82300717678188, ""elevation"": 0.0}]",1785095120197.064
11,"[{""range"": 1.3988888712060514, ""doppler"": 0.0, ""angle"": -8.053456684484537, ""elevation"": 0.0}, {""range"": 1.5819662200994928, ""doppler"": 0.0, ""angle"": -6.6205463284884205, ""elevation"": 0.0}, {""range"": 1.598263432205685, ""doppler"": 0.0, ""angle"": -6.1915336780253165, ""elevation"": 0.0}, {""range"": 1.6122605360230173, ""doppler"": 0.0, ""angle"": -4.784222828633762, ""elevation"": 0.0}, {""range"": 0.7404919059618, ""doppler"": 0.0, ""angle"": -2.228122270896288, ""elevation"": 0.0}, {""range"": 0.7576419197153214, ""doppler"": 0.0, ""angle"": -2.502475368565984, ""elevation"": 0.0}, {""range"": 0.7717722509888209, ""doppler"": 0.0, ""angle"": -2.7755623681764177, ""elevation"": 0.0}, {""range"": 0.7978139927159638, ""doppler"": 0.0, ""angle"": -3.3664606634298013, ""elevation"": 0.0}, {""range"": 0.8415480165697635, ""doppler"": 0.0, ""angle"": -2.9596784019910816, ""elevation"": 0.0}, {""range"": 0.8937569786672837, ""doppler"": 0.0, ""angle"": -1.719732962867386, ""elevation"": 0.0}, {""range"": 1.9193908117405005, ""doppler"": 0.0, ""angle"": 49.61350128289685, ""elevation"": 0.0}]",1785095120197.314
7,"[{""range"": 0.8359963169769721, ""doppler"": 0.0, ""angle"": -10.761940217979385, ""elevation"": 0.0}, {""range"": 0.8644431712271013, ""doppler"": 0.0, ""angle"": -8.517286732355357, ""elevation"": 0.0}, {""range"": 0.9016295949973939, ""doppler"": 0.0, ""angle"": -6.971389836046312, ""elevation"": 0.0}, {""range"": 1.3980719629844454, ""doppler"": 0.0, ""angle"": -10.486406376823327, ""elevation"": 0.0}, {""range"": 1.5987651071259583, ""doppler"": 0.0, ""angle"": -7.570929105803169, ""elevation"": 0.0}, {""range"": 0.7385690446956499, ""doppler"": 0.0, ""angle"": 10.363160869408757, ""elevation"": 0.0}, {""range"": 1.9183096952919794, ""doppler"": 0.0, ""angle"": 47.988571870966446, ""elevation"": 0.0}]",1785095120197.5579
8,"[{""range"": 0.727245943588076, ""doppler"": 0.0, ""angle"": -13.175180103722662, ""elevation"": 0.0}, {""range"": 0.754901181979343, ""doppler"": 0.0, ""angle"": -6.80180936276224, ""elevation"": 0.0}, {""range"": 0.771347187770001, ""doppler"": 0.0, ""angle"": -5.74759907963122, ""elevation"": 0.0}, {""range"": 0.8061096572955136, ""doppler"": 0.0, ""angle"": -8.200200992236724, ""elevation"": 0.0}, {""range"": 0.8554079601972082, ""doppler"": 0.0, ""angle"": -8.438377977823926, ""elevation"": 0.0}, {""range"": 0.8993689606370682, ""doppler"": 0.0, ""angle"": -5.064478664011972, ""elevation"": 0.0}, {""range"": 1.3901610416963, ""doppler"": 0.0, ""angle"": -4.345007358052979, ""elevation"": 0.0}, {""range"": 1.395899064400078, ""doppler"": 0.0, ""angle"": -6.1845719607172125, ""elevation"": 0.0}]",1785095120197.7979
6,"[{""range"": 0.7819706926113783, ""doppler"": 0.0, ""angle"": -3.894255058108496, ""elevation"": 0.0}, {""range"": 1.3867576867425826, ""doppler"": 0.0, ""angle"": -5.067342983677479, ""elevation"": 0.0}, {""range"": 1.386119346097283, ""doppler"": 0.0, ""angle"": -5.656168635435916, ""elevation"": 0.0}, {""range"": 0.7268235671373277, ""doppler"": 0.0, ""angle"": 1.0572578057918947, ""elevation"": 0.0}, {""range"": 0.7499757833658177, ""doppler"": 0.0, ""angle"": -1.3525467407253369, ""elevation"": 0.0}, {""range"": 0.7601810229818243, ""doppler"": 0.0, ""angle"": -1.8602116264008568, ""elevation"": 0.0}]",1785095120198.044
9,"[{""range"": 0.8888243529705718, ""doppler"": 0.0, ""angle"": -10.009982986944493, ""elevation"": 0.0}, {""range"": 1.7681805023979673, ""doppler"": 0.0, ""angle"": -9.734758023767146, ""elevation"": 0.0}, {""range"": 0.7258059576715169, ""doppler"": 0.0, ""angle"": 0.04234720552857943, ""elevation"": 0.0}, {""range"": 0.7518461469644675, ""doppler"": 0.0, ""angle"": 3.2176241641934213, ""elevation"": 0.0}, {""range"": 0.7657768064293418, ""doppler"": 0.0, ""angle"": 8.2701155383674, ""elevation"": 0.0}, {""range"": 0.7885158854736318, ""doppler"": 0.0, ""angle"": 13.547786800295103, ""elevation"": 0.0}, {""range"": 1.8735165692323594, ""doppler"": 0.0, ""angle"": 34.284617874270026, ""elevation"": 0.0}, {""range"": 2.024127429236173, ""doppler"": 0.0, ""angle"": 47.52406619996179, ""elevation"": 0.0}, {""range"": 2.0356840578744966, ""doppler"": 0.0, ""angle"": 54.19612057527253, ""elevation"": 0.0}]",1785095120198.2861
8,"[{""range"": 0.8583580873535235, ""doppler"": 0.0, ""angle"": -8.300589837637384, ""elevation"": 0.0}, {""range"": 1.7246542321654126, ""doppler"": 0.0, ""angle"": -5.282632456126563, ""elevation"": 0.0}, {""range"": 0.73135607396546, ""doppler"": 0.0, ""angle"": -0.25215583688903054, ""elevation"": 0.0}, {""range"": 0.7466471914768948, ""doppler"": 0.0, ""angle"": 0.9331182134482927, ""elevation"": 0.0}, {""range"": 0.7562858142108039, ""doppler"": 0.0, ""angle"": 1.5038720343502006, ""elevation"": 0.0}, {""range"": 0.7808814543941894, ""doppler"": 0.0, ""angle"": 0.09184110673007312, ""elevation"": 0.0}, {""range"": 1.8870261939300002, ""doppler"": 0.0, ""angle"": -0.09772794760569545, ""elevation"": 0.0}, {""range"": 1.901860113153768, ""doppler"": 0.0, ""angle"": -3.4227681956731235, ""elevation"": 0.0}]",1785095120198.5312
7,"[{""range"": 0.7688570218540747, ""doppler"": 0.0, ""angle"": -4.054286862236932, ""elevation"": 0.0}, {""range"": 0.7976667342395454, ""doppler"": 0.0, ""angle"": -4.680443618253308, ""elevation"": 0.0}, {""range"": 1.712962351880258, ""doppler"": 0.0, ""angle"": -7.841667735445607, ""elevation"": 0.0}, {""range"": 1.7267596496889723, ""doppler"": 0.0, ""angle"": -5.759004278284445, ""elevation"": 0.0}, {""range"": 1.8845614525927663, ""doppler"": 0.0, ""angle"": -5.007888144483191, ""elevation"": 0.0}, {""range"": 0.7114941958484866, ""doppler"": 0.0, ""angle"": 1.80025532336654, ""elevation"": 0.0}, {""range"": 0.7402251567910073, ""doppler"": 0.0, ""angle"": 2.9909638671214642, ""elevation"": 0.0}]",1785095120198.777
4,"[{""range"": 0.6781940138266667, ""doppler"": 0.0, ""angle"": -7.1793553216178045, ""elevation"": 0.0}, {""range"": 0.7079978028190842, ""doppler"": 0.0, ""angle"": -7.882477745937473, ""elevation"": 0.0}, {""range"": 0.7226007595840155, ""doppler"": 0.0, ""angle"": -4.783658299757966, ""elevation"": 0.0}, {""range"": 0.7471600683203395, ""doppler"": 0.0, ""angle"": 1.4948103786603801, ""elevation"": 0.0}]",1785095120199.028
8,"[{""range"": 0.7542074144713252, ""doppler"": 0.0, ""angle"": -12.23707118949117, ""elevation"": 0.0}, {""range"": 0.8804580598052989, ""doppler"": 0.0, ""angle"": -14.501914885975369, ""elevation"": 0.0}, {""range"": 1.7059830159054743, ""doppler"": 0.0, ""angle"": -15.01072111847555, ""elevation"": 0.0}, {""range"": 1.7212598203172822, ""doppler"": 0.0, ""angle"": -15.608543735706512, ""elevation"": 0.0}, {""range"": 0.6949018931284378, ""doppler"": 0.0, ""angle"": -7.823599233731033, ""elevation"": 0.0}, {""range"": 0.7114941958484866, ""doppler"": 0.0, ""angle"": -9.620930951632745, ""elevation"": 0.0}, {""range"": 0.66913514599151, ""doppler"": 0.0, ""angle"": -3.5238045035141226, ""elevation"": 0.0}, {""range"": 0.8142471321330301, ""doppler"": 0.0, ""angle"": 28.202753174746498, ""elevation"": 0.0}]",1785095120199.276
11,"[{""range"": 1.1889246517708598, ""doppler"": 0.0, ""angle"": -44.84766658377893, ""elevation"": 0.0}, {""range"": 1.3169898154069877, ""doppler"": 0.0, ""angle"": -43.074354299727936, ""elevation"": 0.0}, {""range"": 0.9032897882801879, ""doppler"": 0.0, ""angle"": -19.93077896877731, ""elevation"": 0.0}, {""range"": 0.9102896148311636, ""doppler"": 0.0, ""angle"": -15.226492038901553, ""elevation"": 0.0}, {""range"": 0.7228009810832838, ""doppler"": 0.0, ""angle"": -9.900415372339173, ""elevation"": 0.0}, {""range"": 0.7408243819111857, ""doppler"": 0.0, ""angle"": -8.998509362501723, ""elevation"": 0.0}, {""range"": 0.7509766720281894, ""doppler"": 0.0, ""angle"": -8.558423545752824, ""elevation"": 0.0}, {""range"": 1.8852408980580087, ""doppler"": 0.0, ""angle"": 44.79249104185065, ""elevation"": 0.0}, {""range"": 1.9109592507909632, ""doppler"": 0.0, ""angle"": 45.46630220897447, ""elevation"": 0.0}, {""range"": 2.0225899264908507, ""doppler"": 0.0, ""angle"": 47.820013865824166, ""elevation"": 0.0}, {""range"": 2.048685846241746, ""doppler"": 0.0, ""angle"": 46.65515963063182, ""elevation"": 0.0}]",1785095120199.5188
9,"[{""range"": 0.8979922909750792, ""doppler"": 0.0, ""angle"": -44.709570487698635, ""elevation"": 0.0}, {""range"": 1.3187054851914246, ""doppler"": 0.0, ""angle"": -44.46710802964491, ""elevation"": 0.0}, {""range"": 0.690753576254134, ""doppler"": 0.0, ""angle"": -5.973294113421193, ""elevation"": 0.0}, {""range"": 0.7155493789158978, ""doppler"": 0.0, ""angle"": -5.679249716384954, ""elevation"": 0.0}, {""range"": 0.7281840881640737, ""doppler"": 0.0, ""angle"": -5.128191041852838, ""elevation"": 0.0}, {""range"": 0.7406007978561069, ""doppler"": 0.0, ""angle"": -5.1530981014311354, ""elevation"": 0.0}, {""range"": 0.7862753080857358, ""doppler"": 0.0, ""angle"": -5.755972329272753, ""elevation"": 0.0}, {""range"": 1.9256693343238724, ""doppler"": 0.0, ""angle"": 39.279674014475354, ""elevation"": 0.0}, {""range"": 1.9577031756590075, ""doppler"": 0.0, ""angle"": 35.869236327077424, ""elevation"": 0.0}]",1785095120199.75
3,"[{""range"": 1.1865211648335992, ""doppler"": 0.0, ""angle"": -41.548207395931115, ""elevation"": 0.0}, {""range"": 0.739324781375731, ""doppler"": 0.0, ""angle"": -13.639646177868372, ""elevation"": 0.0}, {""range"": 0.7782445261734772, ""doppler"": 0.0, ""angle"": 22.221885535318222, ""elevation"": 0.0}]",1785095120199.9878
3,"[{""range"": 0.730288410993837, ""doppler"": 0.0, ""angle"": -5.240153749778321, ""elevation"": 0.0}, {""range"": 0.7366547500418476, ""doppler"": 0.0, ""angle"": -4.99925910628031, ""elevation"": 0.0}, {""range"": 0.7433542797943996, ""doppler"": 0.0, ""angle"": -6.0479620605509234, ""elevation"": 0.0}]",1785095120200.226
5,"[{""range"": 0.7147319112346201, ""doppler"": 0.0, ""angle"": -6.291119533432875, ""elevation"": 0.0}, {""range"": 0.7270067487419261, ""doppler"": 0.0, ""angle"": -4.1609200479889425, ""elevation"": 0.0}, {""range"": 0.7484597015522519, ""doppler"": 0.0, ""angle"": -1.0403824733897016, ""elevation"": 0.0}, {""range"": 2.007345984961537, ""doppler"": 0.0, ""angle"": 42.9857637014027, ""elevation"": 0.0}, {""range"": 1.968953846493879, ""doppler"": 0.0, ""angle"": 45.702777282630436, ""elevation"": 0.0}]",1785095120200.4722
5,"[{""range"": 1.1504341574353132, ""doppler"": 0.0, ""angle"": -45.667517898900684, ""elevation"": 0.0}, {""range"": 0.7980112500265256, ""doppler"": 0.0, ""angle"": -12.500957046859384, ""elevation"": 0.0}, {""range"": 0.7318220832271838, ""doppler"": 0.0, ""angle"": -4.13349374978014, ""elevation"": 0.0}, {""range"": 0.7522947885669788, ""doppler"": 0.0, ""angle"": -7.195962470829607, ""elevation"": 0.0}, {""range"": 0.7669559775706617, ""doppler"": 0.0, ""angle"": -9.027489652581677, ""elevation"": 0.0}]",1785095120200.732
4,"[{""range"": 0.7144439083569878, ""doppler"": 0.0, ""angle"": -7.420279455965799, ""elevation"": 0.0}, {""range"": 0.7455959142989773, ""doppler"": 0.0, ""angle"": -1.0306356385262043, ""elevation"": 0.0}, {""range"": 0.7502058434577891, ""doppler"": 0.0, ""angle"": 3.416181255738786, ""elevation"": 0.0}, {""range"": 1.8770612703231584, ""doppler"": 0.0, ""angle"": 43.772586536854554, ""elevation"": 0.0}]",1785095120200.984
7,"[{""range"": 0.7374600783367297, ""doppler"": 0.0, ""angle"": -11.029300104543788, ""elevation"": 0.0}, {""range"": 0.7095203748706037, ""doppler"": 0.0, ""angle"": -9.970338595152661, ""elevation"": 0.0}, {""range"": 1.7144519820974726, ""doppler"": 0.0, ""angle"": -8.402229061898856, ""elevation"": 0.0}, {""range"": 1.7342636572069037, ""doppler"": 0.0, ""angle"": -3.3633385233917337, ""elevation"": 0.0}, {""range"": 1.8833285938557904, ""doppler"": 0.0, ""angle"": 41.55131783062292, ""elevation"": 0.0}, {""range"": 1.9230700755361845, ""doppler"": 0.0, ""angle"": 41.89811360718164, ""elevation"": 0.0}, {""range"": 1.9579806798792234, ""doppler"": 0.0, ""angle"": 37.97089950596068, ""elevation"": 0.0}]",1785095120201.231
10,"[{""range"": 0.5316497928181997, ""doppler"": 0.0, ""angle"": -36.920001570491266, ""elevation"": 0.0}, {""range"": 0.5354835176417985, ""doppler"": 0.0, ""angle"": -38.51937037955494, ""elevation"": 0.0}, {""range"": 0.7225761345481012, ""doppler"": 0.0, ""angle"": -10.205927361177729, ""elevation"": 0.0}, {""range"": 0.7520820758923579, ""doppler"": 0.0, ""angle"": -9.014410607974455, ""elevation"": 0.0}, {""range"": 0.7691602349415658, ""doppler"": 0.0, ""angle"": -5.589981783218638, ""elevation"": 0.0}, {""range"": 2.695002757982799, ""doppler"": 0.0, ""angle"": -1.2432160520079922, ""elevation"": 0.0}, {""range"": 1.8881012097492695, ""doppler"": 0.0, ""angle"": 42.370781225434335, ""elevation"": 0.0}, {""range"": 1.9204297292842178, ""doppler"": 0.0, ""angle"": 50.55782076966875, ""elevation"": 0.0}, {""range"": 2.0052273446163267, ""doppler"": 0.0, ""angle"": 51.62984400458882, ""elevation"": 0.0}, {""range"": 1.9672543934605766, ""doppler"": 0.0, ""angle"": 54.395727397075426, ""elevation"": 0.0}]",1785095120201.476
7,"[{""range"": 1.7009225924298896, ""doppler"": 0.0, ""angle"": -14.066921980287239, ""elevation"": 0.0}, {""range"": 0.6731069774671209, ""doppler"": 0.0, ""angle"": -9.187068364270937, ""elevation"": 0.0}, {""range"": 0.6892413194668353, ""doppler"": 0.0, ""angle"": -6.973830771094296, ""elevation"": 0.0}, {""range"": 1.739333020162885, ""doppler"": 0.0, ""angle"": -6.208794557247657, ""elevation"": 0.0}, {""range"": 0.7093278317431772, ""doppler"": 0.0, ""angle"": -3.3673088238299154, ""elevation"": 0.0}, {""range"": 1.7743020392554554, ""doppler"": 0.0, ""angle"": -3.316277364028988, ""elevation"": 0.0}, {""range"": 0.7363077546826573, ""doppler"": 0.0, ""angle"": 4.680443618253308, ""elevation"": 0.0}]",1785095120201.707
5,"[{""range"": 1.653504352907305, ""doppler"": 0.0, ""angle"": -22.160395133568542, ""elevation"": 0.0}, {""range"": 0.6516081097225309, ""doppler"": 0.0, ""angle"": -15.763978229881003, ""elevation"": 0.0}, {""range"": 0.6935230151118441, ""doppler"": 0.0, ""angle"": -8.58555075157604, ""elevation"": 0.0}, {""range"": 0.7262461627326122, ""doppler"": 0.0, ""angle"": -1.5378670296445802, ""elevation"": 0.0}, {""range"": 0.7446461707283527, ""doppler"": 0.0, ""angle"": 0.7567446283055823, ""elevation"": 0.0}]",1785095120201.9358
4,"[{""range"": 0.6303916544469808, ""doppler"": 0.0, ""angle"": -19.313822946223453, ""elevation"": 0.0}, {""range"": 0.6351153282811155, ""doppler"": 0.0, ""angle"": -19.93486964197379, ""elevation"": 0.0}, {""range"": 0.6477316278618971, ""doppler"": 0.0, ""angle"": -22.976362012348552, ""elevation"": 0.0}, {""range"": 0.7091348756221642, ""doppler"": 0.0, ""angle"": -5.425949529098905, ""elevation"": 0.0}]",1785095120202.167
5,"[{""range"": 0.6211619548965415, ""doppler"": 0.0, ""angle"": -22.81525270776518, ""elevation"": 0.0}, {""range"": 0.6283496463526489, ""doppler"": 0.0, ""angle"": -21.432018361650176, ""elevation"": 0.0}, {""range"": 1.320471738393432, ""doppler"": 0.0, ""angle"": -18.6704902689425, ""elevation"": 0.0}, {""range"": 0.6586389357787313, ""doppler"": 0.0, ""angle"": -15.639849796071395, ""elevation"": 0.0}, {""range"": 0.7072319872226801, ""doppler"": 0.0, ""angle"": -4.844245031232389, ""elevation"": 0.0}]",1785095120202.423
6,"[{""range"": 1.3223283793813336, ""doppler"": 0.0, ""angle"": -51.445463592511906, ""elevation"": 0.0}, {""range"": 0.7208234554050494, ""doppler"": 0.0, ""angle"": 7.239607755139583, ""elevation"": 0.0}, {""range"": 0.7340821420995305, ""doppler"": 0.0, ""angle"": 4.6106493186606095, ""elevation"": 0.0}, {""range"": 0.7577000304019792, ""doppler"": 0.0, ""angle"": 6.749333699085826, ""elevation"": 0.0}, {""range"": 0.8097954207102056, ""doppler"": 0.0, ""angle"": 15.641271807130348, ""elevation"": 0.0}, {""range"": 0.8616480207308398, ""doppler"": 0.0, ""angle"": 13.47677158253388, ""elevation"": 0.0}]",1785095120202.6538
9,"[{""range"": 1.3190188624353216, ""doppler"": 0.0, ""angle"": -49.822480486104055, ""elevation"": 0.0}, {""range"": 0.6155292246452005, ""doppler"": 0.0, ""angle"": -24.674001753747625, ""elevation"": 0.0}, {""range"": 0.6372076135672023, ""doppler"": 0.0, ""angle"": -21.171417184963296, ""elevation"": 0.0}, {""range"": 0.7546326409701813, ""doppler"": 0.0, ""angle"": -14.757383368202854, ""elevation"": 0.0}, {""range"": 0.699567029884623, ""doppler"": 0.0, ""angle"": -6.251240794898706, ""elevation"": 0.0}, {""range"": 0.7257009921898636, ""doppler"": 0.0, ""angle"": -8.858864568470864, ""elevation"": 0.0}, {""range"": 0.9014344036589693, ""doppler"": 0.0, ""angle"": 38.395332572882765, ""elevation"": 0.0}, {""range"": 0.923069899912186, ""doppler"": 0.0, ""angle"": 38.195253374847276, ""elevation"": 0.0}, {""range"": 0.9395915449211272, ""doppler"": 0.0, ""angle"": 38.08251031204113, ""elevation"": 0.0}]",1785095120202.894
6,"[{""range"": 0.5997947405615719, ""doppler"": 0.0, ""angle"": -20.396107662252174, ""elevation"": 0.0}, {""range"": 0.6125824558878198, ""doppler"": 0.0, ""angle"": -21.059124823357834, ""elevation"": 0.0}, {""range"": 0.6193656276716873, ""doppler"": 0.0, ""angle"": -21.260783391413053, ""elevation"": 0.0}, {""range"": 0.6682150401645751, ""doppler"": 0.0, ""angle"": -7.611867563505343, ""elevation"": 0.0}, {""range"": 0.708949444014178, ""doppler"": 0.0, ""angle"": -3.8035006422616253, ""elevation"": 0.0}, {""range"": 0.7690839491775615, ""doppler"": 0.0, ""angle"": 37.461378821540336, ""elevation"": 0.0}]",1785095120203.1282
8,"[{""range"": 0.5838279063265701, ""doppler"": 0.0, ""angle"": -19.167477960159033, ""elevation"": 0.0}, {""range"": 0.5959111656208471, ""doppler"": 0.0, ""angle"": -17.858639484663644, ""elevation"": 0.0}, {""range"": 1.5024293766075631, ""doppler"": 0.0, ""angle"": -12.87348208498368, ""elevation"": 0.0}, {""range"": 0.7027609881679051, ""doppler"": 0.0, ""angle"": 1.3705207519984286, ""elevation"": 0.0}, {""range"": 0.7042220800824769, ""doppler"": 0.0, ""angle"": -1.4695465395336968, ""elevation"": 0.0}, {""range"": 0.8367226769382963, ""doppler"": 0.0, ""angle"": 36.50990581998594, ""elevation"": 0.0}, {""range"": 0.8354956274263807, ""doppler"": 0.0, ""angle"": 36.66388682747397, ""elevation"": 0.0}, {""range"": 1.8845493384685787, ""doppler"": 0.0, ""angle"": 39.45962327941551, ""elevation"": 0.0}]",1785095120203.371
8,"[{""range"": 0.7127310780321446, ""doppler"": 0.0, ""angle"": -40.56387496195221, ""elevation"": 0.0}, {""range"": 0.557958073702226, ""doppler"": 0.0, ""angle"": -12.530799358883504, ""elevation"": 0.0}, {""range"": 0.5753011196790399, ""doppler"": 0.0, ""angle"": -11.564889151733883, ""elevation"": 0.0}, {""range"": 0.5911601920294751, ""doppler"": 0.0, ""angle"": -8.103141943148238, ""elevation"": 0.0}, {""range"": 0.6221989318926453, ""doppler"": 0.0, ""angle"": 1.0538994893265308, ""elevation"": 0.0}, {""range"": 0.6543429312810433, ""doppler"": 0.0, ""angle"": 8.929485275478077, ""elevation"": 0.0}, {""range"": 0.7925587501989193, ""doppler"": 0.0, ""angle"": 54.29101242516828, ""elevation"": 0.0}, {""range"": 0.8182405669118202, ""doppler"": 0.0, ""angle"": 43.83122197501987, ""elevation"": 0.0}]",1785095120203.603
7,"[{""range"": 0.5614102607847149, ""doppler"": 0.0, ""angle"": -19.693106413479057, ""elevation"": 0.0}, {""range"": 0.6083735956652875, ""doppler"": 0.0, ""angle"": -5.430752265532681, ""elevation"": 0.0}, {""range"": 0.6440412743115528, ""doppler"": 0.0, ""angle"": 1.1613493714156446, ""elevation"": 0.0}, {""range"": 0.6696286755211488, ""doppler"": 0.0, ""angle"": 5.101620990756049, ""elevation"": 0.0}, {""range"": 0.7182547979340385, ""doppler"": 0.0, ""angle"": 25.812293914025386, ""elevation"": 0.0}, {""range"": 0.7605534922719588, ""doppler"": 0.0, ""angle"": 36.433438662407745, ""elevation"": 0.0}, {""range"": 0.7859785552566363, ""doppler"": 0.0, ""angle"": 38.64555810492251, ""elevation"": 0.0}]",1785095120203.875
4,"[{""range"": 0.5419793713902067, ""doppler"": 0.0, ""angle"": -14.072921564549056, ""elevation"": 0.0}, {""range"": 0.5496058839849957, ""doppler"": 0.0, ""angle"": -12.819964896959371, ""elevation"": 0.0}, {""range"": 0.6351634555880982, ""doppler"": 0.0, ""angle"": 20.69008564674819, ""elevation"": 0.0}, {""range"": 0.6519692631267442, ""doppler"": 0.0, ""angle"": 20.41810302772016, ""elevation"": 0.0}]",1785095120204.107
7,"[{""range"": 0.5372062243451835, ""doppler"": 0.0, ""angle"": -15.285226834555033, ""elevation"": 0.0}, {""range"": 0.5472958236898673, ""doppler"": 0.0, ""angle"": -14.590159572712299, ""elevation"": 0.0}, {""range"": 0.6379488026171802, ""doppler"": 0.0, ""angle"": 17.68838354301058, ""elevation"": 0.0}, {""range"": 0.6426514339101517, ""doppler"": 0.0, ""angle"": 16.55418034019164, ""elevation"": 0.0}, {""range"": 0.6626770583450274, ""doppler"": 0.0, ""angle"": 21.54589560289878, ""elevation"": 0.0}, {""range"": 0.71361529463569, ""doppler"": 0.0, ""angle"": 37.076637057568036, ""elevation"": 0.0}, {""range"": 0.7576400205980659, ""doppler"": 0.0, ""angle"": 44.73226466129779, ""elevation"": 0.0}]",1785095120204.355
6,"[{""range"": 0.7098994491817864, ""doppler"": 0.0, ""angle"": -28.346696381527806, ""elevation"": 0.0}, {""range"": 0.5327056778626234, ""doppler"": 0.0, ""angle"": -15.337772197586391, ""elevation"": 0.0}, {""range"": 0.6657112133364209, ""doppler"": 0.0, ""angle"": -5.301716421806028, ""elevation"": 0.0}, {""range"": 0.6808630015249217, ""doppler"": 0.0, ""angle"": -5.198515916752276, ""elevation"": 0.0}, {""range"": 0.7268426594150127, ""doppler"": 0.0, ""angle"": 31.386801095871018, ""elevation"": 0.0}, {""range"": 0.7410049654226962, ""doppler"": 0.0, ""angle"": 34.111888145571214, ""elevation"": 0.0}]",1785095120204.607
5,"[{""range"": 0.5564233676493409, ""doppler"": 0.0, ""angle"": -19.896585587357336, ""elevation"": 0.0}, {""range"": 0.6420400655547281, ""doppler"": 0.0, ""angle"": 8.182006823347782, ""elevation"": 0.0}, {""range"": 0.6535682567245625, ""doppler"": 0.0, ""angle"": 5.195848138853712, ""elevation"": 0.0}, {""range"": 0.6271389877213476, ""doppler"": 0.0, ""angle"": 16.43010501636341, ""elevation"": 0.0}, {""range"": 0.782959900504458, ""doppler"": 0.0, ""angle"": 39.61625009332148, ""elevation"": 0.0}]",1785095120204.839
9,"[{""range"": 1.340069609929028, ""doppler"": 0.0, ""angle"": -44.49182279226313, ""elevation"": 0.0}, {""range"": 0.5404727703929789, ""doppler"": 0.0, ""angle"": -13.663839938244486, ""elevation"": 0.0}, {""range"": 0.5575555534525471, ""doppler"": 0.0, ""angle"": -12.765985808325839, ""elevation"": 0.0}, {""range"": 0.6765431290147772, ""doppler"": 0.0, ""angle"": -5.353469188991355, ""elevation"": 0.0}, {""range"": 2.4039113874173594, ""doppler"": 0.0, ""angle"": -3.3261673994275016, ""elevation"": 0.0}, {""range"": 2.421412660018646, ""doppler"": 0.0, ""angle"": -2.9969983359772674, ""elevation"": 0.0}, {""range"": 2.447288458540861, ""doppler"": 0.0, ""angle"": 1.0340924340534254, ""elevation"": 0.0}, {""range"": 0.6202638874107708, ""doppler"": 0.0, ""angle"": 24.237536120919888, ""elevation"": 0.0}, {""range"": 0.6346576093680538, ""doppler"": 0.0, ""angle"": 23.777273259602364, ""elevation"": 0.0}]",1785095120205.066
7,"[{""range"": 0.5486298252703661, ""doppler"": 0.0, ""angle"": -13.610496104464662, ""elevation"": 0.0}, {""range"": 0.7114776578014774, ""doppler"": 0.0, ""angle"": -11.643175067994079, ""elevation"": 0.0}, {""range"": 0.662568148276767, ""doppler"": 0.0, ""angle"": -1.5464866347408857, ""elevation"": 0.0}, {""range"": 0.6178693952129469, ""doppler"": 0.0, ""angle"": 6.948139997934729, ""elevation"": 0.0}, {""range"": 0.6418943055356243, ""doppler"": 0.0, ""angle"": 4.633743555992638, ""elevation"": 0.0}, {""range"": 0.7848091428430919, ""doppler"": 0.0, ""angle"": 38.831065100201975, ""elevation"": 0.0}, {""range"": 0.8013378633738564, ""doppler"": 0.0, ""angle"": 38.66779511997502, ""elevation"": 0.0}]",1785095120205.3042
8,"[{""range"": 0.5755863616400402, ""doppler"": 0.0, ""angle"": -20.24771515224457, ""elevation"": 0.0}, {""range"": 0.6122026114002731, ""doppler"": 0.0, ""angle"": -13.719650572027158, ""elevation"": 0.0}, {""range"": 0.6494306697167099, ""doppler"": 0.0, ""angle"": -8.391134238550782, ""elevation"": 0.0}, {""range"": 0.6756227948120868, ""doppler"": 0.0, ""angle"": -6.641622305429682, ""elevation"": 0.0}, {""range"": 0.7011350001790797, ""doppler"": 0.0, ""angle"": -5.018476687176373, ""elevation"": 0.0}, {""range"": 0.7942305675803307, ""doppler"": 0.0, ""angle"": 27.938178857257284, ""elevation"": 0.0}, {""range"": 0.8185388657730642, ""doppler"": 0.0, ""angle"": 36.82984467822432, ""elevation"": 0.0}, {""range"": 0.8294347517206373, ""doppler"": 0.0, ""angle"": 40.76876692473779, ""elevation"": 0.0}]",1785095120205.537
5,"[{""range"": 0.6040189922979337, ""doppler"": 0.0, ""angle"": -13.542574809929212, ""elevation"": 0.0}, {""range"": 0.6361584106909333, ""doppler"": 0.0, ""angle"": -11.758434927821664, ""elevation"": 0.0}, {""range"": 0.6895280706411665, ""doppler"": 0.0, ""angle"": 23.47368306085905, ""elevation"": 0.0}, {""range"": 0.7239941473411234, ""doppler"": 0.0, ""angle"": 29.813335003335965, ""elevation"": 0.0}, {""range"": 0.7653003259031463, ""doppler"": 0.0, ""angle"": 32.189859768373395, ""elevation"": 0.0}]",1785095120205.7778
9,"[{""range"": 0.5631912275399202, ""doppler"": 0.0, ""angle"": -19.551033909924936, ""elevation"": 0.0}, {""range"": 0.5781672818101663, ""doppler"": 0.0, ""angle"": -21.995553642885874, ""elevation"": 0.0}, {""range"": 0.6553766586591112, ""doppler"": 0.0, ""angle"": -5.856811076966426, ""elevation"": 0.0}, {""range"": 0.6794971854931209, ""doppler"": 0.0, ""angle"": -7.8955470680163975, ""elevation"": 0.0}, {""range"": 2.6921602958428217, ""doppler"": 0.0, ""angle"": -2.440126817434362, ""elevation"": 0.0}, {""range"": 0.7440640971984311, ""doppler"": 0.0, ""angle"": 28.351115011049867, ""elevation"": 0.0}, {""range"": 0.719928705529639, ""doppler"": 0.0, ""angle"": 35.39540641382242, ""elevation"": 0.0}, {""range"": 1.9053126482484835, ""doppler"": 0.0, ""angle"": 35.24575994965516, ""elevation"": 0.0}, {""range"": 0.877944751244192, ""doppler"": 0.0, ""angle"": 47.07162029820917, ""elevation"": 0.0}]",1785095120206.0051
7,"[{""range"": 1.325296818119438, ""doppler"": 0.0, ""angle"": -43.13018329823168, ""elevation"": 0.0}, {""range"": 0.7350715261959069, ""doppler"": 0.0, ""angle"": 1.1429758344749792, ""elevation"": 0.0}, {""range"": 0.6909243853887665, ""doppler"": 0.0, ""angle"": 5.673706181125289, ""elevation"": 0.0}, {""range"": 0.7029306763025249, ""doppler"": 0.0, ""angle"": 6.074614986220966, ""elevation"": 0.0}, {""range"": 0.7102977681523798, ""doppler"": 0.0, ""angle"": 5.025970007235108, ""elevation"": 0.0}, {""range"": 0.8301670068492164, ""doppler"": 0.0, ""angle"": 37.077230798459006, ""elevation"": 0.0}, {""range"": 1.9174433043470547, ""doppler"": 0.0, ""angle"": 45.58185483509497, ""elevation"": 0.0}]",1785095120206.245
4,"[{""range"": 0.5777943912481507, ""doppler"": 0.0, ""angle"": -27.659438772164744, ""elevation"": 0.0}, {""range"": 0.7092204500250855, ""doppler"": 0.0, ""angle"": 10.326811744880159, ""elevation"": 0.0}, {""range"": 0.7183068807308907, ""doppler"": 0.0, ""angle"": 10.16579170155199, ""elevation"": 0.0}, {""range"": 0.7426822094158675, ""doppler"": 0.0, ""angle"": 12.995650769133167, ""elevation"": 0.0}]",1785095120206.481
6,"[{""range"": 0.5861873147716714, ""doppler"": 0.0, ""angle"": -21.022453002243385, ""elevation"": 0.0}, {""range"": 0.70892312701466, ""doppler"": 0.0, ""angle"": 5.398541805490206, ""elevation"": 0.0}, {""range"": 0.7233074038345321, ""doppler"": 0.0, ""angle"": 17.30163568910499, ""elevation"": 0.0}, {""range"": 0.7457141371788201, ""doppler"": 0.0, ""angle"": 28.470109738514537, ""elevation"": 0.0}, {""range"": 0.8722091721158711, ""doppler"": 0.0, ""angle"": 43.00617406286271, ""elevation"": 0.0}, {""range"": 0.8251104475007235, ""doppler"": 0.0, ""angle"": 52.42232313682313, ""elevation"": 0.0}]",1785095120206.738
8,"[{""range"": 0.736228564295584, ""doppler"": 0.0, ""angle"": -1.4334873395885934, ""elevation"": 0.0}, {""range"": 0.6948361836584842, ""doppler"": 0.0, ""angle"": 9.808962777684005, ""elevation"": 0.0}, {""range"": 0.7032957535948632, ""doppler"": 0.0, ""angle"": 5.939618485950646, ""elevation"": 0.0}, {""range"": 0.681582988470291, ""doppler"": 0.0, ""angle"": 12.45380900810128, ""elevation"": 0.0}, {""range"": 0.8400426091372396, ""doppler"": 0.0, ""angle"": 40.46768587049637, ""elevation"": 0.0}, {""range"": 0.8379144643809665, ""doppler"": 0.0, ""angle"": 41.418272471955355, ""elevation"": 0.0}, {""range"": 1.88890174641339, ""doppler"": 0.0, ""angle"": 44.850423032018604, ""elevation"": 0.0}, {""range"": 1.9127806458471692, ""doppler"": 0.0, ""angle"": 52.18843558454641, ""elevation"": 0.0}]",1785095120206.969
8,"[{""range"": 0.5757036734894372, ""doppler"": 0.0, ""angle"": -19.864513367780848, ""elevation"": 0.0}, {""range"": 0.5890684132234906, ""doppler"": 0.0, ""angle"": -19.41398647005816, ""elevation"": 0.0}, {""range"": 0.6471576687654044, ""doppler"": 0.0, ""angle"": -5.247460633478451, ""elevation"": 0.0}, {""range"": 0.6897754643690589, ""doppler"": 0.0, ""angle"": 3.805182730145268, ""elevation"": 0.0}, {""range"": 0.700579873330181, ""doppler"": 0.0, ""angle"": 4.655554906047827, ""elevation"": 0.0}, {""range"": 0.8109776733248009, ""doppler"": 0.0, ""angle"": 38.14090684479437, ""elevation"": 0.0}, {""range"": 0.7687001606483534, ""doppler"": 0.0, ""angle"": 50.45552179192034, ""elevation"": 0.0}, {""range"": 1.9187417567028129, ""doppler"": 0.0, ""angle"": 55.01104185209151, ""elevation"": 0.0}]",1785095120207.212
6,"[{""range"": 0.8319114928422089, ""doppler"": 0.0, ""angle"": -30.296328699764288, ""elevation"": 0.0}, {""range"": 0.5686308415374596, ""doppler"": 0.0, ""angle"": -18.19564803263897, ""elevation"": 0.0}, {""range"": 0.6974423127797161, ""doppler"": 0.0, ""angle"": 10.010532672160998, ""elevation"": 0.0}, {""range"": 0.7123477651740514, ""doppler"": 0.0, ""angle"": 12.319768273597722, ""elevation"": 0.0}, {""range"": 0.7416835133695655, ""doppler"": 0.0, ""angle"": 15.39323310323281, ""elevation"": 0.0}, {""range"": 1.9138579105113493, ""doppler"": 0.0, ""angle"": 43.614448360535526, ""elevation"": 0.0}]",1785095120207.447
6,"[{""range"": 0.6561637440191753, ""doppler"": 0.0, ""angle"": -2.5146472496596526, ""elevation"": 0.0}, {""range"": 0.6820003071701415, ""doppler"": 0.0, ""angle"": -0.19529162275653003, ""elevation"": 0.0}, {""range"": 0.7014392939348206, ""doppler"": 0.0, ""angle"": -3.097999895647188, ""elevation"": 0.0}, {""range"": 0.8062696306176442, ""doppler"": 0.0, ""angle"": 32.94289622283335, ""elevation"": 0.0}, {""range"": 0.8238004724578044, ""doppler"": 0.0, ""angle"": 29.820467317658455, ""elevation"": 0.0}, {""range"": 0.8411193453854111, ""doppler"": 0.0, ""angle"": 31.11833861594952, ""elevation"": 0.0}]",1785095120207.68
9,"[{""range"": 0.5865475650377934, ""doppler"": 0.0, ""angle"": -20.374096056832638, ""elevation"": 0.0}, {""range"": 0.7047959784477507, ""doppler"": 0.0, ""angle"": -4.744326608397532, ""elevation"": 0.0}, {""range"": 0.7122809717136156, ""doppler"": 0.0, ""angle"": -5.936729382428462, ""elevation"": 0.0}, {""range"": 0.7441483188708448, ""doppler"": 0.0, ""angle"": -7.705639245690681, ""elevation"": 0.0}, {""range"": 0.6754429089713224, ""doppler"": 0.0, ""angle"": -1.5321753844360155, ""elevation"": 0.0}, {""range"": 0.8288404500824048, ""doppler"": 0.0, ""angle"": 39.97649882637561, ""elevation"": 0.0}, {""range"": 0.841636539727329, ""doppler"": 0.0, ""angle"": 38.76436941856345, ""elevation"": 0.0}, {""range"": 1.8831701011739168, ""doppler"": 0.0, ""angle"": 42.92987670924188, ""elevation"": 0.0}, {""range"": 1.9078550942249395, ""doppler"": 0.0, ""angle"": 52.1075899095251, ""elevation"": 0.0}]",1785095120276.8938
11,"[{""range"": 1.32531090776606, ""doppler"": 0.0, ""angle"": -48.68681088306262, ""elevation"": 0.0}, {""range"": 3.4355349907720787, ""doppler"": 0.0, ""angle"": -15.634894894909282, ""elevation"": 0.0}, {""range"": 0.7218805565473523, ""doppler"": 0.0, ""angle"": -8.848670657178769, ""elevation"": 0.0}, {""range"": 0.6613734499876283, ""doppler"": 0.0, ""angle"": 28.449739145500885, ""elevation"": 0.0}, {""range"": 0.6700810922900795, ""doppler"": 0.0, ""angle"": 27.098401423681818, ""elevation"": 0.0}, {""range"": 0.8066820396876804, ""doppler"": 0.0, ""angle"": 40.703234518301564, ""elevation"": 0.0}, {""range"": 0.836569960322088, ""doppler"": 0.0, ""angle"": 38.290669101839384, ""elevation"": 0.0}, {""range"": 0.8438117209327387, ""doppler"": 0.0, ""angle"": 37.734417378665064, ""elevation"": 0.0}, {""range"": 0.8593800846258812, ""doppler"": 0.0, ""angle"": 38.9614307978119, ""elevation"": 0.0}, {""range"": 1.881885368248401, ""doppler"": 0.0, ""angle"": 51.00094606241661, ""elevation"": 0.0}, {""range"": 1.9146725523650798, ""doppler"": 0.0, ""angle"": 53.6405880768802, ""elevation"": 0.0}]",1785095120380.148
10,"[{""range"": 0.5985467593159783, ""doppler"": 0.0, ""angle"": -18.73265685443654, ""elevation"": 0.0}, {""range"": 0.6188188121993431, ""doppler"": 0.0, ""angle"": -16.156894007323256, ""elevation"": 0.0}, {""range"": 0.6963541289425477, ""doppler"": 0.0, ""angle"": 25.08444455044339, ""elevation"": 0.0}, {""range"": 1.960145958956301, ""doppler"": 0.0, ""angle"": 25.452333902974903, ""elevation"": 0.0}, {""range"": 0.7187781251448843, ""doppler"": 0.0, ""angle"": 27.54676771814179, ""elevation"": 0.0}, {""range"": 0.7710285994347726, ""doppler"": 0.0, ""angle"": 32.26736611577475, ""elevation"": 0.0}, {""range"": 0.8469496658066408, ""doppler"": 0.0, ""angle"": 26.81931271610328, ""elevation"": 0.0}, {""range"": 0.8802402659613808, ""doppler"": 0.0, ""angle"": 27.762335238939233, ""elevation"": 0.0}, {""range"": 0.8883433425380814, ""doppler"": 0.0, ""angle"": 29.614706104961183, ""elevation"": 0.0}, {""range"": 1.9176176059566392, ""doppler"": 0.0, ""angle"": 39.255574772085446, ""elevation"": 0.0}]",1785095120486.82
9,"[{""range"": 0.6018871982677744, ""doppler"": 0.0, ""angle"": -17.56828369489274, ""elevation"": 0.0}, {""range"": 0.6258088422708931, ""doppler"": 0.0, ""angle"": -9.771836983954575, ""elevation"": 0.0}, {""range"": 0.7155546517428147, ""doppler"": 0.0, ""angle"": -8.2758928270752, ""elevation"": 0.0}, {""range"": 3.7549196484440954, ""doppler"": 0.0, ""angle"": -5.035096652880713, ""elevation"": 0.0}, {""range"": 0.7875348338111616, ""doppler"": 0.0, ""angle"": 26.27997095487868, ""elevation"": 0.0}, {""range"": 0.830291095004338, ""doppler"": 0.0, ""angle"": 30.978569845006312, ""elevation"": 0.0}, {""range"": 0.8605424630176537, ""doppler"": 0.0, ""angle"": 32.09498469327538, ""elevation"": 0.0}, {""range"": 1.8775715996537738, ""doppler"": 0.0, ""angle"": 38.923135358570185, ""elevation"": 0.0}, {""range"": 1.9068734473014184, ""doppler"": 0.0, ""angle"": 44.71506212865321, ""elevation"": 0.0}]",1785095120580.9841
9,"[{""range"": 0.6296386241254868, ""doppler"": 0.0, ""angle"": -23.587450588322067, ""elevation"": 0.0}, {""range"": 1.5688121068693353, ""doppler"": 0.0, ""angle"": -4.098179500937534, ""elevation"": 0.0}, {""range"": 0.7538076533640531, ""doppler"": 0.0, ""angle"": 0.9650333709563335, ""elevation"": 0.0}, {""range"": 1.5904323906742108, ""doppler"": 0.0, ""angle"": -3.138737391595499, ""elevation"": 0.0}, {""range"": 0.725520477737754, ""doppler"": 0.0, ""angle"": 4.296898285204257, ""elevation"": 0.0}, {""range"": 0.7100903288549285, ""doppler"": 0.0, ""angle"": 11.813606221703912, ""elevation"": 0.0}, {""range"": 0.8481438022171309, ""doppler"": 0.0, ""angle"": 26.413789806224536, ""elevation"": 0.0}, {""range"": 0.8645736381802323, ""doppler"": 0.0, ""angle"": 30.50039270790805, ""elevation"": 0.0}, {""range"": 0.8811095034792784, ""doppler"": 0.0, ""angle"": 32.1483573643515, ""elevation"": 0.0}]",1785095120680.2837
5,"[{""range"": 0.6206136051492582, ""doppler"": 0.0, ""angle"": -13.767984266188977, ""elevation"": 0.0}, {""range"": 0.6301206672013908, ""doppler"": 0.0, ""angle"": -17.48884711519432, ""elevation"": 0.0}, {""range"": 0.6536076628938897, ""doppler"": 0.0, ""angle"": -14.674948991222564, ""elevation"": 0.0}, {""range"": 0.7261227666464651, ""doppler"": 0.0, ""angle"": 8.126111563641217, ""elevation"": 0.0}, {""range"": 0.7664694672923282, ""doppler"": 0.0, ""angle"": 32.800280325181085, ""elevation"": 0.0}]",1785095120776.501
7,"[{""range"": 1.3233853535489852, ""doppler"": 0.0, ""angle"": -35.502579462884576, ""elevation"": 0.0}, {""range"": 0.6603763945854431, ""doppler"": 0.0, ""angle"": -15.774911305461476, ""elevation"": 0.0}, {""range"": 0.6758693648238092, ""doppler"": 0.0, ""angle"": -13.712708110687053, ""elevation"": 0.0}, {""range"": 0.6953056766959349, ""doppler"": 0.0, ""angle"": -13.625259084392754, ""elevation"": 0.0}, {""range"": 0.8083361777165801, ""doppler"": 0.0, ""angle"": 9.768624690162127, ""elevation"": 0.0}, {""range"": 1.2297873570986908, ""doppler"": 0.0, ""angle"": 4.5284131018901155, ""elevation"": 0.0}, {""range"": 0.7668384860469158, ""doppler"": 0.0, ""angle"": 11.323033443177973, ""elevation"": 0.0}]",1785095120880.317
11,"[{""range"": 1.812138205552509, ""doppler"": 0.0, ""angle"": -5.231282963230907, ""elevation"": 0.0}, {""range"": 1.8593674173031838, ""doppler"": 0.0, ""angle"": -3.9207339049130887, ""elevation"": 0.0}, {""range"": 1.8773185387462812, ""doppler"": 0.0, ""angle"": -6.365503858910816, ""elevation"": 0.0}, {""range"": 0.6738341603228702, ""doppler"": 0.0, ""angle"": -1.5358342593530276, ""elevation"": 0.0}, {""range"": 0.7045636615263975, ""doppler"": 0.0, ""angle"": -2.6474617370303855, ""elevation"": 0.0}, {""range"": 0.7158930368193717, ""doppler"": 0.0, ""angle"": -3.0210614801362743, ""elevation"": 0.0}, {""range"": 0.7470677974454578, ""doppler"": 0.0, ""angle"": -1.193203777743258, ""elevation"": 0.0}, {""range"": 1.8457629385835004, ""doppler"": 0.0, ""angle"": -2.4263828292945546, ""elevation"": 0.0}, {""range"": 2.037110849988346, ""doppler"": 0.0, ""angle"": 48.14175774289451, ""elevation"": 0.0}, {""range"": 2.0597400670943977, ""doppler"": 0.0, ""angle"": 47.02632730381917, ""elevation"": 0.0}, {""range"": 2.0828692411725447, ""doppler"": 0.0, ""angle"": 46.683661777892816, ""elevation"": 0.0}]",1785095120980.67
4,"[{""range"": 0.7062098494195439, ""doppler"": 0.0, ""angle"": -2.0024317432863783, ""elevation"": 0.0}, {""range"": 0.7446709891042576, ""doppler"": 0.0, ""angle"": -2.9455381188382357, ""elevation"": 0.0}, {""range"": 1.7878572420278291, ""doppler"": 0.0, ""angle"": 5.089628529647898, ""elevation"": 0.0}, {""range"": 0.7796689857592607, ""doppler"": 0.0, ""angle"": 13.542244148588468, ""elevation"": 0.0}]",1785095121076.1567
7,"[{""range"": 0.5728884239188279, ""doppler"": 0.0, ""angle"": -3.740319822919477, ""elevation"": 0.0}, {""range"": 0.6224971501350214, ""doppler"": 0.0, ""angle"": -6.183884652452274, ""elevation"": 0.0}, {""range"": 1.578835311760004, ""doppler"": 0.0, ""angle"": -4.683885387729865, ""elevation"": 0.0}, {""range"": 0.7138638588072836, ""doppler"": 0.0, ""angle"": -1.9091524329963763, ""elevation"": 0.0}, {""range"": 0.7434241737822058, ""doppler"": 0.0, ""angle"": 1.9986806024902497, ""elevation"": 0.0}, {""range"": 0.7625595652009016, ""doppler"": 0.0, ""angle"": -0.9136451145811492, ""elevation"": 0.0}, {""range"": 1.5781506894323556, ""doppler"": 0.0, ""angle"": -3.5208552509845465, ""elevation"": 0.0}]",1785095121177.439
7,"[{""range"": 0.7986308557900182, ""doppler"": 0.0, ""angle"": -23.655087373584596, ""elevation"": 0.0}, {""range"": 0.646805173986897, ""doppler"": 0.0, ""angle"": -11.546023050796897, ""elevation"": 0.0}, {""range"": 0.7140857395788089, ""doppler"": 0.0, ""angle"": -3.2586194271077797, ""elevation"": 0.0}, {""range"": 0.7412132862982537, ""doppler"": 0.0, ""angle"": 0.5114324579764208, ""elevation"": 0.0}, {""range"": 0.7529087207007995, ""doppler"": 0.0, ""angle"": 1.5650690855922627, ""elevation"": 0.0}, {""range"": 0.89657431491313, ""doppler"": 0.0, ""angle"": 38.408176017037306, ""elevation"": 0.0}, {""range"": 2.0475471032067603, ""doppler"": 0.0, ""angle"": 49.01553794341446, ""elevation"": 0.0}]",1785095121276.411
3,"[{""range"": 0.7654039338585108, ""doppler"": 0.0, ""angle"": -0.829927542649313, ""elevation"": 0.0}, {""range"": 0.7821707395496621, ""doppler"": 0.0, ""angle"": -2.5157252490064304, ""elevation"": 0.0}, {""range"": 0.8019068932966776, ""doppler"": 0.0, ""angle"": -3.106125990056554, ""elevation"": 0.0}]",1785095121378.1099
1,"[{""range"": 0.7420959456081871, ""doppler"": 0.0, ""angle"": 0.4003736291355447, ""elevation"": 0.0}]",1785095121466.793
4,"[{""range"": 1.1813142244632826, ""doppler"": 0.0, ""angle"": -4.157912305942708, ""elevation"": 0.0}, {""range"": 1.789489540320717, ""doppler"": 0.0, ""angle"": 0.6011627943008852, ""elevation"": 0.0}, {""range"": 1.81267094072044, ""doppler"": 0.0, ""angle"": -2.810189103334564, ""elevation"": 0.0}, {""range"": 2.05916679673995, ""doppler"": 0.0, ""angle"": 36.15540434629903, ""elevation"": 0.0}]",1785095121577.962
6,"[{""range"": 0.7398099312216027, ""doppler"": 0.0, ""angle"": 7.2761740686365854, ""elevation"": 0.0}, {""range"": 0.7596320050894612, ""doppler"": 0.0, ""angle"": 7.983234437122992, ""elevation"": 0.0}, {""range"": 0.770424665893767, ""doppler"": 0.0, ""angle"": 4.006030148193642, ""elevation"": 0.0}, {""range"": 0.7825584428892939, ""doppler"": 0.0, ""angle"": 4.31134745809506, ""elevation"": 0.0}, {""range"": 2.0478551205568474, ""doppler"": 0.0, ""angle"": 42.43791770137856, ""elevation"": 0.0}, {""range"": 2.018666111852297, ""doppler"": 0.0, ""angle"": 47.746453587139776, ""elevation"": 0.0}]",1785095121680.4622
9,"[{""range"": 0.7556104985359688, ""doppler"": 0.0, ""angle"": -8.61524194348237, ""elevation"": 0.0}, {""range"": 0.7707601807229305, ""doppler"": 0.0, ""angle"": -7.947758056464886, ""elevation"": 0.0}, {""range"": 0.8132132574666922, ""doppler"": 0.0, ""angle"": -5.74193312973184, ""elevation"": 0.0}, {""range"": 1.7542551575821284, ""doppler"": 0.0, ""angle"": 2.7752024323595146, ""elevation"": 0.0}, {""range"": 1.7787538833955983, ""doppler"": 0.0, ""angle"": 5.422311313978159, ""elevation"": 0.0}, {""range"": 1.8803802713329156, ""doppler"": 0.0, ""angle"": 41.202326873401525, ""elevation"": 0.0}, {""range"": 1.9183977587508285, ""doppler"": 0.0, ""angle"": 50.74967209962814, ""elevation"": 0.0}, {""range"": 2.0072122191998245, ""doppler"": 0.0, ""angle"": 47.552576623580734, ""elevation"": 0.0}, {""range"": 1.9643645916501487, ""doppler"": 0.0, ""angle"": 55.93093643051989, ""elevation"": 0.0}]",1785095121777.738
6,"[{""range"": 1.783546124435337, ""doppler"": 0.0, ""angle"": -4.318080969338186, ""elevation"": 0.0}, {""range"": 0.7451530443680473, ""doppler"": 0.0, ""angle"": 2.571970493289504, ""elevation"": 0.0}, {""range"": 0.7620473601711327, ""doppler"": 0.0, ""angle"": 1.0218299854874882, ""elevation"": 0.0}, {""range"": 0.7677445144689778, ""doppler"": 0.0, ""angle"": 0.9074743103833208, ""elevation"": 0.0}, {""range"": 0.7789319702196419, ""doppler"": 0.0, ""angle"": 0.3945927938301066, ""elevation"": 0.0}, {""range"": 1.9177413649879718, ""doppler"": 0.0, ""angle"": 44.75445355915987, ""elevation"": 0.0}]",1785095121880.159
12,"[{""range"": 1.7857938493390495, ""doppler"": 0.0, ""angle"": -4.433466600233523, ""elevation"": 0.0}, {""range"": 0.7352646553966895, ""doppler"": 0.0, ""angle"": 2.495000266939249, ""elevation"": 0.0}, {""range"": 0.7559691897097647, ""doppler"": 0.0, ""angle"": 2.6979473871845463, ""elevation"": 0.0}, {""range"": 1.8155197843234525, ""doppler"": 0.0, ""angle"": -2.8001260041840883, ""elevation"": 0.0}, {""range"": 2.683586255775815, ""doppler"": 0.0, ""angle"": 2.8606893783384426, ""elevation"": 0.0}, {""range"": 0.7654935768444229, ""doppler"": 0.0, ""angle"": 4.098966660124453, ""elevation"": 0.0}, {""range"": 0.7887633646421358, ""doppler"": 0.0, ""angle"": 6.234046071130199, ""elevation"": 0.0}, {""range"": 2.669455259219384, ""doppler"": 0.0, ""angle"": 5.038065732005457, ""elevation"": 0.0}, {""range"": 2.062224877892748, ""doppler"": 0.0, ""angle"": 39.85009785646465, ""elevation"": 0.0}, {""range"": 2.10314622103417, ""doppler"": 0.0, ""angle"": 35.225084326240186, ""elevation"": 0.0}, {""range"": 1.924207383665577, ""doppler"": 0.0, ""angle"": 45.346375837801155, ""elevation"": 0.0}, {""range"": 1.9577509969878932, ""doppler"": 0.0, ""angle"": 46.66912749516887, ""elevation"": 0.0}]",1785095121977.8518
7,"[{""range"": 0.8197231744774092, ""doppler"": 0.0, ""angle"": -15.097267410193492, ""elevation"": 0.0}, {""range"": 0.875270372432467, ""doppler"": 0.0, ""angle"": -14.166835148315304, ""elevation"": 0.0}, {""range"": 1.3892638239884492, ""doppler"": 0.0, ""angle"": -5.228479882635999, ""elevation"": 0.0}, {""range"": 1.5636041123615982, ""doppler"": 0.0, ""angle"": -5.83512205402376, ""elevation"": 0.0}, {""range"": 0.7336791509211218, ""doppler"": 0.0, ""angle"": -0.2234286681466215, ""elevation"": 0.0}, {""range"": 0.7476221072384185, ""doppler"": 0.0, ""angle"": 0.09592683134364914, ""elevation"": 0.0}, {""range"": 0.7549160275318101, ""doppler"": 0.0, ""angle"": -2.4300129175976797, ""elevation"": 0.0}]",1785095122080.637
6,"[{""range"": 0.7729542100957425, ""doppler"": 0.0, ""angle"": 2.01513131117145, ""elevation"": 0.0}, {""range"": 0.7828267576924531, ""doppler"": 0.0, ""angle"": 1.1517819071533217, ""elevation"": 0.0}, {""range"": 0.8032552012241949, ""doppler"": 0.0, ""angle"": 0.433664136994482, ""elevation"": 0.0}, {""range"": 2.1022880112076545, ""doppler"": 0.0, ""angle"": 32.91150060078666, ""elevation"": 0.0}, {""range"": 2.0224204190061745, ""doppler"": 0.0, ""angle"": 41.15351940178041, ""elevation"": 0.0}, {""range"": 2.0609466133227596, ""doppler"": 0.0, ""angle"": 35.14066764966761, ""elevation"": 0.0}]",1785095122176.295
6,"[{""range"": 0.8647329642381717, ""doppler"": 0.0, ""angle"": -13.208634657075029, ""elevation"": 0.0}, {""range"": 0.9049226441058892, ""doppler"": 0.0, ""angle"": -8.808998826826166, ""elevation"": 0.0}, {""range"": 0.7999428368045425, ""doppler"": 0.0, ""angle"": 3.1137598011638308, ""elevation"": 0.0}, {""range"": 0.767523752474312, ""doppler"": 0.0, ""angle"": 5.575114114421733, ""elevation"": 0.0}, {""range"": 0.7777242737944626, ""doppler"": 0.0, ""angle"": 4.140053667106322, ""elevation"": 0.0}, {""range"": 2.062659897226067, ""doppler"": 0.0, ""angle"": 36.73876806523969, ""elevation"": 0.0}]",1785095122276.3828
7,"[{""range"": 0.7744787381304625, ""doppler"": 0.0, ""angle"": 1.825858368789937, ""elevation"": 0.0}, {""range"": 0.786631844964486, ""doppler"": 0.0, ""angle"": -0.4949273626308194, ""elevation"": 0.0}, {""range"": 0.7952219953871299, ""doppler"": 0.0, ""angle"": -3.4806995189065923, ""elevation"": 0.0}, {""range"": 0.9299332078124266, ""doppler"": 0.0, ""angle"": 45.79464166336247, ""elevation"": 0.0}, {""range"": 1.8889400614675336, ""doppler"": 0.0, ""angle"": 48.338534355699636, ""elevation"": 0.0}, {""range"": 1.9173119798878278, ""doppler"": 0.0, ""angle"": 52.14470014366416, ""elevation"": 0.0}, {""range"": 2.0128556176010695, ""doppler"": 0.0, ""angle"": 43.50979616799473, ""elevation"": 0.0}]",1785095122380.943
4,"[{""range"": 0.8216176503996662, ""doppler"": 0.0, ""angle"": -23.334490287359966, ""elevation"": 0.0}, {""range"": 0.7628548028484066, ""doppler"": 0.0, ""angle"": 8.709403440544731, ""elevation"": 0.0}, {""range"": 0.7698529666144666, ""doppler"": 0.0, ""angle"": 10.221524525510425, ""elevation"": 0.0}, {""range"": 1.9165645599344567, ""doppler"": 0.0, ""angle"": 46.10759301881964, ""elevation"": 0.0}]",1785095122477.453
3,"[{""range"": 1.783368409793717, ""doppler"": 0.0, ""angle"": -8.092729541646213, ""elevation"": 0.0}, {""range"": 0.7562227113248567, ""doppler"": 0.0, ""angle"": 2.1953084899355737, ""elevation"": 0.0}, {""range"": 0.7610835495725828, ""doppler"": 0.0, ""angle"": 2.5719995663026247, ""elevation"": 0.0}]",1785095122577.512
3,"[{""range"": 0.3749194366427155, ""doppler"": 0.0, ""angle"": -44.362332998986844, ""elevation"": 0.0}, {""range"": 1.3876304179802368, ""doppler"": 0.0, ""angle"": -8.447527247908466, ""elevation"": 0.0}, {""range"": 1.3953499346301725, ""doppler"": 0.0, ""angle"": -9.470771844685206, ""elevation"": 0.0}]",1785095122680.851
7,"[{""range"": 0.3586257334834996, ""doppler"": 0.0, ""angle"": -34.743937412947716, ""elevation"": 0.0}, {""range"": 0.35239222757787336, ""doppler"": 0.0, ""angle"": -32.98852161363456, ""elevation"": 0.0}, {""range"": 1.3851179897006456, ""doppler"": 0.0, ""angle"": -8.552710167467076, ""elevation"": 0.0}, {""range"": 1.8829909213152518, ""doppler"": 0.0, ""angle"": 38.05393544764495, ""elevation"": 0.0}, {""range"": 1.922023601863669, ""doppler"": 0.0, ""angle"": 43.68443029112599, ""elevation"": 0.0}, {""range"": 1.9670747535214659, ""doppler"": 0.0, ""angle"": 47.99923773529589, ""elevation"": 0.0}, {""range"": 2.0027282301499203, ""doppler"": 0.0, ""angle"": 45.73071852276358, ""elevation"": 0.0}]",1785095122777.909
4,"[{""range"": 0.7559921983478275, ""doppler"": 0.0, ""angle"": 1.1248967726722472, ""elevation"": 0.0}, {""range"": 0.7637365654905857, ""doppler"": 0.0, ""angle"": 1.3147542913827015, ""elevation"": 0.0}, {""range"": 1.9295101090382687, ""doppler"": 0.0, ""angle"": 41.57753821539504, ""elevation"": 0.0}, {""range"": 1.9588976731001058, ""doppler"": 0.0, ""angle"": 41.577075333799876, ""elevation"": 0.0}]",1785095122880.589
8,"[{""range"": 0.9159612314347501, ""doppler"": 0.0, ""angle"": -5.1184788035171005, ""elevation"": 0.0}, {""range"": 0.7429853457049659, ""doppler"": 0.0, ""angle"": 0.3447357888822997, ""elevation"": 0.0}, {""range"": 0.7618204143913727, ""doppler"": 0.0, ""angle"": 0.7934823649336995, ""elevation"": 0.0}, {""range"": 0.7694576356008697, ""doppler"": 0.0, ""angle"": 0.42608206975806634, ""elevation"": 0.0}, {""range"": 0.7959009020335445, ""doppler"": 0.0, ""angle"": 0.02574512498629589, ""elevation"": 0.0}, {""range"": 0.8619604914450691, ""doppler"": 0.0, ""angle"": -3.3894937205029643, ""elevation"": 0.0}, {""range"": 1.5866326751522564, ""doppler"": 0.0, ""angle"": 5.380335831238068, ""elevation"": 0.0}, {""range"": 1.9564292087250783, ""doppler"": 0.0, ""angle"": 46.61098440674645, ""elevation"": 0.0}]",1785095122976.7039
8,"[{""range"": 0.9262093176365036, ""doppler"": 0.0, ""angle"": -4.173884097189939, ""elevation"": 0.0}, {""range"": 0.7933641980327104, ""doppler"": 0.0, ""angle"": 2.040799384278629, ""elevation"": 0.0}, {""range"": 1.396288674948865, ""doppler"": 0.0, ""angle"": -2.172423789842639, ""elevation"": 0.0}, {""range"": 1.5661921761951116, ""doppler"": 0.0, ""angle"": -0.7653810745947682, ""elevation"": 0.0}, {""range"": 1.581533557154524, ""doppler"": 0.0, ""angle"": -0.6542992056973407, ""elevation"": 0.0}, {""range"": 0.7688192807652354, ""doppler"": 0.0, ""angle"": 4.014408911298198, ""elevation"": 0.0}, {""range"": 0.7748004472918042, ""doppler"": 0.0, ""angle"": 4.925065665418973, ""elevation"": 0.0}, {""range"": 2.0486369324278058, ""doppler"": 0.0, ""angle"": 45.38899141537634, ""elevation"": 0.0}]",1785095123076.5178
8,"[{""range"": 0.5848009051294943, ""doppler"": 0.0, ""angle"": -9.131103123635732, ""elevation"": 0.0}, {""range"": 0.6250865074865979, ""doppler"": 0.0, ""angle"": -4.051751959585751, ""elevation"": 0.0}, {""range"": 0.7189231074677207, ""doppler"": 0.0, ""angle"": 0.9120945597991743, ""elevation"": 0.0}, {""range"": 0.7599463461739017, ""doppler"": 0.0, ""angle"": 1.7259042960460733, ""elevation"": 0.0}, {""range"": 0.7690983546710841, ""doppler"": 0.0, ""angle"": 3.518998728942629, ""elevation"": 0.0}, {""range"": 0.7931734040274616, ""doppler"": 0.0, ""angle"": 6.966404758889233, ""elevation"": 0.0}, {""range"": 1.8840929915549771, ""doppler"": 0.0, ""angle"": 38.193571113979345, ""elevation"": 0.0}, {""range"": 1.9113662918545022, ""doppler"": 0.0, ""angle"": 47.35059925631406, ""elevation"": 0.0}]",1785095123178.041
4,"[{""range"": 0.8773947153687562, ""doppler"": 0.0, ""angle"": -5.872097279682328, ""elevation"": 0.0}, {""range"": 0.908911386484601, ""doppler"": 0.0, ""angle"": -4.5474039690895935, ""elevation"": 0.0}, {""range"": 0.7657183691507204, ""doppler"": 0.0, ""angle"": 3.547957321520072, ""elevation"": 0.0}, {""range"": 0.779683093158992, ""doppler"": 0.0, ""angle"": 2.8263144346505444, ""elevation"": 0.0}]",1785095123276.3572
10,"[{""range"": 1.3919689143358538, ""doppler"": 0.0, ""angle"": -3.8375755714120285, ""elevation"": 0.0}, {""range"": 1.4018426389936791, ""doppler"": 0.0, ""angle"": -6.187653019263028, ""elevation"": 0.0}, {""range"": 0.7598987583342867, ""doppler"": 0.0, ""angle"": -2.683985591417011, ""elevation"": 0.0}, {""range"": 0.7670796202541514, ""doppler"": 0.0, ""angle"": -2.418193580205106, ""elevation"": 0.0}, {""range"": 1.5639542449306967, ""doppler"": 0.0, ""angle"": -1.5658563298403274, ""elevation"": 0.0}, {""range"": 1.5895887440890828, ""doppler"": 0.0, ""angle"": 1.392309244573032, ""elevation"": 0.0}, {""range"": 0.9287660643604608, ""doppler"": 0.0, ""angle"": 38.551274073085544, ""elevation"": 0.0}, {""range"": 0.9379533355566563, ""doppler"": 0.0, ""angle"": 39.11187359386196, ""elevation"": 0.0}, {""range"": 2.01660790705318, ""doppler"": 0.0, ""angle"": 46.82166560353998, ""elevation"": 0.0}, {""range"": 1.9218201933460637, ""doppler"": 0.0, ""angle"": 58.19691878641699, ""elevation"": 0.0}]",1785095123387.437
8,"[{""range"": 1.3911413001416562, ""doppler"": 0.0, ""angle"": -7.8457661413710165, ""elevation"": 0.0}, {""range"": 1.3969761800554783, ""doppler"": 0.0, ""angle"": -7.191421423548505, ""elevation"": 0.0}, {""range"": 0.7655779678346633, ""doppler"": 0.0, ""angle"": 1.9274315845311314, ""elevation"": 0.0}, {""range"": 0.7729479637265074, ""doppler"": 0.0, ""angle"": 1.577522517527871, ""elevation"": 0.0}, {""range"": 1.929719848424087, ""doppler"": 0.0, ""angle"": 41.53654003337364, ""elevation"": 0.0}, {""range"": 1.9679347537290375, ""doppler"": 0.0, ""angle"": 42.392757370667745, ""elevation"": 0.0}, {""range"": 2.008609856403175, ""doppler"": 0.0, ""angle"": 41.20655794083832, ""elevation"": 0.0}, {""range"": 2.044277672209336, ""doppler"": 0.0, ""angle"": 39.70867721323161, ""elevation"": 0.0}]",1785095123477.028
8,"[{""range"": 1.3936209819287932, ""doppler"": 0.0, ""angle"": -8.700889048481672, ""elevation"": 0.0}, {""range"": 1.403110682502634, ""doppler"": 0.0, ""angle"": -9.462322208025617, ""elevation"": 0.0}, {""range"": 0.7586952174085753, ""doppler"": 0.0, ""angle"": -1.7287512673006118, ""elevation"": 0.0}, {""range"": 0.7688889391802887, ""doppler"": 0.0, ""angle"": -2.4525102379647765, ""elevation"": 0.0}, {""range"": 0.7976218578869564, ""doppler"": 0.0, ""angle"": -1.9656381375925467, ""elevation"": 0.0}, {""range"": 1.8861514257421714, ""doppler"": 0.0, ""angle"": 41.1138762514946, ""elevation"": 0.0}, {""range"": 1.9193409351515116, ""doppler"": 0.0, ""angle"": 50.29557960684311, ""elevation"": 0.0}, {""range"": 1.949636739503493, ""doppler"": 0.0, ""angle"": 52.370211327942826, ""elevation"": 0.0}]",1785095123580.438
6,"[{""range"": 1.393112738519797, ""doppler"": 0.0, ""angle"": -6.2191828236846645, ""elevation"": 0.0}, {""range"": 1.3922915685548811, ""doppler"": 0.0, ""angle"": -7.7575435053903545, ""elevation"": 0.0}, {""range"": 2.691323203058209, ""doppler"": 0.0, ""angle"": 1.1383030350392491, ""elevation"": 0.0}, {""range"": 0.7750296155731579, ""doppler"": 0.0, ""angle"": 14.824976548585934, ""elevation"": 0.0}, {""range"": 2.0224883928659336, ""doppler"": 0.0, ""angle"": 46.76261134882563, ""elevation"": 0.0}, {""range"": 2.0423624100622155, ""doppler"": 0.0, ""angle"": 46.05710247106971, ""elevation"": 0.0}]",1785095123677.613
3,"[{""range"": 1.3934251231841823, ""doppler"": 0.0, ""angle"": -4.910185699871651, ""elevation"": 0.0}, {""range"": 1.3975681637471724, ""doppler"": 0.0, ""angle"": -6.848596272782146, ""elevation"": 0.0}, {""range"": 0.7709894509236276, ""doppler"": 0.0, ""angle"": 8.348098888937827, ""elevation"": 0.0}]",1785095123776.73
2,"[{""range"": 1.3938212176609912, ""doppler"": 0.0, ""angle"": -6.282559118957474, ""elevation"": 0.0}, {""range"": 1.3950956582432654, ""doppler"": 0.0, ""angle"": -8.053248287647984, ""elevation"": 0.0}]",1785095123870.6848
10,"[{""range"": 1.3912456449964719, ""doppler"": 0.0, ""angle"": -8.887252869412537, ""elevation"": 0.0}, {""range"": 1.3927591558390142, ""doppler"": 0.0, ""angle"": -9.809403863225969, ""elevation"": 0.0}, {""range"": 0.87391777497663, ""doppler"": 0.0, ""angle"": 1.7587855313652272, ""elevation"": 0.0}, {""range"": 2.6892117163067133, ""doppler"": 0.0, ""angle"": 1.5012219660358, ""elevation"": 0.0}, {""range"": 0.7863060100776375, ""doppler"": 0.0, ""angle"": 8.763993515329155, ""elevation"": 0.0}, {""range"": 0.8209065730769458, ""doppler"": 0.0, ""angle"": 9.491047036887876, ""elevation"": 0.0}, {""range"": 0.7639286215176165, ""doppler"": 0.0, ""angle"": 11.394098082982255, ""elevation"": 0.0}, {""range"": 1.9768211699703249, ""doppler"": 0.0, ""angle"": 33.11077573126612, ""elevation"": 0.0}, {""range"": 2.0204452387685614, ""doppler"": 0.0, ""angle"": 40.58534447017071, ""elevation"": 0.0}, {""range"": 2.0516328245453006, ""doppler"": 0.0, ""angle"": 40.63487664860653, ""elevation"": 0.0}]",1785095123977.8098
13,"[{""range"": 0.8772934905928854, ""doppler"": 0.0, ""angle"": -17.888376814302962, ""elevation"": 0.0}, {""range"": 0.9121283190631072, ""doppler"": 0.0, ""angle"": -7.615426374032495, ""elevation"": 0.0}, {""range"": 1.3934896591115569, ""doppler"": 0.0, ""angle"": -6.491209066943589, ""elevation"": 0.0}, {""range"": 1.395536221024801, ""doppler"": 0.0, ""angle"": -7.0139234492195355, ""elevation"": 0.0}, {""range"": 2.707889364679371, ""doppler"": 0.0, ""angle"": -2.244185853062043, ""elevation"": 0.0}, {""range"": 2.7539292625100344, ""doppler"": 0.0, ""angle"": -3.137732287302216, ""elevation"": 0.0}, {""range"": 0.7585788068522545, ""doppler"": 0.0, ""angle"": 9.908618083314016, ""elevation"": 0.0}, {""range"": 0.773678818654557, ""doppler"": 0.0, ""angle"": 6.942698025922093, ""elevation"": 0.0}, {""range"": 0.7954278144908584, ""doppler"": 0.0, ""angle"": 11.042173527925291, ""elevation"": 0.0}, {""range"": 2.015431042364855, ""doppler"": 0.0, ""angle"": 42.61974236089828, ""elevation"": 0.0}, {""range"": 2.042850250961415, ""doppler"": 0.0, ""angle"": 39.0992108809375, ""elevation"": 0.0}, {""range"": 1.9304914169491931, ""doppler"": 0.0, ""angle"": 49.447634275221944, ""elevation"": 0.0}, {""range"": 1.9740509347563864, ""doppler"": 0.0, ""angle"": 48.63928743698464, ""elevation"": 0.0}]",1785095124080.4312
10,"[{""range"": 0.8477356657014536, ""doppler"": 0.0, ""angle"": -12.189294731985925, ""elevation"": 0.0}, {""range"": 0.8093384355620638, ""doppler"": 0.0, ""angle"": -4.689002263838245, ""elevation"": 0.0}, {""range"": 1.3920339656810914, ""doppler"": 0.0, ""angle"": -7.7887007397555035, ""elevation"": 0.0}, {""range"": 1.3918176673953502, ""doppler"": 0.0, ""angle"": -8.35496199362065, ""elevation"": 0.0}, {""range"": 0.7693564853127483, ""doppler"": 0.0, ""angle"": 0.918891174422432, ""elevation"": 0.0}, {""range"": 0.7863255692645665, ""doppler"": 0.0, ""angle"": -0.8208749447965502, ""elevation"": 0.0}, {""range"": 2.0479920161647467, ""doppler"": 0.0, ""angle"": 43.06115013484918, ""elevation"": 0.0}, {""range"": 0.9260402316326882, ""doppler"": 0.0, ""angle"": 49.00869926545202, ""elevation"": 0.0}, {""range"": 0.9323825792921552, ""doppler"": 0.0, ""angle"": 48.41299955800426, ""elevation"": 0.0}, {""range"": 1.9165002201072967, ""doppler"": 0.0, ""angle"": 50.481904722015585, ""elevation"": 0.0}]",1785095124177.1199
10,"[{""range"": 0.8669838000302195, ""doppler"": 0.0, ""angle"": -6.537245124681061, ""elevation"": 0.0}, {""range"": 1.394487893041122, ""doppler"": 0.0, ""angle"": -8.086463476413549, ""elevation"": 0.0}, {""range"": 1.3930560923644322, ""doppler"": 0.0, ""angle"": -8.347481417489554, ""elevation"": 0.0}, {""range"": 0.7670018352404443, ""doppler"": 0.0, ""angle"": 1.4561323079137842, ""elevation"": 0.0}, {""range"": 0.7777217453531062, ""doppler"": 0.0, ""angle"": 0.711384940435456, ""elevation"": 0.0}, {""range"": 0.8041182305111075, ""doppler"": 0.0, ""angle"": -2.0772407374150195, ""elevation"": 0.0}, {""range"": 1.8847779412574648, ""doppler"": 0.0, ""angle"": 43.31621968976402, ""elevation"": 0.0}, {""range"": 1.9202595626399839, ""doppler"": 0.0, ""angle"": 47.283070727519004, ""elevation"": 0.0}, {""range"": 1.9610503225966665, ""doppler"": 0.0, ""angle"": 47.73474531944407, ""elevation"": 0.0}, {""range"": 2.0031385636002894, ""doppler"": 0.0, ""angle"": 45.47016059544405, ""elevation"": 0.0}]",1785095124280.4758
8,"[{""range"": 1.3936677054081068, ""doppler"": 0.0, ""angle"": -6.682780314356746, ""elevation"": 0.0}, {""range"": 1.3917935683621154, ""doppler"": 0.0, ""angle"": -7.322234596891372, ""elevation"": 0.0}, {""range"": 0.7676211454973786, ""doppler"": 0.0, ""angle"": 4.074205740772406, ""elevation"": 0.0}, {""range"": 0.7798773515219769, ""doppler"": 0.0, ""angle"": 4.655635379499044, ""elevation"": 0.0}, {""range"": 0.8020487687703269, ""doppler"": 0.0, ""angle"": 4.898365183859228, ""elevation"": 0.0}, {""range"": 2.0430693027660096, ""doppler"": 0.0, ""angle"": 39.17826541874726, ""elevation"": 0.0}, {""range"": 1.9777718500150678, ""doppler"": 0.0, ""angle"": 49.62401709893382, ""elevation"": 0.0}, {""range"": 2.016156488720478, ""doppler"": 0.0, ""angle"": 45.78334807254854, ""elevation"": 0.0}]",1785095124380.644
5,"[{""range"": 1.392533131295915, ""doppler"": 0.0, ""angle"": -6.851247088059526, ""elevation"": 0.0}, {""range"": 1.395819188994853, ""doppler"": 0.0, ""angle"": -7.5674811569499285, ""elevation"": 0.0}, {""range"": 2.682418052157102, ""doppler"": 0.0, ""angle"": -7.7541568619352725, ""elevation"": 0.0}, {""range"": 2.691216091750422, ""doppler"": 0.0, ""angle"": -8.239932320746137, ""elevation"": 0.0}, {""range"": 2.0176571128218503, ""doppler"": 0.0, ""angle"": 49.2731305939947, ""elevation"": 0.0}]",1785095124477.0342
10,"[{""range"": 1.3937483579421281, ""doppler"": 0.0, ""angle"": -6.51959308467646, ""elevation"": 0.0}, {""range"": 1.4000365539611401, ""doppler"": 0.0, ""angle"": -7.072371486779993, ""elevation"": 0.0}, {""range"": 0.7664819612820826, ""doppler"": 0.0, ""angle"": 0.8554963558282681, ""elevation"": 0.0}, {""range"": 0.7753397142165148, ""doppler"": 0.0, ""angle"": 0.14535337236480736, ""elevation"": 0.0}, {""range"": 0.7918763321535832, ""doppler"": 0.0, ""angle"": -1.4880354979505896, ""elevation"": 0.0}, {""range"": 1.8846189427213047, ""doppler"": 0.0, ""angle"": 40.844818962910544, ""elevation"": 0.0}, {""range"": 1.9685199171839176, ""doppler"": 0.0, ""angle"": 42.26458649135372, ""elevation"": 0.0}, {""range"": 2.011907498310158, ""doppler"": 0.0, ""angle"": 39.94510034459333, ""elevation"": 0.0}, {""range"": 2.0397998033997777, ""doppler"": 0.0, ""angle"": 36.39775936510132, ""elevation"": 0.0}, {""range"": 1.9208772605185165, ""doppler"": 0.0, ""angle"": 43.69496238495701, ""elevation"": 0.0}]",1785095124576.979
7,"[{""range"": 0.8794542854371401, ""doppler"": 0.0, ""angle"": -60.48486701627699, ""elevation"": 0.0}, {""range"": 1.3945895801171204, ""doppler"": 0.0, ""angle"": -8.06360985682803, ""elevation"": 0.0}, {""range"": 1.4019688689090632, ""doppler"": 0.0, ""angle"": -9.314550820251947, ""elevation"": 0.0}, {""range"": 0.7635742136925158, ""doppler"": 0.0, ""angle"": 0.5769637569458198, ""elevation"": 0.0}, {""range"": 0.7694398708493876, ""doppler"": 0.0, ""angle"": -0.17309850512015207, ""elevation"": 0.0}, {""range"": 0.786722991147377, ""doppler"": 0.0, ""angle"": -1.0028016667053126, ""elevation"": 0.0}, {""range"": 0.7360094923836474, ""doppler"": 0.0, ""angle"": 3.8029634644086894, ""elevation"": 0.0}]",1785095124676.8682
7,"[{""range"": 1.3923868024849557, ""doppler"": 0.0, ""angle"": -6.148426465181309, ""elevation"": 0.0}, {""range"": 1.395145346101191, ""doppler"": 0.0, ""angle"": -8.171643604453973, ""elevation"": 0.0}, {""range"": 0.7673991605335732, ""doppler"": 0.0, ""angle"": 8.360447290594562, ""elevation"": 0.0}, {""range"": 0.7834730644986566, ""doppler"": 0.0, ""angle"": 7.699203902267672, ""elevation"": 0.0}, {""range"": 0.798472295317046, ""doppler"": 0.0, ""angle"": 6.687348768283798, ""elevation"": 0.0}, {""range"": 0.8456919907792765, ""doppler"": 0.0, ""angle"": 7.01983145353781, ""elevation"": 0.0}, {""range"": 0.7298333390201294, ""doppler"": 0.0, ""angle"": 10.817130992636494, ""elevation"": 0.0}]",1785095124780.612
8,"[{""range"": 0.8792110772253833, ""doppler"": 0.0, ""angle"": -4.152035088499358, ""elevation"": 0.0}, {""range"": 0.9067503863096961, ""doppler"": 0.0, ""angle"": -7.1936877245791635, ""elevation"": 0.0}, {""range"": 1.3936705847070527, ""doppler"": 0.0, ""angle"": -8.418081111185348, ""elevation"": 0.0}, {""range"": 1.3960702874830186, ""doppler"": 0.0, ""angle"": -9.198104756606508, ""elevation"": 0.0}, {""range"": 0.7642961896012489, ""doppler"": 0.0, ""angle"": 16.976579114795264, ""elevation"": 0.0}, {""range"": 0.7936145568861754, ""doppler"": 0.0, ""angle"": 13.751316807677837, ""elevation"": 0.0}, {""range"": 0.8151179799030208, ""doppler"": 0.0, ""angle"": 12.581976737623602, ""elevation"": 0.0}, {""range"": 2.0587741687998045, ""doppler"": 0.0, ""angle"": 40.4841652623975, ""elevation"": 0.0}]",1785095124877.141
9,"[{""range"": 0.8628712859797958, ""doppler"": 0.0, ""angle"": -11.656893124079211, ""elevation"": 0.0}, {""range"": 1.391096617925142, ""doppler"": 0.0, ""angle"": -8.895667153002227, ""elevation"": 0.0}, {""range"": 1.3934149692594815, ""doppler"": 0.0, ""angle"": -9.305182278464923, ""elevation"": 0.0}, {""range"": 0.7766616864819553, ""doppler"": 0.0, ""angle"": 2.2695206076688783, ""elevation"": 0.0}, {""range"": 0.7974131165908948, ""doppler"": 0.0, ""angle"": 1.4648487362217868, ""elevation"": 0.0}, {""range"": 0.8093123606121092, ""doppler"": 0.0, ""angle"": 0.06329623973122935, ""elevation"": 0.0}, {""range"": 2.6845789214689506, ""doppler"": 0.0, ""angle"": 0.7403918543324394, ""elevation"": 0.0}, {""range"": 2.0188650526035157, ""doppler"": 0.0, ""angle"": 38.81594011506438, ""elevation"": 0.0}, {""range"": 2.0495123661685373, ""doppler"": 0.0, ""angle"": 37.113844140657086, ""elevation"": 0.0}]",1785095124980.5752
12,"[{""range"": 1.3919253957695343, ""doppler"": 0.0, ""angle"": -7.306695527800761, ""elevation"": 0.0}, {""range"": 1.3975182874778014, ""doppler"": 0.0, ""angle"": -6.184752268744915, ""elevation"": 0.0}, {""range"": 0.7386040890583119, ""doppler"": 0.0, ""angle"": 1.5815112463734566, ""elevation"": 0.0}, {""range"": 0.7554455115498357, ""doppler"": 0.0, ""angle"": 1.0850176194974108, ""elevation"": 0.0}, {""range"": 0.7644164351957924, ""doppler"": 0.0, ""angle"": 1.1929310971417715, ""elevation"": 0.0}, {""range"": 0.801975691184514, ""doppler"": 0.0, ""angle"": 3.195420036481597, ""elevation"": 0.0}, {""range"": 0.8734195863105864, ""doppler"": 0.0, ""angle"": 2.4640768100662234, ""elevation"": 0.0}, {""range"": 2.6793776409530894, ""doppler"": 0.0, ""angle"": 1.1777995003767638, ""elevation"": 0.0}, {""range"": 2.0178240414036774, ""doppler"": 0.0, ""angle"": 43.22253702404953, ""elevation"": 0.0}, {""range"": 2.0459310016917787, ""doppler"": 0.0, ""angle"": 39.0226873606701, ""elevation"": 0.0}, {""range"": 1.9243479411591051, ""doppler"": 0.0, ""angle"": 47.892484905999005, ""elevation"": 0.0}, {""range"": 1.975044158359451, ""doppler"": 0.0, ""angle"": 51.432546720282836, ""elevation"": 0.0}]",1785095125077.7668
