num_points,points,timestamp_ms
4,"[{""range"": 0.7215600460066702, ""doppler"": 0.0, ""angle"": -3.6657897626729636, ""elevation"": 0.0}, {""range"": 1.7248780371295938, ""doppler"": 0.0, ""angle"": -8.057022113799782, ""elevation"": 0.0}, {""range"": 1.72648015911925, ""doppler"": 0.0, ""angle"": -8.78135345458037, ""elevation"": 0.0}, {""range"": 0.7127462411706462, ""doppler"": 0.0, ""angle"": -3.13517868226259, ""elevation"": 0.0}]",1785094826231.5142
5,"[{""range"": 1.7270489722254523, ""doppler"": 0.0, ""angle"": -14.30241902303518, ""elevation"": 0.0}, {""range"": 1.5548437120858376, ""doppler"": 0.0, ""angle"": -8.265222670132333, ""elevation"": 0.0}, {""range"": 0.7199821993847151, ""doppler"": 0.0, ""angle"": -0.8395948895955522, ""elevation"": 0.0}, {""range"": 0.7258861309403737, ""doppler"": 0.0, ""angle"": -1.990499021827489, ""elevation"": 0.0}, {""range"": 0.7414098398843073, ""doppler"": 0.0, ""angle"": -2.5987973668091664, ""elevation"": 0.0}]",1785094826232.02
4,"[{""range"": 0.7066173751430843, ""doppler"": 0.0, ""angle"": -5.722134816250329, ""elevation"": 0.0}, {""range"": 0.7177377715089758, ""doppler"": 0.0, ""angle"": -5.704911709667987, ""elevation"": 0.0}, {""range"": 1.714295119618216, ""doppler"": 0.0, ""angle"": -6.029339138931557, ""elevation"": 0.0}, {""range"": 1.7247707497011164, ""doppler"": 0.0, ""angle"": -7.320262575344959, ""elevation"": 0.0}]",1785094826232.387
5,"[{""range"": 1.7346158120873774, ""doppler"": 0.0, ""angle"": -13.235446948268983, ""elevation"": 0.0}, {""range"": 0.5663254390858026, ""doppler"": 0.0, ""angle"": -4.581855864408105, ""elevation"": 0.0}, {""range"": 0.5605771210589708, ""doppler"": 0.0, ""angle"": -3.82258489080847, ""elevation"": 0.0}, {""range"": 2.878858633670693, ""doppler"": 0.0, ""angle"": 5.060071941339671, ""elevation"": 0.0}, {""range"": 2.9086352424080144, ""doppler"": 0.0, ""angle"": 10.746236127317601, ""elevation"": 0.0}]",1785094826232.7522
13,"[{""range"": 0.5438942909207278, ""doppler"": 0.0, ""angle"": -20.716987997161876, ""elevation"": 0.0}, {""range"": 1.7591683233015152, ""doppler"": 0.0, ""angle"": -11.218559009480032, ""elevation"": 0.0}, {""range"": 1.7926087551875534, ""doppler"": 0.0, ""angle"": -15.636082401403174, ""elevation"": 0.0}, {""range"": 1.7270791773996919, ""doppler"": 0.0, ""angle"": -4.703539866741156, ""elevation"": 0.0}, {""range"": 1.7377822338810283, ""doppler"": 0.0, ""angle"": -7.9491750585281515, ""elevation"": 0.0}, {""range"": 0.7150777058765225, ""doppler"": 0.0, ""angle"": 2.866698116676623, ""elevation"": 0.0}, {""range"": 2.8302797918863574, ""doppler"": 0.0, ""angle"": -1.2996497049059106, ""elevation"": 0.0}, {""range"": 0.7277071812601048, ""doppler"": 0.0, ""angle"": 4.142792171224802, ""elevation"": 0.0}, {""range"": 2.8751600818262735, ""doppler"": 0.0, ""angle"": 5.861285313758662, ""elevation"": 0.0}, {""range"": 2.9078381457754996, ""doppler"": 0.0, ""angle"": 11.819884337877783, ""elevation"": 0.0}, {""range"": 2.0051550143643753, ""doppler"": 0.0, ""angle"": 52.97783990408484, ""elevation"": 0.0}, {""range"": 1.9314789722135133, ""doppler"": 0.0, ""angle"": 56.67037106187981, ""elevation"": 0.0}, {""range"": 1.9705802628402305, ""doppler"": 0.0, ""angle"": 54.52880462277139, ""elevation"": 0.0}]",1785094826233.1362
6,"[{""range"": 0.7097644040860608, ""doppler"": 0.0, ""angle"": -7.425807028229051, ""elevation"": 0.0}, {""range"": 0.7245040169724228, ""doppler"": 0.0, ""angle"": -7.174128007307023, ""elevation"": 0.0}, {""range"": 1.6869193691685163, ""doppler"": 0.0, ""angle"": -3.7256000048195013, ""elevation"": 0.0}, {""range"": 1.7190046721987238, ""doppler"": 0.0, ""angle"": -4.630004575869048, ""elevation"": 0.0}, {""range"": 1.7509378638730875, ""doppler"": 0.0, ""angle"": -8.977493738526642, ""elevation"": 0.0}, {""range"": 1.7063048321285386, ""doppler"": 0.0, ""angle"": -3.250106317290879, ""elevation"": 0.0}]",1785094826233.508
10,"[{""range"": 0.7157157223516878, ""doppler"": 0.0, ""angle"": -5.9513123361391775, ""elevation"": 0.0}, {""range"": 1.6789365452806637, ""doppler"": 0.0, ""angle"": -4.826480432399007, ""elevation"": 0.0}, {""range"": 1.7030546732256553, ""doppler"": 0.0, ""angle"": -6.281065737833368, ""elevation"": 0.0}, {""range"": 1.71664317113314, ""doppler"": 0.0, ""angle"": -7.126496879128295, ""elevation"": 0.0}, {""range"": 1.7417117910917614, ""doppler"": 0.0, ""angle"": -8.394642360775729, ""elevation"": 0.0}, {""range"": 0.7430920650033542, ""doppler"": 0.0, ""angle"": -2.717129818804197, ""elevation"": 0.0}, {""range"": 0.7551348226233485, ""doppler"": 0.0, ""angle"": 0.17637764169082829, ""elevation"": 0.0}, {""range"": 2.8707011391606616, ""doppler"": 0.0, ""angle"": 0.6781093761597823, ""elevation"": 0.0}, {""range"": 0.7920181069890435, ""doppler"": 0.0, ""angle"": 14.96808060587251, ""elevation"": 0.0}, {""range"": 1.9131433446336503, ""doppler"": 0.0, ""angle"": 56.211904742837504, ""elevation"": 0.0}]",1785094826233.887
9,"[{""range"": 0.7176522325374118, ""doppler"": 0.0, ""angle"": -8.035211795114195, ""elevation"": 0.0}, {""range"": 0.724240495966121, ""doppler"": 0.0, ""angle"": -9.034402602139245, ""elevation"": 0.0}, {""range"": 0.7383331284007402, ""doppler"": 0.0, ""angle"": -6.801441233015551, ""elevation"": 0.0}, {""range"": 1.6970554124201074, ""doppler"": 0.0, ""angle"": -6.206187828295783, ""elevation"": 0.0}, {""range"": 1.7357879023024065, ""doppler"": 0.0, ""angle"": -6.696733615169383, ""elevation"": 0.0}, {""range"": 1.7958606134069721, ""doppler"": 0.0, ""angle"": -8.099443919244129, ""elevation"": 0.0}, {""range"": 1.832104167727325, ""doppler"": 0.0, ""angle"": -6.742832816965947, ""elevation"": 0.0}, {""range"": 1.8531313131655212, ""doppler"": 0.0, ""angle"": -6.243116566352914, ""elevation"": 0.0}, {""range"": 1.8858428364872717, ""doppler"": 0.0, ""angle"": -7.792814640706882, ""elevation"": 0.0}]",1785094826234.261
6,"[{""range"": 1.697970881566668, ""doppler"": 0.0, ""angle"": -22.32466964865343, ""elevation"": 0.0}, {""range"": 0.6696063283901802, ""doppler"": 0.0, ""angle"": -11.991099874885501, ""elevation"": 0.0}, {""range"": 0.6946202373488913, ""doppler"": 0.0, ""angle"": -13.002355431122956, ""elevation"": 0.0}, {""range"": 0.7123303043162537, ""doppler"": 0.0, ""angle"": -12.776853343939601, ""elevation"": 0.0}, {""range"": 0.7494426482947303, ""doppler"": 0.0, ""angle"": -5.037244328138717, ""elevation"": 0.0}, {""range"": 0.8076837769525091, ""doppler"": 0.0, ""angle"": 12.193096780143089, ""elevation"": 0.0}]",1785094826234.6282
7,"[{""range"": 2.8613782360341236, ""doppler"": 0.0, ""angle"": -51.67123208358076, ""elevation"": 0.0}, {""range"": 0.6718474515681351, ""doppler"": 0.0, ""angle"": -18.93165090619544, ""elevation"": 0.0}, {""range"": 0.6977465672410844, ""doppler"": 0.0, ""angle"": -16.31247757777493, ""elevation"": 0.0}, {""range"": 0.7371618919028693, ""doppler"": 0.0, ""angle"": -10.22777423802254, ""elevation"": 0.0}, {""range"": 0.7578127152964553, ""doppler"": 0.0, ""angle"": -10.124671655397817, ""elevation"": 0.0}, {""range"": 1.1542149698208986, ""doppler"": 0.0, ""angle"": -2.8238410206861677, ""elevation"": 0.0}, {""range"": 1.3188764263623083, ""doppler"": 0.0, ""angle"": 0.7846117958119477, ""elevation"": 0.0}]",1785094826235.011
6,"[{""range"": 0.6801922471749524, ""doppler"": 0.0, ""angle"": -18.325396796745498, ""elevation"": 0.0}, {""range"": 0.6938391957798711, ""doppler"": 0.0, ""angle"": -17.580408910103582, ""elevation"": 0.0}, {""range"": 0.7102144170273358, ""doppler"": 0.0, ""angle"": -16.15345505379654, ""elevation"": 0.0}, {""range"": 0.7383165635825498, ""doppler"": 0.0, ""angle"": -13.787191483642204, ""elevation"": 0.0}, {""range"": 2.6987853433078697, ""doppler"": 0.0, ""angle"": -11.720904040766571, ""elevation"": 0.0}, {""range"": 2.7408791405873516, ""doppler"": 0.0, ""angle"": -12.61638238992301, ""elevation"": 0.0}]",1785094826235.347
6,"[{""range"": 0.690770818761977, ""doppler"": 0.0, ""angle"": -20.090814756192465, ""elevation"": 0.0}, {""range"": 0.7034895613514238, ""doppler"": 0.0, ""angle"": -17.698066244710365, ""elevation"": 0.0}, {""range"": 0.7156917539453714, ""doppler"": 0.0, ""angle"": -17.02695069025238, ""elevation"": 0.0}, {""range"": 0.7639715847231813, ""doppler"": 0.0, ""angle"": 40.205646004107386, ""elevation"": 0.0}, {""range"": 0.7769127153597488, ""doppler"": 0.0, ""angle"": 37.43431785451139, ""elevation"": 0.0}, {""range"": 2.0026552428435966, ""doppler"": 0.0, ""angle"": 51.74766556323934, ""elevation"": 0.0}]",1785094826235.667
7,"[{""range"": 1.8283429586457125, ""doppler"": 0.0, ""angle"": -19.18453071018106, ""elevation"": 0.0}, {""range"": 0.7158510293885131, ""doppler"": 0.0, ""angle"": -5.015615033247183, ""elevation"": 0.0}, {""range"": 0.7512363262769207, ""doppler"": 0.0, ""angle"": 4.546188551750512, ""elevation"": 0.0}, {""range"": 0.769355654113142, ""doppler"": 0.0, ""angle"": 5.026844987499559, ""elevation"": 0.0}, {""range"": 0.7918885060424523, ""doppler"": 0.0, ""angle"": 5.104236300591396, ""elevation"": 0.0}, {""range"": 2.8743698541595406, ""doppler"": 0.0, ""angle"": 5.63363039777841, ""elevation"": 0.0}, {""range"": 2.9071317630548448, ""doppler"": 0.0, ""angle"": 11.2041863937057, ""elevation"": 0.0}]",1785094826235.987
8,"[{""range"": 0.6988691165093845, ""doppler"": 0.0, ""angle"": -0.776993388017681, ""elevation"": 0.0}, {""range"": 0.7190818672668944, ""doppler"": 0.0, ""angle"": -1.5104342426476813, ""elevation"": 0.0}, {""range"": 0.7320729824937063, ""doppler"": 0.0, ""angle"": 0.2798989923237146, ""elevation"": 0.0}, {""range"": 0.7487145915417266, ""doppler"": 0.0, ""angle"": 3.340747311846041, ""elevation"": 0.0}, {""range"": 0.7803310817496448, ""doppler"": 0.0, ""angle"": 5.048221036876794, ""elevation"": 0.0}, {""range"": 2.8794764959395827, ""doppler"": 0.0, ""angle"": 6.614843493073687, ""elevation"": 0.0}, {""range"": 3.569308329269533, ""doppler"": 0.0, ""angle"": 13.444488228644182, ""elevation"": 0.0}, {""range"": 2.7428509703985444, ""doppler"": 0.0, ""angle"": 63.942776126781794, ""elevation"": 0.0}]",1785094826236.288
10,"[{""range"": 1.6718524620695123, ""doppler"": 0.0, ""angle"": -5.788643596097334, ""elevation"": 0.0}, {""range"": 1.6692269371991182, ""doppler"": 0.0, ""angle"": -7.020719128253263, ""elevation"": 0.0}, {""range"": 2.693593974228541, ""doppler"": 0.0, ""angle"": 0.5401154941943093, ""elevation"": 0.0}, {""range"": 2.757055094698995, ""doppler"": 0.0, ""angle"": 0.8175530907159146, ""elevation"": 0.0}, {""range"": 2.7957943133536407, ""doppler"": 0.0, ""angle"": -0.3004931783571293, ""elevation"": 0.0}, {""range"": 2.819569166040088, ""doppler"": 0.0, ""angle"": -2.5953024294057827, ""elevation"": 0.0}, {""range"": 0.7327486963065845, ""doppler"": 0.0, ""angle"": 8.193377623311308, ""elevation"": 0.0}, {""range"": 0.7410983578842494, ""doppler"": 0.0, ""angle"": 7.918953914428772, ""elevation"": 0.0}, {""range"": 0.7493466475397267, ""doppler"": 0.0, ""angle"": 7.26577110332439, ""elevation"": 0.0}, {""range"": 2.6433070031770676, ""doppler"": 0.0, ""angle"": 5.434452450270816, ""elevation"": 0.0}]",1785094826236.653
4,"[{""range"": 0.7190744859356166, ""doppler"": 0.0, ""angle"": -4.306913293630639, ""elevation"": 0.0}, {""range"": 0.7289768653310308, ""doppler"": 0.0, ""angle"": -5.193156488193984, ""elevation"": 0.0}, {""range"": 0.7404339345741058, ""doppler"": 0.0, ""angle"": -6.016248503216674, ""elevation"": 0.0}, {""range"": 2.747157487571736, ""doppler"": 0.0, ""angle"": -2.1896981943644613, ""elevation"": 0.0}]",1785094826236.9988
10,"[{""range"": 1.661291477447141, ""doppler"": 0.0, ""angle"": -4.0860561647870846, ""elevation"": 0.0}, {""range"": 0.6909381760194018, ""doppler"": 0.0, ""angle"": -0.1037965884674599, ""elevation"": 0.0}, {""range"": 0.710277600913295, ""doppler"": 0.0, ""angle"": -1.3848712293619547, ""elevation"": 0.0}, {""range"": 0.7182738286245886, ""doppler"": 0.0, ""angle"": -1.198242978366257, ""elevation"": 0.0}, {""range"": 1.6297101974487305, ""doppler"": 0.0, ""angle"": 0.0, ""elevation"": 0.0}, {""range"": 1.652120765441154, ""doppler"": 0.0, ""angle"": -3.300913213238474, ""elevation"": 0.0}, {""range"": 2.654988567257239, ""doppler"": 0.0, ""angle"": -2.9572152924732658, ""elevation"": 0.0}, {""range"": 2.7015835832493296, ""doppler"": 0.0, ""angle"": -0.7660725341897039, ""elevation"": 0.0}, {""range"": 2.7500301492131043, ""doppler"": 0.0, ""angle"": -0.9873108351065931, ""elevation"": 0.0}, {""range"": 1.9199876976290604, ""doppler"": 0.0, ""angle"": 51.57603381632786, ""elevation"": 0.0}]",1785094826237.386
4,"[{""range"": 0.6954497823205069, ""doppler"": 0.0, ""angle"": -4.158039412804608, ""elevation"": 0.0}, {""range"": 1.6349912392047743, ""doppler"": 0.0, ""angle"": -5.396962826818014, ""elevation"": 0.0}, {""range"": 1.622248154463854, ""doppler"": 0.0, ""angle"": -2.5902310323010878, ""elevation"": 0.0}, {""range"": 1.6564480128247112, ""doppler"": 0.0, ""angle"": -1.9796233626965962, ""elevation"": 0.0}]",1785094826237.77
5,"[{""range"": 1.6283927515229575, ""doppler"": 0.0, ""angle"": -7.724361909349975, ""elevation"": 0.0}, {""range"": 0.803761712936622, ""doppler"": 0.0, ""angle"": 39.08582093132928, ""elevation"": 0.0}, {""range"": 0.7691817474064779, ""doppler"": 0.0, ""angle"": 45.6122117267288, ""elevation"": 0.0}, {""range"": 0.774204825059082, ""doppler"": 0.0, ""angle"": 46.81563078055533, ""elevation"": 0.0}, {""range"": 1.9595814650988963, ""doppler"": 0.0, ""angle"": 44.859515082052155, ""elevation"": 0.0}]",1785094826238.123
6,"[{""range"": 1.5969480444684043, ""doppler"": 0.0, ""angle"": -14.937202835620852, ""elevation"": 0.0}, {""range"": 1.5618402651944194, ""doppler"": 0.0, ""angle"": -7.830457464012415, ""elevation"": 0.0}, {""range"": 0.7172119019266855, ""doppler"": 0.0, ""angle"": 2.843858055264172, ""elevation"": 0.0}, {""range"": 0.7313600961359755, ""doppler"": 0.0, ""angle"": 12.826619092702579, ""elevation"": 0.0}, {""range"": 0.7567984542179673, ""doppler"": 0.0, ""angle"": 29.872496092157657, ""elevation"": 0.0}, {""range"": 0.7931564123285078, ""doppler"": 0.0, ""angle"": 30.826409968297256, ""elevation"": 0.0}]",1785094826238.463
6,"[{""range"": 1.6001487903014926, ""doppler"": 0.0, ""angle"": -11.04247291120664, ""elevation"": 0.0}, {""range"": 0.6843266270083367, ""doppler"": 0.0, ""angle"": -6.556775539472459, ""elevation"": 0.0}, {""range"": 0.6900366707232579, ""doppler"": 0.0, ""angle"": -4.875845987671132, ""elevation"": 0.0}, {""range"": 1.5747676612129085, ""doppler"": 0.0, ""angle"": -9.654844030316733, ""elevation"": 0.0}, {""range"": 1.6207143109157542, ""doppler"": 0.0, ""angle"": -9.853080204174821, ""elevation"": 0.0}, {""range"": 0.6994368241758078, ""doppler"": 0.0, ""angle"": -3.048201837605756, ""elevation"": 0.0}]",1785094826238.8179
9,"[{""range"": 1.7426871929747008, ""doppler"": 0.0, ""angle"": -13.983486251122027, ""elevation"": 0.0}, {""range"": 1.7701602135756656, ""doppler"": 0.0, ""angle"": -14.52615501330719, ""elevation"": 0.0}, {""range"": 0.6395568774323651, ""doppler"": 0.0, ""angle"": -5.696247275631737, ""elevation"": 0.0}, {""range"": 0.659542246744154, ""doppler"": 0.0, ""angle"": -6.178940576612129, ""elevation"": 0.0}, {""range"": 0.6677053336522115, ""doppler"": 0.0, ""angle"": -5.640360917030042, ""elevation"": 0.0}, {""range"": 1.5871619193484958, ""doppler"": 0.0, ""angle"": -4.218989814764387, ""elevation"": 0.0}, {""range"": 1.600092829294443, ""doppler"": 0.0, ""angle"": -7.190139600965132, ""elevation"": 0.0}, {""range"": 1.6257582068276655, ""doppler"": 0.0, ""angle"": -7.457218714874266, ""elevation"": 0.0}, {""range"": 0.6884274466966099, ""doppler"": 0.0, ""angle"": -1.8308165683827275, ""elevation"": 0.0}]",1785094826239.1702
7,"[{""range"": 1.5581596708280636, ""doppler"": 0.0, ""angle"": -16.38434545733648, ""elevation"": 0.0}, {""range"": 1.577115464198564, ""doppler"": 0.0, ""angle"": -10.993975672331324, ""elevation"": 0.0}, {""range"": 0.6270715059881022, ""doppler"": 0.0, ""angle"": -5.9414462619251065, ""elevation"": 0.0}, {""range"": 0.6404807112905962, ""doppler"": 0.0, ""angle"": -6.750020757050053, ""elevation"": 0.0}, {""range"": 0.6490955175440322, ""doppler"": 0.0, ""angle"": -8.188139199950294, ""elevation"": 0.0}, {""range"": 1.5831077863877874, ""doppler"": 0.0, ""angle"": -9.498495796212211, ""elevation"": 0.0}, {""range"": 1.5986298751242487, ""doppler"": 0.0, ""angle"": -9.522377341918805, ""elevation"": 0.0}]",1785094826239.5178
3,"[{""range"": 0.7362361210807161, ""doppler"": 0.0, ""angle"": 42.03686130935391, ""elevation"": 0.0}, {""range"": 0.761309287037522, ""doppler"": 0.0, ""angle"": 37.60469470772779, ""elevation"": 0.0}, {""range"": 0.697258907630907, ""doppler"": 0.0, ""angle"": 47.047262661227705, ""elevation"": 0.0}]",1785094826239.866
10,"[{""range"": 0.4772876198750103, ""doppler"": 0.0, ""angle"": -39.75610000410164, ""elevation"": 0.0}, {""range"": 0.4833325098649912, ""doppler"": 0.0, ""angle"": -35.48346711017717, ""elevation"": 0.0}, {""range"": 1.5291584395353293, ""doppler"": 0.0, ""angle"": -11.158825964041482, ""elevation"": 0.0}, {""range"": 0.6215835736909266, ""doppler"": 0.0, ""angle"": -8.269961586981163, ""elevation"": 0.0}, {""range"": 0.6230588786404532, ""doppler"": 0.0, ""angle"": -9.948921828511317, ""elevation"": 0.0}, {""range"": 1.5500630060422593, ""doppler"": 0.0, ""angle"": -8.244140396936933, ""elevation"": 0.0}, {""range"": 0.762167750799006, ""doppler"": 0.0, ""angle"": 33.458917144841344, ""elevation"": 0.0}, {""range"": 0.7977417095960528, ""doppler"": 0.0, ""angle"": 29.88665492820848, ""elevation"": 0.0}, {""range"": 0.7340151919223454, ""doppler"": 0.0, ""angle"": 40.336353703007745, ""elevation"": 0.0}, {""range"": 0.7218007800280322, ""doppler"": 0.0, ""angle"": 44.156885408015974, ""elevation"": 0.0}]",1785094826240.167
4,"[{""range"": 0.6214673078207171, ""doppler"": 0.0, ""angle"": -5.051144981326092, ""elevation"": 0.0}, {""range"": 0.633473467733158, ""doppler"": 0.0, ""angle"": -4.841542090737241, ""elevation"": 0.0}, {""range"": 1.9174218261174099, ""doppler"": 0.0, ""angle"": 53.13544561437672, ""elevation"": 0.0}, {""range"": 1.96071820760433, ""doppler"": 0.0, ""angle"": 51.245529878450704, ""elevation"": 0.0}]",1785094826240.48
6,"[{""range"": 0.4793690762444957, ""doppler"": 0.0, ""angle"": -31.53189387163012, ""elevation"": 0.0}, {""range"": 0.4946028979250193, ""doppler"": 0.0, ""angle"": -33.557930697294, ""elevation"": 0.0}, {""range"": 0.6201274718788287, ""doppler"": 0.0, ""angle"": -9.342814711337573, ""elevation"": 0.0}, {""range"": 0.6345592336468926, ""doppler"": 0.0, ""angle"": -5.5627914320594, ""elevation"": 0.0}, {""range"": 0.649659840703013, ""doppler"": 0.0, ""angle"": -3.5979762108832944, ""elevation"": 0.0}, {""range"": 1.8738960477187554, ""doppler"": 0.0, ""angle"": 43.60809781308238, ""elevation"": 0.0}]",1785094826240.787
4,"[{""range"": 0.6278158252784432, ""doppler"": 0.0, ""angle"": -8.764772844245792, ""elevation"": 0.0}, {""range"": 0.6239009843573164, ""doppler"": 0.0, ""angle"": -9.818678301622807, ""elevation"": 0.0}, {""range"": 1.1936075363425631, ""doppler"": 0.0, ""angle"": 5.881410649152611, ""elevation"": 0.0}, {""range"": 1.9182698249753742, ""doppler"": 0.0, ""angle"": 50.359232631289245, ""elevation"": 0.0}]",1785094826241.089
4,"[{""range"": 0.5053779730388526, ""doppler"": 0.0, ""angle"": -28.786813554221922, ""elevation"": 0.0}, {""range"": 0.6000247778430504, ""doppler"": 0.0, ""angle"": -7.7413267428983925, ""elevation"": 0.0}, {""range"": 1.8849133729337568, ""doppler"": 0.0, ""angle"": 45.472745753963395, ""elevation"": 0.0}, {""range"": 1.9135370965389273, ""doppler"": 0.0, ""angle"": 49.8365834457353, ""elevation"": 0.0}]",1785094826241.39
5,"[{""range"": 0.634266359080439, ""doppler"": 0.0, ""angle"": -10.017336964199977, ""elevation"": 0.0}, {""range"": 0.6451722225194049, ""doppler"": 0.0, ""angle"": -9.45971156513714, ""elevation"": 0.0}, {""range"": 0.6553174519195221, ""doppler"": 0.0, ""angle"": -9.644808597311012, ""elevation"": 0.0}, {""range"": 0.7625120146514259, ""doppler"": 0.0, ""angle"": 40.26318439042584, ""elevation"": 0.0}, {""range"": 0.7317319857557634, ""doppler"": 0.0, ""angle"": 48.71528910542877, ""elevation"": 0.0}]",1785094826241.6892
7,"[{""range"": 0.6316389560662727, ""doppler"": 0.0, ""angle"": -12.092491347042028, ""elevation"": 0.0}, {""range"": 0.612713975974127, ""doppler"": 0.0, ""angle"": -7.529450428309757, ""elevation"": 0.0}, {""range"": 0.6851173696674508, ""doppler"": 0.0, ""angle"": 33.20065551285156, ""elevation"": 0.0}, {""range"": 0.7602579917963853, ""doppler"": 0.0, ""angle"": 32.44535312081657, ""elevation"": 0.0}, {""range"": 0.7140330578147195, ""doppler"": 0.0, ""angle"": 36.35334563525909, ""elevation"": 0.0}, {""range"": 1.916482551927664, ""doppler"": 0.0, ""angle"": 56.053427967765224, ""elevation"": 0.0}, {""range"": 1.9561717855098248, ""doppler"": 0.0, ""angle"": 60.84823363301462, ""elevation"": 0.0}]",1785094826241.9893
2,"[{""range"": 0.4991714204033782, ""doppler"": 0.0, ""angle"": -33.38267136025841, ""elevation"": 0.0}, {""range"": 0.6395835490227175, ""doppler"": 0.0, ""angle"": -14.871569644448082, ""elevation"": 0.0}]",1785094826242.287
5,"[{""range"": 0.6396694554789382, ""doppler"": 0.0, ""angle"": -24.73822535255855, ""elevation"": 0.0}, {""range"": 0.45852024683312875, ""doppler"": 0.0, ""angle"": -11.130267521021576, ""elevation"": 0.0}, {""range"": 0.47821044609254915, ""doppler"": 0.0, ""angle"": -10.797326240703399, ""elevation"": 0.0}, {""range"": 1.920405645459469, ""doppler"": 0.0, ""angle"": 57.982175694288465, ""elevation"": 0.0}, {""range"": 1.9535758426969905, ""doppler"": 0.0, ""angle"": 54.42452414228453, ""elevation"": 0.0}]",1785094826242.584
7,"[{""range"": 0.6460805046975757, ""doppler"": 0.0, ""angle"": -15.424796940408145, ""elevation"": 0.0}, {""range"": 0.6539573711018917, ""doppler"": 0.0, ""angle"": -14.036243467926479, ""elevation"": 0.0}, {""range"": 0.49163524674508735, ""doppler"": 0.0, ""angle"": -8.80795289205815, ""elevation"": 0.0}, {""range"": 0.7324636523571301, ""doppler"": 0.0, ""angle"": 48.52327588736328, ""elevation"": 0.0}, {""range"": 0.748034620655975, ""doppler"": 0.0, ""angle"": 45.329282463846674, ""elevation"": 0.0}, {""range"": 1.9607846840239103, ""doppler"": 0.0, ""angle"": 52.58145912829393, ""elevation"": 0.0}, {""range"": 1.9231423340742129, ""doppler"": 0.0, ""angle"": 55.420414302658955, ""elevation"": 0.0}]",1785094826242.998
5,"[{""range"": 0.6491472877037464, ""doppler"": 0.0, ""angle"": -18.43494882292201, ""elevation"": 0.0}, {""range"": 0.6410579301544749, ""doppler"": 0.0, ""angle"": -16.579843119014146, ""elevation"": 0.0}, {""range"": 0.722651865471043, ""doppler"": 0.0, ""angle"": 48.61135318287744, ""elevation"": 0.0}, {""range"": 0.7314965745086693, ""doppler"": 0.0, ""angle"": 52.92841666499313, ""elevation"": 0.0}, {""range"": 2.0093618495185313, ""doppler"": 0.0, ""angle"": 49.80076857937302, ""elevation"": 0.0}]",1785094826243.327
11,"[{""range"": 0.5008108101816076, ""doppler"": 0.0, ""angle"": -17.710379579821126, ""elevation"": 0.0}, {""range"": 0.618321132454985, ""doppler"": 0.0, ""angle"": -13.666520626434002, ""elevation"": 0.0}, {""range"": 0.6454728548398133, ""doppler"": 0.0, ""angle"": -13.635876332022447, ""elevation"": 0.0}, {""range"": 0.7287849216409648, ""doppler"": 0.0, ""angle"": 40.24296243909077, ""elevation"": 0.0}, {""range"": 0.7376161488110206, ""doppler"": 0.0, ""angle"": 40.17192332025905, ""elevation"": 0.0}, {""range"": 0.7491177107728055, ""doppler"": 0.0, ""angle"": 39.16816039038884, ""elevation"": 0.0}, {""range"": 0.7753475496331489, ""doppler"": 0.0, ""angle"": 34.78958923219448, ""elevation"": 0.0}, {""range"": 1.8879518398076285, ""doppler"": 0.0, ""angle"": 48.89779650001372, ""elevation"": 0.0}, {""range"": 2.0099502398211153, ""doppler"": 0.0, ""angle"": 51.28048710384317, ""elevation"": 0.0}, {""range"": 1.917127268278006, ""doppler"": 0.0, ""angle"": 56.05351422899374, ""elevation"": 0.0}, {""range"": 1.961879088800494, ""doppler"": 0.0, ""angle"": 60.31794867937418, ""elevation"": 0.0}]",1785094826243.6328
7,"[{""range"": 0.49792723495036106, ""doppler"": 0.0, ""angle"": -37.03038960567864, ""elevation"": 0.0}, {""range"": 0.7206131891003822, ""doppler"": 0.0, ""angle"": 42.54625529796317, ""elevation"": 0.0}, {""range"": 0.7354926656501627, ""doppler"": 0.0, ""angle"": 37.641633258113536, ""elevation"": 0.0}, {""range"": 0.7472619125490434, ""doppler"": 0.0, ""angle"": 35.10097089378339, ""elevation"": 0.0}, {""range"": 1.9261353610971106, ""doppler"": 0.0, ""angle"": 48.56788823783976, ""elevation"": 0.0}, {""range"": 1.9593121350750375, ""doppler"": 0.0, ""angle"": 50.748120226823886, ""elevation"": 0.0}, {""range"": 2.0001156749283444, ""doppler"": 0.0, ""angle"": 49.89208104620674, ""elevation"": 0.0}]",1785094826243.9412
7,"[{""range"": 0.49841153410053934, ""doppler"": 0.0, ""angle"": -27.383244012264527, ""elevation"": 0.0}, {""range"": 0.6417319208320655, ""doppler"": 0.0, ""angle"": -16.046272508811438, ""elevation"": 0.0}, {""range"": 0.6439180149724898, ""doppler"": 0.0, ""angle"": -17.886512076770295, ""elevation"": 0.0}, {""range"": 0.7340367542920966, ""doppler"": 0.0, ""angle"": 38.154090872644026, ""elevation"": 0.0}, {""range"": 1.9306295378237488, ""doppler"": 0.0, ""angle"": 47.278311979000094, ""elevation"": 0.0}, {""range"": 1.964910462388921, ""doppler"": 0.0, ""angle"": 46.16146606815936, ""elevation"": 0.0}, {""range"": 1.9978026964661988, ""doppler"": 0.0, ""angle"": 46.34183100458407, ""elevation"": 0.0}]",1785094826244.248
4,"[{""range"": 0.47285072091635777, ""doppler"": 0.0, ""angle"": -2.4274365586769755, ""elevation"": 0.0}, {""range"": 0.4901146416926934, ""doppler"": 0.0, ""angle"": -1.4843394970133366, ""elevation"": 0.0}, {""range"": 1.9738284757123712, ""doppler"": 0.0, ""angle"": 50.13793928690509, ""elevation"": 0.0}, {""range"": 2.004752310720782, ""doppler"": 0.0, ""angle"": 47.82703546038413, ""elevation"": 0.0}]",1785094826244.548
3,"[{""range"": 0.6477411056209859, ""doppler"": 0.0, ""angle"": -13.180745322203485, ""elevation"": 0.0}, {""range"": 0.6578622968342058, ""doppler"": 0.0, ""angle"": -12.559213202663193, ""elevation"": 0.0}, {""range"": 2.015182750784403, ""doppler"": 0.0, ""angle"": 50.982097786586344, ""elevation"": 0.0}]",1785094826244.8398
3,"[{""range"": 0.6464113832996443, ""doppler"": 0.0, ""angle"": -9.24865937017245, ""elevation"": 0.0}, {""range"": 0.6586905626481171, ""doppler"": 0.0, ""angle"": -6.359085937587762, ""elevation"": 0.0}, {""range"": 0.7939389025683219, ""doppler"": 0.0, ""angle"": 32.154480204051794, ""elevation"": 0.0}]",1785094826245.138
4,"[{""range"": 0.6215837022915732, ""doppler"": 0.0, ""angle"": -9.036893146883935, ""elevation"": 0.0}, {""range"": 0.6441186934428517, ""doppler"": 0.0, ""angle"": -7.898410111119377, ""elevation"": 0.0}, {""range"": 0.6522132546344123, ""doppler"": 0.0, ""angle"": -3.8987128217212343, ""elevation"": 0.0}, {""range"": 2.0145002375479706, ""doppler"": 0.0, ""angle"": 52.07728883420829, ""elevation"": 0.0}]",1785094826245.4478
4,"[{""range"": 0.6225324367320754, ""doppler"": 0.0, ""angle"": -11.297022203956354, ""elevation"": 0.0}, {""range"": 0.6376159897187909, ""doppler"": 0.0, ""angle"": -11.517913160344614, ""elevation"": 0.0}, {""range"": 0.736551699609942, ""doppler"": 0.0, ""angle"": 43.3965698305803, ""elevation"": 0.0}, {""range"": 2.0184371326831956, ""doppler"": 0.0, ""angle"": 52.58088699306819, ""elevation"": 0.0}]",1785094826245.7441
5,"[{""range"": 0.6321526805145441, ""doppler"": 0.0, ""angle"": -9.278477564300536, ""elevation"": 0.0}, {""range"": 0.6431648881858624, ""doppler"": 0.0, ""angle"": -9.925853231014898, ""elevation"": 0.0}, {""range"": 0.7238675403805004, ""doppler"": 0.0, ""angle"": 42.8677911559385, ""elevation"": 0.0}, {""range"": 0.7336108346254783, ""doppler"": 0.0, ""angle"": 44.84199756146471, ""elevation"": 0.0}, {""range"": 0.7415467108113766, ""doppler"": 0.0, ""angle"": 45.93790987744036, ""elevation"": 0.0}]",1785094826246.0378
4,"[{""range"": 0.6387496042578898, ""doppler"": 0.0, ""angle"": -18.17119532705511, ""elevation"": 0.0}, {""range"": 0.7432176987275714, ""doppler"": 0.0, ""angle"": 45.03898997663751, ""elevation"": 0.0}, {""range"": 0.7462213780336909, ""doppler"": 0.0, ""angle"": 46.398127892816824, ""elevation"": 0.0}, {""range"": 2.6639730242325177, ""doppler"": 0.0, ""angle"": 52.82089321245596, ""elevation"": 0.0}]",1785094826246.343
3,"[{""range"": 0.4900052894972617, ""doppler"": 0.0, ""angle"": -39.41739424346893, ""elevation"": 0.0}, {""range"": 0.7070200078921878, ""doppler"": 0.0, ""angle"": 31.229668672228115, ""elevation"": 0.0}, {""range"": 0.7292252796134128, ""doppler"": 0.0, ""angle"": 41.10265992227328, ""elevation"": 0.0}]",1785094826246.646
5,"[{""range"": 0.6395428537789106, ""doppler"": 0.0, ""angle"": -11.155987941461328, ""elevation"": 0.0}, {""range"": 0.6447787486558416, ""doppler"": 0.0, ""angle"": -12.818351958284776, ""elevation"": 0.0}, {""range"": 0.6272235399613202, ""doppler"": 0.0, ""angle"": -8.294114337952438, ""elevation"": 0.0}, {""range"": 0.7330418952283764, ""doppler"": 0.0, ""angle"": 43.30979532567864, ""elevation"": 0.0}, {""range"": 0.7491067198774735, ""doppler"": 0.0, ""angle"": 42.51380768210058, ""elevation"": 0.0}]",1785094826246.94
4,"[{""range"": 0.6277987126919927, ""doppler"": 0.0, ""angle"": -9.475736653255574, ""elevation"": 0.0}, {""range"": 0.6422913385917335, ""doppler"": 0.0, ""angle"": -9.47018926544056, ""elevation"": 0.0}, {""range"": 0.747554915437123, ""doppler"": 0.0, ""angle"": 38.14183153184759, ""elevation"": 0.0}, {""range"": 0.7707152104628167, ""doppler"": 0.0, ""angle"": 34.47908366181222, ""elevation"": 0.0}]",1785094826247.236
1,"[{""range"": 0.6329159052641605, ""doppler"": 0.0, ""angle"": -11.125804383827457, ""elevation"": 0.0}]",1785094826247.5369
2,"[{""range"": 0.6331756723472982, ""doppler"": 0.0, ""angle"": -8.935613842581752, ""elevation"": 0.0}, {""range"": 2.6958369706311864, ""doppler"": 0.0, ""angle"": 46.999753573866556, ""elevation"": 0.0}]",1785094826247.832
1,"[{""range"": 2.014623044462275, ""doppler"": 0.0, ""angle"": 52.79852854872892, ""elevation"": 0.0}]",1785094826248.1038
4,"[{""range"": 0.625246081348771, ""doppler"": 0.0, ""angle"": -10.596503840708095, ""elevation"": 0.0}, {""range"": 0.6440078861456332, ""doppler"": 0.0, ""angle"": -8.816313907046112, ""elevation"": 0.0}, {""range"": 0.6525715252649852, ""doppler"": 0.0, ""angle"": -6.497964093093836, ""elevation"": 0.0}, {""range"": 2.0112614879096724, ""doppler"": 0.0, ""angle"": 50.25182380472341, ""elevation"": 0.0}]",1785094826248.375
5,"[{""range"": 0.6224252096172636, ""doppler"": 0.0, ""angle"": -9.207952591553163, ""elevation"": 0.0}, {""range"": 0.6411694716753965, ""doppler"": 0.0, ""angle"": -7.741417219635528, ""elevation"": 0.0}, {""range"": 0.6502144046322422, ""doppler"": 0.0, ""angle"": -4.3056516091653805, ""elevation"": 0.0}, {""range"": 1.8861970859500645, ""doppler"": 0.0, ""angle"": 46.83621768255666, ""elevation"": 0.0}, {""range"": 1.9078906153497408, ""doppler"": 0.0, ""angle"": 52.38687995656074, ""elevation"": 0.0}]",1785094826248.6458
6,"[{""range"": 0.4912392077340442, ""doppler"": 0.0, ""angle"": -19.47705507389107, ""elevation"": 0.0}, {""range"": 0.6341493680226344, ""doppler"": 0.0, ""angle"": -21.66040539164884, ""elevation"": 0.0}, {""range"": 0.8015221861845786, ""doppler"": 0.0, ""angle"": 30.277599208571612, ""elevation"": 0.0}, {""range"": 0.8129629755947263, ""doppler"": 0.0, ""angle"": 28.38013521221275, ""elevation"": 0.0}, {""range"": 1.9164368291258937, ""doppler"": 0.0, ""angle"": 58.89963528828196, ""elevation"": 0.0}, {""range"": 1.9541223464483284, ""doppler"": 0.0, ""angle"": 59.11896541721616, ""elevation"": 0.0}]",1785094826248.92
4,"[{""range"": 0.7881747648035591, ""doppler"": 0.0, ""angle"": 32.896897412815434, ""elevation"": 0.0}, {""range"": 0.8052065124339974, ""doppler"": 0.0, ""angle"": 30.095242262976313, ""elevation"": 0.0}, {""range"": 1.880965499950113, ""doppler"": 0.0, ""angle"": 50.99227349617391, ""elevation"": 0.0}, {""range"": 1.9130097694306354, ""doppler"": 0.0, ""angle"": 60.96724347253617, ""elevation"": 0.0}]",1785094826249.1838
7,"[{""range"": 0.6287163282077547, ""doppler"": 0.0, ""angle"": -26.849268561037306, ""elevation"": 0.0}, {""range"": 0.49327787067998746, ""doppler"": 0.0, ""angle"": -13.885120784666741, ""elevation"": 0.0}, {""range"": 1.286090939646372, ""doppler"": 0.0, ""angle"": -4.905215372554322, ""elevation"": 0.0}, {""range"": 1.3158272524479635, ""doppler"": 0.0, ""angle"": -0.7552825074711669, ""elevation"": 0.0}, {""range"": 0.8022161882186837, ""doppler"": 0.0, ""angle"": 33.17645605793297, ""elevation"": 0.0}, {""range"": 0.8129240175783049, ""doppler"": 0.0, ""angle"": 29.057052322786852, ""elevation"": 0.0}, {""range"": 2.699145756165727, ""doppler"": 0.0, ""angle"": 44.78259540602679, ""elevation"": 0.0}]",1785094826249.461
8,"[{""range"": 0.6523545034114435, ""doppler"": 0.0, ""angle"": -10.934167240092519, ""elevation"": 0.0}, {""range"": 0.6758955969249744, ""doppler"": 0.0, ""angle"": -6.837355372031197, ""elevation"": 0.0}, {""range"": 0.747126152822819, ""doppler"": 0.0, ""angle"": 42.91479196664575, ""elevation"": 0.0}, {""range"": 0.7736394529486509, ""doppler"": 0.0, ""angle"": 37.26983857550135, ""elevation"": 0.0}, {""range"": 2.6747000011819475, ""doppler"": 0.0, ""angle"": 40.61874437645305, ""elevation"": 0.0}, {""range"": 2.696567844430096, ""doppler"": 0.0, ""angle"": 41.456847146396164, ""elevation"": 0.0}, {""range"": 1.9654502273535996, ""doppler"": 0.0, ""angle"": 54.165399026778964, ""elevation"": 0.0}, {""range"": 2.7388214506960438, ""doppler"": 0.0, ""angle"": 66.06067986328036, ""elevation"": 0.0}]",1785094826249.7349
8,"[{""range"": 0.6545731179222273, ""doppler"": 0.0, ""angle"": -6.651315763810392, ""elevation"": 0.0}, {""range"": 0.6704042271305622, ""doppler"": 0.0, ""angle"": -4.804253586295356, ""elevation"": 0.0}, {""range"": 0.7016205125909192, ""doppler"": 0.0, ""angle"": -8.264332624649604, ""elevation"": 0.0}, {""range"": 0.797680763845135, ""doppler"": 0.0, ""angle"": 33.40508713787016, ""elevation"": 0.0}, {""range"": 0.8075882261474114, ""doppler"": 0.0, ""angle"": 32.59573544587748, ""elevation"": 0.0}, {""range"": 1.8848452045263515, ""doppler"": 0.0, ""angle"": 50.01069553136618, ""elevation"": 0.0}, {""range"": 1.9150061412056978, ""doppler"": 0.0, ""angle"": 50.56981015075121, ""elevation"": 0.0}, {""range"": 1.9556169846000415, ""doppler"": 0.0, ""angle"": 52.280321459301184, ""elevation"": 0.0}]",1785094826250.011
4,"[{""range"": 0.6462634674876545, ""doppler"": 0.0, ""angle"": -12.09032816098613, ""elevation"": 0.0}, {""range"": 1.320494269694942, ""doppler"": 0.0, ""angle"": 2.6233480923798447, ""elevation"": 0.0}, {""range"": 0.737663895443522, ""doppler"": 0.0, ""angle"": 45.294627739963495, ""elevation"": 0.0}, {""range"": 0.7477444141762598, ""doppler"": 0.0, ""angle"": 43.58533763966549, ""elevation"": 0.0}]",1785094826250.277
5,"[{""range"": 0.6473752967822359, ""doppler"": 0.0, ""angle"": -20.907980471009658, ""elevation"": 0.0}, {""range"": 0.6399970788281217, ""doppler"": 0.0, ""angle"": -16.541312092170195, ""elevation"": 0.0}, {""range"": 1.9221912918503443, ""doppler"": 0.0, ""angle"": 49.474439084650946, ""elevation"": 0.0}, {""range"": 1.9555636418550462, ""doppler"": 0.0, ""angle"": 48.644042096460964, ""elevation"": 0.0}, {""range"": 2.698236513474196, ""doppler"": 0.0, ""angle"": 46.75083074853541, ""elevation"": 0.0}]",1785094826250.546
8,"[{""range"": 0.6315959770692428, ""doppler"": 0.0, ""angle"": -8.088809759157577, ""elevation"": 0.0}, {""range"": 0.7494359713068125, ""doppler"": 0.0, ""angle"": 21.704943488822295, ""elevation"": 0.0}, {""range"": 0.7790963338284519, ""doppler"": 0.0, ""angle"": 27.888383618764017, ""elevation"": 0.0}, {""range"": 0.8074807452000714, ""doppler"": 0.0, ""angle"": 29.9431739163722, ""elevation"": 0.0}, {""range"": 1.880043387311703, ""doppler"": 0.0, ""angle"": 47.100559151251424, ""elevation"": 0.0}, {""range"": 1.9217132107761339, ""doppler"": 0.0, ""angle"": 51.528362752021074, ""elevation"": 0.0}, {""range"": 1.967705460883604, ""doppler"": 0.0, ""angle"": 45.74004313688124, ""elevation"": 0.0}, {""range"": 1.9988930137042042, ""doppler"": 0.0, ""angle"": 47.653907801664246, ""elevation"": 0.0}]",1785094826250.814
5,"[{""range"": 0.5022441612700574, ""doppler"": 0.0, ""angle"": -39.669756033031625, ""elevation"": 0.0}, {""range"": 0.6457226682681849, ""doppler"": 0.0, ""angle"": -11.630434496282566, ""elevation"": 0.0}, {""range"": 0.6280226673324713, ""doppler"": 0.0, ""angle"": -10.167688219184965, ""elevation"": 0.0}, {""range"": 1.591251949711009, ""doppler"": 0.0, ""angle"": -6.653039434557902, ""elevation"": 0.0}, {""range"": 1.559858222833452, ""doppler"": 0.0, ""angle"": 1.0115378693689168, ""elevation"": 0.0}]",1785094826251.08
4,"[{""range"": 0.6497156751905397, ""doppler"": 0.0, ""angle"": -11.541872884791946, ""elevation"": 0.0}, {""range"": 0.6638289278224763, ""doppler"": 0.0, ""angle"": -8.769630191986074, ""elevation"": 0.0}, {""range"": 2.8093565573163786, ""doppler"": 0.0, ""angle"": -7.710800726037034, ""elevation"": 0.0}, {""range"": 2.8204492421560476, ""doppler"": 0.0, ""angle"": -8.322231440154939, ""elevation"": 0.0}]",1785094826251.3499
6,"[{""range"": 0.49202891996342907, ""doppler"": 0.0, ""angle"": -37.602870465837974, ""elevation"": 0.0}, {""range"": 0.6513439858786182, ""doppler"": 0.0, ""angle"": -22.347623413747005, ""elevation"": 0.0}, {""range"": 0.6607127447564618, ""doppler"": 0.0, ""angle"": -20.980732947142187, ""elevation"": 0.0}, {""range"": 2.8204664284528347, ""doppler"": 0.0, ""angle"": -6.958761870123483, ""elevation"": 0.0}, {""range"": 1.9182733003264913, ""doppler"": 0.0, ""angle"": 58.17521353254394, ""elevation"": 0.0}, {""range"": 1.9542064481416193, ""doppler"": 0.0, ""angle"": 62.35402463626132, ""elevation"": 0.0}]",1785094826251.6238
6,"[{""range"": 0.6565562875855274, ""doppler"": 0.0, ""angle"": -23.311284566844424, ""elevation"": 0.0}, {""range"": 1.771253699518465, ""doppler"": 0.0, ""angle"": -16.184547364309907, ""elevation"": 0.0}, {""range"": 2.5987578381596976, ""doppler"": 0.0, ""angle"": -8.13679279020518, ""elevation"": 0.0}, {""range"": 2.8243512169535867, ""doppler"": 0.0, ""angle"": -5.908753967641298, ""elevation"": 0.0}, {""range"": 0.7113906244883849, ""doppler"": 0.0, ""angle"": 24.471368456608886, ""elevation"": 0.0}, {""range"": 0.7217331779194763, ""doppler"": 0.0, ""angle"": 19.359718109986336, ""elevation"": 0.0}]",1785094826251.898
5,"[{""range"": 0.6692988363565439, ""doppler"": 0.0, ""angle"": -20.71549835316442, ""elevation"": 0.0}, {""range"": 1.7850180772800848, ""doppler"": 0.0, ""angle"": -18.781619724265504, ""elevation"": 0.0}, {""range"": 0.6675187397240202, ""doppler"": 0.0, ""angle"": -16.624269043166407, ""elevation"": 0.0}, {""range"": 2.108235069426608, ""doppler"": 0.0, ""angle"": 27.171413580732672, ""elevation"": 0.0}, {""range"": 1.9625234979854917, ""doppler"": 0.0, ""angle"": 50.05272542903199, ""elevation"": 0.0}]",1785094826252.1658
5,"[{""range"": 1.8222440166893534, ""doppler"": 0.0, ""angle"": -28.189564074872926, ""elevation"": 0.0}, {""range"": 0.6620775897959812, ""doppler"": 0.0, ""angle"": -12.272005636133425, ""elevation"": 0.0}, {""range"": 0.6708733981726647, ""doppler"": 0.0, ""angle"": -15.347537651504833, ""elevation"": 0.0}, {""range"": 1.6546456855883847, ""doppler"": 0.0, ""angle"": -8.40768667965564, ""elevation"": 0.0}, {""range"": 0.7631142074335749, ""doppler"": 0.0, ""angle"": 27.279560118199964, ""elevation"": 0.0}]",1785094826252.429
4,"[{""range"": 1.843015512773911, ""doppler"": 0.0, ""angle"": -16.625765619794507, ""elevation"": 0.0}, {""range"": 1.8658171157604648, ""doppler"": 0.0, ""angle"": -16.319507993385294, ""elevation"": 0.0}, {""range"": 0.6853879321996004, ""doppler"": 0.0, ""angle"": -7.404985083893916, ""elevation"": 0.0}, {""range"": 0.7040544289580545, ""doppler"": 0.0, ""angle"": -6.108785805791734, ""elevation"": 0.0}]",1785094826252.6982
4,"[{""range"": 0.6895288821412329, ""doppler"": 0.0, ""angle"": -11.70040727776934, ""elevation"": 0.0}, {""range"": 0.5350890089612987, ""doppler"": 0.0, ""angle"": -9.773948745752628, ""elevation"": 0.0}, {""range"": 0.663343326597735, ""doppler"": 0.0, ""angle"": -10.79802504134853, ""elevation"": 0.0}, {""range"": 0.711574880725472, ""doppler"": 0.0, ""angle"": -10.482563135421314, ""elevation"": 0.0}]",1785094826252.97
6,"[{""range"": 0.5647098057188631, ""doppler"": 0.0, ""angle"": -17.734995152059962, ""elevation"": 0.0}, {""range"": 0.5841448382909854, ""doppler"": 0.0, ""angle"": -17.475393867694027, ""elevation"": 0.0}, {""range"": 0.6436364036069224, ""doppler"": 0.0, ""angle"": -10.77610722491626, ""elevation"": 0.0}, {""range"": 0.6937671407463716, ""doppler"": 0.0, ""angle"": -10.649591794337415, ""elevation"": 0.0}, {""range"": 0.7152228794895348, ""doppler"": 0.0, ""angle"": -8.960711404480293, ""elevation"": 0.0}, {""range"": 1.1508532743434274, ""doppler"": 0.0, ""angle"": -4.16997408917212, ""elevation"": 0.0}]",1785094826253.238
4,"[{""range"": 0.6539039769556588, ""doppler"": 0.0, ""angle"": -17.6372298533562, ""elevation"": 0.0}, {""range"": 0.6985740703924062, ""doppler"": 0.0, ""angle"": -12.97263153551765, ""elevation"": 0.0}, {""range"": 0.7411071377668255, ""doppler"": 0.0, ""angle"": -11.030681134359243, ""elevation"": 0.0}, {""range"": 0.7245583424672383, ""doppler"": 0.0, ""angle"": -10.278287272165477, ""elevation"": 0.0}]",1785094826253.5
6,"[{""range"": 0.6245829434275165, ""doppler"": 0.0, ""angle"": -19.67478888804531, ""elevation"": 0.0}, {""range"": 0.6044662428166268, ""doppler"": 0.0, ""angle"": -17.722071523865086, ""elevation"": 0.0}, {""range"": 0.68371670148326, ""doppler"": 0.0, ""angle"": -13.752765235399282, ""elevation"": 0.0}, {""range"": 1.77923208174128, ""doppler"": 0.0, ""angle"": -16.71027506267689, ""elevation"": 0.0}, {""range"": 0.7369974171076724, ""doppler"": 0.0, ""angle"": -8.047532320061693, ""elevation"": 0.0}, {""range"": 0.7632910883900763, ""doppler"": 0.0, ""angle"": 47.02203448694155, ""elevation"": 0.0}]",1785094826253.7588
6,"[{""range"": 0.6445110075447168, ""doppler"": 0.0, ""angle"": -18.505324372122807, ""elevation"": 0.0}, {""range"": 0.6624027222471919, ""doppler"": 0.0, ""angle"": -19.819249945625497, ""elevation"": 0.0}, {""range"": 0.6321511883962252, ""doppler"": 0.0, ""angle"": -15.23521841326598, ""elevation"": 0.0}, {""range"": 0.7300725713029445, ""doppler"": 0.0, ""angle"": -5.509516943847659, ""elevation"": 0.0}, {""range"": 0.7476438117653814, ""doppler"": 0.0, ""angle"": -8.042894233505312, ""elevation"": 0.0}, {""range"": 1.6437389578409263, ""doppler"": 0.0, ""angle"": -9.884496152887122, ""elevation"": 0.0}]",1785094826254.0059
7,"[{""range"": 0.5732944287311101, ""doppler"": 0.0, ""angle"": -13.308056700736596, ""elevation"": 0.0}, {""range"": 0.5935718247744708, ""doppler"": 0.0, ""angle"": -15.355031977597923, ""elevation"": 0.0}, {""range"": 0.63541538481875, ""doppler"": 0.0, ""angle"": -18.13411942647833, ""elevation"": 0.0}, {""range"": 0.6827274311182768, ""doppler"": 0.0, ""angle"": -16.650374231709893, ""elevation"": 0.0}, {""range"": 0.714778256483628, ""doppler"": 0.0, ""angle"": -13.0558543120959, ""elevation"": 0.0}, {""range"": 0.743237531425865, ""doppler"": 0.0, ""angle"": -11.293712097126066, ""elevation"": 0.0}, {""range"": 1.6394463489548183, ""doppler"": 0.0, ""angle"": -15.097267410193492, ""elevation"": 0.0}]",1785094826254.2642
5,"[{""range"": 0.6625952930235031, ""doppler"": 0.0, ""angle"": -17.755274863832053, ""elevation"": 0.0}, {""range"": 0.6871226681221103, ""doppler"": 0.0, ""angle"": -15.099498658872994, ""elevation"": 0.0}, {""range"": 0.7160668244664887, ""doppler"": 0.0, ""angle"": -11.932871148772604, ""elevation"": 0.0}, {""range"": 0.7402820215311985, ""doppler"": 0.0, ""angle"": -12.230082158686086, ""elevation"": 0.0}, {""range"": 0.6242812656111703, ""doppler"": 0.0, ""angle"": -10.47952370695079, ""elevation"": 0.0}]",1785094826254.5437
5,"[{""range"": 0.565322904608478, ""doppler"": 0.0, ""angle"": -24.79792420283705, ""elevation"": 0.0}, {""range"": 0.6163888539596564, ""doppler"": 0.0, ""angle"": -20.585226145102496, ""elevation"": 0.0}, {""range"": 0.6495511600865739, ""doppler"": 0.0, ""angle"": -17.626895463888022, ""elevation"": 0.0}, {""range"": 0.6666825213977, ""doppler"": 0.0, ""angle"": -18.19196563366398, ""elevation"": 0.0}, {""range"": 0.7050343866591517, ""doppler"": 0.0, ""angle"": -15.685905920066407, ""elevation"": 0.0}]",1785094826254.791
4,"[{""range"": 0.6348561030322515, ""doppler"": 0.0, ""angle"": -16.1072166454332, ""elevation"": 0.0}, {""range"": 0.654401591003073, ""doppler"": 0.0, ""angle"": -17.147619881396974, ""elevation"": 0.0}, {""range"": 0.6661099629605238, ""doppler"": 0.0, ""angle"": -17.384303450384433, ""elevation"": 0.0}, {""range"": 0.6936533859406503, ""doppler"": 0.0, ""angle"": -14.770626734298773, ""elevation"": 0.0}]",1785094826255.036
4,"[{""range"": 0.49007840027640776, ""doppler"": 0.0, ""angle"": -24.648112087132855, ""elevation"": 0.0}, {""range"": 0.6164144790769686, ""doppler"": 0.0, ""angle"": -18.71351522848928, ""elevation"": 0.0}, {""range"": 0.6498524481806336, ""doppler"": 0.0, ""angle"": -17.91644913563134, ""elevation"": 0.0}, {""range"": 0.6599245439740041, ""doppler"": 0.0, ""angle"": -17.227143379299235, ""elevation"": 0.0}]",1785094826255.291
4,"[{""range"": 0.4960854158176042, ""doppler"": 0.0, ""angle"": -15.298590454589425, ""elevation"": 0.0}, {""range"": 0.6204869286761256, ""doppler"": 0.0, ""angle"": -16.09508764520089, ""elevation"": 0.0}, {""range"": 0.6480783643404197, ""doppler"": 0.0, ""angle"": -18.199987951996007, ""elevation"": 0.0}, {""range"": 0.6619215815614189, ""doppler"": 0.0, ""angle"": -17.15735163451623, ""elevation"": 0.0}]",1785094826255.5398
4,"[{""range"": 0.6260691322931848, ""doppler"": 0.0, ""angle"": -21.30303933343236, ""elevation"": 0.0}, {""range"": 0.6422542749674394, ""doppler"": 0.0, ""angle"": -21.579242082421807, ""elevation"": 0.0}, {""range"": 0.6531142906876726, ""doppler"": 0.0, ""angle"": -24.333603450646137, ""elevation"": 0.0}, {""range"": 1.1528893732432042, ""doppler"": 0.0, ""angle"": -0.6576239333076119, ""elevation"": 0.0}]",1785094826255.788
4,"[{""range"": 0.6056815188659442, ""doppler"": 0.0, ""angle"": -21.29254587710907, ""elevation"": 0.0}, {""range"": 0.6365639940960288, ""doppler"": 0.0, ""angle"": -21.021333611500648, ""elevation"": 0.0}, {""range"": 0.6493529483377577, ""doppler"": 0.0, ""angle"": -22.949984410325595, ""elevation"": 0.0}, {""range"": 0.5090978108350632, ""doppler"": 0.0, ""angle"": -12.083512689066366, ""elevation"": 0.0}]",1785094826256.041
7,"[{""range"": 0.6116195943179321, ""doppler"": 0.0, ""angle"": -21.057956192617738, ""elevation"": 0.0}, {""range"": 0.6330931776698873, ""doppler"": 0.0, ""angle"": -20.743558010342856, ""elevation"": 0.0}, {""range"": 0.6729573984827009, ""doppler"": 0.0, ""angle"": -17.66463181749877, ""elevation"": 0.0}, {""range"": 0.7390938002158225, ""doppler"": 0.0, ""angle"": -3.634268272542088, ""elevation"": 0.0}, {""range"": 0.7612123255820841, ""doppler"": 0.0, ""angle"": -2.153974042184871, ""elevation"": 0.0}, {""range"": 1.1569239579154822, ""doppler"": 0.0, ""angle"": -2.2499067177133663, ""elevation"": 0.0}, {""range"": 1.1854389364229625, ""doppler"": 0.0, ""angle"": -2.1006242513003643, ""elevation"": 0.0}]",1785094826256.309
8,"[{""range"": 0.5335850945571855, ""doppler"": 0.0, ""angle"": -37.10030838573477, ""elevation"": 0.0}, {""range"": 0.5576592854499827, ""doppler"": 0.0, ""angle"": -34.892684334868136, ""elevation"": 0.0}, {""range"": 0.6078748334546207, ""doppler"": 0.0, ""angle"": -24.02409547580492, ""elevation"": 0.0}, {""range"": 0.63382444771541, ""doppler"": 0.0, ""angle"": -22.107576391468974, ""elevation"": 0.0}, {""range"": 0.655053042082459, ""doppler"": 0.0, ""angle"": -23.282791569919514, ""elevation"": 0.0}, {""range"": 0.7438685673315184, ""doppler"": 0.0, ""angle"": 0.15150291003563407, ""elevation"": 0.0}, {""range"": 1.9216742513360836, ""doppler"": 0.0, ""angle"": 49.706349374109834, ""elevation"": 0.0}, {""range"": 1.9553959195148398, ""doppler"": 0.0, ""angle"": 48.254635720666826, ""elevation"": 0.0}]",1785094826256.573
5,"[{""range"": 0.6296162795689926, ""doppler"": 0.0, ""angle"": -21.36930457973592, ""elevation"": 0.0}, {""range"": 0.6367322915976281, ""doppler"": 0.0, ""angle"": -20.653973750791653, ""elevation"": 0.0}, {""range"": 0.6435004708660279, ""doppler"": 0.0, ""angle"": -23.18813774996055, ""elevation"": 0.0}, {""range"": 0.7739982577272545, ""doppler"": 0.0, ""angle"": -6.5799216419907625, ""elevation"": 0.0}, {""range"": 0.73993517154576, ""doppler"": 0.0, ""angle"": 0.16615452556813345, ""elevation"": 0.0}]",1785094826256.8208
5,"[{""range"": 0.6427720012069477, ""doppler"": 0.0, ""angle"": -19.806074919632344, ""elevation"": 0.0}, {""range"": 0.655862795723531, ""doppler"": 0.0, ""angle"": -20.391497195485506, ""elevation"": 0.0}, {""range"": 0.6282099732279427, ""doppler"": 0.0, ""angle"": -17.424073099033713, ""elevation"": 0.0}, {""range"": 0.7549933636911013, ""doppler"": 0.0, ""angle"": -11.046462633768114, ""elevation"": 0.0}, {""range"": 0.7171729588796009, ""doppler"": 0.0, ""angle"": -8.271523243475317, ""elevation"": 0.0}]",1785094826257.058
5,"[{""range"": 0.6347357952235749, ""doppler"": 0.0, ""angle"": -19.552848087273144, ""elevation"": 0.0}, {""range"": 0.6453355004638426, ""doppler"": 0.0, ""angle"": -19.017325403234878, ""elevation"": 0.0}, {""range"": 0.6647147959687237, ""doppler"": 0.0, ""angle"": -18.020652235954284, ""elevation"": 0.0}, {""range"": 0.7063049907210786, ""doppler"": 0.0, ""angle"": -13.91662823562245, ""elevation"": 0.0}, {""range"": 0.7427976675975715, ""doppler"": 0.0, ""angle"": -12.724789688463733, ""elevation"": 0.0}]",1785094826257.302
5,"[{""range"": 0.6184682088300767, ""doppler"": 0.0, ""angle"": -19.367442263911915, ""elevation"": 0.0}, {""range"": 0.6397286110001809, ""doppler"": 0.0, ""angle"": -18.93633107203135, ""elevation"": 0.0}, {""range"": 0.6621980001163559, ""doppler"": 0.0, ""angle"": -17.1823537850926, ""elevation"": 0.0}, {""range"": 0.7045291704538272, ""doppler"": 0.0, ""angle"": -11.5666067229286, ""elevation"": 0.0}, {""range"": 1.1512177465205253, ""doppler"": 0.0, ""angle"": -1.7712863325016088, ""elevation"": 0.0}]",1785094826257.548
11,"[{""range"": 0.5221379742214618, ""doppler"": 0.0, ""angle"": -57.73046779403527, ""elevation"": 0.0}, {""range"": 0.6467716565979712, ""doppler"": 0.0, ""angle"": -19.947919208973495, ""elevation"": 0.0}, {""range"": 0.6126940149212693, ""doppler"": 0.0, ""angle"": -17.98547569377687, ""elevation"": 0.0}, {""range"": 0.663740487941094, ""doppler"": 0.0, ""angle"": -17.658815933988613, ""elevation"": 0.0}, {""range"": 0.7015421239475563, ""doppler"": 0.0, ""angle"": -13.742258059548538, ""elevation"": 0.0}, {""range"": 2.8062182942882354, ""doppler"": 0.0, ""angle"": -6.053531792448112, ""elevation"": 0.0}, {""range"": 2.8165472086149395, ""doppler"": 0.0, ""angle"": -7.569884747503486, ""elevation"": 0.0}, {""range"": 1.1506815611616266, ""doppler"": 0.0, ""angle"": -1.7721119655174224, ""elevation"": 0.0}, {""range"": 1.9697558962094281, ""doppler"": 0.0, ""angle"": 41.07632261949876, ""elevation"": 0.0}, {""range"": 1.9292006987148782, ""doppler"": 0.0, ""angle"": 49.08534923397033, ""elevation"": 0.0}, {""range"": 1.9968787980861062, ""doppler"": 0.0, ""angle"": 45.653039116041555, ""elevation"": 0.0}]",1785094826257.802
5,"[{""range"": 0.6112984167656239, ""doppler"": 0.0, ""angle"": -19.92439891611379, ""elevation"": 0.0}, {""range"": 0.6350894256215024, ""doppler"": 0.0, ""angle"": -20.899683606016108, ""elevation"": 0.0}, {""range"": 0.6490820694340104, ""doppler"": 0.0, ""angle"": -23.613109250934446, ""elevation"": 0.0}, {""range"": 0.5449490700972164, ""doppler"": 0.0, ""angle"": -7.428165792615926, ""elevation"": 0.0}, {""range"": 1.9652709675366038, ""doppler"": 0.0, ""angle"": 44.863608065521255, ""elevation"": 0.0}]",1785094826258.07
6,"[{""range"": 0.6424777444075777, ""doppler"": 0.0, ""angle"": -18.26349567305761, ""elevation"": 0.0}, {""range"": 0.6689203670738199, ""doppler"": 0.0, ""angle"": -19.050071354904127, ""elevation"": 0.0}, {""range"": 0.6229677303856237, ""doppler"": 0.0, ""angle"": -17.09305593837348, ""elevation"": 0.0}, {""range"": 0.7283082545134643, ""doppler"": 0.0, ""angle"": -11.011979449766384, ""elevation"": 0.0}, {""range"": 0.7661792115051589, ""doppler"": 0.0, ""angle"": -8.103627311047738, ""elevation"": 0.0}, {""range"": 1.1541397278892744, ""doppler"": 0.0, ""angle"": -1.864496394209139, ""elevation"": 0.0}]",1785094826258.316
6,"[{""range"": 0.6394662807073486, ""doppler"": 0.0, ""angle"": -19.113873045868683, ""elevation"": 0.0}, {""range"": 0.6433042468268854, ""doppler"": 0.0, ""angle"": -20.671613360395618, ""elevation"": 0.0}, {""range"": 0.6621692456012874, ""doppler"": 0.0, ""angle"": -22.34731333728754, ""elevation"": 0.0}, {""range"": 0.7406625335705826, ""doppler"": 0.0, ""angle"": -6.7938801470009285, ""elevation"": 0.0}, {""range"": 0.7651723005720011, ""doppler"": 0.0, ""angle"": -8.330820438087377, ""elevation"": 0.0}, {""range"": 1.1534706041447098, ""doppler"": 0.0, ""angle"": -1.3057871505841212, ""elevation"": 0.0}]",1785094826258.557
3,"[{""range"": 0.6457437622802665, ""doppler"": 0.0, ""angle"": -24.99676514579368, ""elevation"": 0.0}, {""range"": 0.6618618491712761, ""doppler"": 0.0, ""angle"": -24.279974819907387, ""elevation"": 0.0}, {""range"": 0.7131829626171392, ""doppler"": 0.0, ""angle"": -13.01184471878604, ""elevation"": 0.0}]",1785094826258.8
3,"[{""range"": 0.6259814104803443, ""doppler"": 0.0, ""angle"": -19.837682524981684, ""elevation"": 0.0}, {""range"": 0.6411648587845655, ""doppler"": 0.0, ""angle"": -21.463140131438863, ""elevation"": 0.0}, {""range"": 0.6451206785637563, ""doppler"": 0.0, ""angle"": -23.161055068761932, ""elevation"": 0.0}]",1785094826259.036
7,"[{""range"": 0.6237614684497768, ""doppler"": 0.0, ""angle"": -21.526904258706583, ""elevation"": 0.0}, {""range"": 0.6416544130484257, ""doppler"": 0.0, ""angle"": -20.778432235564246, ""elevation"": 0.0}, {""range"": 0.645791295556268, ""doppler"": 0.0, ""angle"": -22.275720972311202, ""elevation"": 0.0}, {""range"": 0.7629955376373329, ""doppler"": 0.0, ""angle"": -8.952382483937225, ""elevation"": 0.0}, {""range"": 0.7166046223512542, ""doppler"": 0.0, ""angle"": -0.9436435059665768, ""elevation"": 0.0}, {""range"": 1.1506678896906, ""doppler"": 0.0, ""angle"": 0.03561508757335171, ""elevation"": 0.0}, {""range"": 2.012245648338025, ""doppler"": 0.0, ""angle"": 50.242017294971994, ""elevation"": 0.0}]",1785094826259.279
8,"[{""range"": 0.6208146319705479, ""doppler"": 0.0, ""angle"": -19.18646267802064, ""elevation"": 0.0}, {""range"": 0.6368472768419499, ""doppler"": 0.0, ""angle"": -21.13222234342291, ""elevation"": 0.0}, {""range"": 0.6519988598078394, ""doppler"": 0.0, ""angle"": -24.948544114853757, ""elevation"": 0.0}, {""range"": 0.7377725329828684, ""doppler"": 0.0, ""angle"": -3.0704474709799805, ""elevation"": 0.0}, {""range"": 1.1526419579508809, ""doppler"": 0.0, ""angle"": 0.2044364468454274, ""elevation"": 0.0}, {""range"": 2.0052600725601426, ""doppler"": 0.0, ""angle"": 45.73702196551799, ""elevation"": 0.0}, {""range"": 1.919679675651788, ""doppler"": 0.0, ""angle"": 60.89459534975194, ""elevation"": 0.0}, {""range"": 1.965717293098656, ""doppler"": 0.0, ""angle"": 57.13825792778986, ""elevation"": 0.0}]",1785094826259.5232
7,"[{""range"": 0.6199130439636282, ""doppler"": 0.0, ""angle"": -18.429722536380538, ""elevation"": 0.0}, {""range"": 0.6454177432048492, ""doppler"": 0.0, ""angle"": -19.519282052210503, ""elevation"": 0.0}, {""range"": 0.672384928625838, ""doppler"": 0.0, ""angle"": -15.865862084555422, ""elevation"": 0.0}, {""range"": 0.7065548595282971, ""doppler"": 0.0, ""angle"": -9.600585106349977, ""elevation"": 0.0}, {""range"": 1.1531870887891995, ""doppler"": 0.0, ""angle"": -0.3020682981448662, ""elevation"": 0.0}, {""range"": 1.1810225975818482, ""doppler"": 0.0, ""angle"": -0.8675257569864021, ""elevation"": 0.0}, {""range"": 1.92123211491441, ""doppler"": 0.0, ""angle"": 54.99793181922777, ""elevation"": 0.0}]",1785094826259.765
5,"[{""range"": 0.6450276659962986, ""doppler"": 0.0, ""angle"": -20.851630817320768, ""elevation"": 0.0}, {""range"": 0.6541667006031449, ""doppler"": 0.0, ""angle"": -22.941531384945765, ""elevation"": 0.0}, {""range"": 1.149444135201824, ""doppler"": 0.0, ""angle"": -0.40109955809608233, ""elevation"": 0.0}, {""range"": 0.7429085456610732, ""doppler"": 0.0, ""angle"": 20.794930934772392, ""elevation"": 0.0}, {""range"": 1.9180074802954412, ""doppler"": 0.0, ""angle"": 57.68489758916753, ""elevation"": 0.0}]",1785094826260.0032
7,"[{""range"": 0.6462817980236567, ""doppler"": 0.0, ""angle"": -19.30725328178823, ""elevation"": 0.0}, {""range"": 0.6551109305095579, ""doppler"": 0.0, ""angle"": -19.617004287068642, ""elevation"": 0.0}, {""range"": 0.6341411745628857, ""doppler"": 0.0, ""angle"": -17.832072733472035, ""elevation"": 0.0}, {""range"": 0.677433280347064, ""doppler"": 0.0, ""angle"": -16.311020277798267, ""elevation"": 0.0}, {""range"": 1.1506017391506915, ""doppler"": 0.0, ""angle"": -1.6386114761403485, ""elevation"": 0.0}, {""range"": 2.0119678892497928, ""doppler"": 0.0, ""angle"": 51.50242570454213, ""elevation"": 0.0}, {""range"": 1.972933494333578, ""doppler"": 0.0, ""angle"": 60.58425680152602, ""elevation"": 0.0}]",1785094826260.243
5,"[{""range"": 0.6337999300903104, ""doppler"": 0.0, ""angle"": -22.52784958194652, ""elevation"": 0.0}, {""range"": 0.6398975502428979, ""doppler"": 0.0, ""angle"": -22.04223408343173, ""elevation"": 0.0}, {""range"": 0.6465868348422503, ""doppler"": 0.0, ""angle"": -24.438709355226298, ""elevation"": 0.0}, {""range"": 0.7274955422641015, ""doppler"": 0.0, ""angle"": 3.226701017729512, ""elevation"": 0.0}, {""range"": 0.7680129046998542, ""doppler"": 0.0, ""angle"": -2.7758034487831305, ""elevation"": 0.0}]",1785094826260.52
5,"[{""range"": 0.6280725599424686, ""doppler"": 0.0, ""angle"": -20.029096994702495, ""elevation"": 0.0}, {""range"": 0.641925412749429, ""doppler"": 0.0, ""angle"": -20.752186108606253, ""elevation"": 0.0}, {""range"": 0.6554846904658658, ""doppler"": 0.0, ""angle"": -21.35733254969048, ""elevation"": 0.0}, {""range"": 0.6875982650145249, ""doppler"": 0.0, ""angle"": -20.8716972306999, ""elevation"": 0.0}, {""range"": 2.0116534630430523, ""doppler"": 0.0, ""angle"": 45.601423329607236, ""elevation"": 0.0}]",1785094826260.7622
5,"[{""range"": 0.6251595482708333, ""doppler"": 0.0, ""angle"": -23.87429817168472, ""elevation"": 0.0}, {""range"": 0.6370066150825314, ""doppler"": 0.0, ""angle"": -21.610264976080618, ""elevation"": 0.0}, {""range"": 0.6466943572951765, ""doppler"": 0.0, ""angle"": -25.027421392032217, ""elevation"": 0.0}, {""range"": 0.7690953405569545, ""doppler"": 0.0, ""angle"": -6.434341036975155, ""elevation"": 0.0}, {""range"": 0.7461931403764328, ""doppler"": 0.0, ""angle"": -0.15103094054300076, ""elevation"": 0.0}]",1785094826261.0051
7,"[{""range"": 0.6268197429427613, ""doppler"": 0.0, ""angle"": -24.64956723439844, ""elevation"": 0.0}, {""range"": 0.6408977282642755, ""doppler"": 0.0, ""angle"": -23.009676333194147, ""elevation"": 0.0}, {""range"": 0.6589498008830177, ""doppler"": 0.0, ""angle"": -22.361529781037316, ""elevation"": 0.0}, {""range"": 0.721825165735387, ""doppler"": 0.0, ""angle"": -10.433067333572001, ""elevation"": 0.0}, {""range"": 1.153108341408928, ""doppler"": 0.0, ""angle"": -2.7909707803271986, ""elevation"": 0.0}, {""range"": 1.9227907589501176, ""doppler"": 0.0, ""angle"": 57.28238192036478, ""elevation"": 0.0}, {""range"": 1.9577926192121773, ""doppler"": 0.0, ""angle"": 59.65730187466705, ""elevation"": 0.0}]",1785094826261.2522
7,"[{""range"": 0.6438214018854869, ""doppler"": 0.0, ""angle"": -22.14123812013435, ""elevation"": 0.0}, {""range"": 0.6569600828807068, ""doppler"": 0.0, ""angle"": -21.894078849287173, ""elevation"": 0.0}, {""range"": 0.6246280174469246, ""doppler"": 0.0, ""angle"": -17.95775437841651, ""elevation"": 0.0}, {""range"": 0.6922795496800398, ""doppler"": 0.0, ""angle"": -15.921001744009146, ""elevation"": 0.0}, {""range"": 1.1510010021962425, ""doppler"": 0.0, ""angle"": -1.7092828661512427, ""elevation"": 0.0}, {""range"": 1.9634286311531353, ""doppler"": 0.0, ""angle"": 53.670701145869685, ""elevation"": 0.0}, {""range"": 1.923950086506177, ""doppler"": 0.0, ""angle"": 56.88594302262797, ""elevation"": 0.0}]",1785094826261.489
7,"[{""range"": 0.6510869739940397, ""doppler"": 0.0, ""angle"": -21.576411916757667, ""elevation"": 0.0}, {""range"": 0.6675442222571718, ""doppler"": 0.0, ""angle"": -20.313541957524034, ""elevation"": 0.0}, {""range"": 0.7311476340495455, ""doppler"": 0.0, ""angle"": -10.298579840822839, ""elevation"": 0.0}, {""range"": 0.7652533843758782, ""doppler"": 0.0, ""angle"": -6.628494140826552, ""elevation"": 0.0}, {""range"": 1.151158627116446, ""doppler"": 0.0, ""angle"": -1.6734333315533911, ""elevation"": 0.0}, {""range"": 1.9240326570018405, ""doppler"": 0.0, ""angle"": 53.720111831739786, ""elevation"": 0.0}, {""range"": 1.9628434974182367, ""doppler"": 0.0, ""angle"": 53.22927505376307, ""elevation"": 0.0}]",1785094826261.7258
7,"[{""range"": 0.685388981859122, ""doppler"": 0.0, ""angle"": -41.08608478706217, ""elevation"": 0.0}, {""range"": 0.625397485424787, ""doppler"": 0.0, ""angle"": -20.87049584196482, ""elevation"": 0.0}, {""range"": 0.6414863601629198, ""doppler"": 0.0, ""angle"": -21.881485320485908, ""elevation"": 0.0}, {""range"": 0.6453782333165424, ""doppler"": 0.0, ""angle"": -25.152117519604847, ""elevation"": 0.0}, {""range"": 1.961562004683595, ""doppler"": 0.0, ""angle"": 53.75374363210412, ""elevation"": 0.0}, {""range"": 1.9252313290582743, ""doppler"": 0.0, ""angle"": 55.022802485730246, ""elevation"": 0.0}, {""range"": 2.002111877580727, ""doppler"": 0.0, ""angle"": 55.100627573012844, ""elevation"": 0.0}]",1785094826261.951
5,"[{""range"": 0.6266494720883242, ""doppler"": 0.0, ""angle"": -22.445052870250176, ""elevation"": 0.0}, {""range"": 0.6432471847665153, ""doppler"": 0.0, ""angle"": -22.972721330828662, ""elevation"": 0.0}, {""range"": 0.6466920829192943, ""doppler"": 0.0, ""angle"": -24.573758036040935, ""elevation"": 0.0}, {""range"": 1.149203087000644, ""doppler"": 0.0, ""angle"": 0.9093804491991415, ""elevation"": 0.0}, {""range"": 0.7122403449394487, ""doppler"": 0.0, ""angle"": 43.12812214565856, ""elevation"": 0.0}]",1785094826262.1738
8,"[{""range"": 0.5834731557252475, ""doppler"": 0.0, ""angle"": -20.3176481440425, ""elevation"": 0.0}, {""range"": 0.6181776417556543, ""doppler"": 0.0, ""angle"": -22.410785108878024, ""elevation"": 0.0}, {""range"": 0.6377349519845422, ""doppler"": 0.0, ""angle"": -21.204755402553033, ""elevation"": 0.0}, {""range"": 0.653805880742069, ""doppler"": 0.0, ""angle"": -20.977883024206633, ""elevation"": 0.0}, {""range"": 0.6941099055959471, ""doppler"": 0.0, ""angle"": -14.623357873812964, ""elevation"": 0.0}, {""range"": 1.1516589422101122, ""doppler"": 0.0, ""angle"": -1.2544516226815356, ""elevation"": 0.0}, {""range"": 2.0084948645065848, ""doppler"": 0.0, ""angle"": 43.31171030658388, ""elevation"": 0.0}, {""range"": 1.970156161621199, ""doppler"": 0.0, ""angle"": 46.06274993737384, ""elevation"": 0.0}]",1785094826262.4067
7,"[{""range"": 0.6247377325978837, ""doppler"": 0.0, ""angle"": -19.321777453247915, ""elevation"": 0.0}, {""range"": 0.6484907914367266, ""doppler"": 0.0, ""angle"": -20.98873708754546, ""elevation"": 0.0}, {""range"": 0.6406304364448666, ""doppler"": 0.0, ""angle"": -17.964617124888676, ""elevation"": 0.0}, {""range"": 2.8226154717304173, ""doppler"": 0.0, ""angle"": -4.705766881172827, ""elevation"": 0.0}, {""range"": 1.1557448825851009, ""doppler"": 0.0, ""angle"": -2.3409210769322586, ""elevation"": 0.0}, {""range"": 1.1811505129734137, ""doppler"": 0.0, ""angle"": -0.6852612804747694, ""elevation"": 0.0}, {""range"": 2.0134235332457973, ""doppler"": 0.0, ""angle"": 45.600894578181375, ""elevation"": 0.0}]",1785094826262.719
3,"[{""range"": 0.6402992421155341, ""doppler"": 0.0, ""angle"": -18.98648525904912, ""elevation"": 0.0}, {""range"": 0.6492155776076329, ""doppler"": 0.0, ""angle"": -21.285641248864987, ""elevation"": 0.0}, {""range"": 0.6246263281897029, ""doppler"": 0.0, ""angle"": -17.252262992641008, ""elevation"": 0.0}]",1785094826262.956
4,"[{""range"": 0.5523065735789756, ""doppler"": 0.0, ""angle"": -29.885232897600602, ""elevation"": 0.0}, {""range"": 0.6091032829285825, ""doppler"": 0.0, ""angle"": -22.32615581058425, ""elevation"": 0.0}, {""range"": 0.6401418223256835, ""doppler"": 0.0, ""angle"": -19.907900897742046, ""elevation"": 0.0}, {""range"": 0.6609489854181477, ""doppler"": 0.0, ""angle"": -20.37643521383639, ""elevation"": 0.0}]",1785094826263.21
8,"[{""range"": 0.5613454721486476, ""doppler"": 0.0, ""angle"": -44.057847507321924, ""elevation"": 0.0}, {""range"": 0.5986594650994674, ""doppler"": 0.0, ""angle"": -31.45390364361034, ""elevation"": 0.0}, {""range"": 0.6463716126091864, ""doppler"": 0.0, ""angle"": -27.4086177572775, ""elevation"": 0.0}, {""range"": 0.62692042969205, ""doppler"": 0.0, ""angle"": -24.03549832685446, ""elevation"": 0.0}, {""range"": 0.7844832234140215, ""doppler"": 0.0, ""angle"": 17.373501866043636, ""elevation"": 0.0}, {""range"": 1.9364893755563277, ""doppler"": 0.0, ""angle"": 50.68825821503019, ""elevation"": 0.0}, {""range"": 1.970156031786114, ""doppler"": 0.0, ""angle"": 49.974041124917775, ""elevation"": 0.0}, {""range"": 1.9957119523743787, ""doppler"": 0.0, ""angle"": 49.81911001230997, ""elevation"": 0.0}]",1785094826263.44
3,"[{""range"": 0.6040346876542066, ""doppler"": 0.0, ""angle"": -31.539720291750076, ""elevation"": 0.0}, {""range"": 0.628151998108109, ""doppler"": 0.0, ""angle"": -25.259286641622733, ""elevation"": 0.0}, {""range"": 0.6563043861729642, ""doppler"": 0.0, ""angle"": -21.497033050472826, ""elevation"": 0.0}]",1785094826263.671
6,"[{""range"": 0.5681440984078728, ""doppler"": 0.0, ""angle"": -29.55028754102603, ""elevation"": 0.0}, {""range"": 0.6036394534002403, ""doppler"": 0.0, ""angle"": -25.41883300941095, ""elevation"": 0.0}, {""range"": 0.6310453948352773, ""doppler"": 0.0, ""angle"": -20.293815106657515, ""elevation"": 0.0}, {""range"": 0.6510218518103902, ""doppler"": 0.0, ""angle"": -18.7285665940784, ""elevation"": 0.0}, {""range"": 2.0119197117293117, ""doppler"": 0.0, ""angle"": 47.7989304824574, ""elevation"": 0.0}, {""range"": 1.9233641804173098, ""doppler"": 0.0, ""angle"": 55.58008940999611, ""elevation"": 0.0}]",1785094826263.905
6,"[{""range"": 0.6493963769511678, ""doppler"": 0.0, ""angle"": -23.360173381321747, ""elevation"": 0.0}, {""range"": 0.6806195324857731, ""doppler"": 0.0, ""angle"": -18.996654155488557, ""elevation"": 0.0}, {""range"": 0.7224138936567035, ""doppler"": 0.0, ""angle"": -12.319604514655024, ""elevation"": 0.0}, {""range"": 1.1544437266948755, ""doppler"": 0.0, ""angle"": -2.281387781696578, ""elevation"": 0.0}, {""range"": 0.8799571605684027, ""doppler"": 0.0, ""angle"": 12.415150812691643, ""elevation"": 0.0}, {""range"": 0.846740548057786, ""doppler"": 0.0, ""angle"": 20.857688609872525, ""elevation"": 0.0}]",1785094826264.145
7,"[{""range"": 0.5993352547166783, ""doppler"": 0.0, ""angle"": -28.59135970921902, ""elevation"": 0.0}, {""range"": 0.6419011049192627, ""doppler"": 0.0, ""angle"": -9.929389890286838, ""elevation"": 0.0}, {""range"": 0.6744297689562755, ""doppler"": 0.0, ""angle"": -4.882227145156568, ""elevation"": 0.0}, {""range"": 0.7162066858542304, ""doppler"": 0.0, ""angle"": -6.695629861552729, ""elevation"": 0.0}, {""range"": 1.1431533565249883, ""doppler"": 0.0, ""angle"": -4.530681867348099, ""elevation"": 0.0}, {""range"": 0.8037855811661117, ""doppler"": 0.0, ""angle"": 25.088506427419, ""elevation"": 0.0}, {""range"": 0.7661875579203246, ""doppler"": 0.0, ""angle"": 27.4620934208711, ""elevation"": 0.0}]",1785094826264.3762
4,"[{""range"": 0.6564190117181427, ""doppler"": 0.0, ""angle"": -21.30869184111677, ""elevation"": 0.0}, {""range"": 0.6776712177777783, ""doppler"": 0.0, ""angle"": -23.480481409809588, ""elevation"": 0.0}, {""range"": 0.7095821110173517, ""doppler"": 0.0, ""angle"": -21.308070401941023, ""elevation"": 0.0}, {""range"": 0.7551110680129564, ""doppler"": 0.0, ""angle"": -15.46455652561623, ""elevation"": 0.0}]",1785094826264.606
6,"[{""range"": 0.6481626516005977, ""doppler"": 0.0, ""angle"": -19.014785110392786, ""elevation"": 0.0}, {""range"": 0.6751925131445224, ""doppler"": 0.0, ""angle"": -17.85913122967703, ""elevation"": 0.0}, {""range"": 0.7112014650330012, ""doppler"": 0.0, ""angle"": -12.369431821146291, ""elevation"": 0.0}, {""range"": 0.7464855561862577, ""doppler"": 0.0, ""angle"": -7.903008919438126, ""elevation"": 0.0}, {""range"": 1.975177043096131, ""doppler"": 0.0, ""angle"": 51.9380390513489, ""elevation"": 0.0}, {""range"": 2.006199148953692, ""doppler"": 0.0, ""angle"": 48.50853354868418, ""elevation"": 0.0}]",1785094826264.842
5,"[{""range"": 0.6759698644400727, ""doppler"": 0.0, ""angle"": -26.605720125302796, ""elevation"": 0.0}, {""range"": 0.638827314321613, ""doppler"": 0.0, ""angle"": -20.37772385019908, ""elevation"": 0.0}, {""range"": 0.736193385136881, ""doppler"": 0.0, ""angle"": -3.5928281142882446, ""elevation"": 0.0}, {""range"": 0.8354700052641377, ""doppler"": 0.0, ""angle"": 31.424333760633196, ""elevation"": 0.0}, {""range"": 2.009330875160029, ""doppler"": 0.0, ""angle"": 44.542105022769384, ""elevation"": 0.0}]",1785094826265.068
5,"[{""range"": 0.6383126000312564, ""doppler"": 0.0, ""angle"": -18.91206423616512, ""elevation"": 0.0}, {""range"": 0.6726196842729006, ""doppler"": 0.0, ""angle"": -19.21528700799025, ""elevation"": 0.0}, {""range"": 0.7395213396763871, ""doppler"": 0.0, ""angle"": -11.407743838718124, ""elevation"": 0.0}, {""range"": 0.7620435209516337, ""doppler"": 0.0, ""angle"": -11.025169784783593, ""elevation"": 0.0}, {""range"": 1.1476952668425258, ""doppler"": 0.0, ""angle"": -2.1161404430787023, ""elevation"": 0.0}]",1785094826265.3188
9,"[{""range"": 0.6312731614407578, ""doppler"": 0.0, ""angle"": -19.4922495584225, ""elevation"": 0.0}, {""range"": 0.6641464869140887, ""doppler"": 0.0, ""angle"": -25.26106074159806, ""elevation"": 0.0}, {""range"": 0.7587601374059162, ""doppler"": 0.0, ""angle"": -12.729454157490993, ""elevation"": 0.0}, {""range"": 0.7476289501129609, ""doppler"": 0.0, ""angle"": -10.041320835412856, ""elevation"": 0.0}, {""range"": 1.1487351180205998, ""doppler"": 0.0, ""angle"": -2.51589651974584, ""elevation"": 0.0}, {""range"": 1.1828324284576357, ""doppler"": 0.0, ""angle"": -2.200600795619302, ""elevation"": 0.0}, {""range"": 1.927125165215277, ""doppler"": 0.0, ""angle"": 49.221676658252726, ""elevation"": 0.0}, {""range"": 1.970326432972085, ""doppler"": 0.0, ""angle"": 45.10662745862069, ""elevation"": 0.0}, {""range"": 1.9980980191275168, ""doppler"": 0.0, ""angle"": 49.06055967807519, ""elevation"": 0.0}]",1785094826265.555
10,"[{""range"": 0.6308094613187418, ""doppler"": 0.0, ""angle"": -19.076963407313652, ""elevation"": 0.0}, {""range"": 0.6382174680308382, ""doppler"": 0.0, ""angle"": -20.090083389213124, ""elevation"": 0.0}, {""range"": 0.6578226351665489, ""doppler"": 0.0, ""angle"": -18.92253974872751, ""elevation"": 0.0}, {""range"": 0.699512477625404, ""doppler"": 0.0, ""angle"": -13.045115051710306, ""elevation"": 0.0}, {""range"": 1.1515921266985505, ""doppler"": 0.0, ""angle"": -2.2959437526185686, ""elevation"": 0.0}, {""range"": 1.1797339807920768, ""doppler"": 0.0, ""angle"": -2.1281677274603483, ""elevation"": 0.0}, {""range"": 0.8304760566845456, ""doppler"": 0.0, ""angle"": 24.445996755522167, ""elevation"": 0.0}, {""range"": 0.7794991848177457, ""doppler"": 0.0, ""angle"": 31.39654355089741, ""elevation"": 0.0}, {""range"": 1.9722151059526314, ""doppler"": 0.0, ""angle"": 55.87193072195606, ""elevation"": 0.0}, {""range"": 2.002072134975663, ""doppler"": 0.0, ""angle"": 55.869946779622374, ""elevation"": 0.0}]",1785094826265.789
4,"[{""range"": 0.6350454214027961, ""doppler"": 0.0, ""angle"": -20.246371939326202, ""elevation"": 0.0}, {""range"": 0.6516694688938297, ""doppler"": 0.0, ""angle"": -21.319698359176584, ""elevation"": 0.0}, {""range"": 0.7127472505397161, ""doppler"": 0.0, ""angle"": -13.241342988500845, ""elevation"": 0.0}, {""range"": 1.1471628423647902, ""doppler"": 0.0, ""angle"": -1.1968378133967263, ""elevation"": 0.0}]",1785094826266.012
6,"[{""range"": 0.6297166968897179, ""doppler"": 0.0, ""angle"": -19.33534720665711, ""elevation"": 0.0}, {""range"": 0.6380334007033729, ""doppler"": 0.0, ""angle"": -20.04484172638972, ""elevation"": 0.0}, {""range"": 0.6596821928469488, ""doppler"": 0.0, ""angle"": -19.574426558678788, ""elevation"": 0.0}, {""range"": 0.7134295037504134, ""doppler"": 0.0, ""angle"": -11.3324632552077, ""elevation"": 0.0}, {""range"": 0.7593709899052512, ""doppler"": 0.0, ""angle"": -7.006201157762686, ""elevation"": 0.0}, {""range"": 1.1531552161575567, ""doppler"": 0.0, ""angle"": -1.3950147042112078, ""elevation"": 0.0}]",1785094826266.263
5,"[{""range"": 0.62881688924395, ""doppler"": 0.0, ""angle"": -19.640672266820257, ""elevation"": 0.0}, {""range"": 0.6361262172374372, ""doppler"": 0.0, ""angle"": -20.691767818988833, ""elevation"": 0.0}, {""range"": 0.6535600376337425, ""doppler"": 0.0, ""angle"": -20.700990682809934, ""elevation"": 0.0}, {""range"": 1.1579223444174302, ""doppler"": 0.0, ""angle"": 0.7609493935080875, ""elevation"": 0.0}, {""range"": 1.1849793683403411, ""doppler"": 0.0, ""angle"": 2.6119844297950205, ""elevation"": 0.0}]",1785094826266.4941
7,"[{""range"": 0.6290344071169586, ""doppler"": 0.0, ""angle"": -20.779081296991855, ""elevation"": 0.0}, {""range"": 0.6383440570993733, ""doppler"": 0.0, ""angle"": -20.445214532884567, ""elevation"": 0.0}, {""range"": 0.6591403243641435, ""doppler"": 0.0, ""angle"": -19.67368974478346, ""elevation"": 0.0}, {""range"": 0.6977187049221315, ""doppler"": 0.0, ""angle"": -14.18226049144578, ""elevation"": 0.0}, {""range"": 0.7464450562235689, ""doppler"": 0.0, ""angle"": -5.23667875917826, ""elevation"": 0.0}, {""range"": 2.8763855517009866, ""doppler"": 0.0, ""angle"": 6.421220158634291, ""elevation"": 0.0}, {""range"": 2.90861409193413, ""doppler"": 0.0, ""angle"": 9.372565089687848, ""elevation"": 0.0}]",1785094826266.72
6,"[{""range"": 0.6297313201750471, ""doppler"": 0.0, ""angle"": -21.83766307255798, ""elevation"": 0.0}, {""range"": 0.6374292406347382, ""doppler"": 0.0, ""angle"": -21.267149886089868, ""elevation"": 0.0}, {""range"": 0.6560131530925634, ""doppler"": 0.0, ""angle"": -19.60549891031261, ""elevation"": 0.0}, {""range"": 0.7005323148988724, ""doppler"": 0.0, ""angle"": -12.620813366988017, ""elevation"": 0.0}, {""range"": 0.748474311752309, ""doppler"": 0.0, ""angle"": -10.990477518753545, ""elevation"": 0.0}, {""range"": 1.1426523253586025, ""doppler"": 0.0, ""angle"": -5.928283933675407, ""elevation"": 0.0}]",1785094826266.9548
5,"[{""range"": 0.6212584376273126, ""doppler"": 0.0, ""angle"": -17.746556416645223, ""elevation"": 0.0}, {""range"": 0.7534605794158913, ""doppler"": 0.0, ""angle"": -10.432548589058602, ""elevation"": 0.0}, {""range"": 0.7588618995442202, ""doppler"": 0.0, ""angle"": -9.138269577135027, ""elevation"": 0.0}, {""range"": 2.792805855449794, ""doppler"": 0.0, ""angle"": -4.023934244296757, ""elevation"": 0.0}, {""range"": 0.803112941678666, ""doppler"": 0.0, ""angle"": -2.2075010617386988, ""elevation"": 0.0}]",1785094826320.8188
9,"[{""range"": 0.6539012142278186, ""doppler"": 0.0, ""angle"": -16.29404745659891, ""elevation"": 0.0}, {""range"": 0.6860329831495031, ""doppler"": 0.0, ""angle"": -13.536394120356817, ""elevation"": 0.0}, {""range"": 0.7688014804682626, ""doppler"": 0.0, ""angle"": 18.595086654064865, ""elevation"": 0.0}, {""range"": 0.7826494506433054, ""doppler"": 0.0, ""angle"": 27.396384687894297, ""elevation"": 0.0}, {""range"": 2.0478763705777268, ""doppler"": 0.0, ""angle"": 30.60683155744874, ""elevation"": 0.0}, {""range"": 0.7954509680685072, ""doppler"": 0.0, ""angle"": 38.446589443791076, ""elevation"": 0.0}, {""range"": 2.018826305002866, ""doppler"": 0.0, ""angle"": 42.16035316646037, ""elevation"": 0.0}, {""range"": 1.9792299218422151, ""doppler"": 0.0, ""angle"": 53.312311905492045, ""elevation"": 0.0}, {""range"": 0.8281783149408309, ""doppler"": 0.0, ""angle"": 56.07318857993076, ""elevation"": 0.0}]",1785094826431.178
9,"[{""range"": 0.6323555758058527, ""doppler"": 0.0, ""angle"": -21.690091424254696, ""elevation"": 0.0}, {""range"": 0.7498217311159933, ""doppler"": 0.0, ""angle"": -6.297942679871852, ""elevation"": 0.0}, {""range"": 0.7759815435801083, ""doppler"": 0.0, ""angle"": 7.134842132012907, ""elevation"": 0.0}, {""range"": 0.8693171600274325, ""doppler"": 0.0, ""angle"": 17.909450977051325, ""elevation"": 0.0}, {""range"": 0.9104048895863625, ""doppler"": 0.0, ""angle"": 14.863276124543738, ""elevation"": 0.0}, {""range"": 0.8235058849833276, ""doppler"": 0.0, ""angle"": 24.461458477317017, ""elevation"": 0.0}, {""range"": 1.9199687708874884, ""doppler"": 0.0, ""angle"": 46.43398221660457, ""elevation"": 0.0}, {""range"": 1.964357950527245, ""doppler"": 0.0, ""angle"": 44.12222681399814, ""elevation"": 0.0}, {""range"": 2.0043702164778776, ""doppler"": 0.0, ""angle"": 47.968715297607325, ""elevation"": 0.0}]",1785094826522.361
7,"[{""range"": 0.6381664896785688, ""doppler"": 0.0, ""angle"": -24.482485897347104, ""elevation"": 0.0}, {""range"": 0.7913607586792873, ""doppler"": 0.0, ""angle"": -18.49635906683736, ""elevation"": 0.0}, {""range"": 0.7613326172663656, ""doppler"": 0.0, ""angle"": -16.230060936523564, ""elevation"": 0.0}, {""range"": 0.7687919978988169, ""doppler"": 0.0, ""angle"": -16.749025570209646, ""elevation"": 0.0}, {""range"": 0.9097704340894585, ""doppler"": 0.0, ""angle"": 34.039884772429694, ""elevation"": 0.0}, {""range"": 0.9373837986931061, ""doppler"": 0.0, ""angle"": 33.902261919354, ""elevation"": 0.0}, {""range"": 0.8946177114241561, ""doppler"": 0.0, ""angle"": 36.08883777546945, ""elevation"": 0.0}]",1785094826622.187
5,"[{""range"": 0.6462075326383288, ""doppler"": 0.0, ""angle"": -18.354730773112923, ""elevation"": 0.0}, {""range"": 0.6986255837364055, ""doppler"": 0.0, ""angle"": -3.8891880120391784, ""elevation"": 0.0}, {""range"": 0.7196774599578413, ""doppler"": 0.0, ""angle"": -4.903145004990714, ""elevation"": 0.0}, {""range"": 0.8334282880659738, ""doppler"": 0.0, ""angle"": 31.524552479339796, ""elevation"": 0.0}, {""range"": 0.8899176270153516, ""doppler"": 0.0, ""angle"": 29.861974492516804, ""elevation"": 0.0}]",1785094826722.569
6,"[{""range"": 0.7009152466133389, ""doppler"": 0.0, ""angle"": -12.14988547604516, ""elevation"": 0.0}, {""range"": 0.7219560947026769, ""doppler"": 0.0, ""angle"": -13.433913055799822, ""elevation"": 0.0}, {""range"": 0.7385725513713521, ""doppler"": 0.0, ""angle"": -12.784590739890776, ""elevation"": 0.0}, {""range"": 0.6679116230397126, ""doppler"": 0.0, ""angle"": -7.986928282639989, ""elevation"": 0.0}, {""range"": 2.7973681261566097, ""doppler"": 0.0, ""angle"": -3.367751070163159, ""elevation"": 0.0}, {""range"": 2.105732584968433, ""doppler"": 0.0, ""angle"": 33.92891663283522, ""elevation"": 0.0}]",1785094826822.0579
6,"[{""range"": 0.8034382484282662, ""doppler"": 0.0, ""angle"": -28.54430886375608, ""elevation"": 0.0}, {""range"": 0.7520688112390636, ""doppler"": 0.0, ""angle"": -17.189865440307035, ""elevation"": 0.0}, {""range"": 0.7145346866478646, ""doppler"": 0.0, ""angle"": -6.40827844922214, ""elevation"": 0.0}, {""range"": 1.6995235376342526, ""doppler"": 0.0, ""angle"": -7.551221790238801, ""elevation"": 0.0}, {""range"": 0.6753922549261195, ""doppler"": 0.0, ""angle"": 3.247987259491038, ""elevation"": 0.0}, {""range"": 0.6920151239022486, ""doppler"": 0.0, ""angle"": -0.22207555269346138, ""elevation"": 0.0}]",1785094826925.127
9,"[{""range"": 0.7977718300285904, ""doppler"": 0.0, ""angle"": -26.86370329732707, ""elevation"": 0.0}, {""range"": 1.7166917939633475, ""doppler"": 0.0, ""angle"": -11.639995210823237, ""elevation"": 0.0}, {""range"": 0.7140054951731052, ""doppler"": 0.0, ""angle"": -6.543019035654374, ""elevation"": 0.0}, {""range"": 0.7274288430080311, ""doppler"": 0.0, ""angle"": -6.365077255833448, ""elevation"": 0.0}, {""range"": 1.5501968232584555, ""doppler"": 0.0, ""angle"": -10.359821458547124, ""elevation"": 0.0}, {""range"": 1.7075265420839414, ""doppler"": 0.0, ""angle"": -10.376759307700745, ""elevation"": 0.0}, {""range"": 0.6873581818141146, ""doppler"": 0.0, ""angle"": -2.6093303531402388, ""elevation"": 0.0}, {""range"": 0.7402980024796897, ""doppler"": 0.0, ""angle"": -2.5334365355021724, ""elevation"": 0.0}, {""range"": 2.868936552106362, ""doppler"": 0.0, ""angle"": 2.239655353757016, ""elevation"": 0.0}]",1785094827025.899
11,"[{""range"": 0.8611413228408386, ""doppler"": 0.0, ""angle"": -36.28453875500918, ""elevation"": 0.0}, {""range"": 0.7768584701915415, ""doppler"": 0.0, ""angle"": -15.226201889366259, ""elevation"": 0.0}, {""range"": 0.6863062829029597, ""doppler"": 0.0, ""angle"": -7.530522156602051, ""elevation"": 0.0}, {""range"": 0.7191593666712561, ""doppler"": 0.0, ""angle"": -4.577897490540692, ""elevation"": 0.0}, {""range"": 0.7368018128537877, ""doppler"": 0.0, ""angle"": -4.970343023724796, ""elevation"": 0.0}, {""range"": 0.7498745422401178, ""doppler"": 0.0, ""angle"": -8.36389828855665, ""elevation"": 0.0}, {""range"": 1.733604782074992, ""doppler"": 0.0, ""angle"": -3.5896055641108258, ""elevation"": 0.0}, {""range"": 1.709491559755819, ""doppler"": 0.0, ""angle"": -2.7699261437002707, ""elevation"": 0.0}, {""range"": 2.0825764359209464, ""doppler"": 0.0, ""angle"": 37.21525028800178, ""elevation"": 0.0}, {""range"": 1.9147824999157765, ""doppler"": 0.0, ""angle"": 47.35018979273204, ""elevation"": 0.0}, {""range"": 2.054920101699205, ""doppler"": 0.0, ""angle"": 43.43450724841892, ""elevation"": 0.0}]",1785094827131.9082
13,"[{""range"": 0.6906316397667691, ""doppler"": 0.0, ""angle"": -8.486754009709532, ""elevation"": 0.0}, {""range"": 0.7181611061651834, ""doppler"": 0.0, ""angle"": -4.827616935916725, ""elevation"": 0.0}, {""range"": 0.7239744941278202, ""doppler"": 0.0, ""angle"": -5.214928291301287, ""elevation"": 0.0}, {""range"": 0.7385552559390017, ""doppler"": 0.0, ""angle"": -5.682986702712355, ""elevation"": 0.0}, {""range"": 1.7218416485175818, ""doppler"": 0.0, ""angle"": -8.43808692306039, ""elevation"": 0.0}, {""range"": 1.7282154727765993, ""doppler"": 0.0, ""angle"": -7.6882715213828305, ""elevation"": 0.0}, {""range"": 1.7528333208540816, ""doppler"": 0.0, ""angle"": -3.2281391156905648, ""elevation"": 0.0}, {""range"": 0.8011746304777261, ""doppler"": 0.0, ""angle"": 24.471471315065227, ""elevation"": 0.0}, {""range"": 2.093696957400603, ""doppler"": 0.0, ""angle"": 31.17439874591844, ""elevation"": 0.0}, {""range"": 2.056796232423712, ""doppler"": 0.0, ""angle"": 42.31155200957051, ""elevation"": 0.0}, {""range"": 2.0173838788979594, ""doppler"": 0.0, ""angle"": 51.1958422192115, ""elevation"": 0.0}, {""range"": 1.926217165633943, ""doppler"": 0.0, ""angle"": 57.44885181322405, ""elevation"": 0.0}, {""range"": 1.9718150152569804, ""doppler"": 0.0, ""angle"": 59.008619880821136, ""elevation"": 0.0}]",1785094827235.0312
7,"[{""range"": 0.7634965740952967, ""doppler"": 0.0, ""angle"": -15.220988156268465, ""elevation"": 0.0}, {""range"": 1.7207041079377554, ""doppler"": 0.0, ""angle"": -8.13683867527162, ""elevation"": 0.0}, {""range"": 1.7316930881526966, ""doppler"": 0.0, ""angle"": -7.744382253567893, ""elevation"": 0.0}, {""range"": 2.8701870153973474, ""doppler"": 0.0, ""angle"": 4.108505589428759, ""elevation"": 0.0}, {""range"": 0.7109030815068992, ""doppler"": 0.0, ""angle"": 15.717742237860135, ""elevation"": 0.0}, {""range"": 0.711631945540788, ""doppler"": 0.0, ""angle"": 18.321131373284846, ""elevation"": 0.0}, {""range"": 0.843431437423895, ""doppler"": 0.0, ""angle"": 31.307489586693464, ""elevation"": 0.0}]",1785094827322.445
11,"[{""range"": 0.8032540269446262, ""doppler"": 0.0, ""angle"": -31.259059160430883, ""elevation"": 0.0}, {""range"": 0.7556988492042842, ""doppler"": 0.0, ""angle"": -19.24525940777353, ""elevation"": 0.0}, {""range"": 0.7210493140981709, ""doppler"": 0.0, ""angle"": -4.309344237554505, ""elevation"": 0.0}, {""range"": 0.7358983352038408, ""doppler"": 0.0, ""angle"": -10.23137760980466, ""elevation"": 0.0}, {""range"": 1.7248897155311578, ""doppler"": 0.0, ""angle"": -9.391039405065815, ""elevation"": 0.0}, {""range"": 1.7436887851063898, ""doppler"": 0.0, ""angle"": -6.938447526059562, ""elevation"": 0.0}, {""range"": 1.7707478773692684, ""doppler"": 0.0, ""angle"": -5.568967419771501, ""elevation"": 0.0}, {""range"": 1.807853879637269, ""doppler"": 0.0, ""angle"": -7.787881775938057, ""elevation"": 0.0}, {""range"": 0.7114594565173463, ""doppler"": 0.0, ""angle"": -3.342783325112259, ""elevation"": 0.0}, {""range"": 0.9396971004575038, ""doppler"": 0.0, ""angle"": 36.028174971319075, ""elevation"": 0.0}, {""range"": 0.9453253461064391, ""doppler"": 0.0, ""angle"": 36.128568785096626, ""elevation"": 0.0}]",1785094827431.427
10,"[{""range"": 0.7148756790721298, ""doppler"": 0.0, ""angle"": -11.031677012774603, ""elevation"": 0.0}, {""range"": 0.7020385817572047, ""doppler"": 0.0, ""angle"": -6.978396818045402, ""elevation"": 0.0}, {""range"": 1.7168587457675712, ""doppler"": 0.0, ""angle"": -6.428497188214153, ""elevation"": 0.0}, {""range"": 1.7410731536708406, ""doppler"": 0.0, ""angle"": -7.916229284926111, ""elevation"": 0.0}, {""range"": 1.7734643136820216, ""doppler"": 0.0, ""angle"": -10.715117397574138, ""elevation"": 0.0}, {""range"": 1.8109420815108808, ""doppler"": 0.0, ""angle"": -10.214775547429186, ""elevation"": 0.0}, {""range"": 0.832277005178073, ""doppler"": 0.0, ""angle"": 35.92691332525751, ""elevation"": 0.0}, {""range"": 0.9868401966795004, ""doppler"": 0.0, ""angle"": 41.98875585804862, ""elevation"": 0.0}, {""range"": 1.908406992175589, ""doppler"": 0.0, ""angle"": 49.2403207424996, ""elevation"": 0.0}, {""range"": 2.7404341025864882, ""doppler"": 0.0, ""angle"": 65.6290649660164, ""elevation"": 0.0}]",1785094827532.1182
9,"[{""range"": 1.748439038081388, ""doppler"": 0.0, ""angle"": -6.506494830100355, ""elevation"": 0.0}, {""range"": 1.7738550749974684, ""doppler"": 0.0, ""angle"": -6.668671448092414, ""elevation"": 0.0}, {""range"": 1.8112261833962948, ""doppler"": 0.0, ""angle"": -6.34831233865854, ""elevation"": 0.0}, {""range"": 0.7238349630561025, ""doppler"": 0.0, ""angle"": 15.1657376574598, ""elevation"": 0.0}, {""range"": 0.736115550703065, ""doppler"": 0.0, ""angle"": 13.070770487844884, ""elevation"": 0.0}, {""range"": 0.7413600702146954, ""doppler"": 0.0, ""angle"": 11.689369175439193, ""elevation"": 0.0}, {""range"": 1.9914229776746513, ""doppler"": 0.0, ""angle"": 43.90493873891511, ""elevation"": 0.0}, {""range"": 2.010600687020831, ""doppler"": 0.0, ""angle"": 49.79057202170822, ""elevation"": 0.0}, {""range"": 2.0457713054916145, ""doppler"": 0.0, ""angle"": 50.35857953639819, ""elevation"": 0.0}]",1785094827622.302
10,"[{""range"": 0.7583330300283225, ""doppler"": 0.0, ""angle"": -19.40481232447613, ""elevation"": 0.0}, {""range"": 0.7101342304510911, ""doppler"": 0.0, ""angle"": -6.971120877965145, ""elevation"": 0.0}, {""range"": 0.7222305654025073, ""doppler"": 0.0, ""angle"": -8.270532905093292, ""elevation"": 0.0}, {""range"": 1.7330523363091872, ""doppler"": 0.0, ""angle"": -6.635928646676503, ""elevation"": 0.0}, {""range"": 1.7540451725069859, ""doppler"": 0.0, ""angle"": -6.0331585575224045, ""elevation"": 0.0}, {""range"": 1.7737287485915019, ""doppler"": 0.0, ""angle"": -3.676138895641648, ""elevation"": 0.0}, {""range"": 1.8118050451984242, ""doppler"": 0.0, ""angle"": -0.47500347570120055, ""elevation"": 0.0}, {""range"": 1.8451187688858526, ""doppler"": 0.0, ""angle"": 0.6441200259561535, ""elevation"": 0.0}, {""range"": 0.8074688063892795, ""doppler"": 0.0, ""angle"": 23.50514250067549, ""elevation"": 0.0}, {""range"": 1.910379821228666, ""doppler"": 0.0, ""angle"": 56.94060980288884, ""elevation"": 0.0}]",1785094827731.0632
9,"[{""range"": 1.7592418340910367, ""doppler"": 0.0, ""angle"": -5.506036588401643, ""elevation"": 0.0}, {""range"": 1.7747873463404324, ""doppler"": 0.0, ""angle"": -4.553666130315731, ""elevation"": 0.0}, {""range"": 0.7259032657267525, ""doppler"": 0.0, ""angle"": 1.5809508713885985, ""elevation"": 0.0}, {""range"": 0.731398502378441, ""doppler"": 0.0, ""angle"": 2.62037192257549, ""elevation"": 0.0}, {""range"": 0.738730399473938, ""doppler"": 0.0, ""angle"": 2.6082299391283237, ""elevation"": 0.0}, {""range"": 1.8062126593543202, ""doppler"": 0.0, ""angle"": -2.559033974627711, ""elevation"": 0.0}, {""range"": 0.7849404829477944, ""doppler"": 0.0, ""angle"": 11.071873374162934, ""elevation"": 0.0}, {""range"": 1.9630905662899243, ""doppler"": 0.0, ""angle"": 53.72820560142804, ""elevation"": 0.0}, {""range"": 1.9863177973315918, ""doppler"": 0.0, ""angle"": 54.567251728680326, ""elevation"": 0.0}]",1785094827825.0688
10,"[{""range"": 0.7265244479641664, ""doppler"": 0.0, ""angle"": -4.58797812407248, ""elevation"": 0.0}, {""range"": 1.7306132664997496, ""doppler"": 0.0, ""angle"": -7.522270120293606, ""elevation"": 0.0}, {""range"": 1.7386094374768906, ""doppler"": 0.0, ""angle"": -8.058432665009928, ""elevation"": 0.0}, {""range"": 1.7479651013133342, ""doppler"": 0.0, ""angle"": -8.886088211814878, ""elevation"": 0.0}, {""range"": 0.7368184334235467, ""doppler"": 0.0, ""angle"": -2.030520023346263, ""elevation"": 0.0}, {""range"": 0.7461950900517543, ""doppler"": 0.0, ""angle"": 1.7851932120003562, ""elevation"": 0.0}, {""range"": 1.7944548509430662, ""doppler"": 0.0, ""angle"": 0.45675787352953573, ""elevation"": 0.0}, {""range"": 1.8562737307843342, ""doppler"": 0.0, ""angle"": -0.14902057206085015, ""elevation"": 0.0}, {""range"": 0.8007108484341763, ""doppler"": 0.0, ""angle"": 9.46021868429086, ""elevation"": 0.0}, {""range"": 2.000761672379504, ""doppler"": 0.0, ""angle"": 49.76694936182375, ""elevation"": 0.0}]",1785094827930.894
7,"[{""range"": 0.8078379369241507, ""doppler"": 0.0, ""angle"": -11.503935500708849, ""elevation"": 0.0}, {""range"": 0.7623699533502167, ""doppler"": 0.0, ""angle"": -4.385306209119703, ""elevation"": 0.0}, {""range"": 1.7321255500985102, ""doppler"": 0.0, ""angle"": -8.866231886646782, ""elevation"": 0.0}, {""range"": 1.7355593232429456, ""doppler"": 0.0, ""angle"": -9.129447936178417, ""elevation"": 0.0}, {""range"": 1.7488963098575052, ""doppler"": 0.0, ""angle"": -10.777995123577, ""elevation"": 0.0}, {""range"": 0.7299086674278801, ""doppler"": 0.0, ""angle"": -1.7688662936832453, ""elevation"": 0.0}, {""range"": 0.7423282970426147, ""doppler"": 0.0, ""angle"": -2.3192943369906605, ""elevation"": 0.0}]",1785094828035.2449
9,"[{""range"": 0.8661490419046929, ""doppler"": 0.0, ""angle"": -37.14668669802178, ""elevation"": 0.0}, {""range"": 0.7815894887227821, ""doppler"": 0.0, ""angle"": -9.095972120458773, ""elevation"": 0.0}, {""range"": 1.738712744741736, ""doppler"": 0.0, ""angle"": -10.29641387592442, ""elevation"": 0.0}, {""range"": 0.726163937698321, ""doppler"": 0.0, ""angle"": -0.07054389382088093, ""elevation"": 0.0}, {""range"": 0.7363682871345321, ""doppler"": 0.0, ""angle"": -0.3339201407407318, ""elevation"": 0.0}, {""range"": 0.7482807461810709, ""doppler"": 0.0, ""angle"": -2.0542047294679975, ""elevation"": 0.0}, {""range"": 1.1474910511478418, ""doppler"": 0.0, ""angle"": -2.9029788618780947, ""elevation"": 0.0}, {""range"": 1.962957123967269, ""doppler"": 0.0, ""angle"": 42.41939103706916, ""elevation"": 0.0}, {""range"": 1.9406613765931462, ""doppler"": 0.0, ""angle"": 43.98456794315612, ""elevation"": 0.0}]",1785094828131.589
8,"[{""range"": 0.7406287738384538, ""doppler"": 0.0, ""angle"": -4.694714470427706, ""elevation"": 0.0}, {""range"": 0.7559934460388823, ""doppler"": 0.0, ""angle"": -5.82386573061419, ""elevation"": 0.0}, {""range"": 1.7304625253160093, ""doppler"": 0.0, ""angle"": -7.2065296045883755, ""elevation"": 0.0}, {""range"": 1.7425866351221513, ""doppler"": 0.0, ""angle"": -8.30720494117449, ""elevation"": 0.0}, {""range"": 1.7547603858553482, ""doppler"": 0.0, ""angle"": -9.596701931001787, ""elevation"": 0.0}, {""range"": 1.7928885037358027, ""doppler"": 0.0, ""angle"": -6.752902025731472, ""elevation"": 0.0}, {""range"": 1.9724119232846022, ""doppler"": 0.0, ""angle"": 46.65671740846259, ""elevation"": 0.0}, {""range"": 2.0000917912730447, ""doppler"": 0.0, ""angle"": 46.7569883099082, ""elevation"": 0.0}]",1785094828231.9019
10,"[{""range"": 0.8157221420369142, ""doppler"": 0.0, ""angle"": -17.819315959567145, ""elevation"": 0.0}, {""range"": 1.7389928802111456, ""doppler"": 0.0, ""angle"": -9.164973777726258, ""elevation"": 0.0}, {""range"": 1.7515707048541396, ""doppler"": 0.0, ""angle"": -8.920932103303974, ""elevation"": 0.0}, {""range"": 1.7645993429589097, ""doppler"": 0.0, ""angle"": -6.990348722312473, ""elevation"": 0.0}, {""range"": 1.795904118206816, ""doppler"": 0.0, ""angle"": -3.9966040703966015, ""elevation"": 0.0}, {""range"": 0.7322634966587221, ""doppler"": 0.0, ""angle"": 9.062093235256278, ""elevation"": 0.0}, {""range"": 0.7434410978919193, ""doppler"": 0.0, ""angle"": 8.771308072558439, ""elevation"": 0.0}, {""range"": 0.7518402143017279, ""doppler"": 0.0, ""angle"": 5.390591637817685, ""elevation"": 0.0}, {""range"": 2.0462577399083144, ""doppler"": 0.0, ""angle"": 50.53868024601792, ""elevation"": 0.0}, {""range"": 2.0314956957697508, ""doppler"": 0.0, ""angle"": 55.823165755432306, ""elevation"": 0.0}]",1785094828331.093
12,"[{""range"": 0.7311730418005721, ""doppler"": 0.0, ""angle"": -4.57280386034735, ""elevation"": 0.0}, {""range"": 1.7374743084143482, ""doppler"": 0.0, ""angle"": -8.00418143231126, ""elevation"": 0.0}, {""range"": 1.7474738547300501, ""doppler"": 0.0, ""angle"": -8.858936800023592, ""elevation"": 0.0}, {""range"": 1.7574348903556531, ""doppler"": 0.0, ""angle"": -9.587871864332874, ""elevation"": 0.0}, {""range"": 1.7955307545152968, ""doppler"": 0.0, ""angle"": -6.231810803602594, ""elevation"": 0.0}, {""range"": 0.7409180344885555, ""doppler"": 0.0, ""angle"": 1.5489048760512414, ""elevation"": 0.0}, {""range"": 1.8526279033018707, ""doppler"": 0.0, ""angle"": -1.8916500571010597, ""elevation"": 0.0}, {""range"": 2.8288613302025687, ""doppler"": 0.0, ""angle"": -2.8913426687175363, ""elevation"": 0.0}, {""range"": 2.871495650173483, ""doppler"": 0.0, ""angle"": 2.9698440409087374, ""elevation"": 0.0}, {""range"": 1.9230399476124769, ""doppler"": 0.0, ""angle"": 50.73195971026659, ""elevation"": 0.0}, {""range"": 1.9707888356476981, ""doppler"": 0.0, ""angle"": 50.61110361754111, ""elevation"": 0.0}, {""range"": 2.0062304107266384, ""doppler"": 0.0, ""angle"": 47.65142447164268, ""elevation"": 0.0}]",1785094828431.0132
7,"[{""range"": 1.73332980791547, ""doppler"": 0.0, ""angle"": -7.5700359754850215, ""elevation"": 0.0}, {""range"": 1.7399355890386767, ""doppler"": 0.0, ""angle"": -7.642114869060753, ""elevation"": 0.0}, {""range"": 1.7526266317355483, ""doppler"": 0.0, ""angle"": -6.520299568915155, ""elevation"": 0.0}, {""range"": 0.7291907930437063, ""doppler"": 0.0, ""angle"": -2.5157959141570583, ""elevation"": 0.0}, {""range"": 0.7446035524697201, ""doppler"": 0.0, ""angle"": -3.5797675213479123, ""elevation"": 0.0}, {""range"": 0.756700280931966, ""doppler"": 0.0, ""angle"": -2.9935738671111785, ""elevation"": 0.0}, {""range"": 0.7789201480014123, ""doppler"": 0.0, ""angle"": 0.23675807190710965, ""elevation"": 0.0}]",1785094828534.958
13,"[{""range"": 2.7599753223085424, ""doppler"": 0.0, ""angle"": -60.910783070147716, ""elevation"": 0.0}, {""range"": 0.7945718650446184, ""doppler"": 0.0, ""angle"": -45.40117331329591, ""elevation"": 0.0}, {""range"": 0.8137674611652079, ""doppler"": 0.0, ""angle"": -42.987636621574396, ""elevation"": 0.0}, {""range"": 1.7365521469352245, ""doppler"": 0.0, ""angle"": -7.871451254788353, ""elevation"": 0.0}, {""range"": 1.742259004340617, ""doppler"": 0.0, ""angle"": -7.7683441294152695, ""elevation"": 0.0}, {""range"": 1.754223834580773, ""doppler"": 0.0, ""angle"": -5.510100569635554, ""elevation"": 0.0}, {""range"": 0.6949265325778234, ""doppler"": 0.0, ""angle"": 1.9759501637507728, ""elevation"": 0.0}, {""range"": 0.7260332170524512, ""doppler"": 0.0, ""angle"": 0.6632466386911552, ""elevation"": 0.0}, {""range"": 1.7923048704406614, ""doppler"": 0.0, ""angle"": 1.469240282351352, ""elevation"": 0.0}, {""range"": 0.7750714271414727, ""doppler"": 0.0, ""angle"": 5.00294903069493, ""elevation"": 0.0}, {""range"": 1.9609881434703873, ""doppler"": 0.0, ""angle"": 44.73031394571081, ""elevation"": 0.0}, {""range"": 2.06970473753049, ""doppler"": 0.0, ""angle"": 43.44919442072808, ""elevation"": 0.0}, {""range"": 2.087458230321603, ""doppler"": 0.0, ""angle"": 59.659127235125176, ""elevation"": 0.0}]",1785094828635.575
10,"[{""range"": 0.7953011211339049, ""doppler"": 0.0, ""angle"": -14.239330504222467, ""elevation"": 0.0}, {""range"": 0.7502822374713793, ""doppler"": 0.0, ""angle"": -4.127451291984048, ""elevation"": 0.0}, {""range"": 1.7525115739617863, ""doppler"": 0.0, ""angle"": -8.543484643777063, ""elevation"": 0.0}, {""range"": 1.774266438717805, ""doppler"": 0.0, ""angle"": -7.208098286539686, ""elevation"": 0.0}, {""range"": 1.8199407108248975, ""doppler"": 0.0, ""angle"": -5.785653556936757, ""elevation"": 0.0}, {""range"": 1.8580798898822002, ""doppler"": 0.0, ""angle"": -4.974278572562831, ""elevation"": 0.0}, {""range"": 0.7308791150452402, ""doppler"": 0.0, ""angle"": -2.327587346169027, ""elevation"": 0.0}, {""range"": 0.7372687385590662, ""doppler"": 0.0, ""angle"": -2.223961240385479, ""elevation"": 0.0}, {""range"": 1.9242326910864798, ""doppler"": 0.0, ""angle"": 46.67184497735039, ""elevation"": 0.0}, {""range"": 1.9593031758091264, ""doppler"": 0.0, ""angle"": 47.90007260177163, ""elevation"": 0.0}]",1785094828732.1191
8,"[{""range"": 1.7588210298452878, ""doppler"": 0.0, ""angle"": -6.438612584172706, ""elevation"": 0.0}, {""range"": 1.7789199804961444, ""doppler"": 0.0, ""angle"": -1.8951459839052676, ""elevation"": 0.0}, {""range"": 1.8136315923389934, ""doppler"": 0.0, ""angle"": 1.2880904180678356, ""elevation"": 0.0}, {""range"": 0.7535817902609866, ""doppler"": 0.0, ""angle"": 24.43045277064807, ""elevation"": 0.0}, {""range"": 0.7553123657302407, ""doppler"": 0.0, ""angle"": 21.761108245703692, ""elevation"": 0.0}, {""range"": 1.9233123454108645, ""doppler"": 0.0, ""angle"": 52.67304987843166, ""elevation"": 0.0}, {""range"": 1.9613221690528906, ""doppler"": 0.0, ""angle"": 53.385017892556824, ""elevation"": 0.0}, {""range"": 1.9990456423318834, ""doppler"": 0.0, ""angle"": 50.6262127314758, ""elevation"": 0.0}]",1785094828821.9858
4,"[{""range"": 1.732743016701763, ""doppler"": 0.0, ""angle"": -8.450364690306827, ""elevation"": 0.0}, {""range"": 1.7506151658791818, ""doppler"": 0.0, ""angle"": -8.872527886255096, ""elevation"": 0.0}, {""range"": 1.7653149533569044, ""doppler"": 0.0, ""angle"": -8.574959364682144, ""elevation"": 0.0}, {""range"": 1.7942923392233467, ""doppler"": 0.0, ""angle"": -7.121475200605127, ""elevation"": 0.0}]",1785094828922.0369
8,"[{""range"": 0.7385378518660669, ""doppler"": 0.0, ""angle"": -4.221023148437289, ""elevation"": 0.0}, {""range"": 1.7369433888173573, ""doppler"": 0.0, ""angle"": -9.11613714622738, ""elevation"": 0.0}, {""range"": 1.7411496872038146, ""doppler"": 0.0, ""angle"": -8.34979113101781, ""elevation"": 0.0}, {""range"": 1.7551851239241625, ""doppler"": 0.0, ""angle"": -6.322787391977615, ""elevation"": 0.0}, {""range"": 1.7962155202008063, ""doppler"": 0.0, ""angle"": -0.872717673142424, ""elevation"": 0.0}, {""range"": 1.8933138638170748, ""doppler"": 0.0, ""angle"": 46.13650488660322, ""elevation"": 0.0}, {""range"": 1.912869540531111, ""doppler"": 0.0, ""angle"": 50.001729286691436, ""elevation"": 0.0}, {""range"": 1.9496638488376938, ""doppler"": 0.0, ""angle"": 60.56667577294881, ""elevation"": 0.0}]",1785094829025.206
10,"[{""range"": 1.7346003097439715, ""doppler"": 0.0, ""angle"": -7.749205302499366, ""elevation"": 0.0}, {""range"": 1.7377025987740549, ""doppler"": 0.0, ""angle"": -8.46779459036455, ""elevation"": 0.0}, {""range"": 1.7465053186065351, ""doppler"": 0.0, ""angle"": -10.42290079245815, ""elevation"": 0.0}, {""range"": 1.8736513643551849, ""doppler"": 0.0, ""angle"": -6.196475556399324, ""elevation"": 0.0}, {""range"": 0.7305074696800714, ""doppler"": 0.0, ""angle"": -0.6872358771190334, ""elevation"": 0.0}, {""range"": 0.7404866595760681, ""doppler"": 0.0, ""angle"": -0.401243767985947, ""elevation"": 0.0}, {""range"": 0.7504882387899907, ""doppler"": 0.0, ""angle"": 0.23207598878438795, ""elevation"": 0.0}, {""range"": 1.961671663169262, ""doppler"": 0.0, ""angle"": 52.9358163820278, ""elevation"": 0.0}, {""range"": 1.991297487519872, ""doppler"": 0.0, ""angle"": 51.02119322636915, ""elevation"": 0.0}, {""range"": 1.9298914755823537, ""doppler"": 0.0, ""angle"": 55.513350116729804, ""elevation"": 0.0}]",1785094829130.6748
8,"[{""range"": 0.7368791191872422, ""doppler"": 0.0, ""angle"": 1.752128595306832, ""elevation"": 0.0}, {""range"": 1.7866902290997209, ""doppler"": 0.0, ""angle"": -1.6000567374339358, ""elevation"": 0.0}, {""range"": 1.8261497774655342, ""doppler"": 0.0, ""angle"": 1.5149627922988078, ""elevation"": 0.0}, {""range"": 1.8600696887754902, ""doppler"": 0.0, ""angle"": 1.1953250292415591, ""elevation"": 0.0}, {""range"": 1.9182833263041437, ""doppler"": 0.0, ""angle"": 53.23478327931532, ""elevation"": 0.0}, {""range"": 1.9749946592010013, ""doppler"": 0.0, ""angle"": 52.81158824592776, ""elevation"": 0.0}, {""range"": 2.014262260482458, ""doppler"": 0.0, ""angle"": 48.771968109198056, ""elevation"": 0.0}, {""range"": 2.0345124521668256, ""doppler"": 0.0, ""angle"": 47.36148469276228, ""elevation"": 0.0}]",1785094829232.1511
12,"[{""range"": 0.8325066747478497, ""doppler"": 0.0, ""angle"": -22.797836858444995, ""elevation"": 0.0}, {""range"": 0.7555205504982232, ""doppler"": 0.0, ""angle"": -11.59183479583492, ""elevation"": 0.0}, {""range"": 1.8064400155534186, ""doppler"": 0.0, ""angle"": -11.227623793181717, ""elevation"": 0.0}, {""range"": 0.7202971751617002, ""doppler"": 0.0, ""angle"": -3.8717897370790832, ""elevation"": 0.0}, {""range"": 0.7281715298508483, ""doppler"": 0.0, ""angle"": -7.648569667281824, ""elevation"": 0.0}, {""range"": 1.729509568927573, ""doppler"": 0.0, ""angle"": -6.703261428402201, ""elevation"": 0.0}, {""range"": 1.7489842013898793, ""doppler"": 0.0, ""angle"": -5.6208299396108465, ""elevation"": 0.0}, {""range"": 1.7687906791638546, ""doppler"": 0.0, ""angle"": -6.6120429015462525, ""elevation"": 0.0}, {""range"": 1.8998146094903547, ""doppler"": 0.0, ""angle"": 50.0515004700682, ""elevation"": 0.0}, {""range"": 1.929635010904716, ""doppler"": 0.0, ""angle"": 51.403210610233764, ""elevation"": 0.0}, {""range"": 1.9608075054714138, ""doppler"": 0.0, ""angle"": 52.995296380588435, ""elevation"": 0.0}, {""range"": 1.9962635786312102, ""doppler"": 0.0, ""angle"": 50.91858859989079, ""elevation"": 0.0}]",1785094829332.244
8,"[{""range"": 0.8164328001630025, ""doppler"": 0.0, ""angle"": -24.52184600223013, ""elevation"": 0.0}, {""range"": 1.730399701065022, ""doppler"": 0.0, ""angle"": -6.801153014006474, ""elevation"": 0.0}, {""range"": 1.737733005169229, ""doppler"": 0.0, ""angle"": -7.764900486049257, ""elevation"": 0.0}, {""range"": 1.7505163603127438, ""doppler"": 0.0, ""angle"": -7.44806166672349, ""elevation"": 0.0}, {""range"": 1.7883496250248168, ""doppler"": 0.0, ""angle"": -7.699887736032608, ""elevation"": 0.0}, {""range"": 0.7218745104958384, ""doppler"": 0.0, ""angle"": -2.555517110329438, ""elevation"": 0.0}, {""range"": 0.729435320881497, ""doppler"": 0.0, ""angle"": -2.304082948687373, ""elevation"": 0.0}, {""range"": 0.741711082087479, ""doppler"": 0.0, ""angle"": -3.316981754621595, ""elevation"": 0.0}]",1785094829425.276
9,"[{""range"": 0.7429377904355494, ""doppler"": 0.0, ""angle"": -4.50024100210752, ""elevation"": 0.0}, {""range"": 0.7523462148565377, ""doppler"": 0.0, ""angle"": -4.034194767937258, ""elevation"": 0.0}, {""range"": 1.7351691605438397, ""doppler"": 0.0, ""angle"": -8.098371571264098, ""elevation"": 0.0}, {""range"": 1.74241151427912, ""doppler"": 0.0, ""angle"": -7.9338562206966206, ""elevation"": 0.0}, {""range"": 1.7558456527061856, ""doppler"": 0.0, ""angle"": -6.913684568238225, ""elevation"": 0.0}, {""range"": 1.7893669176443598, ""doppler"": 0.0, ""angle"": -4.039928001911788, ""elevation"": 0.0}, {""range"": 0.7216753611322971, ""doppler"": 0.0, ""angle"": -2.172589233319559, ""elevation"": 0.0}, {""range"": 1.8787599796239827, ""doppler"": 0.0, ""angle"": 51.81030740038739, ""elevation"": 0.0}, {""range"": 1.8986283014214846, ""doppler"": 0.0, ""angle"": 49.28515811238199, ""elevation"": 0.0}]",1785094829522.437
8,"[{""range"": 1.8252446776706, ""doppler"": 0.0, ""angle"": -14.350723156150373, ""elevation"": 0.0}, {""range"": 1.8598716591118152, ""doppler"": 0.0, ""angle"": -13.936041087549231, ""elevation"": 0.0}, {""range"": 0.7284816480427024, ""doppler"": 0.0, ""angle"": -4.392233449509324, ""elevation"": 0.0}, {""range"": 0.7381880166223027, ""doppler"": 0.0, ""angle"": -5.950889299841866, ""elevation"": 0.0}, {""range"": 0.7513532999341092, ""doppler"": 0.0, ""angle"": -8.747198971251299, ""elevation"": 0.0}, {""range"": 1.7509749887273698, ""doppler"": 0.0, ""angle"": -9.671061343841052, ""elevation"": 0.0}, {""range"": 1.7728967398002897, ""doppler"": 0.0, ""angle"": -9.351168022198054, ""elevation"": 0.0}, {""range"": 1.9121661181397098, ""doppler"": 0.0, ""angle"": 48.29793784845823, ""elevation"": 0.0}]",1785094829632.496
9,"[{""range"": 0.8058023528274677, ""doppler"": 0.0, ""angle"": -25.274209273066027, ""elevation"": 0.0}, {""range"": 0.7582828320162034, ""doppler"": 0.0, ""angle"": -13.584021242747236, ""elevation"": 0.0}, {""range"": 0.7346762806195201, ""doppler"": 0.0, ""angle"": -6.7652359630399275, ""elevation"": 0.0}, {""range"": 1.7553777867503926, ""doppler"": 0.0, ""angle"": -5.535785712557755, ""elevation"": 0.0}, {""range"": 1.7681496882974506, ""doppler"": 0.0, ""angle"": -5.4200058080146984, ""elevation"": 0.0}, {""range"": 1.9240184648009204, ""doppler"": 0.0, ""angle"": 48.70387054898964, ""elevation"": 0.0}, {""range"": 1.9683141741763623, ""doppler"": 0.0, ""angle"": 51.43611410542956, ""elevation"": 0.0}, {""range"": 2.0102953277569053, ""doppler"": 0.0, ""angle"": 49.943204788970114, ""elevation"": 0.0}, {""range"": 2.0381987686737, ""doppler"": 0.0, ""angle"": 48.24331594061306, ""elevation"": 0.0}]",1785094829721.6648
13,"[{""range"": 1.734663203053313, ""doppler"": 0.0, ""angle"": -10.897573074640048, ""elevation"": 0.0}, {""range"": 1.8023860054812864, ""doppler"": 0.0, ""angle"": -15.838426621773067, ""elevation"": 0.0}, {""range"": 1.86608522985609, ""doppler"": 0.0, ""angle"": -14.749990108779452, ""elevation"": 0.0}, {""range"": 0.7561650790972312, ""doppler"": 0.0, ""angle"": -4.951547679884758, ""elevation"": 0.0}, {""range"": 0.7915811741586739, ""doppler"": 0.0, ""angle"": -8.692040960457009, ""elevation"": 0.0}, {""range"": 1.7326758093281036, ""doppler"": 0.0, ""angle"": -9.780196786799094, ""elevation"": 0.0}, {""range"": 1.7421461433462286, ""doppler"": 0.0, ""angle"": -7.519640288389354, ""elevation"": 0.0}, {""range"": 0.7285065343089364, ""doppler"": 0.0, ""angle"": -2.2366497035265, ""elevation"": 0.0}, {""range"": 0.7404911934918448, ""doppler"": 0.0, ""angle"": -2.851350400594617, ""elevation"": 0.0}, {""range"": 1.882997908842673, ""doppler"": 0.0, ""angle"": 49.00447997559237, ""elevation"": 0.0}, {""range"": 1.9170963714788753, ""doppler"": 0.0, ""angle"": 59.9912985461004, ""elevation"": 0.0}, {""range"": 1.9567695355993147, ""doppler"": 0.0, ""angle"": 61.40207624055164, ""elevation"": 0.0}, {""range"": 2.008834488293602, ""doppler"": 0.0, ""angle"": 54.94196461044033, ""elevation"": 0.0}]",1785094829835.741
6,"[{""range"": 1.8728704129194351, ""doppler"": 0.0, ""angle"": -16.58711546250241, ""elevation"": 0.0}, {""range"": 1.7288909752528205, ""doppler"": 0.0, ""angle"": -8.397442167583712, ""elevation"": 0.0}, {""range"": 1.7329538855212825, ""doppler"": 0.0, ""angle"": -8.849993050812209, ""elevation"": 0.0}, {""range"": 1.7451373472306326, ""doppler"": 0.0, ""angle"": -9.162160082612893, ""elevation"": 0.0}, {""range"": 0.741203752749568, ""doppler"": 0.0, ""angle"": 1.3270779908741017, ""elevation"": 0.0}, {""range"": 0.75308655510192, ""doppler"": 0.0, ""angle"": -0.938744960061789, ""elevation"": 0.0}]",1785094829925.37
5,"[{""range"": 0.7437931481353909, ""doppler"": 0.0, ""angle"": -4.633237051169817, ""elevation"": 0.0}, {""range"": 1.7281935207141608, ""doppler"": 0.0, ""angle"": -6.73823637214702, ""elevation"": 0.0}, {""range"": 1.738715126207547, ""doppler"": 0.0, ""angle"": -7.243417030953764, ""elevation"": 0.0}, {""range"": 1.7566854369968254, ""doppler"": 0.0, ""angle"": -6.070975698426588, ""elevation"": 0.0}, {""range"": 1.7982265476828545, ""doppler"": 0.0, ""angle"": -0.5184739080851303, ""elevation"": 0.0}]",1785094830025.444
2,"[{""range"": 1.7483413714357214, ""doppler"": 0.0, ""angle"": -8.421816368880899, ""elevation"": 0.0}, {""range"": 1.7720652876582859, ""doppler"": 0.0, ""angle"": -7.817764383315265, ""elevation"": 0.0}]",1785094830121.7642
8,"[{""range"": 0.7285405924418235, ""doppler"": 0.0, ""angle"": -5.281005283043059, ""elevation"": 0.0}, {""range"": 1.7303960424060056, ""doppler"": 0.0, ""angle"": -8.288356768205068, ""elevation"": 0.0}, {""range"": 1.734993272592053, ""doppler"": 0.0, ""angle"": -8.057448181294056, ""elevation"": 0.0}, {""range"": 1.7416672722641349, ""doppler"": 0.0, ""angle"": -8.66252929458599, ""elevation"": 0.0}, {""range"": 0.713979767588157, ""doppler"": 0.0, ""angle"": -1.7509168190504247, ""elevation"": 0.0}, {""range"": 2.0494882312940117, ""doppler"": 0.0, ""angle"": 30.34819438919431, ""elevation"": 0.0}, {""range"": 2.019495196586461, ""doppler"": 0.0, ""angle"": 37.01397640660886, ""elevation"": 0.0}, {""range"": 1.9181590854908779, ""doppler"": 0.0, ""angle"": 49.286893593414874, ""elevation"": 0.0}]",1785094830232.394
7,"[{""range"": 1.801623332295684, ""doppler"": 0.0, ""angle"": -18.656139176958447, ""elevation"": 0.0}, {""range"": 1.8596204622851573, ""doppler"": 0.0, ""angle"": -19.5204085140789, ""elevation"": 0.0}, {""range"": 1.7567900837743993, ""doppler"": 0.0, ""angle"": -12.139154087824677, ""elevation"": 0.0}, {""range"": 1.7275359396516285, ""doppler"": 0.0, ""angle"": -8.254231553165635, ""elevation"": 0.0}, {""range"": 1.7374890306062059, ""doppler"": 0.0, ""angle"": -9.728906968214451, ""elevation"": 0.0}, {""range"": 0.7322861148766918, ""doppler"": 0.0, ""angle"": -3.1635326265375214, ""elevation"": 0.0}, {""range"": 1.964355744953275, ""doppler"": 0.0, ""angle"": 32.422790123248205, ""elevation"": 0.0}]",1785094830322.195
10,"[{""range"": 1.732559297452817, ""doppler"": 0.0, ""angle"": -8.648602041446653, ""elevation"": 0.0}, {""range"": 1.7359691893359948, ""doppler"": 0.0, ""angle"": -9.139229131707461, ""elevation"": 0.0}, {""range"": 1.7497854332126181, ""doppler"": 0.0, ""angle"": -8.13672671803236, ""elevation"": 0.0}, {""range"": 0.7378084819191874, ""doppler"": 0.0, ""angle"": 0.4443597150449974, ""elevation"": 0.0}, {""range"": 0.7435240140104766, ""doppler"": 0.0, ""angle"": 0.3720452872032956, ""elevation"": 0.0}, {""range"": 1.9357080817238979, ""doppler"": 0.0, ""angle"": 47.79680517841756, ""elevation"": 0.0}, {""range"": 1.9607945170917362, ""doppler"": 0.0, ""angle"": 46.24150985846518, ""elevation"": 0.0}, {""range"": 1.9889532512225918, ""doppler"": 0.0, ""angle"": 45.37880955160877, ""elevation"": 0.0}, {""range"": 2.7073087327589334, ""doppler"": 0.0, ""angle"": 47.39563578829788, ""elevation"": 0.0}, {""range"": 2.7401386851271696, ""doppler"": 0.0, ""angle"": 68.89430467222203, ""elevation"": 0.0}]",1785094830435.1958
7,"[{""range"": 1.7932800783876777, ""doppler"": 0.0, ""angle"": -13.093963634409478, ""elevation"": 0.0}, {""range"": 1.7302130903511224, ""doppler"": 0.0, ""angle"": -8.079857602773986, ""elevation"": 0.0}, {""range"": 1.7446688730160727, ""doppler"": 0.0, ""angle"": -8.528733031274685, ""elevation"": 0.0}, {""range"": 1.7599582330566064, ""doppler"": 0.0, ""angle"": -9.928395824012117, ""elevation"": 0.0}, {""range"": 0.724162105347133, ""doppler"": 0.0, ""angle"": -1.7121357792692447, ""elevation"": 0.0}, {""range"": 0.7308749371092838, ""doppler"": 0.0, ""angle"": -1.4720345363404974, ""elevation"": 0.0}, {""range"": 0.7407423074882425, ""doppler"": 0.0, ""angle"": -2.96117428311346, ""elevation"": 0.0}]",1785094830532.0198
6,"[{""range"": 1.7493918725888025, ""doppler"": 0.0, ""angle"": -8.333847798504541, ""elevation"": 0.0}, {""range"": 1.769647420738475, ""doppler"": 0.0, ""angle"": -6.020521235069349, ""elevation"": 0.0}, {""range"": 2.76060587611155, ""doppler"": 0.0, ""angle"": -5.195436908640969, ""elevation"": 0.0}, {""range"": 0.7412526917698696, ""doppler"": 0.0, ""angle"": 3.1805968032061718, ""elevation"": 0.0}, {""range"": 0.7503414507988211, ""doppler"": 0.0, ""angle"": 2.5678420010109364, ""elevation"": 0.0}, {""range"": 1.81387586673336, ""doppler"": 0.0, ""angle"": 2.2655517051203207, ""elevation"": 0.0}]",1785094830631.9932
9,"[{""range"": 1.790234324952844, ""doppler"": 0.0, ""angle"": -10.96312490382154, ""elevation"": 0.0}, {""range"": 1.7335665290164735, ""doppler"": 0.0, ""angle"": -7.074436684110285, ""elevation"": 0.0}, {""range"": 1.742076022511406, ""doppler"": 0.0, ""angle"": -7.502148786940093, ""elevation"": 0.0}, {""range"": 1.7575494620915928, ""doppler"": 0.0, ""angle"": -8.177092450701672, ""elevation"": 0.0}, {""range"": 0.7274844664354643, ""doppler"": 0.0, ""angle"": -2.3384545487994948, ""elevation"": 0.0}, {""range"": 0.7387477124468212, ""doppler"": 0.0, ""angle"": -2.316661891405882, ""elevation"": 0.0}, {""range"": 0.7469554820787718, ""doppler"": 0.0, ""angle"": -2.5932199916722625, ""elevation"": 0.0}, {""range"": 0.7871161501556713, ""doppler"": 0.0, ""angle"": -2.070030653041098, ""elevation"": 0.0}, {""range"": 2.869394236969139, ""doppler"": 0.0, ""angle"": -3.551389275288864, ""elevation"": 0.0}]",1785094830732.4412
7,"[{""range"": 1.7534467867853163, ""doppler"": 0.0, ""angle"": -10.809170096502335, ""elevation"": 0.0}, {""range"": 1.7272297973403623, ""doppler"": 0.0, ""angle"": -8.057960477868402, ""elevation"": 0.0}, {""range"": 1.7375062278086038, ""doppler"": 0.0, ""angle"": -9.304312083935674, ""elevation"": 0.0}, {""range"": 1.7861234208958774, ""doppler"": 0.0, ""angle"": -9.932884466727891, ""elevation"": 0.0}, {""range"": 0.7249690499757503, ""doppler"": 0.0, ""angle"": 0.720752496173615, ""elevation"": 0.0}, {""range"": 0.7296592149972473, ""doppler"": 0.0, ""angle"": 0.9408020133784352, ""elevation"": 0.0}, {""range"": 0.7432868742596134, ""doppler"": 0.0, ""angle"": 1.6680699160305898, ""elevation"": 0.0}]",1785094830832.078
8,"[{""range"": 0.7688440466143293, ""doppler"": 0.0, ""angle"": -26.04657845418205, ""elevation"": 0.0}, {""range"": 1.7273600889144503, ""doppler"": 0.0, ""angle"": -6.807204265119066, ""elevation"": 0.0}, {""range"": 1.7358967375789582, ""doppler"": 0.0, ""angle"": -7.213594980991593, ""elevation"": 0.0}, {""range"": 1.752596976323754, ""doppler"": 0.0, ""angle"": -8.679050919811154, ""elevation"": 0.0}, {""range"": 0.7293842299976226, ""doppler"": 0.0, ""angle"": 3.809403043273728, ""elevation"": 0.0}, {""range"": 1.941854032253881, ""doppler"": 0.0, ""angle"": 42.84686902664198, ""elevation"": 0.0}, {""range"": 1.9650544787534263, ""doppler"": 0.0, ""angle"": 41.99767592104447, ""elevation"": 0.0}, {""range"": 1.9924631392438674, ""doppler"": 0.0, ""angle"": 46.45817602541434, ""elevation"": 0.0}]",1785094830922.178
3,"[{""range"": 1.7436234758370257, ""doppler"": 0.0, ""angle"": -6.146176269000081, ""elevation"": 0.0}, {""range"": 1.7657744280408234, ""doppler"": 0.0, ""angle"": -3.9892978208710703, ""elevation"": 0.0}, {""range"": 0.7321648940259955, ""doppler"": 0.0, ""angle"": 11.938385188552045, ""elevation"": 0.0}]",1785094831025.575
9,"[{""range"": 0.7606057264105358, ""doppler"": 0.0, ""angle"": -14.23552665053079, ""elevation"": 0.0}, {""range"": 0.7447582118342878, ""doppler"": 0.0, ""angle"": -10.29008141832285, ""elevation"": 0.0}, {""range"": 1.7212173082165168, ""doppler"": 0.0, ""angle"": -6.8016401703875236, ""elevation"": 0.0}, {""range"": 1.731947433053708, ""doppler"": 0.0, ""angle"": -6.8307918121267095, ""elevation"": 0.0}, {""range"": 1.753827933626643, ""doppler"": 0.0, ""angle"": -10.236399629085653, ""elevation"": 0.0}, {""range"": 0.7131397867378116, ""doppler"": 0.0, ""angle"": 29.386709379343575, ""elevation"": 0.0}, {""range"": 1.938481813628839, ""doppler"": 0.0, ""angle"": 46.625903660187475, ""elevation"": 0.0}, {""range"": 1.966278716397695, ""doppler"": 0.0, ""angle"": 44.922628085756784, ""elevation"": 0.0}, {""range"": 1.9959396938969305, ""doppler"": 0.0, ""angle"": 46.38302085396443, ""elevation"": 0.0}]",1785094831125.676
