num_points,points,timestamp_ms
8,"[{""range"": 0.5086420431315215, ""doppler"": 0.0, ""angle"": -25.799351283085937, ""elevation"": 0.0}, {""range"": 1.712684016875859, ""doppler"": 0.0, ""angle"": 0.8375104754245454, ""elevation"": 0.0}, {""range"": 1.719153219030045, ""doppler"": 0.0, ""angle"": -0.9058808695901014, ""elevation"": 0.0}, {""range"": 0.09163232785691469, ""doppler"": 0.0, ""angle"": 5.599339336520571, ""elevation"": 0.0}, {""range"": 0.3857228365482475, ""doppler"": 0.0, ""angle"": 22.975379450961903, ""elevation"": 0.0}, {""range"": 0.41335721452423635, ""doppler"": 0.0, ""angle"": 28.52737936032082, ""elevation"": 0.0}, {""range"": 0.4389096474322554, ""doppler"": 0.0, ""angle"": 33.8713417037765, ""elevation"": 0.0}, {""range"": 0.5011215765929418, ""doppler"": 0.0, ""angle"": 66.2430201680881, ""elevation"": 0.0}]",1785094880290.47
3,"[{""range"": 1.7143010601566906, ""doppler"": 0.0, ""angle"": 2.038369407119978, ""elevation"": 0.0}, {""range"": 1.7224125410868523, ""doppler"": 0.0, ""angle"": 1.5288732256322717, ""elevation"": 0.0}, {""range"": 0.0915815426347052, ""doppler"": 0.0, ""angle"": 5.265326954736621, ""elevation"": 0.0}]",1785094880290.812
5,"[{""range"": 1.7199713032314203, ""doppler"": 0.0, ""angle"": 2.150859290012501, ""elevation"": 0.0}, {""range"": 1.723773125159245, ""doppler"": 0.0, ""angle"": 1.4384834747751287, ""elevation"": 0.0}, {""range"": 0.09150382687663249, ""doppler"": 0.0, ""angle"": 4.7078522443722255, ""elevation"": 0.0}, {""range"": 0.5121931552266338, ""doppler"": 0.0, ""angle"": 6.132551230213098, ""elevation"": 0.0}, {""range"": 0.40324762435484207, ""doppler"": 0.0, ""angle"": 30.453951277466533, ""elevation"": 0.0}]",1785094880291.127
6,"[{""range"": 0.08446853049925422, ""doppler"": 0.0, ""angle"": 2.3051533487429157, ""elevation"": 0.0}, {""range"": 1.7145881865090256, ""doppler"": 0.0, ""angle"": 3.276283105993677, ""elevation"": 0.0}, {""range"": 1.7233396897240612, ""doppler"": 0.0, ""angle"": 2.8131231430639976, ""elevation"": 0.0}, {""range"": 0.0915338731500176, ""doppler"": 0.0, ""angle"": 4.930955301972978, ""elevation"": 0.0}, {""range"": 0.5386413838471085, ""doppler"": 0.0, ""angle"": 66.81389712390158, ""elevation"": 0.0}, {""range"": 0.5542364937132785, ""doppler"": 0.0, ""angle"": 60.101498789148344, ""elevation"": 0.0}]",1785094880291.424
5,"[{""range"": 0.08620018699226711, ""doppler"": 0.0, ""angle"": 0.9508799859365008, ""elevation"": 0.0}, {""range"": 1.715634577097139, ""doppler"": 0.0, ""angle"": 1.021217635048514, ""elevation"": 0.0}, {""range"": 1.7179425319709225, ""doppler"": 0.0, ""angle"": 0.5427042788381405, ""elevation"": 0.0}, {""range"": 0.0915338731500176, ""doppler"": 0.0, ""angle"": 4.930955301972978, ""elevation"": 0.0}, {""range"": 0.47074567354223157, ""doppler"": 0.0, ""angle"": 53.09092724701767, ""elevation"": 0.0}]",1785094880291.747
7,"[{""range"": 0.08586216140923879, ""doppler"": 0.0, ""angle"": 1.5513814529560592, ""elevation"": 0.0}, {""range"": 1.5719882006887589, ""doppler"": 0.0, ""angle"": -1.544812145110763, ""elevation"": 0.0}, {""range"": 1.7156022880479047, ""doppler"": 0.0, ""angle"": 3.5435532760564876, ""elevation"": 0.0}, {""range"": 1.7188129363920455, ""doppler"": 0.0, ""angle"": 0.9418289224484643, ""elevation"": 0.0}, {""range"": 0.09154941647820718, ""doppler"": 0.0, ""angle"": 5.042451069170913, ""elevation"": 0.0}, {""range"": 0.5092383827730522, ""doppler"": 0.0, ""angle"": 13.855700389618214, ""elevation"": 0.0}, {""range"": 0.5298226397777842, ""doppler"": 0.0, ""angle"": 13.42653732983282, ""elevation"": 0.0}]",1785094880292.0508
4,"[{""range"": 1.6843636692094683, ""doppler"": 0.0, ""angle"": 1.5938425995644325, ""elevation"": 0.0}, {""range"": 1.7092976905910076, ""doppler"": 0.0, ""angle"": 2.9982961211302253, ""elevation"": 0.0}, {""range"": 1.7168905828477272, ""doppler"": 0.0, ""angle"": 1.5576697265991672, ""elevation"": 0.0}, {""range"": 0.09149439170911423, ""doppler"": 0.0, ""angle"": 7.750036422919295, ""elevation"": 0.0}]",1785094880292.35
6,"[{""range"": 1.6883630238445855, ""doppler"": 0.0, ""angle"": 0.08495449325843578, ""elevation"": 0.0}, {""range"": 1.7088101848945703, ""doppler"": 0.0, ""angle"": 1.9189397544843794, ""elevation"": 0.0}, {""range"": 1.7160193058459108, ""doppler"": 0.0, ""angle"": 1.9706132018601688, ""elevation"": 0.0}, {""range"": 0.09152706119690643, ""doppler"": 0.0, ""angle"": 6.055878453030899, ""elevation"": 0.0}, {""range"": 0.4163922337932307, ""doppler"": 0.0, ""angle"": 31.710665164414838, ""elevation"": 0.0}, {""range"": 0.444136702385518, ""doppler"": 0.0, ""angle"": 31.885568889893865, ""elevation"": 0.0}]",1785094880292.633
6,"[{""range"": 0.0854760532573494, ""doppler"": 0.0, ""angle"": 0.47945139879656806, ""elevation"": 0.0}, {""range"": 1.6855160419848405, ""doppler"": 0.0, ""angle"": 2.6511394554146777, ""elevation"": 0.0}, {""range"": 1.7098018973132845, ""doppler"": 0.0, ""angle"": 2.0137562011076526, ""elevation"": 0.0}, {""range"": 1.7196716048532492, ""doppler"": 0.0, ""angle"": -0.26213961819859766, ""elevation"": 0.0}, {""range"": 0.09149474117711384, ""doppler"": 0.0, ""angle"": 8.541839397887765, ""elevation"": 0.0}, {""range"": 0.40719607907320643, ""doppler"": 0.0, ""angle"": 48.899283515326054, ""elevation"": 0.0}]",1785094880292.922
7,"[{""range"": 0.5114691829252174, ""doppler"": 0.0, ""angle"": -4.632225767487379, ""elevation"": 0.0}, {""range"": 0.0858845020515301, ""doppler"": 0.0, ""angle"": 2.0283777159584453, ""elevation"": 0.0}, {""range"": 0.47486547663094186, ""doppler"": 0.0, ""angle"": 3.000313904628907, ""elevation"": 0.0}, {""range"": 1.6833031013956505, ""doppler"": 0.0, ""angle"": 2.31955823706686, ""elevation"": 0.0}, {""range"": 1.709713599869489, ""doppler"": 0.0, ""angle"": 2.799563541262459, ""elevation"": 0.0}, {""range"": 1.718799886604902, ""doppler"": 0.0, ""angle"": 1.4843851660290497, ""elevation"": 0.0}, {""range"": 0.09156827450157629, ""doppler"": 0.0, ""angle"": 8.082632787955841, ""elevation"": 0.0}]",1785094880293.218
10,"[{""range"": 1.579509394289446, ""doppler"": 0.0, ""angle"": 0.9665151002993264, ""elevation"": 0.0}, {""range"": 1.602172861540956, ""doppler"": 0.0, ""angle"": 0.006394618222677154, ""elevation"": 0.0}, {""range"": 1.6686909165801878, ""doppler"": 0.0, ""angle"": 1.1850491496707458, ""elevation"": 0.0}, {""range"": 1.7129694356719516, ""doppler"": 0.0, ""angle"": 2.285350961248405, ""elevation"": 0.0}, {""range"": 1.72443627596509, ""doppler"": 0.0, ""angle"": 0.7129667803030698, ""elevation"": 0.0}, {""range"": 1.742895822148534, ""doppler"": 0.0, ""angle"": -1.4168173491664886, ""elevation"": 0.0}, {""range"": 0.0842388250386666, ""doppler"": 0.0, ""angle"": 7.562495368310644, ""elevation"": 0.0}, {""range"": 0.09149351803327538, ""doppler"": 0.0, ""angle"": 11.156207102531493, ""elevation"": 0.0}, {""range"": 0.4074417832049833, ""doppler"": 0.0, ""angle"": 30.16593687627002, ""elevation"": 0.0}, {""range"": 0.5423038682919543, ""doppler"": 0.0, ""angle"": 37.78053741279661, ""elevation"": 0.0}]",1785094880293.507
12,"[{""range"": 0.5047239246385858, ""doppler"": 0.0, ""angle"": -7.573181261803679, ""elevation"": 0.0}, {""range"": 1.5821058069049252, ""doppler"": 0.0, ""angle"": 2.5522800612772625, ""elevation"": 0.0}, {""range"": 1.6136551568555113, ""doppler"": 0.0, ""angle"": 0.9397112951628945, ""elevation"": 0.0}, {""range"": 1.6705600684621489, ""doppler"": 0.0, ""angle"": 2.2881588653245792, ""elevation"": 0.0}, {""range"": 1.7086785349772045, ""doppler"": 0.0, ""angle"": 2.9453466261516064, ""elevation"": 0.0}, {""range"": 1.7231861041697296, ""doppler"": 0.0, ""angle"": 1.5995598816163157, ""elevation"": 0.0}, {""range"": 1.745601858283808, ""doppler"": 0.0, ""angle"": 0.2758533937745169, ""elevation"": 0.0}, {""range"": 0.09154854332748658, ""doppler"": 0.0, ""angle"": 8.763179125587111, ""elevation"": 0.0}, {""range"": 0.08371433633631235, ""doppler"": 0.0, ""angle"": 4.042019330229755, ""elevation"": 0.0}, {""range"": 0.3966037435545675, ""doppler"": 0.0, ""angle"": 30.2992049136365, ""elevation"": 0.0}, {""range"": 0.40747003360479805, ""doppler"": 0.0, ""angle"": 28.949590853251756, ""elevation"": 0.0}, {""range"": 0.4361733714771315, ""doppler"": 0.0, ""angle"": 31.265882921361218, ""elevation"": 0.0}]",1785094880293.8052
10,"[{""range"": 0.08800716125981985, ""doppler"": 0.0, ""angle"": 1.51356070177511, ""elevation"": 0.0}, {""range"": 1.5821845331606326, ""doppler"": 0.0, ""angle"": -0.40147832165752456, ""elevation"": 0.0}, {""range"": 1.6078058260868153, ""doppler"": 0.0, ""angle"": 0.6053716501100888, ""elevation"": 0.0}, {""range"": 1.667807563443184, ""doppler"": 0.0, ""angle"": 2.790008657162791, ""elevation"": 0.0}, {""range"": 1.7097893678255054, ""doppler"": 0.0, ""angle"": 2.0017793380725784, ""elevation"": 0.0}, {""range"": 1.722906785514054, ""doppler"": 0.0, ""angle"": 0.3627395801334901, ""elevation"": 0.0}, {""range"": 1.7418432113764286, ""doppler"": 0.0, ""angle"": -2.3357466630126016, ""elevation"": 0.0}, {""range"": 0.09152828389248877, ""doppler"": 0.0, ""angle"": 11.266027670726286, ""elevation"": 0.0}, {""range"": 0.43838922867872837, ""doppler"": 0.0, ""angle"": 22.925477892199996, ""elevation"": 0.0}, {""range"": 0.4195580429633296, ""doppler"": 0.0, ""angle"": 28.957360041271336, ""elevation"": 0.0}]",1785094880294.086
2,"[{""range"": 1.7174615107825661, ""doppler"": 0.0, ""angle"": 7.526052138886513, ""elevation"": 0.0}, {""range"": 1.7235390475719612, ""doppler"": 0.0, ""angle"": 4.1050985131625755, ""elevation"": 0.0}]",1785094880294.379
6,"[{""range"": 1.6749263081680543, ""doppler"": 0.0, ""angle"": 1.1439281481476238, ""elevation"": 0.0}, {""range"": 1.7081935667289616, ""doppler"": 0.0, ""angle"": 2.015653012984443, ""elevation"": 0.0}, {""range"": 1.7230609155548269, ""doppler"": 0.0, ""angle"": 1.1833339137138694, ""elevation"": 0.0}, {""range"": 0.09161313400345548, ""doppler"": 0.0, ""angle"": 4.141390709874622, ""elevation"": 0.0}, {""range"": 0.41528049312514986, ""doppler"": 0.0, ""angle"": 35.78431942787905, ""elevation"": 0.0}, {""range"": 0.43815478566849814, ""doppler"": 0.0, ""angle"": 38.07186149436103, ""elevation"": 0.0}]",1785094880294.667
7,"[{""range"": 0.501879525793631, ""doppler"": 0.0, ""angle"": -3.6565573275589367, ""elevation"": 0.0}, {""range"": 0.09158800142489935, ""doppler"": 0.0, ""angle"": 3.9182488640673765, ""elevation"": 0.0}, {""range"": 0.5417751784921351, ""doppler"": 0.0, ""angle"": 8.31195914669596, ""elevation"": 0.0}, {""range"": 0.5760896840098475, ""doppler"": 0.0, ""angle"": 10.280986484229231, ""elevation"": 0.0}, {""range"": 1.71386233751143, ""doppler"": 0.0, ""angle"": 4.727898231615634, ""elevation"": 0.0}, {""range"": 1.7248921624243234, ""doppler"": 0.0, ""angle"": 3.9827830861676436, ""elevation"": 0.0}, {""range"": 0.2689239110466562, ""doppler"": 0.0, ""angle"": 29.957524450778585, ""elevation"": 0.0}]",1785094880294.943
2,"[{""range"": 0.42647633159637083, ""doppler"": 0.0, ""angle"": 20.08367574073112, ""elevation"": 0.0}, {""range"": 0.441639033739218, ""doppler"": 0.0, ""angle"": 24.468913567621456, ""elevation"": 0.0}]",1785094880295.225
7,"[{""range"": 1.7127055983233828, ""doppler"": 0.0, ""angle"": 7.323863906686481, ""elevation"": 0.0}, {""range"": 1.7251381964941646, ""doppler"": 0.0, ""angle"": 7.085238873436668, ""elevation"": 0.0}, {""range"": 0.4342987396969389, ""doppler"": 0.0, ""angle"": 31.94286874383076, ""elevation"": 0.0}, {""range"": 0.4549674854430029, ""doppler"": 0.0, ""angle"": 31.647334003745055, ""elevation"": 0.0}, {""range"": 0.48064240910409595, ""doppler"": 0.0, ""angle"": 29.2160935464939, ""elevation"": 0.0}, {""range"": 0.5274693734112502, ""doppler"": 0.0, ""angle"": 38.04704253182609, ""elevation"": 0.0}, {""range"": 0.5735592062816166, ""doppler"": 0.0, ""angle"": 40.308734536936285, ""elevation"": 0.0}]",1785094880295.516
4,"[{""range"": 0.57326804743494, ""doppler"": 0.0, ""angle"": -9.388869887471767, ""elevation"": 0.0}, {""range"": 1.7103905768873, ""doppler"": 0.0, ""angle"": 5.254625490691094, ""elevation"": 0.0}, {""range"": 1.7275407519037147, ""doppler"": 0.0, ""angle"": 3.697304242193498, ""elevation"": 0.0}, {""range"": 0.4801771787520961, ""doppler"": 0.0, ""angle"": 43.30999310397635, ""elevation"": 0.0}]",1785094880295.797
4,"[{""range"": 0.5446551800473234, ""doppler"": 0.0, ""angle"": -42.35213992612327, ""elevation"": 0.0}, {""range"": 1.7239270015431334, ""doppler"": 0.0, ""angle"": 8.337697894948757, ""elevation"": 0.0}, {""range"": 1.6745885234384443, ""doppler"": 0.0, ""angle"": 12.155861840850822, ""elevation"": 0.0}, {""range"": 1.7028704360409297, ""doppler"": 0.0, ""angle"": 11.005509474453572, ""elevation"": 0.0}]",1785094880296.079
5,"[{""range"": 1.6744858333042971, ""doppler"": 0.0, ""angle"": 2.827879024912367, ""elevation"": 0.0}, {""range"": 1.7064672539325862, ""doppler"": 0.0, ""angle"": 1.7113367174836287, ""elevation"": 0.0}, {""range"": 1.7226837731383582, ""doppler"": 0.0, ""angle"": -0.8029091571069492, ""elevation"": 0.0}, {""range"": 0.4707429226557287, ""doppler"": 0.0, ""angle"": 40.02292673467514, ""elevation"": 0.0}, {""range"": 0.571400395787721, ""doppler"": 0.0, ""angle"": 40.46904841819364, ""elevation"": 0.0}]",1785094880296.359
2,"[{""range"": 1.703270015363475, ""doppler"": 0.0, ""angle"": 11.413741884768257, ""elevation"": 0.0}, {""range"": 1.729635131921052, ""doppler"": 0.0, ""angle"": 21.333928186576692, ""elevation"": 0.0}]",1785094880296.633
3,"[{""range"": 0.0914510473274623, ""doppler"": 0.0, ""angle"": -59.57421619803874, ""elevation"": 0.0}, {""range"": 0.09457516149456288, ""doppler"": 0.0, ""angle"": -58.92477322040944, ""elevation"": 0.0}, {""range"": 0.12945350833034422, ""doppler"": 0.0, ""angle"": -57.12211708970782, ""elevation"": 0.0}]",1785094880296.895
2,"[{""range"": 0.5190055576679525, ""doppler"": 0.0, ""angle"": -21.038928290603536, ""elevation"": 0.0}, {""range"": 0.5249092712281354, ""doppler"": 0.0, ""angle"": -23.403620160993373, ""elevation"": 0.0}]",1785094880297.166
1,"[{""range"": 0.08626359307497668, ""doppler"": 0.0, ""angle"": -66.67665022895324, ""elevation"": 0.0}]",1785094880297.444
4,"[{""range"": 0.09157124254037881, ""doppler"": 0.0, ""angle"": -62.68439202655774, ""elevation"": 0.0}, {""range"": 0.5029195228929725, ""doppler"": 0.0, ""angle"": -18.44783296471363, ""elevation"": 0.0}, {""range"": 0.512695598133228, ""doppler"": 0.0, ""angle"": -19.60408815082943, ""elevation"": 0.0}, {""range"": 0.516407614799483, ""doppler"": 0.0, ""angle"": -21.554573485952794, ""elevation"": 0.0}]",1785094880297.7122
6,"[{""range"": 0.09151081526242184, ""doppler"": 0.0, ""angle"": -62.032884493880616, ""elevation"": 0.0}, {""range"": 0.08421092211642164, ""doppler"": 0.0, ""angle"": -62.83643918337753, ""elevation"": 0.0}, {""range"": 0.5041076882909689, ""doppler"": 0.0, ""angle"": -18.531352174764518, ""elevation"": 0.0}, {""range"": 0.515693713377197, ""doppler"": 0.0, ""angle"": -20.967619024037603, ""elevation"": 0.0}, {""range"": 0.5277315743538763, ""doppler"": 0.0, ""angle"": -22.071789626361674, ""elevation"": 0.0}, {""range"": 0.5570738556716931, ""doppler"": 0.0, ""angle"": -23.314505276546406, ""elevation"": 0.0}]",1785094880297.974
2,"[{""range"": 0.09160458271944008, ""doppler"": 0.0, ""angle"": -69.54867621649073, ""elevation"": 0.0}, {""range"": 0.08717981631695441, ""doppler"": 0.0, ""angle"": -64.48612957246576, ""elevation"": 0.0}]",1785094880298.285
5,"[{""range"": 0.09163407255332591, ""doppler"": 0.0, ""angle"": -61.184307925884475, ""elevation"": 0.0}, {""range"": 0.0829407573768947, ""doppler"": 0.0, ""angle"": -62.38528824511548, ""elevation"": 0.0}, {""range"": 0.5150744301883083, ""doppler"": 0.0, ""angle"": -26.493887382573707, ""elevation"": 0.0}, {""range"": 0.5022325744511718, ""doppler"": 0.0, ""angle"": -19.228432702002106, ""elevation"": 0.0}, {""range"": 0.5094047770743965, ""doppler"": 0.0, ""angle"": -22.126334809373287, ""elevation"": 0.0}]",1785094880298.5789
8,"[{""range"": 0.5068661309008327, ""doppler"": 0.0, ""angle"": 30.55470600472529, ""elevation"": 0.0}, {""range"": 0.5320253965934184, ""doppler"": 0.0, ""angle"": 27.54687311333761, ""elevation"": 0.0}, {""range"": 0.5562409751202796, ""doppler"": 0.0, ""angle"": 27.42998285924665, ""elevation"": 0.0}, {""range"": 1.710898460912955, ""doppler"": 0.0, ""angle"": 27.055135870852208, ""elevation"": 0.0}, {""range"": 1.7612838953751517, ""doppler"": 0.0, ""angle"": 33.727174096474805, ""elevation"": 0.0}, {""range"": 0.47816200164060463, ""doppler"": 0.0, ""angle"": 37.692699159588706, ""elevation"": 0.0}, {""range"": 1.736811570160384, ""doppler"": 0.0, ""angle"": 34.38213834778872, ""elevation"": 0.0}, {""range"": 0.432354529440555, ""doppler"": 0.0, ""angle"": 54.03534584251212, ""elevation"": 0.0}]",1785094880298.8438
1,"[{""range"": 0.11911236279606933, ""doppler"": 0.0, ""angle"": -68.78957703709496, ""elevation"": 0.0}]",1785094880299.0999
2,"[{""range"": 0.47300527622170824, ""doppler"": 0.0, ""angle"": 47.94194865361508, ""elevation"": 0.0}, {""range"": 0.4882226895814947, ""doppler"": 0.0, ""angle"": 49.75378350439657, ""elevation"": 0.0}]",1785094880299.342
1,"[{""range"": 0.49166760152881395, ""doppler"": 0.0, ""angle"": 46.606278293578434, ""elevation"": 0.0}]",1785094880299.642
2,"[{""range"": 0.08630120681714905, ""doppler"": 0.0, ""angle"": -67.84586989364028, ""elevation"": 0.0}, {""range"": 0.1202694865635398, ""doppler"": 0.0, ""angle"": -65.4925947698703, ""elevation"": 0.0}]",1785094880299.907
3,"[{""range"": 0.0915948088458545, ""doppler"": 0.0, ""angle"": -61.93409273562858, ""elevation"": 0.0}, {""range"": 0.11981774557665095, ""doppler"": 0.0, ""angle"": -62.24942433661204, ""elevation"": 0.0}, {""range"": 0.46505004534239486, ""doppler"": 0.0, ""angle"": 44.84422066793865, ""elevation"": 0.0}]",1785094880300.162
1,"[{""range"": 0.5039012203537979, ""doppler"": 0.0, ""angle"": -24.21847475633792, ""elevation"": 0.0}]",1785094880300.417
3,"[{""range"": 0.504506459485263, ""doppler"": 0.0, ""angle"": -18.216606851000517, ""elevation"": 0.0}, {""range"": 0.5165409668532068, ""doppler"": 0.0, ""angle"": -21.101592273167164, ""elevation"": 0.0}, {""range"": 0.5305157506957402, ""doppler"": 0.0, ""angle"": -22.450513918889143, ""elevation"": 0.0}]",1785094880300.715
5,"[{""range"": 0.09155290899781621, ""doppler"": 0.0, ""angle"": -55.90644773896147, ""elevation"": 0.0}, {""range"": 0.5014329474813265, ""doppler"": 0.0, ""angle"": -20.302557469563528, ""elevation"": 0.0}, {""range"": 0.5152739079611508, ""doppler"": 0.0, ""angle"": -21.77556398890445, ""elevation"": 0.0}, {""range"": 0.5307525607115834, ""doppler"": 0.0, ""angle"": -23.256887460078087, ""elevation"": 0.0}, {""range"": 0.08682700893551637, ""doppler"": 0.0, ""angle"": 23.29155275686519, ""elevation"": 0.0}]",1785094880300.959
5,"[{""range"": 0.09153072923465401, ""doppler"": 0.0, ""angle"": -57.769184157159806, ""elevation"": 0.0}, {""range"": 0.08569889828476508, ""doppler"": 0.0, ""angle"": -56.144146537643245, ""elevation"": 0.0}, {""range"": 0.5082570228044432, ""doppler"": 0.0, ""angle"": -18.970407808486545, ""elevation"": 0.0}, {""range"": 0.5246985267391007, ""doppler"": 0.0, ""angle"": -16.94050788251365, ""elevation"": 0.0}, {""range"": 1.7527898962704929, ""doppler"": 0.0, ""angle"": 48.80527701792755, ""elevation"": 0.0}]",1785094880301.206
5,"[{""range"": 0.4985015962908682, ""doppler"": 0.0, ""angle"": -20.339554367071806, ""elevation"": 0.0}, {""range"": 0.5047863841913213, ""doppler"": 0.0, ""angle"": -19.924149563607703, ""elevation"": 0.0}, {""range"": 0.5158355871315332, ""doppler"": 0.0, ""angle"": -17.115871207413466, ""elevation"": 0.0}, {""range"": 1.7476050429637946, ""doppler"": 0.0, ""angle"": 47.44237605352828, ""elevation"": 0.0}, {""range"": 1.7641339163816367, ""doppler"": 0.0, ""angle"": 45.77616227623961, ""elevation"": 0.0}]",1785094880301.4531
9,"[{""range"": 0.5043585461055504, ""doppler"": 0.0, ""angle"": -17.092274625080403, ""elevation"": 0.0}, {""range"": 0.5120552365318786, ""doppler"": 0.0, ""angle"": -16.82764543815974, ""elevation"": 0.0}, {""range"": 0.5247777105478505, ""doppler"": 0.0, ""angle"": -15.57531831533727, ""elevation"": 0.0}, {""range"": 1.6636908797378511, ""doppler"": 0.0, ""angle"": 30.556092058629595, ""elevation"": 0.0}, {""range"": 1.7023209106330703, ""doppler"": 0.0, ""angle"": 28.530245819182102, ""elevation"": 0.0}, {""range"": 1.7299432698334405, ""doppler"": 0.0, ""angle"": 33.58001613825815, ""elevation"": 0.0}, {""range"": 0.09147516891309258, ""doppler"": 0.0, ""angle"": 48.64549634461135, ""elevation"": 0.0}, {""range"": 0.08372254778984525, ""doppler"": 0.0, ""angle"": 48.37662309317657, ""elevation"": 0.0}, {""range"": 1.7611381123786782, ""doppler"": 0.0, ""angle"": 50.30168658895027, ""elevation"": 0.0}]",1785094880301.7158
9,"[{""range"": 0.5030929645043767, ""doppler"": 0.0, ""angle"": -20.167532492965876, ""elevation"": 0.0}, {""range"": 0.5156186846040768, ""doppler"": 0.0, ""angle"": -20.43976543541506, ""elevation"": 0.0}, {""range"": 0.5265236948089551, ""doppler"": 0.0, ""angle"": -20.724575128810933, ""elevation"": 0.0}, {""range"": 0.5491215215348046, ""doppler"": 0.0, ""angle"": -18.21664652823591, ""elevation"": 0.0}, {""range"": 0.5511576012298317, ""doppler"": 0.0, ""angle"": -18.205696388709907, ""elevation"": 0.0}, {""range"": 1.7040391899251792, ""doppler"": 0.0, ""angle"": 25.60241346959074, ""elevation"": 0.0}, {""range"": 1.72613354093022, ""doppler"": 0.0, ""angle"": 22.692002840333394, ""elevation"": 0.0}, {""range"": 0.09165465746286482, ""doppler"": 0.0, ""angle"": 51.6544250460066, ""elevation"": 0.0}, {""range"": 0.08247743050107799, ""doppler"": 0.0, ""angle"": 52.31022738884708, ""elevation"": 0.0}]",1785094880301.965
6,"[{""range"": 0.5027624934610364, ""doppler"": 0.0, ""angle"": -18.84092944370032, ""elevation"": 0.0}, {""range"": 0.518276696037749, ""doppler"": 0.0, ""angle"": -20.43573443959059, ""elevation"": 0.0}, {""range"": 0.53282429948495, ""doppler"": 0.0, ""angle"": -22.59767849452724, ""elevation"": 0.0}, {""range"": 0.5557814383124252, ""doppler"": 0.0, ""angle"": -22.670912998248113, ""elevation"": 0.0}, {""range"": 0.08235561064279452, ""doppler"": 0.0, ""angle"": 43.15238973400541, ""elevation"": 0.0}, {""range"": 0.09156338575734826, ""doppler"": 0.0, ""angle"": 48.24566208573912, ""elevation"": 0.0}]",1785094880302.2202
5,"[{""range"": 0.5113597389576972, ""doppler"": 0.0, ""angle"": -18.872119238318874, ""elevation"": 0.0}, {""range"": 0.5243084352699574, ""doppler"": 0.0, ""angle"": -21.612722357537972, ""elevation"": 0.0}, {""range"": 0.4991928143134305, ""doppler"": 0.0, ""angle"": -17.532778758709107, ""elevation"": 0.0}, {""range"": 0.09144108220691903, ""doppler"": 0.0, ""angle"": 54.63164318219265, ""elevation"": 0.0}, {""range"": 0.08393900153475659, ""doppler"": 0.0, ""angle"": 54.887988815577806, ""elevation"": 0.0}]",1785094880302.49
7,"[{""range"": 1.7364917986221118, ""doppler"": 0.0, ""angle"": -55.33133998577059, ""elevation"": 0.0}, {""range"": 0.502796357973852, ""doppler"": 0.0, ""angle"": -17.27501279139914, ""elevation"": 0.0}, {""range"": 0.5106822343885004, ""doppler"": 0.0, ""angle"": -17.14697850036022, ""elevation"": 0.0}, {""range"": 0.5257701356126699, ""doppler"": 0.0, ""angle"": -14.85861444792466, ""elevation"": 0.0}, {""range"": 0.560892226705779, ""doppler"": 0.0, ""angle"": -12.782406100729444, ""elevation"": 0.0}, {""range"": 1.7289355456551974, ""doppler"": 0.0, ""angle"": 25.417486639821558, ""elevation"": 0.0}, {""range"": 1.7038711509040159, ""doppler"": 0.0, ""angle"": 27.3314592143729, ""elevation"": 0.0}]",1785094880302.737
6,"[{""range"": 1.739439280726553, ""doppler"": 0.0, ""angle"": -58.318025552879, ""elevation"": 0.0}, {""range"": 0.5002099206805357, ""doppler"": 0.0, ""angle"": -18.681074329280698, ""elevation"": 0.0}, {""range"": 0.5144684166357354, ""doppler"": 0.0, ""angle"": -18.0193129562289, ""elevation"": 0.0}, {""range"": 0.5279571574222081, ""doppler"": 0.0, ""angle"": -17.035673006313907, ""elevation"": 0.0}, {""range"": 0.0916061534232866, ""doppler"": 0.0, ""angle"": 24.814196990535155, ""elevation"": 0.0}, {""range"": 0.09004999428263305, ""doppler"": 0.0, ""angle"": 25.903583999541773, ""elevation"": 0.0}]",1785094880302.978
4,"[{""range"": 0.5013542858278967, ""doppler"": 0.0, ""angle"": -20.91720356318666, ""elevation"": 0.0}, {""range"": 0.5101837625564423, ""doppler"": 0.0, ""angle"": -22.655393856937298, ""elevation"": 0.0}, {""range"": 0.0915852084904414, ""doppler"": 0.0, ""angle"": 25.31425036231257, ""elevation"": 0.0}, {""range"": 0.08997202175430596, ""doppler"": 0.0, ""angle"": 25.801152716147993, ""elevation"": 0.0}]",1785094880303.2188
6,"[{""range"": 0.5045697697640312, ""doppler"": 0.0, ""angle"": -20.734284449810087, ""elevation"": 0.0}, {""range"": 0.5212272826632885, ""doppler"": 0.0, ""angle"": -21.451003277695552, ""elevation"": 0.0}, {""range"": 0.5346587170486465, ""doppler"": 0.0, ""angle"": -22.86897546319334, ""elevation"": 0.0}, {""range"": 0.5570654469332624, ""doppler"": 0.0, ""angle"": -23.635696305025647, ""elevation"": 0.0}, {""range"": 0.09162150999762192, ""doppler"": 0.0, ""angle"": 22.611263269751486, ""elevation"": 0.0}, {""range"": 0.08941733776981654, ""doppler"": 0.0, ""angle"": 23.95085531392322, ""elevation"": 0.0}]",1785094880303.4648
8,"[{""range"": 0.5061696938858307, ""doppler"": 0.0, ""angle"": -21.20753630062823, ""elevation"": 0.0}, {""range"": 0.5261570164499371, ""doppler"": 0.0, ""angle"": -20.948038867794928, ""elevation"": 0.0}, {""range"": 0.5453627418628809, ""doppler"": 0.0, ""angle"": -21.12113474970271, ""elevation"": 0.0}, {""range"": 0.5685635577075787, ""doppler"": 0.0, ""angle"": -21.222514931669533, ""elevation"": 0.0}, {""range"": 0.6017009180513102, ""doppler"": 0.0, ""angle"": -20.346791998680914, ""elevation"": 0.0}, {""range"": 0.09152513978513255, ""doppler"": 0.0, ""angle"": 23.610148808843878, ""elevation"": 0.0}, {""range"": 0.09228323655246366, ""doppler"": 0.0, ""angle"": 26.46575183193445, ""elevation"": 0.0}, {""range"": 1.773118044085296, ""doppler"": 0.0, ""angle"": 48.642853325289735, ""elevation"": 0.0}]",1785094880303.7131
9,"[{""range"": 0.504339241588468, ""doppler"": 0.0, ""angle"": -20.722477839939476, ""elevation"": 0.0}, {""range"": 0.5179285339116432, ""doppler"": 0.0, ""angle"": -19.754952154877948, ""elevation"": 0.0}, {""range"": 0.5747911268334278, ""doppler"": 0.0, ""angle"": -18.575862900617505, ""elevation"": 0.0}, {""range"": 0.6036523513127361, ""doppler"": 0.0, ""angle"": -23.664363360965655, ""elevation"": 0.0}, {""range"": 0.5413574364214151, ""doppler"": 0.0, ""angle"": -17.710785012544616, ""elevation"": 0.0}, {""range"": 0.09149980831311734, ""doppler"": 0.0, ""angle"": 23.00745826557177, ""elevation"": 0.0}, {""range"": 0.09013960591200959, ""doppler"": 0.0, ""angle"": 25.497551493337784, ""elevation"": 0.0}, {""range"": 1.751146550844177, ""doppler"": 0.0, ""angle"": 47.62792221210343, ""elevation"": 0.0}, {""range"": 1.7673318876323991, ""doppler"": 0.0, ""angle"": 43.7045669748508, ""elevation"": 0.0}]",1785094880303.958
8,"[{""range"": 0.4992873464841478, ""doppler"": 0.0, ""angle"": -19.869153252275133, ""elevation"": 0.0}, {""range"": 0.5100696860980181, ""doppler"": 0.0, ""angle"": -19.006617230955825, ""elevation"": 0.0}, {""range"": 0.6114571179682252, ""doppler"": 0.0, ""angle"": -22.94337714803958, ""elevation"": 0.0}, {""range"": 0.5719128531825607, ""doppler"": 0.0, ""angle"": -15.300682562317263, ""elevation"": 0.0}, {""range"": 0.09154662236658699, ""doppler"": 0.0, ""angle"": 23.36023501288149, ""elevation"": 0.0}, {""range"": 0.08965570895761323, ""doppler"": 0.0, ""angle"": 25.645126636978922, ""elevation"": 0.0}, {""range"": 1.7520534390217701, ""doppler"": 0.0, ""angle"": 47.45686441225333, ""elevation"": 0.0}, {""range"": 1.7663263603592245, ""doppler"": 0.0, ""angle"": 43.69562436554524, ""elevation"": 0.0}]",1785094880304.206
8,"[{""range"": 1.7386957525666862, ""doppler"": 0.0, ""angle"": -62.0460566042375, ""elevation"": 0.0}, {""range"": 1.7131504590757152, ""doppler"": 0.0, ""angle"": -48.11813829197389, ""elevation"": 0.0}, {""range"": 0.609235212950915, ""doppler"": 0.0, ""angle"": -27.211838750216415, ""elevation"": 0.0}, {""range"": 0.4975040063219845, ""doppler"": 0.0, ""angle"": -19.72447233237585, ""elevation"": 0.0}, {""range"": 0.577432583856278, ""doppler"": 0.0, ""angle"": -20.938149863921584, ""elevation"": 0.0}, {""range"": 0.09164994776436663, ""doppler"": 0.0, ""angle"": 22.361893798353314, ""elevation"": 0.0}, {""range"": 0.08929692887825967, ""doppler"": 0.0, ""angle"": 22.611039350526575, ""elevation"": 0.0}, {""range"": 1.771046226370922, ""doppler"": 0.0, ""angle"": 63.96013249025335, ""elevation"": 0.0}]",1785094880304.4622
9,"[{""range"": 1.7399473317649878, ""doppler"": 0.0, ""angle"": -69.27786454159549, ""elevation"": 0.0}, {""range"": 0.5580219950391341, ""doppler"": 0.0, ""angle"": -41.700626811860836, ""elevation"": 0.0}, {""range"": 0.5857074643710809, ""doppler"": 0.0, ""angle"": -27.057889118821596, ""elevation"": 0.0}, {""range"": 0.4942725725036171, ""doppler"": 0.0, ""angle"": -21.320267122343342, ""elevation"": 0.0}, {""range"": 0.5975653755585865, ""doppler"": 0.0, ""angle"": -25.867291785070424, ""elevation"": 0.0}, {""range"": 0.09151448395133084, ""doppler"": 0.0, ""angle"": 22.15482599524625, ""elevation"": 0.0}, {""range"": 0.09034900288374784, ""doppler"": 0.0, ""angle"": 23.31770838675507, ""elevation"": 0.0}, {""range"": 1.7137490243972817, ""doppler"": 0.0, ""angle"": 24.958024137667607, ""elevation"": 0.0}, {""range"": 1.7714131895434817, ""doppler"": 0.0, ""angle"": 52.468434867191554, ""elevation"": 0.0}]",1785094880304.713
9,"[{""range"": 0.5065470218440274, ""doppler"": 0.0, ""angle"": -23.995346765678985, ""elevation"": 0.0}, {""range"": 0.5297533844347424, ""doppler"": 0.0, ""angle"": -25.319498933263844, ""elevation"": 0.0}, {""range"": 0.5466033996595121, ""doppler"": 0.0, ""angle"": -25.45850997500435, ""elevation"": 0.0}, {""range"": 0.5631219026433704, ""doppler"": 0.0, ""angle"": -24.44094333400319, ""elevation"": 0.0}, {""range"": 0.0915948088458545, ""doppler"": 0.0, ""angle"": 22.86078285937181, ""elevation"": 0.0}, {""range"": 0.08709578685145393, ""doppler"": 0.0, ""angle"": 25.670699347714237, ""elevation"": 0.0}, {""range"": 1.713467206346178, ""doppler"": 0.0, ""angle"": 25.219900068489554, ""elevation"": 0.0}, {""range"": 1.7416481793048575, ""doppler"": 0.0, ""angle"": 32.931389458827184, ""elevation"": 0.0}, {""range"": 1.7687569019731826, ""doppler"": 0.0, ""angle"": 46.15509944032707, ""elevation"": 0.0}]",1785094880304.957
9,"[{""range"": 0.5091729213313793, ""doppler"": 0.0, ""angle"": -21.465126654456977, ""elevation"": 0.0}, {""range"": 0.526359735622803, ""doppler"": 0.0, ""angle"": -22.67975546325771, ""elevation"": 0.0}, {""range"": 0.5400031901668405, ""doppler"": 0.0, ""angle"": -23.186134368030896, ""elevation"": 0.0}, {""range"": 0.5576700933402269, ""doppler"": 0.0, ""angle"": -22.84880377553199, ""elevation"": 0.0}, {""range"": 0.09154609846116413, ""doppler"": 0.0, ""angle"": 21.905319019716988, ""elevation"": 0.0}, {""range"": 0.08713744477157731, ""doppler"": 0.0, ""angle"": 22.565599032604606, ""elevation"": 0.0}, {""range"": 1.7122573727468478, ""doppler"": 0.0, ""angle"": 30.271081011570125, ""elevation"": 0.0}, {""range"": 1.7417303785129512, ""doppler"": 0.0, ""angle"": 38.15821772664922, ""elevation"": 0.0}, {""range"": 1.7652364969369103, ""doppler"": 0.0, ""angle"": 45.01231196446484, ""elevation"": 0.0}]",1785094880305.203
6,"[{""range"": 1.7412794513723935, ""doppler"": 0.0, ""angle"": -57.424565579589526, ""elevation"": 0.0}, {""range"": 1.7141231428297965, ""doppler"": 0.0, ""angle"": -48.66676066510787, ""elevation"": 0.0}, {""range"": 0.531890756833445, ""doppler"": 0.0, ""angle"": -20.177295288422542, ""elevation"": 0.0}, {""range"": 0.5527134371280356, ""doppler"": 0.0, ""angle"": -21.34360374861305, ""elevation"": 0.0}, {""range"": 0.5032973181164792, ""doppler"": 0.0, ""angle"": -17.321237007971124, ""elevation"": 0.0}, {""range"": 0.5175210138517005, ""doppler"": 0.0, ""angle"": -18.034285567129857, ""elevation"": 0.0}]",1785094880305.4458
3,"[{""range"": 1.7198040679372266, ""doppler"": 0.0, ""angle"": 9.533815802092379, ""elevation"": 0.0}, {""range"": 1.736279481098869, ""doppler"": 0.0, ""angle"": 5.638374565316095, ""elevation"": 0.0}, {""range"": 0.46113367930805704, ""doppler"": 0.0, ""angle"": 44.73292536409493, ""elevation"": 0.0}]",1785094880305.6907
3,"[{""range"": 1.7175586156522897, ""doppler"": 0.0, ""angle"": 10.448899247168166, ""elevation"": 0.0}, {""range"": 1.7335041861576237, ""doppler"": 0.0, ""angle"": 6.402195196636954, ""elevation"": 0.0}, {""range"": 1.7568541482965367, ""doppler"": 0.0, ""angle"": 5.10942587851692, ""elevation"": 0.0}]",1785094880305.943
2,"[{""range"": 1.7162830529673563, ""doppler"": 0.0, ""angle"": 12.870678592150256, ""elevation"": 0.0}, {""range"": 1.7294820314780945, ""doppler"": 0.0, ""angle"": 12.922686294359607, ""elevation"": 0.0}]",1785094880306.21
3,"[{""range"": 0.09164017872918526, ""doppler"": 0.0, ""angle"": -66.78672955341322, ""elevation"": 0.0}, {""range"": 0.08792446798529546, ""doppler"": 0.0, ""angle"": -61.71502819489271, ""elevation"": 0.0}, {""range"": 0.12163304463447437, ""doppler"": 0.0, ""angle"": -57.54818839829162, ""elevation"": 0.0}]",1785094880306.456
2,"[{""range"": 0.0872569859964627, ""doppler"": 0.0, ""angle"": -64.3801646519383, ""elevation"": 0.0}, {""range"": 0.1203469587772377, ""doppler"": 0.0, ""angle"": -59.85386473563238, ""elevation"": 0.0}]",1785094880306.696
1,"[{""range"": 0.09149980831311734, ""doppler"": 0.0, ""angle"": -69.40463929286815, ""elevation"": 0.0}]",1785094880306.934
3,"[{""range"": 0.08708385470207321, ""doppler"": 0.0, ""angle"": -69.44395478041653, ""elevation"": 0.0}, {""range"": 0.1223278135337746, ""doppler"": 0.0, ""angle"": -66.8453985598685, ""elevation"": 0.0}, {""range"": 1.7261863049545818, ""doppler"": 0.0, ""angle"": 14.334221444666108, ""elevation"": 0.0}]",1785094880307.173
3,"[{""range"": 0.09148460606313347, ""doppler"": 0.0, ""angle"": -68.80168170802872, ""elevation"": 0.0}, {""range"": 0.08693005899934379, ""doppler"": 0.0, ""angle"": -65.96571184055742, ""elevation"": 0.0}, {""range"": 0.12163514762527229, ""doppler"": 0.0, ""angle"": -62.982920493402, ""elevation"": 0.0}]",1785094880307.405
3,"[{""range"": 0.09157787663222505, ""doppler"": 0.0, ""angle"": -66.03751102542182, ""elevation"": 0.0}, {""range"": 0.08698668449795652, ""doppler"": 0.0, ""angle"": -60.16746587060228, ""elevation"": 0.0}, {""range"": 0.12084250444488626, ""doppler"": 0.0, ""angle"": -53.180971633047854, ""elevation"": 0.0}]",1785094880307.6301
3,"[{""range"": 0.09154609846116413, ""doppler"": 0.0, ""angle"": -68.09468098028302, ""elevation"": 0.0}, {""range"": 0.08789955389267505, ""doppler"": 0.0, ""angle"": -60.775580809799095, ""elevation"": 0.0}, {""range"": 0.12228846905002147, ""doppler"": 0.0, ""angle"": -51.471033673096926, ""elevation"": 0.0}]",1785094880307.859
2,"[{""range"": 0.0888446169492208, ""doppler"": 0.0, ""angle"": -63.33180621694292, ""elevation"": 0.0}, {""range"": 0.12356159310406313, ""doppler"": 0.0, ""angle"": -52.88135234172756, ""elevation"": 0.0}]",1785094880308.101
1,"[{""range"": 0.12190665381681025, ""doppler"": 0.0, ""angle"": -55.82043609641604, ""elevation"": 0.0}]",1785094880308.332
1,"[{""range"": 0.11975581832524208, ""doppler"": 0.0, ""angle"": -59.491078770019314, ""elevation"": 0.0}]",1785094880308.552
1,"[{""range"": 0.12156191584599987, ""doppler"": 0.0, ""angle"": -59.20969131199447, ""elevation"": 0.0}]",1785094880308.7842
2,"[{""range"": 0.12239288062082007, ""doppler"": 0.0, ""angle"": -61.9373610839045, ""elevation"": 0.0}, {""range"": 0.09158695408445851, ""doppler"": 0.0, ""angle"": 68.94642623894264, ""elevation"": 0.0}]",1785094880309.01
1,"[{""range"": 0.12293766841476532, ""doppler"": 0.0, ""angle"": -57.835609486401445, ""elevation"": 0.0}]",1785094880309.24
3,"[{""range"": 0.12216250772288482, ""doppler"": 0.0, ""angle"": -67.90269213568546, ""elevation"": 0.0}, {""range"": 0.09157735290560491, ""doppler"": 0.0, ""angle"": 64.43564670078085, ""elevation"": 0.0}, {""range"": 0.08662367858731691, ""doppler"": 0.0, ""angle"": 69.58238355072335, ""elevation"": 0.0}]",1785094880309.466
2,"[{""range"": 0.0915450506413236, ""doppler"": 0.0, ""angle"": -65.53752088155673, ""elevation"": 0.0}, {""range"": 0.1280749733525368, ""doppler"": 0.0, ""angle"": -68.62937773065681, ""elevation"": 0.0}]",1785094880309.697
3,"[{""range"": 1.7128307877577975, ""doppler"": 0.0, ""angle"": 15.886239169596166, ""elevation"": 0.0}, {""range"": 0.4610777542320936, ""doppler"": 0.0, ""angle"": 46.03705663238864, ""elevation"": 0.0}, {""range"": 1.7649332526847576, ""doppler"": 0.0, ""angle"": 65.2836471831777, ""elevation"": 0.0}]",1785094880309.948
2,"[{""range"": 0.08877260946716667, ""doppler"": 0.0, ""angle"": -62.66072865799395, ""elevation"": 0.0}, {""range"": 0.12237367766993545, ""doppler"": 0.0, ""angle"": -57.471017521910554, ""elevation"": 0.0}]",1785094880310.1719
1,"[{""range"": 0.09157787663222505, ""doppler"": 0.0, ""angle"": 66.03751102542182, ""elevation"": 0.0}]",1785094880310.407
1,"[{""range"": 0.09156984582822016, ""doppler"": 0.0, ""angle"": 66.8895567699047, ""elevation"": 0.0}]",1785094880310.642
3,"[{""range"": 0.09153072923465401, ""doppler"": 0.0, ""angle"": -57.769184157159806, ""elevation"": 0.0}, {""range"": 0.08821980762218835, ""doppler"": 0.0, ""angle"": -51.66665989090137, ""elevation"": 0.0}, {""range"": 0.12278516315652636, ""doppler"": 0.0, ""angle"": -47.715085331919596, ""elevation"": 0.0}]",1785094880310.875
3,"[{""range"": 0.08729966578270121, ""doppler"": 0.0, ""angle"": -68.74341794399643, ""elevation"": 0.0}, {""range"": 1.7435131881143984, ""doppler"": 0.0, ""angle"": 39.46925793826358, ""elevation"": 0.0}, {""range"": 1.7635927744155395, ""doppler"": 0.0, ""angle"": 39.466392727462654, ""elevation"": 0.0}]",1785094880311.095
4,"[{""range"": 0.09154609846116413, ""doppler"": 0.0, ""angle"": -68.09468098028302, ""elevation"": 0.0}, {""range"": 1.7165796175927133, ""doppler"": 0.0, ""angle"": 43.41717992187322, ""elevation"": 0.0}, {""range"": 1.7605569664166962, ""doppler"": 0.0, ""angle"": 40.1922759669, ""elevation"": 0.0}, {""range"": 1.7420705529492735, ""doppler"": 0.0, ""angle"": 44.38867968477838, ""elevation"": 0.0}]",1785094880311.32
3,"[{""range"": 1.7226265955840327, ""doppler"": 0.0, ""angle"": 23.672627787812388, ""elevation"": 0.0}, {""range"": 1.7444182434191517, ""doppler"": 0.0, ""angle"": 36.618524700683466, ""elevation"": 0.0}, {""range"": 1.7636544887940007, ""doppler"": 0.0, ""angle"": 38.880266272782855, ""elevation"": 0.0}]",1785094880311.5461
2,"[{""range"": 1.7462745261670367, ""doppler"": 0.0, ""angle"": 50.47612418912421, ""elevation"": 0.0}, {""range"": 1.7594972213611133, ""doppler"": 0.0, ""angle"": 50.393488276894566, ""elevation"": 0.0}]",1785094880311.763
4,"[{""range"": 0.09162150999762192, ""doppler"": 0.0, ""angle"": -67.38873673024852, ""elevation"": 0.0}, {""range"": 1.717061230336161, ""doppler"": 0.0, ""angle"": 51.299190316832714, ""elevation"": 0.0}, {""range"": 1.7435537903587492, ""doppler"": 0.0, ""angle"": 50.2801975898388, ""elevation"": 0.0}, {""range"": 1.7592950772854994, ""doppler"": 0.0, ""angle"": 47.38080118279235, ""elevation"": 0.0}]",1785094880311.999
3,"[{""range"": 0.5104606679285981, ""doppler"": 0.0, ""angle"": -18.94905468191972, ""elevation"": 0.0}, {""range"": 0.5266643510790707, ""doppler"": 0.0, ""angle"": -21.678589139614346, ""elevation"": 0.0}, {""range"": 0.49697217967787277, ""doppler"": 0.0, ""angle"": -17.267937758503614, ""elevation"": 0.0}]",1785094880312.2292
6,"[{""range"": 0.5068137381105564, ""doppler"": 0.0, ""angle"": -19.604870751762466, ""elevation"": 0.0}, {""range"": 0.5225183042780864, ""doppler"": 0.0, ""angle"": -22.070846219334904, ""elevation"": 0.0}, {""range"": 0.09150836938810335, ""doppler"": 0.0, ""angle"": 30.925354540831197, ""elevation"": 0.0}, {""range"": 1.7428127422396, ""doppler"": 0.0, ""angle"": 51.46505095753116, ""elevation"": 0.0}, {""range"": 1.7590999261551756, ""doppler"": 0.0, ""angle"": 44.53050800216055, ""elevation"": 0.0}, {""range"": 1.717008502473259, ""doppler"": 0.0, ""angle"": 58.26975282300571, ""elevation"": 0.0}]",1785094880312.4622
8,"[{""range"": 0.49406859563388555, ""doppler"": 0.0, ""angle"": -19.031689970810145, ""elevation"": 0.0}, {""range"": 0.501785736853098, ""doppler"": 0.0, ""angle"": -19.63596934391855, ""elevation"": 0.0}, {""range"": 0.512060481742929, ""doppler"": 0.0, ""angle"": -20.46003325402942, ""elevation"": 0.0}, {""range"": 0.09152548913572804, ""doppler"": 0.0, ""angle"": 22.757636319453336, ""elevation"": 0.0}, {""range"": 0.08650344699810923, ""doppler"": 0.0, ""angle"": 21.207578141025305, ""elevation"": 0.0}, {""range"": 1.7178431407773698, ""doppler"": 0.0, ""angle"": 28.819416289886192, ""elevation"": 0.0}, {""range"": 1.7482729347819779, ""doppler"": 0.0, ""angle"": 39.28033572489939, ""elevation"": 0.0}, {""range"": 1.7634654680903104, ""doppler"": 0.0, ""angle"": 40.196101432755476, ""elevation"": 0.0}]",1785094880312.6873
8,"[{""range"": 0.49918810645083084, ""doppler"": 0.0, ""angle"": -18.525812012855503, ""elevation"": 0.0}, {""range"": 0.5057938544956745, ""doppler"": 0.0, ""angle"": -19.21643938875957, ""elevation"": 0.0}, {""range"": 0.5115712907528014, ""doppler"": 0.0, ""angle"": -18.37795071907413, ""elevation"": 0.0}, {""range"": 0.09158643040974675, ""doppler"": 0.0, ""angle"": 20.097793500364855, ""elevation"": 0.0}, {""range"": 0.0872062193308805, ""doppler"": 0.0, ""angle"": 19.4009339838051, ""elevation"": 0.0}, {""range"": 1.7187755075140134, ""doppler"": 0.0, ""angle"": 31.518857519676978, ""elevation"": 0.0}, {""range"": 1.7454292748745899, ""doppler"": 0.0, ""angle"": 39.821353603897904, ""elevation"": 0.0}, {""range"": 1.7619307503671646, ""doppler"": 0.0, ""angle"": 40.888896948128654, ""elevation"": 0.0}]",1785094880312.9211
9,"[{""range"": 0.5667444108375745, ""doppler"": 0.0, ""angle"": -27.591834273002558, ""elevation"": 0.0}, {""range"": 0.4963850661495206, ""doppler"": 0.0, ""angle"": -21.0923395058275, ""elevation"": 0.0}, {""range"": 0.5104897626213272, ""doppler"": 0.0, ""angle"": -23.251295658853145, ""elevation"": 0.0}, {""range"": 0.5310997211691314, ""doppler"": 0.0, ""angle"": -25.935262974358245, ""elevation"": 0.0}, {""range"": 0.09149980831311734, ""doppler"": 0.0, ""angle"": 20.595360707131853, ""elevation"": 0.0}, {""range"": 0.08953937025032646, ""doppler"": 0.0, ""angle"": 19.846246022397573, ""elevation"": 0.0}, {""range"": 1.7217806546085768, ""doppler"": 0.0, ""angle"": 30.693326951124156, ""elevation"": 0.0}, {""range"": 1.7473181725665976, ""doppler"": 0.0, ""angle"": 40.01427608390441, ""elevation"": 0.0}, {""range"": 1.7618782401468231, ""doppler"": 0.0, ""angle"": 41.46983341564436, ""elevation"": 0.0}]",1785094880313.161
8,"[{""range"": 0.4897684609555741, ""doppler"": 0.0, ""angle"": -15.76149834339913, ""elevation"": 0.0}, {""range"": 0.5030299133037253, ""doppler"": 0.0, ""angle"": -15.864264236111453, ""elevation"": 0.0}, {""range"": 0.5342238590023533, ""doppler"": 0.0, ""angle"": -15.85056159384852, ""elevation"": 0.0}, {""range"": 0.09157124254037881, ""doppler"": 0.0, ""angle"": 46.42418731824579, ""elevation"": 0.0}, {""range"": 0.08738148667138335, ""doppler"": 0.0, ""angle"": 45.91201207603511, ""elevation"": 0.0}, {""range"": 1.7208326267446048, ""doppler"": 0.0, ""angle"": 49.95278213922109, ""elevation"": 0.0}, {""range"": 1.7444010135453698, ""doppler"": 0.0, ""angle"": 47.862612617384436, ""elevation"": 0.0}, {""range"": 1.757378579635117, ""doppler"": 0.0, ""angle"": 44.3651468595858, ""elevation"": 0.0}]",1785094880313.385
8,"[{""range"": 0.5021238235838952, ""doppler"": 0.0, ""angle"": -23.66209080037486, ""elevation"": 0.0}, {""range"": 1.7120369698820372, ""doppler"": 0.0, ""angle"": 33.72658173410352, ""elevation"": 0.0}, {""range"": 0.09160946926519004, ""doppler"": 0.0, ""angle"": 41.280611457701106, ""elevation"": 0.0}, {""range"": 0.09089835353651647, ""doppler"": 0.0, ""angle"": 42.12963481568536, ""elevation"": 0.0}, {""range"": 1.7382762377670635, ""doppler"": 0.0, ""angle"": 37.95562508907134, ""elevation"": 0.0}, {""range"": 1.7584805773468684, ""doppler"": 0.0, ""angle"": 39.87643828246996, ""elevation"": 0.0}, {""range"": 0.29456690828118076, ""doppler"": 0.0, ""angle"": 49.94950051679739, ""elevation"": 0.0}, {""range"": 0.29766698646182466, ""doppler"": 0.0, ""angle"": 51.07142657437452, ""elevation"": 0.0}]",1785094880313.602
8,"[{""range"": 0.5503055697526094, ""doppler"": 0.0, ""angle"": -18.352525851296694, ""elevation"": 0.0}, {""range"": 3.1389254781461373, ""doppler"": 0.0, ""angle"": -22.388124138968735, ""elevation"": 0.0}, {""range"": 3.16114634752787, ""doppler"": 0.0, ""angle"": -23.566280765056565, ""elevation"": 0.0}, {""range"": 3.192131024158265, ""doppler"": 0.0, ""angle"": -23.54079673169548, ""elevation"": 0.0}, {""range"": 0.5290125553772539, ""doppler"": 0.0, ""angle"": -16.879179881410305, ""elevation"": 0.0}, {""range"": 0.5364649290822032, ""doppler"": 0.0, ""angle"": -16.937045414244277, ""elevation"": 0.0}, {""range"": 0.09152286897375778, ""doppler"": 0.0, ""angle"": 20.94910408553272, ""elevation"": 0.0}, {""range"": 0.09884141393617299, ""doppler"": 0.0, ""angle"": 24.246650136046675, ""elevation"": 0.0}]",1785094880313.8262
6,"[{""range"": 0.5935400149715292, ""doppler"": 0.0, ""angle"": -32.962358811098376, ""elevation"": 0.0}, {""range"": 0.5522036600244471, ""doppler"": 0.0, ""angle"": -20.371465935486917, ""elevation"": 0.0}, {""range"": 0.5235921463436427, ""doppler"": 0.0, ""angle"": -17.079711106223357, ""elevation"": 0.0}, {""range"": 0.5324411222249983, ""doppler"": 0.0, ""angle"": -17.230052713939752, ""elevation"": 0.0}, {""range"": 0.44420033902051365, ""doppler"": 0.0, ""angle"": 35.910367250064304, ""elevation"": 0.0}, {""range"": 0.46927675597322976, ""doppler"": 0.0, ""angle"": 38.98372167147231, ""elevation"": 0.0}]",1785094880314.05
9,"[{""range"": 0.5194319192416034, ""doppler"": 0.0, ""angle"": -31.227603456834427, ""elevation"": 0.0}, {""range"": 2.9914422313850997, ""doppler"": 0.0, ""angle"": 18.10570370456866, ""elevation"": 0.0}, {""range"": 0.6285002519142736, ""doppler"": 0.0, ""angle"": 19.945503560676222, ""elevation"": 0.0}, {""range"": 0.6629773489528346, ""doppler"": 0.0, ""angle"": 19.637191878974615, ""elevation"": 0.0}, {""range"": 3.0056681086663986, ""doppler"": 0.0, ""angle"": 19.456862781560012, ""elevation"": 0.0}, {""range"": 0.5737052458253196, ""doppler"": 0.0, ""angle"": 33.803985333062336, ""elevation"": 0.0}, {""range"": 0.49445092261294316, ""doppler"": 0.0, ""angle"": 40.99685016950066, ""elevation"": 0.0}, {""range"": 0.5030928691708249, ""doppler"": 0.0, ""angle"": 40.387035625520134, ""elevation"": 0.0}, {""range"": 0.52370132351349, ""doppler"": 0.0, ""angle"": 39.527535698134955, ""elevation"": 0.0}]",1785094880314.265
9,"[{""range"": 1.2479449585876916, ""doppler"": 0.0, ""angle"": 0.11493621395879244, ""elevation"": 0.0}, {""range"": 1.2737414716015218, ""doppler"": 0.0, ""angle"": 0.5067443479493804, ""elevation"": 0.0}, {""range"": 0.6784463652629846, ""doppler"": 0.0, ""angle"": 16.60088744363327, ""elevation"": 0.0}, {""range"": 0.7043763910041185, ""doppler"": 0.0, ""angle"": 25.276991543199518, ""elevation"": 0.0}, {""range"": 0.559599057403537, ""doppler"": 0.0, ""angle"": 29.267995214892697, ""elevation"": 0.0}, {""range"": 0.5978199383185583, ""doppler"": 0.0, ""angle"": 27.369821907937727, ""elevation"": 0.0}, {""range"": 0.4994966817826646, ""doppler"": 0.0, ""angle"": 36.20531938301856, ""elevation"": 0.0}, {""range"": 0.5252481493070277, ""doppler"": 0.0, ""angle"": 36.83478755181034, ""elevation"": 0.0}, {""range"": 0.5397163228527613, ""doppler"": 0.0, ""angle"": 35.180190662297655, ""elevation"": 0.0}]",1785094880314.493
6,"[{""range"": 0.4536036199621117, ""doppler"": 0.0, ""angle"": -36.278122811866005, ""elevation"": 0.0}, {""range"": 0.532482076458294, ""doppler"": 0.0, ""angle"": 13.95224580606185, ""elevation"": 0.0}, {""range"": 0.6432762631910843, ""doppler"": 0.0, ""angle"": 22.608838754159013, ""elevation"": 0.0}, {""range"": 0.5800764819259316, ""doppler"": 0.0, ""angle"": 29.552099712092637, ""elevation"": 0.0}, {""range"": 0.5931161435355408, ""doppler"": 0.0, ""angle"": 28.427107180154813, ""elevation"": 0.0}, {""range"": 0.6027179828970811, ""doppler"": 0.0, ""angle"": 27.49252922075405, ""elevation"": 0.0}]",1785094880314.7148
7,"[{""range"": 0.4434046933702058, ""doppler"": 0.0, ""angle"": -29.180282066441737, ""elevation"": 0.0}, {""range"": 0.4502205703155085, ""doppler"": 0.0, ""angle"": -28.437926300887874, ""elevation"": 0.0}, {""range"": 0.466088218481034, ""doppler"": 0.0, ""angle"": -28.53151574537375, ""elevation"": 0.0}, {""range"": 0.5651132559504164, ""doppler"": 0.0, ""angle"": 6.5043625846269375, ""elevation"": 0.0}, {""range"": 0.6099103199033451, ""doppler"": 0.0, ""angle"": 29.00728863283095, ""elevation"": 0.0}, {""range"": 0.6239644276348186, ""doppler"": 0.0, ""angle"": 35.21128034015771, ""elevation"": 0.0}, {""range"": 0.6569146476146505, ""doppler"": 0.0, ""angle"": 48.0672720934682, ""elevation"": 0.0}]",1785094880314.932
11,"[{""range"": 0.4295399906822584, ""doppler"": 0.0, ""angle"": -28.60284535596478, ""elevation"": 0.0}, {""range"": 0.4396127392543696, ""doppler"": 0.0, ""angle"": -29.7246466750807, ""elevation"": 0.0}, {""range"": 0.4557549069092096, ""doppler"": 0.0, ""angle"": -32.06257174007194, ""elevation"": 0.0}, {""range"": 0.3473902387959179, ""doppler"": 0.0, ""angle"": -19.70342047542331, ""elevation"": 0.0}, {""range"": 0.39516847853766485, ""doppler"": 0.0, ""angle"": -25.115568488094702, ""elevation"": 0.0}, {""range"": 3.298001842290312, ""doppler"": 0.0, ""angle"": -16.227027153583094, ""elevation"": 0.0}, {""range"": 0.6159955511249949, ""doppler"": 0.0, ""angle"": 26.42372732883123, ""elevation"": 0.0}, {""range"": 0.6468457336371186, ""doppler"": 0.0, ""angle"": 33.053083493866126, ""elevation"": 0.0}, {""range"": 0.7471814439218499, ""doppler"": 0.0, ""angle"": 32.221949176921214, ""elevation"": 0.0}, {""range"": 0.6781935659354826, ""doppler"": 0.0, ""angle"": 38.96415604247144, ""elevation"": 0.0}, {""range"": 0.7090470136012179, ""doppler"": 0.0, ""angle"": 40.704733491208124, ""elevation"": 0.0}]",1785094880315.1519
8,"[{""range"": 0.40616281350659206, ""doppler"": 0.0, ""angle"": -21.73114818305782, ""elevation"": 0.0}, {""range"": 0.4302643761491983, ""doppler"": 0.0, ""angle"": -25.81960912043739, ""elevation"": 0.0}, {""range"": 0.4496456913434598, ""doppler"": 0.0, ""angle"": -25.107742946644564, ""elevation"": 0.0}, {""range"": 0.47498911877222166, ""doppler"": 0.0, ""angle"": -23.11928844731432, ""elevation"": 0.0}, {""range"": 0.5313706611746467, ""doppler"": 0.0, ""angle"": -3.202289824712774, ""elevation"": 0.0}, {""range"": 0.7179385030252619, ""doppler"": 0.0, ""angle"": 36.798545528914865, ""elevation"": 0.0}, {""range"": 0.7280947262226866, ""doppler"": 0.0, ""angle"": 36.833312104685916, ""elevation"": 0.0}, {""range"": 0.7446222103350189, ""doppler"": 0.0, ""angle"": 37.084539108581815, ""elevation"": 0.0}]",1785094880315.375
8,"[{""range"": 0.42846184376247815, ""doppler"": 0.0, ""angle"": -27.62378490028077, ""elevation"": 0.0}, {""range"": 0.4350572787628702, ""doppler"": 0.0, ""angle"": -27.860542972187883, ""elevation"": 0.0}, {""range"": 0.41311224231691324, ""doppler"": 0.0, ""angle"": -25.455881341938554, ""elevation"": 0.0}, {""range"": 0.7301855568224672, ""doppler"": 0.0, ""angle"": 43.17414163121006, ""elevation"": 0.0}, {""range"": 0.7292367455432742, ""doppler"": 0.0, ""angle"": 40.674440098940856, ""elevation"": 0.0}, {""range"": 0.7493652299790506, ""doppler"": 0.0, ""angle"": 42.73721019286054, ""elevation"": 0.0}, {""range"": 0.8241074091529977, ""doppler"": 0.0, ""angle"": 37.568592028827496, ""elevation"": 0.0}, {""range"": 0.8598372480568832, ""doppler"": 0.0, ""angle"": 37.88752422205318, ""elevation"": 0.0}]",1785094880315.6118
5,"[{""range"": 0.44821662856122224, ""doppler"": 0.0, ""angle"": -23.711834593259866, ""elevation"": 0.0}, {""range"": 0.46254519700120866, ""doppler"": 0.0, ""angle"": -21.904237408100673, ""elevation"": 0.0}, {""range"": 0.48085873086772013, ""doppler"": 0.0, ""angle"": -17.61966934353903, ""elevation"": 0.0}, {""range"": 0.5302745236461222, ""doppler"": 0.0, ""angle"": 5.670220988030006, ""elevation"": 0.0}, {""range"": 0.5710593139175056, ""doppler"": 0.0, ""angle"": 26.861917844402686, ""elevation"": 0.0}]",1785094880315.823
7,"[{""range"": 1.3206780894440813, ""doppler"": 0.0, ""angle"": -44.818979948982914, ""elevation"": 0.0}, {""range"": 0.48795347814997075, ""doppler"": 0.0, ""angle"": -13.17559827157595, ""elevation"": 0.0}, {""range"": 0.5004873930854883, ""doppler"": 0.0, ""angle"": -13.639052052372037, ""elevation"": 0.0}, {""range"": 0.4511537931330941, ""doppler"": 0.0, ""angle"": -9.559389311833991, ""elevation"": 0.0}, {""range"": 0.5189926200173914, ""doppler"": 0.0, ""angle"": -10.260704890817426, ""elevation"": 0.0}, {""range"": 0.5528928005988233, ""doppler"": 0.0, ""angle"": 0.03706065428358926, ""elevation"": 0.0}, {""range"": 2.237748282706048, ""doppler"": 0.0, ""angle"": 40.56355333943063, ""elevation"": 0.0}]",1785094880316.04
9,"[{""range"": 0.5211535413670343, ""doppler"": 0.0, ""angle"": -11.09788392509542, ""elevation"": 0.0}, {""range"": 0.5445019069657415, ""doppler"": 0.0, ""angle"": -12.74922210190263, ""elevation"": 0.0}, {""range"": 0.5600174375369725, ""doppler"": 0.0, ""angle"": -13.046723795105464, ""elevation"": 0.0}, {""range"": 0.5828893515389052, ""doppler"": 0.0, ""angle"": -14.42417771360913, ""elevation"": 0.0}, {""range"": 0.445557322212267, ""doppler"": 0.0, ""angle"": -7.030897227828624, ""elevation"": 0.0}, {""range"": 0.4868493666241901, ""doppler"": 0.0, ""angle"": -8.320571727778054, ""elevation"": 0.0}, {""range"": 2.2804185982913165, ""doppler"": 0.0, ""angle"": 40.66902991331451, ""elevation"": 0.0}, {""range"": 1.9138832628979763, ""doppler"": 0.0, ""angle"": 52.26821441802798, ""elevation"": 0.0}, {""range"": 1.9410429489844094, ""doppler"": 0.0, ""angle"": 57.08876158602265, ""elevation"": 0.0}]",1785094880316.258
6,"[{""range"": 0.5308499053757022, ""doppler"": 0.0, ""angle"": -19.86933296399227, ""elevation"": 0.0}, {""range"": 3.0313710931463675, ""doppler"": 0.0, ""angle"": -18.410367076425242, ""elevation"": 0.0}, {""range"": 3.0510801331447506, ""doppler"": 0.0, ""angle"": -18.99243811902357, ""elevation"": 0.0}, {""range"": 0.5663303792661764, ""doppler"": 0.0, ""angle"": -15.15515939849367, ""elevation"": 0.0}, {""range"": 0.5881308819431103, ""doppler"": 0.0, ""angle"": -11.238188944061738, ""elevation"": 0.0}, {""range"": 0.6077493160838651, ""doppler"": 0.0, ""angle"": -8.084805488015798, ""elevation"": 0.0}]",1785094880316.4812
7,"[{""range"": 0.4938205394806204, ""doppler"": 0.0, ""angle"": -18.69081972024684, ""elevation"": 0.0}, {""range"": 0.5044986322873901, ""doppler"": 0.0, ""angle"": -20.998144513896168, ""elevation"": 0.0}, {""range"": 0.516296523707816, ""doppler"": 0.0, ""angle"": -22.8885204240366, ""elevation"": 0.0}, {""range"": 0.6070767042292514, ""doppler"": 0.0, ""angle"": 23.85453581376976, ""elevation"": 0.0}, {""range"": 0.6446512407764103, ""doppler"": 0.0, ""angle"": 23.144333162903497, ""elevation"": 0.0}, {""range"": 0.6672997989326283, ""doppler"": 0.0, ""angle"": 18.546617432380856, ""elevation"": 0.0}, {""range"": 0.6927206812142751, ""doppler"": 0.0, ""angle"": 19.356354286430086, ""elevation"": 0.0}]",1785094880316.693
9,"[{""range"": 0.5852027158030373, ""doppler"": 0.0, ""angle"": -43.65051111178723, ""elevation"": 0.0}, {""range"": 0.5188360796905884, ""doppler"": 0.0, ""angle"": -26.353107213412915, ""elevation"": 0.0}, {""range"": 0.5177639217016243, ""doppler"": 0.0, ""angle"": -24.396463505790088, ""elevation"": 0.0}, {""range"": 0.6682404722208239, ""doppler"": 0.0, ""angle"": -12.39244487611948, ""elevation"": 0.0}, {""range"": 0.6646467996504702, ""doppler"": 0.0, ""angle"": -13.583868573171378, ""elevation"": 0.0}, {""range"": 0.6845678434604242, ""doppler"": 0.0, ""angle"": -15.452010641129688, ""elevation"": 0.0}, {""range"": 2.1181682780269644, ""doppler"": 0.0, ""angle"": 1.7705726073200276, ""elevation"": 0.0}, {""range"": 2.145502938447443, ""doppler"": 0.0, ""angle"": 1.1747904718594346, ""elevation"": 0.0}, {""range"": 2.742849227621476, ""doppler"": 0.0, ""angle"": 56.31718431748114, ""elevation"": 0.0}]",1785094880316.933
7,"[{""range"": 0.5298919464107579, ""doppler"": 0.0, ""angle"": -18.45329129786248, ""elevation"": 0.0}, {""range"": 0.5505356968036116, ""doppler"": 0.0, ""angle"": -17.581607915243254, ""elevation"": 0.0}, {""range"": 0.5968056165441435, ""doppler"": 0.0, ""angle"": -14.789872684318533, ""elevation"": 0.0}, {""range"": 0.6545247568646047, ""doppler"": 0.0, ""angle"": -13.846422470420563, ""elevation"": 0.0}, {""range"": 0.6741700330400735, ""doppler"": 0.0, ""angle"": -14.202104058216142, ""elevation"": 0.0}, {""range"": 0.6847349656956686, ""doppler"": 0.0, ""angle"": -17.3040400147607, ""elevation"": 0.0}, {""range"": 0.7484850129021091, ""doppler"": 0.0, ""angle"": 17.820285135258107, ""elevation"": 0.0}]",1785094880317.1511
5,"[{""range"": 0.5529680048868264, ""doppler"": 0.0, ""angle"": -28.21417030033923, ""elevation"": 0.0}, {""range"": 0.5806412528456367, ""doppler"": 0.0, ""angle"": -23.889035184106767, ""elevation"": 0.0}, {""range"": 0.6577436935548708, ""doppler"": 0.0, ""angle"": -11.923955976924244, ""elevation"": 0.0}, {""range"": 0.6891744671510861, ""doppler"": 0.0, ""angle"": -14.162437479649787, ""elevation"": 0.0}, {""range"": 0.6961915641400154, ""doppler"": 0.0, ""angle"": -13.168894961562536, ""elevation"": 0.0}]",1785094880317.37
6,"[{""range"": 0.5676438698968459, ""doppler"": 0.0, ""angle"": -25.96773727426085, ""elevation"": 0.0}, {""range"": 0.577808945157806, ""doppler"": 0.0, ""angle"": -27.239088075062494, ""elevation"": 0.0}, {""range"": 0.6307156816852878, ""doppler"": 0.0, ""angle"": -22.27499232972832, ""elevation"": 0.0}, {""range"": 0.6961421212990685, ""doppler"": 0.0, ""angle"": -11.42249771134156, ""elevation"": 0.0}, {""range"": 0.7109859921222137, ""doppler"": 0.0, ""angle"": -8.445974872437732, ""elevation"": 0.0}, {""range"": 0.73285544467601, ""doppler"": 0.0, ""angle"": -0.8248456447605496, ""elevation"": 0.0}]",1785094880317.5781
6,"[{""range"": 0.591942862051371, ""doppler"": 0.0, ""angle"": -19.885511410262954, ""elevation"": 0.0}, {""range"": 0.6066630814551124, ""doppler"": 0.0, ""angle"": -20.299088604548373, ""elevation"": 0.0}, {""range"": 0.6278433266723559, ""doppler"": 0.0, ""angle"": -20.019354668202457, ""elevation"": 0.0}, {""range"": 0.6590115196384343, ""doppler"": 0.0, ""angle"": -18.936409290457735, ""elevation"": 0.0}, {""range"": 0.6914452070916355, ""doppler"": 0.0, ""angle"": -18.313122847915785, ""elevation"": 0.0}, {""range"": 1.6375803145587988, ""doppler"": 0.0, ""angle"": -17.461512879449756, ""elevation"": 0.0}]",1785094880317.796
6,"[{""range"": 3.3370170475870866, ""doppler"": 0.0, ""angle"": -22.963964713058832, ""elevation"": 0.0}, {""range"": 0.6516073246017346, ""doppler"": 0.0, ""angle"": -11.491862382543454, ""elevation"": 0.0}, {""range"": 0.6693558749055755, ""doppler"": 0.0, ""angle"": -11.042772238247041, ""elevation"": 0.0}, {""range"": 0.6370321386297605, ""doppler"": 0.0, ""angle"": -10.038724375214258, ""elevation"": 0.0}, {""range"": 0.6986244166613809, ""doppler"": 0.0, ""angle"": -9.175423795354995, ""elevation"": 0.0}, {""range"": 0.7331818110528101, ""doppler"": 0.0, ""angle"": -10.468576818344655, ""elevation"": 0.0}]",1785094880318.017
7,"[{""range"": 1.9656165956397988, ""doppler"": 0.0, ""angle"": -26.658290768511083, ""elevation"": 0.0}, {""range"": 2.0035979658035643, ""doppler"": 0.0, ""angle"": -25.421574682856704, ""elevation"": 0.0}, {""range"": 0.6365430730791429, ""doppler"": 0.0, ""angle"": -14.844327411520647, ""elevation"": 0.0}, {""range"": 0.6647178745196342, ""doppler"": 0.0, ""angle"": -13.344660247858416, ""elevation"": 0.0}, {""range"": 0.6812377459712878, ""doppler"": 0.0, ""angle"": -12.321640749585413, ""elevation"": 0.0}, {""range"": 0.6983039464713792, ""doppler"": 0.0, ""angle"": -10.564677589789348, ""elevation"": 0.0}, {""range"": 0.723006188719701, ""doppler"": 0.0, ""angle"": -6.4184346910906696, ""elevation"": 0.0}]",1785094880318.254
6,"[{""range"": 0.6335803642618377, ""doppler"": 0.0, ""angle"": -15.401197875878994, ""elevation"": 0.0}, {""range"": 0.6535708251692467, ""doppler"": 0.0, ""angle"": -14.724413711597952, ""elevation"": 0.0}, {""range"": 0.6751630097059687, ""doppler"": 0.0, ""angle"": -13.399527220702268, ""elevation"": 0.0}, {""range"": 0.7102493072923745, ""doppler"": 0.0, ""angle"": -6.301960581979943, ""elevation"": 0.0}, {""range"": 0.756630979444219, ""doppler"": 0.0, ""angle"": 10.085634380106947, ""elevation"": 0.0}, {""range"": 0.7913524353378438, ""doppler"": 0.0, ""angle"": 16.514475782045444, ""elevation"": 0.0}]",1785094880318.478
7,"[{""range"": 0.6475052310972388, ""doppler"": 0.0, ""angle"": -12.520226642941433, ""elevation"": 0.0}, {""range"": 0.6693637089664992, ""doppler"": 0.0, ""angle"": -16.018981369159405, ""elevation"": 0.0}, {""range"": 0.6793713931474675, ""doppler"": 0.0, ""angle"": -16.27890457146473, ""elevation"": 0.0}, {""range"": 0.6948065479427509, ""doppler"": 0.0, ""angle"": -15.127085099682608, ""elevation"": 0.0}, {""range"": 0.721321536679187, ""doppler"": 0.0, ""angle"": -14.749346345625453, ""elevation"": 0.0}, {""range"": 1.9628898496347087, ""doppler"": 0.0, ""angle"": -8.201702664892856, ""elevation"": 0.0}, {""range"": 0.8337956281060805, ""doppler"": 0.0, ""angle"": 22.62742650126626, ""elevation"": 0.0}]",1785094880318.698
4,"[{""range"": 0.6844964941016551, ""doppler"": 0.0, ""angle"": -13.767609075473674, ""elevation"": 0.0}, {""range"": 0.6967139097058211, ""doppler"": 0.0, ""angle"": -13.158844477274055, ""elevation"": 0.0}, {""range"": 0.704888362126547, ""doppler"": 0.0, ""angle"": -12.869333880828856, ""elevation"": 0.0}, {""range"": 0.7351303771528648, ""doppler"": 0.0, ""angle"": -9.647907920430605, ""elevation"": 0.0}]",1785094880318.915
6,"[{""range"": 0.7059284250632996, ""doppler"": 0.0, ""angle"": -6.808189830951192, ""elevation"": 0.0}, {""range"": 1.8875097659405982, ""doppler"": 0.0, ""angle"": -5.506975046556317, ""elevation"": 0.0}, {""range"": 1.8968941615143369, ""doppler"": 0.0, ""angle"": -4.1787411473572, ""elevation"": 0.0}, {""range"": 0.7254799533086499, ""doppler"": 0.0, ""angle"": -0.5366467719442799, ""elevation"": 0.0}, {""range"": 0.7620552693219201, ""doppler"": 0.0, ""angle"": 9.35844153501613, ""elevation"": 0.0}, {""range"": 0.7955302519076765, ""doppler"": 0.0, ""angle"": 12.646145367944726, ""elevation"": 0.0}]",1785094880319.1172
6,"[{""range"": 0.6834236053991293, ""doppler"": 0.0, ""angle"": -21.826463513305036, ""elevation"": 0.0}, {""range"": 0.7000154678668205, ""doppler"": 0.0, ""angle"": -20.15691523237851, ""elevation"": 0.0}, {""range"": 0.713374039424176, ""doppler"": 0.0, ""angle"": -19.093492000485615, ""elevation"": 0.0}, {""range"": 0.727604709267433, ""doppler"": 0.0, ""angle"": -3.1274988019091943, ""elevation"": 0.0}, {""range"": 0.7522032113171665, ""doppler"": 0.0, ""angle"": 3.2160951793263304, ""elevation"": 0.0}, {""range"": 0.8003007359871857, ""doppler"": 0.0, ""angle"": 13.660549003020284, ""elevation"": 0.0}]",1785094880319.321
3,"[{""range"": 0.6962861226924495, ""doppler"": 0.0, ""angle"": -31.559304320680933, ""elevation"": 0.0}, {""range"": 0.7605338378543491, ""doppler"": 0.0, ""angle"": -4.517522507619793, ""elevation"": 0.0}, {""range"": 0.746500633347739, ""doppler"": 0.0, ""angle"": -3.4881554814354203, ""elevation"": 0.0}]",1785094880319.521
9,"[{""range"": 0.6921570274082351, ""doppler"": 0.0, ""angle"": -21.235177173537867, ""elevation"": 0.0}, {""range"": 1.9794604319300386, ""doppler"": 0.0, ""angle"": -21.18243537883673, ""elevation"": 0.0}, {""range"": 0.6674262136643071, ""doppler"": 0.0, ""angle"": -12.990014536453245, ""elevation"": 0.0}, {""range"": 2.0093093925349015, ""doppler"": 0.0, ""angle"": -17.98185512329053, ""elevation"": 0.0}, {""range"": 0.7549967729068278, ""doppler"": 0.0, ""angle"": -8.759574437221007, ""elevation"": 0.0}, {""range"": 1.3725904823734187, ""doppler"": 0.0, ""angle"": -4.902492191487037, ""elevation"": 0.0}, {""range"": 1.3842947450333614, ""doppler"": 0.0, ""angle"": -7.795165551178566, ""elevation"": 0.0}, {""range"": 0.7302481292638705, ""doppler"": 0.0, ""angle"": -1.164559100726522, ""elevation"": 0.0}, {""range"": 1.3521474258624444, ""doppler"": 0.0, ""angle"": 2.2357960521630638, ""elevation"": 0.0}]",1785094880319.724
5,"[{""range"": 0.6648797669671346, ""doppler"": 0.0, ""angle"": -27.068116419310083, ""elevation"": 0.0}, {""range"": 0.6796485242807008, ""doppler"": 0.0, ""angle"": -26.6189829456073, ""elevation"": 0.0}, {""range"": 1.3649586311043251, ""doppler"": 0.0, ""angle"": -8.528167599529954, ""elevation"": 0.0}, {""range"": 0.7528100189215755, ""doppler"": 0.0, ""angle"": 3.308920356875825, ""elevation"": 0.0}, {""range"": 0.7692101803500109, ""doppler"": 0.0, ""angle"": 3.6519399680694242, ""elevation"": 0.0}]",1785094880319.9238
6,"[{""range"": 0.6804787236270035, ""doppler"": 0.0, ""angle"": -39.840270099907706, ""elevation"": 0.0}, {""range"": 0.6275431907407583, ""doppler"": 0.0, ""angle"": -16.725827972580657, ""elevation"": 0.0}, {""range"": 0.7704317420095065, ""doppler"": 0.0, ""angle"": -12.587945390742515, ""elevation"": 0.0}, {""range"": 0.7464453774905124, ""doppler"": 0.0, ""angle"": -7.363357245164425, ""elevation"": 0.0}, {""range"": 1.5780474071814892, ""doppler"": 0.0, ""angle"": -3.8658988462491832, ""elevation"": 0.0}, {""range"": 1.5755203616646, ""doppler"": 0.0, ""angle"": -2.582483390045754, ""elevation"": 0.0}]",1785094880320.128
8,"[{""range"": 0.6714269893062064, ""doppler"": 0.0, ""angle"": -26.95402321845014, ""elevation"": 0.0}, {""range"": 0.69117923621143, ""doppler"": 0.0, ""angle"": -28.123059204556256, ""elevation"": 0.0}, {""range"": 0.6625297818046826, ""doppler"": 0.0, ""angle"": -25.327051850696577, ""elevation"": 0.0}, {""range"": 1.578756317227467, ""doppler"": 0.0, ""angle"": -7.065452327708839, ""elevation"": 0.0}, {""range"": 1.5788630465006157, ""doppler"": 0.0, ""angle"": -5.954661764163299, ""elevation"": 0.0}, {""range"": 0.7833961725516921, ""doppler"": 0.0, ""angle"": 5.8823667466345135, ""elevation"": 0.0}, {""range"": 2.61527933528516, ""doppler"": 0.0, ""angle"": 23.239741659868493, ""elevation"": 0.0}, {""range"": 2.6461759272961056, ""doppler"": 0.0, ""angle"": 27.778917273628903, ""elevation"": 0.0}]",1785094880320.3499
8,"[{""range"": 0.6786846306492129, ""doppler"": 0.0, ""angle"": -22.443359994016692, ""elevation"": 0.0}, {""range"": 0.6934202870268856, ""doppler"": 0.0, ""angle"": -21.94133569167944, ""elevation"": 0.0}, {""range"": 0.7083188978253602, ""doppler"": 0.0, ""angle"": -15.881817837537946, ""elevation"": 0.0}, {""range"": 1.575647481384229, ""doppler"": 0.0, ""angle"": -17.47465940098895, ""elevation"": 0.0}, {""range"": 1.5838083143785582, ""doppler"": 0.0, ""angle"": -17.22590766643603, ""elevation"": 0.0}, {""range"": 1.373968537008326, ""doppler"": 0.0, ""angle"": -6.591346560197111, ""elevation"": 0.0}, {""range"": 0.7662306448424203, ""doppler"": 0.0, ""angle"": 8.941345937651347, ""elevation"": 0.0}, {""range"": 0.7836091170017155, ""doppler"": 0.0, ""angle"": 11.05095577581236, ""elevation"": 0.0}]",1785094880320.663
5,"[{""range"": 1.5694974922174239, ""doppler"": 0.0, ""angle"": -11.567252868469359, ""elevation"": 0.0}, {""range"": 1.5747658338323873, ""doppler"": 0.0, ""angle"": -10.18322797702715, ""elevation"": 0.0}, {""range"": 0.6176228632314986, ""doppler"": 0.0, ""angle"": 1.3769574655927914, ""elevation"": 0.0}, {""range"": 0.7770608002021303, ""doppler"": 0.0, ""angle"": 5.850969025148181, ""elevation"": 0.0}, {""range"": 0.7578223352487866, ""doppler"": 0.0, ""angle"": 11.832259091523472, ""elevation"": 0.0}]",1785094880320.8699
7,"[{""range"": 0.6526211089284826, ""doppler"": 0.0, ""angle"": -19.611583780018925, ""elevation"": 0.0}, {""range"": 0.6962158823912262, ""doppler"": 0.0, ""angle"": -11.526381525609853, ""elevation"": 0.0}, {""range"": 1.5755393978055594, ""doppler"": 0.0, ""angle"": -5.731945600925955, ""elevation"": 0.0}, {""range"": 1.584979812873851, ""doppler"": 0.0, ""angle"": -5.5028421756878165, ""elevation"": 0.0}, {""range"": 0.7468261743655801, ""doppler"": 0.0, ""angle"": 2.6760670054812983, ""elevation"": 0.0}, {""range"": 0.7866763321242206, ""doppler"": 0.0, ""angle"": 2.5664888171282723, ""elevation"": 0.0}, {""range"": 0.7632008724938514, ""doppler"": 0.0, ""angle"": 3.747995945752221, ""elevation"": 0.0}]",1785094880321.082
10,"[{""range"": 0.6673302728947047, ""doppler"": 0.0, ""angle"": -30.997984970337477, ""elevation"": 0.0}, {""range"": 0.6959590856286091, ""doppler"": 0.0, ""angle"": -24.629140800657666, ""elevation"": 0.0}, {""range"": 0.7345737796655196, ""doppler"": 0.0, ""angle"": -5.517688129389676, ""elevation"": 0.0}, {""range"": 1.5778997205610241, ""doppler"": 0.0, ""angle"": -5.932197909345869, ""elevation"": 0.0}, {""range"": 1.5785558208555432, ""doppler"": 0.0, ""angle"": -5.910148185251734, ""elevation"": 0.0}, {""range"": 0.7647465584031687, ""doppler"": 0.0, ""angle"": 7.415813196944422, ""elevation"": 0.0}, {""range"": 0.8059853571098331, ""doppler"": 0.0, ""angle"": 15.426809309278738, ""elevation"": 0.0}, {""range"": 0.8911797488101528, ""doppler"": 0.0, ""angle"": 33.269181174073914, ""elevation"": 0.0}, {""range"": 0.9137923921307898, ""doppler"": 0.0, ""angle"": 32.582980402591204, ""elevation"": 0.0}, {""range"": 0.9365146922559465, ""doppler"": 0.0, ""angle"": 30.53598801395234, ""elevation"": 0.0}]",1785094880321.296
7,"[{""range"": 0.6904953268803993, ""doppler"": 0.0, ""angle"": -8.99885317413855, ""elevation"": 0.0}, {""range"": 0.7081850412762863, ""doppler"": 0.0, ""angle"": -10.10686956374489, ""elevation"": 0.0}, {""range"": 0.7191101023830719, ""doppler"": 0.0, ""angle"": -7.731158022752852, ""elevation"": 0.0}, {""range"": 0.7367693951546187, ""doppler"": 0.0, ""angle"": -3.1721166331697086, ""elevation"": 0.0}, {""range"": 0.7870650254031869, ""doppler"": 0.0, ""angle"": 18.29910880702268, ""elevation"": 0.0}, {""range"": 1.9809904518758665, ""doppler"": 0.0, ""angle"": 41.43210600063579, ""elevation"": 0.0}, {""range"": 2.006302997043188, ""doppler"": 0.0, ""angle"": 39.992565817416605, ""elevation"": 0.0}]",1785094880321.5042
9,"[{""range"": 0.6757852685825476, ""doppler"": 0.0, ""angle"": -13.293473485611976, ""elevation"": 0.0}, {""range"": 0.6939692077247113, ""doppler"": 0.0, ""angle"": -13.226994398719022, ""elevation"": 0.0}, {""range"": 0.713885514755953, ""doppler"": 0.0, ""angle"": -9.806791118444815, ""elevation"": 0.0}, {""range"": 0.7496351247621447, ""doppler"": 0.0, ""angle"": 0.6423637424613424, ""elevation"": 0.0}, {""range"": 0.7952162053892218, ""doppler"": 0.0, ""angle"": 14.679954074845572, ""elevation"": 0.0}, {""range"": 1.9308288884709324, ""doppler"": 0.0, ""angle"": 41.25281280655632, ""elevation"": 0.0}, {""range"": 1.9585110735266322, ""doppler"": 0.0, ""angle"": 39.413076158823095, ""elevation"": 0.0}, {""range"": 0.8920490259630696, ""doppler"": 0.0, ""angle"": 45.284243207863156, ""elevation"": 0.0}, {""range"": 2.707445157259861, ""doppler"": 0.0, ""angle"": 50.219623234810406, ""elevation"": 0.0}]",1785094880321.732
8,"[{""range"": 0.690979731356081, ""doppler"": 0.0, ""angle"": -22.50352849976742, ""elevation"": 0.0}, {""range"": 0.6610273023917442, ""doppler"": 0.0, ""angle"": -12.720454164914075, ""elevation"": 0.0}, {""range"": 0.6743248197147357, ""doppler"": 0.0, ""angle"": -16.435840636624235, ""elevation"": 0.0}, {""range"": 2.1205976989271473, ""doppler"": 0.0, ""angle"": -6.3273870277292525, ""elevation"": 0.0}, {""range"": 2.1413152898979178, ""doppler"": 0.0, ""angle"": -5.837707406378311, ""elevation"": 0.0}, {""range"": 0.7717147234719428, ""doppler"": 0.0, ""angle"": 10.75014148885118, ""elevation"": 0.0}, {""range"": 0.7998444024440542, ""doppler"": 0.0, ""angle"": 11.895255059726754, ""elevation"": 0.0}, {""range"": 0.959989015137896, ""doppler"": 0.0, ""angle"": 41.723054225466484, ""elevation"": 0.0}]",1785094880321.941
8,"[{""range"": 0.6807360289714172, ""doppler"": 0.0, ""angle"": -16.026021335745234, ""elevation"": 0.0}, {""range"": 0.6976462026869342, ""doppler"": 0.0, ""angle"": -16.28428893006838, ""elevation"": 0.0}, {""range"": 0.7107293358779321, ""doppler"": 0.0, ""angle"": -11.273180856537765, ""elevation"": 0.0}, {""range"": 0.7365314698205071, ""doppler"": 0.0, ""angle"": -4.888400948124756, ""elevation"": 0.0}, {""range"": 1.7775598303531326, ""doppler"": 0.0, ""angle"": -1.1009303788087432, ""elevation"": 0.0}, {""range"": 1.9906575341339907, ""doppler"": 0.0, ""angle"": 43.08175448073958, ""elevation"": 0.0}, {""range"": 0.8256964749352126, ""doppler"": 0.0, ""angle"": 43.850552895538385, ""elevation"": 0.0}, {""range"": 1.9742806243224922, ""doppler"": 0.0, ""angle"": 44.016541066304484, ""elevation"": 0.0}]",1785094880322.165
6,"[{""range"": 4.399622936715368, ""doppler"": 0.0, ""angle"": 0.3126005276986254, ""elevation"": -87.01091220477389}, {""range"": 0.4778427606905563, ""doppler"": 0.0, ""angle"": 95.49724969575541, ""elevation"": 0.0}, {""range"": 0.32368779656366614, ""doppler"": 0.0, ""angle"": 90.0, ""elevation"": 8.13010235415598}, {""range"": 2.1055340918765704, ""doppler"": 8.386890068650246, ""angle"": -0.004865883598754663, ""elevation"": 0.004865883581207379}, {""range"": 3.421102440973351, ""doppler"": -6.071394941624021, ""angle"": 0.0, ""elevation"": 37.236455300216896}, {""range"": 8.286415008369568, ""doppler"": 0.6752465745375957, ""angle"": -89.89159136686122, ""elevation"": -44.99994872031216}]",1785094880326.5469
8,"[{""range"": 1.319004935869467, ""doppler"": 0.0, ""angle"": -51.24072000641605, ""elevation"": 0.0}, {""range"": 0.6616414230925787, ""doppler"": 0.0, ""angle"": -8.861535378425183, ""elevation"": 0.0}, {""range"": 0.7191949789151918, ""doppler"": 0.0, ""angle"": 25.507442285927247, ""elevation"": 0.0}, {""range"": 0.7347857079984258, ""doppler"": 0.0, ""angle"": 29.02887266603862, ""elevation"": 0.0}, {""range"": 0.7571083548719999, ""doppler"": 0.0, ""angle"": 32.99947382156229, ""elevation"": 0.0}, {""range"": 0.8742479326436227, ""doppler"": 0.0, ""angle"": 33.85908113460829, ""elevation"": 0.0}, {""range"": 0.8859883998368134, ""doppler"": 0.0, ""angle"": 30.731726849584838, ""elevation"": 0.0}, {""range"": 0.8210794155868556, ""doppler"": 0.0, ""angle"": 37.416434588823236, ""elevation"": 0.0}]",1785094880445.7888
12,"[{""range"": 1.2861934155423906, ""doppler"": 0.0, ""angle"": -49.19998747143119, ""elevation"": 0.0}, {""range"": 1.3144045038350058, ""doppler"": 0.0, ""angle"": -43.759786690914176, ""elevation"": 0.0}, {""range"": 0.586320093008368, ""doppler"": 0.0, ""angle"": -20.009978612251903, ""elevation"": 0.0}, {""range"": 0.6734959125083477, ""doppler"": 0.0, ""angle"": 0.8975503099497628, ""elevation"": 0.0}, {""range"": 0.6906742320265448, ""doppler"": 0.0, ""angle"": 0.9494029701877994, ""elevation"": 0.0}, {""range"": 0.6940048686263206, ""doppler"": 0.0, ""angle"": -2.9538188986702685, ""elevation"": 0.0}, {""range"": 0.8861703959461181, ""doppler"": 0.0, ""angle"": 32.40734905670202, ""elevation"": 0.0}, {""range"": 0.9139482983051395, ""doppler"": 0.0, ""angle"": 30.498510109177683, ""elevation"": 0.0}, {""range"": 0.9260940939248148, ""doppler"": 0.0, ""angle"": 29.916404492826416, ""elevation"": 0.0}, {""range"": 0.8053459803019218, ""doppler"": 0.0, ""angle"": 35.77577415525038, ""elevation"": 0.0}, {""range"": 0.838860896803873, ""doppler"": 0.0, ""angle"": 35.01803462585982, ""elevation"": 0.0}, {""range"": 1.9188274924361466, ""doppler"": 0.0, ""angle"": 39.19849345779304, ""elevation"": 0.0}]",1785094880553.234
7,"[{""range"": 0.6234039767011332, ""doppler"": 0.0, ""angle"": -16.943235446190354, ""elevation"": 0.0}, {""range"": 0.6510233252349844, ""doppler"": 0.0, ""angle"": -13.646923664671345, ""elevation"": 0.0}, {""range"": 0.7050488309892917, ""doppler"": 0.0, ""angle"": -8.75279103322189, ""elevation"": 0.0}, {""range"": 0.735512663177489, ""doppler"": 0.0, ""angle"": -5.6925747256481865, ""elevation"": 0.0}, {""range"": 0.7455521709419034, ""doppler"": 0.0, ""angle"": -3.6440527585328097, ""elevation"": 0.0}, {""range"": 0.8019349035808315, ""doppler"": 0.0, ""angle"": 18.499589359042886, ""elevation"": 0.0}, {""range"": 0.8631049470180917, ""doppler"": 0.0, ""angle"": 34.97743344939238, ""elevation"": 0.0}]",1785094880642.486
7,"[{""range"": 0.6709344013380878, ""doppler"": 0.0, ""angle"": -13.595515395165465, ""elevation"": 0.0}, {""range"": 0.7087899710225921, ""doppler"": 0.0, ""angle"": -5.283417758725246, ""elevation"": 0.0}, {""range"": 0.73589868279985, ""doppler"": 0.0, ""angle"": -1.5176906268033978, ""elevation"": 0.0}, {""range"": 0.7510483684740727, ""doppler"": 0.0, ""angle"": -1.3506147873209566, ""elevation"": 0.0}, {""range"": 0.8784524215769871, ""doppler"": 0.0, ""angle"": 34.71875753814338, ""elevation"": 0.0}, {""range"": 1.9238254221918476, ""doppler"": 0.0, ""angle"": 41.97098307927578, ""elevation"": 0.0}, {""range"": 1.9534783658427353, ""doppler"": 0.0, ""angle"": 42.02814472846281, ""elevation"": 0.0}]",1785094880752.4963
8,"[{""range"": 0.6833732855713902, ""doppler"": 0.0, ""angle"": -15.370830405962536, ""elevation"": 0.0}, {""range"": 0.7028550040950414, ""doppler"": 0.0, ""angle"": -11.698721338193423, ""elevation"": 0.0}, {""range"": 0.725261293880388, ""doppler"": 0.0, ""angle"": -4.0151645851927364, ""elevation"": 0.0}, {""range"": 0.7552541983400747, ""doppler"": 0.0, ""angle"": 6.197877633430843, ""elevation"": 0.0}, {""range"": 0.7798028112378848, ""doppler"": 0.0, ""angle"": 12.353526435341582, ""elevation"": 0.0}, {""range"": 1.8954655327485814, ""doppler"": 0.0, ""angle"": 38.44623950786506, ""elevation"": 0.0}, {""range"": 1.9179252339015849, ""doppler"": 0.0, ""angle"": 40.50801026636206, ""elevation"": 0.0}, {""range"": 1.9499298791552448, ""doppler"": 0.0, ""angle"": 40.73465040652521, ""elevation"": 0.0}]",1785094880846.658
9,"[{""range"": 0.736767333739972, ""doppler"": 0.0, ""angle"": -4.775189766658302, ""elevation"": 0.0}, {""range"": 0.7470602432258392, ""doppler"": 0.0, ""angle"": -3.732884505767753, ""elevation"": 0.0}, {""range"": 1.7493122998989474, ""doppler"": 0.0, ""angle"": -6.550392393850986, ""elevation"": 0.0}, {""range"": 1.7621671585459573, ""doppler"": 0.0, ""angle"": -10.134278936262742, ""elevation"": 0.0}, {""range"": 0.7572367301640155, ""doppler"": 0.0, ""angle"": -1.0959830147832372, ""elevation"": 0.0}, {""range"": 0.77748917582232, ""doppler"": 0.0, ""angle"": 1.7528672589576813, ""elevation"": 0.0}, {""range"": 1.7242061178365786, ""doppler"": 0.0, ""angle"": -2.668936378777766, ""elevation"": 0.0}, {""range"": 2.01253979693455, ""doppler"": 0.0, ""angle"": 33.085757695536905, ""elevation"": 0.0}, {""range"": 2.048594424532229, ""doppler"": 0.0, ""angle"": 35.4394263207202, ""elevation"": 0.0}]",1785094880945.717
7,"[{""range"": 0.8460405897638966, ""doppler"": 0.0, ""angle"": -5.700953469113106, ""elevation"": 0.0}, {""range"": 0.73266912123954, ""doppler"": 0.0, ""angle"": 0.7831007707161678, ""elevation"": 0.0}, {""range"": 0.76399267829145, ""doppler"": 0.0, ""angle"": 3.408196747997938, ""elevation"": 0.0}, {""range"": 0.7717919713544262, ""doppler"": 0.0, ""angle"": 5.6775711597412135, ""elevation"": 0.0}, {""range"": 0.7867444297967772, ""doppler"": 0.0, ""angle"": 4.014175695411026, ""elevation"": 0.0}, {""range"": 1.923766111982928, ""doppler"": 0.0, ""angle"": 41.29564291234217, ""elevation"": 0.0}, {""range"": 1.9457183869865533, ""doppler"": 0.0, ""angle"": 37.03628936208319, ""elevation"": 0.0}]",1785094881042.6218
5,"[{""range"": 0.7288371074278559, ""doppler"": 0.0, ""angle"": -3.7981788207982037, ""elevation"": 0.0}, {""range"": 0.764628162855269, ""doppler"": 0.0, ""angle"": 2.801515644628176, ""elevation"": 0.0}, {""range"": 0.8360997115803912, ""doppler"": 0.0, ""angle"": 2.5986673314063866, ""elevation"": 0.0}, {""range"": 0.780801358780568, ""doppler"": 0.0, ""angle"": 7.911133929911828, ""elevation"": 0.0}, {""range"": 0.7916776876042824, ""doppler"": 0.0, ""angle"": 8.389986877713607, ""elevation"": 0.0}]",1785094881143.255
6,"[{""range"": 0.781869484446559, ""doppler"": 0.0, ""angle"": -25.639115716614246, ""elevation"": 0.0}, {""range"": 1.9192856179329878, ""doppler"": 0.0, ""angle"": -18.54635995608527, ""elevation"": 0.0}, {""range"": 0.7453576534648213, ""doppler"": 0.0, ""angle"": -15.016417808611887, ""elevation"": 0.0}, {""range"": 0.7548087136636105, ""doppler"": 0.0, ""angle"": -17.894114705260552, ""elevation"": 0.0}, {""range"": 0.7155778204413166, ""doppler"": 0.0, ""angle"": -8.087581551636857, ""elevation"": 0.0}, {""range"": 1.738090905033441, ""doppler"": 0.0, ""angle"": -0.2711508417300098, ""elevation"": 0.0}]",1785094881243.035
6,"[{""range"": 0.7361126838759309, ""doppler"": 0.0, ""angle"": -13.671672639187626, ""elevation"": 0.0}, {""range"": 1.9059527549455308, ""doppler"": 0.0, ""angle"": -14.9515003054456, ""elevation"": 0.0}, {""range"": 1.9137392050837245, ""doppler"": 0.0, ""angle"": -14.911415763256862, ""elevation"": 0.0}, {""range"": 0.7148187613808313, ""doppler"": 0.0, ""angle"": -10.230493013127768, ""elevation"": 0.0}, {""range"": 0.8017982121059891, ""doppler"": 0.0, ""angle"": 7.16146908191045, ""elevation"": 0.0}, {""range"": 0.7790773524134549, ""doppler"": 0.0, ""angle"": 11.330564730785255, ""elevation"": 0.0}]",1785094881341.7542
9,"[{""range"": 0.79432305578597, ""doppler"": 0.0, ""angle"": -19.24256757543675, ""elevation"": 0.0}, {""range"": 0.7195068330473947, ""doppler"": 0.0, ""angle"": -15.362521625300452, ""elevation"": 0.0}, {""range"": 0.7615622485254897, ""doppler"": 0.0, ""angle"": -11.993280540543656, ""elevation"": 0.0}, {""range"": 0.7518656457448409, ""doppler"": 0.0, ""angle"": -10.74605266792074, ""elevation"": 0.0}, {""range"": 1.7246303993274197, ""doppler"": 0.0, ""angle"": -4.5075987795343275, ""elevation"": 0.0}, {""range"": 1.737832362750809, ""doppler"": 0.0, ""angle"": -5.556312403276424, ""elevation"": 0.0}, {""range"": 1.7577279316931482, ""doppler"": 0.0, ""angle"": -8.217478597469743, ""elevation"": 0.0}, {""range"": 2.881722076459067, ""doppler"": 0.0, ""angle"": 10.956427166782156, ""elevation"": 0.0}, {""range"": 1.9510611992892577, ""doppler"": 0.0, ""angle"": 34.65862133269261, ""elevation"": 0.0}]",1785094881446.188
8,"[{""range"": 0.8090250657137353, ""doppler"": 0.0, ""angle"": -20.27739451533107, ""elevation"": 0.0}, {""range"": 0.762402939093733, ""doppler"": 0.0, ""angle"": -11.705251266530121, ""elevation"": 0.0}, {""range"": 1.7320840707790757, ""doppler"": 0.0, ""angle"": -10.829675393835874, ""elevation"": 0.0}, {""range"": 1.7575819629002274, ""doppler"": 0.0, ""angle"": -11.639175517872308, ""elevation"": 0.0}, {""range"": 0.7235335256497132, ""doppler"": 0.0, ""angle"": -6.898447866529312, ""elevation"": 0.0}, {""range"": 0.7371294466624205, ""doppler"": 0.0, ""angle"": -9.64968959276155, ""elevation"": 0.0}, {""range"": 1.7709536521980744, ""doppler"": 0.0, ""angle"": -10.783486009794464, ""elevation"": 0.0}, {""range"": 1.7974033171695392, ""doppler"": 0.0, ""angle"": -6.804741940456068, ""elevation"": 0.0}]",1785094881542.567
8,"[{""range"": 0.8063988235341691, ""doppler"": 0.0, ""angle"": -13.986940883977608, ""elevation"": 0.0}, {""range"": 0.738190204013507, ""doppler"": 0.0, ""angle"": -3.6248160069908555, ""elevation"": 0.0}, {""range"": 1.7519374675611903, ""doppler"": 0.0, ""angle"": -9.108524425109689, ""elevation"": 0.0}, {""range"": 1.7614014570324332, ""doppler"": 0.0, ""angle"": -9.37147981520917, ""elevation"": 0.0}, {""range"": 0.7538763661245086, ""doppler"": 0.0, ""angle"": -1.2367985949061515, ""elevation"": 0.0}, {""range"": 0.7645878502459147, ""doppler"": 0.0, ""angle"": -1.1658584403733931, ""elevation"": 0.0}, {""range"": 0.9521031848935467, ""doppler"": 0.0, ""angle"": 34.501872545133104, ""elevation"": 0.0}, {""range"": 0.9599469140758814, ""doppler"": 0.0, ""angle"": 34.29689757585336, ""elevation"": 0.0}]",1785094881643.302
8,"[{""range"": 1.7720564643198147, ""doppler"": 0.0, ""angle"": -21.269963829059993, ""elevation"": 0.0}, {""range"": 1.7900487450701326, ""doppler"": 0.0, ""angle"": -12.16191412294164, ""elevation"": 0.0}, {""range"": 1.81118939319575, ""doppler"": 0.0, ""angle"": -6.439514908731157, ""elevation"": 0.0}, {""range"": 0.735156299656923, ""doppler"": 0.0, ""angle"": 0.6828898699920484, ""elevation"": 0.0}, {""range"": 0.7464376670457047, ""doppler"": 0.0, ""angle"": 2.3065189840053857, ""elevation"": 0.0}, {""range"": 0.7570816635913038, ""doppler"": 0.0, ""angle"": 5.122143027317504, ""elevation"": 0.0}, {""range"": 0.7796562519714207, ""doppler"": 0.0, ""angle"": 10.291917660118562, ""elevation"": 0.0}, {""range"": 2.6997765775532114, ""doppler"": 0.0, ""angle"": 54.48879084466123, ""elevation"": 0.0}]",1785094881742.036
8,"[{""range"": 1.383595738929779, ""doppler"": 0.0, ""angle"": -12.335244336271417, ""elevation"": 0.0}, {""range"": 1.393624090757919, ""doppler"": 0.0, ""angle"": -12.734533870364945, ""elevation"": 0.0}, {""range"": 1.9714153867017403, ""doppler"": 0.0, ""angle"": -12.89295059372404, ""elevation"": 0.0}, {""range"": 1.9991769716816947, ""doppler"": 0.0, ""angle"": -11.41646744506319, ""elevation"": 0.0}, {""range"": 0.7637508206538917, ""doppler"": 0.0, ""angle"": 20.37392020824707, ""elevation"": 0.0}, {""range"": 0.7768498268331122, ""doppler"": 0.0, ""angle"": 19.707052296526573, ""elevation"": 0.0}, {""range"": 0.7986681889990332, ""doppler"": 0.0, ""angle"": 18.76758838211736, ""elevation"": 0.0}, {""range"": 1.9169318470197034, ""doppler"": 0.0, ""angle"": 48.138322687537354, ""elevation"": 0.0}]",1785094881846.09
9,"[{""range"": 0.7276263956892675, ""doppler"": 0.0, ""angle"": -6.377509877528025, ""elevation"": 0.0}, {""range"": 0.7501865998897508, ""doppler"": 0.0, ""angle"": -5.059656287508082, ""elevation"": 0.0}, {""range"": 1.3892662175850299, ""doppler"": 0.0, ""angle"": -7.878756370823484, ""elevation"": 0.0}, {""range"": 1.392229308176966, ""doppler"": 0.0, ""angle"": -8.419419957338626, ""elevation"": 0.0}, {""range"": 1.970958857668515, ""doppler"": 0.0, ""angle"": -0.4886293507256325, ""elevation"": 0.0}, {""range"": 2.003255091977666, ""doppler"": 0.0, ""angle"": -0.0920577652212735, ""elevation"": 0.0}, {""range"": 0.7754409087157879, ""doppler"": 0.0, ""angle"": 5.305673418037967, ""elevation"": 0.0}, {""range"": 0.806151284746974, ""doppler"": 0.0, ""angle"": 18.94937521954238, ""elevation"": 0.0}, {""range"": 0.8517630725798904, ""doppler"": 0.0, ""angle"": 18.73544175800199, ""elevation"": 0.0}]",1785094881942.466
10,"[{""range"": 0.7992577422503094, ""doppler"": 0.0, ""angle"": -28.503041714311244, ""elevation"": 0.0}, {""range"": 1.7876124440194423, ""doppler"": 0.0, ""angle"": -12.12597962311964, ""elevation"": 0.0}, {""range"": 1.908982540070549, ""doppler"": 0.0, ""angle"": -14.300481393755256, ""elevation"": 0.0}, {""range"": 1.8142665598094938, ""doppler"": 0.0, ""angle"": -10.063918317697627, ""elevation"": 0.0}, {""range"": 2.6583711936571497, ""doppler"": 0.0, ""angle"": -3.9148252678140594, ""elevation"": 0.0}, {""range"": 0.7379293823075791, ""doppler"": 0.0, ""angle"": -2.110819126903858, ""elevation"": 0.0}, {""range"": 0.7544238085476003, ""doppler"": 0.0, ""angle"": 7.066061429741625, ""elevation"": 0.0}, {""range"": 0.7604652431103345, ""doppler"": 0.0, ""angle"": 10.691656694503509, ""elevation"": 0.0}, {""range"": 2.7038509111234874, ""doppler"": 0.0, ""angle"": 59.034943801838175, ""elevation"": 0.0}, {""range"": 2.7202134922791155, ""doppler"": 0.0, ""angle"": 68.23425961813383, ""elevation"": 0.0}]",1785094882053.108
11,"[{""range"": 0.7393374962201368, ""doppler"": 0.0, ""angle"": -4.661221048299357, ""elevation"": 0.0}, {""range"": 0.7495431585737471, ""doppler"": 0.0, ""angle"": -4.104120022537066, ""elevation"": 0.0}, {""range"": 0.7536740909225298, ""doppler"": 0.0, ""angle"": -3.9180630830991277, ""elevation"": 0.0}, {""range"": 0.7769209258878786, ""doppler"": 0.0, ""angle"": -4.408819349508854, ""elevation"": 0.0}, {""range"": 1.7526457236807047, ""doppler"": 0.0, ""angle"": -8.454168179147915, ""elevation"": 0.0}, {""range"": 1.772951926439046, ""doppler"": 0.0, ""angle"": -8.22816948905146, ""elevation"": 0.0}, {""range"": 1.7759656016155938, ""doppler"": 0.0, ""angle"": -8.762390379165705, ""elevation"": 0.0}, {""range"": 1.7856973036207369, ""doppler"": 0.0, ""angle"": -9.98770587528261, ""elevation"": 0.0}, {""range"": 1.0679774911999769, ""doppler"": 0.0, ""angle"": 48.23740018452115, ""elevation"": 0.0}, {""range"": 1.077706849997818, ""doppler"": 0.0, ""angle"": 46.04871431980332, ""elevation"": 0.0}, {""range"": 1.9187449145786302, ""doppler"": 0.0, ""angle"": 58.152529288296314, ""elevation"": 0.0}]",1785094882151.98
8,"[{""range"": 0.7802123258371595, ""doppler"": 0.0, ""angle"": -12.306616225867582, ""elevation"": 0.0}, {""range"": 1.7424763092990543, ""doppler"": 0.0, ""angle"": -11.411406136182379, ""elevation"": 0.0}, {""range"": 1.7621825181734885, ""doppler"": 0.0, ""angle"": -11.264323902946536, ""elevation"": 0.0}, {""range"": 1.7677694679052183, ""doppler"": 0.0, ""angle"": -11.517932664258371, ""elevation"": 0.0}, {""range"": 1.7847625080111125, ""doppler"": 0.0, ""angle"": -11.805285670362608, ""elevation"": 0.0}, {""range"": 0.7506523985447624, ""doppler"": 0.0, ""angle"": -4.837315748407225, ""elevation"": 0.0}, {""range"": 0.7568522994027369, ""doppler"": 0.0, ""angle"": -7.4389948836178, ""elevation"": 0.0}, {""range"": 0.7339092221823973, ""doppler"": 0.0, ""angle"": -1.4519827981863511, ""elevation"": 0.0}]",1785094882245.857
10,"[{""range"": 2.6863097136502168, ""doppler"": 0.0, ""angle"": -31.950806575038946, ""elevation"": 0.0}, {""range"": 1.7513560892825546, ""doppler"": 0.0, ""angle"": -16.166372034366134, ""elevation"": 0.0}, {""range"": 1.7762255238464342, ""doppler"": 0.0, ""angle"": -10.874416466375315, ""elevation"": 0.0}, {""range"": 1.7801523138767412, ""doppler"": 0.0, ""angle"": -10.32904058108058, ""elevation"": 0.0}, {""range"": 1.7903310099862453, ""doppler"": 0.0, ""angle"": -9.60155833615634, ""elevation"": 0.0}, {""range"": 1.822369506578812, ""doppler"": 0.0, ""angle"": -5.167961525150451, ""elevation"": 0.0}, {""range"": 0.7343824062735376, ""doppler"": 0.0, ""angle"": -1.7720447592731607, ""elevation"": 0.0}, {""range"": 0.7470352260155041, ""doppler"": 0.0, ""angle"": -1.645977497564048, ""elevation"": 0.0}, {""range"": 0.7551929780385124, ""doppler"": 0.0, ""angle"": -0.7326079749118851, ""elevation"": 0.0}, {""range"": 0.7780628873325546, ""doppler"": 0.0, ""angle"": 1.3695692244975073, ""elevation"": 0.0}]",1785094882351.9949
9,"[{""range"": 1.7656864215738524, ""doppler"": 0.0, ""angle"": -4.990601237607024, ""elevation"": 0.0}, {""range"": 1.7792007851228369, ""doppler"": 0.0, ""angle"": -7.582847145282776, ""elevation"": 0.0}, {""range"": 1.797882237308917, ""doppler"": 0.0, ""angle"": -10.121866760938634, ""elevation"": 0.0}, {""range"": 0.7389069727641601, ""doppler"": 0.0, ""angle"": -0.6516905876414116, ""elevation"": 0.0}, {""range"": 0.75133014923503, ""doppler"": 0.0, ""angle"": -1.0773228141047615, ""elevation"": 0.0}, {""range"": 0.7592885620389711, ""doppler"": 0.0, ""angle"": -1.3899428899500832, ""elevation"": 0.0}, {""range"": 0.77967817200203, ""doppler"": 0.0, ""angle"": -2.2212841474937717, ""elevation"": 0.0}, {""range"": 2.020276967832661, ""doppler"": 0.0, ""angle"": 49.10937686161684, ""elevation"": 0.0}, {""range"": 2.0433946756109944, ""doppler"": 0.0, ""angle"": 47.542836694150495, ""elevation"": 0.0}]",1785094882443.305
5,"[{""range"": 1.7826052322378205, ""doppler"": 0.0, ""angle"": -11.086755991309877, ""elevation"": 0.0}, {""range"": 1.7633927226729584, ""doppler"": 0.0, ""angle"": -10.735649314228537, ""elevation"": 0.0}, {""range"": 1.8092884908700337, ""doppler"": 0.0, ""angle"": -10.771318481383348, ""elevation"": 0.0}, {""range"": 0.754427199145924, ""doppler"": 0.0, ""angle"": -0.3123464978349299, ""elevation"": 0.0}, {""range"": 0.766464294428941, ""doppler"": 0.0, ""angle"": 0.76193815034765, ""elevation"": 0.0}]",1785094882542.493
9,"[{""range"": 0.7616697233220701, ""doppler"": 0.0, ""angle"": -3.6342292208061338, ""elevation"": 0.0}, {""range"": 0.7812685492880318, ""doppler"": 0.0, ""angle"": -8.515851757693872, ""elevation"": 0.0}, {""range"": 1.7802606999856005, ""doppler"": 0.0, ""angle"": -9.72060985892488, ""elevation"": 0.0}, {""range"": 1.7844069718178588, ""doppler"": 0.0, ""angle"": -8.04159655083753, ""elevation"": 0.0}, {""range"": 1.7959724489713051, ""doppler"": 0.0, ""angle"": -5.708322626419363, ""elevation"": 0.0}, {""range"": 0.7407786302648712, ""doppler"": 0.0, ""angle"": -2.739467919254387, ""elevation"": 0.0}, {""range"": 0.7546937796237119, ""doppler"": 0.0, ""angle"": -2.661739300204003, ""elevation"": 0.0}, {""range"": 1.9194562373983368, ""doppler"": 0.0, ""angle"": 0.4803893537044278, ""elevation"": 0.0}, {""range"": 2.0180531297479, ""doppler"": 0.0, ""angle"": 47.68259853165166, ""elevation"": 0.0}]",1785094882646.4683
8,"[{""range"": 0.8635272770796134, ""doppler"": 0.0, ""angle"": -25.355205298031915, ""elevation"": 0.0}, {""range"": 1.7922513501366546, ""doppler"": 0.0, ""angle"": -11.550966381820459, ""elevation"": 0.0}, {""range"": 0.7962514624084555, ""doppler"": 0.0, ""angle"": -8.328445004141901, ""elevation"": 0.0}, {""range"": 1.7419350106126485, ""doppler"": 0.0, ""angle"": -6.34149076374162, ""elevation"": 0.0}, {""range"": 1.7697012813570865, ""doppler"": 0.0, ""angle"": -8.852238538635385, ""elevation"": 0.0}, {""range"": 1.7787966022364556, ""doppler"": 0.0, ""angle"": -10.184813946479387, ""elevation"": 0.0}, {""range"": 0.7604514098931333, ""doppler"": 0.0, ""angle"": -1.0778743217167241, ""elevation"": 0.0}, {""range"": 0.7676470537929886, ""doppler"": 0.0, ""angle"": -2.763765434211527, ""elevation"": 0.0}]",1785094882743.245
10,"[{""range"": 1.8215880018512707, ""doppler"": 0.0, ""angle"": -20.142640132888452, ""elevation"": 0.0}, {""range"": 1.7913556468997367, ""doppler"": 0.0, ""angle"": -10.967828656907415, ""elevation"": 0.0}, {""range"": 0.8394496279167194, ""doppler"": 0.0, ""angle"": -8.661722335742628, ""elevation"": 0.0}, {""range"": 1.7497654329283352, ""doppler"": 0.0, ""angle"": -6.678366702352574, ""elevation"": 0.0}, {""range"": 1.775570901833635, ""doppler"": 0.0, ""angle"": -8.525059313704443, ""elevation"": 0.0}, {""range"": 1.7828886397347352, ""doppler"": 0.0, ""angle"": -9.496331801262476, ""elevation"": 0.0}, {""range"": 0.7461919191486367, ""doppler"": 0.0, ""angle"": 0.10984080387582573, ""elevation"": 0.0}, {""range"": 0.7662207131566148, ""doppler"": 0.0, ""angle"": -0.16045450566411165, ""elevation"": 0.0}, {""range"": 0.7742696215689211, ""doppler"": 0.0, ""angle"": -0.21171554268992573, ""elevation"": 0.0}, {""range"": 0.7884547132269204, ""doppler"": 0.0, ""angle"": -2.547689116742194, ""elevation"": 0.0}]",1785094882853.565
9,"[{""range"": 0.7481098259579604, ""doppler"": 0.0, ""angle"": -5.706505059246122, ""elevation"": 0.0}, {""range"": 0.7653601110760871, ""doppler"": 0.0, ""angle"": -5.4295443750906, ""elevation"": 0.0}, {""range"": 0.770963157269538, ""doppler"": 0.0, ""angle"": -5.456710892677175, ""elevation"": 0.0}, {""range"": 0.7794249980871438, ""doppler"": 0.0, ""angle"": -5.74067583867547, ""elevation"": 0.0}, {""range"": 0.8154358506711498, ""doppler"": 0.0, ""angle"": -4.200197444304026, ""elevation"": 0.0}, {""range"": 1.7521552601797272, ""doppler"": 0.0, ""angle"": 1.9650600491246428, ""elevation"": 0.0}, {""range"": 1.9741029600065485, ""doppler"": 0.0, ""angle"": 52.22287994863056, ""elevation"": 0.0}, {""range"": 2.003178771883891, ""doppler"": 0.0, ""angle"": 48.336304322148756, ""elevation"": 0.0}, {""range"": 1.9315642832900892, ""doppler"": 0.0, ""angle"": 54.54432917585463, ""elevation"": 0.0}]",1785094882953.1108
6,"[{""range"": 0.77487074404904, ""doppler"": 0.0, ""angle"": 4.155326516450249, ""elevation"": 0.0}, {""range"": 2.657464838769151, ""doppler"": 0.0, ""angle"": 12.272472109603461, ""elevation"": 0.0}, {""range"": 2.6908901931457394, ""doppler"": 0.0, ""angle"": 24.66106079174824, ""elevation"": 0.0}, {""range"": 1.9303409790808268, ""doppler"": 0.0, ""angle"": 49.53456576093881, ""elevation"": 0.0}, {""range"": 1.9670817349492589, ""doppler"": 0.0, ""angle"": 51.0400419796038, ""elevation"": 0.0}, {""range"": 2.0016428453913044, ""doppler"": 0.0, ""angle"": 49.2093911905551, ""elevation"": 0.0}]",1785094883046.4412
7,"[{""range"": 0.8189159888624489, ""doppler"": 0.0, ""angle"": -14.788774384989766, ""elevation"": 0.0}, {""range"": 1.7901448328404572, ""doppler"": 0.0, ""angle"": -6.020389383506999, ""elevation"": 0.0}, {""range"": 1.8128813312431726, ""doppler"": 0.0, ""angle"": -6.098043846064518, ""elevation"": 0.0}, {""range"": 1.8619024760710703, ""doppler"": 0.0, ""angle"": -2.4493980316621364, ""elevation"": 0.0}, {""range"": 1.9112676994896454, ""doppler"": 0.0, ""angle"": -1.2598108030186321, ""elevation"": 0.0}, {""range"": 0.7685452436112574, ""doppler"": 0.0, ""angle"": 14.291665656106762, ""elevation"": 0.0}, {""range"": 0.7766163374504077, ""doppler"": 0.0, ""angle"": 10.815770246138701, ""elevation"": 0.0}]",1785094883143.06
9,"[{""range"": 0.8546829085628306, ""doppler"": 0.0, ""angle"": -27.878575432466135, ""elevation"": 0.0}, {""range"": 1.796663693337747, ""doppler"": 0.0, ""angle"": -13.279702091963202, ""elevation"": 0.0}, {""range"": 1.8190503277057744, ""doppler"": 0.0, ""angle"": -13.373712424031313, ""elevation"": 0.0}, {""range"": 1.8603604590934528, ""doppler"": 0.0, ""angle"": -14.750850806663617, ""elevation"": 0.0}, {""range"": 1.8928572481407173, ""doppler"": 0.0, ""angle"": -17.709204581158875, ""elevation"": 0.0}, {""range"": 0.7634533747521066, ""doppler"": 0.0, ""angle"": -4.392529909932888, ""elevation"": 0.0}, {""range"": 0.7684184246842428, ""doppler"": 0.0, ""angle"": -4.337349912255396, ""elevation"": 0.0}, {""range"": 0.7852133589286291, ""doppler"": 0.0, ""angle"": -9.014004217305615, ""elevation"": 0.0}, {""range"": 2.019382495008909, ""doppler"": 0.0, ""angle"": -2.436001154934266, ""elevation"": 0.0}]",1785094883246.207
8,"[{""range"": 1.7895415976949818, ""doppler"": 0.0, ""angle"": -20.50109939667051, ""elevation"": 0.0}, {""range"": 1.812682882553155, ""doppler"": 0.0, ""angle"": -15.08360168055899, ""elevation"": 0.0}, {""range"": 0.7676617153349021, ""doppler"": 0.0, ""angle"": -3.7261856862899134, ""elevation"": 0.0}, {""range"": 0.7797510019533871, ""doppler"": 0.0, ""angle"": -4.195143747338718, ""elevation"": 0.0}, {""range"": 0.7452003939094309, ""doppler"": 0.0, ""angle"": -3.1912694474467806, ""elevation"": 0.0}, {""range"": 0.7609121224802712, ""doppler"": 0.0, ""angle"": -3.125308251079048, ""elevation"": 0.0}, {""range"": 1.9970648671957845, ""doppler"": 0.0, ""angle"": 52.53807011526411, ""elevation"": 0.0}, {""range"": 1.974457762540173, ""doppler"": 0.0, ""angle"": 54.66620374568892, ""elevation"": 0.0}]",1785094883342.638
4,"[{""range"": 1.9077595048421712, ""doppler"": 0.0, ""angle"": -18.645531687018437, ""elevation"": 0.0}, {""range"": 0.7604198742627591, ""doppler"": 0.0, ""angle"": -0.9431661079282115, ""elevation"": 0.0}, {""range"": 0.766692638932367, ""doppler"": 0.0, ""angle"": -1.002273183168855, ""elevation"": 0.0}, {""range"": 0.7858659827641243, ""doppler"": 0.0, ""angle"": -1.1473269575855949, ""elevation"": 0.0}]",1785094883442.2322
4,"[{""range"": 0.7991726067642141, ""doppler"": 0.0, ""angle"": -11.21187932471278, ""elevation"": 0.0}, {""range"": 0.7695205257582362, ""doppler"": 0.0, ""angle"": -7.96064441394863, ""elevation"": 0.0}, {""range"": 0.7807011048397707, ""doppler"": 0.0, ""angle"": -9.74494773950668, ""elevation"": 0.0}, {""range"": 2.0103474886303654, ""doppler"": 0.0, ""angle"": 51.184990189003074, ""elevation"": 0.0}]",1785094883543.273
7,"[{""range"": 0.913509271846873, ""doppler"": 0.0, ""angle"": -27.969569977590997, ""elevation"": 0.0}, {""range"": 1.3887322628428262, ""doppler"": 0.0, ""angle"": -5.311983208691234, ""elevation"": 0.0}, {""range"": 1.387779137590677, ""doppler"": 0.0, ""angle"": -9.208663089174514, ""elevation"": 0.0}, {""range"": 1.5974570779894772, ""doppler"": 0.0, ""angle"": -8.302433607598532, ""elevation"": 0.0}, {""range"": 0.7738806991538882, ""doppler"": 0.0, ""angle"": 17.78602912282627, ""elevation"": 0.0}, {""range"": 0.7998777615568865, ""doppler"": 0.0, ""angle"": 15.574161744544135, ""elevation"": 0.0}, {""range"": 0.7681888658126155, ""doppler"": 0.0, ""angle"": 19.202558361616457, ""elevation"": 0.0}]",1785094883645.8628
4,"[{""range"": 0.7624639579088379, ""doppler"": 0.0, ""angle"": 0.10749664593944575, ""elevation"": 0.0}, {""range"": 0.7698638482243495, ""doppler"": 0.0, ""angle"": 0.7718825011532002, ""elevation"": 0.0}, {""range"": 0.7853620567778722, ""doppler"": 0.0, ""angle"": 2.1399266975922813, ""elevation"": 0.0}, {""range"": 2.0056651532446232, ""doppler"": 0.0, ""angle"": 55.19629515224377, ""elevation"": 0.0}]",1785094883746.203
6,"[{""range"": 0.8016944218741187, ""doppler"": 0.0, ""angle"": -36.88523309076838, ""elevation"": 0.0}, {""range"": 0.7384903998722591, ""doppler"": 0.0, ""angle"": -1.2209410007282702, ""elevation"": 0.0}, {""range"": 0.7519206521195506, ""doppler"": 0.0, ""angle"": -2.1806040238161386, ""elevation"": 0.0}, {""range"": 0.7573399213626916, ""doppler"": 0.0, ""angle"": -1.4476485087639603, ""elevation"": 0.0}, {""range"": 0.7886682378756807, ""doppler"": 0.0, ""angle"": 3.353492467406826, ""elevation"": 0.0}, {""range"": 1.9686693459631526, ""doppler"": 0.0, ""angle"": 43.060321335987815, ""elevation"": 0.0}]",1785094883852.7942
3,"[{""range"": 0.7582989817602391, ""doppler"": 0.0, ""angle"": -4.259849473065202, ""elevation"": 0.0}, {""range"": 0.7660739762757428, ""doppler"": 0.0, ""angle"": -4.498200244384918, ""elevation"": 0.0}, {""range"": 1.9189812655823706, ""doppler"": 0.0, ""angle"": -4.992866149949023, ""elevation"": 0.0}]",1785094883942.069
5,"[{""range"": 2.680854485143257, ""doppler"": 0.0, ""angle"": -34.7331007918162, ""elevation"": 0.0}, {""range"": 1.3780576573306582, ""doppler"": 0.0, ""angle"": -3.652854225734199, ""elevation"": 0.0}, {""range"": 0.7590291137700208, ""doppler"": 0.0, ""angle"": 6.560799828104468, ""elevation"": 0.0}, {""range"": 0.7692309016504317, ""doppler"": 0.0, ""angle"": 9.648439230573084, ""elevation"": 0.0}, {""range"": 0.7943868955510681, ""doppler"": 0.0, ""angle"": 11.714628406801353, ""elevation"": 0.0}]",1785094884042.5378
7,"[{""range"": 1.3860585040117384, ""doppler"": 0.0, ""angle"": -16.71198811445661, ""elevation"": 0.0}, {""range"": 1.3844412940086102, ""doppler"": 0.0, ""angle"": -15.438150952603678, ""elevation"": 0.0}, {""range"": 0.7951184123887648, ""doppler"": 0.0, ""angle"": -5.652897353248615, ""elevation"": 0.0}, {""range"": 0.7629741650560072, ""doppler"": 0.0, ""angle"": 5.244273512275883, ""elevation"": 0.0}, {""range"": 0.7654009260832887, ""doppler"": 0.0, ""angle"": 4.367906694901678, ""elevation"": 0.0}, {""range"": 2.0208383043189313, ""doppler"": 0.0, ""angle"": 46.36239157983395, ""elevation"": 0.0}, {""range"": 2.0428448432337554, ""doppler"": 0.0, ""angle"": 49.15989952594811, ""elevation"": 0.0}]",1785094884146.312
6,"[{""range"": 0.7997634073641077, ""doppler"": 0.0, ""angle"": -13.986531833949188, ""elevation"": 0.0}, {""range"": 0.7531372055932543, ""doppler"": 0.0, ""angle"": -7.887700059276732, ""elevation"": 0.0}, {""range"": 0.7623841082464995, ""doppler"": 0.0, ""angle"": -10.213496390027185, ""elevation"": 0.0}, {""range"": 1.3921893576410203, ""doppler"": 0.0, ""angle"": -7.275626223765755, ""elevation"": 0.0}, {""range"": 1.3985249859226814, ""doppler"": 0.0, ""angle"": -9.493635322731679, ""elevation"": 0.0}, {""range"": 2.0097842481956905, ""doppler"": 0.0, ""angle"": 51.43333870424169, ""elevation"": 0.0}]",1785094884242.8757
9,"[{""range"": 0.8518211248269277, ""doppler"": 0.0, ""angle"": -20.32940281796316, ""elevation"": 0.0}, {""range"": 1.7628691554426836, ""doppler"": 0.0, ""angle"": -9.44607974161636, ""elevation"": 0.0}, {""range"": 1.7814814357484774, ""doppler"": 0.0, ""angle"": -10.561010691196383, ""elevation"": 0.0}, {""range"": 1.8034649430156937, ""doppler"": 0.0, ""angle"": -7.732416658202252, ""elevation"": 0.0}, {""range"": 0.793045624783607, ""doppler"": 0.0, ""angle"": 0.21962197999943212, ""elevation"": 0.0}, {""range"": 0.7635667809012778, ""doppler"": 0.0, ""angle"": 6.22461647073374, ""elevation"": 0.0}, {""range"": 0.7749207752790943, ""doppler"": 0.0, ""angle"": 6.2394500923059555, ""elevation"": 0.0}, {""range"": 1.9723460819228322, ""doppler"": 0.0, ""angle"": 49.4488496429478, ""elevation"": 0.0}, {""range"": 1.9990613012227865, ""doppler"": 0.0, ""angle"": 48.17621174376305, ""elevation"": 0.0}]",1785094884346.2168
8,"[{""range"": 1.7917414355702754, ""doppler"": 0.0, ""angle"": -13.134764770632762, ""elevation"": 0.0}, {""range"": 1.7690506072765557, ""doppler"": 0.0, ""angle"": -7.614926820735134, ""elevation"": 0.0}, {""range"": 1.7772294623651386, ""doppler"": 0.0, ""angle"": -9.866053877848762, ""elevation"": 0.0}, {""range"": 0.7631732840319695, ""doppler"": 0.0, ""angle"": -2.766539164466331, ""elevation"": 0.0}, {""range"": 0.7668063791278329, ""doppler"": 0.0, ""angle"": -2.2452190083702144, ""elevation"": 0.0}, {""range"": 0.7885015914226006, ""doppler"": 0.0, ""angle"": -1.9753817915823162, ""elevation"": 0.0}, {""range"": 1.9760570928077832, ""doppler"": 0.0, ""angle"": 49.55447948852601, ""elevation"": 0.0}, {""range"": 2.001502324375477, ""doppler"": 0.0, ""angle"": 48.444252695184694, ""elevation"": 0.0}]",1785094884446.525
4,"[{""range"": 0.7587304700145546, ""doppler"": 0.0, ""angle"": 3.9595864716740063, ""elevation"": 0.0}, {""range"": 0.7725977346718915, ""doppler"": 0.0, ""angle"": 6.605251480361549, ""elevation"": 0.0}, {""range"": 0.7924716644349566, ""doppler"": 0.0, ""angle"": 10.110581113811685, ""elevation"": 0.0}, {""range"": 0.842283482904625, ""doppler"": 0.0, ""angle"": 25.879623544540625, ""elevation"": 0.0}]",1785094884546.586
5,"[{""range"": 0.8025893878935686, ""doppler"": 0.0, ""angle"": -11.958347303227189, ""elevation"": 0.0}, {""range"": 0.8460345617568293, ""doppler"": 0.0, ""angle"": -12.623378956454513, ""elevation"": 0.0}, {""range"": 0.7546899029954587, ""doppler"": 0.0, ""angle"": 0.9095959059956036, ""elevation"": 0.0}, {""range"": 1.9169942041852812, ""doppler"": 0.0, ""angle"": 2.8872259227830366, ""elevation"": 0.0}, {""range"": 0.7671066305681387, ""doppler"": 0.0, ""angle"": 7.527567824394769, ""elevation"": 0.0}]",1785094884642.119
9,"[{""range"": 1.8290911692507728, ""doppler"": 0.0, ""angle"": -14.63807631887945, ""elevation"": 0.0}, {""range"": 1.8648686270036485, ""doppler"": 0.0, ""angle"": -12.110489031452854, ""elevation"": 0.0}, {""range"": 0.8346846176625194, ""doppler"": 0.0, ""angle"": -8.128366486628014, ""elevation"": 0.0}, {""range"": 1.3819013181588404, ""doppler"": 0.0, ""angle"": -4.623879645647479, ""elevation"": 0.0}, {""range"": 2.0152117867478774, ""doppler"": 0.0, ""angle"": -4.509053627799437, ""elevation"": 0.0}, {""range"": 0.741368092241725, ""doppler"": 0.0, ""angle"": -0.22111141372238383, ""elevation"": 0.0}, {""range"": 0.7574788103925458, ""doppler"": 0.0, ""angle"": 0.4463461934223942, ""elevation"": 0.0}, {""range"": 0.7672025553471354, ""doppler"": 0.0, ""angle"": 0.8814039965821377, ""elevation"": 0.0}, {""range"": 0.7846407598915003, ""doppler"": 0.0, ""angle"": -0.2089171397942097, ""elevation"": 0.0}]",1785094884746.192
9,"[{""range"": 0.7788296281964564, ""doppler"": 0.0, ""angle"": -12.9354575155593, ""elevation"": 0.0}, {""range"": 0.7938408515220621, ""doppler"": 0.0, ""angle"": -17.500306828364504, ""elevation"": 0.0}, {""range"": 0.8430736245118796, ""doppler"": 0.0, ""angle"": -16.61310973679886, ""elevation"": 0.0}, {""range"": 1.7974172549781187, ""doppler"": 0.0, ""angle"": -11.785029506262513, ""elevation"": 0.0}, {""range"": 0.7655040400781997, ""doppler"": 0.0, ""angle"": -9.76376035590298, ""elevation"": 0.0}, {""range"": 1.7724966754793567, ""doppler"": 0.0, ""angle"": -6.691264432552284, ""elevation"": 0.0}, {""range"": 1.7802681984904738, ""doppler"": 0.0, ""angle"": -8.32787248053422, ""elevation"": 0.0}, {""range"": 1.9310115360421038, ""doppler"": 0.0, ""angle"": 56.068601770505865, ""elevation"": 0.0}, {""range"": 1.9602591220380425, ""doppler"": 0.0, ""angle"": 56.42879720052483, ""elevation"": 0.0}]",1785094884841.81
7,"[{""range"": 1.7750556011007521, ""doppler"": 0.0, ""angle"": -11.688004874200939, ""elevation"": 0.0}, {""range"": 0.7414336022136713, ""doppler"": 0.0, ""angle"": -3.858195167864866, ""elevation"": 0.0}, {""range"": 1.77692113906889, ""doppler"": 0.0, ""angle"": -9.499289668088155, ""elevation"": 0.0}, {""range"": 1.7857864993710215, ""doppler"": 0.0, ""angle"": -6.924343889313443, ""elevation"": 0.0}, {""range"": 0.7571807586790803, ""doppler"": 0.0, ""angle"": -2.9103797457738243, ""elevation"": 0.0}, {""range"": 0.7637973521766521, ""doppler"": 0.0, ""angle"": -2.3077657512397147, ""elevation"": 0.0}, {""range"": 0.7839340742580087, ""doppler"": 0.0, ""angle"": -0.339797628247391, ""elevation"": 0.0}]",1785094884942.5679
8,"[{""range"": 0.788605131263291, ""doppler"": 0.0, ""angle"": -12.59926485454315, ""elevation"": 0.0}, {""range"": 1.7761968384942843, ""doppler"": 0.0, ""angle"": -12.305454214637278, ""elevation"": 0.0}, {""range"": 1.7963092488934127, ""doppler"": 0.0, ""angle"": -16.338685152945132, ""elevation"": 0.0}, {""range"": 0.760354275961995, ""doppler"": 0.0, ""angle"": -4.34289980838226, ""elevation"": 0.0}, {""range"": 0.7685314934235368, ""doppler"": 0.0, ""angle"": -6.0501747319673385, ""elevation"": 0.0}, {""range"": 1.7647798807428468, ""doppler"": 0.0, ""angle"": -9.465185422231075, ""elevation"": 0.0}, {""range"": 1.973536042465385, ""doppler"": 0.0, ""angle"": 47.092836806860895, ""elevation"": 0.0}, {""range"": 2.0028310448984654, ""doppler"": 0.0, ""angle"": 45.93326201338331, ""elevation"": 0.0}]",1785094885042.86
4,"[{""range"": 1.8091500843781878, ""doppler"": 0.0, ""angle"": -14.323303703393519, ""elevation"": 0.0}, {""range"": 1.7614920101026115, ""doppler"": 0.0, ""angle"": -7.026182111008785, ""elevation"": 0.0}, {""range"": 1.7761013013198907, ""doppler"": 0.0, ""angle"": -10.511223890557115, ""elevation"": 0.0}, {""range"": 1.9197443086537083, ""doppler"": 0.0, ""angle"": 50.658399234025964, ""elevation"": 0.0}]",1785094885146.6858
8,"[{""range"": 1.7732566303607826, ""doppler"": 0.0, ""angle"": -8.010807814339266, ""elevation"": 0.0}, {""range"": 1.781711804222702, ""doppler"": 0.0, ""angle"": -6.500214121394448, ""elevation"": 0.0}, {""range"": 1.8004120088731697, ""doppler"": 0.0, ""angle"": -5.3969012136962835, ""elevation"": 0.0}, {""range"": 0.7504828492597653, ""doppler"": 0.0, ""angle"": -0.08190956466142771, ""elevation"": 0.0}, {""range"": 0.7556078960967342, ""doppler"": 0.0, ""angle"": 1.0169780307191734, ""elevation"": 0.0}, {""range"": 1.9342713484135268, ""doppler"": 0.0, ""angle"": 51.41794931070149, ""elevation"": 0.0}, {""range"": 1.9668250475613673, ""doppler"": 0.0, ""angle"": 50.93343011039908, ""elevation"": 0.0}, {""range"": 1.9975186791882305, ""doppler"": 0.0, ""angle"": 50.43740931202285, ""elevation"": 0.0}]",1785094885242.124
