num_points,points,timestamp_ms
12,"[{""range"": 2.662942551535209, ""doppler"": 0.0, ""angle"": -10.80967387077631, ""elevation"": 0.0}, {""range"": 2.638748116680092, ""doppler"": 0.0, ""angle"": -8.856563737166592, ""elevation"": 0.0}, {""range"": 2.6497769398849846, ""doppler"": 0.0, ""angle"": -9.944145884710476, ""elevation"": 0.0}, {""range"": 2.806085133599236, ""doppler"": 0.0, ""angle"": -6.299872141918949, ""elevation"": 0.0}, {""range"": 2.8185539350539015, ""doppler"": 0.0, ""angle"": -5.0627918703635455, ""elevation"": 0.0}, {""range"": 1.172780739168077, ""doppler"": 0.0, ""angle"": -3.4177595838373347, ""elevation"": 0.0}, {""range"": 1.184404340269474, ""doppler"": 0.0, ""angle"": -3.401509541443239, ""elevation"": 0.0}, {""range"": 1.2096871028761502, ""doppler"": 0.0, ""angle"": -2.6179451680698684, ""elevation"": 0.0}, {""range"": 0.683681813454088, ""doppler"": 0.0, ""angle"": 4.62052698740767, ""elevation"": 0.0}, {""range"": 0.780491934817282, ""doppler"": 0.0, ""angle"": 32.87088400025354, ""elevation"": 0.0}, {""range"": 0.7928911091755997, ""doppler"": 0.0, ""angle"": 26.82509075095978, ""elevation"": 0.0}, {""range"": 0.7464837357697368, ""doppler"": 0.0, ""angle"": 47.95157844743894, ""elevation"": 0.0}]",1785106917438.5227
12,"[{""range"": 1.3364306306097755, ""doppler"": 0.0, ""angle"": -29.15438091840586, ""elevation"": 0.0}, {""range"": 1.1683853258345636, ""doppler"": 0.0, ""angle"": -6.882474111733516, ""elevation"": 0.0}, {""range"": 1.180122033059873, ""doppler"": 0.0, ""angle"": -6.673826930624201, ""elevation"": 0.0}, {""range"": 1.2003156223383877, ""doppler"": 0.0, ""angle"": -4.81113357315016, ""elevation"": 0.0}, {""range"": 2.644897983476424, ""doppler"": 0.0, ""angle"": -9.946945227141185, ""elevation"": 0.0}, {""range"": 2.6510607091629796, ""doppler"": 0.0, ""angle"": -10.05700736979255, ""elevation"": 0.0}, {""range"": 2.6666077175777154, ""doppler"": 0.0, ""angle"": -10.626499747686823, ""elevation"": 0.0}, {""range"": 2.8027309128802176, ""doppler"": 0.0, ""angle"": -4.801587920417809, ""elevation"": 0.0}, {""range"": 2.8292716646384903, ""doppler"": 0.0, ""angle"": -5.330812826965914, ""elevation"": 0.0}, {""range"": 2.85854016923218, ""doppler"": 0.0, ""angle"": -3.7983397377007733, ""elevation"": 0.0}, {""range"": 0.7053469711551017, ""doppler"": 0.0, ""angle"": -0.98776039963981, ""elevation"": 0.0}, {""range"": 0.7184214495931397, ""doppler"": 0.0, ""angle"": -3.3103532078940767, ""elevation"": 0.0}]",1785106917438.9373
12,"[{""range"": 1.1627541452054595, ""doppler"": 0.0, ""angle"": -4.215566006678774, ""elevation"": 0.0}, {""range"": 2.6387922292324175, ""doppler"": 0.0, ""angle"": -8.396955072947707, ""elevation"": 0.0}, {""range"": 2.6552074605329685, ""doppler"": 0.0, ""angle"": -8.703624903599056, ""elevation"": 0.0}, {""range"": 2.6756050110322107, ""doppler"": 0.0, ""angle"": -7.048074882824837, ""elevation"": 0.0}, {""range"": 2.7233402175617245, ""doppler"": 0.0, ""angle"": -5.255395972857772, ""elevation"": 0.0}, {""range"": 2.7866800918465677, ""doppler"": 0.0, ""angle"": -5.442074868404607, ""elevation"": 0.0}, {""range"": 2.8220061666134977, ""doppler"": 0.0, ""angle"": -4.018623262218556, ""elevation"": 0.0}, {""range"": 1.1783553360257317, ""doppler"": 0.0, ""angle"": -3.1316013606210653, ""elevation"": 0.0}, {""range"": 0.6925911504773076, ""doppler"": 0.0, ""angle"": 4.368072577437565, ""elevation"": 0.0}, {""range"": 0.74436415784326, ""doppler"": 0.0, ""angle"": 22.78291332978988, ""elevation"": 0.0}, {""range"": 0.7634706087143103, ""doppler"": 0.0, ""angle"": 24.04969087364178, ""elevation"": 0.0}, {""range"": 0.7818837361664681, ""doppler"": 0.0, ""angle"": 21.548352947365323, ""elevation"": 0.0}]",1785106917439.2908
10,"[{""range"": 1.1619569547229662, ""doppler"": 0.0, ""angle"": -6.450220383576327, ""elevation"": 0.0}, {""range"": 1.1770469434639301, ""doppler"": 0.0, ""angle"": -4.845323396151351, ""elevation"": 0.0}, {""range"": 2.6447311124334174, ""doppler"": 0.0, ""angle"": -10.038050197842095, ""elevation"": 0.0}, {""range"": 2.658952452927119, ""doppler"": 0.0, ""angle"": -9.311560858629115, ""elevation"": 0.0}, {""range"": 2.7919455992713007, ""doppler"": 0.0, ""angle"": -10.42398958933577, ""elevation"": 0.0}, {""range"": 2.8334591354515504, ""doppler"": 0.0, ""angle"": -9.267940783131522, ""elevation"": 0.0}, {""range"": 2.862894719991305, ""doppler"": 0.0, ""angle"": -3.8678736724825034, ""elevation"": 0.0}, {""range"": 0.7241579328121901, ""doppler"": 0.0, ""angle"": 18.962881873511034, ""elevation"": 0.0}, {""range"": 0.7400033576746703, ""doppler"": 0.0, ""angle"": 23.678528704152434, ""elevation"": 0.0}, {""range"": 0.754937967071964, ""doppler"": 0.0, ""angle"": 23.389260926260988, ""elevation"": 0.0}]",1785106917439.758
13,"[{""range"": 1.1662108396181687, ""doppler"": 0.0, ""angle"": -5.207950129240987, ""elevation"": 0.0}, {""range"": 1.176548537654598, ""doppler"": 0.0, ""angle"": -4.0874780195768174, ""elevation"": 0.0}, {""range"": 2.6630935675244616, ""doppler"": 0.0, ""angle"": -7.127879420032389, ""elevation"": 0.0}, {""range"": 2.686678619432267, ""doppler"": 0.0, ""angle"": -5.951920176804929, ""elevation"": 0.0}, {""range"": 2.735318863337291, ""doppler"": 0.0, ""angle"": -6.007633598798637, ""elevation"": 0.0}, {""range"": 2.790545177365332, ""doppler"": 0.0, ""angle"": -6.117198456967151, ""elevation"": 0.0}, {""range"": 2.8287005357944075, ""doppler"": 0.0, ""angle"": -5.284604702001078, ""elevation"": 0.0}, {""range"": 2.867510568315149, ""doppler"": 0.0, ""angle"": -0.33942600264714534, ""elevation"": 0.0}, {""range"": 0.739149432614071, ""doppler"": 0.0, ""angle"": 15.720730120448627, ""elevation"": 0.0}, {""range"": 0.8050669806885219, ""doppler"": 0.0, ""angle"": 11.49212430253086, ""elevation"": 0.0}, {""range"": 0.7619753558506215, ""doppler"": 0.0, ""angle"": 18.838882691234843, ""elevation"": 0.0}, {""range"": 2.0343573370684207, ""doppler"": 0.0, ""angle"": 40.88698184146088, ""elevation"": 0.0}, {""range"": 2.0637170567195042, ""doppler"": 0.0, ""angle"": 46.86436096848859, ""elevation"": 0.0}]",1785106917440.1191
11,"[{""range"": 1.1650490809008314, ""doppler"": 0.0, ""angle"": -6.061479242023691, ""elevation"": 0.0}, {""range"": 1.1766864636878231, ""doppler"": 0.0, ""angle"": -6.281539287747179, ""elevation"": 0.0}, {""range"": 2.6545429634550426, ""doppler"": 0.0, ""angle"": -6.529004713675066, ""elevation"": 0.0}, {""range"": 2.6827201177486986, ""doppler"": 0.0, ""angle"": -4.017049620793575, ""elevation"": 0.0}, {""range"": 2.7465482473158285, ""doppler"": 0.0, ""angle"": -4.615566896542687, ""elevation"": 0.0}, {""range"": 2.800959366886352, ""doppler"": 0.0, ""angle"": -7.099609632171533, ""elevation"": 0.0}, {""range"": 2.8314373667474655, ""doppler"": 0.0, ""angle"": -7.5298443133040225, ""elevation"": 0.0}, {""range"": 0.7088891637872886, ""doppler"": 0.0, ""angle"": 0.8093719039611329, ""elevation"": 0.0}, {""range"": 0.718056603943119, ""doppler"": 0.0, ""angle"": 1.0416266760099742, ""elevation"": 0.0}, {""range"": 2.8712098254838367, ""doppler"": 0.0, ""angle"": -1.2739813268219107, ""elevation"": 0.0}, {""range"": 0.7538703858182635, ""doppler"": 0.0, ""angle"": 18.417758370538614, ""elevation"": 0.0}]",1785106917440.4658
8,"[{""range"": 1.1634258997565117, ""doppler"": 0.0, ""angle"": -5.715850595689427, ""elevation"": 0.0}, {""range"": 1.179475416187825, ""doppler"": 0.0, ""angle"": -5.655276668205343, ""elevation"": 0.0}, {""range"": 2.805884682743183, ""doppler"": 0.0, ""angle"": -4.418868683121687, ""elevation"": 0.0}, {""range"": 2.831567748649546, ""doppler"": 0.0, ""angle"": -7.182909893421905, ""elevation"": 0.0}, {""range"": 0.6982003647717157, ""doppler"": 0.0, ""angle"": 2.0988291583346115, ""elevation"": 0.0}, {""range"": 0.7574759611014641, ""doppler"": 0.0, ""angle"": 25.639542592201174, ""elevation"": 0.0}, {""range"": 0.7934939004690834, ""doppler"": 0.0, ""angle"": 22.95954160003726, ""elevation"": 0.0}, {""range"": 0.7454080355741197, ""doppler"": 0.0, ""angle"": 26.085599778281424, ""elevation"": 0.0}]",1785106917440.8052
8,"[{""range"": 1.3272780071827037, ""doppler"": 0.0, ""angle"": -24.24463925215811, ""elevation"": 0.0}, {""range"": 1.1622695691705098, ""doppler"": 0.0, ""angle"": -5.6772627733721235, ""elevation"": 0.0}, {""range"": 1.17554304101444, ""doppler"": 0.0, ""angle"": -4.012345383484576, ""elevation"": 0.0}, {""range"": 2.7982449122117274, ""doppler"": 0.0, ""angle"": -3.660152496984608, ""elevation"": 0.0}, {""range"": 2.8321325471061196, ""doppler"": 0.0, ""angle"": -4.094895323424313, ""elevation"": 0.0}, {""range"": 0.7430067553416465, ""doppler"": 0.0, ""angle"": 32.58858200653948, ""elevation"": 0.0}, {""range"": 0.7478643068743115, ""doppler"": 0.0, ""angle"": 30.40928339793678, ""elevation"": 0.0}, {""range"": 0.7276427644448688, ""doppler"": 0.0, ""angle"": 38.785148069203224, ""elevation"": 0.0}]",1785106917441.1462
6,"[{""range"": 1.1625560814868303, ""doppler"": 0.0, ""angle"": -5.8175748326166365, ""elevation"": 0.0}, {""range"": 1.1746101698044968, ""doppler"": 0.0, ""angle"": -5.46844839513761, ""elevation"": 0.0}, {""range"": 2.8021089255482567, ""doppler"": 0.0, ""angle"": -5.037523487316879, ""elevation"": 0.0}, {""range"": 2.827428105934647, ""doppler"": 0.0, ""angle"": -6.978047947263298, ""elevation"": 0.0}, {""range"": 0.7028833906570001, ""doppler"": 0.0, ""angle"": 2.5224764330248304, ""elevation"": 0.0}, {""range"": 0.7189385180432737, ""doppler"": 0.0, ""angle"": 2.423319349792075, ""elevation"": 0.0}]",1785106917441.4822
6,"[{""range"": 2.800694571255559, ""doppler"": 0.0, ""angle"": -11.299888638187213, ""elevation"": 0.0}, {""range"": 2.8313064424157957, ""doppler"": 0.0, ""angle"": -11.036002599080453, ""elevation"": 0.0}, {""range"": 1.1763789715077435, ""doppler"": 0.0, ""angle"": -5.722725464034739, ""elevation"": 0.0}, {""range"": 0.7038262739347666, ""doppler"": 0.0, ""angle"": 1.8635672166759338, ""elevation"": 0.0}, {""range"": 0.7184764797708114, ""doppler"": 0.0, ""angle"": 4.954299286445549, ""elevation"": 0.0}, {""range"": 0.7413928909699029, ""doppler"": 0.0, ""angle"": 14.22728455183839, ""elevation"": 0.0}]",1785106917441.835
12,"[{""range"": 0.7094896399831369, ""doppler"": 0.0, ""angle"": -7.021132152139323, ""elevation"": 0.0}, {""range"": 1.16672539108811, ""doppler"": 0.0, ""angle"": -7.697933264124265, ""elevation"": 0.0}, {""range"": 1.1771574588807652, ""doppler"": 0.0, ""angle"": -7.620524557324003, ""elevation"": 0.0}, {""range"": 2.6595266000377764, ""doppler"": 0.0, ""angle"": -5.950934091305934, ""elevation"": 0.0}, {""range"": 2.6869274598486834, ""doppler"": 0.0, ""angle"": -3.876976999935256, ""elevation"": 0.0}, {""range"": 3.665481058668172, ""doppler"": 0.0, ""angle"": -6.838999191863589, ""elevation"": 0.0}, {""range"": 0.7362468046790754, ""doppler"": 0.0, ""angle"": -1.4891321528701014, ""elevation"": 0.0}, {""range"": 2.742448901622026, ""doppler"": 0.0, ""angle"": -1.9504725148028725, ""elevation"": 0.0}, {""range"": 2.7944097054891524, ""doppler"": 0.0, ""angle"": -2.0976206942590077, ""elevation"": 0.0}, {""range"": 2.8254290685684578, ""doppler"": 0.0, ""angle"": -1.8169798173320502, ""elevation"": 0.0}, {""range"": 0.7478518225113171, ""doppler"": 0.0, ""angle"": 6.548968218723433, ""elevation"": 0.0}, {""range"": 0.7329505517263961, ""doppler"": 0.0, ""angle"": 27.190184902755284, ""elevation"": 0.0}]",1785106917442.171
10,"[{""range"": 1.1664429867218935, ""doppler"": 0.0, ""angle"": -8.533805772892064, ""elevation"": 0.0}, {""range"": 1.179895639581405, ""doppler"": 0.0, ""angle"": -8.260269574774338, ""elevation"": 0.0}, {""range"": 2.6414535037502116, ""doppler"": 0.0, ""angle"": -8.28259234110077, ""elevation"": 0.0}, {""range"": 2.654798122110492, ""doppler"": 0.0, ""angle"": -8.197777511379599, ""elevation"": 0.0}, {""range"": 2.6785696373015253, ""doppler"": 0.0, ""angle"": -8.051127462148528, ""elevation"": 0.0}, {""range"": 2.733177397030695, ""doppler"": 0.0, ""angle"": -8.65439470423461, ""elevation"": 0.0}, {""range"": 2.7932318862873253, ""doppler"": 0.0, ""angle"": -6.4175565754727755, ""elevation"": 0.0}, {""range"": 2.8234269850945686, ""doppler"": 0.0, ""angle"": -5.724674716451777, ""elevation"": 0.0}, {""range"": 2.8577838290438247, ""doppler"": 0.0, ""angle"": -9.49355923163671, ""elevation"": 0.0}, {""range"": 0.757939600245289, ""doppler"": 0.0, ""angle"": 29.201650689735555, ""elevation"": 0.0}]",1785106917442.532
9,"[{""range"": 1.3355096102078194, ""doppler"": 0.0, ""angle"": -26.101891790696254, ""elevation"": 0.0}, {""range"": 2.651924232071446, ""doppler"": 0.0, ""angle"": -11.063691169422498, ""elevation"": 0.0}, {""range"": 0.7033010273636231, ""doppler"": 0.0, ""angle"": -5.193110035200613, ""elevation"": 0.0}, {""range"": 0.7186160946491996, ""doppler"": 0.0, ""angle"": -5.2396056827776745, ""elevation"": 0.0}, {""range"": 2.641555945188331, ""doppler"": 0.0, ""angle"": -10.716624932788482, ""elevation"": 0.0}, {""range"": 2.8004309380258476, ""doppler"": 0.0, ""angle"": -3.9469482002379763, ""elevation"": 0.0}, {""range"": 2.8282347958954523, ""doppler"": 0.0, ""angle"": -2.997175160518351, ""elevation"": 0.0}, {""range"": 2.858394456590741, ""doppler"": 0.0, ""angle"": -0.3512615605537956, ""elevation"": 0.0}, {""range"": 0.7611605321420032, ""doppler"": 0.0, ""angle"": 24.31919067179647, ""elevation"": 0.0}]",1785106917442.875
11,"[{""range"": 2.6429438996034817, ""doppler"": 0.0, ""angle"": -11.078059358521681, ""elevation"": 0.0}, {""range"": 2.6508851736984536, ""doppler"": 0.0, ""angle"": -11.387244437765423, ""elevation"": 0.0}, {""range"": 2.665149348786226, ""doppler"": 0.0, ""angle"": -12.803584506155827, ""elevation"": 0.0}, {""range"": 0.7125398736805565, ""doppler"": 0.0, ""angle"": -7.469222051937309, ""elevation"": 0.0}, {""range"": 0.735922775148169, ""doppler"": 0.0, ""angle"": 0.9606411497414457, ""elevation"": 0.0}, {""range"": 2.8116871850852894, ""doppler"": 0.0, ""angle"": -3.237435128010483, ""elevation"": 0.0}, {""range"": 2.8311972974769724, ""doppler"": 0.0, ""angle"": -3.233224294195457, ""elevation"": 0.0}, {""range"": 2.8698709564304004, ""doppler"": 0.0, ""angle"": 2.7499138902933056, ""elevation"": 0.0}, {""range"": 0.7644853027839984, ""doppler"": 0.0, ""angle"": 21.53015060148751, ""elevation"": 0.0}, {""range"": 0.75097503280732, ""doppler"": 0.0, ""angle"": 29.20168931277958, ""elevation"": 0.0}, {""range"": 0.7903642648742977, ""doppler"": 0.0, ""angle"": 29.44743148681688, ""elevation"": 0.0}]",1785106917443.215
8,"[{""range"": 2.65164584394037, ""doppler"": 0.0, ""angle"": -11.053056816163972, ""elevation"": 0.0}, {""range"": 2.656984944139483, ""doppler"": 0.0, ""angle"": -11.337156399095399, ""elevation"": 0.0}, {""range"": 1.1797714637546715, ""doppler"": 0.0, ""angle"": -5.9680966415096215, ""elevation"": 0.0}, {""range"": 2.642079105635864, ""doppler"": 0.0, ""angle"": -10.024602509152325, ""elevation"": 0.0}, {""range"": 2.8195745979812865, ""doppler"": 0.0, ""angle"": -5.958985256538869, ""elevation"": 0.0}, {""range"": 2.8167203265964194, ""doppler"": 0.0, ""angle"": -6.067454311049587, ""elevation"": 0.0}, {""range"": 0.698823615000984, ""doppler"": 0.0, ""angle"": 7.794218661872826, ""elevation"": 0.0}, {""range"": 0.7090884095355346, ""doppler"": 0.0, ""angle"": 8.877982528102635, ""elevation"": 0.0}]",1785106917443.5552
10,"[{""range"": 2.6501113330378985, ""doppler"": 0.0, ""angle"": -11.323579741609624, ""elevation"": 0.0}, {""range"": 2.661812598523255, ""doppler"": 0.0, ""angle"": -12.80017158423324, ""elevation"": 0.0}, {""range"": 1.168622157452767, ""doppler"": 0.0, ""angle"": -6.607402298391849, ""elevation"": 0.0}, {""range"": 1.1787276343509332, ""doppler"": 0.0, ""angle"": -5.72875536623823, ""elevation"": 0.0}, {""range"": 2.6407929618774215, ""doppler"": 0.0, ""angle"": -10.155634528641814, ""elevation"": 0.0}, {""range"": 2.8083170151355543, ""doppler"": 0.0, ""angle"": -3.946817750750007, ""elevation"": 0.0}, {""range"": 2.818506895666035, ""doppler"": 0.0, ""angle"": -4.884088168371116, ""elevation"": 0.0}, {""range"": 0.7154096124950929, ""doppler"": 0.0, ""angle"": 7.569091935843366, ""elevation"": 0.0}, {""range"": 0.7218252764769564, ""doppler"": 0.0, ""angle"": 8.246524391648842, ""elevation"": 0.0}, {""range"": 0.7416565687535814, ""doppler"": 0.0, ""angle"": 17.01944732599768, ""elevation"": 0.0}]",1785106917443.903
9,"[{""range"": 2.647236999082933, ""doppler"": 0.0, ""angle"": -11.367616844671783, ""elevation"": 0.0}, {""range"": 2.6599357998099316, ""doppler"": 0.0, ""angle"": -14.00915238348491, ""elevation"": 0.0}, {""range"": 1.179137019960696, ""doppler"": 0.0, ""angle"": -4.3747149395179665, ""elevation"": 0.0}, {""range"": 2.6362251188351813, ""doppler"": 0.0, ""angle"": -8.908377396857903, ""elevation"": 0.0}, {""range"": 2.811107524438224, ""doppler"": 0.0, ""angle"": -2.7308182138083184, ""elevation"": 0.0}, {""range"": 2.8249143965313075, ""doppler"": 0.0, ""angle"": -2.8881230887236575, ""elevation"": 0.0}, {""range"": 0.7130820803128967, ""doppler"": 0.0, ""angle"": 17.84429160827534, ""elevation"": 0.0}, {""range"": 0.7232298847116364, ""doppler"": 0.0, ""angle"": 20.478118895635266, ""elevation"": 0.0}, {""range"": 0.7321408745444261, ""doppler"": 0.0, ""angle"": 24.593352205406234, ""elevation"": 0.0}]",1785106917444.234
9,"[{""range"": 2.6467191347642807, ""doppler"": 0.0, ""angle"": -11.642443467370928, ""elevation"": 0.0}, {""range"": 2.654133064762199, ""doppler"": 0.0, ""angle"": -11.066167217326733, ""elevation"": 0.0}, {""range"": 1.1817551013418366, ""doppler"": 0.0, ""angle"": -5.069629059312037, ""elevation"": 0.0}, {""range"": 2.6572489471483616, ""doppler"": 0.0, ""angle"": -10.617286801123907, ""elevation"": 0.0}, {""range"": 2.8196223112948653, ""doppler"": 0.0, ""angle"": -6.968176591895723, ""elevation"": 0.0}, {""range"": 2.8235062511192197, ""doppler"": 0.0, ""angle"": -5.848516657704331, ""elevation"": 0.0}, {""range"": 0.7149825692080197, ""doppler"": 0.0, ""angle"": 16.490622363147207, ""elevation"": 0.0}, {""range"": 0.7191996248269691, ""doppler"": 0.0, ""angle"": 16.420892990486596, ""elevation"": 0.0}, {""range"": 0.7340894160841401, ""doppler"": 0.0, ""angle"": 11.906627886209513, ""elevation"": 0.0}]",1785106917444.557
8,"[{""range"": 2.640985760834107, ""doppler"": 0.0, ""angle"": -10.817687964437964, ""elevation"": 0.0}, {""range"": 2.6535846272512438, ""doppler"": 0.0, ""angle"": -10.423985880165972, ""elevation"": 0.0}, {""range"": 2.6621729243459007, ""doppler"": 0.0, ""angle"": -10.805000590919176, ""elevation"": 0.0}, {""range"": 2.8123381834500196, ""doppler"": 0.0, ""angle"": -4.78149112538596, ""elevation"": 0.0}, {""range"": 2.8225993180395297, ""doppler"": 0.0, ""angle"": -4.745857144999129, ""elevation"": 0.0}, {""range"": 0.7108696851587412, ""doppler"": 0.0, ""angle"": 10.170782298074734, ""elevation"": 0.0}, {""range"": 0.7256084601824139, ""doppler"": 0.0, ""angle"": 14.704036121220817, ""elevation"": 0.0}, {""range"": 0.7463619076896255, ""doppler"": 0.0, ""angle"": 20.797038889156994, ""elevation"": 0.0}]",1785106917444.8818
6,"[{""range"": 2.645735226308306, ""doppler"": 0.0, ""angle"": -11.634972643675086, ""elevation"": 0.0}, {""range"": 2.6531332138067962, ""doppler"": 0.0, ""angle"": -11.432618078534961, ""elevation"": 0.0}, {""range"": 2.6607992303484362, ""doppler"": 0.0, ""angle"": -12.075663235597819, ""elevation"": 0.0}, {""range"": 2.8118347893851716, ""doppler"": 0.0, ""angle"": -4.701913941503849, ""elevation"": 0.0}, {""range"": 2.8212664899680333, ""doppler"": 0.0, ""angle"": -4.8574316748974455, ""elevation"": 0.0}, {""range"": 0.7079664598675386, ""doppler"": 0.0, ""angle"": 10.007141494280686, ""elevation"": 0.0}]",1785106917445.215
11,"[{""range"": 2.64232132802646, ""doppler"": 0.0, ""angle"": -10.90690826164321, ""elevation"": 0.0}, {""range"": 2.6516419129215714, ""doppler"": 0.0, ""angle"": -11.072757959647287, ""elevation"": 0.0}, {""range"": 2.6604560069985808, ""doppler"": 0.0, ""angle"": -11.967000005474837, ""elevation"": 0.0}, {""range"": 1.1693099694163938, ""doppler"": 0.0, ""angle"": -6.744644038156932, ""elevation"": 0.0}, {""range"": 1.1756792492424706, ""doppler"": 0.0, ""angle"": -6.392158074058647, ""elevation"": 0.0}, {""range"": 2.8252136477130105, ""doppler"": 0.0, ""angle"": -3.745085077462114, ""elevation"": 0.0}, {""range"": 2.812943643528275, ""doppler"": 0.0, ""angle"": -2.594127645679158, ""elevation"": 0.0}, {""range"": 0.7125133078530829, ""doppler"": 0.0, ""angle"": 25.716191649032787, ""elevation"": 0.0}, {""range"": 0.7988878290712632, ""doppler"": 0.0, ""angle"": 22.754028373867317, ""elevation"": 0.0}, {""range"": 0.7382614314584701, ""doppler"": 0.0, ""angle"": 30.944716645921147, ""elevation"": 0.0}, {""range"": 0.7626438615990495, ""doppler"": 0.0, ""angle"": 29.035031858425217, ""elevation"": 0.0}]",1785106917445.547
8,"[{""range"": 2.6398373556047408, ""doppler"": 0.0, ""angle"": -11.257414338610879, ""elevation"": 0.0}, {""range"": 2.6496847959250758, ""doppler"": 0.0, ""angle"": -10.813237411221397, ""elevation"": 0.0}, {""range"": 2.66772270705928, ""doppler"": 0.0, ""angle"": -12.417170515209895, ""elevation"": 0.0}, {""range"": 1.1599803256676269, ""doppler"": 0.0, ""angle"": -6.372378738828785, ""elevation"": 0.0}, {""range"": 2.805051771215061, ""doppler"": 0.0, ""angle"": -2.144483034760562, ""elevation"": 0.0}, {""range"": 2.8230400337058423, ""doppler"": 0.0, ""angle"": -2.098127420013815, ""elevation"": 0.0}, {""range"": 2.8658444153033473, ""doppler"": 0.0, ""angle"": 4.43380129816543, ""elevation"": 0.0}, {""range"": 0.7890945668124193, ""doppler"": 0.0, ""angle"": 19.609282129078913, ""elevation"": 0.0}]",1785106917445.864
7,"[{""range"": 2.649346462786314, ""doppler"": 0.0, ""angle"": -11.181004294885632, ""elevation"": 0.0}, {""range"": 2.667421406454612, ""doppler"": 0.0, ""angle"": -12.005963082002912, ""elevation"": 0.0}, {""range"": 2.82599010989607, ""doppler"": 0.0, ""angle"": -3.9257304060733964, ""elevation"": 0.0}, {""range"": 2.8073586380443323, ""doppler"": 0.0, ""angle"": -2.321678418626401, ""elevation"": 0.0}, {""range"": 0.7540431169796757, ""doppler"": 0.0, ""angle"": 24.833027535079303, ""elevation"": 0.0}, {""range"": 0.7574619888670905, ""doppler"": 0.0, ""angle"": 26.770715042871785, ""elevation"": 0.0}, {""range"": 0.7778283849938702, ""doppler"": 0.0, ""angle"": 30.396758495531067, ""elevation"": 0.0}]",1785106917446.2158
6,"[{""range"": 2.6645517954988747, ""doppler"": 0.0, ""angle"": -11.049776539153186, ""elevation"": 0.0}, {""range"": 2.6390319121145276, ""doppler"": 0.0, ""angle"": -9.240855197428447, ""elevation"": 0.0}, {""range"": 2.652089553395035, ""doppler"": 0.0, ""angle"": -9.71191317766344, ""elevation"": 0.0}, {""range"": 2.8210162836622246, ""doppler"": 0.0, ""angle"": -4.293137087776125, ""elevation"": 0.0}, {""range"": 2.8118386158496906, ""doppler"": 0.0, ""angle"": -3.4160996196160345, ""elevation"": 0.0}, {""range"": 0.7775093886113446, ""doppler"": 0.0, ""angle"": 24.773299917987234, ""elevation"": 0.0}]",1785106917446.556
11,"[{""range"": 2.6390792366566393, ""doppler"": 0.0, ""angle"": -11.93044561865048, ""elevation"": 0.0}, {""range"": 2.649862733698266, ""doppler"": 0.0, ""angle"": -11.893038831491431, ""elevation"": 0.0}, {""range"": 2.6620433262946173, ""doppler"": 0.0, ""angle"": -13.415496578038972, ""elevation"": 0.0}, {""range"": 1.1570702613025299, ""doppler"": 0.0, ""angle"": -7.530279921574657, ""elevation"": 0.0}, {""range"": 1.1684204636791005, ""doppler"": 0.0, ""angle"": -7.041271319748869, ""elevation"": 0.0}, {""range"": 2.814572280521602, ""doppler"": 0.0, ""angle"": -5.055355355660853, ""elevation"": 0.0}, {""range"": 2.8256634212415292, ""doppler"": 0.0, ""angle"": -6.679334530526108, ""elevation"": 0.0}, {""range"": 0.7083933995932038, ""doppler"": 0.0, ""angle"": -3.05307507716812, ""elevation"": 0.0}, {""range"": 0.7528460355280461, ""doppler"": 0.0, ""angle"": 24.63542054273332, ""elevation"": 0.0}, {""range"": 0.76001831133501, ""doppler"": 0.0, ""angle"": 26.703708621965546, ""elevation"": 0.0}, {""range"": 0.787429853843551, ""doppler"": 0.0, ""angle"": 30.379126011368342, ""elevation"": 0.0}]",1785106917446.888
12,"[{""range"": 0.6221708726534162, ""doppler"": 0.0, ""angle"": -28.458011223655134, ""elevation"": 0.0}, {""range"": 1.3243278317188336, ""doppler"": 0.0, ""angle"": -23.49825721289226, ""elevation"": 0.0}, {""range"": 2.64513161909734, ""doppler"": 0.0, ""angle"": -11.297778731928954, ""elevation"": 0.0}, {""range"": 2.651634750252703, ""doppler"": 0.0, ""angle"": -11.50618905499076, ""elevation"": 0.0}, {""range"": 2.665196281556398, ""doppler"": 0.0, ""angle"": -12.527556855258863, ""elevation"": 0.0}, {""range"": 1.1576191072065456, ""doppler"": 0.0, ""angle"": -7.044880908483664, ""elevation"": 0.0}, {""range"": 1.1707056846409496, ""doppler"": 0.0, ""angle"": -7.018639796526402, ""elevation"": 0.0}, {""range"": 2.802922377711321, ""doppler"": 0.0, ""angle"": -6.763221799718498, ""elevation"": 0.0}, {""range"": 2.8152584450114895, ""doppler"": 0.0, ""angle"": -8.503233752337081, ""elevation"": 0.0}, {""range"": 0.7510688671200669, ""doppler"": 0.0, ""angle"": 31.377834210115132, ""elevation"": 0.0}, {""range"": 0.7586286270248574, ""doppler"": 0.0, ""angle"": 29.4048360776635, ""elevation"": 0.0}, {""range"": 0.728324695747273, ""doppler"": 0.0, ""angle"": 34.56793061536534, ""elevation"": 0.0}]",1785106917447.193
13,"[{""range"": 2.6650361884631346, ""doppler"": 0.0, ""angle"": -11.08299728815259, ""elevation"": 0.0}, {""range"": 1.159191598976952, ""doppler"": 0.0, ""angle"": -5.665741500380796, ""elevation"": 0.0}, {""range"": 1.17545499227417, ""doppler"": 0.0, ""angle"": -5.158129801507081, ""elevation"": 0.0}, {""range"": 2.6396667851063667, ""doppler"": 0.0, ""angle"": -9.951096166063932, ""elevation"": 0.0}, {""range"": 2.648725009812746, ""doppler"": 0.0, ""angle"": -10.62036810528139, ""elevation"": 0.0}, {""range"": 2.797421538880996, ""doppler"": 0.0, ""angle"": -8.158071219733829, ""elevation"": 0.0}, {""range"": 2.814026750846649, ""doppler"": 0.0, ""angle"": -10.311684956288191, ""elevation"": 0.0}, {""range"": 1.209181049316025, ""doppler"": 0.0, ""angle"": -1.7711205086160968, ""elevation"": 0.0}, {""range"": 2.7407421112098773, ""doppler"": 0.0, ""angle"": -1.1962924224122313, ""elevation"": 0.0}, {""range"": 0.729861793438244, ""doppler"": 0.0, ""angle"": 30.800054750339346, ""elevation"": 0.0}, {""range"": 0.7423913534659817, ""doppler"": 0.0, ""angle"": 29.42992201036237, ""elevation"": 0.0}, {""range"": 0.7535271385285498, ""doppler"": 0.0, ""angle"": 27.702181415702025, ""elevation"": 0.0}, {""range"": 0.7856448999289172, ""doppler"": 0.0, ""angle"": 27.562362465029587, ""elevation"": 0.0}]",1785106917447.519
11,"[{""range"": 2.641274055219929, ""doppler"": 0.0, ""angle"": -11.314496783698527, ""elevation"": 0.0}, {""range"": 2.648017662819734, ""doppler"": 0.0, ""angle"": -10.973790568891214, ""elevation"": 0.0}, {""range"": 2.6598376545863753, ""doppler"": 0.0, ""angle"": -12.344143632148585, ""elevation"": 0.0}, {""range"": 1.1598821363163345, ""doppler"": 0.0, ""angle"": -7.636670033340484, ""elevation"": 0.0}, {""range"": 1.1721676212165715, ""doppler"": 0.0, ""angle"": -7.097913333178285, ""elevation"": 0.0}, {""range"": 2.808551435214158, ""doppler"": 0.0, ""angle"": -6.863490706542144, ""elevation"": 0.0}, {""range"": 2.8220653106159443, ""doppler"": 0.0, ""angle"": -7.829750868953763, ""elevation"": 0.0}, {""range"": 0.726429996121892, ""doppler"": 0.0, ""angle"": 12.048460253248466, ""elevation"": 0.0}, {""range"": 0.7341880651055549, ""doppler"": 0.0, ""angle"": 15.424016782055535, ""elevation"": 0.0}, {""range"": 0.7467044877972644, ""doppler"": 0.0, ""angle"": 18.803754123678743, ""elevation"": 0.0}, {""range"": 0.776465779438275, ""doppler"": 0.0, ""angle"": 23.306009145875663, ""elevation"": 0.0}]",1785106917447.83
9,"[{""range"": 2.647551701558461, ""doppler"": 0.0, ""angle"": -11.342565800545168, ""elevation"": 0.0}, {""range"": 2.6600848228828142, ""doppler"": 0.0, ""angle"": -12.792828214667061, ""elevation"": 0.0}, {""range"": 1.1601776578181786, ""doppler"": 0.0, ""angle"": -7.545624747381708, ""elevation"": 0.0}, {""range"": 1.169760523167989, ""doppler"": 0.0, ""angle"": -6.160290669442742, ""elevation"": 0.0}, {""range"": 2.6381347721927226, ""doppler"": 0.0, ""angle"": -10.185704042639662, ""elevation"": 0.0}, {""range"": 2.8077644566120306, ""doppler"": 0.0, ""angle"": -3.9951457300210462, ""elevation"": 0.0}, {""range"": 2.821096671487745, ""doppler"": 0.0, ""angle"": -6.445267044119466, ""elevation"": 0.0}, {""range"": 0.7455633857825043, ""doppler"": 0.0, ""angle"": 36.19104341444756, ""elevation"": 0.0}, {""range"": 0.7532830243245735, ""doppler"": 0.0, ""angle"": 34.61429538057981, ""elevation"": 0.0}]",1785106917448.124
11,"[{""range"": 2.6620828429584544, ""doppler"": 0.0, ""angle"": -10.856309794205279, ""elevation"": 0.0}, {""range"": 0.6432945545863836, ""doppler"": 0.0, ""angle"": -5.823108560433884, ""elevation"": 0.0}, {""range"": 1.159013658722886, ""doppler"": 0.0, ""angle"": -5.666614193486235, ""elevation"": 0.0}, {""range"": 1.1711729149804715, ""doppler"": 0.0, ""angle"": -3.702931763688496, ""elevation"": 0.0}, {""range"": 2.6412396143308237, ""doppler"": 0.0, ""angle"": -10.165721211086073, ""elevation"": 0.0}, {""range"": 2.652492957105383, ""doppler"": 0.0, ""angle"": -10.593318063592394, ""elevation"": 0.0}, {""range"": 2.811381006544741, ""doppler"": 0.0, ""angle"": -5.423402288166758, ""elevation"": 0.0}, {""range"": 2.82041125848153, ""doppler"": 0.0, ""angle"": -5.2782922123611575, ""elevation"": 0.0}, {""range"": 0.6841480949806333, ""doppler"": 0.0, ""angle"": 0.23960458133940032, ""elevation"": 0.0}, {""range"": 0.7113420582825363, ""doppler"": 0.0, ""angle"": 0.43208667676330637, ""elevation"": 0.0}, {""range"": 0.7800156708836522, ""doppler"": 0.0, ""angle"": 26.817634994890334, ""elevation"": 0.0}]",1785106917448.4329
10,"[{""range"": 2.6489242988587223, ""doppler"": 0.0, ""angle"": -11.194637161441108, ""elevation"": 0.0}, {""range"": 2.6624328941488176, ""doppler"": 0.0, ""angle"": -12.87607337222238, ""elevation"": 0.0}, {""range"": 1.1562108716985366, ""doppler"": 0.0, ""angle"": -6.455659925127633, ""elevation"": 0.0}, {""range"": 2.642766342903617, ""doppler"": 0.0, ""angle"": -10.498677298017897, ""elevation"": 0.0}, {""range"": 2.8174278485109228, ""doppler"": 0.0, ""angle"": -5.0100632405740475, ""elevation"": 0.0}, {""range"": 2.8035635673043346, ""doppler"": 0.0, ""angle"": -3.341997115135154, ""elevation"": 0.0}, {""range"": 0.6998559008345666, ""doppler"": 0.0, ""angle"": 10.035116513408125, ""elevation"": 0.0}, {""range"": 0.7498517936168245, ""doppler"": 0.0, ""angle"": 22.47377495274628, ""elevation"": 0.0}, {""range"": 0.7668146353211375, ""doppler"": 0.0, ""angle"": 23.151222691779427, ""elevation"": 0.0}, {""range"": 0.7924699496550934, ""doppler"": 0.0, ""angle"": 21.690976125341642, ""elevation"": 0.0}]",1785106917448.738
9,"[{""range"": 2.650783581316477, ""doppler"": 0.0, ""angle"": -10.875600475158192, ""elevation"": 0.0}, {""range"": 2.659528643878902, ""doppler"": 0.0, ""angle"": -12.002739947500677, ""elevation"": 0.0}, {""range"": 2.6429268413215854, ""doppler"": 0.0, ""angle"": -9.859995170077324, ""elevation"": 0.0}, {""range"": 2.814081761928661, ""doppler"": 0.0, ""angle"": -3.6249341818679057, ""elevation"": 0.0}, {""range"": 2.8207899556862723, ""doppler"": 0.0, ""angle"": -4.563059775421464, ""elevation"": 0.0}, {""range"": 0.7186047039814278, ""doppler"": 0.0, ""angle"": 14.54109996586151, ""elevation"": 0.0}, {""range"": 0.7465197363593201, ""doppler"": 0.0, ""angle"": 19.1423753420595, ""elevation"": 0.0}, {""range"": 0.7613235456511713, ""doppler"": 0.0, ""angle"": 21.696453971352017, ""elevation"": 0.0}, {""range"": 0.79386640758266, ""doppler"": 0.0, ""angle"": 22.72410215174103, ""elevation"": 0.0}]",1785106917449.035
11,"[{""range"": 2.651924232071446, ""doppler"": 0.0, ""angle"": -11.55617377861793, ""elevation"": 0.0}, {""range"": 2.6603245224590935, ""doppler"": 0.0, ""angle"": -13.056389014802631, ""elevation"": 0.0}, {""range"": 1.1591800552746756, ""doppler"": 0.0, ""angle"": -6.572489126010105, ""elevation"": 0.0}, {""range"": 1.1702834454672237, ""doppler"": 0.0, ""angle"": -7.206456329372178, ""elevation"": 0.0}, {""range"": 2.6418647282838155, ""doppler"": 0.0, ""angle"": -10.731145453107438, ""elevation"": 0.0}, {""range"": 2.8067408489168764, ""doppler"": 0.0, ""angle"": -1.3616684981144, ""elevation"": 0.0}, {""range"": 2.817077614145452, ""doppler"": 0.0, ""angle"": -2.1644394659097497, ""elevation"": 0.0}, {""range"": 0.7076928953187791, ""doppler"": 0.0, ""angle"": 4.013415616264424, ""elevation"": 0.0}, {""range"": 0.7454317347926662, ""doppler"": 0.0, ""angle"": 19.6085221909321, ""elevation"": 0.0}, {""range"": 0.7572750062814612, ""doppler"": 0.0, ""angle"": 25.85713428193886, ""elevation"": 0.0}, {""range"": 0.7829755004195253, ""doppler"": 0.0, ""angle"": 28.748307625560347, ""elevation"": 0.0}]",1785106917449.3608
10,"[{""range"": 2.6449998563184716, ""doppler"": 0.0, ""angle"": -11.164080147115744, ""elevation"": 0.0}, {""range"": 1.1741199206568043, ""doppler"": 0.0, ""angle"": -6.260211480336765, ""elevation"": 0.0}, {""range"": 2.6543846611016417, ""doppler"": 0.0, ""angle"": -10.538565995792215, ""elevation"": 0.0}, {""range"": 2.6635465881279026, ""doppler"": 0.0, ""angle"": -10.713225169782136, ""elevation"": 0.0}, {""range"": 2.809088034390619, ""doppler"": 0.0, ""angle"": -4.0151969570786, ""elevation"": 0.0}, {""range"": 2.823927757921747, ""doppler"": 0.0, ""angle"": -5.789291618902343, ""elevation"": 0.0}, {""range"": 0.7169364018648607, ""doppler"": 0.0, ""angle"": 9.70665240933971, ""elevation"": 0.0}, {""range"": 0.7353099674105963, ""doppler"": 0.0, ""angle"": 17.813677709375636, ""elevation"": 0.0}, {""range"": 0.7534335042788072, ""doppler"": 0.0, ""angle"": 23.053963124710766, ""elevation"": 0.0}, {""range"": 0.7822416206690922, ""doppler"": 0.0, ""angle"": 23.095404565330224, ""elevation"": 0.0}]",1785106917449.691
10,"[{""range"": 2.6497258242757216, ""doppler"": 0.0, ""angle"": -11.281875675061295, ""elevation"": 0.0}, {""range"": 2.6577775361722793, ""doppler"": 0.0, ""angle"": -13.362140579175012, ""elevation"": 0.0}, {""range"": 2.642038593903369, ""doppler"": 0.0, ""angle"": -9.08491619168511, ""elevation"": 0.0}, {""range"": 2.8137647360804743, ""doppler"": 0.0, ""angle"": -4.172781861472045, ""elevation"": 0.0}, {""range"": 2.822357188509734, ""doppler"": 0.0, ""angle"": -6.281664509123798, ""elevation"": 0.0}, {""range"": 0.7123110923894875, ""doppler"": 0.0, ""angle"": 6.616566449651286, ""elevation"": 0.0}, {""range"": 0.7242084652289846, ""doppler"": 0.0, ""angle"": 10.441502736374973, ""elevation"": 0.0}, {""range"": 0.7573611363047833, ""doppler"": 0.0, ""angle"": 22.50227874373388, ""elevation"": 0.0}, {""range"": 1.9314271066669244, ""doppler"": 0.0, ""angle"": 52.856388347165826, ""elevation"": 0.0}, {""range"": 1.9504925024796222, ""doppler"": 0.0, ""angle"": 56.14968127739368, ""elevation"": 0.0}]",1785106917450.021
9,"[{""range"": 2.650520321626894, ""doppler"": 0.0, ""angle"": -11.069625312091695, ""elevation"": 0.0}, {""range"": 2.6436284084164785, ""doppler"": 0.0, ""angle"": -10.641081377936848, ""elevation"": 0.0}, {""range"": 2.821443755118055, ""doppler"": 0.0, ""angle"": -4.682221427277153, ""elevation"": 0.0}, {""range"": 0.6836253387756057, ""doppler"": 0.0, ""angle"": 0.4346182936526035, ""elevation"": 0.0}, {""range"": 0.7076815773345374, ""doppler"": 0.0, ""angle"": 1.650634920182351, ""elevation"": 0.0}, {""range"": 0.721267455029573, ""doppler"": 0.0, ""angle"": 2.7425263976892036, ""elevation"": 0.0}, {""range"": 2.8027536153251775, ""doppler"": 0.0, ""angle"": -2.599906446426858, ""elevation"": 0.0}, {""range"": 0.7402121548201972, ""doppler"": 0.0, ""angle"": 7.621167920212209, ""elevation"": 0.0}, {""range"": 0.7780587161881681, ""doppler"": 0.0, ""angle"": 14.480165095024573, ""elevation"": 0.0}]",1785106917450.321
11,"[{""range"": 2.6421158954387507, ""doppler"": 0.0, ""angle"": -11.287118196531567, ""elevation"": 0.0}, {""range"": 2.65211402759853, ""doppler"": 0.0, ""angle"": -10.881879407695761, ""elevation"": 0.0}, {""range"": 2.6696062601212005, ""doppler"": 0.0, ""angle"": -10.903500836349105, ""elevation"": 0.0}, {""range"": 1.1583627530683271, ""doppler"": 0.0, ""angle"": -8.61167326710786, ""elevation"": 0.0}, {""range"": 1.1715016981046729, ""doppler"": 0.0, ""angle"": -8.293358893203456, ""elevation"": 0.0}, {""range"": 2.7944861789326625, ""doppler"": 0.0, ""angle"": -5.5741557638274735, ""elevation"": 0.0}, {""range"": 2.821644160177825, ""doppler"": 0.0, ""angle"": -7.493868202942009, ""elevation"": 0.0}, {""range"": 0.7057894942551913, ""doppler"": 0.0, ""angle"": 2.599266500489459, ""elevation"": 0.0}, {""range"": 0.7278750072986991, ""doppler"": 0.0, ""angle"": 7.140729128555968, ""elevation"": 0.0}, {""range"": 0.7611100164911245, ""doppler"": 0.0, ""angle"": 20.533988385817743, ""elevation"": 0.0}, {""range"": 0.7792127157027213, ""doppler"": 0.0, ""angle"": 23.835663629409645, ""elevation"": 0.0}]",1785106917450.609
11,"[{""range"": 2.794214424685838, ""doppler"": 0.0, ""angle"": -11.176902438968519, ""elevation"": 0.0}, {""range"": 0.7203358827240439, ""doppler"": 0.0, ""angle"": -5.770032976359753, ""elevation"": 0.0}, {""range"": 1.1652585200298735, ""doppler"": 0.0, ""angle"": -7.556877684925754, ""elevation"": 0.0}, {""range"": 1.177745310178365, ""doppler"": 0.0, ""angle"": -7.371025980568547, ""elevation"": 0.0}, {""range"": 2.646439039214139, ""doppler"": 0.0, ""angle"": -10.775424262851615, ""elevation"": 0.0}, {""range"": 2.6585975176171086, ""doppler"": 0.0, ""angle"": -9.594097580388109, ""elevation"": 0.0}, {""range"": 2.675095327752797, ""doppler"": 0.0, ""angle"": -8.34025382092539, ""elevation"": 0.0}, {""range"": 2.7231972861527494, ""doppler"": 0.0, ""angle"": -8.674939093599907, ""elevation"": 0.0}, {""range"": 2.832391135538108, ""doppler"": 0.0, ""angle"": -6.437657910025644, ""elevation"": 0.0}, {""range"": 0.7090091553995655, ""doppler"": 0.0, ""angle"": -1.8499397225562397, ""elevation"": 0.0}, {""range"": 0.7568691978470901, ""doppler"": 0.0, ""angle"": 35.33468626104321, ""elevation"": 0.0}]",1785106917450.91
10,"[{""range"": 2.6613909823530704, ""doppler"": 0.0, ""angle"": -7.9090692011890855, ""elevation"": 0.0}, {""range"": 2.689806935456612, ""doppler"": 0.0, ""angle"": -5.627212534922895, ""elevation"": 0.0}, {""range"": 2.74115698144526, ""doppler"": 0.0, ""angle"": -4.1223649812772, ""elevation"": 0.0}, {""range"": 2.79269617901094, ""doppler"": 0.0, ""angle"": -5.102426256887442, ""elevation"": 0.0}, {""range"": 2.8301333924810965, ""doppler"": 0.0, ""angle"": -4.3337359969754035, ""elevation"": 0.0}, {""range"": 2.873547135031294, ""doppler"": 0.0, ""angle"": 0.12835374063598792, ""elevation"": 0.0}, {""range"": 2.9202455524991495, ""doppler"": 0.0, ""angle"": 8.13159082685232, ""elevation"": 0.0}, {""range"": 0.7215857248792631, ""doppler"": 0.0, ""angle"": 12.217721972850404, ""elevation"": 0.0}, {""range"": 0.7380414249818, ""doppler"": 0.0, ""angle"": 20.182354134327774, ""elevation"": 0.0}, {""range"": 0.7485717698696231, ""doppler"": 0.0, ""angle"": 21.76074534874146, ""elevation"": 0.0}]",1785106917451.222
6,"[{""range"": 2.7092145454032877, ""doppler"": 0.0, ""angle"": 0.10588608012558652, ""elevation"": 0.0}, {""range"": 2.7477475727985112, ""doppler"": 0.0, ""angle"": -0.8054066520608623, ""elevation"": 0.0}, {""range"": 2.790787775487831, ""doppler"": 0.0, ""angle"": -2.445700661970809, ""elevation"": 0.0}, {""range"": 2.829641130581569, ""doppler"": 0.0, ""angle"": -3.2531368645043375, ""elevation"": 0.0}, {""range"": 0.7606401968752362, ""doppler"": 0.0, ""angle"": 11.925424341022621, ""elevation"": 0.0}, {""range"": 0.7729097398112205, ""doppler"": 0.0, ""angle"": 17.29471798640308, ""elevation"": 0.0}]",1785106917451.524
7,"[{""range"": 1.3320311817929953, ""doppler"": 0.0, ""angle"": -21.308649936699734, ""elevation"": 0.0}, {""range"": 2.7916357436510886, ""doppler"": 0.0, ""angle"": -4.938583577824215, ""elevation"": 0.0}, {""range"": 2.826410901238924, ""doppler"": 0.0, ""angle"": -6.5899775374291085, ""elevation"": 0.0}, {""range"": 2.752061200352073, ""doppler"": 0.0, ""angle"": -3.434447901033975, ""elevation"": 0.0}, {""range"": 0.708053417335704, ""doppler"": 0.0, ""angle"": 17.034643853325118, ""elevation"": 0.0}, {""range"": 0.7369870697804388, ""doppler"": 0.0, ""angle"": 15.7391663570265, ""elevation"": 0.0}, {""range"": 0.7489440784607989, ""doppler"": 0.0, ""angle"": 15.141139185235692, ""elevation"": 0.0}]",1785106917451.841
11,"[{""range"": 0.6855212260994645, ""doppler"": 0.0, ""angle"": -10.125722549172815, ""elevation"": 0.0}, {""range"": 1.1602734108677404, ""doppler"": 0.0, ""angle"": -8.990529680508843, ""elevation"": 0.0}, {""range"": 1.1704420113094405, ""doppler"": 0.0, ""angle"": -7.9295605172915735, ""elevation"": 0.0}, {""range"": 2.787530324711273, ""doppler"": 0.0, ""angle"": -4.053669702817463, ""elevation"": 0.0}, {""range"": 2.8229393020116533, ""doppler"": 0.0, ""angle"": -3.9772730907503777, ""elevation"": 0.0}, {""range"": 2.7050003726958676, ""doppler"": 0.0, ""angle"": -3.122474272411529, ""elevation"": 0.0}, {""range"": 2.7475216332171724, ""doppler"": 0.0, ""angle"": -3.2197508553728147, ""elevation"": 0.0}, {""range"": 2.871828325752176, ""doppler"": 0.0, ""angle"": 7.8480731538756645, ""elevation"": 0.0}, {""range"": 0.7909057354023343, ""doppler"": 0.0, ""angle"": 20.90172606700602, ""elevation"": 0.0}, {""range"": 0.7490715692714058, ""doppler"": 0.0, ""angle"": 26.253099017216712, ""elevation"": 0.0}, {""range"": 0.7647450741295758, ""doppler"": 0.0, ""angle"": 26.87060979391837, ""elevation"": 0.0}]",1785106917452.173
6,"[{""range"": 1.1598881872480162, ""doppler"": 0.0, ""angle"": -10.301686281266793, ""elevation"": 0.0}, {""range"": 1.1734535523115188, ""doppler"": 0.0, ""angle"": -10.429792770935467, ""elevation"": 0.0}, {""range"": 2.788137811828562, ""doppler"": 0.0, ""angle"": -10.199344630637889, ""elevation"": 0.0}, {""range"": 2.8314332788062466, ""doppler"": 0.0, ""angle"": -7.445916035561797, ""elevation"": 0.0}, {""range"": 0.6792789282163365, ""doppler"": 0.0, ""angle"": 10.679878825586412, ""elevation"": 0.0}, {""range"": 0.7817835392283468, ""doppler"": 0.0, ""angle"": 15.984998368752594, ""elevation"": 0.0}]",1785106917452.482
7,"[{""range"": 2.816657732903199, ""doppler"": 0.0, ""angle"": -15.169940267432194, ""elevation"": 0.0}, {""range"": 1.160900495145842, ""doppler"": 0.0, ""angle"": -9.128620504235105, ""elevation"": 0.0}, {""range"": 1.1730852768231088, ""doppler"": 0.0, ""angle"": -9.626003478434022, ""elevation"": 0.0}, {""range"": 2.662340948015299, ""doppler"": 0.0, ""angle"": -7.366537652456081, ""elevation"": 0.0}, {""range"": 2.7805390848050866, ""doppler"": 0.0, ""angle"": -9.057677190002325, ""elevation"": 0.0}, {""range"": 0.718610844285705, ""doppler"": 0.0, ""angle"": 2.1247901410185324, ""elevation"": 0.0}, {""range"": 0.6923402369421625, ""doppler"": 0.0, ""angle"": 6.227433875839482, ""elevation"": 0.0}]",1785106917452.7732
9,"[{""range"": 2.648567373802979, ""doppler"": 0.0, ""angle"": -6.789157484582793, ""elevation"": 0.0}, {""range"": 2.7477136460990548, ""doppler"": 0.0, ""angle"": -5.036442760331445, ""elevation"": 0.0}, {""range"": 2.7936575488533704, ""doppler"": 0.0, ""angle"": -4.732577001402984, ""elevation"": 0.0}, {""range"": 0.6639195953705122, ""doppler"": 0.0, ""angle"": -1.8366645631988903, ""elevation"": 0.0}, {""range"": 0.6968445324233603, ""doppler"": 0.0, ""angle"": -0.2499415122484132, ""elevation"": 0.0}, {""range"": 2.826368053949657, ""doppler"": 0.0, ""angle"": -3.1044277513310528, ""elevation"": 0.0}, {""range"": 0.7324799566666716, ""doppler"": 0.0, ""angle"": 4.957623741156818, ""elevation"": 0.0}, {""range"": 0.7543027542032884, ""doppler"": 0.0, ""angle"": 8.410547472985728, ""elevation"": 0.0}, {""range"": 2.0950783281076863, ""doppler"": 0.0, ""angle"": 48.189804143527624, ""elevation"": 0.0}]",1785106917453.069
9,"[{""range"": 0.6486894884325746, ""doppler"": 0.0, ""angle"": -20.27321950367734, ""elevation"": 0.0}, {""range"": 0.6960778380587076, ""doppler"": 0.0, ""angle"": -6.593754391372816, ""elevation"": 0.0}, {""range"": 2.7477745753823695, ""doppler"": 0.0, ""angle"": -6.7231241744101995, ""elevation"": 0.0}, {""range"": 2.791118620655137, ""doppler"": 0.0, ""angle"": -8.662718479099247, ""elevation"": 0.0}, {""range"": 2.829679097707412, ""doppler"": 0.0, ""angle"": -8.52181412354088, ""elevation"": 0.0}, {""range"": 1.6903723464587008, ""doppler"": 0.0, ""angle"": -2.7952124631535202, ""elevation"": 0.0}, {""range"": 0.7712310492893867, ""doppler"": 0.0, ""angle"": 32.58836141077341, ""elevation"": 0.0}, {""range"": 0.7929691570304411, ""doppler"": 0.0, ""angle"": 27.738081047201437, ""elevation"": 0.0}, {""range"": 2.1045411101070606, ""doppler"": 0.0, ""angle"": 52.52935800468882, ""elevation"": 0.0}]",1785106917453.366
8,"[{""range"": 1.6579160217517168, ""doppler"": 0.0, ""angle"": -6.452791841776926, ""elevation"": 0.0}, {""range"": 1.680412498434861, ""doppler"": 0.0, ""angle"": -5.054776276103933, ""elevation"": 0.0}, {""range"": 2.744583786229265, ""doppler"": 0.0, ""angle"": -7.2236376294586515, ""elevation"": 0.0}, {""range"": 2.786888452260212, ""doppler"": 0.0, ""angle"": -8.702001304817719, ""elevation"": 0.0}, {""range"": 0.6935266803974433, ""doppler"": 0.0, ""angle"": 8.077872852202761, ""elevation"": 0.0}, {""range"": 0.7016072281552347, ""doppler"": 0.0, ""angle"": 4.956458050534327, ""elevation"": 0.0}, {""range"": 0.8318135549886093, ""doppler"": 0.0, ""angle"": 17.398844931948453, ""elevation"": 0.0}, {""range"": 0.7625055779073894, ""doppler"": 0.0, ""angle"": 41.45389085421029, ""elevation"": 0.0}]",1785106917453.6628
8,"[{""range"": 2.703501592479305, ""doppler"": 0.0, ""angle"": -1.1559170288951388, ""elevation"": 0.0}, {""range"": 2.742876639802747, ""doppler"": 0.0, ""angle"": -0.7395967032234936, ""elevation"": 0.0}, {""range"": 2.781468135472234, ""doppler"": 0.0, ""angle"": -1.3150923513492192, ""elevation"": 0.0}, {""range"": 2.8154027048458232, ""doppler"": 0.0, ""angle"": 2.7302920671643767, ""elevation"": 0.0}, {""range"": 0.7280048482252731, ""doppler"": 0.0, ""angle"": 6.515806870820563, ""elevation"": 0.0}, {""range"": 0.7482897409008287, ""doppler"": 0.0, ""angle"": 5.842742670448786, ""elevation"": 0.0}, {""range"": 0.7689964294853808, ""doppler"": 0.0, ""angle"": 12.475339948890062, ""elevation"": 0.0}, {""range"": 0.794719153834904, ""doppler"": 0.0, ""angle"": 24.754431468800256, ""elevation"": 0.0}]",1785106917453.96
10,"[{""range"": 0.9208996260872001, ""doppler"": 0.0, ""angle"": -8.902643009783022, ""elevation"": 0.0}, {""range"": 2.793816657750746, ""doppler"": 0.0, ""angle"": 2.5238002457825077, ""elevation"": 0.0}, {""range"": 2.816163967017765, ""doppler"": 0.0, ""angle"": 2.1542201662551284, ""elevation"": 0.0}, {""range"": 0.7650861513687002, ""doppler"": 0.0, ""angle"": 6.279561314029811, ""elevation"": 0.0}, {""range"": 0.7826239572823128, ""doppler"": 0.0, ""angle"": 8.381885211041459, ""elevation"": 0.0}, {""range"": 0.7234955857879339, ""doppler"": 0.0, ""angle"": 15.011688866641233, ""elevation"": 0.0}, {""range"": 0.7998278522899485, ""doppler"": 0.0, ""angle"": 11.764631398861978, ""elevation"": 0.0}, {""range"": 0.8255815141889, ""doppler"": 0.0, ""angle"": 11.139569176670161, ""elevation"": 0.0}, {""range"": 2.362808761221306, ""doppler"": 0.0, ""angle"": 23.476435744108457, ""elevation"": 0.0}, {""range"": 2.355886478316404, ""doppler"": 0.0, ""angle"": 26.847054603525244, ""elevation"": 0.0}]",1785106917454.2642
7,"[{""range"": 0.6340763542619946, ""doppler"": 0.0, ""angle"": -20.38206114481019, ""elevation"": 0.0}, {""range"": 0.6845200133535383, ""doppler"": 0.0, ""angle"": -23.296854428270407, ""elevation"": 0.0}, {""range"": 0.9075367374698903, ""doppler"": 0.0, ""angle"": -7.403665604245418, ""elevation"": 0.0}, {""range"": 0.7793921994352987, ""doppler"": 0.0, ""angle"": 2.353656705453087, ""elevation"": 0.0}, {""range"": 0.8008737566512899, ""doppler"": 0.0, ""angle"": 4.815697843356246, ""elevation"": 0.0}, {""range"": 0.8076394967854007, ""doppler"": 0.0, ""angle"": 5.208210765915064, ""elevation"": 0.0}, {""range"": 0.8358087322211983, ""doppler"": 0.0, ""angle"": 6.6217545254105685, ""elevation"": 0.0}]",1785106917454.592
12,"[{""range"": 0.7536776545917917, ""doppler"": 0.0, ""angle"": -9.33940844567788, ""elevation"": 0.0}, {""range"": 0.7932686959214835, ""doppler"": 0.0, ""angle"": -5.61420924619297, ""elevation"": 0.0}, {""range"": 1.1508381601661657, ""doppler"": 0.0, ""angle"": -6.925153297157949, ""elevation"": 0.0}, {""range"": 1.1703784536838335, ""doppler"": 0.0, ""angle"": -8.460644118912215, ""elevation"": 0.0}, {""range"": 0.9448659759761198, ""doppler"": 0.0, ""angle"": 3.873940488444133, ""elevation"": 0.0}, {""range"": 2.9877714164183202, ""doppler"": 0.0, ""angle"": 10.594377728009931, ""elevation"": 0.0}, {""range"": 3.0073871501615796, ""doppler"": 0.0, ""angle"": 11.701447985638925, ""elevation"": 0.0}, {""range"": 0.8413183258384045, ""doppler"": 0.0, ""angle"": 25.911515496400177, ""elevation"": 0.0}, {""range"": 0.8554257151095601, ""doppler"": 0.0, ""angle"": 23.623205611806075, ""elevation"": 0.0}, {""range"": 0.8883634985666697, ""doppler"": 0.0, ""angle"": 20.3171285895565, ""elevation"": 0.0}, {""range"": 0.6736576177184483, ""doppler"": 0.0, ""angle"": 32.22624032846981, ""elevation"": 0.0}, {""range"": 0.6797939029339497, ""doppler"": 0.0, ""angle"": 31.971834867576874, ""elevation"": 0.0}]",1785106917454.8892
11,"[{""range"": 0.8038027658524883, ""doppler"": 0.0, ""angle"": -11.172448864007839, ""elevation"": 0.0}, {""range"": 0.8394491517947593, ""doppler"": 0.0, ""angle"": -14.204968927308629, ""elevation"": 0.0}, {""range"": 2.7937495909416628, ""doppler"": 0.0, ""angle"": -6.213434066471332, ""elevation"": 0.0}, {""range"": 2.8207926421446006, ""doppler"": 0.0, ""angle"": -4.872830382187747, ""elevation"": 0.0}, {""range"": 0.9161668342447861, ""doppler"": 0.0, ""angle"": 12.454818238873802, ""elevation"": 0.0}, {""range"": 0.9523362219705764, ""doppler"": 0.0, ""angle"": 14.594623495091366, ""elevation"": 0.0}, {""range"": 0.6991668049198253, ""doppler"": 0.0, ""angle"": 24.428189194325483, ""elevation"": 0.0}, {""range"": 0.7165506309195878, ""doppler"": 0.0, ""angle"": 25.529120287873422, ""elevation"": 0.0}, {""range"": 0.8897672128160062, ""doppler"": 0.0, ""angle"": 22.049441614508314, ""elevation"": 0.0}, {""range"": 1.0050794515294834, ""doppler"": 0.0, ""angle"": 22.842554416301162, ""elevation"": 0.0}, {""range"": 1.0320858526497938, ""doppler"": 0.0, ""angle"": 23.27810095127486, ""elevation"": 0.0}]",1785106917455.168
11,"[{""range"": 1.154224208504947, ""doppler"": 0.0, ""angle"": -7.4773303066608, ""elevation"": 0.0}, {""range"": 2.792960845718171, ""doppler"": 0.0, ""angle"": -4.825786576665131, ""elevation"": 0.0}, {""range"": 2.8321083415101733, ""doppler"": 0.0, ""angle"": -4.875097910835263, ""elevation"": 0.0}, {""range"": 0.7424438102615889, ""doppler"": 0.0, ""angle"": 3.0925684058914324, ""elevation"": 0.0}, {""range"": 0.7863334375320612, ""doppler"": 0.0, ""angle"": -0.8599584910163208, ""elevation"": 0.0}, {""range"": 0.8391728793378425, ""doppler"": 0.0, ""angle"": 4.264804138207182, ""elevation"": 0.0}, {""range"": 0.8603854083246343, ""doppler"": 0.0, ""angle"": 6.467746344866315, ""elevation"": 0.0}, {""range"": 0.7078279064939444, ""doppler"": 0.0, ""angle"": 20.696654313126285, ""elevation"": 0.0}, {""range"": 1.0133043612073507, ""doppler"": 0.0, ""angle"": 22.405982852986906, ""elevation"": 0.0}, {""range"": 1.0327169626057604, ""doppler"": 0.0, ""angle"": 24.53262753129114, ""elevation"": 0.0}, {""range"": 2.5277035041852978, ""doppler"": 0.0, ""angle"": 21.348303416818492, ""elevation"": 0.0}]",1785106917455.4492
16,"[{""range"": 0.7343006786458524, ""doppler"": 0.0, ""angle"": -51.68447653359446, ""elevation"": 0.0}, {""range"": 0.6962942048093027, ""doppler"": 0.0, ""angle"": -9.370401336897734, ""elevation"": 0.0}, {""range"": 1.1765802657426876, ""doppler"": 0.0, ""angle"": -6.071903716577979, ""elevation"": 0.0}, {""range"": 2.7904061982731347, ""doppler"": 0.0, ""angle"": -4.815476504519364, ""elevation"": 0.0}, {""range"": 2.8290696920534644, ""doppler"": 0.0, ""angle"": -5.167543644188479, ""elevation"": 0.0}, {""range"": 0.821151279787195, ""doppler"": 0.0, ""angle"": -0.5489845708455287, ""elevation"": 0.0}, {""range"": 0.8471132502417065, ""doppler"": 0.0, ""angle"": 3.4126239713006834, ""elevation"": 0.0}, {""range"": 1.1603926329694723, ""doppler"": 0.0, ""angle"": -3.2420287978576092, ""elevation"": 0.0}, {""range"": 2.750687846999835, ""doppler"": 0.0, ""angle"": -1.9558085057968126, ""elevation"": 0.0}, {""range"": 2.8724816898289682, ""doppler"": 0.0, ""angle"": 1.5766808937529262, ""elevation"": 0.0}, {""range"": 0.854118472880859, ""doppler"": 0.0, ""angle"": 5.6950768239536576, ""elevation"": 0.0}, {""range"": 0.6995454563115809, ""doppler"": 0.0, ""angle"": 18.81935415363457, ""elevation"": 0.0}, {""range"": 2.538166389850296, ""doppler"": 0.0, ""angle"": 24.542837272009074, ""elevation"": 0.0}, {""range"": 2.543093320471645, ""doppler"": 0.0, ""angle"": 24.231235457221857, ""elevation"": 0.0}, {""range"": 2.5628576863097714, ""doppler"": 0.0, ""angle"": 24.27787093264879, ""elevation"": 0.0}, {""range"": 0.9966277683879948, ""doppler"": 0.0, ""angle"": 32.58945780235576, ""elevation"": 0.0}]",1785106917455.7341
16,"[{""range"": 0.7959689335827628, ""doppler"": 0.0, ""angle"": -8.188351951078909, ""elevation"": 0.0}, {""range"": 2.6973386939067643, ""doppler"": 0.0, ""angle"": -5.9626828116718364, ""elevation"": 0.0}, {""range"": 2.7434160380779313, ""doppler"": 0.0, ""angle"": -5.79085801076477, ""elevation"": 0.0}, {""range"": 2.7877785013107768, ""doppler"": 0.0, ""angle"": -9.12700153676658, ""elevation"": 0.0}, {""range"": 0.8663980203893495, ""doppler"": 0.0, ""angle"": 2.9102373233063927, ""elevation"": 0.0}, {""range"": 1.1480993700108235, ""doppler"": 0.0, ""angle"": -1.6421839306239159, ""elevation"": 0.0}, {""range"": 0.8595252702649028, ""doppler"": 0.0, ""angle"": 3.6618404126106383, ""elevation"": 0.0}, {""range"": 1.032962829239433, ""doppler"": 0.0, ""angle"": 23.440826988919802, ""elevation"": 0.0}, {""range"": 2.5055018037093286, ""doppler"": 0.0, ""angle"": 24.452415218545454, ""elevation"": 0.0}, {""range"": 2.512353174991033, ""doppler"": 0.0, ""angle"": 23.822952494365197, ""elevation"": 0.0}, {""range"": 2.519828965499659, ""doppler"": 0.0, ""angle"": 22.871323851838795, ""elevation"": 0.0}, {""range"": 0.6998423087747787, ""doppler"": 0.0, ""angle"": 33.251556905429304, ""elevation"": 0.0}, {""range"": 0.7126295484709225, ""doppler"": 0.0, ""angle"": 33.3511375759217, ""elevation"": 0.0}, {""range"": 1.014052686436717, ""doppler"": 0.0, ""angle"": 28.431453773979868, ""elevation"": 0.0}, {""range"": 2.848865150536957, ""doppler"": 0.0, ""angle"": 30.382763417496538, ""elevation"": 0.0}, {""range"": 2.8737940027596975, ""doppler"": 0.0, ""angle"": 28.81844698727351, ""elevation"": 0.0}]",1785106917456.0693
21,"[{""range"": 0.7340498438661808, ""doppler"": 0.0, ""angle"": -4.750891780460746, ""elevation"": 0.0}, {""range"": 0.8600869569975103, ""doppler"": 0.0, ""angle"": -4.519300943337434, ""elevation"": 0.0}, {""range"": 1.173246189291584, ""doppler"": 0.0, ""angle"": -7.575600558093791, ""elevation"": 0.0}, {""range"": 2.659871379830915, ""doppler"": 0.0, ""angle"": -6.616676679663979, ""elevation"": 0.0}, {""range"": 2.6870431550584106, ""doppler"": 0.0, ""angle"": -6.810519355773693, ""elevation"": 0.0}, {""range"": 2.732797656612895, ""doppler"": 0.0, ""angle"": -6.620476831735169, ""elevation"": 0.0}, {""range"": 0.6957722794382576, ""doppler"": 0.0, ""angle"": 1.8556810970446855, ""elevation"": 0.0}, {""range"": 0.7990852214389703, ""doppler"": 0.0, ""angle"": -1.0898732886651923, ""elevation"": 0.0}, {""range"": 0.839574248315386, ""doppler"": 0.0, ""angle"": -1.7697093310568424, ""elevation"": 0.0}, {""range"": 1.152818870842259, ""doppler"": 0.0, ""angle"": -2.676007425169193, ""elevation"": 0.0}, {""range"": 2.8071088323231903, ""doppler"": 0.0, ""angle"": 16.653798315064837, ""elevation"": 0.0}, {""range"": 2.8532979561855023, ""doppler"": 0.0, ""angle"": 11.597947621413583, ""elevation"": 0.0}, {""range"": 3.017420423661374, ""doppler"": 0.0, ""angle"": 14.71729416455237, ""elevation"": 0.0}, {""range"": 0.9354083693237356, ""doppler"": 0.0, ""angle"": 20.7457698951575, ""elevation"": 0.0}, {""range"": 2.482735533606779, ""doppler"": 0.0, ""angle"": 24.192936221682086, ""elevation"": 0.0}, {""range"": 2.4987540630344602, ""doppler"": 0.0, ""angle"": 23.705209852374537, ""elevation"": 0.0}, {""range"": 2.8249320876397155, ""doppler"": 0.0, ""angle"": 18.278973668494856, ""elevation"": 0.0}, {""range"": 0.9778518107811979, ""doppler"": 0.0, ""angle"": 31.373441506496725, ""elevation"": 0.0}, {""range"": 1.007604096487542, ""doppler"": 0.0, ""angle"": 35.08614835900929, ""elevation"": 0.0}, {""range"": 1.033355824977069, ""doppler"": 0.0, ""angle"": 39.79795450480417, ""elevation"": 0.0}, {""range"": 1.0644595260318332, ""doppler"": 0.0, ""angle"": 43.86335512427053, ""elevation"": 0.0}]",1785106917456.3699
14,"[{""range"": 2.643645244464654, ""doppler"": 0.0, ""angle"": -6.876018690087368, ""elevation"": 0.0}, {""range"": 2.6580342067710316, ""doppler"": 0.0, ""angle"": -6.904617793488718, ""elevation"": 0.0}, {""range"": 2.6770874359546037, ""doppler"": 0.0, ""angle"": -4.793198694159992, ""elevation"": 0.0}, {""range"": 0.6626238601603953, ""doppler"": 0.0, ""angle"": -1.0823825769552062, ""elevation"": 0.0}, {""range"": 0.7838739925091796, ""doppler"": 0.0, ""angle"": -2.0262823734790323, ""elevation"": 0.0}, {""range"": 0.6725268853537071, ""doppler"": 0.0, ""angle"": 4.391694981910109, ""elevation"": 0.0}, {""range"": 0.7002688137259864, ""doppler"": 0.0, ""angle"": 9.717278445894891, ""elevation"": 0.0}, {""range"": 2.7472509013486923, ""doppler"": 0.0, ""angle"": 14.219854168302188, ""elevation"": 0.0}, {""range"": 0.8712573852269672, ""doppler"": 0.0, ""angle"": 21.3515776366681, ""elevation"": 0.0}, {""range"": 0.885286281074413, ""doppler"": 0.0, ""angle"": 22.83084734994188, ""elevation"": 0.0}, {""range"": 0.8939834255104828, ""doppler"": 0.0, ""angle"": 23.380672351664487, ""elevation"": 0.0}, {""range"": 2.4395149391406665, ""doppler"": 0.0, ""angle"": 24.239234767551963, ""elevation"": 0.0}, {""range"": 2.4474180100805025, ""doppler"": 0.0, ""angle"": 23.52894386812977, ""elevation"": 0.0}, {""range"": 2.7821393583751344, ""doppler"": 0.0, ""angle"": 20.347437679384193, ""elevation"": 0.0}]",1785106917456.661
15,"[{""range"": 0.6468121441991769, ""doppler"": 0.0, ""angle"": -16.791791288428534, ""elevation"": 0.0}, {""range"": 1.1529393629902733, ""doppler"": 0.0, ""angle"": -6.11645024406919, ""elevation"": 0.0}, {""range"": 2.640637607061961, ""doppler"": 0.0, ""angle"": -8.638199626984102, ""elevation"": 0.0}, {""range"": 2.656024942909678, ""doppler"": 0.0, ""angle"": -9.017145471137798, ""elevation"": 0.0}, {""range"": 2.677384287003488, ""doppler"": 0.0, ""angle"": -7.259337200298471, ""elevation"": 0.0}, {""range"": 2.8299788675654156, ""doppler"": 0.0, ""angle"": -6.293815893082681, ""elevation"": 0.0}, {""range"": 0.8180925296754039, ""doppler"": 0.0, ""angle"": 0.38822775567735984, ""elevation"": 0.0}, {""range"": 2.794702252156123, ""doppler"": 0.0, ""angle"": -3.0478550663942934, ""elevation"": 0.0}, {""range"": 0.8409929388930125, ""doppler"": 0.0, ""angle"": 3.9502152625990434, ""elevation"": 0.0}, {""range"": 0.8536347617660052, ""doppler"": 0.0, ""angle"": 4.818460633261643, ""elevation"": 0.0}, {""range"": 0.9909480565970762, ""doppler"": 0.0, ""angle"": 17.646989436542405, ""elevation"": 0.0}, {""range"": 0.9814318076389891, ""doppler"": 0.0, ""angle"": 20.766196409154446, ""elevation"": 0.0}, {""range"": 1.0137526372701466, ""doppler"": 0.0, ""angle"": 23.779835951353856, ""elevation"": 0.0}, {""range"": 0.6571604764799482, ""doppler"": 0.0, ""angle"": 27.3599032934458, ""elevation"": 0.0}, {""range"": 0.6636676462483305, ""doppler"": 0.0, ""angle"": 26.20605111140716, ""elevation"": 0.0}]",1785106917456.948
15,"[{""range"": 2.784255546239524, ""doppler"": 0.0, ""angle"": -11.739319832932996, ""elevation"": 0.0}, {""range"": 0.6243618262900016, ""doppler"": 0.0, ""angle"": -6.677243174151847, ""elevation"": 0.0}, {""range"": 0.6359379999469834, ""doppler"": 0.0, ""angle"": -4.79039978779452, ""elevation"": 0.0}, {""range"": 0.6624790815680205, ""doppler"": 0.0, ""angle"": -4.179273259224863, ""elevation"": 0.0}, {""range"": 0.7213521885351036, ""doppler"": 0.0, ""angle"": -5.8618100033043445, ""elevation"": 0.0}, {""range"": 2.6436945485536314, ""doppler"": 0.0, ""angle"": -6.852469770553787, ""elevation"": 0.0}, {""range"": 2.658802572678592, ""doppler"": 0.0, ""angle"": -6.685299291411845, ""elevation"": 0.0}, {""range"": 2.68052406435286, ""doppler"": 0.0, ""angle"": -6.8040654899145805, ""elevation"": 0.0}, {""range"": 2.7258859308496226, ""doppler"": 0.0, ""angle"": -8.49526890390304, ""elevation"": 0.0}, {""range"": 2.8204664284528347, ""doppler"": 0.0, ""angle"": -6.958761870123483, ""elevation"": 0.0}, {""range"": 0.7822218776116432, ""doppler"": 0.0, ""angle"": 2.2927039952922557, ""elevation"": 0.0}, {""range"": 0.9629992350831308, ""doppler"": 0.0, ""angle"": 29.89267634225748, ""elevation"": 0.0}, {""range"": 0.9810477032340141, ""doppler"": 0.0, ""angle"": 26.569721521012305, ""elevation"": 0.0}, {""range"": 0.932764236422673, ""doppler"": 0.0, ""angle"": 40.27247776203517, ""elevation"": 0.0}, {""range"": 0.8912798449254176, ""doppler"": 0.0, ""angle"": 44.94310252166922, ""elevation"": 0.0}]",1785106917457.228
15,"[{""range"": 0.5974531858734855, ""doppler"": 0.0, ""angle"": -16.232767488087624, ""elevation"": 0.0}, {""range"": 0.6290918434801156, ""doppler"": 0.0, ""angle"": -17.997191834632872, ""elevation"": 0.0}, {""range"": 0.6884736817349114, ""doppler"": 0.0, ""angle"": -10.959718134398928, ""elevation"": 0.0}, {""range"": 0.7412360627869237, ""doppler"": 0.0, ""angle"": -4.413546623779632, ""elevation"": 0.0}, {""range"": 2.657915348123383, ""doppler"": 0.0, ""angle"": -9.41289379799027, ""elevation"": 0.0}, {""range"": 2.682487568696162, ""doppler"": 0.0, ""angle"": -7.877318964586098, ""elevation"": 0.0}, {""range"": 0.798894813171209, ""doppler"": 0.0, ""angle"": 7.743795617783424, ""elevation"": 0.0}, {""range"": 0.8254364591786268, ""doppler"": 0.0, ""angle"": 12.600159826080674, ""elevation"": 0.0}, {""range"": 0.8570817682711471, ""doppler"": 0.0, ""angle"": 21.324159178437945, ""elevation"": 0.0}, {""range"": 0.9011060811595233, ""doppler"": 0.0, ""angle"": 29.24565190125139, ""elevation"": 0.0}, {""range"": 3.3012786670913017, ""doppler"": 0.0, ""angle"": 28.80290784890257, ""elevation"": 0.0}, {""range"": 3.313787029025113, ""doppler"": 0.0, ""angle"": 28.384933525076125, ""elevation"": 0.0}, {""range"": 3.3223544162127623, ""doppler"": 0.0, ""angle"": 28.431291729166613, ""elevation"": 0.0}, {""range"": 3.3461068969841787, ""doppler"": 0.0, ""angle"": 27.363379955583913, ""elevation"": 0.0}, {""range"": 2.095575571068847, ""doppler"": 0.0, ""angle"": 43.264295411071615, ""elevation"": 0.0}]",1785106917457.5203
13,"[{""range"": 0.717397248090533, ""doppler"": 0.0, ""angle"": -11.09427259291014, ""elevation"": 0.0}, {""range"": 2.6419649934786444, ""doppler"": 0.0, ""angle"": -7.486245730922699, ""elevation"": 0.0}, {""range"": 2.656654846316207, ""doppler"": 0.0, ""angle"": -7.320177414798282, ""elevation"": 0.0}, {""range"": 2.67976310788718, ""doppler"": 0.0, ""angle"": -7.8467833921882155, ""elevation"": 0.0}, {""range"": 2.841363122343119, ""doppler"": 0.0, ""angle"": -2.6547918537048236, ""elevation"": 0.0}, {""range"": 0.7708745236305619, ""doppler"": 0.0, ""angle"": 9.573754197917774, ""elevation"": 0.0}, {""range"": 0.7834467204696706, ""doppler"": 0.0, ""angle"": 3.939337930648863, ""elevation"": 0.0}, {""range"": 0.8012839149992279, ""doppler"": 0.0, ""angle"": 5.429421897408721, ""elevation"": 0.0}, {""range"": 0.8442771061442228, ""doppler"": 0.0, ""angle"": 7.876112064155463, ""elevation"": 0.0}, {""range"": 2.8914882868016223, ""doppler"": 0.0, ""angle"": 3.8437722664448066, ""elevation"": 0.0}, {""range"": 2.9375730823375794, ""doppler"": 0.0, ""angle"": 10.894747976568926, ""elevation"": 0.0}, {""range"": 2.9609701927590693, ""doppler"": 0.0, ""angle"": 12.117473549343153, ""elevation"": 0.0}, {""range"": 0.7238790911746252, ""doppler"": 0.0, ""angle"": 20.655436433949653, ""elevation"": 0.0}]",1785106917457.802
9,"[{""range"": 0.7323012442406569, ""doppler"": 0.0, ""angle"": -3.6540051783577256, ""elevation"": 0.0}, {""range"": 2.6594253197313047, ""doppler"": 0.0, ""angle"": -8.187308219698796, ""elevation"": 0.0}, {""range"": 2.6791017952306047, ""doppler"": 0.0, ""angle"": -7.513019024607002, ""elevation"": 0.0}, {""range"": 0.7579486490834997, ""doppler"": 0.0, ""angle"": 1.6493165572569297, ""elevation"": 0.0}, {""range"": 2.7970485086154353, ""doppler"": 0.0, ""angle"": -3.562625283161275, ""elevation"": 0.0}, {""range"": 2.832462051171524, ""doppler"": 0.0, ""angle"": -3.3006156816695063, ""elevation"": 0.0}, {""range"": 0.7763026505550634, ""doppler"": 0.0, ""angle"": 7.424580135953314, ""elevation"": 0.0}, {""range"": 0.7978988924695294, ""doppler"": 0.0, ""angle"": 12.34496714566661, ""elevation"": 0.0}, {""range"": 0.8424931756251081, ""doppler"": 0.0, ""angle"": 22.43371278470145, ""elevation"": 0.0}]",1785106917458.071
12,"[{""range"": 0.8721481325406251, ""doppler"": 0.0, ""angle"": -15.848579873580558, ""elevation"": 0.0}, {""range"": 2.662711955719971, ""doppler"": 0.0, ""angle"": -8.165471794255508, ""elevation"": 0.0}, {""range"": 2.689993725308661, ""doppler"": 0.0, ""angle"": -6.323788476759894, ""elevation"": 0.0}, {""range"": 2.7372321225407603, ""doppler"": 0.0, ""angle"": -4.330956804665674, ""elevation"": 0.0}, {""range"": 2.78970981783881, ""doppler"": 0.0, ""angle"": -3.903241757372868, ""elevation"": 0.0}, {""range"": 2.824824422570587, ""doppler"": 0.0, ""angle"": -4.935022206188781, ""elevation"": 0.0}, {""range"": 0.7370871963076211, ""doppler"": 0.0, ""angle"": 6.197439945092497, ""elevation"": 0.0}, {""range"": 0.7522906870627705, ""doppler"": 0.0, ""angle"": 9.936977439800327, ""elevation"": 0.0}, {""range"": 0.7643516191257971, ""doppler"": 0.0, ""angle"": 10.200543832050752, ""elevation"": 0.0}, {""range"": 0.7899766485108043, ""doppler"": 0.0, ""angle"": 7.099278452036542, ""elevation"": 0.0}, {""range"": 3.7657018721305375, ""doppler"": 0.0, ""angle"": 6.450757140186149, ""elevation"": 0.0}, {""range"": 3.781722470564999, ""doppler"": 0.0, ""angle"": 9.078399331523551, ""elevation"": 0.0}]",1785106917458.352
11,"[{""range"": 0.8775003374858524, ""doppler"": 0.0, ""angle"": -17.07611849911071, ""elevation"": 0.0}, {""range"": 2.657977108849196, ""doppler"": 0.0, ""angle"": -6.699027940468497, ""elevation"": 0.0}, {""range"": 2.685854925346362, ""doppler"": 0.0, ""angle"": -5.666184580792249, ""elevation"": 0.0}, {""range"": 2.737168587225568, ""doppler"": 0.0, ""angle"": -3.839471015098645, ""elevation"": 0.0}, {""range"": 2.8224657180343824, ""doppler"": 0.0, ""angle"": -5.135931653973799, ""elevation"": 0.0}, {""range"": 2.7903505199019984, ""doppler"": 0.0, ""angle"": -3.1629256464315865, ""elevation"": 0.0}, {""range"": 0.6904250763435205, ""doppler"": 0.0, ""angle"": 16.970718818937616, ""elevation"": 0.0}, {""range"": 0.6328180924800373, ""doppler"": 0.0, ""angle"": 23.1093050880156, ""elevation"": 0.0}, {""range"": 0.7480752055304418, ""doppler"": 0.0, ""angle"": 21.923482958553066, ""elevation"": 0.0}, {""range"": 0.7738529129775432, ""doppler"": 0.0, ""angle"": 23.591473674587355, ""elevation"": 0.0}, {""range"": 0.7967509892403791, ""doppler"": 0.0, ""angle"": 22.31718651706605, ""elevation"": 0.0}]",1785106917458.6702
11,"[{""range"": 1.1614749504228101, ""doppler"": 0.0, ""angle"": -8.856147705100648, ""elevation"": 0.0}, {""range"": 2.6573936088063315, ""doppler"": 0.0, ""angle"": -7.6486548748711325, ""elevation"": 0.0}, {""range"": 2.6823116819283084, ""doppler"": 0.0, ""angle"": -6.122963600979342, ""elevation"": 0.0}, {""range"": 2.731556241093014, ""doppler"": 0.0, ""angle"": -4.494210697965131, ""elevation"": 0.0}, {""range"": 2.791609176779866, ""doppler"": 0.0, ""angle"": -4.342128208311352, ""elevation"": 0.0}, {""range"": 2.837348346278169, ""doppler"": 0.0, ""angle"": -3.55899092457628, ""elevation"": 0.0}, {""range"": 0.7218793163357854, ""doppler"": 0.0, ""angle"": 6.757097544505894, ""elevation"": 0.0}, {""range"": 0.7476433199456393, ""doppler"": 0.0, ""angle"": 6.88195819465354, ""elevation"": 0.0}, {""range"": 2.88439237577438, ""doppler"": 0.0, ""angle"": 4.12028704271305, ""elevation"": 0.0}, {""range"": 0.7112628529697009, ""doppler"": 0.0, ""angle"": 11.044388409707693, ""elevation"": 0.0}, {""range"": 2.917798103426541, ""doppler"": 0.0, ""angle"": 12.166612501147224, ""elevation"": 0.0}]",1785106917458.961
5,"[{""range"": 2.657458509967981, ""doppler"": 0.0, ""angle"": -7.998704001791041, ""elevation"": 0.0}, {""range"": 2.6814090012509766, ""doppler"": 0.0, ""angle"": -6.670997060099485, ""elevation"": 0.0}, {""range"": 0.7217845667312095, ""doppler"": 0.0, ""angle"": 3.7215435810238793, ""elevation"": 0.0}, {""range"": 0.7345347559043429, ""doppler"": 0.0, ""angle"": 5.630096249548314, ""elevation"": 0.0}, {""range"": 0.7466438297849294, ""doppler"": 0.0, ""angle"": 9.011148137189316, ""elevation"": 0.0}]",1785106917459.252
8,"[{""range"": 1.335968123546491, ""doppler"": 0.0, ""angle"": -27.70032155142985, ""elevation"": 0.0}, {""range"": 0.7104966188834714, ""doppler"": 0.0, ""angle"": -3.7229510925650007, ""elevation"": 0.0}, {""range"": 0.7195874637480526, ""doppler"": 0.0, ""angle"": -5.1467350709254776, ""elevation"": 0.0}, {""range"": 2.639263444142043, ""doppler"": 0.0, ""angle"": -9.126001587313814, ""elevation"": 0.0}, {""range"": 2.6545376635746467, ""doppler"": 0.0, ""angle"": -7.9101360234385645, ""elevation"": 0.0}, {""range"": 2.6757458183309693, ""doppler"": 0.0, ""angle"": -7.406646338853247, ""elevation"": 0.0}, {""range"": 2.793722769489771, ""doppler"": 0.0, ""angle"": -6.036455196305793, ""elevation"": 0.0}, {""range"": 2.8266761157482856, ""doppler"": 0.0, ""angle"": -5.273840431890532, ""elevation"": 0.0}]",1785106917459.5999
6,"[{""range"": 2.639368326838953, ""doppler"": 0.0, ""angle"": -10.547881191486415, ""elevation"": 0.0}, {""range"": 2.6560099429587924, ""doppler"": 0.0, ""angle"": -9.587884423660437, ""elevation"": 0.0}, {""range"": 2.6753682222445807, ""doppler"": 0.0, ""angle"": -8.765378188619312, ""elevation"": 0.0}, {""range"": 2.72692338558275, ""doppler"": 0.0, ""angle"": -6.018642044323073, ""elevation"": 0.0}, {""range"": 2.789730396991729, ""doppler"": 0.0, ""angle"": -5.16317461205561, ""elevation"": 0.0}, {""range"": 2.8207311193402087, ""doppler"": 0.0, ""angle"": -3.907576476694423, ""elevation"": 0.0}]",1785106917459.877
7,"[{""range"": 2.6389223572684655, ""doppler"": 0.0, ""angle"": -9.92634111307051, ""elevation"": 0.0}, {""range"": 2.6526058810696007, ""doppler"": 0.0, ""angle"": -10.090316054465156, ""elevation"": 0.0}, {""range"": 2.829730007885712, ""doppler"": 0.0, ""angle"": -3.5867232916793297, ""elevation"": 0.0}, {""range"": 2.738398345119766, ""doppler"": 0.0, ""angle"": -2.2903109744662546, ""elevation"": 0.0}, {""range"": 2.8005379253485962, ""doppler"": 0.0, ""angle"": -2.1223150035036893, ""elevation"": 0.0}, {""range"": 2.8656676372541705, ""doppler"": 0.0, ""angle"": -2.120567102950984, ""elevation"": 0.0}, {""range"": 0.7775282232500341, ""doppler"": 0.0, ""angle"": 17.36817368291067, ""elevation"": 0.0}]",1785106917460.151
9,"[{""range"": 2.673583592208353, ""doppler"": 0.0, ""angle"": -11.140839057752718, ""elevation"": 0.0}, {""range"": 2.64012202705249, ""doppler"": 0.0, ""angle"": -10.051815356729241, ""elevation"": 0.0}, {""range"": 2.653976364405158, ""doppler"": 0.0, ""angle"": -10.575547314281609, ""elevation"": 0.0}, {""range"": 2.7956691196447814, ""doppler"": 0.0, ""angle"": -6.500452450525301, ""elevation"": 0.0}, {""range"": 2.8304639821632516, ""doppler"": 0.0, ""angle"": -4.910633011684867, ""elevation"": 0.0}, {""range"": 2.8705942105171576, ""doppler"": 0.0, ""angle"": -0.46398109505269675, ""elevation"": 0.0}, {""range"": 0.7114747815801472, ""doppler"": 0.0, ""angle"": 24.136479757331845, ""elevation"": 0.0}, {""range"": 0.7331605070155517, ""doppler"": 0.0, ""angle"": 26.915021045058207, ""elevation"": 0.0}, {""range"": 0.7511969124580091, ""doppler"": 0.0, ""angle"": 27.27259643111331, ""elevation"": 0.0}]",1785106917460.4219
8,"[{""range"": 2.64199066884118, ""doppler"": 0.0, ""angle"": -9.15184985271449, ""elevation"": 0.0}, {""range"": 2.654682786136605, ""doppler"": 0.0, ""angle"": -9.534017238265223, ""elevation"": 0.0}, {""range"": 2.6772665800149316, ""doppler"": 0.0, ""angle"": -10.01972878010223, ""elevation"": 0.0}, {""range"": 2.790861925059182, ""doppler"": 0.0, ""angle"": -6.411946733576556, ""elevation"": 0.0}, {""range"": 2.8243126574331296, ""doppler"": 0.0, ""angle"": -6.408693312946175, ""elevation"": 0.0}, {""range"": 0.7180677806633062, ""doppler"": 0.0, ""angle"": 9.026032639056377, ""elevation"": 0.0}, {""range"": 0.7285294008341032, ""doppler"": 0.0, ""angle"": 13.599660670038887, ""elevation"": 0.0}, {""range"": 0.7393611954145203, ""doppler"": 0.0, ""angle"": 17.335012013909754, ""elevation"": 0.0}]",1785106917460.704
12,"[{""range"": 1.3369201470622902, ""doppler"": 0.0, ""angle"": -27.247070773698375, ""elevation"": 0.0}, {""range"": 1.3676720854595292, ""doppler"": 0.0, ""angle"": -19.157474620656053, ""elevation"": 0.0}, {""range"": 0.7170135088504572, ""doppler"": 0.0, ""angle"": -5.251349509884426, ""elevation"": 0.0}, {""range"": 2.6447236046210576, ""doppler"": 0.0, ""angle"": -10.191544689755316, ""elevation"": 0.0}, {""range"": 2.659144344072938, ""doppler"": 0.0, ""angle"": -9.709350769457537, ""elevation"": 0.0}, {""range"": 2.682540038663076, ""doppler"": 0.0, ""angle"": -8.880894991912482, ""elevation"": 0.0}, {""range"": 2.7352747644626945, ""doppler"": 0.0, ""angle"": -5.552194358755568, ""elevation"": 0.0}, {""range"": 2.7917845226203872, ""doppler"": 0.0, ""angle"": -5.380488031317645, ""elevation"": 0.0}, {""range"": 2.826284885931388, ""doppler"": 0.0, ""angle"": -5.1872086812334, ""elevation"": 0.0}, {""range"": 2.8669042691600057, ""doppler"": 0.0, ""angle"": -0.603956343502354, ""elevation"": 0.0}, {""range"": 0.7437581763091797, ""doppler"": 0.0, ""angle"": 31.22125861094998, ""elevation"": 0.0}, {""range"": 0.7516798870965271, ""doppler"": 0.0, ""angle"": 29.986634206210326, ""elevation"": 0.0}]",1785106917460.98
8,"[{""range"": 0.7151170089415133, ""doppler"": 0.0, ""angle"": -4.833838116996577, ""elevation"": 0.0}, {""range"": 0.7315107585801559, ""doppler"": 0.0, ""angle"": -9.483044840766857, ""elevation"": 0.0}, {""range"": 2.637033111079378, ""doppler"": 0.0, ""angle"": -9.019687871155764, ""elevation"": 0.0}, {""range"": 2.6589342527314193, ""doppler"": 0.0, ""angle"": -8.328997931866281, ""elevation"": 0.0}, {""range"": 2.6838149329580743, ""doppler"": 0.0, ""angle"": -7.003328224391882, ""elevation"": 0.0}, {""range"": 2.730933638655503, ""doppler"": 0.0, ""angle"": -6.927252931451554, ""elevation"": 0.0}, {""range"": 2.785252323574632, ""doppler"": 0.0, ""angle"": -7.722258263538795, ""elevation"": 0.0}, {""range"": 2.820678867827322, ""doppler"": 0.0, ""angle"": -9.696995274842742, ""elevation"": 0.0}]",1785106917461.2532
9,"[{""range"": 2.823158277153515, ""doppler"": 0.0, ""angle"": -11.667924127259784, ""elevation"": 0.0}, {""range"": 2.640919129101333, ""doppler"": 0.0, ""angle"": -8.703984657679245, ""elevation"": 0.0}, {""range"": 2.659839283457595, ""doppler"": 0.0, ""angle"": -7.54831763669224, ""elevation"": 0.0}, {""range"": 2.683393216979441, ""doppler"": 0.0, ""angle"": -6.704483562933392, ""elevation"": 0.0}, {""range"": 2.7272821140719903, ""doppler"": 0.0, ""angle"": -6.467549600280433, ""elevation"": 0.0}, {""range"": 2.78317521941816, ""doppler"": 0.0, ""angle"": -9.4145132011916, ""elevation"": 0.0}, {""range"": 0.7153734095456317, ""doppler"": 0.0, ""angle"": 10.936373441754808, ""elevation"": 0.0}, {""range"": 0.7209559854904986, ""doppler"": 0.0, ""angle"": 17.747378546378958, ""elevation"": 0.0}, {""range"": 0.7401522391331763, ""doppler"": 0.0, ""angle"": 22.64967876854912, ""elevation"": 0.0}]",1785106917461.521
7,"[{""range"": 2.664667616262857, ""doppler"": 0.0, ""angle"": -7.453123035260543, ""elevation"": 0.0}, {""range"": 2.6913249554400367, ""doppler"": 0.0, ""angle"": -5.566653229982225, ""elevation"": 0.0}, {""range"": 2.7868425592337376, ""doppler"": 0.0, ""angle"": -8.598024814497863, ""elevation"": 0.0}, {""range"": 2.8279825321388645, ""doppler"": 0.0, ""angle"": -10.547549599538732, ""elevation"": 0.0}, {""range"": 0.7104467538973169, ""doppler"": 0.0, ""angle"": 7.622279212464521, ""elevation"": 0.0}, {""range"": 0.740509177750976, ""doppler"": 0.0, ""angle"": 26.348491486637833, ""elevation"": 0.0}, {""range"": 0.7537527422761331, ""doppler"": 0.0, ""angle"": 29.161540958260765, ""elevation"": 0.0}]",1785106917461.7861
7,"[{""range"": 1.1795306901852458, ""doppler"": 0.0, ""angle"": -5.593915365456045, ""elevation"": 0.0}, {""range"": 2.7941507775422108, ""doppler"": 0.0, ""angle"": -7.16503847745375, ""elevation"": 0.0}, {""range"": 2.8307533393017805, ""doppler"": 0.0, ""angle"": -6.991688115166035, ""elevation"": 0.0}, {""range"": 3.666897013887854, ""doppler"": 0.0, ""angle"": -8.414992436320443, ""elevation"": 0.0}, {""range"": 0.701203128952209, ""doppler"": 0.0, ""angle"": 12.189661480202771, ""elevation"": 0.0}, {""range"": 0.7231493948455369, ""doppler"": 0.0, ""angle"": 17.498548437261814, ""elevation"": 0.0}, {""range"": 0.7474989889476598, ""doppler"": 0.0, ""angle"": 23.725909169333896, ""elevation"": 0.0}]",1785106917462.049
6,"[{""range"": 1.335085199381323, ""doppler"": 0.0, ""angle"": -33.943342167562776, ""elevation"": 0.0}, {""range"": 2.792379564952923, ""doppler"": 0.0, ""angle"": -5.3535419195083245, ""elevation"": 0.0}, {""range"": 2.8243221218856083, ""doppler"": 0.0, ""angle"": -7.600156773124716, ""elevation"": 0.0}, {""range"": 3.6543866900178337, ""doppler"": 0.0, ""angle"": -6.941757831749992, ""elevation"": 0.0}, {""range"": 2.7482617457830507, ""doppler"": 0.0, ""angle"": -0.4100740536749387, ""elevation"": 0.0}, {""range"": 2.0605524236364268, ""doppler"": 0.0, ""angle"": 42.932255248340695, ""elevation"": 0.0}]",1785106917462.3042
5,"[{""range"": 1.3387021959883185, ""doppler"": 0.0, ""angle"": -28.77659411740091, ""elevation"": 0.0}, {""range"": 2.78712346434127, ""doppler"": 0.0, ""angle"": -7.223956155020165, ""elevation"": 0.0}, {""range"": 2.821309018073345, ""doppler"": 0.0, ""angle"": -9.333967650095863, ""elevation"": 0.0}, {""range"": 0.683990319036183, ""doppler"": 0.0, ""angle"": -0.5092824049775255, ""elevation"": 0.0}, {""range"": 2.7462013558707143, ""doppler"": 0.0, ""angle"": -2.9149426285859334, ""elevation"": 0.0}]",1785106917462.569
8,"[{""range"": 2.8181271031202586, ""doppler"": 0.0, ""angle"": -11.21795814308145, ""elevation"": 0.0}, {""range"": 2.785278222112641, ""doppler"": 0.0, ""angle"": -7.447583721964292, ""elevation"": 0.0}, {""range"": 0.685742392474101, ""doppler"": 0.0, ""angle"": -2.600526973049359, ""elevation"": 0.0}, {""range"": 0.7019178540675294, ""doppler"": 0.0, ""angle"": -2.715896987784244, ""elevation"": 0.0}, {""range"": 2.743746937597178, ""doppler"": 0.0, ""angle"": -2.371798037725776, ""elevation"": 0.0}, {""range"": 0.7465901263094421, ""doppler"": 0.0, ""angle"": 33.591111183072286, ""elevation"": 0.0}, {""range"": 2.055523738515502, ""doppler"": 0.0, ""angle"": 30.042247660730656, ""elevation"": 0.0}, {""range"": 0.741759276383822, ""doppler"": 0.0, ""angle"": 36.698626841683044, ""elevation"": 0.0}]",1785106917462.834
6,"[{""range"": 2.7462796374465763, ""doppler"": 0.0, ""angle"": -5.245091876450909, ""elevation"": 0.0}, {""range"": 2.7859654556178084, ""doppler"": 0.0, ""angle"": -5.558003814723435, ""elevation"": 0.0}, {""range"": 2.8210542818588897, ""doppler"": 0.0, ""angle"": -5.379215178756689, ""elevation"": 0.0}, {""range"": 0.737822132955128, ""doppler"": 0.0, ""angle"": 30.2874224398015, ""elevation"": 0.0}, {""range"": 0.7500541191408112, ""doppler"": 0.0, ""angle"": 29.74318705779454, ""elevation"": 0.0}, {""range"": 0.7128277935836327, ""doppler"": 0.0, ""angle"": 37.7035455898659, ""elevation"": 0.0}]",1785106917463.0881
7,"[{""range"": 0.6940993104821416, ""doppler"": 0.0, ""angle"": 3.1012283967129526, ""elevation"": 0.0}, {""range"": 0.7011002492192537, ""doppler"": 0.0, ""angle"": 1.183749436801998, ""elevation"": 0.0}, {""range"": 2.7107527486117644, ""doppler"": 0.0, ""angle"": -0.5215778851564398, ""elevation"": 0.0}, {""range"": 2.741732077836094, ""doppler"": 0.0, ""angle"": -0.6128456490823541, ""elevation"": 0.0}, {""range"": 2.7800123929299345, ""doppler"": 0.0, ""angle"": -3.3112759860564935, ""elevation"": 0.0}, {""range"": 0.6804193280378033, ""doppler"": 0.0, ""angle"": 6.852341446527402, ""elevation"": 0.0}, {""range"": 0.7466946603775655, ""doppler"": 0.0, ""angle"": 32.52170466465216, ""elevation"": 0.0}]",1785106917463.349
5,"[{""range"": 2.7450547265242387, ""doppler"": 0.0, ""angle"": -5.607350919030013, ""elevation"": 0.0}, {""range"": 2.7887521089795295, ""doppler"": 0.0, ""angle"": -8.235571483400449, ""elevation"": 0.0}, {""range"": 2.8176883368074943, ""doppler"": 0.0, ""angle"": -9.534053975885506, ""elevation"": 0.0}, {""range"": 1.693376455013786, ""doppler"": 0.0, ""angle"": 0.18150661409317012, ""elevation"": 0.0}, {""range"": 0.7434226039278523, ""doppler"": 0.0, ""angle"": 29.765393523583327, ""elevation"": 0.0}]",1785106917463.615
3,"[{""range"": 0.7076381561627969, ""doppler"": 0.0, ""angle"": 12.803624333047571, ""elevation"": 0.0}, {""range"": 0.7241971404460711, ""doppler"": 0.0, ""angle"": 19.231293663432083, ""elevation"": 0.0}, {""range"": 0.7408269068018482, ""doppler"": 0.0, ""angle"": 22.70284212321282, ""elevation"": 0.0}]",1785106917463.879
5,"[{""range"": 2.7177951113778342, ""doppler"": 0.0, ""angle"": -0.07162439921606684, ""elevation"": 0.0}, {""range"": 2.7443046378412825, ""doppler"": 0.0, ""angle"": 0.33599798296372096, ""elevation"": 0.0}, {""range"": 2.7770483669713006, ""doppler"": 0.0, ""angle"": -2.5501280713173373, ""elevation"": 0.0}, {""range"": 0.7530284280854237, ""doppler"": 0.0, ""angle"": 25.90790665152224, ""elevation"": 0.0}, {""range"": 0.7389180504657651, ""doppler"": 0.0, ""angle"": 31.774637549571757, ""elevation"": 0.0}]",1785106917464.132
6,"[{""range"": 1.1771551636556308, ""doppler"": 0.0, ""angle"": -8.94864572476166, ""elevation"": 0.0}, {""range"": 1.418785490788001, ""doppler"": 0.0, ""angle"": -8.801063769801518, ""elevation"": 0.0}, {""range"": 2.7870897129400243, ""doppler"": 0.0, ""angle"": -4.924521012836789, ""elevation"": 0.0}, {""range"": 2.828159195444827, ""doppler"": 0.0, ""angle"": -4.474833696595814, ""elevation"": 0.0}, {""range"": 2.7113864121038587, ""doppler"": 0.0, ""angle"": -1.4965014498403275, ""elevation"": 0.0}, {""range"": 2.7430851394394407, ""doppler"": 0.0, ""angle"": -3.5504736238198675, ""elevation"": 0.0}]",1785106917464.396
7,"[{""range"": 2.820446538365654, ""doppler"": 0.0, ""angle"": -7.306590998140807, ""elevation"": 0.0}, {""range"": 2.709748720734681, ""doppler"": 0.0, ""angle"": 0.07561798369623947, ""elevation"": 0.0}, {""range"": 2.744552360152725, ""doppler"": 0.0, ""angle"": -0.8399444107131637, ""elevation"": 0.0}, {""range"": 2.7822303679482054, ""doppler"": 0.0, ""angle"": -3.4598754970989716, ""elevation"": 0.0}, {""range"": 0.7075091420621569, ""doppler"": 0.0, ""angle"": 19.48822978065048, ""elevation"": 0.0}, {""range"": 0.726608700440424, ""doppler"": 0.0, ""angle"": 22.83570604954932, ""elevation"": 0.0}, {""range"": 0.7429446118987484, ""doppler"": 0.0, ""angle"": 22.664417597486622, ""elevation"": 0.0}]",1785106917464.662
8,"[{""range"": 2.660725608103262, ""doppler"": 0.0, ""angle"": -7.545788545853207, ""elevation"": 0.0}, {""range"": 2.7919815137052972, ""doppler"": 0.0, ""angle"": -4.198037684163125, ""elevation"": 0.0}, {""range"": 2.8223289225675403, ""doppler"": 0.0, ""angle"": -7.404176287621662, ""elevation"": 0.0}, {""range"": 2.699256041353941, ""doppler"": 0.0, ""angle"": -3.1861463723801897, ""elevation"": 0.0}, {""range"": 2.747178013036607, ""doppler"": 0.0, ""angle"": -1.193489423982035, ""elevation"": 0.0}, {""range"": 0.7050939080948777, ""doppler"": 0.0, ""angle"": 4.858969655111071, ""elevation"": 0.0}, {""range"": 0.7156401956967384, ""doppler"": 0.0, ""angle"": 6.297505678730793, ""elevation"": 0.0}, {""range"": 0.7433665170932839, ""doppler"": 0.0, ""angle"": 12.22085725841447, ""elevation"": 0.0}]",1785106917464.9292
9,"[{""range"": 1.1651342524156223, ""doppler"": 0.0, ""angle"": -5.672094971242496, ""elevation"": 0.0}, {""range"": 1.1773173123389626, ""doppler"": 0.0, ""angle"": -4.241859009232801, ""elevation"": 0.0}, {""range"": 2.664513395460488, ""doppler"": 0.0, ""angle"": -7.155062577995821, ""elevation"": 0.0}, {""range"": 2.6951890868989463, ""doppler"": 0.0, ""angle"": -4.78763357487084, ""elevation"": 0.0}, {""range"": 2.740535807595204, ""doppler"": 0.0, ""angle"": -3.992127308110664, ""elevation"": 0.0}, {""range"": 2.7871721117584523, ""doppler"": 0.0, ""angle"": -5.193763312377931, ""elevation"": 0.0}, {""range"": 2.824420409934628, ""doppler"": 0.0, ""angle"": -6.744378886556397, ""elevation"": 0.0}, {""range"": 0.6898735673864974, ""doppler"": 0.0, ""angle"": 13.780508676258053, ""elevation"": 0.0}, {""range"": 0.6990475252161754, ""doppler"": 0.0, ""angle"": 17.076868125862518, ""elevation"": 0.0}]",1785106917465.215
11,"[{""range"": 0.5226369438897946, ""doppler"": 0.0, ""angle"": -14.079033437202703, ""elevation"": 0.0}, {""range"": 0.5293349136806936, ""doppler"": 0.0, ""angle"": -15.397712787629978, ""elevation"": 0.0}, {""range"": 1.1623718480890883, ""doppler"": 0.0, ""angle"": -5.986861057464061, ""elevation"": 0.0}, {""range"": 1.1746453255953646, ""doppler"": 0.0, ""angle"": -4.592700831517055, ""elevation"": 0.0}, {""range"": 2.6394932417508543, ""doppler"": 0.0, ""angle"": -10.413165129836681, ""elevation"": 0.0}, {""range"": 2.659632571129608, ""doppler"": 0.0, ""angle"": -9.281834734982938, ""elevation"": 0.0}, {""range"": 2.6840423517278262, ""doppler"": 0.0, ""angle"": -7.495260088727321, ""elevation"": 0.0}, {""range"": 2.7294089642716415, ""doppler"": 0.0, ""angle"": -6.292521615295577, ""elevation"": 0.0}, {""range"": 2.7859449232549194, ""doppler"": 0.0, ""angle"": -5.280994451749788, ""elevation"": 0.0}, {""range"": 2.821854561957828, ""doppler"": 0.0, ""angle"": -5.5491064314948995, ""elevation"": 0.0}, {""range"": 0.6944655312086505, ""doppler"": 0.0, ""angle"": -1.7115747835066362, ""elevation"": 0.0}]",1785106917465.483
10,"[{""range"": 0.7393160451994373, ""doppler"": 0.0, ""angle"": -7.728342740873174, ""elevation"": 0.0}, {""range"": 0.7620351291476787, ""doppler"": 0.0, ""angle"": -8.297422134612162, ""elevation"": 0.0}, {""range"": 1.1623236394726921, ""doppler"": 0.0, ""angle"": -6.980700299181567, ""elevation"": 0.0}, {""range"": 1.1733779090452572, ""doppler"": 0.0, ""angle"": -4.47504789454874, ""elevation"": 0.0}, {""range"": 2.639864729193275, ""doppler"": 0.0, ""angle"": -9.469978574325154, ""elevation"": 0.0}, {""range"": 2.653505520968196, ""doppler"": 0.0, ""angle"": -10.17706994369149, ""elevation"": 0.0}, {""range"": 2.672091744647162, ""doppler"": 0.0, ""angle"": -9.603517501936256, ""elevation"": 0.0}, {""range"": 2.8003160338501814, ""doppler"": 0.0, ""angle"": -4.222205718307581, ""elevation"": 0.0}, {""range"": 2.8312276037029838, ""doppler"": 0.0, ""angle"": -3.24406302962854, ""elevation"": 0.0}, {""range"": 2.861607711607256, ""doppler"": 0.0, ""angle"": -0.3329655383538157, ""elevation"": 0.0}]",1785106917465.7458
11,"[{""range"": 0.6565546317766088, ""doppler"": 0.0, ""angle"": -5.469921224431114, ""elevation"": 0.0}, {""range"": 1.1733581390809409, ""doppler"": 0.0, ""angle"": -5.562023757433924, ""elevation"": 0.0}, {""range"": 1.1815226612124028, ""doppler"": 0.0, ""angle"": -3.670450668940596, ""elevation"": 0.0}, {""range"": 2.6432295187347004, ""doppler"": 0.0, ""angle"": -9.9650939150045, ""elevation"": 0.0}, {""range"": 2.653023301203227, ""doppler"": 0.0, ""angle"": -10.528323710358569, ""elevation"": 0.0}, {""range"": 2.6641729129127283, ""doppler"": 0.0, ""angle"": -10.429015735970484, ""elevation"": 0.0}, {""range"": 2.805212536283804, ""doppler"": 0.0, ""angle"": -4.837647219513671, ""elevation"": 0.0}, {""range"": 2.8226167404595865, ""doppler"": 0.0, ""angle"": -3.661240093849489, ""elevation"": 0.0}, {""range"": 0.7004618613268211, ""doppler"": 0.0, ""angle"": 7.584011381422129, ""elevation"": 0.0}, {""range"": 0.7225071003238479, ""doppler"": 0.0, ""angle"": 17.336260339751245, ""elevation"": 0.0}, {""range"": 0.7434397861259059, ""doppler"": 0.0, ""angle"": 24.740490524969996, ""elevation"": 0.0}]",1785106917466.006
10,"[{""range"": 2.650366677056535, ""doppler"": 0.0, ""angle"": -11.15300382242067, ""elevation"": 0.0}, {""range"": 2.6617615098303147, ""doppler"": 0.0, ""angle"": -11.913834108057047, ""elevation"": 0.0}, {""range"": 1.1684091616683754, ""doppler"": 0.0, ""angle"": -7.386043151267269, ""elevation"": 0.0}, {""range"": 1.1777313420155522, ""doppler"": 0.0, ""angle"": -5.681162748145683, ""elevation"": 0.0}, {""range"": 2.6427062049051213, ""doppler"": 0.0, ""angle"": -10.660617229042122, ""elevation"": 0.0}, {""range"": 2.8088236009554737, ""doppler"": 0.0, ""angle"": -1.3059307749320195, ""elevation"": 0.0}, {""range"": 2.8181648849914525, ""doppler"": 0.0, ""angle"": -1.341601838313882, ""elevation"": 0.0}, {""range"": 0.7193532564490022, ""doppler"": 0.0, ""angle"": 6.250541830539201, ""elevation"": 0.0}, {""range"": 0.7445428521290077, ""doppler"": 0.0, ""angle"": 14.563562018781946, ""elevation"": 0.0}, {""range"": 0.7607545897905457, ""doppler"": 0.0, ""angle"": 20.615941748561994, ""elevation"": 0.0}]",1785106917466.2678
10,"[{""range"": 2.6463290841846643, ""doppler"": 0.0, ""angle"": -12.202105080500598, ""elevation"": 0.0}, {""range"": 2.652595177125524, ""doppler"": 0.0, ""angle"": -12.778073045543012, ""elevation"": 0.0}, {""range"": 2.659734727136191, ""doppler"": 0.0, ""angle"": -13.653199790187669, ""elevation"": 0.0}, {""range"": 1.1699128875285936, ""doppler"": 0.0, ""angle"": -6.917549789817566, ""elevation"": 0.0}, {""range"": 1.1782637389862698, ""doppler"": 0.0, ""angle"": -6.7982255774874645, ""elevation"": 0.0}, {""range"": 2.815122395377168, ""doppler"": 0.0, ""angle"": -5.606299275392778, ""elevation"": 0.0}, {""range"": 2.8193071389957, ""doppler"": 0.0, ""angle"": -7.467129113391756, ""elevation"": 0.0}, {""range"": 0.6860758842008298, ""doppler"": 0.0, ""angle"": 5.2038928038376895, ""elevation"": 0.0}, {""range"": 0.7558493981329533, ""doppler"": 0.0, ""angle"": 12.36267379059129, ""elevation"": 0.0}, {""range"": 0.736990367057718, ""doppler"": 0.0, ""angle"": 20.242023105543257, ""elevation"": 0.0}]",1785106917466.555
9,"[{""range"": 2.647751712909685, ""doppler"": 0.0, ""angle"": -10.923671232974494, ""elevation"": 0.0}, {""range"": 2.652649389505793, ""doppler"": 0.0, ""angle"": -12.212099964214085, ""elevation"": 0.0}, {""range"": 2.6585460724783676, ""doppler"": 0.0, ""angle"": -13.112755825744273, ""elevation"": 0.0}, {""range"": 1.178333899347635, ""doppler"": 0.0, ""angle"": -7.183252514920669, ""elevation"": 0.0}, {""range"": 2.8139008854455034, ""doppler"": 0.0, ""angle"": -4.855560621493236, ""elevation"": 0.0}, {""range"": 2.817123190545884, ""doppler"": 0.0, ""angle"": -6.311676994295459, ""elevation"": 0.0}, {""range"": 0.708422308953649, ""doppler"": 0.0, ""angle"": 8.023749205271999, ""elevation"": 0.0}, {""range"": 0.7266995651045642, ""doppler"": 0.0, ""angle"": 10.950490642996916, ""elevation"": 0.0}, {""range"": 0.742946333393759, ""doppler"": 0.0, ""angle"": 13.444241595149373, ""elevation"": 0.0}]",1785106917466.82
11,"[{""range"": 0.539291116333759, ""doppler"": 0.0, ""angle"": -13.303612582282096, ""elevation"": 0.0}, {""range"": 2.649218307171907, ""doppler"": 0.0, ""angle"": -11.864358647343524, ""elevation"": 0.0}, {""range"": 2.661861518060875, ""doppler"": 0.0, ""angle"": -13.432258128858644, ""elevation"": 0.0}, {""range"": 1.169639125857284, ""doppler"": 0.0, ""angle"": -5.852662184164276, ""elevation"": 0.0}, {""range"": 1.1756268131187848, ""doppler"": 0.0, ""angle"": -4.9561515431802405, ""elevation"": 0.0}, {""range"": 2.6393926040300397, ""doppler"": 0.0, ""angle"": -10.314914927383818, ""elevation"": 0.0}, {""range"": 2.822935264060861, ""doppler"": 0.0, ""angle"": -5.5870869181498355, ""elevation"": 0.0}, {""range"": 0.7190380672944364, ""doppler"": 0.0, ""angle"": 0.49870719725640683, ""elevation"": 0.0}, {""range"": 0.7270701444689707, ""doppler"": 0.0, ""angle"": 2.2269687421525823, ""elevation"": 0.0}, {""range"": 2.8104128262299675, ""doppler"": 0.0, ""angle"": -2.8884378376878423, ""elevation"": 0.0}, {""range"": 0.752192690589598, ""doppler"": 0.0, ""angle"": 11.643835749702971, ""elevation"": 0.0}]",1785106917467.0662
12,"[{""range"": 0.5456979710775417, ""doppler"": 0.0, ""angle"": -11.26206633685763, ""elevation"": 0.0}, {""range"": 0.5606524066939982, ""doppler"": 0.0, ""angle"": -10.883456472124896, ""elevation"": 0.0}, {""range"": 2.640506479782661, ""doppler"": 0.0, ""angle"": -11.211010301052708, ""elevation"": 0.0}, {""range"": 2.650120538855841, ""doppler"": 0.0, ""angle"": -11.461568429405881, ""elevation"": 0.0}, {""range"": 2.6610011538206226, ""doppler"": 0.0, ""angle"": -12.1692443181586, ""elevation"": 0.0}, {""range"": 0.628782819796686, ""doppler"": 0.0, ""angle"": -5.188528209556586, ""elevation"": 0.0}, {""range"": 1.1647598876438503, ""doppler"": 0.0, ""angle"": -6.4169292872354955, ""elevation"": 0.0}, {""range"": 1.1772972147197311, ""doppler"": 0.0, ""angle"": -5.464671432450769, ""elevation"": 0.0}, {""range"": 2.8114942643629184, ""doppler"": 0.0, ""angle"": -4.965794672567892, ""elevation"": 0.0}, {""range"": 2.8210284964121204, ""doppler"": 0.0, ""angle"": -4.486167852408358, ""elevation"": 0.0}, {""range"": 0.7047492716554877, ""doppler"": 0.0, ""angle"": -1.4393626575355487, ""elevation"": 0.0}, {""range"": 0.7191764394277319, ""doppler"": 0.0, ""angle"": -2.8360832741028563, ""elevation"": 0.0}]",1785106917467.32
9,"[{""range"": 0.5513255818951908, ""doppler"": 0.0, ""angle"": -10.861663465291679, ""elevation"": 0.0}, {""range"": 0.5610820257652834, ""doppler"": 0.0, ""angle"": -11.843517344550426, ""elevation"": 0.0}, {""range"": 2.6513291431115125, ""doppler"": 0.0, ""angle"": -11.05833101737743, ""elevation"": 0.0}, {""range"": 2.661786940181652, ""doppler"": 0.0, ""angle"": -11.595269166205576, ""elevation"": 0.0}, {""range"": 0.6276924361421671, ""doppler"": 0.0, ""angle"": -5.525443862343736, ""elevation"": 0.0}, {""range"": 2.641584850313271, ""doppler"": 0.0, ""angle"": -10.251076946061993, ""elevation"": 0.0}, {""range"": 2.8239862332839443, ""doppler"": 0.0, ""angle"": -4.64523662741938, ""elevation"": 0.0}, {""range"": 0.7107016226154376, ""doppler"": 0.0, ""angle"": 0.9370643202736598, ""elevation"": 0.0}, {""range"": 0.7229766684147816, ""doppler"": 0.0, ""angle"": 0.5385049498154668, ""elevation"": 0.0}]",1785106917467.572
11,"[{""range"": 0.6211143900095918, ""doppler"": 0.0, ""angle"": -13.468145285536211, ""elevation"": 0.0}, {""range"": 0.6879805182118282, ""doppler"": 0.0, ""angle"": -14.494946647389696, ""elevation"": 0.0}, {""range"": 2.641388844852684, ""doppler"": 0.0, ""angle"": -11.464351760536294, ""elevation"": 0.0}, {""range"": 2.6505231866950556, ""doppler"": 0.0, ""angle"": -12.01646576231886, ""elevation"": 0.0}, {""range"": 2.663766908768724, ""doppler"": 0.0, ""angle"": -11.496243611070565, ""elevation"": 0.0}, {""range"": 0.5794296616631878, ""doppler"": 0.0, ""angle"": -9.915795316714584, ""elevation"": 0.0}, {""range"": 1.1745881747831468, ""doppler"": 0.0, ""angle"": -5.898063321703185, ""elevation"": 0.0}, {""range"": 2.8016029059937475, ""doppler"": 0.0, ""angle"": -0.5412346423010375, ""elevation"": 0.0}, {""range"": 2.8252670998729563, ""doppler"": 0.0, ""angle"": -1.4470500252890413, ""elevation"": 0.0}, {""range"": 2.87115645465541, ""doppler"": 0.0, ""angle"": 4.028414069241187, ""elevation"": 0.0}, {""range"": 2.918826210023277, ""doppler"": 0.0, ""angle"": 10.065929683418393, ""elevation"": 0.0}]",1785106917467.8298
12,"[{""range"": 0.6109048200370336, ""doppler"": 0.0, ""angle"": -21.89483659049139, ""elevation"": 0.0}, {""range"": 0.5799596135332035, ""doppler"": 0.0, ""angle"": -14.644656187494386, ""elevation"": 0.0}, {""range"": 1.1610714268053948, ""doppler"": 0.0, ""angle"": -7.806894341436756, ""elevation"": 0.0}, {""range"": 1.1706371429358668, ""doppler"": 0.0, ""angle"": -7.133700652582944, ""elevation"": 0.0}, {""range"": 2.644529137601399, ""doppler"": 0.0, ""angle"": -10.597998485402055, ""elevation"": 0.0}, {""range"": 2.653968738173373, ""doppler"": 0.0, ""angle"": -10.720914210478512, ""elevation"": 0.0}, {""range"": 2.673202999458848, ""doppler"": 0.0, ""angle"": -9.537300971647936, ""elevation"": 0.0}, {""range"": 2.796378526100528, ""doppler"": 0.0, ""angle"": -1.887182023429418, ""elevation"": 0.0}, {""range"": 2.8205109014774616, ""doppler"": 0.0, ""angle"": -3.3801120632907464, ""elevation"": 0.0}, {""range"": 0.7559098673344705, ""doppler"": 0.0, ""angle"": 17.710592508577356, ""elevation"": 0.0}, {""range"": 0.7718238501655131, ""doppler"": 0.0, ""angle"": 15.617192753202751, ""elevation"": 0.0}, {""range"": 0.7977369198815546, ""doppler"": 0.0, ""angle"": 14.712185801197505, ""elevation"": 0.0}]",1785106917468.093
14,"[{""range"": 0.6033424073401581, ""doppler"": 0.0, ""angle"": -19.78289926005291, ""elevation"": 0.0}, {""range"": 0.56926462832397, ""doppler"": 0.0, ""angle"": -17.21123104299585, ""elevation"": 0.0}, {""range"": 0.5737337526434461, ""doppler"": 0.0, ""angle"": -17.971894256653393, ""elevation"": 0.0}, {""range"": 0.6899487169585253, ""doppler"": 0.0, ""angle"": -7.775197728714741, ""elevation"": 0.0}, {""range"": 1.170172075909116, ""doppler"": 0.0, ""angle"": -9.881183527321365, ""elevation"": 0.0}, {""range"": 1.1771109559314679, ""doppler"": 0.0, ""angle"": -8.11286980089921, ""elevation"": 0.0}, {""range"": 2.6415853768484174, ""doppler"": 0.0, ""angle"": -10.594162320268913, ""elevation"": 0.0}, {""range"": 2.654283588145299, ""doppler"": 0.0, ""angle"": -10.652850973201584, ""elevation"": 0.0}, {""range"": 2.674704143376969, ""doppler"": 0.0, ""angle"": -9.749475658672528, ""elevation"": 0.0}, {""range"": 2.796396775065142, ""doppler"": 0.0, ""angle"": -3.6992879740904008, ""elevation"": 0.0}, {""range"": 2.8263053741244417, ""doppler"": 0.0, ""angle"": -6.3129705682664925, ""elevation"": 0.0}, {""range"": 0.7627433030174309, ""doppler"": 0.0, ""angle"": 17.054338943049725, ""elevation"": 0.0}, {""range"": 0.34308471847006455, ""doppler"": 0.7473214110650588, ""angle"": 26.542687485975954, ""elevation"": 53.33289571211915}, {""range"": 1.4818169295479593, ""doppler"": 4.659383371472359, ""angle"": 171.09351069045752, ""elevation"": 0.0}]",1785106917468.3552
18,"[{""range"": 0.6323303944358003, ""doppler"": 0.0, ""angle"": -23.941102587215198, ""elevation"": 0.0}, {""range"": 2.6409255096453026, ""doppler"": 0.0, ""angle"": -11.236893861205758, ""elevation"": 0.0}, {""range"": 2.6463905353582096, ""doppler"": 0.0, ""angle"": -12.189934948721996, ""elevation"": 0.0}, {""range"": 2.6644786489488244, ""doppler"": 0.0, ""angle"": -15.727261122671749, ""elevation"": 0.0}, {""range"": 0.7482431637476223, ""doppler"": 0.0, ""angle"": -5.086578739398727, ""elevation"": 0.0}, {""range"": 1.1558245568851517, ""doppler"": 0.0, ""angle"": -9.456493246296597, ""elevation"": 0.0}, {""range"": 1.1614882331638017, ""doppler"": 0.0, ""angle"": -10.242518733422877, ""elevation"": 0.0}, {""range"": 2.8050105240973173, ""doppler"": 0.0, ""angle"": -4.028366299455703, ""elevation"": 0.0}, {""range"": 0.7321742614102267, ""doppler"": 0.0, ""angle"": -1.6094018116890079, ""elevation"": 0.0}, {""range"": 2.825249416521014, ""doppler"": 0.0, ""angle"": -3.2836248863008244, ""elevation"": 0.0}, {""range"": 0.717243264366148, ""doppler"": 0.0, ""angle"": 6.1540544682975815, ""elevation"": 0.0}, {""range"": 0.9675003338474113, ""doppler"": 0.0, ""angle"": 7.529564773569096, ""elevation"": 0.0}, {""range"": 2.881387680185004, ""doppler"": 0.0, ""angle"": 7.251591329039678, ""elevation"": 0.0}, {""range"": 2.9260189062348507, ""doppler"": 0.0, ""angle"": 12.938978627793128, ""elevation"": 0.0}, {""range"": 2.9465527255708817, ""doppler"": 0.0, ""angle"": 12.686828738011233, ""elevation"": 0.0}, {""range"": 1.0085051680987303, ""doppler"": 0.0, ""angle"": 24.479266490736286, ""elevation"": 0.0}, {""range"": 1.0226899016314837, ""doppler"": 0.0, ""angle"": 28.124344705429262, ""elevation"": 0.0}, {""range"": 0.8016678789292477, ""doppler"": 0.0, ""angle"": 34.4947007571266, ""elevation"": 0.0}]",1785106917599.241
13,"[{""range"": 0.6463833115800026, ""doppler"": 0.0, ""angle"": -19.23693710028908, ""elevation"": 0.0}, {""range"": 2.640920527495116, ""doppler"": 0.0, ""angle"": -12.19175779803727, ""elevation"": 0.0}, {""range"": 2.650361157701824, ""doppler"": 0.0, ""angle"": -12.456271360641937, ""elevation"": 0.0}, {""range"": 2.6602410792881783, ""doppler"": 0.0, ""angle"": -14.504216783274112, ""elevation"": 0.0}, {""range"": 2.8162651113532924, ""doppler"": 0.0, ""angle"": -7.772538938253349, ""elevation"": 0.0}, {""range"": 2.8209949976478566, ""doppler"": 0.0, ""angle"": -6.650216493170515, ""elevation"": 0.0}, {""range"": 0.7015387512163731, ""doppler"": 0.0, ""angle"": 1.9573189425881337, ""elevation"": 0.0}, {""range"": 0.7337465239526466, ""doppler"": 0.0, ""angle"": 9.340660679569416, ""elevation"": 0.0}, {""range"": 0.7965298366745965, ""doppler"": 0.0, ""angle"": 8.806792694435307, ""elevation"": 0.0}, {""range"": 0.7572025903728291, ""doppler"": 0.0, ""angle"": 12.13255735489454, ""elevation"": 0.0}, {""range"": 0.9864630763789344, ""doppler"": 0.0, ""angle"": 25.361984126819305, ""elevation"": 0.0}, {""range"": 1.0024896681719757, ""doppler"": 0.0, ""angle"": 23.483080991312118, ""elevation"": 0.0}, {""range"": 1.0136905318162803, ""doppler"": 0.0, ""angle"": 24.924085118276032, ""elevation"": 0.0}]",1785106917696.363
12,"[{""range"": 0.6466244660259088, ""doppler"": 0.0, ""angle"": -23.3109350353842, ""elevation"": 0.0}, {""range"": 0.6723349240009584, ""doppler"": 0.0, ""angle"": -23.69481870522285, ""elevation"": 0.0}, {""range"": 2.642464023844515, ""doppler"": 0.0, ""angle"": -11.024790406430657, ""elevation"": 0.0}, {""range"": 2.6494109998891275, ""doppler"": 0.0, ""angle"": -12.45288986005126, ""elevation"": 0.0}, {""range"": 2.6632342619350204, ""doppler"": 0.0, ""angle"": -15.020626199857547, ""elevation"": 0.0}, {""range"": 2.809677818921951, ""doppler"": 0.0, ""angle"": -5.481644904329161, ""elevation"": 0.0}, {""range"": 2.8250771380999833, ""doppler"": 0.0, ""angle"": -5.316896992955184, ""elevation"": 0.0}, {""range"": 0.7457947426867815, ""doppler"": 0.0, ""angle"": 11.843377247286268, ""elevation"": 0.0}, {""range"": 0.7769979853880077, ""doppler"": 0.0, ""angle"": 12.021082563875861, ""elevation"": 0.0}, {""range"": 0.795395756124487, ""doppler"": 0.0, ""angle"": 15.276583295991522, ""elevation"": 0.0}, {""range"": 1.0103105970546449, ""doppler"": 0.0, ""angle"": 24.41038467761487, ""elevation"": 0.0}, {""range"": 1.028891617854609, ""doppler"": 0.0, ""angle"": 28.493638329194496, ""elevation"": 0.0}]",1785106917795.735
10,"[{""range"": 0.6606052775073701, ""doppler"": 0.0, ""angle"": -15.029321016319107, ""elevation"": 0.0}, {""range"": 0.6897039815201027, ""doppler"": 0.0, ""angle"": -11.697394848157193, ""elevation"": 0.0}, {""range"": 2.645105708284009, ""doppler"": 0.0, ""angle"": -12.76323431855832, ""elevation"": 0.0}, {""range"": 2.650380520633355, ""doppler"": 0.0, ""angle"": -13.070528222757682, ""elevation"": 0.0}, {""range"": 2.6624544931032292, ""doppler"": 0.0, ""angle"": -14.130505957701871, ""elevation"": 0.0}, {""range"": 0.7233384135779553, ""doppler"": 0.0, ""angle"": -9.476293380514644, ""elevation"": 0.0}, {""range"": 0.750981163900807, ""doppler"": 0.0, ""angle"": -8.089586101025375, ""elevation"": 0.0}, {""range"": 2.8091084317428856, ""doppler"": 0.0, ""angle"": -6.260042068313404, ""elevation"": 0.0}, {""range"": 2.8221108857760675, ""doppler"": 0.0, ""angle"": -5.749245232738266, ""elevation"": 0.0}, {""range"": 0.8164917000476573, ""doppler"": 0.0, ""angle"": 30.901349886109088, ""elevation"": 0.0}]",1785106917899.379
13,"[{""range"": 0.6537308560583733, ""doppler"": 0.0, ""angle"": -18.25157916596537, ""elevation"": 0.0}, {""range"": 2.6450608125299864, ""doppler"": 0.0, ""angle"": -11.602390989556365, ""elevation"": 0.0}, {""range"": 2.651383128128133, ""doppler"": 0.0, ""angle"": -11.842686097192095, ""elevation"": 0.0}, {""range"": 2.656899759395513, ""doppler"": 0.0, ""angle"": -11.939896716967207, ""elevation"": 0.0}, {""range"": 2.8123454313935943, ""doppler"": 0.0, ""angle"": -11.627862023223244, ""elevation"": 0.0}, {""range"": 0.7036478272455435, ""doppler"": 0.0, ""angle"": -9.68493587287592, ""elevation"": 0.0}, {""range"": 2.8137260371639283, ""doppler"": 0.0, ""angle"": -8.34225838810648, ""elevation"": 0.0}, {""range"": 0.7380070471070663, ""doppler"": 0.0, ""angle"": -0.6108356641471026, ""elevation"": 0.0}, {""range"": 0.7550329181168007, ""doppler"": 0.0, ""angle"": 3.6254273769992453, ""elevation"": 0.0}, {""range"": 0.7978264166569791, ""doppler"": 0.0, ""angle"": 15.761948431318162, ""elevation"": 0.0}, {""range"": 0.9821095013347898, ""doppler"": 0.0, ""angle"": 12.555963713759738, ""elevation"": 0.0}, {""range"": 1.0054963199533695, ""doppler"": 0.0, ""angle"": 27.759015163151165, ""elevation"": 0.0}, {""range"": 1.0123498264570292, ""doppler"": 0.0, ""angle"": 28.65649787862116, ""elevation"": 0.0}]",1785106917995.805
17,"[{""range"": 0.6503167793384144, ""doppler"": 0.0, ""angle"": -19.88484990180326, ""elevation"": 0.0}, {""range"": 0.6790545501781561, ""doppler"": 0.0, ""angle"": -11.82183177253926, ""elevation"": 0.0}, {""range"": 0.716197578394169, ""doppler"": 0.0, ""angle"": -15.153492730831015, ""elevation"": 0.0}, {""range"": 2.6468732507872406, ""doppler"": 0.0, ""angle"": -11.069294195974887, ""elevation"": 0.0}, {""range"": 2.6612464298533056, ""doppler"": 0.0, ""angle"": -11.935847523834898, ""elevation"": 0.0}, {""range"": 2.634779070481612, ""doppler"": 0.0, ""angle"": -9.468714828554395, ""elevation"": 0.0}, {""range"": 2.807173005766916, ""doppler"": 0.0, ""angle"": -3.9264788591267, ""elevation"": 0.0}, {""range"": 2.8157295790022707, ""doppler"": 0.0, ""angle"": -7.443643888000476, ""elevation"": 0.0}, {""range"": 0.8788995917459671, ""doppler"": 0.0, ""angle"": -0.46628292663733406, ""elevation"": 0.0}, {""range"": 1.1624281141623265, ""doppler"": 0.0, ""angle"": -0.8814039965821377, ""elevation"": 0.0}, {""range"": 1.1740576515002412, ""doppler"": 0.0, ""angle"": -1.3439871504746508, ""elevation"": 0.0}, {""range"": 1.8416304750415236, ""doppler"": 0.0, ""angle"": 2.782673466483524, ""elevation"": 0.0}, {""range"": 1.8667360214709525, ""doppler"": 0.0, ""angle"": 1.690654342605842, ""elevation"": 0.0}, {""range"": 0.8149912480594333, ""doppler"": 0.0, ""angle"": 9.892192659496402, ""elevation"": 0.0}, {""range"": 0.7963307468536314, ""doppler"": 0.0, ""angle"": 16.180437877693574, ""elevation"": 0.0}, {""range"": 1.0158665117225754, ""doppler"": 0.0, ""angle"": 19.95639560641288, ""elevation"": 0.0}, {""range"": 1.0203618375798873, ""doppler"": 0.0, ""angle"": 24.584391441521735, ""elevation"": 0.0}]",1785106918095.644
11,"[{""range"": 0.8226114613481045, ""doppler"": 0.0, ""angle"": -12.286997800840911, ""elevation"": 0.0}, {""range"": 0.8946203205044968, ""doppler"": 0.0, ""angle"": -11.763617521902088, ""elevation"": 0.0}, {""range"": 2.638046530423119, ""doppler"": 0.0, ""angle"": -11.019742971367135, ""elevation"": 0.0}, {""range"": 2.6482888320136233, ""doppler"": 0.0, ""angle"": -11.730257867611147, ""elevation"": 0.0}, {""range"": 2.662333477852963, ""doppler"": 0.0, ""angle"": -14.978019860412848, ""elevation"": 0.0}, {""range"": 0.703790974386135, ""doppler"": 0.0, ""angle"": -9.579589209236076, ""elevation"": 0.0}, {""range"": 0.7311904899857097, ""doppler"": 0.0, ""angle"": -7.828902995326385, ""elevation"": 0.0}, {""range"": 2.8046280887807917, ""doppler"": 0.0, ""angle"": -5.847627596413745, ""elevation"": 0.0}, {""range"": 2.8103783760788446, ""doppler"": 0.0, ""angle"": -8.577092240348454, ""elevation"": 0.0}, {""range"": 1.0111710592862384, ""doppler"": 0.0, ""angle"": 28.808574266719546, ""elevation"": 0.0}, {""range"": 1.0239789590116588, ""doppler"": 0.0, ""angle"": 27.227297173895227, ""elevation"": 0.0}]",1785106918196.269
12,"[{""range"": 0.6876997472791861, ""doppler"": 0.0, ""angle"": -24.305863218546158, ""elevation"": 0.0}, {""range"": 0.72621164476233, ""doppler"": 0.0, ""angle"": -12.629801687503322, ""elevation"": 0.0}, {""range"": 0.7491102199082438, ""doppler"": 0.0, ""angle"": -14.162291989260643, ""elevation"": 0.0}, {""range"": 2.6604142908069055, ""doppler"": 0.0, ""angle"": -12.018370639268348, ""elevation"": 0.0}, {""range"": 2.6406965086871206, ""doppler"": 0.0, ""angle"": -8.594840873807707, ""elevation"": 0.0}, {""range"": 2.650732032775605, ""doppler"": 0.0, ""angle"": -10.301735141692953, ""elevation"": 0.0}, {""range"": 2.8091398470180398, ""doppler"": 0.0, ""angle"": -5.742891460529023, ""elevation"": 0.0}, {""range"": 2.8131208023089385, ""doppler"": 0.0, ""angle"": -8.605500289177588, ""elevation"": 0.0}, {""range"": 3.7507993985364334, ""doppler"": 0.0, ""angle"": 7.511251339496569, ""elevation"": 0.0}, {""range"": 3.7304525970846574, ""doppler"": 0.0, ""angle"": 14.107515951804556, ""elevation"": 0.0}, {""range"": 0.8137158889874319, ""doppler"": 0.0, ""angle"": 24.678409239564484, ""elevation"": 0.0}, {""range"": 1.0071655603845373, ""doppler"": 0.0, ""angle"": 31.54819124602539, ""elevation"": 0.0}]",1785106918289.566
11,"[{""range"": 0.632274794666779, ""doppler"": 0.0, ""angle"": -17.461321788276354, ""elevation"": 0.0}, {""range"": 2.6521804564409943, ""doppler"": 0.0, ""angle"": -11.330387405080131, ""elevation"": 0.0}, {""range"": 2.6627720981958554, ""doppler"": 0.0, ""angle"": -12.83888607351881, ""elevation"": 0.0}, {""range"": 0.6897859173036031, ""doppler"": 0.0, ""angle"": -5.772665511573334, ""elevation"": 0.0}, {""range"": 2.6381342328487936, ""doppler"": 0.0, ""angle"": -9.941164563788279, ""elevation"": 0.0}, {""range"": 2.8196581453619247, ""doppler"": 0.0, ""angle"": -5.798087965414886, ""elevation"": 0.0}, {""range"": 0.7420862295065764, ""doppler"": 0.0, ""angle"": 2.1957002340741614, ""elevation"": 0.0}, {""range"": 2.808908748723281, ""doppler"": 0.0, ""angle"": -3.2041088483859035, ""elevation"": 0.0}, {""range"": 0.7840348935669974, ""doppler"": 0.0, ""angle"": 12.781098003019371, ""elevation"": 0.0}, {""range"": 0.8087131163973916, ""doppler"": 0.0, ""angle"": 19.584797138708332, ""elevation"": 0.0}, {""range"": 1.0173309490493965, ""doppler"": 0.0, ""angle"": 28.686814342576014, ""elevation"": 0.0}]",1785106918396.207
8,"[{""range"": 2.6437664378674057, ""doppler"": 0.0, ""angle"": -11.73477699309337, ""elevation"": 0.0}, {""range"": 2.651584134713759, ""doppler"": 0.0, ""angle"": -11.305385911617991, ""elevation"": 0.0}, {""range"": 2.6631419652713353, ""doppler"": 0.0, ""angle"": -11.679626210452826, ""elevation"": 0.0}, {""range"": 0.6604991240348714, ""doppler"": 0.0, ""angle"": -7.6387194018860765, ""elevation"": 0.0}, {""range"": 0.7174306079888592, ""doppler"": 0.0, ""angle"": -3.8729702696417725, ""elevation"": 0.0}, {""range"": 1.1818009886569907, ""doppler"": 0.0, ""angle"": -6.917486188119134, ""elevation"": 0.0}, {""range"": 0.7019365305251715, ""doppler"": 0.0, ""angle"": -1.5911402711945872, ""elevation"": 0.0}, {""range"": 0.8211133527838478, ""doppler"": 0.0, ""angle"": 21.379715714795914, ""elevation"": 0.0}]",1785106918486.285
8,"[{""range"": 2.669582617012605, ""doppler"": 0.0, ""angle"": -19.966712317249335, ""elevation"": 0.0}, {""range"": 2.6434639247447507, ""doppler"": 0.0, ""angle"": -13.890543884940161, ""elevation"": 0.0}, {""range"": 1.168008854940847, ""doppler"": 0.0, ""angle"": -6.8758679913008045, ""elevation"": 0.0}, {""range"": 0.7186968697713779, ""doppler"": 0.0, ""angle"": 1.4256832751550157, ""elevation"": 0.0}, {""range"": 0.7306778032538435, ""doppler"": 0.0, ""angle"": 2.9037173896452035, ""elevation"": 0.0}, {""range"": 1.1816234765715452, ""doppler"": 0.0, ""angle"": -3.4703273521660436, ""elevation"": 0.0}, {""range"": 0.7451525294493836, ""doppler"": 0.0, ""angle"": 7.126721732700832, ""elevation"": 0.0}, {""range"": 0.7861288979925191, ""doppler"": 0.0, ""angle"": 18.91302076807538, ""elevation"": 0.0}]",1785106918589.7651
10,"[{""range"": 2.6413121938949096, ""doppler"": 0.0, ""angle"": -11.39741384689857, ""elevation"": 0.0}, {""range"": 2.6496601786097447, ""doppler"": 0.0, ""angle"": -12.040205373520823, ""elevation"": 0.0}, {""range"": 2.661675685105597, ""doppler"": 0.0, ""angle"": -13.920481373973104, ""elevation"": 0.0}, {""range"": 0.7217725172692491, ""doppler"": 0.0, ""angle"": 3.2380959265706486, ""elevation"": 0.0}, {""range"": 0.7586918669561253, ""doppler"": 0.0, ""angle"": 3.4996806043605564, ""elevation"": 0.0}, {""range"": 2.8084034306421626, ""doppler"": 0.0, ""angle"": -2.872242756161327, ""elevation"": 0.0}, {""range"": 2.8212465941879326, ""doppler"": 0.0, ""angle"": -3.3246641501071728, ""elevation"": 0.0}, {""range"": 0.7428868319086923, ""doppler"": 0.0, ""angle"": 3.670964116082981, ""elevation"": 0.0}, {""range"": 0.8064136726520705, ""doppler"": 0.0, ""angle"": 29.606208100430678, ""elevation"": 0.0}, {""range"": 0.7828490586500785, ""doppler"": 0.0, ""angle"": 36.98768231674786, ""elevation"": 0.0}]",1785106918689.177
9,"[{""range"": 2.6454288288581416, ""doppler"": 0.0, ""angle"": -12.000356075435043, ""elevation"": 0.0}, {""range"": 2.6522413621498813, ""doppler"": 0.0, ""angle"": -12.478948142349944, ""elevation"": 0.0}, {""range"": 2.665709146966122, ""doppler"": 0.0, ""angle"": -13.918792224856603, ""elevation"": 0.0}, {""range"": 2.8051637742847904, ""doppler"": 0.0, ""angle"": -5.079688703358137, ""elevation"": 0.0}, {""range"": 2.8180651987553467, ""doppler"": 0.0, ""angle"": -7.243162036781177, ""elevation"": 0.0}, {""range"": 0.7144343756316346, ""doppler"": 0.0, ""angle"": 9.290220849123205, ""elevation"": 0.0}, {""range"": 0.7339313540231472, ""doppler"": 0.0, ""angle"": 9.76295820231843, ""elevation"": 0.0}, {""range"": 0.7590643929925913, ""doppler"": 0.0, ""angle"": 11.000228574061374, ""elevation"": 0.0}, {""range"": 0.7990595321769812, ""doppler"": 0.0, ""angle"": 18.16329158268917, ""elevation"": 0.0}]",1785106918785.486
10,"[{""range"": 0.8887587522564694, ""doppler"": 0.0, ""angle"": -13.888062647950647, ""elevation"": 0.0}, {""range"": 2.6478669100305385, ""doppler"": 0.0, ""angle"": -11.317520715905372, ""elevation"": 0.0}, {""range"": 2.6647747027915987, ""doppler"": 0.0, ""angle"": -12.923726182292397, ""elevation"": 0.0}, {""range"": 2.637266000684638, ""doppler"": 0.0, ""angle"": -10.34306797221696, ""elevation"": 0.0}, {""range"": 2.804750887579009, ""doppler"": 0.0, ""angle"": -4.812784588738696, ""elevation"": 0.0}, {""range"": 2.818146601125145, ""doppler"": 0.0, ""angle"": -4.341266834859286, ""elevation"": 0.0}, {""range"": 0.711586406389642, ""doppler"": 0.0, ""angle"": 3.270077227246299, ""elevation"": 0.0}, {""range"": 0.729323271326617, ""doppler"": 0.0, ""angle"": 8.487699663474464, ""elevation"": 0.0}, {""range"": 0.7929681892921425, ""doppler"": 0.0, ""angle"": 8.402354383867078, ""elevation"": 0.0}, {""range"": 0.7505763830050397, ""doppler"": 0.0, ""angle"": 12.996662996676648, ""elevation"": 0.0}]",1785106918889.203
9,"[{""range"": 2.651000831689924, ""doppler"": 0.0, ""angle"": -12.211903013558839, ""elevation"": 0.0}, {""range"": 2.6712579448023925, ""doppler"": 0.0, ""angle"": -15.216770821974343, ""elevation"": 0.0}, {""range"": 0.7181256652751035, ""doppler"": 0.0, ""angle"": -0.28533518850708856, ""elevation"": 0.0}, {""range"": 0.7265212132136539, ""doppler"": 0.0, ""angle"": -0.042305514964829045, ""elevation"": 0.0}, {""range"": 0.7377753066822687, ""doppler"": 0.0, ""angle"": -1.222124584615314, ""elevation"": 0.0}, {""range"": 2.802559919913802, ""doppler"": 0.0, ""angle"": -2.750133010861853, ""elevation"": 0.0}, {""range"": 2.8216039998473605, ""doppler"": 0.0, ""angle"": -1.9938290953755566, ""elevation"": 0.0}, {""range"": 2.8610082696746693, ""doppler"": 0.0, ""angle"": 2.7118328571766996, ""elevation"": 0.0}, {""range"": 1.005856593054245, ""doppler"": 0.0, ""angle"": 31.033629399280215, ""elevation"": 0.0}]",1785106918984.869
7,"[{""range"": 2.6454665873432126, ""doppler"": 0.0, ""angle"": -11.529432179368174, ""elevation"": 0.0}, {""range"": 2.665571977866649, ""doppler"": 0.0, ""angle"": -12.022276686183519, ""elevation"": 0.0}, {""range"": 0.7208935157599057, ""doppler"": 0.0, ""angle"": -4.695187984332437, ""elevation"": 0.0}, {""range"": 0.735210751336462, ""doppler"": 0.0, ""angle"": -4.114409125467168, ""elevation"": 0.0}, {""range"": 2.650170247307141, ""doppler"": 0.0, ""angle"": -10.744332443447107, ""elevation"": 0.0}, {""range"": 0.7491394146497637, ""doppler"": 0.0, ""angle"": 2.339257958144712, ""elevation"": 0.0}, {""range"": 0.7924473747365733, ""doppler"": 0.0, ""angle"": 14.371761108662522, ""elevation"": 0.0}]",1785106919084.939
12,"[{""range"": 2.6479967732422427, ""doppler"": 0.0, ""angle"": -11.79480313647552, ""elevation"": 0.0}, {""range"": 2.6614357047522845, ""doppler"": 0.0, ""angle"": -13.509658121490228, ""elevation"": 0.0}, {""range"": 0.7313768840871109, ""doppler"": 0.0, ""angle"": -4.768294966076385, ""elevation"": 0.0}, {""range"": 0.9400339855866477, ""doppler"": 0.0, ""angle"": -5.249686074716612, ""elevation"": 0.0}, {""range"": 0.9548142538131943, ""doppler"": 0.0, ""angle"": -5.168199471176284, ""elevation"": 0.0}, {""range"": 1.162763701022929, ""doppler"": 0.0, ""angle"": -7.155617227737241, ""elevation"": 0.0}, {""range"": 1.1738178714683885, ""doppler"": 0.0, ""angle"": -5.787888373101922, ""elevation"": 0.0}, {""range"": 2.6384689200113502, ""doppler"": 0.0, ""angle"": -10.527819904705002, ""elevation"": 0.0}, {""range"": 2.8076499379759365, ""doppler"": 0.0, ""angle"": -4.551514635095878, ""elevation"": 0.0}, {""range"": 2.817133093426675, ""doppler"": 0.0, ""angle"": -7.4655887541864745, ""elevation"": 0.0}, {""range"": 0.6962286726697383, ""doppler"": 0.0, ""angle"": 6.947969650047086, ""elevation"": 0.0}, {""range"": 0.7334251172550456, ""doppler"": 0.0, ""angle"": 28.545798062226947, ""elevation"": 0.0}]",1785106919198.956
13,"[{""range"": 2.646691874351053, ""doppler"": 0.0, ""angle"": -12.73958112844484, ""elevation"": 0.0}, {""range"": 1.1630675350733835, ""doppler"": 0.0, ""angle"": -6.142718152354557, ""elevation"": 0.0}, {""range"": 1.1786985411227833, ""doppler"": 0.0, ""angle"": -8.46199867333242, ""elevation"": 0.0}, {""range"": 0.7342451578872216, ""doppler"": 0.0, ""angle"": 3.3926807363129816, ""elevation"": 0.0}, {""range"": 2.804864481513034, ""doppler"": 0.0, ""angle"": -1.8229969078146901, ""elevation"": 0.0}, {""range"": 2.8215056193539962, ""doppler"": 0.0, ""angle"": -3.0261469003955126, ""elevation"": 0.0}, {""range"": 2.8700091289320913, ""doppler"": 0.0, ""angle"": -0.9603141471619829, ""elevation"": 0.0}, {""range"": 2.9253481466668436, ""doppler"": 0.0, ""angle"": 1.0472293408510411, ""elevation"": 0.0}, {""range"": 0.7180309992470726, ""doppler"": 0.0, ""angle"": 6.463096535176734, ""elevation"": 0.0}, {""range"": 0.7221644867678307, ""doppler"": 0.0, ""angle"": 6.069154696908171, ""elevation"": 0.0}, {""range"": 0.8069217482203763, ""doppler"": 0.0, ""angle"": 34.70077462211293, ""elevation"": 0.0}, {""range"": 0.9420677853108216, ""doppler"": 0.0, ""angle"": 37.046078023701384, ""elevation"": 0.0}, {""range"": 0.9511474048773441, ""doppler"": 0.0, ""angle"": 36.82250304282896, ""elevation"": 0.0}]",1785106919296.4448
8,"[{""range"": 2.655407762204881, ""doppler"": 0.0, ""angle"": -11.72988767916636, ""elevation"": 0.0}, {""range"": 2.6677984853320367, ""doppler"": 0.0, ""angle"": -13.15322042154912, ""elevation"": 0.0}, {""range"": 2.638268877547502, ""doppler"": 0.0, ""angle"": -10.568128163222443, ""elevation"": 0.0}, {""range"": 0.746837969458343, ""doppler"": 0.0, ""angle"": 0.98776039963981, ""elevation"": 0.0}, {""range"": 2.804304247643292, ""doppler"": 0.0, ""angle"": -0.8695458565819141, ""elevation"": 0.0}, {""range"": 2.822769708768683, ""doppler"": 0.0, ""angle"": -0.6678458015710652, ""elevation"": 0.0}, {""range"": 0.7102464260967032, ""doppler"": 0.0, ""angle"": 5.142189881807662, ""elevation"": 0.0}, {""range"": 0.7183099744192295, ""doppler"": 0.0, ""angle"": 6.144880300435784, ""elevation"": 0.0}]",1785106919386.262
10,"[{""range"": 0.901810597332215, ""doppler"": 0.0, ""angle"": -54.523072827376616, ""elevation"": 0.0}, {""range"": 2.6755277389369425, ""doppler"": 0.0, ""angle"": -18.46885451315576, ""elevation"": 0.0}, {""range"": 2.6517143343755483, ""doppler"": 0.0, ""angle"": -13.643607377838222, ""elevation"": 0.0}, {""range"": 1.1665577273084098, ""doppler"": 0.0, ""angle"": -5.753413781045395, ""elevation"": 0.0}, {""range"": 1.1828149791200455, ""doppler"": 0.0, ""angle"": -7.033695570078375, ""elevation"": 0.0}, {""range"": 2.8169919528065788, ""doppler"": 0.0, ""angle"": -4.645848741183158, ""elevation"": 0.0}, {""range"": 0.703492470220241, ""doppler"": 0.0, ""angle"": -1.92273744973166, ""elevation"": 0.0}, {""range"": 0.7289468850001799, ""doppler"": 0.0, ""angle"": -1.5884084255386328, ""elevation"": 0.0}, {""range"": 0.7555336487497051, ""doppler"": 0.0, ""angle"": -0.6237873903146415, ""elevation"": 0.0}, {""range"": 2.798303615749418, ""doppler"": 0.0, ""angle"": -3.318946566198876, ""elevation"": 0.0}]",1785106919499.5078
8,"[{""range"": 2.6461139636300617, ""doppler"": 0.0, ""angle"": -11.344861512547284, ""elevation"": 0.0}, {""range"": 1.1681091942605546, ""doppler"": 0.0, ""angle"": -8.060640930515335, ""elevation"": 0.0}, {""range"": 1.18009947695052, ""doppler"": 0.0, ""angle"": -5.608657293561189, ""elevation"": 0.0}, {""range"": 2.826563194762226, ""doppler"": 0.0, ""angle"": -5.481569933297281, ""elevation"": 0.0}, {""range"": 0.7239837024975561, ""doppler"": 0.0, ""angle"": -1.1463287755174834, ""elevation"": 0.0}, {""range"": 0.728870952706075, ""doppler"": 0.0, ""angle"": -0.4779223068893154, ""elevation"": 0.0}, {""range"": 0.7429308182759474, ""doppler"": 0.0, ""angle"": -1.1032970164919165, ""elevation"": 0.0}, {""range"": 2.802114454095906, ""doppler"": 0.0, ""angle"": -3.208223983601806, ""elevation"": 0.0}]",1785106919585.7761
9,"[{""range"": 0.9409357264343786, ""doppler"": 0.0, ""angle"": -55.334458111651415, ""elevation"": 0.0}, {""range"": 2.6516555327915756, ""doppler"": 0.0, ""angle"": -11.25385970534823, ""elevation"": 0.0}, {""range"": 2.6663658307364946, ""doppler"": 0.0, ""angle"": -11.52017606215616, ""elevation"": 0.0}, {""range"": 1.1616991262212741, ""doppler"": 0.0, ""angle"": -6.416157548787909, ""elevation"": 0.0}, {""range"": 1.186669679676705, ""doppler"": 0.0, ""angle"": -3.76698210869153, ""elevation"": 0.0}, {""range"": 2.638064686858359, ""doppler"": 0.0, ""angle"": -10.501801671888662, ""elevation"": 0.0}, {""range"": 0.7227730892247005, ""doppler"": 0.0, ""angle"": -0.25515022607592613, ""elevation"": 0.0}, {""range"": 0.7322640424733663, ""doppler"": 0.0, ""angle"": -0.43373265848093084, ""elevation"": 0.0}, {""range"": 0.7454909259298769, ""doppler"": 0.0, ""angle"": -0.371063664853455, ""elevation"": 0.0}]",1785106919682.307
9,"[{""range"": 1.1630890881773035, ""doppler"": 0.0, ""angle"": -4.6561079884230905, ""elevation"": 0.0}, {""range"": 1.1780946232687317, ""doppler"": 0.0, ""angle"": -4.396037394786379, ""elevation"": 0.0}, {""range"": 2.641395339260708, ""doppler"": 0.0, ""angle"": -10.0075304227785, ""elevation"": 0.0}, {""range"": 2.6507050548841007, ""doppler"": 0.0, ""angle"": -9.697428723968898, ""elevation"": 0.0}, {""range"": 2.6615599984394986, ""doppler"": 0.0, ""angle"": -9.080090220719551, ""elevation"": 0.0}, {""range"": 2.8113706341592124, ""doppler"": 0.0, ""angle"": -6.852904575575373, ""elevation"": 0.0}, {""range"": 2.824165252416937, ""doppler"": 0.0, ""angle"": -6.5112545079111035, ""elevation"": 0.0}, {""range"": 0.7167597023861196, ""doppler"": 0.0, ""angle"": 1.9872490097709155, ""elevation"": 0.0}, {""range"": 0.7233672560875496, ""doppler"": 0.0, ""angle"": 1.4873158971146936, ""elevation"": 0.0}]",1785106919786.297
9,"[{""range"": 2.6444101374556706, ""doppler"": 0.0, ""angle"": -10.043215811522037, ""elevation"": 0.0}, {""range"": 2.6540570228136873, ""doppler"": 0.0, ""angle"": -9.912271506201378, ""elevation"": 0.0}, {""range"": 2.66041912227487, ""doppler"": 0.0, ""angle"": -7.981967137789764, ""elevation"": 0.0}, {""range"": 2.819704434137754, ""doppler"": 0.0, ""angle"": -3.8143165284656977, ""elevation"": 0.0}, {""range"": 2.82873163740464, ""doppler"": 0.0, ""angle"": -4.045361415379375, ""elevation"": 0.0}, {""range"": 0.6848255733997785, ""doppler"": 0.0, ""angle"": 2.1997232819644528, ""elevation"": 0.0}, {""range"": 0.699548815799423, ""doppler"": 0.0, ""angle"": 1.9042732897302106, ""elevation"": 0.0}, {""range"": 0.7077242277960597, ""doppler"": 0.0, ""angle"": 1.7663979705940989, ""elevation"": 0.0}, {""range"": 2.867219857802703, ""doppler"": 0.0, ""angle"": -0.518127826169465, ""elevation"": 0.0}]",1785106919886.0427
8,"[{""range"": 1.3148841404943623, ""doppler"": 0.0, ""angle"": -23.626254639758955, ""elevation"": 0.0}, {""range"": 1.164764005363768, ""doppler"": 0.0, ""angle"": -8.45726156827611, ""elevation"": 0.0}, {""range"": 1.1815217952265455, ""doppler"": 0.0, ""angle"": -5.77616767769601, ""elevation"": 0.0}, {""range"": 2.6372097140441024, ""doppler"": 0.0, ""angle"": -9.019078821180285, ""elevation"": 0.0}, {""range"": 2.6466015741144022, ""doppler"": 0.0, ""angle"": -10.13310991446981, ""elevation"": 0.0}, {""range"": 2.6633519648054214, ""doppler"": 0.0, ""angle"": -10.354047761395634, ""elevation"": 0.0}, {""range"": 2.809271565393314, ""doppler"": 0.0, ""angle"": -4.991698156454493, ""elevation"": 0.0}, {""range"": 2.8182430737025865, ""doppler"": 0.0, ""angle"": -3.3391358924880996, ""elevation"": 0.0}]",1785106919989.696
9,"[{""range"": 2.6496769340965325, ""doppler"": 0.0, ""angle"": -10.935326727621938, ""elevation"": 0.0}, {""range"": 2.662022811029306, ""doppler"": 0.0, ""angle"": -13.918629579614015, ""elevation"": 0.0}, {""range"": 1.1558897031428224, ""doppler"": 0.0, ""angle"": -7.493313802121922, ""elevation"": 0.0}, {""range"": 1.1816900416550535, ""doppler"": 0.0, ""angle"": -4.286991892754483, ""elevation"": 0.0}, {""range"": 2.6431543062710343, ""doppler"": 0.0, ""angle"": -10.394640280718242, ""elevation"": 0.0}, {""range"": 2.8071141232137204, ""doppler"": 0.0, ""angle"": -4.168047714009951, ""elevation"": 0.0}, {""range"": 2.8202878434353886, ""doppler"": 0.0, ""angle"": -5.048730490236744, ""elevation"": 0.0}, {""range"": 0.7114249626829839, ""doppler"": 0.0, ""angle"": 1.6131334296662028, ""elevation"": 0.0}, {""range"": 0.7032161648947364, ""doppler"": 0.0, ""angle"": 6.922622460861917, ""elevation"": 0.0}]",1785106920086.624
7,"[{""range"": 2.667587793034497, ""doppler"": 0.0, ""angle"": -13.032039796415754, ""elevation"": 0.0}, {""range"": 2.63863127937715, ""doppler"": 0.0, ""angle"": -8.990591913352052, ""elevation"": 0.0}, {""range"": 2.6466618893843576, ""doppler"": 0.0, ""angle"": -10.549981344558837, ""elevation"": 0.0}, {""range"": 2.803171244760625, ""doppler"": 0.0, ""angle"": -6.192468445480363, ""elevation"": 0.0}, {""range"": 2.8166234045417617, ""doppler"": 0.0, ""angle"": -4.9056159164054876, ""elevation"": 0.0}, {""range"": 0.6953820094957264, ""doppler"": 0.0, ""angle"": 9.457477923149138, ""elevation"": 0.0}, {""range"": 0.7074926012502275, ""doppler"": 0.0, ""angle"": 15.209395888183204, ""elevation"": 0.0}]",1785106920190.217
7,"[{""range"": 2.6474515754807544, ""doppler"": 0.0, ""angle"": -11.19305513534098, ""elevation"": 0.0}, {""range"": 2.65816508287423, ""doppler"": 0.0, ""angle"": -12.679725445862196, ""elevation"": 0.0}, {""range"": 2.6365137700602976, ""doppler"": 0.0, ""angle"": -9.43485202471827, ""elevation"": 0.0}, {""range"": 2.8106634076539154, ""doppler"": 0.0, ""angle"": -5.146576555704527, ""elevation"": 0.0}, {""range"": 2.8226010852079733, ""doppler"": 0.0, ""angle"": -6.924221042750321, ""elevation"": 0.0}, {""range"": 0.7133122728611059, ""doppler"": 0.0, ""angle"": -1.3646112888394095, ""elevation"": 0.0}, {""range"": 0.6911058628746491, ""doppler"": 0.0, ""angle"": 5.5232562838896735, ""elevation"": 0.0}]",1785106920286.63
10,"[{""range"": 2.6495215692012324, ""doppler"": 0.0, ""angle"": -11.43657707576817, ""elevation"": 0.0}, {""range"": 2.6650325591429707, ""doppler"": 0.0, ""angle"": -14.731822539756513, ""elevation"": 0.0}, {""range"": 0.7252862686018792, ""doppler"": 0.0, ""angle"": -4.425790433583583, ""elevation"": 0.0}, {""range"": 1.1646310780146896, ""doppler"": 0.0, ""angle"": -8.591663476704376, ""elevation"": 0.0}, {""range"": 1.1808184727752762, ""doppler"": 0.0, ""angle"": -8.736267416035618, ""elevation"": 0.0}, {""range"": 2.6433141460747, ""doppler"": 0.0, ""angle"": -10.086788532073566, ""elevation"": 0.0}, {""range"": 0.6997702321807517, ""doppler"": 0.0, ""angle"": 2.006216708201591, ""elevation"": 0.0}, {""range"": 0.7500380263364324, ""doppler"": 0.0, ""angle"": -3.430630626254142, ""elevation"": 0.0}, {""range"": 2.8052455909203116, ""doppler"": 0.0, ""angle"": -0.17165308391191147, ""elevation"": 0.0}, {""range"": 2.821511257216099, ""doppler"": 0.0, ""angle"": -2.6625789972200335, ""elevation"": 0.0}]",1785106920396.0012
