num_points,points,timestamp_ms
12,"[{""range"": 0.8311537306569402, ""doppler"": 0.0, ""angle"": -15.178359680628331, ""elevation"": 0.0}, {""range"": 0.7634772257823425, ""doppler"": 0.0, ""angle"": -6.036399367374755, ""elevation"": 0.0}, {""range"": 0.8839390805153442, ""doppler"": 0.0, ""angle"": -9.25462615522199, ""elevation"": 0.0}, {""range"": 0.9136015667990517, ""doppler"": 0.0, ""angle"": -5.5822700879154, ""elevation"": 0.0}, {""range"": 0.932532891610205, ""doppler"": 0.0, ""angle"": -4.6413826569647565, ""elevation"": 0.0}, {""range"": 1.6714438511958902, ""doppler"": 0.0, ""angle"": -8.192516032642002, ""elevation"": 0.0}, {""range"": 1.6711430459393526, ""doppler"": 0.0, ""angle"": -8.249750167234824, ""elevation"": 0.0}, {""range"": 0.7104518620689797, ""doppler"": 0.0, ""angle"": -3.4342061589222395, ""elevation"": 0.0}, {""range"": 0.724418305918494, ""doppler"": 0.0, ""angle"": -2.914668206020191, ""elevation"": 0.0}, {""range"": 2.805636056382735, ""doppler"": 0.0, ""angle"": -2.608199886188498, ""elevation"": 0.0}, {""range"": 2.0664165629565296, ""doppler"": 0.0, ""angle"": 43.09949048604711, ""elevation"": 0.0}, {""range"": 2.0886021722665262, ""doppler"": 0.0, ""angle"": 39.7063370568885, ""elevation"": 0.0}]",1785097268663.2449
11,"[{""range"": 0.772985317090234, ""doppler"": 0.0, ""angle"": -15.180720719209175, ""elevation"": 0.0}, {""range"": 0.8364993443033362, ""doppler"": 0.0, ""angle"": -17.683546444723465, ""elevation"": 0.0}, {""range"": 0.6953491782220746, ""doppler"": 0.0, ""angle"": -6.052193916589732, ""elevation"": 0.0}, {""range"": 0.7181308746613095, ""doppler"": 0.0, ""angle"": -10.168309714505357, ""elevation"": 0.0}, {""range"": 0.8868109912120856, ""doppler"": 0.0, ""angle"": -10.772948958356421, ""elevation"": 0.0}, {""range"": 0.9117686741420787, ""doppler"": 0.0, ""angle"": -6.52012072429743, ""elevation"": 0.0}, {""range"": 0.9310458993021156, ""doppler"": 0.0, ""angle"": -4.737140406994836, ""elevation"": 0.0}, {""range"": 1.6633226900391782, ""doppler"": 0.0, ""angle"": -9.017777448694943, ""elevation"": 0.0}, {""range"": 1.6618417657060391, ""doppler"": 0.0, ""angle"": -9.656918931374683, ""elevation"": 0.0}, {""range"": 2.7056276132449555, ""doppler"": 0.0, ""angle"": 0.6475321321794669, ""elevation"": 0.0}, {""range"": 1.866387971778573, ""doppler"": 0.0, ""angle"": 38.81240689007627, ""elevation"": 0.0}]",1785097268663.698
8,"[{""range"": 0.8210377661285878, ""doppler"": 0.0, ""angle"": -15.75856436259355, ""elevation"": 0.0}, {""range"": 0.8573850695841521, ""doppler"": 0.0, ""angle"": -11.354458613805047, ""elevation"": 0.0}, {""range"": 0.7686263459921145, ""doppler"": 0.0, ""angle"": -5.593876972244743, ""elevation"": 0.0}, {""range"": 0.7122483133568437, ""doppler"": 0.0, ""angle"": -1.3954273504406418, ""elevation"": 0.0}, {""range"": 0.724051204883684, ""doppler"": 0.0, ""angle"": -0.551856335248242, ""elevation"": 0.0}, {""range"": 2.7793182343463525, ""doppler"": 0.0, ""angle"": -0.1769406597040661, ""elevation"": 0.0}, {""range"": 2.800329621413417, ""doppler"": 0.0, ""angle"": -2.3860963398670223, ""elevation"": 0.0}, {""range"": 1.876725596479491, ""doppler"": 0.0, ""angle"": 34.49558965721637, ""elevation"": 0.0}]",1785097268664.1282
7,"[{""range"": 0.8073087736449786, ""doppler"": 0.0, ""angle"": -8.431618520741187, ""elevation"": 0.0}, {""range"": 0.8898660485173528, ""doppler"": 0.0, ""angle"": -3.894489373190201, ""elevation"": 0.0}, {""range"": 0.7199770478040882, ""doppler"": 0.0, ""angle"": 0.8111379152011173, ""elevation"": 0.0}, {""range"": 0.7240181721176225, ""doppler"": 0.0, ""angle"": 0.07075296417566929, ""elevation"": 0.0}, {""range"": 0.7405161943002578, ""doppler"": 0.0, ""angle"": -0.6502743328503928, ""elevation"": 0.0}, {""range"": 2.804395370223176, ""doppler"": 0.0, ""angle"": -3.443476551944758, ""elevation"": 0.0}, {""range"": 2.053172436846966, ""doppler"": 0.0, ""angle"": 45.709235909619764, ""elevation"": 0.0}]",1785097268664.553
10,"[{""range"": 0.8043760146593102, ""doppler"": 0.0, ""angle"": -19.437915274333083, ""elevation"": 0.0}, {""range"": 0.7542932589232875, ""doppler"": 0.0, ""angle"": -9.455623297789208, ""elevation"": 0.0}, {""range"": 0.8765508670269619, ""doppler"": 0.0, ""angle"": -10.104124929827268, ""elevation"": 0.0}, {""range"": 0.9132570844302532, ""doppler"": 0.0, ""angle"": -5.235055561574923, ""elevation"": 0.0}, {""range"": 2.8058620740054057, ""doppler"": 0.0, ""angle"": -4.50680413036684, ""elevation"": 0.0}, {""range"": 0.7177567713603146, ""doppler"": 0.0, ""angle"": -1.270493040547733, ""elevation"": 0.0}, {""range"": 0.7305180400953437, ""doppler"": 0.0, ""angle"": -3.438110204463576, ""elevation"": 0.0}, {""range"": 1.8768692924721027, ""doppler"": 0.0, ""angle"": 37.992280048592, ""elevation"": 0.0}, {""range"": 1.909415389117607, ""doppler"": 0.0, ""angle"": 44.002101706476196, ""elevation"": 0.0}, {""range"": 2.05206631855694, ""doppler"": 0.0, ""angle"": 48.274415333414375, ""elevation"": 0.0}]",1785097268664.985
11,"[{""range"": 0.8992672937628937, ""doppler"": 0.0, ""angle"": -4.436278644496885, ""elevation"": 0.0}, {""range"": 0.9163622371827166, ""doppler"": 0.0, ""angle"": -4.622512505793995, ""elevation"": 0.0}, {""range"": 0.7255603388748749, ""doppler"": 0.0, ""angle"": 2.0620399181821933, ""elevation"": 0.0}, {""range"": 0.7392856191459575, ""doppler"": 0.0, ""angle"": 1.483009743447909, ""elevation"": 0.0}, {""range"": 2.8112124050423835, ""doppler"": 0.0, ""angle"": -3.2598842932264342, ""elevation"": 0.0}, {""range"": 2.8232531231671487, ""doppler"": 0.0, ""angle"": -2.719061422517739, ""elevation"": 0.0}, {""range"": 2.8551334003220377, ""doppler"": 0.0, ""angle"": 2.404916043185898, ""elevation"": 0.0}, {""range"": 0.719274844408627, ""doppler"": 0.0, ""angle"": 3.720273225187103, ""elevation"": 0.0}, {""range"": 0.8026575297477933, ""doppler"": 0.0, ""angle"": 5.381639138663497, ""elevation"": 0.0}, {""range"": 1.8704402936712172, ""doppler"": 0.0, ""angle"": 41.11224050688444, ""elevation"": 0.0}, {""range"": 2.065793356467162, ""doppler"": 0.0, ""angle"": 40.33770687016249, ""elevation"": 0.0}]",1785097268665.4038
8,"[{""range"": 0.7158342569930827, ""doppler"": 0.0, ""angle"": -18.0140299798277, ""elevation"": 0.0}, {""range"": 0.7358966841205552, ""doppler"": 0.0, ""angle"": -13.661435546719728, ""elevation"": 0.0}, {""range"": 0.7477517476802875, ""doppler"": 0.0, ""angle"": -8.845124002874408, ""elevation"": 0.0}, {""range"": 0.9010076444754858, ""doppler"": 0.0, ""angle"": -5.911991402662706, ""elevation"": 0.0}, {""range"": 0.9142444502874318, ""doppler"": 0.0, ""angle"": -5.173122950652394, ""elevation"": 0.0}, {""range"": 2.809011400715452, ""doppler"": 0.0, ""angle"": -3.832513516085196, ""elevation"": 0.0}, {""range"": 0.8244527242055196, ""doppler"": 0.0, ""angle"": -1.9513799989998415, ""elevation"": 0.0}, {""range"": 0.7047607955227645, ""doppler"": 0.0, ""angle"": 26.40902084585772, ""elevation"": 0.0}]",1785097268665.824
10,"[{""range"": 0.8131332401381303, ""doppler"": 0.0, ""angle"": -7.734522925576993, ""elevation"": 0.0}, {""range"": 0.9192114610900022, ""doppler"": 0.0, ""angle"": -3.680622173030453, ""elevation"": 0.0}, {""range"": 0.899891299866739, ""doppler"": 0.0, ""angle"": -3.531593139770472, ""elevation"": 0.0}, {""range"": 2.8057945372932784, ""doppler"": 0.0, ""angle"": -2.4326119716716406, ""elevation"": 0.0}, {""range"": 2.8217131022565023, ""doppler"": 0.0, ""angle"": -1.6014237799576296, ""elevation"": 0.0}, {""range"": 0.7121779861888933, ""doppler"": 0.0, ""angle"": 6.893050897603592, ""elevation"": 0.0}, {""range"": 0.7198096013630597, ""doppler"": 0.0, ""angle"": 4.687992819023471, ""elevation"": 0.0}, {""range"": 0.7354509951424919, ""doppler"": 0.0, ""angle"": 4.546148761536422, ""elevation"": 0.0}, {""range"": 1.874943853968683, ""doppler"": 0.0, ""angle"": 40.55210152058197, ""elevation"": 0.0}, {""range"": 2.0503709428583523, ""doppler"": 0.0, ""angle"": 47.21237536671663, ""elevation"": 0.0}]",1785097268666.2522
10,"[{""range"": 0.7864067082635254, ""doppler"": 0.0, ""angle"": -29.835372906071203, ""elevation"": 0.0}, {""range"": 0.7425049836410524, ""doppler"": 0.0, ""angle"": -18.491672978760693, ""elevation"": 0.0}, {""range"": 0.7486056839415778, ""doppler"": 0.0, ""angle"": -19.10145071479389, ""elevation"": 0.0}, {""range"": 0.7177532743562753, ""doppler"": 0.0, ""angle"": -14.102021071097875, ""elevation"": 0.0}, {""range"": 0.9072850044501498, ""doppler"": 0.0, ""angle"": -5.076858374466856, ""elevation"": 0.0}, {""range"": 0.9180825634554708, ""doppler"": 0.0, ""angle"": -5.095416726409557, ""elevation"": 0.0}, {""range"": 0.9319492005844232, ""doppler"": 0.0, ""angle"": -4.467844061174198, ""elevation"": 0.0}, {""range"": 2.8105250650332723, ""doppler"": 0.0, ""angle"": -2.5525734087535406, ""elevation"": 0.0}, {""range"": 2.8232037553907428, ""doppler"": 0.0, ""angle"": -1.880136894638214, ""elevation"": 0.0}, {""range"": 1.8680862538898713, ""doppler"": 0.0, ""angle"": 39.363881571172016, ""elevation"": 0.0}]",1785097268666.672
12,"[{""range"": 0.81427564070726, ""doppler"": 0.0, ""angle"": -39.19822377961168, ""elevation"": 0.0}, {""range"": 0.9015966138735113, ""doppler"": 0.0, ""angle"": -5.942389212652922, ""elevation"": 0.0}, {""range"": 0.9204899851231276, ""doppler"": 0.0, ""angle"": -4.892121855978369, ""elevation"": 0.0}, {""range"": 2.8088050741440305, ""doppler"": 0.0, ""angle"": -3.598859698364066, ""elevation"": 0.0}, {""range"": 2.8166462901625406, ""doppler"": 0.0, ""angle"": -3.9715887742484957, ""elevation"": 0.0}, {""range"": 0.7138851564415681, ""doppler"": 0.0, ""angle"": 2.6703354366192467, ""elevation"": 0.0}, {""range"": 0.7255197285301296, ""doppler"": 0.0, ""angle"": 0.8049407364629222, ""elevation"": 0.0}, {""range"": 0.7422788904876495, ""doppler"": 0.0, ""angle"": -2.5543033725057303, ""elevation"": 0.0}, {""range"": 2.516057441349879, ""doppler"": 0.0, ""angle"": -1.4986519399398261, ""elevation"": 0.0}, {""range"": 2.7027350442667886, ""doppler"": 0.0, ""angle"": -1.7174486404651337, ""elevation"": 0.0}, {""range"": 1.8763525607920921, ""doppler"": 0.0, ""angle"": 39.206424123550846, ""elevation"": 0.0}, {""range"": 1.9109937521364275, ""doppler"": 0.0, ""angle"": 41.71902280061174, ""elevation"": 0.0}]",1785097268667.082
10,"[{""range"": 0.8178604739105112, ""doppler"": 0.0, ""angle"": -40.13116646877413, ""elevation"": 0.0}, {""range"": 0.9031067810899998, ""doppler"": 0.0, ""angle"": -9.240384000902987, ""elevation"": 0.0}, {""range"": 0.920629180350697, ""doppler"": 0.0, ""angle"": -3.99840021162758, ""elevation"": 0.0}, {""range"": 0.7279428077082838, ""doppler"": 0.0, ""angle"": -1.2386346708968874, ""elevation"": 0.0}, {""range"": 0.7379859256904295, ""doppler"": 0.0, ""angle"": -0.4303697021011402, ""elevation"": 0.0}, {""range"": 0.7454897893327316, ""doppler"": 0.0, ""angle"": 0.3573209293451485, ""elevation"": 0.0}, {""range"": 2.5086802546050486, ""doppler"": 0.0, ""angle"": -0.8535737101239921, ""elevation"": 0.0}, {""range"": 2.7016709214471244, ""doppler"": 0.0, ""angle"": -3.2858483736055994, ""elevation"": 0.0}, {""range"": 2.804101223595337, ""doppler"": 0.0, ""angle"": -2.7961736881788477, ""elevation"": 0.0}, {""range"": 1.8688814715909785, ""doppler"": 0.0, ""angle"": 39.04679139146206, ""elevation"": 0.0}]",1785097268667.5342
8,"[{""range"": 0.7360682900670229, ""doppler"": 0.0, ""angle"": -7.4116050757856335, ""elevation"": 0.0}, {""range"": 0.7582160578176427, ""doppler"": 0.0, ""angle"": -5.317987459249384, ""elevation"": 0.0}, {""range"": 2.516088182165144, ""doppler"": 0.0, ""angle"": -3.614180190827383, ""elevation"": 0.0}, {""range"": 2.801637304273184, ""doppler"": 0.0, ""angle"": -3.9855683191517772, ""elevation"": 0.0}, {""range"": 0.9194592507306126, ""doppler"": 0.0, ""angle"": -2.987604607201605, ""elevation"": 0.0}, {""range"": 0.6960945352766998, ""doppler"": 0.0, ""angle"": 4.833311837978964, ""elevation"": 0.0}, {""range"": 1.8754628235767408, ""doppler"": 0.0, ""angle"": 40.16578518840595, ""elevation"": 0.0}, {""range"": 1.9045222415035346, ""doppler"": 0.0, ""angle"": 37.507913699889535, ""elevation"": 0.0}]",1785097268667.9521
10,"[{""range"": 0.8368267650833638, ""doppler"": 0.0, ""angle"": -18.268470575353557, ""elevation"": 0.0}, {""range"": 0.8859840691478887, ""doppler"": 0.0, ""angle"": -7.794851868771764, ""elevation"": 0.0}, {""range"": 1.1432056319525064, ""doppler"": 0.0, ""angle"": -4.449568938217084, ""elevation"": 0.0}, {""range"": 2.8090240697465063, ""doppler"": 0.0, ""angle"": -4.93356307107634, ""elevation"": 0.0}, {""range"": 0.6884346921714679, ""doppler"": 0.0, ""angle"": 1.3097298905429664, ""elevation"": 0.0}, {""range"": 0.7085758179783102, ""doppler"": 0.0, ""angle"": 3.559197773003085, ""elevation"": 0.0}, {""range"": 0.7429095786087027, ""doppler"": 0.0, ""angle"": 3.242557953920217, ""elevation"": 0.0}, {""range"": 1.1728226019381573, ""doppler"": 0.0, ""angle"": 1.703688829474015, ""elevation"": 0.0}, {""range"": 0.7210228844142857, ""doppler"": 0.0, ""angle"": 3.882128781714728, ""elevation"": 0.0}, {""range"": 2.0605834194165187, ""doppler"": 0.0, ""angle"": 38.98050472531761, ""elevation"": 0.0}]",1785097268668.349
8,"[{""range"": 0.8241516968549083, ""doppler"": 0.0, ""angle"": -35.46253203868636, ""elevation"": 0.0}, {""range"": 0.674333165045473, ""doppler"": 0.0, ""angle"": 0.5013822491093379, ""elevation"": 0.0}, {""range"": 0.692940910955706, ""doppler"": 0.0, ""angle"": -0.5914192988879183, ""elevation"": 0.0}, {""range"": 0.7167350105012709, ""doppler"": 0.0, ""angle"": -1.4438853655343133, ""elevation"": 0.0}, {""range"": 0.7388630930486578, ""doppler"": 0.0, ""angle"": -2.191406747277443, ""elevation"": 0.0}, {""range"": 2.4097589029768427, ""doppler"": 0.0, ""angle"": -2.7348045303589568, ""elevation"": 0.0}, {""range"": 2.4180931381244735, ""doppler"": 0.0, ""angle"": -2.86959901516114, ""elevation"": 0.0}, {""range"": 2.441667266119675, ""doppler"": 0.0, ""angle"": -2.841870382064069, ""elevation"": 0.0}]",1785097268668.775
14,"[{""range"": 0.7509384793812852, ""doppler"": 0.0, ""angle"": -27.883085396299855, ""elevation"": 0.0}, {""range"": 0.7664157345575938, ""doppler"": 0.0, ""angle"": -26.70255121870779, ""elevation"": 0.0}, {""range"": 0.7953581085060747, ""doppler"": 0.0, ""angle"": -31.95349723919905, ""elevation"": 0.0}, {""range"": 0.8948450302731698, ""doppler"": 0.0, ""angle"": -4.9062628187758035, ""elevation"": 0.0}, {""range"": 0.9239179634378621, ""doppler"": 0.0, ""angle"": -4.773771453304165, ""elevation"": 0.0}, {""range"": 0.6669897814387881, ""doppler"": 0.0, ""angle"": 0.36865408370709757, ""elevation"": 0.0}, {""range"": 0.6901949638876996, ""doppler"": 0.0, ""angle"": -1.202455754419271, ""elevation"": 0.0}, {""range"": 2.390779682721714, ""doppler"": 0.0, ""angle"": -1.8815987685625366, ""elevation"": 0.0}, {""range"": 2.4080232265226433, ""doppler"": 0.0, ""angle"": -2.579185791589791, ""elevation"": 0.0}, {""range"": 2.4147868954135543, ""doppler"": 0.0, ""angle"": -2.996732020346787, ""elevation"": 0.0}, {""range"": 2.430981224441795, ""doppler"": 0.0, ""angle"": -3.4072951753146223, ""elevation"": 0.0}, {""range"": 2.7699231527090498, ""doppler"": 0.0, ""angle"": -2.304949768307574, ""elevation"": 0.0}, {""range"": 2.7998042656535587, ""doppler"": 0.0, ""angle"": -2.8700801384849917, ""elevation"": 0.0}, {""range"": 2.819431164007088, ""doppler"": 0.0, ""angle"": -2.613617398112471, ""elevation"": 0.0}]",1785097268669.171
9,"[{""range"": 0.7296131138104478, ""doppler"": 0.0, ""angle"": -18.341698392215868, ""elevation"": 0.0}, {""range"": 0.7420186441444674, ""doppler"": 0.0, ""angle"": -16.045914709221453, ""elevation"": 0.0}, {""range"": 0.7508857643768848, ""doppler"": 0.0, ""angle"": -14.903292238773279, ""elevation"": 0.0}, {""range"": 0.79686940705533, ""doppler"": 0.0, ""angle"": -12.954142788632142, ""elevation"": 0.0}, {""range"": 0.8861929105625591, ""doppler"": 0.0, ""angle"": -7.2798849322844985, ""elevation"": 0.0}, {""range"": 0.9170154937082114, ""doppler"": 0.0, ""angle"": -5.696141069786385, ""elevation"": 0.0}, {""range"": 2.40512295607877, ""doppler"": 0.0, ""angle"": -4.443137900964787, ""elevation"": 0.0}, {""range"": 2.4139274019978063, ""doppler"": 0.0, ""angle"": -3.6014854668950163, ""elevation"": 0.0}, {""range"": 2.430341285106295, ""doppler"": 0.0, ""angle"": -3.708077594866831, ""elevation"": 0.0}]",1785097268669.518
7,"[{""range"": 0.742997373908445, ""doppler"": 0.0, ""angle"": -19.03234872706617, ""elevation"": 0.0}, {""range"": 0.8060017014871043, ""doppler"": 0.0, ""angle"": -20.96815233796403, ""elevation"": 0.0}, {""range"": 0.7631519373774746, ""doppler"": 0.0, ""angle"": -18.17173651259861, ""elevation"": 0.0}, {""range"": 0.8899305256639009, ""doppler"": 0.0, ""angle"": -3.6057775880481184, ""elevation"": 0.0}, {""range"": 0.91405447142013, ""doppler"": 0.0, ""angle"": -4.049680646896149, ""elevation"": 0.0}, {""range"": 2.801611191749306, ""doppler"": 0.0, ""angle"": -2.9487836442520607, ""elevation"": 0.0}, {""range"": 0.7094545996858899, ""doppler"": 0.0, ""angle"": 23.263061511836916, ""elevation"": 0.0}]",1785097268669.853
10,"[{""range"": 0.888559618046578, ""doppler"": 0.0, ""angle"": -3.6691157399727286, ""elevation"": 0.0}, {""range"": 0.9125064462998275, ""doppler"": 0.0, ""angle"": -3.606449867084752, ""elevation"": 0.0}, {""range"": 2.520962433076961, ""doppler"": 0.0, ""angle"": -6.377441963507211, ""elevation"": 0.0}, {""range"": 2.812085858099154, ""doppler"": 0.0, ""angle"": -4.204502061733057, ""elevation"": 0.0}, {""range"": 2.8204555906683773, ""doppler"": 0.0, ""angle"": -3.8788316361529103, ""elevation"": 0.0}, {""range"": 0.7471395266255625, ""doppler"": 0.0, ""angle"": 3.3890072770222552, ""elevation"": 0.0}, {""range"": 0.8054113283219568, ""doppler"": 0.0, ""angle"": 0.5215501946021475, ""elevation"": 0.0}, {""range"": 0.728449299014934, ""doppler"": 0.0, ""angle"": 8.114190175293231, ""elevation"": 0.0}, {""range"": 0.7167222961908501, ""doppler"": 0.0, ""angle"": 13.09318823545547, ""elevation"": 0.0}, {""range"": 1.8727289199256736, ""doppler"": 0.0, ""angle"": 37.758387565287904, ""elevation"": 0.0}]",1785097268670.208
8,"[{""range"": 0.8184426288985658, ""doppler"": 0.0, ""angle"": -27.197664035105827, ""elevation"": 0.0}, {""range"": 0.7597543987375383, ""doppler"": 0.0, ""angle"": -16.110251400235807, ""elevation"": 0.0}, {""range"": 0.8828487792185449, ""doppler"": 0.0, ""angle"": -11.851602024497014, ""elevation"": 0.0}, {""range"": 0.7611407463696374, ""doppler"": 0.0, ""angle"": -7.7227300967164645, ""elevation"": 0.0}, {""range"": 0.9087662974822267, ""doppler"": 0.0, ""angle"": -5.9293424810032835, ""elevation"": 0.0}, {""range"": 2.8054952491280107, ""doppler"": 0.0, ""angle"": -2.7801584358490223, ""elevation"": 0.0}, {""range"": 2.8184169497236824, ""doppler"": 0.0, ""angle"": -2.559976126397779, ""elevation"": 0.0}, {""range"": 0.6874455367809174, ""doppler"": 0.0, ""angle"": 13.76876148684852, ""elevation"": 0.0}]",1785097268670.563
8,"[{""range"": 0.8853410697907773, ""doppler"": 0.0, ""angle"": -58.865567248204144, ""elevation"": 0.0}, {""range"": 0.7410440367895433, ""doppler"": 0.0, ""angle"": -4.400826085627613, ""elevation"": 0.0}, {""range"": 0.746082471881952, ""doppler"": 0.0, ""angle"": -5.80487447915137, ""elevation"": 0.0}, {""range"": 0.7993479887659258, ""doppler"": 0.0, ""angle"": -4.58056490057314, ""elevation"": 0.0}, {""range"": 0.7184709391148003, ""doppler"": 0.0, ""angle"": -2.853147891694787, ""elevation"": 0.0}, {""range"": 0.9199223404101722, ""doppler"": 0.0, ""angle"": -2.4174718439273684, ""elevation"": 0.0}, {""range"": 2.0968721129252286, ""doppler"": 0.0, ""angle"": 31.402003088618446, ""elevation"": 0.0}, {""range"": 2.0786444591505884, ""doppler"": 0.0, ""angle"": 39.68440519181827, ""elevation"": 0.0}]",1785097268670.934
7,"[{""range"": 0.7559707123618626, ""doppler"": 0.0, ""angle"": -3.675243995711117, ""elevation"": 0.0}, {""range"": 0.8039940599084036, ""doppler"": 0.0, ""angle"": -7.077599162888709, ""elevation"": 0.0}, {""range"": 0.8738372788788673, ""doppler"": 0.0, ""angle"": -8.35394523887167, ""elevation"": 0.0}, {""range"": 0.9083695240225013, ""doppler"": 0.0, ""angle"": -6.226848359148298, ""elevation"": 0.0}, {""range"": 0.7203094934476088, ""doppler"": 0.0, ""angle"": 0.6542927730789007, ""elevation"": 0.0}, {""range"": 0.7380772308576966, ""doppler"": 0.0, ""angle"": -2.4021245444002326, ""elevation"": 0.0}, {""range"": 1.8690232986218263, ""doppler"": 0.0, ""angle"": 39.974015355954535, ""elevation"": 0.0}]",1785097268671.267
9,"[{""range"": 0.8085119447961453, ""doppler"": 0.0, ""angle"": -18.050257804501648, ""elevation"": 0.0}, {""range"": 0.8719020428997198, ""doppler"": 0.0, ""angle"": -13.36364819164656, ""elevation"": 0.0}, {""range"": 0.7218985836677656, ""doppler"": 0.0, ""angle"": -9.984960204643333, ""elevation"": 0.0}, {""range"": 0.7440673846006504, ""doppler"": 0.0, ""angle"": -7.762065329001078, ""elevation"": 0.0}, {""range"": 0.7583573794001268, ""doppler"": 0.0, ""angle"": -8.898178243884798, ""elevation"": 0.0}, {""range"": 0.9118635822858013, ""doppler"": 0.0, ""angle"": -6.270709263345586, ""elevation"": 0.0}, {""range"": 2.8062321324280544, ""doppler"": 0.0, ""angle"": -3.9131595249873983, ""elevation"": 0.0}, {""range"": 2.1152714454360564, ""doppler"": 0.0, ""angle"": 24.80592437863515, ""elevation"": 0.0}, {""range"": 2.0847870898816283, ""doppler"": 0.0, ""angle"": 32.71957685115834, ""elevation"": 0.0}]",1785097268671.6191
12,"[{""range"": 0.8194424756056886, ""doppler"": 0.0, ""angle"": -26.27988862924093, ""elevation"": 0.0}, {""range"": 0.8717567361850366, ""doppler"": 0.0, ""angle"": -13.221004546255017, ""elevation"": 0.0}, {""range"": 0.758390560748617, ""doppler"": 0.0, ""angle"": -8.091892436837433, ""elevation"": 0.0}, {""range"": 0.9096569067346415, ""doppler"": 0.0, ""angle"": -6.138700884583994, ""elevation"": 0.0}, {""range"": 1.6717804734685484, ""doppler"": 0.0, ""angle"": -5.764255129675986, ""elevation"": 0.0}, {""range"": 1.6853507093757811, ""doppler"": 0.0, ""angle"": -6.145509830528996, ""elevation"": 0.0}, {""range"": 1.7037172554064133, ""doppler"": 0.0, ""angle"": -6.992995220155171, ""elevation"": 0.0}, {""range"": 0.6895067394397745, ""doppler"": 0.0, ""angle"": 0.044576582950804224, ""elevation"": 0.0}, {""range"": 0.7102630153210648, ""doppler"": 0.0, ""angle"": 0.3606182209027328, ""elevation"": 0.0}, {""range"": 0.7302444074701661, ""doppler"": 0.0, ""angle"": -1.7119071324043076, ""elevation"": 0.0}, {""range"": 1.8814407558214836, ""doppler"": 0.0, ""angle"": 41.23920067668942, ""elevation"": 0.0}, {""range"": 1.9033977308130952, ""doppler"": 0.0, ""angle"": 43.29081055865162, ""elevation"": 0.0}]",1785097268671.9739
12,"[{""range"": 0.8388696063739339, ""doppler"": 0.0, ""angle"": -18.145286075825876, ""elevation"": 0.0}, {""range"": 0.8824957707894563, ""doppler"": 0.0, ""angle"": -9.952833404083673, ""elevation"": 0.0}, {""range"": 0.909222736004817, ""doppler"": 0.0, ""angle"": -5.767775654182017, ""elevation"": 0.0}, {""range"": 1.6793678181156586, ""doppler"": 0.0, ""angle"": -8.924735571339793, ""elevation"": 0.0}, {""range"": 1.6785726521058135, ""doppler"": 0.0, ""angle"": -8.669594691550328, ""elevation"": 0.0}, {""range"": 2.805569682398655, ""doppler"": 0.0, ""angle"": -4.086137135073111, ""elevation"": 0.0}, {""range"": 2.8195464288866265, ""doppler"": 0.0, ""angle"": -3.59605394498409, ""elevation"": 0.0}, {""range"": 0.7272433935294499, ""doppler"": 0.0, ""angle"": -0.2535818287077401, ""elevation"": 0.0}, {""range"": 0.7304445036024949, ""doppler"": 0.0, ""angle"": 2.17456669698678, ""elevation"": 0.0}, {""range"": 0.7476033531643277, ""doppler"": 0.0, ""angle"": 5.999680939628163, ""elevation"": 0.0}, {""range"": 1.8736482158046421, ""doppler"": 0.0, ""angle"": 36.856774221169296, ""elevation"": 0.0}, {""range"": 1.9059540634796168, ""doppler"": 0.0, ""angle"": 34.93653348012638, ""elevation"": 0.0}]",1785097268672.313
11,"[{""range"": 0.8093092789716053, ""doppler"": 0.0, ""angle"": -48.46633393940897, ""elevation"": 0.0}, {""range"": 0.8991109045084317, ""doppler"": 0.0, ""angle"": -4.151376919725152, ""elevation"": 0.0}, {""range"": 0.9163005621240349, ""doppler"": 0.0, ""angle"": -5.2288468630197364, ""elevation"": 0.0}, {""range"": 1.662099527972558, ""doppler"": 0.0, ""angle"": -6.30003004606524, ""elevation"": 0.0}, {""range"": 1.6713574299914897, ""doppler"": 0.0, ""angle"": -7.728723770727994, ""elevation"": 0.0}, {""range"": 0.7257575630910758, ""doppler"": 0.0, ""angle"": 1.087049200831113, ""elevation"": 0.0}, {""range"": 0.7339917993018575, ""doppler"": 0.0, ""angle"": -1.1167353607805646, ""elevation"": 0.0}, {""range"": 0.748341121965783, ""doppler"": 0.0, ""angle"": 0.205360337494876, ""elevation"": 0.0}, {""range"": 2.8114276647465313, ""doppler"": 0.0, ""angle"": -1.6656143304117286, ""elevation"": 0.0}, {""range"": 1.906890609255628, ""doppler"": 0.0, ""angle"": 32.6797014927378, ""elevation"": 0.0}, {""range"": 1.8747318580005035, ""doppler"": 0.0, ""angle"": 37.06444962991118, ""elevation"": 0.0}]",1785097268672.678
12,"[{""range"": 0.7177295521911742, ""doppler"": 0.0, ""angle"": -4.400894974725925, ""elevation"": 0.0}, {""range"": 0.7259284165700878, ""doppler"": 0.0, ""angle"": -4.874986524554583, ""elevation"": 0.0}, {""range"": 0.9008422579896469, ""doppler"": 0.0, ""angle"": -4.6909169667835355, ""elevation"": 0.0}, {""range"": 0.9186183484674147, ""doppler"": 0.0, ""angle"": -5.338821680852434, ""elevation"": 0.0}, {""range"": 1.6685167976038071, ""doppler"": 0.0, ""angle"": -6.33747939126731, ""elevation"": 0.0}, {""range"": 1.6805629724429876, ""doppler"": 0.0, ""angle"": -7.452434523074287, ""elevation"": 0.0}, {""range"": 1.7062084641694644, ""doppler"": 0.0, ""angle"": -9.714050839459581, ""elevation"": 0.0}, {""range"": 2.813297381660555, ""doppler"": 0.0, ""angle"": -4.619080170902736, ""elevation"": 0.0}, {""range"": 0.7428009606046077, ""doppler"": 0.0, ""angle"": -2.1935864742634643, ""elevation"": 0.0}, {""range"": 2.82586978985227, ""doppler"": 0.0, ""angle"": -2.839954967168285, ""elevation"": 0.0}, {""range"": 2.858079554774858, ""doppler"": 0.0, ""angle"": 2.2696922729583653, ""elevation"": 0.0}, {""range"": 1.863158222106423, ""doppler"": 0.0, ""angle"": 38.8994087951997, ""elevation"": 0.0}]",1785097268673.027
12,"[{""range"": 0.7800993721110484, ""doppler"": 0.0, ""angle"": -21.4307102582003, ""elevation"": 0.0}, {""range"": 0.8182126458870908, ""doppler"": 0.0, ""angle"": -21.513084471605588, ""elevation"": 0.0}, {""range"": 0.7204513050265219, ""doppler"": 0.0, ""angle"": -5.997840817100663, ""elevation"": 0.0}, {""range"": 0.7384592253701026, ""doppler"": 0.0, ""angle"": -7.3315177386371, ""elevation"": 0.0}, {""range"": 0.8890866354974527, ""doppler"": 0.0, ""angle"": -7.639571072512474, ""elevation"": 0.0}, {""range"": 0.9161715457622294, ""doppler"": 0.0, ""angle"": -5.263274524285182, ""elevation"": 0.0}, {""range"": 0.9319422186379047, ""doppler"": 0.0, ""angle"": -4.1702081005495595, ""elevation"": 0.0}, {""range"": 1.673494391124444, ""doppler"": 0.0, ""angle"": -7.490267059592046, ""elevation"": 0.0}, {""range"": 1.676960072512268, ""doppler"": 0.0, ""angle"": -7.998773475876644, ""elevation"": 0.0}, {""range"": 2.8024353307982954, ""doppler"": 0.0, ""angle"": -5.8044460176822925, ""elevation"": 0.0}, {""range"": 1.8777414033211544, ""doppler"": 0.0, ""angle"": 40.30716618966143, ""elevation"": 0.0}, {""range"": 1.914574480969803, ""doppler"": 0.0, ""angle"": 47.80118292713047, ""elevation"": 0.0}]",1785097268673.3718
11,"[{""range"": 0.8127226293376093, ""doppler"": 0.0, ""angle"": -26.31699464382172, ""elevation"": 0.0}, {""range"": 1.6851712060082729, ""doppler"": 0.0, ""angle"": -11.829791675583145, ""elevation"": 0.0}, {""range"": 1.7086439530879551, ""doppler"": 0.0, ""angle"": -14.453625447389228, ""elevation"": 0.0}, {""range"": 0.9043209201702522, ""doppler"": 0.0, ""angle"": -5.139040953386067, ""elevation"": 0.0}, {""range"": 0.917860477130092, ""doppler"": 0.0, ""angle"": -4.670945153720719, ""elevation"": 0.0}, {""range"": 0.9311867614901282, ""doppler"": 0.0, ""angle"": -3.820661649640873, ""elevation"": 0.0}, {""range"": 1.666262062971053, ""doppler"": 0.0, ""angle"": -10.342793237513014, ""elevation"": 0.0}, {""range"": 2.8098321231921153, ""doppler"": 0.0, ""angle"": -2.4802083869623788, ""elevation"": 0.0}, {""range"": 2.8229784636050343, ""doppler"": 0.0, ""angle"": -1.8512376253661842, ""elevation"": 0.0}, {""range"": 2.8631504072636216, ""doppler"": 0.0, ""angle"": 5.2783362242976155, ""elevation"": 0.0}, {""range"": 2.0530258568482522, ""doppler"": 0.0, ""angle"": 50.970772944916426, ""elevation"": 0.0}]",1785097268673.722
12,"[{""range"": 0.8092814844145546, ""doppler"": 0.0, ""angle"": -39.40520254056172, ""elevation"": 0.0}, {""range"": 1.6892726608224604, ""doppler"": 0.0, ""angle"": -10.95310225553552, ""elevation"": 0.0}, {""range"": 1.7148254157604206, ""doppler"": 0.0, ""angle"": -16.09721918500064, ""elevation"": 0.0}, {""range"": 0.9185872478142206, ""doppler"": 0.0, ""angle"": -4.81273196976617, ""elevation"": 0.0}, {""range"": 1.6797096576507637, ""doppler"": 0.0, ""angle"": -7.696215086778826, ""elevation"": 0.0}, {""range"": 0.7102142144336949, ""doppler"": 0.0, ""angle"": 1.1541280276936723, ""elevation"": 0.0}, {""range"": 0.7263835139126199, ""doppler"": 0.0, ""angle"": 1.4105935239812302, ""elevation"": 0.0}, {""range"": 0.7494236197889718, ""doppler"": 0.0, ""angle"": 0.3554452771804302, ""elevation"": 0.0}, {""range"": 0.9006164706152744, ""doppler"": 0.0, ""angle"": -2.936256058091664, ""elevation"": 0.0}, {""range"": 0.8238253126016957, ""doppler"": 0.0, ""angle"": 4.49408695410506, ""elevation"": 0.0}, {""range"": 2.0998422719500636, ""doppler"": 0.0, ""angle"": 32.943073683546324, ""elevation"": 0.0}, {""range"": 2.0735768525122156, ""doppler"": 0.0, ""angle"": 42.343816816944, ""elevation"": 0.0}]",1785097268674.0852
12,"[{""range"": 0.7757265243090299, ""doppler"": 0.0, ""angle"": -12.581811590470586, ""elevation"": 0.0}, {""range"": 0.7934994411138515, ""doppler"": 0.0, ""angle"": -12.282327581360665, ""elevation"": 0.0}, {""range"": 0.8110833308231483, ""doppler"": 0.0, ""angle"": -17.11665937955179, ""elevation"": 0.0}, {""range"": 1.6972735408783988, ""doppler"": 0.0, ""angle"": -11.202204839323603, ""elevation"": 0.0}, {""range"": 1.7238663874616433, ""doppler"": 0.0, ""angle"": -15.386995872775671, ""elevation"": 0.0}, {""range"": 0.875749271240651, ""doppler"": 0.0, ""angle"": -8.86801689655699, ""elevation"": 0.0}, {""range"": 0.9202969699626237, ""doppler"": 0.0, ""angle"": -5.944325566306639, ""elevation"": 0.0}, {""range"": 0.9354310661052364, ""doppler"": 0.0, ""angle"": -5.748736554144838, ""elevation"": 0.0}, {""range"": 2.8063687839553135, ""doppler"": 0.0, ""angle"": -2.534430333111265, ""elevation"": 0.0}, {""range"": 2.819040624402078, ""doppler"": 0.0, ""angle"": -1.7338332246754506, ""elevation"": 0.0}, {""range"": 0.676422696068768, ""doppler"": 0.0, ""angle"": 14.091346143295372, ""elevation"": 0.0}, {""range"": 1.8718264510156895, ""doppler"": 0.0, ""angle"": 36.782322965072524, ""elevation"": 0.0}]",1785097268674.4438
13,"[{""range"": 0.8111989075166984, ""doppler"": 0.0, ""angle"": -37.58476313746032, ""elevation"": 0.0}, {""range"": 0.753645390043245, ""doppler"": 0.0, ""angle"": -4.081742564042375, ""elevation"": 0.0}, {""range"": 0.773054248542308, ""doppler"": 0.0, ""angle"": -8.91544040389747, ""elevation"": 0.0}, {""range"": 0.8965701423463425, ""doppler"": 0.0, ""angle"": -7.056982603501008, ""elevation"": 0.0}, {""range"": 0.9242062675343955, ""doppler"": 0.0, ""angle"": -6.231238938819928, ""elevation"": 0.0}, {""range"": 0.9366313650488124, ""doppler"": 0.0, ""angle"": -4.884457357737435, ""elevation"": 0.0}, {""range"": 1.701282682407555, ""doppler"": 0.0, ""angle"": -8.571262791630172, ""elevation"": 0.0}, {""range"": 1.7202059964136625, ""doppler"": 0.0, ""angle"": -8.910081394440844, ""elevation"": 0.0}, {""range"": 2.820435677831374, ""doppler"": 0.0, ""angle"": -4.377810247786973, ""elevation"": 0.0}, {""range"": 2.8068300697303017, ""doppler"": 0.0, ""angle"": -3.418545967652392, ""elevation"": 0.0}, {""range"": 2.852498819309988, ""doppler"": 0.0, ""angle"": -2.4287078692823236, ""elevation"": 0.0}, {""range"": 0.7013003628738039, ""doppler"": 0.0, ""angle"": 11.516217017486385, ""elevation"": 0.0}, {""range"": 1.8688539004669094, ""doppler"": 0.0, ""angle"": 40.65421579164189, ""elevation"": 0.0}]",1785097268674.8008
9,"[{""range"": 0.7988830462283405, ""doppler"": 0.0, ""angle"": -26.421668644775103, ""elevation"": 0.0}, {""range"": 0.8452892333728083, ""doppler"": 0.0, ""angle"": -16.265052887308094, ""elevation"": 0.0}, {""range"": 1.6706784543797, ""doppler"": 0.0, ""angle"": -13.707542248973999, ""elevation"": 0.0}, {""range"": 0.8883356759285796, ""doppler"": 0.0, ""angle"": -7.797370413070405, ""elevation"": 0.0}, {""range"": 0.9160584975597635, ""doppler"": 0.0, ""angle"": -5.544776932518202, ""elevation"": 0.0}, {""range"": 0.9342528573971131, ""doppler"": 0.0, ""angle"": -4.445805600584015, ""elevation"": 0.0}, {""range"": 2.8061422943952246, ""doppler"": 0.0, ""angle"": -3.4888804847806942, ""elevation"": 0.0}, {""range"": 0.7061629191893819, ""doppler"": 0.0, ""angle"": 4.676892038274934, ""elevation"": 0.0}, {""range"": 0.714630733051252, ""doppler"": 0.0, ""angle"": 12.940888582315209, ""elevation"": 0.0}]",1785097268675.1309
9,"[{""range"": 0.7949964759782873, ""doppler"": 0.0, ""angle"": -36.41110819156075, ""elevation"": 0.0}, {""range"": 0.8208648953728508, ""doppler"": 0.0, ""angle"": -36.755071595695334, ""elevation"": 0.0}, {""range"": 1.6956286907092653, ""doppler"": 0.0, ""angle"": -9.18716948752829, ""elevation"": 0.0}, {""range"": 2.8102738910117493, ""doppler"": 0.0, ""angle"": -4.441205901023038, ""elevation"": 0.0}, {""range"": 0.7059895921535732, ""doppler"": 0.0, ""angle"": 3.455938643025207, ""elevation"": 0.0}, {""range"": 0.8970391314040307, ""doppler"": 0.0, ""angle"": 0.8908912743939404, ""elevation"": 0.0}, {""range"": 0.9185226414130047, ""doppler"": 0.0, ""angle"": -2.711455707590191, ""elevation"": 0.0}, {""range"": 0.7256930613372523, ""doppler"": 0.0, ""angle"": 10.836470178248831, ""elevation"": 0.0}, {""range"": 1.866876778332042, ""doppler"": 0.0, ""angle"": 39.586341551673804, ""elevation"": 0.0}]",1785097268675.471
12,"[{""range"": 0.8293525983383568, ""doppler"": 0.0, ""angle"": -15.09693326084994, ""elevation"": 0.0}, {""range"": 0.8949798897878328, ""doppler"": 0.0, ""angle"": -5.135353635500032, ""elevation"": 0.0}, {""range"": 0.920404529840156, ""doppler"": 0.0, ""angle"": -4.5574994261536075, ""elevation"": 0.0}, {""range"": 1.6949302071648813, ""doppler"": 0.0, ""angle"": -10.12913455591206, ""elevation"": 0.0}, {""range"": 1.7232203385594436, ""doppler"": 0.0, ""angle"": -9.086989296380535, ""elevation"": 0.0}, {""range"": 2.8073235182883383, ""doppler"": 0.0, ""angle"": -4.2262850399961245, ""elevation"": 0.0}, {""range"": 0.9347807252795322, ""doppler"": 0.0, ""angle"": -3.300813568792388, ""elevation"": 0.0}, {""range"": 2.8213270037840226, ""doppler"": 0.0, ""angle"": -3.1608954931981095, ""elevation"": 0.0}, {""range"": 0.7141668480157415, ""doppler"": 0.0, ""angle"": 12.44945072455937, ""elevation"": 0.0}, {""range"": 0.7371096881993844, ""doppler"": 0.0, ""angle"": 19.780044545995796, ""elevation"": 0.0}, {""range"": 0.755210231149917, ""doppler"": 0.0, ""angle"": 20.108282197392924, ""elevation"": 0.0}, {""range"": 2.073096805165977, ""doppler"": 0.0, ""angle"": 47.8177309798354, ""elevation"": 0.0}]",1785097268675.817
11,"[{""range"": 0.8138232536693077, ""doppler"": 0.0, ""angle"": -21.621403753461234, ""elevation"": 0.0}, {""range"": 0.7706842607705602, ""doppler"": 0.0, ""angle"": -15.46149035031231, ""elevation"": 0.0}, {""range"": 0.8908546279514903, ""doppler"": 0.0, ""angle"": -7.357530435269934, ""elevation"": 0.0}, {""range"": 0.923454315230005, ""doppler"": 0.0, ""angle"": -6.314462861297503, ""elevation"": 0.0}, {""range"": 2.802583924359751, ""doppler"": 0.0, ""angle"": -3.947575638676058, ""elevation"": 0.0}, {""range"": 0.7106108496152941, ""doppler"": 0.0, ""angle"": -2.2352907916669236, ""elevation"": 0.0}, {""range"": 0.7279226900726831, ""doppler"": 0.0, ""angle"": -2.139849787838793, ""elevation"": 0.0}, {""range"": 1.531881515502059, ""doppler"": 0.0, ""angle"": -3.144957464698022, ""elevation"": 0.0}, {""range"": 2.7650596458712946, ""doppler"": 0.0, ""angle"": -3.0100610811774, ""elevation"": 0.0}, {""range"": 2.819841935216468, ""doppler"": 0.0, ""angle"": -2.0096175156264815, ""elevation"": 0.0}, {""range"": 1.8668960035458064, ""doppler"": 0.0, ""angle"": 41.80079720014602, ""elevation"": 0.0}]",1785097268676.1611
7,"[{""range"": 0.7868854429411145, ""doppler"": 0.0, ""angle"": -32.046786871487015, ""elevation"": 0.0}, {""range"": 0.807927383324963, ""doppler"": 0.0, ""angle"": -32.15996382173994, ""elevation"": 0.0}, {""range"": 0.738039648722527, ""doppler"": 0.0, ""angle"": -16.4240096112154, ""elevation"": 0.0}, {""range"": 0.8780280936119284, ""doppler"": 0.0, ""angle"": -13.580603752288466, ""elevation"": 0.0}, {""range"": 0.7083139774085325, ""doppler"": 0.0, ""angle"": -6.333802475848512, ""elevation"": 0.0}, {""range"": 0.9211345000848875, ""doppler"": 0.0, ""angle"": -5.458258710799718, ""elevation"": 0.0}, {""range"": 2.059913279047097, ""doppler"": 0.0, ""angle"": 48.015375322644076, ""elevation"": 0.0}]",1785097268676.6191
12,"[{""range"": 0.8300215782689564, ""doppler"": 0.0, ""angle"": -19.887140847421776, ""elevation"": 0.0}, {""range"": 0.884104356009576, ""doppler"": 0.0, ""angle"": -5.908923446331088, ""elevation"": 0.0}, {""range"": 0.9115146897208588, ""doppler"": 0.0, ""angle"": -4.3314649127963, ""elevation"": 0.0}, {""range"": 1.6205442907939422, ""doppler"": 0.0, ""angle"": -5.883589014544715, ""elevation"": 0.0}, {""range"": 1.6547895757224305, ""doppler"": 0.0, ""angle"": -6.595901522338783, ""elevation"": 0.0}, {""range"": 1.6681324604774115, ""doppler"": 0.0, ""angle"": -6.8644823640034485, ""elevation"": 0.0}, {""range"": 2.8074079313859186, ""doppler"": 0.0, ""angle"": -3.8895709771397065, ""elevation"": 0.0}, {""range"": 0.7139085584721278, ""doppler"": 0.0, ""angle"": -0.8754435277495732, ""elevation"": 0.0}, {""range"": 0.7156296512646457, ""doppler"": 0.0, ""angle"": -0.3865473703450435, ""elevation"": 0.0}, {""range"": 2.821894758380292, ""doppler"": 0.0, ""angle"": -2.5132086607308852, ""elevation"": 0.0}, {""range"": 0.7387634452590435, ""doppler"": 0.0, ""angle"": 6.3646954456939, ""elevation"": 0.0}, {""range"": 2.8606530095628426, ""doppler"": 0.0, ""angle"": 3.9462950794544147, ""elevation"": 0.0}]",1785097268676.975
11,"[{""range"": 0.7475955477382885, ""doppler"": 0.0, ""angle"": -3.7302078459599803, ""elevation"": 0.0}, {""range"": 0.8251824449969339, ""doppler"": 0.0, ""angle"": -10.046098826159897, ""elevation"": 0.0}, {""range"": 0.8927204859864, ""doppler"": 0.0, ""angle"": -3.882017781094088, ""elevation"": 0.0}, {""range"": 1.654157333928671, ""doppler"": 0.0, ""angle"": -5.377793617373662, ""elevation"": 0.0}, {""range"": 1.6712585972997096, ""doppler"": 0.0, ""angle"": -7.37669886613068, ""elevation"": 0.0}, {""range"": 0.7069890738540843, ""doppler"": 0.0, ""angle"": 1.1304049918333265, ""elevation"": 0.0}, {""range"": 0.7134121365968281, ""doppler"": 0.0, ""angle"": 3.0603396163248493, ""elevation"": 0.0}, {""range"": 2.7770791432301514, ""doppler"": 0.0, ""angle"": 1.38728603578415, ""elevation"": 0.0}, {""range"": 2.801281266208689, ""doppler"": 0.0, ""angle"": -0.8924310277465, ""elevation"": 0.0}, {""range"": 2.8201842810521534, ""doppler"": 0.0, ""angle"": -1.7803790510356774, ""elevation"": 0.0}, {""range"": 2.8532105974746536, ""doppler"": 0.0, ""angle"": 1.9573619593498865, ""elevation"": 0.0}]",1785097268677.289
16,"[{""range"": 0.8076466625381058, ""doppler"": 0.0, ""angle"": -41.26587881858717, ""elevation"": 0.0}, {""range"": 0.7227348661191628, ""doppler"": 0.0, ""angle"": -11.96604723067538, ""elevation"": 0.0}, {""range"": 1.6341843122630277, ""doppler"": 0.0, ""angle"": -11.391080948684932, ""elevation"": 0.0}, {""range"": 0.7356629098176667, ""doppler"": 0.0, ""angle"": -10.51785021162576, ""elevation"": 0.0}, {""range"": 0.7496895484164968, ""doppler"": 0.0, ""angle"": -6.574112369683225, ""elevation"": 0.0}, {""range"": 0.921273493812406, ""doppler"": 0.0, ""angle"": -3.594370457304205, ""elevation"": 0.0}, {""range"": 1.6564442101284997, ""doppler"": 0.0, ""angle"": -10.203608485014643, ""elevation"": 0.0}, {""range"": 1.6749727249758573, ""doppler"": 0.0, ""angle"": -9.48746163720719, ""elevation"": 0.0}, {""range"": 2.8057480418263205, ""doppler"": 0.0, ""angle"": -4.085876940984687, ""elevation"": 0.0}, {""range"": 0.8825376175431044, ""doppler"": 0.0, ""angle"": 1.416429075179557, ""elevation"": 0.0}, {""range"": 2.8248291935601935, ""doppler"": 0.0, ""angle"": -3.1315463233509675, ""elevation"": 0.0}, {""range"": 0.8081641705879399, ""doppler"": 0.0, ""angle"": 4.276195559707554, ""elevation"": 0.0}, {""range"": 2.86803979319215, ""doppler"": 0.0, ""angle"": 4.799537207993896, ""elevation"": 0.0}, {""range"": 2.0360871451381923, ""doppler"": 0.0, ""angle"": 31.25543659621854, ""elevation"": 0.0}, {""range"": 2.0617628600609437, ""doppler"": 0.0, ""angle"": 32.734927702639425, ""elevation"": 0.0}, {""range"": 2.0833759361155173, ""doppler"": 0.0, ""angle"": 32.0804458698399, ""elevation"": 0.0}]",1785097268677.611
15,"[{""range"": 0.6622787523417927, ""doppler"": 0.0, ""angle"": -5.2826645345108085, ""elevation"": 0.0}, {""range"": 0.6925214357416605, ""doppler"": 0.0, ""angle"": -7.119511373946304, ""elevation"": 0.0}, {""range"": 0.7239342364982507, ""doppler"": 0.0, ""angle"": -8.880659150520245, ""elevation"": 0.0}, {""range"": 0.7549715104644379, ""doppler"": 0.0, ""angle"": -9.598411141044108, ""elevation"": 0.0}, {""range"": 1.605503391629292, ""doppler"": 0.0, ""angle"": -0.6764391234342277, ""elevation"": 0.0}, {""range"": 1.6266654071541644, ""doppler"": 0.0, ""angle"": -0.8377084075871303, ""elevation"": 0.0}, {""range"": 2.685899847533135, ""doppler"": 0.0, ""angle"": -0.8468431198203211, ""elevation"": 0.0}, {""range"": 2.817396485929583, ""doppler"": 0.0, ""angle"": 0.0981838367983581, ""elevation"": 0.0}, {""range"": 2.825217722018693, ""doppler"": 0.0, ""angle"": 0.8558550607588432, ""elevation"": 0.0}, {""range"": 2.8595342544166487, ""doppler"": 0.0, ""angle"": 5.828597021441863, ""elevation"": 0.0}, {""range"": 1.8893250478075638, ""doppler"": 0.0, ""angle"": 38.42098547571404, ""elevation"": 0.0}, {""range"": 1.9264773301024043, ""doppler"": 0.0, ""angle"": 39.19137078941675, ""elevation"": 0.0}, {""range"": 1.957849257333251, ""doppler"": 0.0, ""angle"": 39.01694707578718, ""elevation"": 0.0}, {""range"": 1.9940633576502311, ""doppler"": 0.0, ""angle"": 34.56647366973565, ""elevation"": 0.0}, {""range"": 2.049594901547297, ""doppler"": 0.0, ""angle"": 39.48812137831649, ""elevation"": 0.0}]",1785097268677.9211
14,"[{""range"": 0.8193566081936948, ""doppler"": 0.0, ""angle"": -26.380515340055805, ""elevation"": 0.0}, {""range"": 0.5894883879495605, ""doppler"": 0.0, ""angle"": -4.81993145272562, ""elevation"": 0.0}, {""range"": 2.8000717604635925, ""doppler"": 0.0, ""angle"": -5.835107827188539, ""elevation"": 0.0}, {""range"": 0.6662474976869401, ""doppler"": 0.0, ""angle"": -2.6304926272025515, ""elevation"": 0.0}, {""range"": 0.7136840689106966, ""doppler"": 0.0, ""angle"": 0.5885853985026882, ""elevation"": 0.0}, {""range"": 0.725765118761589, ""doppler"": 0.0, ""angle"": 2.11796153976722, ""elevation"": 0.0}, {""range"": 0.7421844618372613, ""doppler"": 0.0, ""angle"": 3.466976627479453, ""elevation"": 0.0}, {""range"": 1.6245225070253453, ""doppler"": 0.0, ""angle"": -1.4696089927179863, ""elevation"": 0.0}, {""range"": 1.6414428249167223, ""doppler"": 0.0, ""angle"": -1.8166195623301131, ""elevation"": 0.0}, {""range"": 1.6613693382556092, ""doppler"": 0.0, ""angle"": -2.5291973006442765, ""elevation"": 0.0}, {""range"": 1.8832602152800564, ""doppler"": 0.0, ""angle"": 38.860317600076144, ""elevation"": 0.0}, {""range"": 1.9095540381580802, ""doppler"": 0.0, ""angle"": 36.880628197177145, ""elevation"": 0.0}, {""range"": 1.9452448964519675, ""doppler"": 0.0, ""angle"": 35.66686415448983, ""elevation"": 0.0}, {""range"": 2.064664838726653, ""doppler"": 0.0, ""angle"": 43.877110007369986, ""elevation"": 0.0}]",1785097268678.2332
10,"[{""range"": 1.6386533917824715, ""doppler"": 0.0, ""angle"": -4.481183906676753, ""elevation"": 0.0}, {""range"": 1.6522696263403793, ""doppler"": 0.0, ""angle"": -6.649703176591122, ""elevation"": 0.0}, {""range"": 1.6178561153621498, ""doppler"": 0.0, ""angle"": -2.6543211922713037, ""elevation"": 0.0}, {""range"": 2.654842702650323, ""doppler"": 0.0, ""angle"": -1.8758540925203626, ""elevation"": 0.0}, {""range"": 2.69251717196778, ""doppler"": 0.0, ""angle"": -2.527402678383446, ""elevation"": 0.0}, {""range"": 2.8003577097805037, ""doppler"": 0.0, ""angle"": -1.9137840397908246, ""elevation"": 0.0}, {""range"": 2.814840501780351, ""doppler"": 0.0, ""angle"": -3.521844608682516, ""elevation"": 0.0}, {""range"": 0.7658017959299804, ""doppler"": 0.0, ""angle"": 4.2314533351936054, ""elevation"": 0.0}, {""range"": 0.7527307380911425, ""doppler"": 0.0, ""angle"": 14.795520786843094, ""elevation"": 0.0}, {""range"": 1.8769708926735058, ""doppler"": 0.0, ""angle"": 39.60778814970393, ""elevation"": 0.0}]",1785097268678.588
17,"[{""range"": 0.7242301208996983, ""doppler"": 0.0, ""angle"": -6.393307024167999, ""elevation"": 0.0}, {""range"": 0.7485407589325952, ""doppler"": 0.0, ""angle"": -5.895812982282086, ""elevation"": 0.0}, {""range"": 0.7700685973269421, ""doppler"": 0.0, ""angle"": -4.194625079981386, ""elevation"": 0.0}, {""range"": 0.7961636761431474, ""doppler"": 0.0, ""angle"": -4.289153328819018, ""elevation"": 0.0}, {""range"": 0.8454849633998053, ""doppler"": 0.0, ""angle"": -8.77103701854337, ""elevation"": 0.0}, {""range"": 1.6847320906476146, ""doppler"": 0.0, ""angle"": -4.394974067871565, ""elevation"": 0.0}, {""range"": 1.7361473726146093, ""doppler"": 0.0, ""angle"": -9.467172931825225, ""elevation"": 0.0}, {""range"": 1.7835925648741755, ""doppler"": 0.0, ""angle"": -5.828907728057776, ""elevation"": 0.0}, {""range"": 1.8141280219811597, ""doppler"": 0.0, ""angle"": -7.943211656668234, ""elevation"": 0.0}, {""range"": 1.6539572494043566, ""doppler"": 0.0, ""angle"": -1.0654993530574346, ""elevation"": 0.0}, {""range"": 2.813428291683174, ""doppler"": 0.0, ""angle"": -2.487971126971313, ""elevation"": 0.0}, {""range"": 2.8236704213677917, ""doppler"": 0.0, ""angle"": -3.100129145244994, ""elevation"": 0.0}, {""range"": 1.847339087776411, ""doppler"": 0.0, ""angle"": 38.76807515730933, ""elevation"": 0.0}, {""range"": 1.8728736652118902, ""doppler"": 0.0, ""angle"": 41.396400191406705, ""elevation"": 0.0}, {""range"": 1.9113216762399692, ""doppler"": 0.0, ""angle"": 37.825149800033905, ""elevation"": 0.0}, {""range"": 2.0016048266958686, ""doppler"": 0.0, ""angle"": 48.991752766809746, ""elevation"": 0.0}, {""range"": 0.9075621746880278, ""doppler"": 0.0, ""angle"": 60.904826702038534, ""elevation"": 0.0}]",1785097268678.925
16,"[{""range"": 0.7272775767615589, ""doppler"": 0.0, ""angle"": -9.453058541248929, ""elevation"": 0.0}, {""range"": 0.7497671677961422, ""doppler"": 0.0, ""angle"": -8.116575069959563, ""elevation"": 0.0}, {""range"": 0.7700498708911259, ""doppler"": 0.0, ""angle"": -5.302838570151242, ""elevation"": 0.0}, {""range"": 1.6555889221746118, ""doppler"": 0.0, ""angle"": -6.985319496987128, ""elevation"": 0.0}, {""range"": 1.6828108297325057, ""doppler"": 0.0, ""angle"": -6.08134424666017, ""elevation"": 0.0}, {""range"": 1.7265193840466204, ""doppler"": 0.0, ""angle"": -4.907538723754869, ""elevation"": 0.0}, {""range"": 0.7969098520771979, ""doppler"": 0.0, ""angle"": -1.555799173927737, ""elevation"": 0.0}, {""range"": 1.776286268298301, ""doppler"": 0.0, ""angle"": 0.686385945038959, ""elevation"": 0.0}, {""range"": 2.7698824040898367, ""doppler"": 0.0, ""angle"": -2.7085415880895907, ""elevation"": 0.0}, {""range"": 2.8009048572216266, ""doppler"": 0.0, ""angle"": -3.224265419431414, ""elevation"": 0.0}, {""range"": 0.8559384488174884, ""doppler"": 0.0, ""angle"": 35.72552300947016, ""elevation"": 0.0}, {""range"": 1.8793200306062485, ""doppler"": 0.0, ""angle"": 35.30509657125553, ""elevation"": 0.0}, {""range"": 1.9182916520761841, ""doppler"": 0.0, ""angle"": 40.56190257179343, ""elevation"": 0.0}, {""range"": 1.9634925568556925, ""doppler"": 0.0, ""angle"": 43.051513636057905, ""elevation"": 0.0}, {""range"": 2.0053922066998564, ""doppler"": 0.0, ""angle"": 48.42670678469491, ""elevation"": 0.0}, {""range"": 2.034802148374009, ""doppler"": 0.0, ""angle"": 48.88370220950122, ""elevation"": 0.0}]",1785097268679.2432
14,"[{""range"": 3.4328786199560377, ""doppler"": 0.0, ""angle"": -16.31476061781982, ""elevation"": 0.0}, {""range"": 0.7238955225794637, ""doppler"": 0.0, ""angle"": -7.465577974072807, ""elevation"": 0.0}, {""range"": 0.741363369607289, ""doppler"": 0.0, ""angle"": -9.257849458711112, ""elevation"": 0.0}, {""range"": 0.7598733853502969, ""doppler"": 0.0, ""angle"": -9.918940928973518, ""elevation"": 0.0}, {""range"": 1.6608848117009414, ""doppler"": 0.0, ""angle"": -4.148903697734347, ""elevation"": 0.0}, {""range"": 1.6983798501991758, ""doppler"": 0.0, ""angle"": 3.9906332026802462, ""elevation"": 0.0}, {""range"": 1.7298373224252885, ""doppler"": 0.0, ""angle"": 10.367885680020317, ""elevation"": 0.0}, {""range"": 1.7632090688461903, ""doppler"": 0.0, ""angle"": 11.72017409342846, ""elevation"": 0.0}, {""range"": 0.828437836793661, ""doppler"": 0.0, ""angle"": 33.305906178780056, ""elevation"": 0.0}, {""range"": 0.8429418782041014, ""doppler"": 0.0, ""angle"": 31.741272045830936, ""elevation"": 0.0}, {""range"": 1.8317181433688003, ""doppler"": 0.0, ""angle"": 29.222473489020693, ""elevation"": 0.0}, {""range"": 1.876292934319725, ""doppler"": 0.0, ""angle"": 38.04068588986481, ""elevation"": 0.0}, {""range"": 1.914301416057446, ""doppler"": 0.0, ""angle"": 41.845990229748814, ""elevation"": 0.0}, {""range"": 2.003618113311649, ""doppler"": 0.0, ""angle"": 45.7412420011481, ""elevation"": 0.0}]",1785097268679.55
10,"[{""range"": 0.705705837198798, ""doppler"": 0.0, ""angle"": -21.93081205260286, ""elevation"": 0.0}, {""range"": 0.9001882225582284, ""doppler"": 0.0, ""angle"": -4.74001261770373, ""elevation"": 0.0}, {""range"": 0.9280943615877514, ""doppler"": 0.0, ""angle"": -3.7780937914836503, ""elevation"": 0.0}, {""range"": 2.8059439557440236, ""doppler"": 0.0, ""angle"": -4.1917551214794795, ""elevation"": 0.0}, {""range"": 2.8134967247929765, ""doppler"": 0.0, ""angle"": -4.439760773968687, ""elevation"": 0.0}, {""range"": 0.7727404190553899, ""doppler"": 0.0, ""angle"": -1.4983673771486445, ""elevation"": 0.0}, {""range"": 0.7980824871010981, ""doppler"": 0.0, ""angle"": -2.170035054869888, ""elevation"": 0.0}, {""range"": 0.8212329103562797, ""doppler"": 0.0, ""angle"": -2.5833017847737483, ""elevation"": 0.0}, {""range"": 0.8600207443440664, ""doppler"": 0.0, ""angle"": -3.2181568183175746, ""elevation"": 0.0}, {""range"": 1.9647013794541983, ""doppler"": 0.0, ""angle"": 47.87363756233061, ""elevation"": 0.0}]",1785097268679.887
12,"[{""range"": 0.7069397529721007, ""doppler"": 0.0, ""angle"": -13.516026145856452, ""elevation"": 0.0}, {""range"": 0.7230553202177109, ""doppler"": 0.0, ""angle"": -15.476327233334986, ""elevation"": 0.0}, {""range"": 2.7991988592147594, ""doppler"": 0.0, ""angle"": -4.682790202496012, ""elevation"": 0.0}, {""range"": 2.7642639346953133, ""doppler"": 0.0, ""angle"": -3.185381060310442, ""elevation"": 0.0}, {""range"": 0.856270553799827, ""doppler"": 0.0, ""angle"": 14.599229006889148, ""elevation"": 0.0}, {""range"": 0.815105956817772, ""doppler"": 0.0, ""angle"": 22.24955245021583, ""elevation"": 0.0}, {""range"": 3.351969172370681, ""doppler"": 0.0, ""angle"": 23.414109377253617, ""elevation"": 0.0}, {""range"": 0.7889890041239362, ""doppler"": 0.0, ""angle"": 30.749967302196406, ""elevation"": 0.0}, {""range"": 1.8908897516327074, ""doppler"": 0.0, ""angle"": 40.716481967737025, ""elevation"": 0.0}, {""range"": 1.9240942771941658, ""doppler"": 0.0, ""angle"": 41.49999638267064, ""elevation"": 0.0}, {""range"": 2.0020998997840143, ""doppler"": 0.0, ""angle"": 41.17244618471662, ""elevation"": 0.0}, {""range"": 1.9623336078039733, ""doppler"": 0.0, ""angle"": 43.7299226772776, ""elevation"": 0.0}]",1785097268680.192
11,"[{""range"": 0.6932140241265584, ""doppler"": 0.0, ""angle"": -18.841560221477554, ""elevation"": 0.0}, {""range"": 0.683433547279153, ""doppler"": 0.0, ""angle"": -16.898830258585573, ""elevation"": 0.0}, {""range"": 0.8192762932400512, ""doppler"": 0.0, ""angle"": -1.9762268926525057, ""elevation"": 0.0}, {""range"": 0.8540589669485746, ""doppler"": 0.0, ""angle"": -1.307676553886393, ""elevation"": 0.0}, {""range"": 2.7011914053221235, ""doppler"": 0.0, ""angle"": 5.717763837397972, ""elevation"": 0.0}, {""range"": 0.7429357676552422, ""doppler"": 0.0, ""angle"": 28.853689294039487, ""elevation"": 0.0}, {""range"": 0.7632814745265997, ""doppler"": 0.0, ""angle"": 30.259335720693443, ""elevation"": 0.0}, {""range"": 1.8803835616490037, ""doppler"": 0.0, ""angle"": 34.82954526173656, ""elevation"": 0.0}, {""range"": 1.9157762168651158, ""doppler"": 0.0, ""angle"": 41.73479755585836, ""elevation"": 0.0}, {""range"": 1.960398432112439, ""doppler"": 0.0, ""angle"": 49.43895189650704, ""elevation"": 0.0}, {""range"": 1.9956802534618894, ""doppler"": 0.0, ""angle"": 51.405935583393834, ""elevation"": 0.0}]",1785097268680.5151
11,"[{""range"": 0.6818767115993445, ""doppler"": 0.0, ""angle"": -17.441864412135004, ""elevation"": 0.0}, {""range"": 0.6958085602008631, ""doppler"": 0.0, ""angle"": -13.979104838637912, ""elevation"": 0.0}, {""range"": 0.9174442688847106, ""doppler"": 0.0, ""angle"": -6.951875997425678, ""elevation"": 0.0}, {""range"": 0.948568939024607, ""doppler"": 0.0, ""angle"": -4.8228407906075, ""elevation"": 0.0}, {""range"": 2.8090733964672965, ""doppler"": 0.0, ""angle"": -4.062749712406091, ""elevation"": 0.0}, {""range"": 2.82222182663198, ""doppler"": 0.0, ""angle"": -4.997887091396448, ""elevation"": 0.0}, {""range"": 2.853545937029782, ""doppler"": 0.0, ""angle"": -4.766325166206453, ""elevation"": 0.0}, {""range"": 0.7473872517587192, ""doppler"": 0.0, ""angle"": 2.056661566542143, ""elevation"": 0.0}, {""range"": 0.8508785486236381, ""doppler"": 0.0, ""angle"": 0.7947202470235608, ""elevation"": 0.0}, {""range"": 0.7796445022532269, ""doppler"": 0.0, ""angle"": 6.955502702924722, ""elevation"": 0.0}, {""range"": 0.8003550702360097, ""doppler"": 0.0, ""angle"": 5.268601160666092, ""elevation"": 0.0}]",1785097268680.84
13,"[{""range"": 0.6786065138888872, ""doppler"": 0.0, ""angle"": -16.959539768197207, ""elevation"": 0.0}, {""range"": 0.6888442162121056, ""doppler"": 0.0, ""angle"": -13.617796558874494, ""elevation"": 0.0}, {""range"": 1.1093889862331632, ""doppler"": 0.0, ""angle"": -13.724905118958965, ""elevation"": 0.0}, {""range"": 1.130109723596047, ""doppler"": 0.0, ""angle"": -10.207542662770615, ""elevation"": 0.0}, {""range"": 2.805021130882638, ""doppler"": 0.0, ""angle"": -5.5604941663233625, ""elevation"": 0.0}, {""range"": 0.7771221493050412, ""doppler"": 0.0, ""angle"": 2.4529026862347583, ""elevation"": 0.0}, {""range"": 0.7956489719669223, ""doppler"": 0.0, ""angle"": -2.872693683990339, ""elevation"": 0.0}, {""range"": 0.9218801938976211, ""doppler"": 0.0, ""angle"": 9.884372837239274, ""elevation"": 0.0}, {""range"": 0.8755793876465459, ""doppler"": 0.0, ""angle"": 28.48065395278233, ""elevation"": 0.0}, {""range"": 0.7392570516830357, ""doppler"": 0.0, ""angle"": 36.67032919526125, ""elevation"": 0.0}, {""range"": 1.8750948654781776, ""doppler"": 0.0, ""angle"": 41.818669704498305, ""elevation"": 0.0}, {""range"": 1.9187655531271652, ""doppler"": 0.0, ""angle"": 40.29028845454445, ""elevation"": 0.0}, {""range"": 1.9641670493381087, ""doppler"": 0.0, ""angle"": 39.74412863682581, ""elevation"": 0.0}]",1785097268700.1018
13,"[{""range"": 0.6736224935109378, ""doppler"": 0.0, ""angle"": -17.184357983564254, ""elevation"": 0.0}, {""range"": 0.6858882043399288, ""doppler"": 0.0, ""angle"": -15.51451612461535, ""elevation"": 0.0}, {""range"": 2.712130838685227, ""doppler"": 0.0, ""angle"": -5.89966262222042, ""elevation"": 0.0}, {""range"": 2.747796079512738, ""doppler"": 0.0, ""angle"": -7.451983847115622, ""elevation"": 0.0}, {""range"": 2.7999451021614425, ""doppler"": 0.0, ""angle"": -3.9623054909048054, ""elevation"": 0.0}, {""range"": 0.8349180290491285, ""doppler"": 0.0, ""angle"": 2.4303878669218455, ""elevation"": 0.0}, {""range"": 2.819660753519912, ""doppler"": 0.0, ""angle"": -3.333815444379138, ""elevation"": 0.0}, {""range"": 0.8576486156876212, ""doppler"": 0.0, ""angle"": 9.020446057965792, ""elevation"": 0.0}, {""range"": 0.7467379942581875, ""doppler"": 0.0, ""angle"": 33.73192536369773, ""elevation"": 0.0}, {""range"": 0.7624379992984354, ""doppler"": 0.0, ""angle"": 35.08779379117643, ""elevation"": 0.0}, {""range"": 1.9243094670790006, ""doppler"": 0.0, ""angle"": 44.807998303620685, ""elevation"": 0.0}, {""range"": 1.9659116625879753, ""doppler"": 0.0, ""angle"": 48.5066843674108, ""elevation"": 0.0}, {""range"": 1.996061279975184, ""doppler"": 0.0, ""angle"": 48.8464256864539, ""elevation"": 0.0}]",1785097268807.289
12,"[{""range"": 0.6738464975927709, ""doppler"": 0.0, ""angle"": -12.3655441216775, ""elevation"": 0.0}, {""range"": 0.6941234717120764, ""doppler"": 0.0, ""angle"": -10.403859814061752, ""elevation"": 0.0}, {""range"": 0.80887174470285, ""doppler"": 0.0, ""angle"": -5.721936090995628, ""elevation"": 0.0}, {""range"": 0.9137683355666992, ""doppler"": 0.0, ""angle"": -5.457340211884403, ""elevation"": 0.0}, {""range"": 0.7472901098208862, ""doppler"": 0.0, ""angle"": 1.3436948195717897, ""elevation"": 0.0}, {""range"": 0.7798778230137492, ""doppler"": 0.0, ""angle"": -2.2601564686679363, ""elevation"": 0.0}, {""range"": 0.8653223837055956, ""doppler"": 0.0, ""angle"": -2.6649261014123975, ""elevation"": 0.0}, {""range"": 2.8074037458134833, ""doppler"": 0.0, ""angle"": -2.829419539487823, ""elevation"": 0.0}, {""range"": 0.7492008095277767, ""doppler"": 0.0, ""angle"": 19.27391219895955, ""elevation"": 0.0}, {""range"": 2.9194460401981495, ""doppler"": 0.0, ""angle"": 18.72015469005753, ""elevation"": 0.0}, {""range"": 2.0086721293248404, ""doppler"": 0.0, ""angle"": 42.48538125311022, ""elevation"": 0.0}, {""range"": 1.9702265877792182, ""doppler"": 0.0, ""angle"": 44.68377698583268, ""elevation"": 0.0}]",1785097268904.554
12,"[{""range"": 0.6628013879236553, ""doppler"": 0.0, ""angle"": -15.491014053600713, ""elevation"": 0.0}, {""range"": 0.6865087760448433, ""doppler"": 0.0, ""angle"": -12.51585804737335, ""elevation"": 0.0}, {""range"": 0.9187481001012752, ""doppler"": 0.0, ""angle"": 2.2643138787689985, ""elevation"": 0.0}, {""range"": 0.7463965433281861, ""doppler"": 0.0, ""angle"": 8.528050717001443, ""elevation"": 0.0}, {""range"": 0.9397765315167946, ""doppler"": 0.0, ""angle"": 5.075988188561108, ""elevation"": 0.0}, {""range"": 2.824903598449078, ""doppler"": 0.0, ""angle"": 3.7600349733863916, ""elevation"": 0.0}, {""range"": 0.8560059110662488, ""doppler"": 0.0, ""angle"": 15.545893783590913, ""elevation"": 0.0}, {""range"": 0.7786755561279652, ""doppler"": 0.0, ""angle"": 23.680607983626548, ""elevation"": 0.0}, {""range"": 0.8022620829482938, ""doppler"": 0.0, ""angle"": 30.94404543558354, ""elevation"": 0.0}, {""range"": 1.9252713209335413, ""doppler"": 0.0, ""angle"": 43.577496089479254, ""elevation"": 0.0}, {""range"": 1.9647341640486473, ""doppler"": 0.0, ""angle"": 47.5007644628672, ""elevation"": 0.0}, {""range"": 1.9934691714687987, ""doppler"": 0.0, ""angle"": 47.81757981505314, ""elevation"": 0.0}]",1785097269003.5269
9,"[{""range"": 0.7325208140650132, ""doppler"": 0.0, ""angle"": -8.167683727947875, ""elevation"": 0.0}, {""range"": 0.7519978073540863, ""doppler"": 0.0, ""angle"": -5.225265581854291, ""elevation"": 0.0}, {""range"": 0.9025207457407085, ""doppler"": 0.0, ""angle"": -8.936037015500967, ""elevation"": 0.0}, {""range"": 0.6907649170124371, ""doppler"": 0.0, ""angle"": 0.252141331606361, ""elevation"": 0.0}, {""range"": 2.798630139200873, ""doppler"": 0.0, ""angle"": -1.5963244344913377, ""elevation"": 0.0}, {""range"": 2.8164878806212306, ""doppler"": 0.0, ""angle"": -2.135771500300503, ""elevation"": 0.0}, {""range"": 0.6526940077112822, ""doppler"": 0.0, ""angle"": 4.05318436608484, ""elevation"": 0.0}, {""range"": 1.9140036132382723, ""doppler"": 0.0, ""angle"": 39.01258869979191, ""elevation"": 0.0}, {""range"": 1.95715792502113, ""doppler"": 0.0, ""angle"": 40.3531691148417, ""elevation"": 0.0}]",1785097269104.7292
7,"[{""range"": 0.7670556936569364, ""doppler"": 0.0, ""angle"": -20.424729919803635, ""elevation"": 0.0}, {""range"": 0.8214674192576751, ""doppler"": 0.0, ""angle"": -19.850978347503496, ""elevation"": 0.0}, {""range"": 2.7587924969816564, ""doppler"": 0.0, ""angle"": -5.4711399964958005, ""elevation"": 0.0}, {""range"": 0.6663159544864883, ""doppler"": 0.0, ""angle"": -2.414749065199456, ""elevation"": 0.0}, {""range"": 0.6780792261411687, ""doppler"": 0.0, ""angle"": -1.904118804531379, ""elevation"": 0.0}, {""range"": 0.6935412491398781, ""doppler"": 0.0, ""angle"": -2.0833705159721263, ""elevation"": 0.0}, {""range"": 1.8706125565404066, ""doppler"": 0.0, ""angle"": 41.32606779500943, ""elevation"": 0.0}]",1785097269203.9238
11,"[{""range"": 0.8369904942951004, ""doppler"": 0.0, ""angle"": -6.575396993721688, ""elevation"": 0.0}, {""range"": 0.9181364224403938, ""doppler"": 0.0, ""angle"": -6.654425046006596, ""elevation"": 0.0}, {""range"": 2.8027420701851926, ""doppler"": 0.0, ""angle"": -4.0462903315492635, ""elevation"": 0.0}, {""range"": 0.6660027664970054, ""doppler"": 0.0, ""angle"": -2.123373834434047, ""elevation"": 0.0}, {""range"": 0.6803348542565919, ""doppler"": 0.0, ""angle"": -1.717003285109407, ""elevation"": 0.0}, {""range"": 0.704893555939007, ""doppler"": 0.0, ""angle"": 1.3227580787904138, ""elevation"": 0.0}, {""range"": 1.5671380622018016, ""doppler"": 0.0, ""angle"": 1.5168947647620314, ""elevation"": 0.0}, {""range"": 1.5925047418833638, ""doppler"": 0.0, ""angle"": -2.0913323580333305, ""elevation"": 0.0}, {""range"": 0.7537530180080814, ""doppler"": 0.0, ""angle"": 28.3707206922352, ""elevation"": 0.0}, {""range"": 0.9869060005335384, ""doppler"": 0.0, ""angle"": 31.07769988720226, ""elevation"": 0.0}, {""range"": 2.057684386532755, ""doppler"": 0.0, ""angle"": 43.10199029280732, ""elevation"": 0.0}]",1785097269307.716
14,"[{""range"": 0.7511074575492629, ""doppler"": 0.0, ""angle"": -21.17069757002694, ""elevation"": 0.0}, {""range"": 0.6491440614252766, ""doppler"": 0.0, ""angle"": -3.869717076334327, ""elevation"": 0.0}, {""range"": 0.6637514713122821, ""doppler"": 0.0, ""angle"": -4.7905603734691695, ""elevation"": 0.0}, {""range"": 0.6713909149800779, ""doppler"": 0.0, ""angle"": -6.1615643061628695, ""elevation"": 0.0}, {""range"": 0.6919865918476346, ""doppler"": 0.0, ""angle"": -9.834731011126777, ""elevation"": 0.0}, {""range"": 1.2989769862296683, ""doppler"": 0.0, ""angle"": -5.894237858395858, ""elevation"": 0.0}, {""range"": 1.3036118355045891, ""doppler"": 0.0, ""angle"": -7.907811405414695, ""elevation"": 0.0}, {""range"": 2.7974557714090396, ""doppler"": 0.0, ""angle"": -2.8614907790257735, ""elevation"": 0.0}, {""range"": 2.6727167309205404, ""doppler"": 0.0, ""angle"": 14.57362260778852, ""elevation"": 0.0}, {""range"": 2.738475343548132, ""doppler"": 0.0, ""angle"": 12.631473663105655, ""elevation"": 0.0}, {""range"": 2.702968163976664, ""doppler"": 0.0, ""angle"": 20.33511656410032, ""elevation"": 0.0}, {""range"": 1.8753100173262576, ""doppler"": 0.0, ""angle"": 39.17601091544837, ""elevation"": 0.0}, {""range"": 1.896736785523728, ""doppler"": 0.0, ""angle"": 42.19157270562861, ""elevation"": 0.0}, {""range"": 2.060566404769425, ""doppler"": 0.0, ""angle"": 51.560720315398044, ""elevation"": 0.0}]",1785097269404.776
10,"[{""range"": 0.8301955079420681, ""doppler"": 0.0, ""angle"": -46.70187276903612, ""elevation"": 0.0}, {""range"": 1.5176024462833575, ""doppler"": 0.0, ""angle"": -12.051378339166508, ""elevation"": 0.0}, {""range"": 1.5407325812941275, ""doppler"": 0.0, ""angle"": -6.075832904316943, ""elevation"": 0.0}, {""range"": 0.6725687225170603, ""doppler"": 0.0, ""angle"": 1.4930094273192012, ""elevation"": 0.0}, {""range"": 0.677617356475215, ""doppler"": 0.0, ""angle"": 1.6180091454941565, ""elevation"": 0.0}, {""range"": 0.6889577440501851, ""doppler"": 0.0, ""angle"": 2.5883820848218644, ""elevation"": 0.0}, {""range"": 2.8139824082798, ""doppler"": 0.0, ""angle"": -2.4109531650220886, ""elevation"": 0.0}, {""range"": 2.8214854589468925, ""doppler"": 0.0, ""angle"": -1.0966792754976091, ""elevation"": 0.0}, {""range"": 0.7292339393667769, ""doppler"": 0.0, ""angle"": 8.048640157077891, ""elevation"": 0.0}, {""range"": 1.868769542106276, ""doppler"": 0.0, ""angle"": 37.14072767106888, ""elevation"": 0.0}]",1785097269508.3032
4,"[{""range"": 0.7397980024659138, ""doppler"": 0.0, ""angle"": -16.54272052320962, ""elevation"": 0.0}, {""range"": 0.7082260135475388, ""doppler"": 0.0, ""angle"": -7.2524118656749526, ""elevation"": 0.0}, {""range"": 0.6664098102117368, ""doppler"": 0.0, ""angle"": 2.599071749899002, ""elevation"": 0.0}, {""range"": 0.6844594268676435, ""doppler"": 0.0, ""angle"": -1.1526469398037118, ""elevation"": 0.0}]",1785097269594.192
14,"[{""range"": 1.5649409479785668, ""doppler"": 0.0, ""angle"": -11.033887717003983, ""elevation"": 0.0}, {""range"": 1.5280582291878564, ""doppler"": 0.0, ""angle"": -7.260571310518655, ""elevation"": 0.0}, {""range"": 1.5393427037046905, ""doppler"": 0.0, ""angle"": -8.275054568973506, ""elevation"": 0.0}, {""range"": 0.6056164770853052, ""doppler"": 0.0, ""angle"": 1.285808685755677, ""elevation"": 0.0}, {""range"": 0.6458480585775825, ""doppler"": 0.0, ""angle"": -2.9677646366500574, ""elevation"": 0.0}, {""range"": 0.6926808920971684, ""doppler"": 0.0, ""angle"": -2.159963997641945, ""elevation"": 0.0}, {""range"": 0.7148583470527075, ""doppler"": 0.0, ""angle"": 2.1359489323552667, ""elevation"": 0.0}, {""range"": 2.8066975589405776, ""doppler"": 0.0, ""angle"": -1.8510232860196845, ""elevation"": 0.0}, {""range"": 0.7392201134631172, ""doppler"": 0.0, ""angle"": 4.370004850042679, ""elevation"": 0.0}, {""range"": 2.830523847494309, ""doppler"": 0.0, ""angle"": 5.521148192426254, ""elevation"": 0.0}, {""range"": 2.8569607264034875, ""doppler"": 0.0, ""angle"": 14.084079814107348, ""elevation"": 0.0}, {""range"": 1.877148901229351, ""doppler"": 0.0, ""angle"": 33.06184950549516, ""elevation"": 0.0}, {""range"": 1.912601372921359, ""doppler"": 0.0, ""angle"": 40.27127423288869, ""elevation"": 0.0}, {""range"": 1.9507459791609767, ""doppler"": 0.0, ""angle"": 44.73261173343786, ""elevation"": 0.0}]",1785097269707.9602
7,"[{""range"": 0.6900287006648986, ""doppler"": 0.0, ""angle"": -3.431851846534436, ""elevation"": 0.0}, {""range"": 0.7068039840509744, ""doppler"": 0.0, ""angle"": -2.131289752273158, ""elevation"": 0.0}, {""range"": 0.7183130235810291, ""doppler"": 0.0, ""angle"": -0.39936665301712054, ""elevation"": 0.0}, {""range"": 0.7433701301764027, ""doppler"": 0.0, ""angle"": 1.3921402542007864, ""elevation"": 0.0}, {""range"": 2.799333803800189, ""doppler"": 0.0, ""angle"": -1.449475282648075, ""elevation"": 0.0}, {""range"": 1.8811430965101696, ""doppler"": 0.0, ""angle"": 40.17655229715158, ""elevation"": 0.0}, {""range"": 1.9069231804928795, ""doppler"": 0.0, ""angle"": 41.5978452060709, ""elevation"": 0.0}]",1785097269797.818
6,"[{""range"": 1.556927083446869, ""doppler"": 0.0, ""angle"": -4.162506199648246, ""elevation"": 0.0}, {""range"": 1.5756990143068048, ""doppler"": 0.0, ""angle"": -5.97973730247696, ""elevation"": 0.0}, {""range"": 0.6972767917553767, ""doppler"": 0.0, ""angle"": -3.543338872710571, ""elevation"": 0.0}, {""range"": 1.7390308208508634, ""doppler"": 0.0, ""angle"": 1.9032643276420829, ""elevation"": 0.0}, {""range"": 2.802941131629073, ""doppler"": 0.0, ""angle"": -2.1643874949688953, ""elevation"": 0.0}, {""range"": 1.9183726660355178, ""doppler"": 0.0, ""angle"": 38.927543592792304, ""elevation"": 0.0}]",1785097269904.1392
13,"[{""range"": 1.5361666566521897, ""doppler"": 0.0, ""angle"": -6.114082545882019, ""elevation"": 0.0}, {""range"": 1.5476385786742572, ""doppler"": 0.0, ""angle"": -7.0814978729958895, ""elevation"": 0.0}, {""range"": 1.565509571599282, ""doppler"": 0.0, ""angle"": -8.446629948380396, ""elevation"": 0.0}, {""range"": 2.804806599283934, ""doppler"": 0.0, ""angle"": -3.6955015134838125, ""elevation"": 0.0}, {""range"": 0.701706069267695, ""doppler"": 0.0, ""angle"": 0.6132341618244077, ""elevation"": 0.0}, {""range"": 2.772177545124484, ""doppler"": 0.0, ""angle"": -2.4473326717826818, ""elevation"": 0.0}, {""range"": 2.8259746487065387, ""doppler"": 0.0, ""angle"": -2.037903520001576, ""elevation"": 0.0}, {""range"": 2.855537764847705, ""doppler"": 0.0, ""angle"": 2.961306797100951, ""elevation"": 0.0}, {""range"": 0.7176765809961961, ""doppler"": 0.0, ""angle"": 4.530092350792158, ""elevation"": 0.0}, {""range"": 0.7406637423304104, ""doppler"": 0.0, ""angle"": 8.077284381243208, ""elevation"": 0.0}, {""range"": 2.098075547663848, ""doppler"": 0.0, ""angle"": 31.42771373479963, ""elevation"": 0.0}, {""range"": 2.0674606122587207, ""doppler"": 0.0, ""angle"": 39.285920190755895, ""elevation"": 0.0}, {""range"": 1.9068316274911967, ""doppler"": 0.0, ""angle"": 46.29565101649998, ""elevation"": 0.0}]",1785097270007.658
12,"[{""range"": 0.8148659091066629, ""doppler"": 0.0, ""angle"": -22.174970807643245, ""elevation"": 0.0}, {""range"": 0.8912592346551725, ""doppler"": 0.0, ""angle"": -8.770633444238864, ""elevation"": 0.0}, {""range"": 1.6452298803060932, ""doppler"": 0.0, ""angle"": -5.125646492381724, ""elevation"": 0.0}, {""range"": 1.6660012022294288, ""doppler"": 0.0, ""angle"": -6.55750828207647, ""elevation"": 0.0}, {""range"": 1.701405113492532, ""doppler"": 0.0, ""angle"": -7.706857590459234, ""elevation"": 0.0}, {""range"": 0.6868243450238284, ""doppler"": 0.0, ""angle"": 0.01491689097072389, ""elevation"": 0.0}, {""range"": 0.7000116310103149, ""doppler"": 0.0, ""angle"": 1.7126525766887792, ""elevation"": 0.0}, {""range"": 0.7123136734611815, ""doppler"": 0.0, ""angle"": 0.9493284951364878, ""elevation"": 0.0}, {""range"": 1.5210256120278116, ""doppler"": 0.0, ""angle"": 1.5696315135209902, ""elevation"": 0.0}, {""range"": 1.5666077477660185, ""doppler"": 0.0, ""angle"": 0.28121204611562706, ""elevation"": 0.0}, {""range"": 1.6185528246962986, ""doppler"": 0.0, ""angle"": -2.773581002380448, ""elevation"": 0.0}, {""range"": 2.8649588702480115, ""doppler"": 0.0, ""angle"": 12.185920729472421, ""elevation"": 0.0}]",1785097270103.938
12,"[{""range"": 0.8032389800917831, ""doppler"": 0.0, ""angle"": -23.70606419664137, ""elevation"": 0.0}, {""range"": 0.902189150449867, ""doppler"": 0.0, ""angle"": -4.478834387566441, ""elevation"": 0.0}, {""range"": 1.6260896177635482, ""doppler"": 0.0, ""angle"": -7.449335990802188, ""elevation"": 0.0}, {""range"": 1.6438746997710347, ""doppler"": 0.0, ""angle"": -7.431139273353142, ""elevation"": 0.0}, {""range"": 1.665494793558049, ""doppler"": 0.0, ""angle"": -8.657301213651255, ""elevation"": 0.0}, {""range"": 2.8048704549138805, ""doppler"": 0.0, ""angle"": -1.2895035817528915, ""elevation"": 0.0}, {""range"": 2.8232923540215173, ""doppler"": 0.0, ""angle"": 0.9108778781791109, ""elevation"": 0.0}, {""range"": 2.857513406067337, ""doppler"": 0.0, ""angle"": 10.317032556710394, ""elevation"": 0.0}, {""range"": 0.7372923307812306, ""doppler"": 0.0, ""angle"": 14.494599925926911, ""elevation"": 0.0}, {""range"": 0.7136414610041755, ""doppler"": 0.0, ""angle"": 24.83129125703909, ""elevation"": 0.0}, {""range"": 0.722770169475447, ""doppler"": 0.0, ""angle"": 18.461844038993732, ""elevation"": 0.0}, {""range"": 0.9460249508035119, ""doppler"": 0.0, ""angle"": 38.78496709634034, ""elevation"": 0.0}]",1785097270204.949
7,"[{""range"": 0.7082143654735579, ""doppler"": 0.0, ""angle"": -7.690239808645489, ""elevation"": 0.0}, {""range"": 2.8140501064007286, ""doppler"": 0.0, ""angle"": -3.946062950928502, ""elevation"": 0.0}, {""range"": 0.7348253928835742, ""doppler"": 0.0, ""angle"": -3.208445524887215, ""elevation"": 0.0}, {""range"": 0.7436457265522829, ""doppler"": 0.0, ""angle"": 2.439284030141951, ""elevation"": 0.0}, {""range"": 2.372967830633526, ""doppler"": 0.0, ""angle"": -1.3342274496400495, ""elevation"": 0.0}, {""range"": 2.8229818785381844, ""doppler"": 0.0, ""angle"": -2.6793568724666277, ""elevation"": 0.0}, {""range"": 0.8085827905885985, ""doppler"": 0.0, ""angle"": 11.635459054030381, ""elevation"": 0.0}]",1785097270294.4387
6,"[{""range"": 0.7152776640272939, ""doppler"": 0.0, ""angle"": -3.870289183780495, ""elevation"": 0.0}, {""range"": 0.6659409754749903, ""doppler"": 0.0, ""angle"": 1.4617024293738548, ""elevation"": 0.0}, {""range"": 0.6869695781602067, ""doppler"": 0.0, ""angle"": 1.1782682865816163, ""elevation"": 0.0}, {""range"": 0.7524505654199809, ""doppler"": 0.0, ""angle"": -1.770347316763025, ""elevation"": 0.0}, {""range"": 0.8133237942546201, ""doppler"": 0.0, ""angle"": 0.7936242871887278, ""elevation"": 0.0}, {""range"": 2.79613042098278, ""doppler"": 0.0, ""angle"": -3.3105182775362847, ""elevation"": 0.0}]",1785097270407.723
13,"[{""range"": 1.595380527504472, ""doppler"": 0.0, ""angle"": -6.189846694689413, ""elevation"": 0.0}, {""range"": 1.6333163989067643, ""doppler"": 0.0, ""angle"": -7.15691562808105, ""elevation"": 0.0}, {""range"": 1.6446302226095042, ""doppler"": 0.0, ""angle"": -7.440270925843613, ""elevation"": 0.0}, {""range"": 1.6525846922973504, ""doppler"": 0.0, ""angle"": -7.77326321728509, ""elevation"": 0.0}, {""range"": 2.799391131006456, ""doppler"": 0.0, ""angle"": -4.113517222436062, ""elevation"": 0.0}, {""range"": 2.82156343098736, ""doppler"": 0.0, ""angle"": -3.7244653371347236, ""elevation"": 0.0}, {""range"": 0.6734693970291739, ""doppler"": 0.0, ""angle"": -2.008486912112317, ""elevation"": 0.0}, {""range"": 0.6955945016297469, ""doppler"": 0.0, ""angle"": -0.27984862569690827, ""elevation"": 0.0}, {""range"": 0.7083863582588292, ""doppler"": 0.0, ""angle"": -0.9835219191391023, ""elevation"": 0.0}, {""range"": 0.7311955406984375, ""doppler"": 0.0, ""angle"": -2.8736005910814306, ""elevation"": 0.0}, {""range"": 1.8895213528534647, ""doppler"": 0.0, ""angle"": 40.809488037462806, ""elevation"": 0.0}, {""range"": 1.907716489314339, ""doppler"": 0.0, ""angle"": 41.98721249581666, ""elevation"": 0.0}, {""range"": 2.7010511491420686, ""doppler"": 0.0, ""angle"": 52.550510939322585, ""elevation"": 0.0}]",1785097270503.797
6,"[{""range"": 0.6612075316288671, ""doppler"": 0.0, ""angle"": 1.146692340773599, ""elevation"": 0.0}, {""range"": 0.6842988724365644, ""doppler"": 0.0, ""angle"": -3.1756776499836166, ""elevation"": 0.0}, {""range"": 0.704296152636301, ""doppler"": 0.0, ""angle"": -3.0854211947577346, ""elevation"": 0.0}, {""range"": 2.8026954784453526, ""doppler"": 0.0, ""angle"": -2.1279965195495993, ""elevation"": 0.0}, {""range"": 2.8261389584115024, ""doppler"": 0.0, ""angle"": -2.8033883836682785, ""elevation"": 0.0}, {""range"": 0.7432057171121836, ""doppler"": 0.0, ""angle"": 3.835165416837305, ""elevation"": 0.0}]",1785097270594.732
7,"[{""range"": 0.679261605821591, ""doppler"": 0.0, ""angle"": -4.302689985252771, ""elevation"": 0.0}, {""range"": 0.6912685366899324, ""doppler"": 0.0, ""angle"": -5.9539265595727535, ""elevation"": 0.0}, {""range"": 0.7055018518226612, ""doppler"": 0.0, ""angle"": -7.3537731577930385, ""elevation"": 0.0}, {""range"": 2.808267060294851, ""doppler"": 0.0, ""angle"": 1.2879436613349677, ""elevation"": 0.0}, {""range"": 2.8208769582294284, ""doppler"": 0.0, ""angle"": -0.450366423895972, ""elevation"": 0.0}, {""range"": 0.514106200835598, ""doppler"": 0.0, ""angle"": 20.0988829305559, ""elevation"": 0.0}, {""range"": 0.5224000967737047, ""doppler"": 0.0, ""angle"": 21.295186112339362, ""elevation"": 0.0}]",1785097270694.4229
9,"[{""range"": 0.7100595285766448, ""doppler"": 0.0, ""angle"": -3.6240365948336932, ""elevation"": 0.0}, {""range"": 1.6437672411708344, ""doppler"": 0.0, ""angle"": -6.797226713318227, ""elevation"": 0.0}, {""range"": 1.650783919117527, ""doppler"": 0.0, ""angle"": -6.899464794023735, ""elevation"": 0.0}, {""range"": 1.6557401362210142, ""doppler"": 0.0, ""angle"": -6.822622206427407, ""elevation"": 0.0}, {""range"": 1.6806418144164863, ""doppler"": 0.0, ""angle"": -5.782776185392644, ""elevation"": 0.0}, {""range"": 0.6964340656778648, ""doppler"": 0.0, ""angle"": -1.1181115728441737, ""elevation"": 0.0}, {""range"": 2.8032483403552426, ""doppler"": 0.0, ""angle"": -3.3570175306357997, ""elevation"": 0.0}, {""range"": 1.9207789316166783, ""doppler"": 0.0, ""angle"": 41.70175489364028, ""elevation"": 0.0}, {""range"": 1.9489064168249919, ""doppler"": 0.0, ""angle"": 43.75835207298341, ""elevation"": 0.0}]",1785097270804.5718
5,"[{""range"": 0.9204758126005912, ""doppler"": 0.0, ""angle"": -4.021382981186807, ""elevation"": 0.0}, {""range"": 0.6685175543179154, ""doppler"": 0.0, ""angle"": 8.026070186113857, ""elevation"": 0.0}, {""range"": 0.6838107874008282, ""doppler"": 0.0, ""angle"": 11.677226916454758, ""elevation"": 0.0}, {""range"": 0.6968928701585508, ""doppler"": 0.0, ""angle"": 13.972062523258204, ""elevation"": 0.0}, {""range"": 2.0609691168884585, ""doppler"": 0.0, ""angle"": 39.69164035524849, ""elevation"": 0.0}]",1785097270894.9229
10,"[{""range"": 0.7503113866095014, ""doppler"": 0.0, ""angle"": -24.40892255336837, ""elevation"": 0.0}, {""range"": 0.9380295056013603, ""doppler"": 0.0, ""angle"": -10.911516023431139, ""elevation"": 0.0}, {""range"": 0.9017004471385766, ""doppler"": 0.0, ""angle"": -6.113082669002435, ""elevation"": 0.0}, {""range"": 0.9197734088100753, ""doppler"": 0.0, ""angle"": -5.734977148665098, ""elevation"": 0.0}, {""range"": 2.806607832642491, ""doppler"": 0.0, ""angle"": -3.2140506953077073, ""elevation"": 0.0}, {""range"": 2.8178562387893487, ""doppler"": 0.0, ""angle"": -2.6296378064978128, ""elevation"": 0.0}, {""range"": 0.678952246663378, ""doppler"": 0.0, ""angle"": 17.66188926689271, ""elevation"": 0.0}, {""range"": 0.6852960457730781, ""doppler"": 0.0, ""angle"": 17.10162981161945, ""elevation"": 0.0}, {""range"": 0.6943877162556982, ""doppler"": 0.0, ""angle"": 18.248318279356443, ""elevation"": 0.0}, {""range"": 1.9085062851931593, ""doppler"": 0.0, ""angle"": 42.436908971710764, ""elevation"": 0.0}]",1785097271004.26
9,"[{""range"": 0.7470293407502012, ""doppler"": 0.0, ""angle"": -38.40064032743099, ""elevation"": 0.0}, {""range"": 1.552603540318299, ""doppler"": 0.0, ""angle"": 0.7720802165824355, ""elevation"": 0.0}, {""range"": 2.8053849176314505, ""doppler"": 0.0, ""angle"": -3.475188501943845, ""elevation"": 0.0}, {""range"": 2.8161106997270546, ""doppler"": 0.0, ""angle"": -2.5693575086052465, ""elevation"": 0.0}, {""range"": 0.6685626314854636, ""doppler"": 0.0, ""angle"": 8.583049680213634, ""elevation"": 0.0}, {""range"": 0.6821701207731056, ""doppler"": 0.0, ""angle"": 6.426435545033123, ""elevation"": 0.0}, {""range"": 0.6952817634927284, ""doppler"": 0.0, ""angle"": 4.558057665412422, ""elevation"": 0.0}, {""range"": 0.7340895903104325, ""doppler"": 0.0, ""angle"": 8.615648184164113, ""elevation"": 0.0}, {""range"": 0.8926917783308806, ""doppler"": 0.0, ""angle"": 39.70123942985037, ""elevation"": 0.0}]",1785097271104.0159
9,"[{""range"": 1.6598606755308432, ""doppler"": 0.0, ""angle"": -11.722717388358578, ""elevation"": 0.0}, {""range"": 1.6238889758962387, ""doppler"": 0.0, ""angle"": -10.718484438977844, ""elevation"": 0.0}, {""range"": 1.6317962021703436, ""doppler"": 0.0, ""angle"": -10.25093584413318, ""elevation"": 0.0}, {""range"": 0.6880110753508292, ""doppler"": 0.0, ""angle"": -1.0424387869382665, ""elevation"": 0.0}, {""range"": 0.696202586682076, ""doppler"": 0.0, ""angle"": -0.8682743931243088, ""elevation"": 0.0}, {""range"": 0.7060590639311045, ""doppler"": 0.0, ""angle"": -0.9722514595214408, ""elevation"": 0.0}, {""range"": 0.7303918854491339, ""doppler"": 0.0, ""angle"": -1.6273629897121678, ""elevation"": 0.0}, {""range"": 2.802501254190621, ""doppler"": 0.0, ""angle"": -3.152859672385608, ""elevation"": 0.0}, {""range"": 2.7239102424257116, ""doppler"": 0.0, ""angle"": 53.063904492201196, ""elevation"": 0.0}]",1785097271198.186
9,"[{""range"": 0.6976714326696644, ""doppler"": 0.0, ""angle"": -5.899089449543647, ""elevation"": 0.0}, {""range"": 0.7125696468726193, ""doppler"": 0.0, ""angle"": -8.020301505758992, ""elevation"": 0.0}, {""range"": 1.6553419771316038, ""doppler"": 0.0, ""angle"": -4.069742075244816, ""elevation"": 0.0}, {""range"": 1.670567820120745, ""doppler"": 0.0, ""angle"": -5.959570993488469, ""elevation"": 0.0}, {""range"": 1.882029986957283, ""doppler"": 0.0, ""angle"": 39.99724634240486, ""elevation"": 0.0}, {""range"": 1.9161285116739133, ""doppler"": 0.0, ""angle"": 46.78861159041436, ""elevation"": 0.0}, {""range"": 2.697383922705367, ""doppler"": 0.0, ""angle"": 51.938131892458046, ""elevation"": 0.0}, {""range"": 2.7192410901957413, ""doppler"": 0.0, ""angle"": 47.875842478380314, ""elevation"": 0.0}, {""range"": 2.672641331368519, ""doppler"": 0.0, ""angle"": 56.51619213647047, ""elevation"": 0.0}]",1785097271307.583
8,"[{""range"": 1.6987603273099892, ""doppler"": 0.0, ""angle"": -3.6391607319909243, ""elevation"": 0.0}, {""range"": 1.7277512192926527, ""doppler"": 0.0, ""angle"": -4.89807962402805, ""elevation"": 0.0}, {""range"": 2.7000429511636477, ""doppler"": 0.0, ""angle"": -8.749912628267253, ""elevation"": 0.0}, {""range"": 0.6690892711056647, ""doppler"": 0.0, ""angle"": 2.588656303977125, ""elevation"": 0.0}, {""range"": 0.7392389504557725, ""doppler"": 0.0, ""angle"": -0.44349983706029683, ""elevation"": 0.0}, {""range"": 1.7695955008749111, ""doppler"": 0.0, ""angle"": -3.1859319751993818, ""elevation"": 0.0}, {""range"": 0.6942543975928432, ""doppler"": 0.0, ""angle"": 6.314117099771831, ""elevation"": 0.0}, {""range"": 0.7083082669736733, ""doppler"": 0.0, ""angle"": 5.635751296706014, ""elevation"": 0.0}]",1785097271404.0889
8,"[{""range"": 0.7429255030362472, ""doppler"": 0.0, ""angle"": -32.98628935534107, ""elevation"": 0.0}, {""range"": 0.6849739144238957, ""doppler"": 0.0, ""angle"": -3.622051564385501, ""elevation"": 0.0}, {""range"": 1.645225896203475, ""doppler"": 0.0, ""angle"": -8.859317220125588, ""elevation"": 0.0}, {""range"": 1.6581450936365143, ""doppler"": 0.0, ""angle"": -8.252435691698564, ""elevation"": 0.0}, {""range"": 1.6662615160755625, ""doppler"": 0.0, ""angle"": -7.671843282923033, ""elevation"": 0.0}, {""range"": 1.6949389792477718, ""doppler"": 0.0, ""angle"": -6.274774965235044, ""elevation"": 0.0}, {""range"": 0.6702848139545, ""doppler"": 0.0, ""angle"": -2.0945074547899494, ""elevation"": 0.0}, {""range"": 2.809620781266533, ""doppler"": 0.0, ""angle"": -3.5137821873205204, ""elevation"": 0.0}]",1785097271504.3982
11,"[{""range"": 1.6480021189634284, ""doppler"": 0.0, ""angle"": -8.20307488907724, ""elevation"": 0.0}, {""range"": 1.6523058235217318, ""doppler"": 0.0, ""angle"": -7.974891405613567, ""elevation"": 0.0}, {""range"": 1.6605510063281885, ""doppler"": 0.0, ""angle"": -7.95995624644805, ""elevation"": 0.0}, {""range"": 1.6911305883009147, ""doppler"": 0.0, ""angle"": -8.359716056142364, ""elevation"": 0.0}, {""range"": 2.8037728968282267, ""doppler"": 0.0, ""angle"": -4.4295336426996865, ""elevation"": 0.0}, {""range"": 0.6853835469379896, ""doppler"": 0.0, ""angle"": -1.2707053108471964, ""elevation"": 0.0}, {""range"": 0.698543929548729, ""doppler"": 0.0, ""angle"": -0.9533747947615843, ""elevation"": 0.0}, {""range"": 0.7081430055516089, ""doppler"": 0.0, ""angle"": -0.6076597257559496, ""elevation"": 0.0}, {""range"": 0.7286936588245385, ""doppler"": 0.0, ""angle"": 0.49209888917920125, ""elevation"": 0.0}, {""range"": 2.7708968606298083, ""doppler"": 0.0, ""angle"": -1.7195776151636257, ""elevation"": 0.0}, {""range"": 1.8756258713783178, ""doppler"": 0.0, ""angle"": 38.341610644641406, ""elevation"": 0.0}]",1785097271608.308
7,"[{""range"": 0.7608309332345374, ""doppler"": 0.0, ""angle"": -13.108669226137954, ""elevation"": 0.0}, {""range"": 1.639270040446629, ""doppler"": 0.0, ""angle"": -8.657780317633472, ""elevation"": 0.0}, {""range"": 0.6650690484118247, ""doppler"": 0.0, ""angle"": 3.3447501793207075, ""elevation"": 0.0}, {""range"": 0.6834143417760513, ""doppler"": 0.0, ""angle"": 7.411371996795972, ""elevation"": 0.0}, {""range"": 0.7003047930494409, ""doppler"": 0.0, ""angle"": 8.235619324209505, ""elevation"": 0.0}, {""range"": 0.8695704711930559, ""doppler"": 0.0, ""angle"": 31.778084623453143, ""elevation"": 0.0}, {""range"": 0.8599880636766397, ""doppler"": 0.0, ""angle"": 36.919933453383614, ""elevation"": 0.0}]",1785097271697.836
6,"[{""range"": 0.7452440506530719, ""doppler"": 0.0, ""angle"": -8.305080437799381, ""elevation"": 0.0}, {""range"": 0.6655253094563606, ""doppler"": 0.0, ""angle"": 6.494893204694026, ""elevation"": 0.0}, {""range"": 0.6798607370459399, ""doppler"": 0.0, ""angle"": 8.92718735935099, ""elevation"": 0.0}, {""range"": 0.7006322660217635, ""doppler"": 0.0, ""angle"": 8.616086302331006, ""elevation"": 0.0}, {""range"": 2.070835372450553, ""doppler"": 0.0, ""angle"": 43.107047597393695, ""elevation"": 0.0}, {""range"": 2.089125322644302, ""doppler"": 0.0, ""angle"": 40.341182646438156, ""elevation"": 0.0}]",1785097271797.702
6,"[{""range"": 0.8169871681026905, ""doppler"": 0.0, ""angle"": -26.043481060731555, ""elevation"": 0.0}, {""range"": 1.1492560610129536, ""doppler"": 0.0, ""angle"": -3.0502712445509723, ""elevation"": 0.0}, {""range"": 1.173560360147572, ""doppler"": 0.0, ""angle"": 1.0127427978737198, ""elevation"": 0.0}, {""range"": 0.6940351374887312, ""doppler"": 0.0, ""angle"": 13.81784531613427, ""elevation"": 0.0}, {""range"": 0.7076843786089703, ""doppler"": 0.0, ""angle"": 11.071438039805503, ""elevation"": 0.0}, {""range"": 0.7401386094731667, ""doppler"": 0.0, ""angle"": 14.294754254622212, ""elevation"": 0.0}]",1785097271894.977
8,"[{""range"": 0.8166357009883182, ""doppler"": 0.0, ""angle"": -26.699706110158196, ""elevation"": 0.0}, {""range"": 0.6836948148312367, ""doppler"": 0.0, ""angle"": -4.815908628282632, ""elevation"": 0.0}, {""range"": 0.7039910044678895, ""doppler"": 0.0, ""angle"": -6.460726292604019, ""elevation"": 0.0}, {""range"": 0.7077365390243204, ""doppler"": 0.0, ""angle"": -7.169904916584643, ""elevation"": 0.0}, {""range"": 0.7310737016551176, ""doppler"": 0.0, ""angle"": -7.335342123444931, ""elevation"": 0.0}, {""range"": 1.6324064212320313, ""doppler"": 0.0, ""angle"": -9.418986672627183, ""elevation"": 0.0}, {""range"": 1.6414772934628041, ""doppler"": 0.0, ""angle"": -8.91129983851801, ""elevation"": 0.0}, {""range"": 1.6485460981281677, ""doppler"": 0.0, ""angle"": -9.533841002634835, ""elevation"": 0.0}]",1785097271994.9219
10,"[{""range"": 1.6357598177670245, ""doppler"": 0.0, ""angle"": -6.4460169725246805, ""elevation"": 0.0}, {""range"": 1.65225318688817, ""doppler"": 0.0, ""angle"": -6.855825459883209, ""elevation"": 0.0}, {""range"": 1.6605268599948637, ""doppler"": 0.0, ""angle"": -7.399753582406018, ""elevation"": 0.0}, {""range"": 0.6764625670417589, ""doppler"": 0.0, ""angle"": -0.30290904419560755, ""elevation"": 0.0}, {""range"": 0.6906952725595157, ""doppler"": 0.0, ""angle"": -2.121645401380668, ""elevation"": 0.0}, {""range"": 0.6961839171489282, ""doppler"": 0.0, ""angle"": -3.519419576288818, ""elevation"": 0.0}, {""range"": 2.7517788830896057, ""doppler"": 0.0, ""angle"": -0.16381879452180734, ""elevation"": 0.0}, {""range"": 2.792861616530644, ""doppler"": 0.0, ""angle"": -1.8124830675400567, ""elevation"": 0.0}, {""range"": 1.8791863992695539, ""doppler"": 0.0, ""angle"": 39.15706479131607, ""elevation"": 0.0}, {""range"": 2.703726101782561, ""doppler"": 0.0, ""angle"": 61.18389383688379, ""elevation"": 0.0}]",1785097272103.8987
8,"[{""range"": 0.6790296879569071, ""doppler"": 0.0, ""angle"": -6.365184814167825, ""elevation"": 0.0}, {""range"": 0.6957431431686598, ""doppler"": 0.0, ""angle"": -6.611764519270638, ""elevation"": 0.0}, {""range"": 0.7110018445561872, ""doppler"": 0.0, ""angle"": -6.1937939165513765, ""elevation"": 0.0}, {""range"": 0.7465540220408612, ""doppler"": 0.0, ""angle"": -6.6432930791991085, ""elevation"": 0.0}, {""range"": 0.8113614044611954, ""doppler"": 0.0, ""angle"": -7.751517125322715, ""elevation"": 0.0}, {""range"": 1.6561649004210657, ""doppler"": 0.0, ""angle"": -6.995342974611832, ""elevation"": 0.0}, {""range"": 1.664513305980938, ""doppler"": 0.0, ""angle"": -7.686160348871316, ""elevation"": 0.0}, {""range"": 2.764044307873607, ""doppler"": 0.0, ""angle"": -6.377440648936416, ""elevation"": 0.0}]",1785097272194.4229
10,"[{""range"": 0.671968990007604, ""doppler"": 0.0, ""angle"": -6.048908297664493, ""elevation"": 0.0}, {""range"": 0.687876451095931, ""doppler"": 0.0, ""angle"": -6.777706275497239, ""elevation"": 0.0}, {""range"": 0.699514443134678, ""doppler"": 0.0, ""angle"": -6.605448089285895, ""elevation"": 0.0}, {""range"": 1.6123231346570437, ""doppler"": 0.0, ""angle"": -6.488956938329216, ""elevation"": 0.0}, {""range"": 1.652821457749006, ""doppler"": 0.0, ""angle"": -7.878510637163675, ""elevation"": 0.0}, {""range"": 1.665830765736869, ""doppler"": 0.0, ""angle"": -7.128067729817754, ""elevation"": 0.0}, {""range"": 2.779367858186154, ""doppler"": 0.0, ""angle"": 1.7622776560185491, ""elevation"": 0.0}, {""range"": 2.800093690844084, ""doppler"": 0.0, ""angle"": -2.6902854399517366, ""elevation"": 0.0}, {""range"": 1.9150912093754229, ""doppler"": 0.0, ""angle"": 38.02231425836437, ""elevation"": 0.0}, {""range"": 1.9550860511350174, ""doppler"": 0.0, ""angle"": 35.87942713672899, ""elevation"": 0.0}]",1785097272304.657
8,"[{""range"": 0.9200592930970549, ""doppler"": 0.0, ""angle"": -5.341620022011972, ""elevation"": 0.0}, {""range"": 1.6614515640070129, ""doppler"": 0.0, ""angle"": -9.540381804842637, ""elevation"": 0.0}, {""range"": 1.665526546999661, ""doppler"": 0.0, ""angle"": -9.741436689339128, ""elevation"": 0.0}, {""range"": 2.80956209796104, ""doppler"": 0.0, ""angle"": -4.716702769807952, ""elevation"": 0.0}, {""range"": 2.821375973748525, ""doppler"": 0.0, ""angle"": -3.6082729548252743, ""elevation"": 0.0}, {""range"": 0.7134605618897167, ""doppler"": 0.0, ""angle"": 16.227463938211297, ""elevation"": 0.0}, {""range"": 0.7009999086972973, ""doppler"": 0.0, ""angle"": 18.439570568456322, ""elevation"": 0.0}, {""range"": 1.9577092187192826, ""doppler"": 0.0, ""angle"": 37.119003610342475, ""elevation"": 0.0}]",1785097272393.944
10,"[{""range"": 1.6399243413096196, ""doppler"": 0.0, ""angle"": -6.2849988340606915, ""elevation"": 0.0}, {""range"": 1.6541012767469758, ""doppler"": 0.0, ""angle"": -7.559852673511572, ""elevation"": 0.0}, {""range"": 1.6624297623293676, ""doppler"": 0.0, ""angle"": -7.8886804128692365, ""elevation"": 0.0}, {""range"": 0.6867908951576185, ""doppler"": 0.0, ""angle"": -1.7605558777230423, ""elevation"": 0.0}, {""range"": 0.6978886340200829, ""doppler"": 0.0, ""angle"": -1.7766129877323877, ""elevation"": 0.0}, {""range"": 0.7033568768756776, ""doppler"": 0.0, ""angle"": -2.0251326869170017, ""elevation"": 0.0}, {""range"": 0.7247172355023055, ""doppler"": 0.0, ""angle"": -1.2158680562376605, ""elevation"": 0.0}, {""range"": 1.8802558982640654, ""doppler"": 0.0, ""angle"": 45.859237405979, ""elevation"": 0.0}, {""range"": 1.89807928768577, ""doppler"": 0.0, ""angle"": 46.423797328115015, ""elevation"": 0.0}, {""range"": 0.9013884325834798, ""doppler"": 0.0, ""angle"": 65.11769045002757, ""elevation"": 0.0}]",1785097272507.951
13,"[{""range"": 0.7382215414709477, ""doppler"": 0.0, ""angle"": -5.1140138313951375, ""elevation"": 0.0}, {""range"": 1.6304643415171456, ""doppler"": 0.0, ""angle"": -5.178499823545582, ""elevation"": 0.0}, {""range"": 1.6554431121040574, ""doppler"": 0.0, ""angle"": -6.070230448687869, ""elevation"": 0.0}, {""range"": 1.6645284429766924, ""doppler"": 0.0, ""angle"": -6.3836934089491395, ""elevation"": 0.0}, {""range"": 2.8087704961275963, ""doppler"": 0.0, ""angle"": -4.516763521515901, ""elevation"": 0.0}, {""range"": 2.8162204634204366, ""doppler"": 0.0, ""angle"": -5.304436880015721, ""elevation"": 0.0}, {""range"": 0.6812685351454008, ""doppler"": 0.0, ""angle"": 2.602562202499806, ""elevation"": 0.0}, {""range"": 0.698485703917403, ""doppler"": 0.0, ""angle"": -0.6013929057971724, ""elevation"": 0.0}, {""range"": 0.7121014107940259, ""doppler"": 0.0, ""angle"": -3.483895852245866, ""elevation"": 0.0}, {""range"": 1.8776890325796638, ""doppler"": 0.0, ""angle"": 41.21620915833201, ""elevation"": 0.0}, {""range"": 0.8285427534954399, ""doppler"": 0.0, ""angle"": 49.22702910250632, ""elevation"": 0.0}, {""range"": 0.8674683977962029, ""doppler"": 0.0, ""angle"": 53.34741709848174, ""elevation"": 0.0}, {""range"": 1.905068080939401, ""doppler"": 0.0, ""angle"": 48.29500287272896, ""elevation"": 0.0}]",1785097272604.4438
7,"[{""range"": 1.6415856323800595, ""doppler"": 0.0, ""angle"": -5.701277962399126, ""elevation"": 0.0}, {""range"": 0.7183954350738133, ""doppler"": 0.0, ""angle"": 8.444733857981612, ""elevation"": 0.0}, {""range"": 0.911911953059314, ""doppler"": 0.0, ""angle"": 4.36337642319337, ""elevation"": 0.0}, {""range"": 0.7544227913651317, ""doppler"": 0.0, ""angle"": 13.585001185607318, ""elevation"": 0.0}, {""range"": 0.7014017316962482, ""doppler"": 0.0, ""angle"": 23.10077369189459, ""elevation"": 0.0}, {""range"": 0.8568668205734962, ""doppler"": 0.0, ""angle"": 29.175383088926118, ""elevation"": 0.0}, {""range"": 0.8799000561562508, ""doppler"": 0.0, ""angle"": 27.393027434860294, ""elevation"": 0.0}]",1785097272694.531
8,"[{""range"": 0.7921508351348714, ""doppler"": 0.0, ""angle"": -58.767855151023625, ""elevation"": 0.0}, {""range"": 2.805093194406187, ""doppler"": 0.0, ""angle"": -3.4975053108263947, ""elevation"": 0.0}, {""range"": 2.820599516677987, ""doppler"": 0.0, ""angle"": -3.47097596691383, ""elevation"": 0.0}, {""range"": 0.6853494902278399, ""doppler"": 0.0, ""angle"": 6.246093826296898, ""elevation"": 0.0}, {""range"": 0.6999829452738803, ""doppler"": 0.0, ""angle"": 5.1149214244056544, ""elevation"": 0.0}, {""range"": 0.901849314243104, ""doppler"": 0.0, ""angle"": 30.64813417102648, ""elevation"": 0.0}, {""range"": 0.8671198214976499, ""doppler"": 0.0, ""angle"": 43.06134407861589, ""elevation"": 0.0}, {""range"": 0.8883284951709396, ""doppler"": 0.0, ""angle"": 37.22050957787933, ""elevation"": 0.0}]",1785097272797.606
6,"[{""range"": 0.7351519285604946, ""doppler"": 0.0, ""angle"": -6.480241318871105, ""elevation"": 0.0}, {""range"": 0.7613925460084358, ""doppler"": 0.0, ""angle"": -6.91972779628139, ""elevation"": 0.0}, {""range"": 1.6409548308136062, ""doppler"": 0.0, ""angle"": -5.207995122712972, ""elevation"": 0.0}, {""range"": 0.6528908378440794, ""doppler"": 0.0, ""angle"": 0.6433931030638518, ""elevation"": 0.0}, {""range"": 0.6907086048427185, ""doppler"": 0.0, ""angle"": -2.151291074776631, ""elevation"": 0.0}, {""range"": 2.0678203329417943, ""doppler"": 0.0, ""angle"": 45.662167199033355, ""elevation"": 0.0}]",1785097272894.2202
7,"[{""range"": 0.6150789978439237, ""doppler"": 0.0, ""angle"": -27.719751236250882, ""elevation"": 0.0}, {""range"": 0.7563205027002909, ""doppler"": 0.0, ""angle"": -7.950023928979026, ""elevation"": 0.0}, {""range"": 2.807784305578477, ""doppler"": 0.0, ""angle"": -4.979697927324089, ""elevation"": 0.0}, {""range"": 0.6674141888856369, ""doppler"": 0.0, ""angle"": -0.8903771978271882, ""elevation"": 0.0}, {""range"": 0.6784486274458618, ""doppler"": 0.0, ""angle"": 1.9333006949184834, ""elevation"": 0.0}, {""range"": 0.6988448677082145, ""doppler"": 0.0, ""angle"": 2.962703120050015, ""elevation"": 0.0}, {""range"": 0.8877477954581783, ""doppler"": 0.0, ""angle"": 38.15333742559663, ""elevation"": 0.0}]",1785097272994.642
11,"[{""range"": 0.8176622371950405, ""doppler"": 0.0, ""angle"": -27.310347428170264, ""elevation"": 0.0}, {""range"": 1.6399231324642396, ""doppler"": 0.0, ""angle"": -10.822289310033536, ""elevation"": 0.0}, {""range"": 1.557866259709297, ""doppler"": 0.0, ""angle"": -10.107792822045807, ""elevation"": 0.0}, {""range"": 1.6016774144619454, ""doppler"": 0.0, ""angle"": -10.543424935466028, ""elevation"": 0.0}, {""range"": 0.8912929749796036, ""doppler"": 0.0, ""angle"": -2.1385395878539017, ""elevation"": 0.0}, {""range"": 2.770772365265812, ""doppler"": 0.0, ""angle"": 1.7566481974262866, ""elevation"": 0.0}, {""range"": 2.7998987379550364, ""doppler"": 0.0, ""angle"": -3.375700219916817, ""elevation"": 0.0}, {""range"": 0.7494050174642909, ""doppler"": 0.0, ""angle"": 9.033038938332778, ""elevation"": 0.0}, {""range"": 0.6835803193857883, ""doppler"": 0.0, ""angle"": 24.77514056883192, ""elevation"": 0.0}, {""range"": 0.6927137575182383, ""doppler"": 0.0, ""angle"": 23.262677553454843, ""elevation"": 0.0}, {""range"": 0.703775050393793, ""doppler"": 0.0, ""angle"": 20.852514623952164, ""elevation"": 0.0}]",1785097273103.483
11,"[{""range"": 0.8011305093875943, ""doppler"": 0.0, ""angle"": -17.83236843255551, ""elevation"": 0.0}, {""range"": 1.6329470193581237, ""doppler"": 0.0, ""angle"": -13.707555679418281, ""elevation"": 0.0}, {""range"": 1.6589613358138606, ""doppler"": 0.0, ""angle"": -10.841208829243136, ""elevation"": 0.0}, {""range"": 1.6731571772733531, ""doppler"": 0.0, ""angle"": -10.872806942680217, ""elevation"": 0.0}, {""range"": 1.699201387358872, ""doppler"": 0.0, ""angle"": -11.220064234616721, ""elevation"": 0.0}, {""range"": 0.7475625502011548, ""doppler"": 0.0, ""angle"": -5.11874099996058, ""elevation"": 0.0}, {""range"": 2.8080930511104425, ""doppler"": 0.0, ""angle"": -4.433683604852176, ""elevation"": 0.0}, {""range"": 0.6861830668475088, ""doppler"": 0.0, ""angle"": 2.748326798627442, ""elevation"": 0.0}, {""range"": 0.7068746423292629, ""doppler"": 0.0, ""angle"": -0.46380594395124203, ""elevation"": 0.0}, {""range"": 0.7248481052513078, ""doppler"": 0.0, ""angle"": -3.2809706529946143, ""elevation"": 0.0}, {""range"": 2.821932739082682, ""doppler"": 0.0, ""angle"": -2.3605519243853084, ""elevation"": 0.0}]",1785097273207.6191
8,"[{""range"": 0.8358202088434284, ""doppler"": 0.0, ""angle"": -16.00769402918282, ""elevation"": 0.0}, {""range"": 1.6538111794729233, ""doppler"": 0.0, ""angle"": -11.627030923343812, ""elevation"": 0.0}, {""range"": 1.6653614474514409, ""doppler"": 0.0, ""angle"": -11.419724416448117, ""elevation"": 0.0}, {""range"": 2.8006126159588334, ""doppler"": 0.0, ""angle"": -1.320737819102998, ""elevation"": 0.0}, {""range"": 0.6984752667346583, ""doppler"": 0.0, ""angle"": 5.966011290008395, ""elevation"": 0.0}, {""range"": 0.7019196534064216, ""doppler"": 0.0, ""angle"": 6.52394509285432, ""elevation"": 0.0}, {""range"": 0.7255614626231205, ""doppler"": 0.0, ""angle"": 14.180081942770897, ""elevation"": 0.0}, {""range"": 1.8835611812740367, ""doppler"": 0.0, ""angle"": 38.102541649174405, ""elevation"": 0.0}]",1785097273298.3857
10,"[{""range"": 0.8136758077806319, ""doppler"": 0.0, ""angle"": -31.18185647479987, ""elevation"": 0.0}, {""range"": 1.6995313265118648, ""doppler"": 0.0, ""angle"": -11.058113097262133, ""elevation"": 0.0}, {""range"": 0.8994338941384287, ""doppler"": 0.0, ""angle"": -3.613282427649203, ""elevation"": 0.0}, {""range"": 1.645458609923687, ""doppler"": 0.0, ""angle"": -9.419330420982954, ""elevation"": 0.0}, {""range"": 1.6575679419944627, ""doppler"": 0.0, ""angle"": -8.98676515185158, ""elevation"": 0.0}, {""range"": 1.668761687641688, ""doppler"": 0.0, ""angle"": -8.901131405942982, ""elevation"": 0.0}, {""range"": 0.6918429202745459, ""doppler"": 0.0, ""angle"": -2.2811400572674554, ""elevation"": 0.0}, {""range"": 0.7058927776726269, ""doppler"": 0.0, ""angle"": -1.030545136888128, ""elevation"": 0.0}, {""range"": 0.7106390613508021, ""doppler"": 0.0, ""angle"": -0.5478543700693196, ""elevation"": 0.0}, {""range"": 0.7321106307127843, ""doppler"": 0.0, ""angle"": -1.903557870504742, ""elevation"": 0.0}]",1785097273404.6987
9,"[{""range"": 0.8119964384310484, ""doppler"": 0.0, ""angle"": -26.469125695331293, ""elevation"": 0.0}, {""range"": 0.7756004673443874, ""doppler"": 0.0, ""angle"": -24.112705800868067, ""elevation"": 0.0}, {""range"": 0.9036270658384067, ""doppler"": 0.0, ""angle"": -9.016834038493517, ""elevation"": 0.0}, {""range"": 0.9268016088408031, ""doppler"": 0.0, ""angle"": -5.746891789248998, ""elevation"": 0.0}, {""range"": 1.6313371728715627, ""doppler"": 0.0, ""angle"": -8.059048873899854, ""elevation"": 0.0}, {""range"": 1.6499543199803897, ""doppler"": 0.0, ""angle"": -7.6541413743861195, ""elevation"": 0.0}, {""range"": 1.6630785083479749, ""doppler"": 0.0, ""angle"": -7.40697321877531, ""elevation"": 0.0}, {""range"": 0.7052455120026211, ""doppler"": 0.0, ""angle"": 2.586730630585668, ""elevation"": 0.0}, {""range"": 0.6880815258792169, ""doppler"": 0.0, ""angle"": 11.558141576151812, ""elevation"": 0.0}]",1785097273497.6719
7,"[{""range"": 0.6955379368821403, ""doppler"": 0.0, ""angle"": -7.088475678146005, ""elevation"": 0.0}, {""range"": 0.7188494523623887, ""doppler"": 0.0, ""angle"": -8.871858225961482, ""elevation"": 0.0}, {""range"": 0.7569391745136846, ""doppler"": 0.0, ""angle"": -9.504600339726629, ""elevation"": 0.0}, {""range"": 0.8358754856997889, ""doppler"": 0.0, ""angle"": -8.265307246352137, ""elevation"": 0.0}, {""range"": 0.8920050983097689, ""doppler"": 0.0, ""angle"": -7.568078542732525, ""elevation"": 0.0}, {""range"": 0.9203991104571257, ""doppler"": 0.0, ""angle"": -5.563280761775018, ""elevation"": 0.0}, {""range"": 1.6479216765949554, ""doppler"": 0.0, ""angle"": -10.686871986713609, ""elevation"": 0.0}]",1785097273594.1118
