num_points,points,timestamp_ms
10,"[{""range"": 1.6345712718172805, ""doppler"": 0.0, ""angle"": -11.202989326931897, ""elevation"": 0.0}, {""range"": 0.5929605950660904, ""doppler"": 0.0, ""angle"": -6.614952935610295, ""elevation"": 0.0}, {""range"": 1.6533232291931677, ""doppler"": 0.0, ""angle"": -10.267156987417437, ""elevation"": 0.0}, {""range"": 1.6657722989322106, ""doppler"": 0.0, ""angle"": -9.116513252429641, ""elevation"": 0.0}, {""range"": 2.8104240440546127, ""doppler"": 0.0, ""angle"": -4.386123629795357, ""elevation"": 0.0}, {""range"": 2.8184116233273033, ""doppler"": 0.0, ""angle"": -4.774811282367353, ""elevation"": 0.0}, {""range"": 0.666279555444547, ""doppler"": 0.0, ""angle"": -3.538926281055806, ""elevation"": 0.0}, {""range"": 0.7040513180439947, ""doppler"": 0.0, ""angle"": -2.98448876204777, ""elevation"": 0.0}, {""range"": 0.714762868046932, ""doppler"": 0.0, ""angle"": -2.3083697801476184, ""elevation"": 0.0}, {""range"": 0.7305621584380965, ""doppler"": 0.0, ""angle"": -0.9817165410638006, ""elevation"": 0.0}]",1785097250553.1157
11,"[{""range"": 0.6877968679396604, ""doppler"": 0.0, ""angle"": -5.909206643872963, ""elevation"": 0.0}, {""range"": 0.9193727954004298, ""doppler"": 0.0, ""angle"": -4.450841363254648, ""elevation"": 0.0}, {""range"": 1.6304824910486204, ""doppler"": 0.0, ""angle"": -7.270761209197435, ""elevation"": 0.0}, {""range"": 1.6433705395463047, ""doppler"": 0.0, ""angle"": -7.295136255121028, ""elevation"": 0.0}, {""range"": 1.6540988797768543, ""doppler"": 0.0, ""angle"": -7.791109127848117, ""elevation"": 0.0}, {""range"": 2.8042061610018285, ""doppler"": 0.0, ""angle"": -3.787827596660969, ""elevation"": 0.0}, {""range"": 0.7072069400749234, ""doppler"": 0.0, ""angle"": -3.406443754994719, ""elevation"": 0.0}, {""range"": 0.7138546542702706, ""doppler"": 0.0, ""angle"": -2.914724888144852, ""elevation"": 0.0}, {""range"": 1.870235147256689, ""doppler"": 0.0, ""angle"": 38.661519316475186, ""elevation"": 0.0}, {""range"": 1.8912521176530992, ""doppler"": 0.0, ""angle"": 43.16869192462903, ""elevation"": 0.0}, {""range"": 2.067614790347462, ""doppler"": 0.0, ""angle"": 45.76735523678054, ""elevation"": 0.0}]",1785097250553.4358
10,"[{""range"": 1.6514910062768788, ""doppler"": 0.0, ""angle"": -8.173091507988058, ""elevation"": 0.0}, {""range"": 1.65406233521753, ""doppler"": 0.0, ""angle"": -6.318303287201819, ""elevation"": 0.0}, {""range"": 2.8069434997837823, ""doppler"": 0.0, ""angle"": -3.747549546638302, ""elevation"": 0.0}, {""range"": 2.8211939782117854, ""doppler"": 0.0, ""angle"": -4.194544970006894, ""elevation"": 0.0}, {""range"": 0.7120415994811532, ""doppler"": 0.0, ""angle"": -2.576428089704506, ""elevation"": 0.0}, {""range"": 0.7199539540586306, ""doppler"": 0.0, ""angle"": -0.6688473206784212, ""elevation"": 0.0}, {""range"": 2.8577065431721866, ""doppler"": 0.0, ""angle"": -2.600120308814034, ""elevation"": 0.0}, {""range"": 1.8711393918733485, ""doppler"": 0.0, ""angle"": 40.356609883782085, ""elevation"": 0.0}, {""range"": 1.9085489646083313, ""doppler"": 0.0, ""angle"": 43.61059346394442, ""elevation"": 0.0}, {""range"": 2.0752719132239936, ""doppler"": 0.0, ""angle"": 45.10123535470574, ""elevation"": 0.0}]",1785097250553.736
9,"[{""range"": 1.6553403256211743, ""doppler"": 0.0, ""angle"": -8.854861346733545, ""elevation"": 0.0}, {""range"": 0.720265723735608, ""doppler"": 0.0, ""angle"": -0.17069198612125772, ""elevation"": 0.0}, {""range"": 0.7176910604747775, ""doppler"": 0.0, ""angle"": 1.6276076310897931, ""elevation"": 0.0}, {""range"": 2.7674856770425027, ""doppler"": 0.0, ""angle"": -2.5144777624148547, ""elevation"": 0.0}, {""range"": 0.7304703516480235, ""doppler"": 0.0, ""angle"": 7.185904508247694, ""elevation"": 0.0}, {""range"": 0.6015895261738818, ""doppler"": 0.0, ""angle"": 35.67427988919778, ""elevation"": 0.0}, {""range"": 0.6253127118399374, ""doppler"": 0.0, ""angle"": 36.25383773744479, ""elevation"": 0.0}, {""range"": 1.8669968020834213, ""doppler"": 0.0, ""angle"": 37.48561533820682, ""elevation"": 0.0}, {""range"": 2.0685454527486873, ""doppler"": 0.0, ""angle"": 46.77240803185388, ""elevation"": 0.0}]",1785097250554.015
8,"[{""range"": 1.6320059490750407, ""doppler"": 0.0, ""angle"": -3.9644066950840013, ""elevation"": 0.0}, {""range"": 1.6505750958621557, ""doppler"": 0.0, ""angle"": -6.519096956674435, ""elevation"": 0.0}, {""range"": 1.654776107989781, ""doppler"": 0.0, ""angle"": -7.825396331533117, ""elevation"": 0.0}, {""range"": 0.7167348097507535, ""doppler"": 0.0, ""angle"": 2.6454011310873384, ""elevation"": 0.0}, {""range"": 0.7138862537788038, ""doppler"": 0.0, ""angle"": 3.47517478064789, ""elevation"": 0.0}, {""range"": 2.6951593686235698, ""doppler"": 0.0, ""angle"": -1.798340770976533, ""elevation"": 0.0}, {""range"": 0.7311000085369418, ""doppler"": 0.0, ""angle"": 9.37477745824036, ""elevation"": 0.0}, {""range"": 1.8812127758026047, ""doppler"": 0.0, ""angle"": 38.75676972652583, ""elevation"": 0.0}]",1785097250554.296
9,"[{""range"": 0.7193492782661614, ""doppler"": 0.0, ""angle"": -15.79475688507399, ""elevation"": 0.0}, {""range"": 0.7363982475544978, ""doppler"": 0.0, ""angle"": -8.405560710291219, ""elevation"": 0.0}, {""range"": 0.7488284577831801, ""doppler"": 0.0, ""angle"": -8.929238511632457, ""elevation"": 0.0}, {""range"": 0.9184012484538332, ""doppler"": 0.0, ""angle"": -4.533889125339852, ""elevation"": 0.0}, {""range"": 1.6544701754383184, ""doppler"": 0.0, ""angle"": -7.701856715101291, ""elevation"": 0.0}, {""range"": 2.8030915805072874, ""doppler"": 0.0, ""angle"": -3.7197416691470573, ""elevation"": 0.0}, {""range"": 2.8179314688853743, ""doppler"": 0.0, ""angle"": -4.611467636907154, ""elevation"": 0.0}, {""range"": 1.8691607356837268, ""doppler"": 0.0, ""angle"": 35.51919959946904, ""elevation"": 0.0}, {""range"": 2.064865038436669, ""doppler"": 0.0, ""angle"": 43.95441897905063, ""elevation"": 0.0}]",1785097250554.582
8,"[{""range"": 0.6875291834096408, ""doppler"": 0.0, ""angle"": -3.683231096211365, ""elevation"": 0.0}, {""range"": 0.711476556749373, ""doppler"": 0.0, ""angle"": -5.5816359401918065, ""elevation"": 0.0}, {""range"": 0.7223262303546115, ""doppler"": 0.0, ""angle"": -5.027491118956967, ""elevation"": 0.0}, {""range"": 0.731644914491984, ""doppler"": 0.0, ""angle"": -4.682239176673617, ""elevation"": 0.0}, {""range"": 0.7800211637958725, ""doppler"": 0.0, ""angle"": -6.965359496014137, ""elevation"": 0.0}, {""range"": 2.805720235345545, ""doppler"": 0.0, ""angle"": -4.8734169475776925, ""elevation"": 0.0}, {""range"": 2.0922441095993483, ""doppler"": 0.0, ""angle"": 30.264191696823993, ""elevation"": 0.0}, {""range"": 2.068076227495599, ""doppler"": 0.0, ""angle"": 36.60832466600622, ""elevation"": 0.0}]",1785097250554.868
10,"[{""range"": 0.727237326112633, ""doppler"": 0.0, ""angle"": -4.216101135380988, ""elevation"": 0.0}, {""range"": 0.7398214275939881, ""doppler"": 0.0, ""angle"": -5.547993718727248, ""elevation"": 0.0}, {""range"": 0.7527668434425907, ""doppler"": 0.0, ""angle"": -7.36979647514052, ""elevation"": 0.0}, {""range"": 0.7982726084750916, ""doppler"": 0.0, ""angle"": -9.580479420482582, ""elevation"": 0.0}, {""range"": 0.8779611399247831, ""doppler"": 0.0, ""angle"": -5.774456354267431, ""elevation"": 0.0}, {""range"": 0.9153849974907649, ""doppler"": 0.0, ""angle"": -4.964408001959796, ""elevation"": 0.0}, {""range"": 2.7962276817270886, ""doppler"": 0.0, ""angle"": -4.232064185295263, ""elevation"": 0.0}, {""range"": 2.767175329939535, ""doppler"": 0.0, ""angle"": -2.451759408090209, ""elevation"": 0.0}, {""range"": 3.6075668529924814, ""doppler"": 0.0, ""angle"": 12.859023114332869, ""elevation"": 0.0}, {""range"": 2.189402835731762, ""doppler"": 0.0, ""angle"": 21.905684631197857, ""elevation"": 0.0}]",1785097250555.1482
11,"[{""range"": 0.745036899743012, ""doppler"": 0.0, ""angle"": -5.260413457650854, ""elevation"": 0.0}, {""range"": 0.7688181578614841, ""doppler"": 0.0, ""angle"": -5.177538175160662, ""elevation"": 0.0}, {""range"": 0.8722367026825708, ""doppler"": 0.0, ""angle"": -4.326635230096144, ""elevation"": 0.0}, {""range"": 0.9158705358231524, ""doppler"": 0.0, ""angle"": -5.422302317647944, ""elevation"": 0.0}, {""range"": 2.8052014628934785, ""doppler"": 0.0, ""angle"": -4.031752949968729, ""elevation"": 0.0}, {""range"": 0.8086298463221879, ""doppler"": 0.0, ""angle"": -0.5194742574032842, ""elevation"": 0.0}, {""range"": 2.858664550149928, ""doppler"": 0.0, ""angle"": -1.5448655503872286, ""elevation"": 0.0}, {""range"": 0.7139580921060206, ""doppler"": 0.0, ""angle"": 4.3954035755078555, ""elevation"": 0.0}, {""range"": 1.9198733099860232, ""doppler"": 0.0, ""angle"": 45.015093724496225, ""elevation"": 0.0}, {""range"": 1.9574558514959983, ""doppler"": 0.0, ""angle"": 48.81112060605749, ""elevation"": 0.0}, {""range"": 2.0550043259010558, ""doppler"": 0.0, ""angle"": 46.050598687653945, ""elevation"": 0.0}]",1785097250555.431
8,"[{""range"": 0.7396275428737722, ""doppler"": 0.0, ""angle"": -12.893906727784751, ""elevation"": 0.0}, {""range"": 0.7733815115182706, ""doppler"": 0.0, ""angle"": -7.506226727838173, ""elevation"": 0.0}, {""range"": 2.809953334778396, ""doppler"": 0.0, ""angle"": -5.107612685671788, ""elevation"": 0.0}, {""range"": 0.8262459238442494, ""doppler"": 0.0, ""angle"": -1.959550299568542, ""elevation"": 0.0}, {""range"": 0.8815910152576049, ""doppler"": 0.0, ""angle"": -2.069051178209784, ""elevation"": 0.0}, {""range"": 0.9153591663709875, ""doppler"": 0.0, ""angle"": -2.788067027521406, ""elevation"": 0.0}, {""range"": 0.9315881636532753, ""doppler"": 0.0, ""angle"": -3.334170439440204, ""elevation"": 0.0}, {""range"": 0.7101322493093309, ""doppler"": 0.0, ""angle"": 26.177923422927037, ""elevation"": 0.0}]",1785097250555.716
11,"[{""range"": 0.8376263485461398, ""doppler"": 0.0, ""angle"": -20.663412943979836, ""elevation"": 0.0}, {""range"": 0.8849404777317732, ""doppler"": 0.0, ""angle"": -10.631034351663203, ""elevation"": 0.0}, {""range"": 0.9104373409063705, ""doppler"": 0.0, ""angle"": -10.204195224892155, ""elevation"": 0.0}, {""range"": 0.9317937155150312, ""doppler"": 0.0, ""angle"": -9.332174590591851, ""elevation"": 0.0}, {""range"": 2.8011395037941513, ""doppler"": 0.0, ""angle"": -3.997277061669072, ""elevation"": 0.0}, {""range"": 2.8157525059544595, ""doppler"": 0.0, ""angle"": -4.177127355950007, ""elevation"": 0.0}, {""range"": 0.7448011432193322, ""doppler"": 0.0, ""angle"": 2.2565230878080387, ""elevation"": 0.0}, {""range"": 0.772491283567436, ""doppler"": 0.0, ""angle"": -0.35809395932357113, ""elevation"": 0.0}, {""range"": 2.7765313657918638, ""doppler"": 0.0, ""angle"": -1.025863097534169, ""elevation"": 0.0}, {""range"": 0.7112505353465364, ""doppler"": 0.0, ""angle"": 14.20393795351403, ""elevation"": 0.0}, {""range"": 1.8751780696610516, ""doppler"": 0.0, ""angle"": 38.666634462375306, ""elevation"": 0.0}]",1785097250555.9968
8,"[{""range"": 0.6937193457197711, ""doppler"": 0.0, ""angle"": -1.6247669576676187, ""elevation"": 0.0}, {""range"": 0.7147515054420918, ""doppler"": 0.0, ""angle"": -1.8924386573793999, ""elevation"": 0.0}, {""range"": 0.7292754389853904, ""doppler"": 0.0, ""angle"": -1.5033704721999401, ""elevation"": 0.0}, {""range"": 0.7503333116404016, ""doppler"": 0.0, ""angle"": -1.3519021425494004, ""elevation"": 0.0}, {""range"": 0.8018774864295936, ""doppler"": 0.0, ""angle"": -1.4439108660344084, ""elevation"": 0.0}, {""range"": 0.8735415018093222, ""doppler"": 0.0, ""angle"": -0.516058572382727, ""elevation"": 0.0}, {""range"": 2.8047782362706175, ""doppler"": 0.0, ""angle"": -2.2836022775654907, ""elevation"": 0.0}, {""range"": 2.0601462543655247, ""doppler"": 0.0, ""angle"": 38.44855476143491, ""elevation"": 0.0}]",1785097250556.27
8,"[{""range"": 0.748552035785614, ""doppler"": 0.0, ""angle"": -5.345604756159714, ""elevation"": 0.0}, {""range"": 0.8877883321869433, ""doppler"": 0.0, ""angle"": -4.435879365590981, ""elevation"": 0.0}, {""range"": 0.7023474690450517, ""doppler"": 0.0, ""angle"": -2.5244024380025953, ""elevation"": 0.0}, {""range"": 0.7187523237221486, ""doppler"": 0.0, ""angle"": -2.409680538310981, ""elevation"": 0.0}, {""range"": 2.8013786962428116, ""doppler"": 0.0, ""angle"": -2.7805854767375697, ""elevation"": 0.0}, {""range"": 0.8143481249559908, ""doppler"": 0.0, ""angle"": 10.424125763588897, ""elevation"": 0.0}, {""range"": 2.1025242142715155, ""doppler"": 0.0, ""angle"": 28.74696219133333, ""elevation"": 0.0}, {""range"": 2.069803947248765, ""doppler"": 0.0, ""angle"": 38.8314237405979, ""elevation"": 0.0}]",1785097250556.549
13,"[{""range"": 0.8361164042023023, ""doppler"": 0.0, ""angle"": -23.53325455767379, ""elevation"": 0.0}, {""range"": 0.7580157210196827, ""doppler"": 0.0, ""angle"": -12.908506538688219, ""elevation"": 0.0}, {""range"": 0.7042155418917102, ""doppler"": 0.0, ""angle"": -5.668611851753894, ""elevation"": 0.0}, {""range"": 0.7146959423872037, ""doppler"": 0.0, ""angle"": -9.41754516010185, ""elevation"": 0.0}, {""range"": 0.8931932862853718, ""doppler"": 0.0, ""angle"": -9.47175081831325, ""elevation"": 0.0}, {""range"": 0.914508795028433, ""doppler"": 0.0, ""angle"": -5.587971126448901, ""elevation"": 0.0}, {""range"": 1.6752703709391374, ""doppler"": 0.0, ""angle"": -9.584980915508462, ""elevation"": 0.0}, {""range"": 1.6840858952587123, ""doppler"": 0.0, ""angle"": -9.497326956549804, ""elevation"": 0.0}, {""range"": 1.705241203683119, ""doppler"": 0.0, ""angle"": -9.189708285357003, ""elevation"": 0.0}, {""range"": 2.809948328019555, ""doppler"": 0.0, ""angle"": -2.8451079752906545, ""elevation"": 0.0}, {""range"": 2.823063971608218, ""doppler"": 0.0, ""angle"": -2.388663522919707, ""elevation"": 0.0}, {""range"": 2.859281447613521, ""doppler"": 0.0, ""angle"": 2.1504051905914214, ""elevation"": 0.0}, {""range"": 1.8698406472958797, ""doppler"": 0.0, ""angle"": 38.952462925574906, ""elevation"": 0.0}]",1785097250556.8372
10,"[{""range"": 1.706631786747595, ""doppler"": 0.0, ""angle"": -11.666665174386312, ""elevation"": 0.0}, {""range"": 0.7409628713246064, ""doppler"": 0.0, ""angle"": -4.498390663352222, ""elevation"": 0.0}, {""range"": 0.7989064998952986, ""doppler"": 0.0, ""angle"": -4.505914128420739, ""elevation"": 0.0}, {""range"": 1.662910714184011, ""doppler"": 0.0, ""angle"": -8.807993227415828, ""elevation"": 0.0}, {""range"": 1.6769136821129171, ""doppler"": 0.0, ""angle"": -9.402057403610934, ""elevation"": 0.0}, {""range"": 0.6884339490493508, ""doppler"": 0.0, ""angle"": -2.262654210697146, ""elevation"": 0.0}, {""range"": 0.7095146290800699, ""doppler"": 0.0, ""angle"": -2.845820118544199, ""elevation"": 0.0}, {""range"": 0.7203665987130515, ""doppler"": 0.0, ""angle"": -3.016525046710432, ""elevation"": 0.0}, {""range"": 2.8059192906245145, ""doppler"": 0.0, ""angle"": -1.5629549075933256, ""elevation"": 0.0}, {""range"": 1.9155138311282072, ""doppler"": 0.0, ""angle"": 51.98756941389738, ""elevation"": 0.0}]",1785097250557.215
8,"[{""range"": 0.816643296797842, ""doppler"": 0.0, ""angle"": -13.756308801312164, ""elevation"": 0.0}, {""range"": 0.6796533934753198, ""doppler"": 0.0, ""angle"": -5.404602564750733, ""elevation"": 0.0}, {""range"": 0.8788527511658147, ""doppler"": 0.0, ""angle"": -8.954445175001132, ""elevation"": 0.0}, {""range"": 0.7054387387696008, ""doppler"": 0.0, ""angle"": 0.4066552314781666, ""elevation"": 0.0}, {""range"": 0.7256621962774809, ""doppler"": 0.0, ""angle"": 0.5647503594488752, ""elevation"": 0.0}, {""range"": 0.7524492268666325, ""doppler"": 0.0, ""angle"": -0.040847744633498086, ""elevation"": 0.0}, {""range"": 2.6929004553082927, ""doppler"": 0.0, ""angle"": -2.169113581129802, ""elevation"": 0.0}, {""range"": 2.8095075105182317, ""doppler"": 0.0, ""angle"": -3.4152842516818325, ""elevation"": 0.0}]",1785097250557.496
9,"[{""range"": 0.754420820570196, ""doppler"": 0.0, ""angle"": -23.022054949173246, ""elevation"": 0.0}, {""range"": 0.7697188859119295, ""doppler"": 0.0, ""angle"": -16.839484174366632, ""elevation"": 0.0}, {""range"": 0.806370849353004, ""doppler"": 0.0, ""angle"": -14.393701876572383, ""elevation"": 0.0}, {""range"": 0.8908499440523958, ""doppler"": 0.0, ""angle"": -7.264810584084296, ""elevation"": 0.0}, {""range"": 0.9200050774936798, ""doppler"": 0.0, ""angle"": -5.7671054822033305, ""elevation"": 0.0}, {""range"": 1.6647085684238623, ""doppler"": 0.0, ""angle"": -7.3128031148475525, ""elevation"": 0.0}, {""range"": 1.6757459011052507, ""doppler"": 0.0, ""angle"": -8.845170788207495, ""elevation"": 0.0}, {""range"": 2.804244888674453, ""doppler"": 0.0, ""angle"": -4.066094244846798, ""elevation"": 0.0}, {""range"": 0.6720764956088481, ""doppler"": 0.0, ""angle"": 9.216720248391395, ""elevation"": 0.0}]",1785097250557.7878
8,"[{""range"": 0.7170497181766227, ""doppler"": 0.0, ""angle"": -3.846389483233534, ""elevation"": 0.0}, {""range"": 0.7362755323667372, ""doppler"": 0.0, ""angle"": -6.386291435189487, ""elevation"": 0.0}, {""range"": 0.810273891559302, ""doppler"": 0.0, ""angle"": -6.958773894534943, ""elevation"": 0.0}, {""range"": 0.8929128016799777, ""doppler"": 0.0, ""angle"": -9.777338299582318, ""elevation"": 0.0}, {""range"": 0.9160467521719068, ""doppler"": 0.0, ""angle"": -6.6921952751082125, ""elevation"": 0.0}, {""range"": 1.6813271024468357, ""doppler"": 0.0, ""angle"": -9.599565743720426, ""elevation"": 0.0}, {""range"": 2.805069872563702, ""doppler"": 0.0, ""angle"": -4.625329146286589, ""elevation"": 0.0}, {""range"": 0.710000085665825, ""doppler"": 0.0, ""angle"": -1.6308074059284265, ""elevation"": 0.0}]",1785097250558.0698
11,"[{""range"": 0.7162406145880211, ""doppler"": 0.0, ""angle"": -8.354647740086014, ""elevation"": 0.0}, {""range"": 0.7265360005270001, ""doppler"": 0.0, ""angle"": -7.850904803114067, ""elevation"": 0.0}, {""range"": 0.748079629341019, ""doppler"": 0.0, ""angle"": -7.886061229089535, ""elevation"": 0.0}, {""range"": 0.8114245539021534, ""doppler"": 0.0, ""angle"": -7.203321315200118, ""elevation"": 0.0}, {""range"": 0.8894242660767533, ""doppler"": 0.0, ""angle"": -5.514595296420482, ""elevation"": 0.0}, {""range"": 1.6835342172729966, ""doppler"": 0.0, ""angle"": -8.686939448602379, ""elevation"": 0.0}, {""range"": 2.775134203213826, ""doppler"": 0.0, ""angle"": -5.06808560151456, ""elevation"": 0.0}, {""range"": 2.802073032513861, ""doppler"": 0.0, ""angle"": -4.212220961619627, ""elevation"": 0.0}, {""range"": 2.8189797836128836, ""doppler"": 0.0, ""angle"": -3.0870941174679736, ""elevation"": 0.0}, {""range"": 2.855927142544421, ""doppler"": 0.0, ""angle"": 2.9034294336298525, ""elevation"": 0.0}, {""range"": 1.866906099915084, ""doppler"": 0.0, ""angle"": 31.83436022063338, ""elevation"": 0.0}]",1785097250558.348
6,"[{""range"": 0.6649594241651381, ""doppler"": 0.0, ""angle"": -17.479945183537172, ""elevation"": 0.0}, {""range"": 0.6966510331997303, ""doppler"": 0.0, ""angle"": -3.8854878640258335, ""elevation"": 0.0}, {""range"": 0.9193475458497977, ""doppler"": 0.0, ""angle"": -5.804847770079797, ""elevation"": 0.0}, {""range"": 0.7141957475265259, ""doppler"": 0.0, ""angle"": -0.3442869699231045, ""elevation"": 0.0}, {""range"": 0.7484066410586445, ""doppler"": 0.0, ""angle"": 11.661633558584722, ""elevation"": 0.0}, {""range"": 0.8049719931334267, ""doppler"": 0.0, ""angle"": 13.84177009647025, ""elevation"": 0.0}]",1785097250558.6218
7,"[{""range"": 0.7127682450922986, ""doppler"": 0.0, ""angle"": -18.684948654310887, ""elevation"": 0.0}, {""range"": 0.7395233501777394, ""doppler"": 0.0, ""angle"": -7.320910342050829, ""elevation"": 0.0}, {""range"": 0.7460104053326384, ""doppler"": 0.0, ""angle"": -4.522995585481328, ""elevation"": 0.0}, {""range"": 0.8988952112610672, ""doppler"": 0.0, ""angle"": -7.49823663738308, ""elevation"": 0.0}, {""range"": 0.9171260009229942, ""doppler"": 0.0, ""angle"": -5.875104769374035, ""elevation"": 0.0}, {""range"": 0.8046805459269805, ""doppler"": 0.0, ""angle"": 2.1267512364614682, ""elevation"": 0.0}, {""range"": 2.8023908333432543, ""doppler"": 0.0, ""angle"": -1.4625221151214802, ""elevation"": 0.0}]",1785097250558.8967
13,"[{""range"": 0.8484489796521292, ""doppler"": 0.0, ""angle"": -22.803781511430866, ""elevation"": 0.0}, {""range"": 0.7059108960122829, ""doppler"": 0.0, ""angle"": -4.2272815961181065, ""elevation"": 0.0}, {""range"": 0.7221834144318207, ""doppler"": 0.0, ""angle"": -6.597121770413421, ""elevation"": 0.0}, {""range"": 0.756436986040857, ""doppler"": 0.0, ""angle"": -5.752371583426031, ""elevation"": 0.0}, {""range"": 0.8980363530213388, ""doppler"": 0.0, ""angle"": -10.752811395151726, ""elevation"": 0.0}, {""range"": 0.9195571030704717, ""doppler"": 0.0, ""angle"": -6.0387478809200035, ""elevation"": 0.0}, {""range"": 0.933511566658494, ""doppler"": 0.0, ""angle"": -4.834732752520136, ""elevation"": 0.0}, {""range"": 2.811864553797307, ""doppler"": 0.0, ""angle"": -4.435033942707326, ""elevation"": 0.0}, {""range"": 2.695132693078149, ""doppler"": 0.0, ""angle"": 0.7450958615653827, ""elevation"": 0.0}, {""range"": 2.8257080274674835, ""doppler"": 0.0, ""angle"": -1.9873041862925933, ""elevation"": 0.0}, {""range"": 2.8598926777714895, ""doppler"": 0.0, ""angle"": 5.464276950166633, ""elevation"": 0.0}, {""range"": 1.8803206195395281, ""doppler"": 0.0, ""angle"": 40.89324664055829, ""elevation"": 0.0}, {""range"": 1.9008306850843992, ""doppler"": 0.0, ""angle"": 45.41542809332689, ""elevation"": 0.0}]",1785097250559.1738
9,"[{""range"": 0.7966815996999123, ""doppler"": 0.0, ""angle"": -11.299844300955508, ""elevation"": 0.0}, {""range"": 0.7427144981872229, ""doppler"": 0.0, ""angle"": -4.08659958863911, ""elevation"": 0.0}, {""range"": 0.7560001074054314, ""doppler"": 0.0, ""angle"": -7.256127743649007, ""elevation"": 0.0}, {""range"": 0.8763973560781843, ""doppler"": 0.0, ""angle"": -5.573332924557066, ""elevation"": 0.0}, {""range"": 0.9184399100405454, ""doppler"": 0.0, ""angle"": -4.421805385801334, ""elevation"": 0.0}, {""range"": 0.7274485347590636, ""doppler"": 0.0, ""angle"": -2.268093870841385, ""elevation"": 0.0}, {""range"": 0.9362962608287994, ""doppler"": 0.0, ""angle"": -3.1968253503752244, ""elevation"": 0.0}, {""range"": 2.8059463259542996, ""doppler"": 0.0, ""angle"": -2.666393633677593, ""elevation"": 0.0}, {""range"": 2.816306204991684, ""doppler"": 0.0, ""angle"": -2.882388407330319, ""elevation"": 0.0}]",1785097250559.4448
7,"[{""range"": 0.8975330446580271, ""doppler"": 0.0, ""angle"": -5.648122543881273, ""elevation"": 0.0}, {""range"": 0.9178545898574944, ""doppler"": 0.0, ""angle"": -3.920994755923469, ""elevation"": 0.0}, {""range"": 0.7240178188178613, ""doppler"": 0.0, ""angle"": -0.042451792315562654, ""elevation"": 0.0}, {""range"": 0.7323139937072826, ""doppler"": 0.0, ""angle"": -0.7974721701055327, ""elevation"": 0.0}, {""range"": 0.7472747490717987, ""doppler"": 0.0, ""angle"": 0.31533611468501765, ""elevation"": 0.0}, {""range"": 0.8167654073577084, ""doppler"": 0.0, ""angle"": 0.9910039853653893, ""elevation"": 0.0}, {""range"": 2.7994866794522606, ""doppler"": 0.0, ""angle"": -3.2295660270881132, ""elevation"": 0.0}]",1785097250559.714
10,"[{""range"": 0.921499979677787, ""doppler"": 0.0, ""angle"": -4.284441390887438, ""elevation"": 0.0}, {""range"": 2.805764110199822, ""doppler"": 0.0, ""angle"": -3.8259766905001475, ""elevation"": 0.0}, {""range"": 0.6830850506992359, ""doppler"": 0.0, ""angle"": 0.3899652524707802, ""elevation"": 0.0}, {""range"": 0.7007737249740948, ""doppler"": 0.0, ""angle"": -1.3012883005087863, ""elevation"": 0.0}, {""range"": 0.7210344142612842, ""doppler"": 0.0, ""angle"": -2.9425867667071093, ""elevation"": 0.0}, {""range"": 0.7514991457029668, ""doppler"": 0.0, ""angle"": 3.2327662173330607, ""elevation"": 0.0}, {""range"": 0.8939866981151823, ""doppler"": 0.0, ""angle"": -2.155029338807885, ""elevation"": 0.0}, {""range"": 2.4110084396356943, ""doppler"": 0.0, ""angle"": -1.0666552336614539, ""elevation"": 0.0}, {""range"": 2.4135861658199183, ""doppler"": 0.0, ""angle"": -2.17812680090872, ""elevation"": 0.0}, {""range"": 0.8173890062235465, ""doppler"": 0.0, ""angle"": 8.238230881863075, ""elevation"": 0.0}]",1785097250559.988
10,"[{""range"": 0.8118409610138165, ""doppler"": 0.0, ""angle"": -3.6369489795342687, ""elevation"": 0.0}, {""range"": 0.8798646070414966, ""doppler"": 0.0, ""angle"": -4.557671353257076, ""elevation"": 0.0}, {""range"": 0.9127073272679108, ""doppler"": 0.0, ""angle"": -4.427116056096441, ""elevation"": 0.0}, {""range"": 2.80726638154411, ""doppler"": 0.0, ""angle"": -4.636348253700226, ""elevation"": 0.0}, {""range"": 0.7548998265933898, ""doppler"": 0.0, ""angle"": 1.628824940525734, ""elevation"": 0.0}, {""range"": 2.403403029336152, ""doppler"": 0.0, ""angle"": -2.59694882155244, ""elevation"": 0.0}, {""range"": 2.4080206770902213, ""doppler"": 0.0, ""angle"": -2.8475325322691676, ""elevation"": 0.0}, {""range"": 2.4276300381090996, ""doppler"": 0.0, ""angle"": -1.5996947659093776, ""elevation"": 0.0}, {""range"": 0.7267418034044364, ""doppler"": 0.0, ""angle"": 8.461057661383261, ""elevation"": 0.0}, {""range"": 0.7134684046403728, ""doppler"": 0.0, ""angle"": 12.594224489826377, ""elevation"": 0.0}]",1785097250560.261
8,"[{""range"": 0.7458376358430058, ""doppler"": 0.0, ""angle"": -15.205722686108954, ""elevation"": 0.0}, {""range"": 0.7903521079632801, ""doppler"": 0.0, ""angle"": -18.152100094945602, ""elevation"": 0.0}, {""range"": 0.7342368620721968, ""doppler"": 0.0, ""angle"": -10.453364864060694, ""elevation"": 0.0}, {""range"": 0.8869752629314731, ""doppler"": 0.0, ""angle"": -3.8724693325510344, ""elevation"": 0.0}, {""range"": 0.920495126082271, ""doppler"": 0.0, ""angle"": -3.7089423646586432, ""elevation"": 0.0}, {""range"": 2.3941185784369243, ""doppler"": 0.0, ""angle"": -3.6313237849663738, ""elevation"": 0.0}, {""range"": 2.4040856175406673, ""doppler"": 0.0, ""angle"": -3.992099502019724, ""elevation"": 0.0}, {""range"": 0.718940986373168, ""doppler"": 0.0, ""angle"": 8.150255634898212, ""elevation"": 0.0}]",1785097250560.5278
9,"[{""range"": 0.7927054853127941, ""doppler"": 0.0, ""angle"": -37.30933331167153, ""elevation"": 0.0}, {""range"": 0.6779289283924298, ""doppler"": 0.0, ""angle"": -8.356651182024015, ""elevation"": 0.0}, {""range"": 2.41055459643631, ""doppler"": 0.0, ""angle"": -4.0580608346136495, ""elevation"": 0.0}, {""range"": 2.803454191971214, ""doppler"": 0.0, ""angle"": -3.6643280468821455, ""elevation"": 0.0}, {""range"": 2.8181872588817853, ""doppler"": 0.0, ""angle"": -5.019657886755528, ""elevation"": 0.0}, {""range"": 2.3980547131096133, ""doppler"": 0.0, ""angle"": -3.2743876927058366, ""elevation"": 0.0}, {""range"": 0.7342327685646302, ""doppler"": 0.0, ""angle"": 5.8147267761361325, ""elevation"": 0.0}, {""range"": 0.7115534016017191, ""doppler"": 0.0, ""angle"": 14.182913638167232, ""elevation"": 0.0}, {""range"": 0.7204787985948308, ""doppler"": 0.0, ""angle"": 11.234635070454438, ""elevation"": 0.0}]",1785097250560.7988
9,"[{""range"": 0.8937411658452591, ""doppler"": 0.0, ""angle"": -4.314302107166623, ""elevation"": 0.0}, {""range"": 1.1422042914983104, ""doppler"": 0.0, ""angle"": -10.134763160018254, ""elevation"": 0.0}, {""range"": 2.8079908210237092, ""doppler"": 0.0, ""angle"": -4.261865338239082, ""elevation"": 0.0}, {""range"": 0.7226108925536483, ""doppler"": 0.0, ""angle"": 3.4047588625212275, ""elevation"": 0.0}, {""range"": 0.7430285946871609, ""doppler"": 0.0, ""angle"": 2.289507840389602, ""elevation"": 0.0}, {""range"": 0.8112788397440278, ""doppler"": 0.0, ""angle"": 0.012628560411122362, ""elevation"": 0.0}, {""range"": 2.705478262342817, ""doppler"": 0.0, ""angle"": -0.7005876752231508, ""elevation"": 0.0}, {""range"": 0.7126150783213652, ""doppler"": 0.0, ""angle"": 4.302773249000726, ""elevation"": 0.0}, {""range"": 2.729993047521226, ""doppler"": 0.0, ""angle"": 46.75435215677405, ""elevation"": 0.0}]",1785097250561.068
7,"[{""range"": 0.659403071025042, ""doppler"": 0.0, ""angle"": -6.211506804817562, ""elevation"": 0.0}, {""range"": 0.9184675518161665, ""doppler"": 0.0, ""angle"": -4.444048498747947, ""elevation"": 0.0}, {""range"": 0.6904819904790844, ""doppler"": 0.0, ""angle"": -1.573012085912404, ""elevation"": 0.0}, {""range"": 0.7172360870134512, ""doppler"": 0.0, ""angle"": 1.8430047921191468, ""elevation"": 0.0}, {""range"": 0.7524771022797387, ""doppler"": 0.0, ""angle"": 2.5469202436640783, ""elevation"": 0.0}, {""range"": 0.9325168791092773, ""doppler"": 0.0, ""angle"": -3.5509771066747366, ""elevation"": 0.0}, {""range"": 2.0913990002792446, ""doppler"": 0.0, ""angle"": 33.45637486702471, ""elevation"": 0.0}]",1785097250561.312
10,"[{""range"": 1.174785026460695, ""doppler"": 0.0, ""angle"": -19.369890587389104, ""elevation"": 0.0}, {""range"": 1.1426456654720314, ""doppler"": 0.0, ""angle"": -11.848020776771119, ""elevation"": 0.0}, {""range"": 0.6747922362148742, ""doppler"": 0.0, ""angle"": -5.230168317411226, ""elevation"": 0.0}, {""range"": 0.7027749105066808, ""doppler"": 0.0, ""angle"": -4.12924062701998, ""elevation"": 0.0}, {""range"": 0.9092419720222811, ""doppler"": 0.0, ""angle"": -5.190348302406396, ""elevation"": 0.0}, {""range"": 0.9177644123270594, ""doppler"": 0.0, ""angle"": -5.601735619496227, ""elevation"": 0.0}, {""range"": 2.705770787372787, ""doppler"": 0.0, ""angle"": -4.457367774620512, ""elevation"": 0.0}, {""range"": 2.8018276912262383, ""doppler"": 0.0, ""angle"": -3.7727246635192366, ""elevation"": 0.0}, {""range"": 0.7174408139805318, ""doppler"": 0.0, ""angle"": -0.5997843563139705, ""elevation"": 0.0}, {""range"": 0.733713862314425, ""doppler"": 0.0, ""angle"": 0.6004456070176377, ""elevation"": 0.0}]",1785097250561.555
9,"[{""range"": 0.8341689201774536, ""doppler"": 0.0, ""angle"": -22.497044601302964, ""elevation"": 0.0}, {""range"": 0.6753721106028309, ""doppler"": 0.0, ""angle"": -3.719221041512816, ""elevation"": 0.0}, {""range"": 0.8931904045516508, ""doppler"": 0.0, ""angle"": -8.82116126139625, ""elevation"": 0.0}, {""range"": 0.9101065220527637, ""doppler"": 0.0, ""angle"": -5.411515245281528, ""elevation"": 0.0}, {""range"": 0.9277274991179854, ""doppler"": 0.0, ""angle"": -3.9345488841409075, ""elevation"": 0.0}, {""range"": 0.7022041642432189, ""doppler"": 0.0, ""angle"": -0.13131171703291425, ""elevation"": 0.0}, {""range"": 0.7216137290963508, ""doppler"": 0.0, ""angle"": 5.0324679217329615, ""elevation"": 0.0}, {""range"": 0.7441114945470841, ""doppler"": 0.0, ""angle"": 7.580995667569707, ""elevation"": 0.0}, {""range"": 1.9177243168116398, ""doppler"": 0.0, ""angle"": 42.286626322020176, ""elevation"": 0.0}]",1785097250561.8071
7,"[{""range"": 2.383641577240781, ""doppler"": 0.0, ""angle"": -3.7334482853343998, ""elevation"": 0.0}, {""range"": 2.3934372022361416, ""doppler"": 0.0, ""angle"": -4.207303185605693, ""elevation"": 0.0}, {""range"": 2.806309696530719, ""doppler"": 0.0, ""angle"": -4.388905221759605, ""elevation"": 0.0}, {""range"": 0.7256889857265011, ""doppler"": 0.0, ""angle"": 1.9486609187397743, ""elevation"": 0.0}, {""range"": 0.7440640112530803, ""doppler"": 0.0, ""angle"": 1.3219756595369827, ""elevation"": 0.0}, {""range"": 0.8003071883722495, ""doppler"": 0.0, ""angle"": 5.088958895668454, ""elevation"": 0.0}, {""range"": 0.7043197370824605, ""doppler"": 0.0, ""angle"": 11.03606506994651, ""elevation"": 0.0}]",1785097250562.056
7,"[{""range"": 0.7462807850332088, ""doppler"": 0.0, ""angle"": -20.271641448135426, ""elevation"": 0.0}, {""range"": 0.7359140637588846, ""doppler"": 0.0, ""angle"": -14.579875226746855, ""elevation"": 0.0}, {""range"": 0.892189289630478, ""doppler"": 0.0, ""angle"": -6.837300687910599, ""elevation"": 0.0}, {""range"": 2.375709609872287, ""doppler"": 0.0, ""angle"": -1.979838440781551, ""elevation"": 0.0}, {""range"": 2.385722323847114, ""doppler"": 0.0, ""angle"": -2.4227724803400825, ""elevation"": 0.0}, {""range"": 2.391709366691612, ""doppler"": 0.0, ""angle"": -2.4681548077256688, ""elevation"": 0.0}, {""range"": 0.707851395853419, ""doppler"": 0.0, ""angle"": 5.086976515182266, ""elevation"": 0.0}]",1785097250562.3
8,"[{""range"": 0.8374520149671161, ""doppler"": 0.0, ""angle"": -48.193745830300394, ""elevation"": 0.0}, {""range"": 0.8978338099618305, ""doppler"": 0.0, ""angle"": -6.0591779033382505, ""elevation"": 0.0}, {""range"": 2.382142220071861, ""doppler"": 0.0, ""angle"": -2.7105589867391116, ""elevation"": 0.0}, {""range"": 2.391243149170062, ""doppler"": 0.0, ""angle"": -2.695945845609539, ""elevation"": 0.0}, {""range"": 2.395593742626709, ""doppler"": 0.0, ""angle"": -2.4384664822141895, ""elevation"": 0.0}, {""range"": 0.6990359071635162, ""doppler"": 0.0, ""angle"": 10.881652127545003, ""elevation"": 0.0}, {""range"": 0.7087136386259301, ""doppler"": 0.0, ""angle"": 13.555897228966385, ""elevation"": 0.0}, {""range"": 0.7308913643533179, ""doppler"": 0.0, ""angle"": 19.791490566366445, ""elevation"": 0.0}]",1785097250562.5588
10,"[{""range"": 0.8392057228842075, ""doppler"": 0.0, ""angle"": -14.435974978975198, ""elevation"": 0.0}, {""range"": 0.8970976754233686, ""doppler"": 0.0, ""angle"": -8.25123489992439, ""elevation"": 0.0}, {""range"": 2.8072980452278746, ""doppler"": 0.0, ""angle"": -5.277362299202273, ""elevation"": 0.0}, {""range"": 2.3853882387435505, ""doppler"": 0.0, ""angle"": -3.3692349965334327, ""elevation"": 0.0}, {""range"": 2.3976087399490096, ""doppler"": 0.0, ""angle"": -2.256793926451064, ""elevation"": 0.0}, {""range"": 2.4033241031729373, ""doppler"": 0.0, ""angle"": -2.8274925340588966, ""elevation"": 0.0}, {""range"": 2.426656568601804, ""doppler"": 0.0, ""angle"": -2.8552368232309266, ""elevation"": 0.0}, {""range"": 0.6947816281133914, ""doppler"": 0.0, ""angle"": 10.124153211933026, ""elevation"": 0.0}, {""range"": 0.7076143434212776, ""doppler"": 0.0, ""angle"": 14.33824097999458, ""elevation"": 0.0}, {""range"": 0.73339520976897, ""doppler"": 0.0, ""angle"": 17.75904107288635, ""elevation"": 0.0}]",1785097250562.8071
9,"[{""range"": 0.8327260673583887, ""doppler"": 0.0, ""angle"": -14.182459139069177, ""elevation"": 0.0}, {""range"": 0.8882849234644922, ""doppler"": 0.0, ""angle"": -10.27389808529062, ""elevation"": 0.0}, {""range"": 0.9118914058749368, ""doppler"": 0.0, ""angle"": -5.750839137055423, ""elevation"": 0.0}, {""range"": 1.1474814656722259, ""doppler"": 0.0, ""angle"": -6.415126813199609, ""elevation"": 0.0}, {""range"": 2.3945289615361833, ""doppler"": 0.0, ""angle"": -2.341057444312413, ""elevation"": 0.0}, {""range"": 2.4007552429759804, ""doppler"": 0.0, ""angle"": -2.2111269064991403, ""elevation"": 0.0}, {""range"": 0.706701195762199, ""doppler"": 0.0, ""angle"": 21.898324681357145, ""elevation"": 0.0}, {""range"": 0.7195253418027342, ""doppler"": 0.0, ""angle"": 25.463345061871614, ""elevation"": 0.0}, {""range"": 0.7460315567187331, ""doppler"": 0.0, ""angle"": 26.85984945640531, ""elevation"": 0.0}]",1785097250563.062
9,"[{""range"": 0.7753421060889364, ""doppler"": 0.0, ""angle"": -29.923530525390827, ""elevation"": 0.0}, {""range"": 0.8331250539932998, ""doppler"": 0.0, ""angle"": -24.430724144318148, ""elevation"": 0.0}, {""range"": 0.7149593141370124, ""doppler"": 0.0, ""angle"": -15.656045619661953, ""elevation"": 0.0}, {""range"": 0.6677707441267141, ""doppler"": 0.0, ""angle"": -3.853877029505318, ""elevation"": 0.0}, {""range"": 0.6798189723751512, ""doppler"": 0.0, ""angle"": -7.64842163434139, ""elevation"": 0.0}, {""range"": 0.9031629669498685, ""doppler"": 0.0, ""angle"": -4.952051993229857, ""elevation"": 0.0}, {""range"": 0.9202478933293479, ""doppler"": 0.0, ""angle"": -3.643003373104523, ""elevation"": 0.0}, {""range"": 2.402618787984254, ""doppler"": 0.0, ""angle"": -0.45201150868144263, ""elevation"": 0.0}, {""range"": 2.398825717854347, ""doppler"": 0.0, ""angle"": -1.7428195861784115, ""elevation"": 0.0}]",1785097250563.305
8,"[{""range"": 0.6984828657515689, ""doppler"": 0.0, ""angle"": -10.800765129049354, ""elevation"": 0.0}, {""range"": 0.6679965190555348, ""doppler"": 0.0, ""angle"": -7.351397990507046, ""elevation"": 0.0}, {""range"": 0.7306638436968937, ""doppler"": 0.0, ""angle"": -10.633436996208795, ""elevation"": 0.0}, {""range"": 0.7524576405909799, ""doppler"": 0.0, ""angle"": -10.54354198211034, ""elevation"": 0.0}, {""range"": 0.8319941621737309, ""doppler"": 0.0, ""angle"": -8.478400674814727, ""elevation"": 0.0}, {""range"": 0.9066436399795015, ""doppler"": 0.0, ""angle"": -5.613893389488828, ""elevation"": 0.0}, {""range"": 0.9203266057700443, ""doppler"": 0.0, ""angle"": -4.636063200578813, ""elevation"": 0.0}, {""range"": 0.9317339370137777, ""doppler"": 0.0, ""angle"": -3.829435044431032, ""elevation"": 0.0}]",1785097250563.6138
11,"[{""range"": 0.8313819990911715, ""doppler"": 0.0, ""angle"": -28.731430028468573, ""elevation"": 0.0}, {""range"": 0.698986116589458, ""doppler"": 0.0, ""angle"": -23.00997895469982, ""elevation"": 0.0}, {""range"": 0.6502089707499844, ""doppler"": 0.0, ""angle"": -9.146289374532225, ""elevation"": 0.0}, {""range"": 0.7749073239009201, ""doppler"": 0.0, ""angle"": -7.451358349734471, ""elevation"": 0.0}, {""range"": 0.9037899615528586, ""doppler"": 0.0, ""angle"": -7.423099631129898, ""elevation"": 0.0}, {""range"": 0.919198608082355, ""doppler"": 0.0, ""angle"": -5.245893075284841, ""elevation"": 0.0}, {""range"": 0.931977127847442, ""doppler"": 0.0, ""angle"": -4.48976337750523, ""elevation"": 0.0}, {""range"": 2.6978969091745753, ""doppler"": 0.0, ""angle"": -1.8345095543976087, ""elevation"": 0.0}, {""range"": 2.8066681897291397, ""doppler"": 0.0, ""angle"": -3.2359182648419447, ""elevation"": 0.0}, {""range"": 0.7180197996886476, ""doppler"": 0.0, ""angle"": 29.380294410471183, ""elevation"": 0.0}, {""range"": 0.7168822124106425, ""doppler"": 0.0, ""angle"": 29.21840106497068, ""elevation"": 0.0}]",1785097250563.872
6,"[{""range"": 0.7636058074822477, ""doppler"": 0.0, ""angle"": -7.169948985043381, ""elevation"": 0.0}, {""range"": 0.8272149255404041, ""doppler"": 0.0, ""angle"": -5.345805940375746, ""elevation"": 0.0}, {""range"": 0.8976036502077701, ""doppler"": 0.0, ""angle"": -5.0859240893206135, ""elevation"": 0.0}, {""range"": 0.9205183295135899, ""doppler"": 0.0, ""angle"": -3.731155557569964, ""elevation"": 0.0}, {""range"": 2.803458257981497, ""doppler"": 0.0, ""angle"": -4.345730801791636, ""elevation"": 0.0}, {""range"": 0.7015731386410828, ""doppler"": 0.0, ""angle"": 28.714186579691873, ""elevation"": 0.0}]",1785097250564.127
9,"[{""range"": 0.8454722943253001, ""doppler"": 0.0, ""angle"": -22.062436288717283, ""elevation"": 0.0}, {""range"": 0.7702318011505165, ""doppler"": 0.0, ""angle"": -14.191096549023976, ""elevation"": 0.0}, {""range"": 0.9004228884440525, ""doppler"": 0.0, ""angle"": -8.818828691148692, ""elevation"": 0.0}, {""range"": 0.9116725285895678, ""doppler"": 0.0, ""angle"": -6.5660576672085735, ""elevation"": 0.0}, {""range"": 2.8005374629502007, ""doppler"": 0.0, ""angle"": -2.5690067476953695, ""elevation"": 0.0}, {""range"": 2.8159941360489236, ""doppler"": 0.0, ""angle"": -2.9009225364202944, ""elevation"": 0.0}, {""range"": 0.7060028167736049, ""doppler"": 0.0, ""angle"": 23.162386460774357, ""elevation"": 0.0}, {""range"": 0.7124383841912088, ""doppler"": 0.0, ""angle"": 26.39140864585924, ""elevation"": 0.0}, {""range"": 1.869690622282735, ""doppler"": 0.0, ""angle"": 39.45827717069209, ""elevation"": 0.0}]",1785097250564.3762
8,"[{""range"": 0.817793559729363, ""doppler"": 0.0, ""angle"": -18.89450959563447, ""elevation"": 0.0}, {""range"": 0.8864014683039105, ""doppler"": 0.0, ""angle"": -7.989527575227223, ""elevation"": 0.0}, {""range"": 0.9110812814749301, ""doppler"": 0.0, ""angle"": -5.462188033369577, ""elevation"": 0.0}, {""range"": 0.7621708762128471, ""doppler"": 0.0, ""angle"": 1.4519172952677832, ""elevation"": 0.0}, {""range"": 0.7379945909601261, ""doppler"": 0.0, ""angle"": 10.427774615360134, ""elevation"": 0.0}, {""range"": 0.7116209822621097, ""doppler"": 0.0, ""angle"": 13.233100531389107, ""elevation"": 0.0}, {""range"": 2.064741046365475, ""doppler"": 0.0, ""angle"": 32.81751261223668, ""elevation"": 0.0}, {""range"": 2.0817559474154845, ""doppler"": 0.0, ""angle"": 32.907916513763, ""elevation"": 0.0}]",1785097250564.631
5,"[{""range"": 0.7570482770492516, ""doppler"": 0.0, ""angle"": -22.409579409053595, ""elevation"": 0.0}, {""range"": 2.7773230442454158, ""doppler"": 0.0, ""angle"": -3.3736091241578987, ""elevation"": 0.0}, {""range"": 2.7986386851075413, ""doppler"": 0.0, ""angle"": -3.3735546783935386, ""elevation"": 0.0}, {""range"": 0.6859911514586214, ""doppler"": 0.0, ""angle"": 13.521873984615988, ""elevation"": 0.0}, {""range"": 0.6960225299698547, ""doppler"": 0.0, ""angle"": 16.246662530097144, ""elevation"": 0.0}]",1785097250564.8818
6,"[{""range"": 0.7037548098207184, ""doppler"": 0.0, ""angle"": -14.34342810195892, ""elevation"": 0.0}, {""range"": 0.7259309492249332, ""doppler"": 0.0, ""angle"": -8.698949615253229, ""elevation"": 0.0}, {""range"": 0.7473466081327617, ""doppler"": 0.0, ""angle"": -7.880005625732456, ""elevation"": 0.0}, {""range"": 2.66322302442445, ""doppler"": 0.0, ""angle"": 0.8963757351219842, ""elevation"": 0.0}, {""range"": 2.6907279390617003, ""doppler"": 0.0, ""angle"": -1.5689376872612508, ""elevation"": 0.0}, {""range"": 2.803020355280185, ""doppler"": 0.0, ""angle"": -2.4752639061233213, ""elevation"": 0.0}]",1785097250565.135
9,"[{""range"": 0.7223881556989725, ""doppler"": 0.0, ""angle"": -5.2406538105843605, ""elevation"": 0.0}, {""range"": 0.7418314326516644, ""doppler"": 0.0, ""angle"": -7.925022035181381, ""elevation"": 0.0}, {""range"": 0.6790230720041558, ""doppler"": 0.0, ""angle"": -2.414838145831019, ""elevation"": 0.0}, {""range"": 0.7073433097052336, ""doppler"": 0.0, ""angle"": -3.347748783130623, ""elevation"": 0.0}, {""range"": 2.79979549489922, ""doppler"": 0.0, ""angle"": -2.7162158028649257, ""elevation"": 0.0}, {""range"": 2.822166866587613, ""doppler"": 0.0, ""angle"": -1.9026215385041894, ""elevation"": 0.0}, {""range"": 1.8850800812499044, ""doppler"": 0.0, ""angle"": 46.85653148397589, ""elevation"": 0.0}, {""range"": 1.9187144854376224, ""doppler"": 0.0, ""angle"": 50.805644571344914, ""elevation"": 0.0}, {""range"": 1.9564979717656494, ""doppler"": 0.0, ""angle"": 50.11665430628658, ""elevation"": 0.0}]",1785097250565.3801
5,"[{""range"": 0.9159772017297203, ""doppler"": 0.0, ""angle"": -5.129619287287381, ""elevation"": 0.0}, {""range"": 0.6971616833394264, ""doppler"": 0.0, ""angle"": 9.075765782566823, ""elevation"": 0.0}, {""range"": 0.7087874447863892, ""doppler"": 0.0, ""angle"": 13.703193370136113, ""elevation"": 0.0}, {""range"": 1.8761207925084333, ""doppler"": 0.0, ""angle"": 42.18001751541365, ""elevation"": 0.0}, {""range"": 1.913452226641858, ""doppler"": 0.0, ""angle"": 49.71522131655501, ""elevation"": 0.0}]",1785097250565.6409
6,"[{""range"": 0.7209827724139405, ""doppler"": 0.0, ""angle"": -0.21315295828672876, ""elevation"": 0.0}, {""range"": 0.7358224684462192, ""doppler"": 0.0, ""angle"": 0.16708320903904356, ""elevation"": 0.0}, {""range"": 0.7442484271330329, ""doppler"": 0.0, ""angle"": -0.46804737401758906, ""elevation"": 0.0}, {""range"": 0.7784271905988961, ""doppler"": 0.0, ""angle"": -2.5410059131186586, ""elevation"": 0.0}, {""range"": 1.8806961494306025, ""doppler"": 0.0, ""angle"": 41.943886366916516, ""elevation"": 0.0}, {""range"": 1.9171570638288504, ""doppler"": 0.0, ""angle"": 47.328367624511365, ""elevation"": 0.0}]",1785097250565.896
8,"[{""range"": 2.8067184977019597, ""doppler"": 0.0, ""angle"": -4.157656481491772, ""elevation"": 0.0}, {""range"": 0.7187535470863843, ""doppler"": 0.0, ""angle"": 9.363900106897178, ""elevation"": 0.0}, {""range"": 0.7591524469908733, ""doppler"": 0.0, ""angle"": 6.641243690334365, ""elevation"": 0.0}, {""range"": 0.7361972940153065, ""doppler"": 0.0, ""angle"": 11.034277299345181, ""elevation"": 0.0}, {""range"": 0.8347958734842116, ""doppler"": 0.0, ""angle"": 32.50884352874284, ""elevation"": 0.0}, {""range"": 0.8908581991836787, ""doppler"": 0.0, ""angle"": 31.05448299179011, ""elevation"": 0.0}, {""range"": 0.8645860828297872, ""doppler"": 0.0, ""angle"": 35.34344621539704, ""elevation"": 0.0}, {""range"": 2.008995934908638, ""doppler"": 0.0, ""angle"": 54.56428876369418, ""elevation"": 0.0}]",1785097250566.14
12,"[{""range"": 0.6727827644661775, ""doppler"": 0.0, ""angle"": -13.855267263491655, ""elevation"": 0.0}, {""range"": 0.6840436785346223, ""doppler"": 0.0, ""angle"": -13.484082113819376, ""elevation"": 0.0}, {""range"": 2.8120607067546426, ""doppler"": 0.0, ""angle"": -3.043617318633116, ""elevation"": 0.0}, {""range"": 0.74451768590982, ""doppler"": 0.0, ""angle"": 7.3964046000028265, ""elevation"": 0.0}, {""range"": 0.7605893523925357, ""doppler"": 0.0, ""angle"": 7.089930144155214, ""elevation"": 0.0}, {""range"": 0.8253574331736907, ""doppler"": 0.0, ""angle"": 30.793449299343106, ""elevation"": 0.0}, {""range"": 0.9048145689971149, ""doppler"": 0.0, ""angle"": 30.787044130668836, ""elevation"": 0.0}, {""range"": 0.873658203349258, ""doppler"": 0.0, ""angle"": 34.77970427585169, ""elevation"": 0.0}, {""range"": 1.8750625598772601, ""doppler"": 0.0, ""angle"": 37.13216907516328, ""elevation"": 0.0}, {""range"": 1.9173743997333377, ""doppler"": 0.0, ""angle"": 38.67733270583356, ""elevation"": 0.0}, {""range"": 1.9683456883955215, ""doppler"": 0.0, ""angle"": 43.36195135620928, ""elevation"": 0.0}, {""range"": 2.0036368084220944, ""doppler"": 0.0, ""angle"": 46.01244309920162, ""elevation"": 0.0}]",1785097250566.3901
13,"[{""range"": 0.7020273547982832, ""doppler"": 0.0, ""angle"": -4.4848912874223235, ""elevation"": 0.0}, {""range"": 2.806158605490263, ""doppler"": 0.0, ""angle"": -2.520002066248209, ""elevation"": 0.0}, {""range"": 2.8209389595768513, ""doppler"": 0.0, ""angle"": -1.558264349435719, ""elevation"": 0.0}, {""range"": 0.7338398815924457, ""doppler"": 0.0, ""angle"": 15.272261396023405, ""elevation"": 0.0}, {""range"": 0.7559451440887514, ""doppler"": 0.0, ""angle"": 16.038477957501467, ""elevation"": 0.0}, {""range"": 0.8157063256159305, ""doppler"": 0.0, ""angle"": 15.160382247092135, ""elevation"": 0.0}, {""range"": 0.9341142888591071, ""doppler"": 0.0, ""angle"": 25.24548964383157, ""elevation"": 0.0}, {""range"": 0.886622887691415, ""doppler"": 0.0, ""angle"": 28.632592981699077, ""elevation"": 0.0}, {""range"": 0.9156352543937709, ""doppler"": 0.0, ""angle"": 26.665131039510246, ""elevation"": 0.0}, {""range"": 1.883044919030514, ""doppler"": 0.0, ""angle"": 37.914590451705365, ""elevation"": 0.0}, {""range"": 1.920803684939415, ""doppler"": 0.0, ""angle"": 39.765278227991104, ""elevation"": 0.0}, {""range"": 1.9646950975086668, ""doppler"": 0.0, ""angle"": 43.476946947092884, ""elevation"": 0.0}, {""range"": 1.9879520026187403, ""doppler"": 0.0, ""angle"": 49.81236592538297, ""elevation"": 0.0}]",1785097250566.643
13,"[{""range"": 0.7344463190392881, ""doppler"": 0.0, ""angle"": -4.062757704208065, ""elevation"": 0.0}, {""range"": 0.8206234931013667, ""doppler"": 0.0, ""angle"": -5.250944750041875, ""elevation"": 0.0}, {""range"": 0.8751159974588361, ""doppler"": 0.0, ""angle"": -6.452670623409245, ""elevation"": 0.0}, {""range"": 0.910287981491637, ""doppler"": 0.0, ""angle"": -4.642133694471689, ""elevation"": 0.0}, {""range"": 2.82207580798034, ""doppler"": 0.0, ""angle"": -5.209548261775799, ""elevation"": 0.0}, {""range"": 0.776969590520203, ""doppler"": 0.0, ""angle"": -1.7936174201307258, ""elevation"": 0.0}, {""range"": 0.6616558723815515, ""doppler"": 0.0, ""angle"": 25.67171664060599, ""elevation"": 0.0}, {""range"": 0.6474720956322952, ""doppler"": 0.0, ""angle"": 28.504379878002183, ""elevation"": 0.0}, {""range"": 1.8451559656281775, ""doppler"": 0.0, ""angle"": 38.35369949798277, ""elevation"": 0.0}, {""range"": 1.8760752790569586, ""doppler"": 0.0, ""angle"": 40.760039484905136, ""elevation"": 0.0}, {""range"": 1.915841181828473, ""doppler"": 0.0, ""angle"": 44.78067984550584, ""elevation"": 0.0}, {""range"": 1.9562514513991203, ""doppler"": 0.0, ""angle"": 47.322580652685474, ""elevation"": 0.0}, {""range"": 1.985852433250627, ""doppler"": 0.0, ""angle"": 49.70032409824141, ""elevation"": 0.0}]",1785097250566.892
14,"[{""range"": 0.6730150296412908, ""doppler"": 0.0, ""angle"": -12.038406516877565, ""elevation"": 0.0}, {""range"": 0.887891925643781, ""doppler"": 0.0, ""angle"": -3.7181303791237306, ""elevation"": 0.0}, {""range"": 0.90861189509182, ""doppler"": 0.0, ""angle"": -4.594152978377374, ""elevation"": 0.0}, {""range"": 2.804416850640336, ""doppler"": 0.0, ""angle"": -4.905020324183245, ""elevation"": 0.0}, {""range"": 0.6856344880517276, ""doppler"": 0.0, ""angle"": 10.093675408730933, ""elevation"": 0.0}, {""range"": 0.606311223548559, ""doppler"": 0.0, ""angle"": 29.778415787468994, ""elevation"": 0.0}, {""range"": 0.619125140007964, ""doppler"": 0.0, ""angle"": 30.801992662899558, ""elevation"": 0.0}, {""range"": 0.7577730317021832, ""doppler"": 0.0, ""angle"": 29.674448073053338, ""elevation"": 0.0}, {""range"": 0.7737176657865298, ""doppler"": 0.0, ""angle"": 33.76719146951397, ""elevation"": 0.0}, {""range"": 0.7870699613107687, ""doppler"": 0.0, ""angle"": 36.724107172924796, ""elevation"": 0.0}, {""range"": 1.8794648126845017, ""doppler"": 0.0, ""angle"": 39.622707644837405, ""elevation"": 0.0}, {""range"": 1.9203551708434792, ""doppler"": 0.0, ""angle"": 45.59229057463604, ""elevation"": 0.0}, {""range"": 1.9584578830767492, ""doppler"": 0.0, ""angle"": 51.219276833898945, ""elevation"": 0.0}, {""range"": 1.9906645452902894, ""doppler"": 0.0, ""angle"": 46.81264477212117, ""elevation"": 0.0}]",1785097250567.1292
13,"[{""range"": 0.6784362796058775, ""doppler"": 0.0, ""angle"": -14.812740181464063, ""elevation"": 0.0}, {""range"": 0.8053087581450569, ""doppler"": 0.0, ""angle"": -11.255041916466874, ""elevation"": 0.0}, {""range"": 1.1071844902782138, ""doppler"": 0.0, ""angle"": -14.411043056540825, ""elevation"": 0.0}, {""range"": 1.1225324125071405, ""doppler"": 0.0, ""angle"": -15.882711820736677, ""elevation"": 0.0}, {""range"": 0.7027985687504683, ""doppler"": 0.0, ""angle"": -9.179524404863386, ""elevation"": 0.0}, {""range"": 2.8023053277886656, ""doppler"": 0.0, ""angle"": -4.373188597589803, ""elevation"": 0.0}, {""range"": 2.813852484228788, ""doppler"": 0.0, ""angle"": -3.8332083838271704, ""elevation"": 0.0}, {""range"": 0.7348527185102633, ""doppler"": 0.0, ""angle"": -2.0359539041061074, ""elevation"": 0.0}, {""range"": 0.7581379538509666, ""doppler"": 0.0, ""angle"": -2.7308104773504818, ""elevation"": 0.0}, {""range"": 1.8777367801784013, ""doppler"": 0.0, ""angle"": 36.668018294438646, ""elevation"": 0.0}, {""range"": 1.920753595336623, ""doppler"": 0.0, ""angle"": 43.868415924926886, ""elevation"": 0.0}, {""range"": 1.9626474067175501, ""doppler"": 0.0, ""angle"": 49.96718259530642, ""elevation"": 0.0}, {""range"": 1.9945093239830447, ""doppler"": 0.0, ""angle"": 48.6091873260649, ""elevation"": 0.0}]",1785097250567.364
14,"[{""range"": 0.6798937754098923, ""doppler"": 0.0, ""angle"": -23.153081564113545, ""elevation"": 0.0}, {""range"": 0.8821419324160937, ""doppler"": 0.0, ""angle"": -5.688635862091587, ""elevation"": 0.0}, {""range"": 0.9106782136557884, ""doppler"": 0.0, ""angle"": -6.312859531727328, ""elevation"": 0.0}, {""range"": 0.8225460415278152, ""doppler"": 0.0, ""angle"": -0.12455584620725325, ""elevation"": 0.0}, {""range"": 2.7734391979917583, ""doppler"": 0.0, ""angle"": -0.9641982698503875, ""elevation"": 0.0}, {""range"": 2.802277738169895, ""doppler"": 0.0, ""angle"": -2.856562835264532, ""elevation"": 0.0}, {""range"": 0.7296788684674431, ""doppler"": 0.0, ""angle"": 15.565448309026518, ""elevation"": 0.0}, {""range"": 0.7473785242611822, ""doppler"": 0.0, ""angle"": 16.184534909231246, ""elevation"": 0.0}, {""range"": 0.7638482761409424, ""doppler"": 0.0, ""angle"": 12.217476014238217, ""elevation"": 0.0}, {""range"": 1.844854800368763, ""doppler"": 0.0, ""angle"": 38.09952284618171, ""elevation"": 0.0}, {""range"": 1.8712657805510202, ""doppler"": 0.0, ""angle"": 39.4824042266985, ""elevation"": 0.0}, {""range"": 1.9146892853735094, ""doppler"": 0.0, ""angle"": 44.981081761397704, ""elevation"": 0.0}, {""range"": 1.9615382058228805, ""doppler"": 0.0, ""angle"": 50.062685494503654, ""elevation"": 0.0}, {""range"": 1.993944913023106, ""doppler"": 0.0, ""angle"": 48.464602658587225, ""elevation"": 0.0}]",1785097250567.6018
10,"[{""range"": 0.6777045751938623, ""doppler"": 0.0, ""angle"": -15.56538162440843, ""elevation"": 0.0}, {""range"": 0.8608977508518202, ""doppler"": 0.0, ""angle"": -5.662042421414409, ""elevation"": 0.0}, {""range"": 0.9079735103793507, ""doppler"": 0.0, ""angle"": -6.411217990649052, ""elevation"": 0.0}, {""range"": 2.805347755780186, ""doppler"": 0.0, ""angle"": -3.808244488549942, ""elevation"": 0.0}, {""range"": 0.8116585875981637, ""doppler"": 0.0, ""angle"": 1.2749930590337346, ""elevation"": 0.0}, {""range"": 0.8048713930039715, ""doppler"": 0.0, ""angle"": 5.149483819682975, ""elevation"": 0.0}, {""range"": 0.7740883511579462, ""doppler"": 0.0, ""angle"": 23.59830585877678, ""elevation"": 0.0}, {""range"": 1.9204194064927584, ""doppler"": 0.0, ""angle"": 40.38140584711839, ""elevation"": 0.0}, {""range"": 1.9666947444156997, ""doppler"": 0.0, ""angle"": 42.3763625966727, ""elevation"": 0.0}, {""range"": 1.9980174292662591, ""doppler"": 0.0, ""angle"": 42.04362134205305, ""elevation"": 0.0}]",1785097250567.828
15,"[{""range"": 0.685673450315068, ""doppler"": 0.0, ""angle"": -16.63913478061172, ""elevation"": 0.0}, {""range"": 0.7070351352294519, ""doppler"": 0.0, ""angle"": -14.904348160946206, ""elevation"": 0.0}, {""range"": 0.750756388283874, ""doppler"": 0.0, ""angle"": -7.967988616759079, ""elevation"": 0.0}, {""range"": 0.8318350615610328, ""doppler"": 0.0, ""angle"": -4.747276436476944, ""elevation"": 0.0}, {""range"": 2.7261317847446547, ""doppler"": 0.0, ""angle"": -5.438728639240144, ""elevation"": 0.0}, {""range"": 2.7560410771691513, ""doppler"": 0.0, ""angle"": -8.713660035709824, ""elevation"": 0.0}, {""range"": 2.7845915079567667, ""doppler"": 0.0, ""angle"": -3.6486290990217083, ""elevation"": 0.0}, {""range"": 0.789981930500182, ""doppler"": 0.0, ""angle"": -2.698551711853403, ""elevation"": 0.0}, {""range"": 0.8048710950579645, ""doppler"": 0.0, ""angle"": -3.4516732351655963, ""elevation"": 0.0}, {""range"": 2.815207562752248, ""doppler"": 0.0, ""angle"": -1.4121774365730018, ""elevation"": 0.0}, {""range"": 1.8470330418406213, ""doppler"": 0.0, ""angle"": 38.53419781079606, ""elevation"": 0.0}, {""range"": 1.8811511192361139, ""doppler"": 0.0, ""angle"": 38.95410562746685, ""elevation"": 0.0}, {""range"": 1.9183053532680263, ""doppler"": 0.0, ""angle"": 38.83997257577801, ""elevation"": 0.0}, {""range"": 1.957679142060351, ""doppler"": 0.0, ""angle"": 41.61572037709647, ""elevation"": 0.0}, {""range"": 1.9883339311885855, ""doppler"": 0.0, ""angle"": 47.620595506555645, ""elevation"": 0.0}]",1785097250568.062
14,"[{""range"": 0.6814075384537942, ""doppler"": 0.0, ""angle"": -19.81868171538423, ""elevation"": 0.0}, {""range"": 0.6907507294631207, ""doppler"": 0.0, ""angle"": -19.64983319804527, ""elevation"": 0.0}, {""range"": 0.7179409747932758, ""doppler"": 0.0, ""angle"": -16.73341557608997, ""elevation"": 0.0}, {""range"": 0.8644022610204407, ""doppler"": 0.0, ""angle"": -11.140246901539742, ""elevation"": 0.0}, {""range"": 1.1426259794038935, ""doppler"": 0.0, ""angle"": -4.865654966254383, ""elevation"": 0.0}, {""range"": 2.8066298429648815, ""doppler"": 0.0, ""angle"": -7.869398935037188, ""elevation"": 0.0}, {""range"": 2.822673158683324, ""doppler"": 0.0, ""angle"": -7.084948432274557, ""elevation"": 0.0}, {""range"": 2.853574577260968, ""doppler"": 0.0, ""angle"": -4.506924254179314, ""elevation"": 0.0}, {""range"": 0.8079890203797988, ""doppler"": 0.0, ""angle"": 5.473391908507593, ""elevation"": 0.0}, {""range"": 0.7810272515464286, ""doppler"": 0.0, ""angle"": 19.472050957258336, ""elevation"": 0.0}, {""range"": 1.8795686882298819, ""doppler"": 0.0, ""angle"": 40.7833937345771, ""elevation"": 0.0}, {""range"": 1.920278944415967, ""doppler"": 0.0, ""angle"": 45.97715957266687, ""elevation"": 0.0}, {""range"": 1.9658601443462402, ""doppler"": 0.0, ""angle"": 50.18842341057381, ""elevation"": 0.0}, {""range"": 1.9992475590419452, ""doppler"": 0.0, ""angle"": 50.9352247585824, ""elevation"": 0.0}]",1785097250603.3652
12,"[{""range"": 0.7050849065088073, ""doppler"": 0.0, ""angle"": -17.626207447130515, ""elevation"": 0.0}, {""range"": 0.7551930415476207, ""doppler"": 0.0, ""angle"": -6.280265212471579, ""elevation"": 0.0}, {""range"": 0.8583866395254679, ""doppler"": 0.0, ""angle"": -3.5949472943866114, ""elevation"": 0.0}, {""range"": 1.1410353099479948, ""doppler"": 0.0, ""angle"": -7.537088909958418, ""elevation"": 0.0}, {""range"": 2.8032804429332616, ""doppler"": 0.0, ""angle"": -4.804312075175896, ""elevation"": 0.0}, {""range"": 0.7968876637429787, ""doppler"": 0.0, ""angle"": 0.8742842482429332, ""elevation"": 0.0}, {""range"": 0.8230269481645368, ""doppler"": 0.0, ""angle"": -2.851837375308581, ""elevation"": 0.0}, {""range"": 0.8985798029846482, ""doppler"": 0.0, ""angle"": -2.851587181812708, ""elevation"": 0.0}, {""range"": 0.7622596619788301, ""doppler"": 0.0, ""angle"": 14.717566568058123, ""elevation"": 0.0}, {""range"": 2.9187514552274325, ""doppler"": 0.0, ""angle"": 23.252516587958613, ""elevation"": 0.0}, {""range"": 1.8418391546856672, ""doppler"": 0.0, ""angle"": 29.49925947986636, ""elevation"": 0.0}, {""range"": 1.866524814885494, ""doppler"": 0.0, ""angle"": 31.21698029513775, ""elevation"": 0.0}]",1785097250703.5688
10,"[{""range"": 0.7135905611587572, ""doppler"": 0.0, ""angle"": -12.76862882558876, ""elevation"": 0.0}, {""range"": 0.8905767816830045, ""doppler"": 0.0, ""angle"": -4.214299291112558, ""elevation"": 0.0}, {""range"": 0.7923970983443206, ""doppler"": 0.0, ""angle"": 1.8880460016712164, ""elevation"": 0.0}, {""range"": 0.8079055965188499, ""doppler"": 0.0, ""angle"": 0.44384952829215646, ""elevation"": 0.0}, {""range"": 0.8428596377402685, ""doppler"": 0.0, ""angle"": 0.9238493236654985, ""elevation"": 0.0}, {""range"": 0.7726105020249188, ""doppler"": 0.0, ""angle"": 7.166135747262913, ""elevation"": 0.0}, {""range"": 1.8751945924009414, ""doppler"": 0.0, ""angle"": 37.50696470322145, ""elevation"": 0.0}, {""range"": 1.9180833385684741, ""doppler"": 0.0, ""angle"": 36.62312339814174, ""elevation"": 0.0}, {""range"": 1.9645259656631389, ""doppler"": 0.0, ""angle"": 40.041280670477505, ""elevation"": 0.0}, {""range"": 2.0001019186811195, ""doppler"": 0.0, ""angle"": 46.36927288228217, ""elevation"": 0.0}]",1785097250798.075
12,"[{""range"": 0.6934415439520156, ""doppler"": 0.0, ""angle"": -11.211416514493623, ""elevation"": 0.0}, {""range"": 0.7222930301641014, ""doppler"": 0.0, ""angle"": -11.799532966789569, ""elevation"": 0.0}, {""range"": 0.7473825243768708, ""doppler"": 0.0, ""angle"": -11.062598625825665, ""elevation"": 0.0}, {""range"": 0.7899340877443917, ""doppler"": 0.0, ""angle"": -10.895324303182571, ""elevation"": 0.0}, {""range"": 0.7652632241601709, ""doppler"": 0.0, ""angle"": -10.20186553472256, ""elevation"": 0.0}, {""range"": 0.9248309580591897, ""doppler"": 0.0, ""angle"": 26.639364727511783, ""elevation"": 0.0}, {""range"": 0.9556379442645454, ""doppler"": 0.0, ""angle"": 31.26896831037437, ""elevation"": 0.0}, {""range"": 0.9631882243766237, ""doppler"": 0.0, ""angle"": 31.33224825032694, ""elevation"": 0.0}, {""range"": 0.855294133109782, ""doppler"": 0.0, ""angle"": 35.7270570180766, ""elevation"": 0.0}, {""range"": 1.926113888490531, ""doppler"": 0.0, ""angle"": 41.89548682187213, ""elevation"": 0.0}, {""range"": 1.961063186997338, ""doppler"": 0.0, ""angle"": 42.76815423308169, ""elevation"": 0.0}, {""range"": 1.99764417868515, ""doppler"": 0.0, ""angle"": 51.155168343274006, ""elevation"": 0.0}]",1785097250907.9539
13,"[{""range"": 1.5957346782987583, ""doppler"": 0.0, ""angle"": -4.853217092655342, ""elevation"": 0.0}, {""range"": 1.6153348639491296, ""doppler"": 0.0, ""angle"": -5.3672706612016094, ""elevation"": 0.0}, {""range"": 1.528850940213893, ""doppler"": 0.0, ""angle"": 1.7426057873711442, ""elevation"": 0.0}, {""range"": 1.5650407332798038, ""doppler"": 0.0, ""angle"": -3.392985239596905, ""elevation"": 0.0}, {""range"": 2.760098595960795, ""doppler"": 0.0, ""angle"": 1.6743172409201126, ""elevation"": 0.0}, {""range"": 2.7954131107066305, ""doppler"": 0.0, ""angle"": -0.18691705935203726, ""elevation"": 0.0}, {""range"": 0.6868085164801734, ""doppler"": 0.0, ""angle"": 11.854085587462135, ""elevation"": 0.0}, {""range"": 0.701640564092955, ""doppler"": 0.0, ""angle"": 15.778920499495712, ""elevation"": 0.0}, {""range"": 0.7121607681061508, ""doppler"": 0.0, ""angle"": 20.396086217814833, ""elevation"": 0.0}, {""range"": 1.8519226975909517, ""doppler"": 0.0, ""angle"": 35.893963039689886, ""elevation"": 0.0}, {""range"": 1.8714535664171799, ""doppler"": 0.0, ""angle"": 40.52825801917482, ""elevation"": 0.0}, {""range"": 1.909385045738495, ""doppler"": 0.0, ""angle"": 44.85202765161215, ""elevation"": 0.0}, {""range"": 1.9545657048747154, ""doppler"": 0.0, ""angle"": 46.64589232686149, ""elevation"": 0.0}]",1785097251004.513
7,"[{""range"": 0.6992219557553498, ""doppler"": 0.0, ""angle"": -3.959299855390554, ""elevation"": 0.0}, {""range"": 0.7145193824645735, ""doppler"": 0.0, ""angle"": -5.572197803963795, ""elevation"": 0.0}, {""range"": 0.7401062731266898, ""doppler"": 0.0, ""angle"": -7.664165945880311, ""elevation"": 0.0}, {""range"": 0.7971311198284878, ""doppler"": 0.0, ""angle"": -8.917167679930248, ""elevation"": 0.0}, {""range"": 1.5951316881733135, ""doppler"": 0.0, ""angle"": -7.944803228151146, ""elevation"": 0.0}, {""range"": 0.6799492433301413, ""doppler"": 0.0, ""angle"": -2.8037144315998077, ""elevation"": 0.0}, {""range"": 2.067637770318839, ""doppler"": 0.0, ""angle"": 48.8886562147698, ""elevation"": 0.0}]",1785097251093.905
8,"[{""range"": 0.9235589973864468, ""doppler"": 0.0, ""angle"": -5.399314078121367, ""elevation"": 0.0}, {""range"": 0.66802842108425, ""doppler"": 0.0, ""angle"": 2.9305679558035287, ""elevation"": 0.0}, {""range"": 0.690063823835681, ""doppler"": 0.0, ""angle"": -0.44541040673511584, ""elevation"": 0.0}, {""range"": 0.7052586825694992, ""doppler"": 0.0, ""angle"": -0.3922317141858289, ""elevation"": 0.0}, {""range"": 2.7925085873396815, ""doppler"": 0.0, ""angle"": -2.231222219258617, ""elevation"": 0.0}, {""range"": 0.7390423819468919, ""doppler"": 0.0, ""angle"": 9.694785909007724, ""elevation"": 0.0}, {""range"": 2.74944150167145, ""doppler"": 0.0, ""angle"": 4.184644194938684, ""elevation"": 0.0}, {""range"": 2.704855189572175, ""doppler"": 0.0, ""angle"": 11.384958992842295, ""elevation"": 0.0}]",1785097251194.416
10,"[{""range"": 0.7123582010865118, ""doppler"": 0.0, ""angle"": -25.69027622016362, ""elevation"": 0.0}, {""range"": 0.6613662222974712, ""doppler"": 0.0, ""angle"": -7.378646366513454, ""elevation"": 0.0}, {""range"": 1.5481224357266683, ""doppler"": 0.0, ""angle"": -5.627621684291124, ""elevation"": 0.0}, {""range"": 1.5777656792132495, ""doppler"": 0.0, ""angle"": -6.769016452244381, ""elevation"": 0.0}, {""range"": 1.6062428834649234, ""doppler"": 0.0, ""angle"": -6.776910400376289, ""elevation"": 0.0}, {""range"": 1.621264329847259, ""doppler"": 0.0, ""angle"": -6.414861915539069, ""elevation"": 0.0}, {""range"": 2.8081672447303974, ""doppler"": 0.0, ""angle"": -3.8482937261100627, ""elevation"": 0.0}, {""range"": 0.6427380993817673, ""doppler"": 0.0, ""angle"": -0.9086214943356478, ""elevation"": 0.0}, {""range"": 0.7662239054982343, ""doppler"": 0.0, ""angle"": 19.906567494008474, ""elevation"": 0.0}, {""range"": 2.053338775026905, ""doppler"": 0.0, ""angle"": 46.19966236613239, ""elevation"": 0.0}]",1785097251307.2278
11,"[{""range"": 1.3194171678527227, ""doppler"": 0.0, ""angle"": -7.710609950070915, ""elevation"": 0.0}, {""range"": 1.7683707729983158, ""doppler"": 0.0, ""angle"": -5.494986263453569, ""elevation"": 0.0}, {""range"": 1.7917499745953247, ""doppler"": 0.0, ""angle"": -7.2987790888203605, ""elevation"": 0.0}, {""range"": 1.8228174676368631, ""doppler"": 0.0, ""angle"": -7.224708367033012, ""elevation"": 0.0}, {""range"": 1.8533180380665288, ""doppler"": 0.0, ""angle"": -8.025342695014253, ""elevation"": 0.0}, {""range"": 2.8037117418345097, ""doppler"": 0.0, ""angle"": -4.015582622912016, ""elevation"": 0.0}, {""range"": 0.670019247887676, ""doppler"": 0.0, ""angle"": -0.1834926617499005, ""elevation"": 0.0}, {""range"": 0.6828329853637255, ""doppler"": 0.0, ""angle"": -1.0803580955507401, ""elevation"": 0.0}, {""range"": 0.6958201861881355, ""doppler"": 0.0, ""angle"": -0.7214969927775136, ""elevation"": 0.0}, {""range"": 0.7288457937282449, ""doppler"": 0.0, ""angle"": 0.042170585746083955, ""elevation"": 0.0}, {""range"": 0.6186627488512835, ""doppler"": 0.0, ""angle"": 13.301207542705283, ""elevation"": 0.0}]",1785097251407.805
7,"[{""range"": 0.6766234687443798, ""doppler"": 0.0, ""angle"": -7.333486649513798, ""elevation"": 0.0}, {""range"": 0.6872083780208025, ""doppler"": 0.0, ""angle"": -6.154151105372063, ""elevation"": 0.0}, {""range"": 0.6982380763337227, ""doppler"": 0.0, ""angle"": -4.995163146636345, ""elevation"": 0.0}, {""range"": 2.812371580681814, ""doppler"": 0.0, ""angle"": -4.379426735631097, ""elevation"": 0.0}, {""range"": 1.521175226053047, ""doppler"": 0.0, ""angle"": 0.1481726036479212, ""elevation"": 0.0}, {""range"": 1.540872583295672, ""doppler"": 0.0, ""angle"": -1.2900177516128037, ""elevation"": 0.0}, {""range"": 1.8720123786751728, ""doppler"": 0.0, ""angle"": 36.68929257738625, ""elevation"": 0.0}]",1785097251498.091
10,"[{""range"": 1.7491040978796308, ""doppler"": 0.0, ""angle"": -5.95014013631685, ""elevation"": 0.0}, {""range"": 1.7721473931217349, ""doppler"": 0.0, ""angle"": -6.070132406972547, ""elevation"": 0.0}, {""range"": 0.7168750314430936, ""doppler"": 0.0, ""angle"": 1.3149416727220467, ""elevation"": 0.0}, {""range"": 2.810085623769917, ""doppler"": 0.0, ""angle"": -3.3050155402647685, ""elevation"": 0.0}, {""range"": 2.822116584743697, ""doppler"": 0.0, ""angle"": -2.2731982644349484, ""elevation"": 0.0}, {""range"": 0.7040635572542737, ""doppler"": 0.0, ""angle"": 5.070589062086076, ""elevation"": 0.0}, {""range"": 1.8748274002794325, ""doppler"": 0.0, ""angle"": 38.451569501646084, ""elevation"": 0.0}, {""range"": 1.9117570312896177, ""doppler"": 0.0, ""angle"": 41.0558566595855, ""elevation"": 0.0}, {""range"": 2.0127454116672436, ""doppler"": 0.0, ""angle"": 46.760343150615505, ""elevation"": 0.0}, {""range"": 2.052762354074913, ""doppler"": 0.0, ""angle"": 45.01764575845445, ""elevation"": 0.0}]",1785097251597.337
6,"[{""range"": 0.671602213905583, ""doppler"": 0.0, ""angle"": -3.938888778507806, ""elevation"": 0.0}, {""range"": 1.5460771553453618, ""doppler"": 0.0, ""angle"": -5.029443244581861, ""elevation"": 0.0}, {""range"": 1.570944080517234, ""doppler"": 0.0, ""angle"": -4.439221102828377, ""elevation"": 0.0}, {""range"": 2.8097741100138793, ""doppler"": 0.0, ""angle"": -4.1092575096110915, ""elevation"": 0.0}, {""range"": 0.6804230874060001, ""doppler"": 0.0, ""angle"": -3.5256151971744583, ""elevation"": 0.0}, {""range"": 1.5311870712179887, ""doppler"": 0.0, ""angle"": -2.1483376452417544, ""elevation"": 0.0}]",1785097251697.993
9,"[{""range"": 1.3256549840029022, ""doppler"": 0.0, ""angle"": -6.358114545882047, ""elevation"": 0.0}, {""range"": 0.6655497153037205, ""doppler"": 0.0, ""angle"": -2.3096829994095147, ""elevation"": 0.0}, {""range"": 0.6760105425500982, ""doppler"": 0.0, ""angle"": -0.9548412538721887, ""elevation"": 0.0}, {""range"": 2.7653483773145044, ""doppler"": 0.0, ""angle"": -1.1189448694226678, ""elevation"": 0.0}, {""range"": 2.8025027773243996, ""doppler"": 0.0, ""angle"": -2.6477141013555814, ""elevation"": 0.0}, {""range"": 1.8739328438721707, ""doppler"": 0.0, ""angle"": 34.90020155324809, ""elevation"": 0.0}, {""range"": 1.8995008670541529, ""doppler"": 0.0, ""angle"": 41.3858387824798, ""elevation"": 0.0}, {""range"": 2.016490517088149, ""doppler"": 0.0, ""angle"": 62.06469343932272, ""elevation"": 0.0}, {""range"": 2.0448497690016207, ""doppler"": 0.0, ""angle"": 56.654556227100855, ""elevation"": 0.0}]",1785097251794.5652
10,"[{""range"": 0.13734795954984963, ""doppler"": 0.0, ""angle"": -5.153908561227802, ""elevation"": 0.0}, {""range"": 0.1474130839023223, ""doppler"": 0.0, ""angle"": -5.918060352107626, ""elevation"": 0.0}, {""range"": 0.09159201611897665, ""doppler"": 0.0, ""angle"": -1.6781072899147245, ""elevation"": 0.0}, {""range"": 0.6591897534679714, ""doppler"": 0.0, ""angle"": -0.9014869736234511, ""elevation"": 0.0}, {""range"": 0.6703323957501394, ""doppler"": 0.0, ""angle"": -1.1616549014700084, ""elevation"": 0.0}, {""range"": 0.8634337400605698, ""doppler"": 0.0, ""angle"": 40.75058920858845, ""elevation"": 0.0}, {""range"": 0.8828282980824406, ""doppler"": 0.0, ""angle"": 37.536043642608426, ""elevation"": 0.0}, {""range"": 0.8872782737126578, ""doppler"": 0.0, ""angle"": 36.708241300680456, ""elevation"": 0.0}, {""range"": 1.8801396800614978, ""doppler"": 0.0, ""angle"": 36.20725843303579, ""elevation"": 0.0}, {""range"": 1.910201109707194, ""doppler"": 0.0, ""angle"": 37.37728742079482, ""elevation"": 0.0}]",1785097251904.0908
6,"[{""range"": 2.7141943970621463, ""doppler"": 0.0, ""angle"": 0.6152887766421693, ""elevation"": 0.0}, {""range"": 2.7613117559044875, ""doppler"": 0.0, ""angle"": -2.943559354695788, ""elevation"": 0.0}, {""range"": 2.800361974392091, ""doppler"": 0.0, ""angle"": -3.089318741587696, ""elevation"": 0.0}, {""range"": 2.816258639859526, ""doppler"": 0.0, ""angle"": -3.3342032585433543, ""elevation"": 0.0}, {""range"": 1.879125084589188, ""doppler"": 0.0, ""angle"": 39.13749618130552, ""elevation"": 0.0}, {""range"": 1.9001143416538286, ""doppler"": 0.0, ""angle"": 39.639192674199435, ""elevation"": 0.0}]",1785097251993.221
6,"[{""range"": 1.629956925913334, ""doppler"": 0.0, ""angle"": -6.488041641700264, ""elevation"": 0.0}, {""range"": 2.809549892271299, ""doppler"": 0.0, ""angle"": -4.197334704828318, ""elevation"": 0.0}, {""range"": 0.6894436694190555, ""doppler"": 0.0, ""angle"": 7.346198893142874, ""elevation"": 0.0}, {""range"": 0.7106026153569323, ""doppler"": 0.0, ""angle"": 15.470087513761793, ""elevation"": 0.0}, {""range"": 0.8935188444405998, ""doppler"": 0.0, ""angle"": 34.176637437659565, ""elevation"": 0.0}, {""range"": 0.9020649037120523, ""doppler"": 0.0, ""angle"": 26.133309237267504, ""elevation"": 0.0}]",1785097252093.686
9,"[{""range"": 1.564896620751091, ""doppler"": 0.0, ""angle"": -4.462977669347789, ""elevation"": 0.0}, {""range"": 1.6065712349047439, ""doppler"": 0.0, ""angle"": -7.238127037323315, ""elevation"": 0.0}, {""range"": 1.6298143943377865, ""doppler"": 0.0, ""angle"": -8.562159532574826, ""elevation"": 0.0}, {""range"": 0.6731928331870913, ""doppler"": 0.0, ""angle"": -1.1567182867576824, ""elevation"": 0.0}, {""range"": 0.6814886419026714, ""doppler"": 0.0, ""angle"": -0.5261862780060306, ""elevation"": 0.0}, {""range"": 0.694102742395409, ""doppler"": 0.0, ""angle"": -1.6977026339171437, ""elevation"": 0.0}, {""range"": 0.7311512637823204, ""doppler"": 0.0, ""angle"": -2.8036259907591825, ""elevation"": 0.0}, {""range"": 1.5198028289076293, ""doppler"": 0.0, ""angle"": -1.3483629974277644, ""elevation"": 0.0}, {""range"": 2.7999762262737553, ""doppler"": 0.0, ""angle"": -3.4635808014968212, ""elevation"": 0.0}]",1785097252193.6208
7,"[{""range"": 2.693176591404755, ""doppler"": 0.0, ""angle"": -10.892136392988881, ""elevation"": 0.0}, {""range"": 0.6943161095862131, ""doppler"": 0.0, ""angle"": -5.186413269914537, ""elevation"": 0.0}, {""range"": 0.7307752720384112, ""doppler"": 0.0, ""angle"": -8.95294761340777, ""elevation"": 0.0}, {""range"": 0.6731057423948495, ""doppler"": 0.0, ""angle"": -1.9943422610801922, ""elevation"": 0.0}, {""range"": 0.6805999656969595, ""doppler"": 0.0, ""angle"": -3.2683409524157603, ""elevation"": 0.0}, {""range"": 1.3251908393927618, ""doppler"": 0.0, ""angle"": -0.06184942086961695, ""elevation"": 0.0}, {""range"": 1.9637504288302123, ""doppler"": 0.0, ""angle"": 46.841187399051805, ""elevation"": 0.0}]",1785097252293.233
9,"[{""range"": 0.7167984225451088, ""doppler"": 0.0, ""angle"": -37.081436258777906, ""elevation"": 0.0}, {""range"": 0.7530311455915766, ""doppler"": 0.0, ""angle"": -32.39188733597506, ""elevation"": 0.0}, {""range"": 0.839390510549284, ""doppler"": 0.0, ""angle"": -15.430681619841975, ""elevation"": 0.0}, {""range"": 0.9163478437992028, ""doppler"": 0.0, ""angle"": -4.611368310987156, ""elevation"": 0.0}, {""range"": 1.6499220730512827, ""doppler"": 0.0, ""angle"": -9.777764827033891, ""elevation"": 0.0}, {""range"": 2.798369230849581, ""doppler"": 0.0, ""angle"": -2.941204859149857, ""elevation"": 0.0}, {""range"": 0.6586599802239206, ""doppler"": 0.0, ""angle"": 12.3685284142312, ""elevation"": 0.0}, {""range"": 0.67309669304619, ""doppler"": 0.0, ""angle"": 15.91194339880486, ""elevation"": 0.0}, {""range"": 2.673464713250263, ""doppler"": 0.0, ""angle"": 63.07161711164284, ""elevation"": 0.0}]",1785097252394.4211
10,"[{""range"": 1.6231194548595202, ""doppler"": 0.0, ""angle"": -6.375741515125262, ""elevation"": 0.0}, {""range"": 1.6356884789307942, ""doppler"": 0.0, ""angle"": -8.239942308950647, ""elevation"": 0.0}, {""range"": 1.6570797761942224, ""doppler"": 0.0, ""angle"": -8.082886333625297, ""elevation"": 0.0}, {""range"": 2.822749336505477, ""doppler"": 0.0, ""angle"": -4.825733595313257, ""elevation"": 0.0}, {""range"": 0.6722112161235935, ""doppler"": 0.0, ""angle"": 1.4938036439922078, ""elevation"": 0.0}, {""range"": 0.6793199965311344, ""doppler"": 0.0, ""angle"": 2.640227503632611, ""elevation"": 0.0}, {""range"": 1.579307363731891, ""doppler"": 0.0, ""angle"": -1.524672088271724, ""elevation"": 0.0}, {""range"": 0.6906578898722161, ""doppler"": 0.0, ""angle"": 5.124592072630584, ""elevation"": 0.0}, {""range"": 0.9531197015549304, ""doppler"": 0.0, ""angle"": 45.273631252435685, ""elevation"": 0.0}, {""range"": 2.6673092535750484, ""doppler"": 0.0, ""angle"": 54.91955705957688, ""elevation"": 0.0}]",1785097252504.537
4,"[{""range"": 0.9151418522073436, ""doppler"": 0.0, ""angle"": -4.785954940418629, ""elevation"": 0.0}, {""range"": 2.805661362190365, ""doppler"": 0.0, ""angle"": -4.009127057328886, ""elevation"": 0.0}, {""range"": 2.817501234565649, ""doppler"": 0.0, ""angle"": -4.360497204578953, ""elevation"": 0.0}, {""range"": 2.695163081942958, ""doppler"": 0.0, ""angle"": -1.3914343390635104, ""elevation"": 0.0}]",1785097252593.059
6,"[{""range"": 0.75237162919597, ""doppler"": 0.0, ""angle"": -14.95773223600022, ""elevation"": 0.0}, {""range"": 0.7190564547143915, ""doppler"": 0.0, ""angle"": -9.764492569104142, ""elevation"": 0.0}, {""range"": 2.804891179324293, ""doppler"": 0.0, ""angle"": -4.534015714602485, ""elevation"": 0.0}, {""range"": 2.817219068263924, ""doppler"": 0.0, ""angle"": -4.521430038236997, ""elevation"": 0.0}, {""range"": 0.6569873133311513, ""doppler"": 0.0, ""angle"": 5.372321693231304, ""elevation"": 0.0}, {""range"": 0.6699339877377456, ""doppler"": 0.0, ""angle"": 8.84382939225868, ""elevation"": 0.0}]",1785097252693.9111
7,"[{""range"": 0.7248586920286626, ""doppler"": 0.0, ""angle"": -21.29222039862891, ""elevation"": 0.0}, {""range"": 0.8409036065172488, ""doppler"": 0.0, ""angle"": -11.39356193558451, ""elevation"": 0.0}, {""range"": 0.7902485137861748, ""doppler"": 0.0, ""angle"": -8.74616226255521, ""elevation"": 0.0}, {""range"": 0.88685384215117, ""doppler"": 0.0, ""angle"": -7.519066391228937, ""elevation"": 0.0}, {""range"": 0.9117315533056218, ""doppler"": 0.0, ""angle"": -5.650213547546527, ""elevation"": 0.0}, {""range"": 0.6851951407973276, ""doppler"": 0.0, ""angle"": 26.036778730943848, ""elevation"": 0.0}, {""range"": 1.907512242407957, ""doppler"": 0.0, ""angle"": 35.515200535074705, ""elevation"": 0.0}]",1785097252793.537
12,"[{""range"": 1.6307335339410376, ""doppler"": 0.0, ""angle"": -8.265154029826228, ""elevation"": 0.0}, {""range"": 1.6370903976112592, ""doppler"": 0.0, ""angle"": -9.258610226474012, ""elevation"": 0.0}, {""range"": 2.7623236823639785, ""doppler"": 0.0, ""angle"": -1.3093686310206136, ""elevation"": 0.0}, {""range"": 2.7996510761384377, ""doppler"": 0.0, ""angle"": -1.4163653095477433, ""elevation"": 0.0}, {""range"": 2.819251623106721, ""doppler"": 0.0, ""angle"": -0.4070163238158238, ""elevation"": 0.0}, {""range"": 0.6644456803294152, ""doppler"": 0.0, ""angle"": 7.624192504451834, ""elevation"": 0.0}, {""range"": 0.6886019439087283, ""doppler"": 0.0, ""angle"": 9.144341723697377, ""elevation"": 0.0}, {""range"": 0.7101606376424073, ""doppler"": 0.0, ""angle"": 8.776873859176783, ""elevation"": 0.0}, {""range"": 0.7416381596290745, ""doppler"": 0.0, ""angle"": 4.799205612332797, ""elevation"": 0.0}, {""range"": 1.9128781656698244, ""doppler"": 0.0, ""angle"": 40.35555857004912, ""elevation"": 0.0}, {""range"": 2.019075391664424, ""doppler"": 0.0, ""angle"": 42.31157671370103, ""elevation"": 0.0}, {""range"": 2.051975172115851, ""doppler"": 0.0, ""angle"": 39.07230391530681, ""elevation"": 0.0}]",1785097252904.163
6,"[{""range"": 1.6402478119102142, ""doppler"": 0.0, ""angle"": -6.158090777257497, ""elevation"": 0.0}, {""range"": 2.8018114119785116, ""doppler"": 0.0, ""angle"": -3.596863056102641, ""elevation"": 0.0}, {""range"": 0.6756652684274782, ""doppler"": 0.0, ""angle"": 1.0159912288556798, ""elevation"": 0.0}, {""range"": 0.6952099039666668, ""doppler"": 0.0, ""angle"": -2.5650886186635384, ""elevation"": 0.0}, {""range"": 0.7106977759651877, ""doppler"": 0.0, ""angle"": -2.4081491370269315, ""elevation"": 0.0}, {""range"": 0.7411907463756598, ""doppler"": 0.0, ""angle"": -1.797250353595898, ""elevation"": 0.0}]",1785097252994.563
8,"[{""range"": 0.6882771555654553, ""doppler"": 0.0, ""angle"": -4.156673055020279, ""elevation"": 0.0}, {""range"": 0.7005365368671702, ""doppler"": 0.0, ""angle"": -4.611824930198149, ""elevation"": 0.0}, {""range"": 0.7336108346254783, ""doppler"": 0.0, ""angle"": -7.972099915620685, ""elevation"": 0.0}, {""range"": 1.6367405066909975, ""doppler"": 0.0, ""angle"": -4.586899690681486, ""elevation"": 0.0}, {""range"": 1.643976394322547, ""doppler"": 0.0, ""angle"": -5.398676990668918, ""elevation"": 0.0}, {""range"": 1.6502925550056617, ""doppler"": 0.0, ""angle"": -4.854380254103534, ""elevation"": 0.0}, {""range"": 0.6734421683199923, ""doppler"": 0.0, ""angle"": -2.6937479430911613, ""elevation"": 0.0}, {""range"": 2.756417777837405, ""doppler"": 0.0, ""angle"": -0.04831949121563289, ""elevation"": 0.0}]",1785097253093.12
8,"[{""range"": 1.6365468307861273, ""doppler"": 0.0, ""angle"": -11.068065597691138, ""elevation"": 0.0}, {""range"": 0.6826767555364348, ""doppler"": 0.0, ""angle"": -3.6643318758062793, ""elevation"": 0.0}, {""range"": 0.7375343243128176, ""doppler"": 0.0, ""angle"": -4.296425817067902, ""elevation"": 0.0}, {""range"": 1.6499802779128785, ""doppler"": 0.0, ""angle"": -10.288185068708438, ""elevation"": 0.0}, {""range"": 1.6647905812315187, ""doppler"": 0.0, ""angle"": -10.270719234810034, ""elevation"": 0.0}, {""range"": 0.6934808514082825, ""doppler"": 0.0, ""angle"": -2.675012891412032, ""elevation"": 0.0}, {""range"": 0.702428499009158, ""doppler"": 0.0, ""angle"": -2.6701162338053135, ""elevation"": 0.0}, {""range"": 2.807062016904669, ""doppler"": 0.0, ""angle"": -3.436544980461882, ""elevation"": 0.0}]",1785097253194.062
8,"[{""range"": 0.6870417643623254, ""doppler"": 0.0, ""angle"": -4.1791122576835384, ""elevation"": 0.0}, {""range"": 0.743074509010834, ""doppler"": 0.0, ""angle"": -5.703733503464812, ""elevation"": 0.0}, {""range"": 0.9201848108107378, ""doppler"": 0.0, ""angle"": -3.7548253225509547, ""elevation"": 0.0}, {""range"": 1.6327024857007562, ""doppler"": 0.0, ""angle"": -5.4801924413418535, ""elevation"": 0.0}, {""range"": 1.6469780773240674, ""doppler"": 0.0, ""angle"": -5.638791625650649, ""elevation"": 0.0}, {""range"": 1.6597358156426407, ""doppler"": 0.0, ""angle"": -5.111717202174629, ""elevation"": 0.0}, {""range"": 0.7004143861838987, ""doppler"": 0.0, ""angle"": -2.5899424258499737, ""elevation"": 0.0}, {""range"": 0.7123721378408634, ""doppler"": 0.0, ""angle"": -2.834395458597274, ""elevation"": 0.0}]",1785097253293.1267
10,"[{""range"": 1.6214616946718279, ""doppler"": 0.0, ""angle"": -6.910276719603458, ""elevation"": 0.0}, {""range"": 1.6332152152506052, ""doppler"": 0.0, ""angle"": -6.765541325685646, ""elevation"": 0.0}, {""range"": 2.7120372232574605, ""doppler"": 0.0, ""angle"": -1.2845282024830749, ""elevation"": 0.0}, {""range"": 2.7608080451756845, ""doppler"": 0.0, ""angle"": -3.297163412488387, ""elevation"": 0.0}, {""range"": 2.798512367551138, ""doppler"": 0.0, ""angle"": -2.7797703919755676, ""elevation"": 0.0}, {""range"": 2.8147860223819134, ""doppler"": 0.0, ""angle"": -2.989639705198053, ""elevation"": 0.0}, {""range"": 0.6872835863978524, ""doppler"": 0.0, ""angle"": 9.84218087211702, ""elevation"": 0.0}, {""range"": 0.6969395988015721, ""doppler"": 0.0, ""angle"": 5.284930876761982, ""elevation"": 0.0}, {""range"": 1.875986490136395, ""doppler"": 0.0, ""angle"": 40.25239317382583, ""elevation"": 0.0}, {""range"": 1.9094182693691533, ""doppler"": 0.0, ""angle"": 40.415640394054336, ""elevation"": 0.0}]",1785097253397.675
7,"[{""range"": 0.8250622389917918, ""doppler"": 0.0, ""angle"": -18.36819343871344, ""elevation"": 0.0}, {""range"": 0.7518734918943705, ""doppler"": 0.0, ""angle"": -11.593202210241614, ""elevation"": 0.0}, {""range"": 0.899064298948079, ""doppler"": 0.0, ""angle"": -8.855326653215231, ""elevation"": 0.0}, {""range"": 0.1507405708687131, ""doppler"": 0.0, ""angle"": -0.13593279244128337, ""elevation"": 0.0}, {""range"": 0.15647241014087954, ""doppler"": 0.0, ""angle"": 2.8166287755890775, ""elevation"": 0.0}, {""range"": 2.808969449082109, ""doppler"": 0.0, ""angle"": -1.8166827379771573, ""elevation"": 0.0}, {""range"": 2.820094394278467, ""doppler"": 0.0, ""angle"": -1.9476404116540693, ""elevation"": 0.0}]",1785097253493.336
4,"[{""range"": 0.2686626849161123, ""doppler"": 0.0, ""angle"": -22.00676982384669, ""elevation"": 0.0}, {""range"": 0.28109914471548186, ""doppler"": 0.0, ""angle"": -22.91144400603297, ""elevation"": 0.0}, {""range"": 2.1014153384159195, ""doppler"": 0.0, ""angle"": 35.996188402711965, ""elevation"": 0.0}, {""range"": 1.9584921027584297, ""doppler"": 0.0, ""angle"": 46.20597092227868, ""elevation"": 0.0}]",1785097253598.019
5,"[{""range"": 2.821441057947033, ""doppler"": 0.0, ""angle"": -4.500080189630608, ""elevation"": 0.0}, {""range"": 2.8047286231075144, ""doppler"": 0.0, ""angle"": -2.064313038118493, ""elevation"": 0.0}, {""range"": 1.8816093776585823, ""doppler"": 0.0, ""angle"": 40.1004691347139, ""elevation"": 0.0}, {""range"": 1.9131604419874753, ""doppler"": 0.0, ""angle"": 41.5823963017268, ""elevation"": 0.0}, {""range"": 1.949986450502116, ""doppler"": 0.0, ""angle"": 40.71242119160709, ""elevation"": 0.0}]",1785097253698.02
10,"[{""range"": 0.7558194472721809, ""doppler"": 0.0, ""angle"": -14.565557639774797, ""elevation"": 0.0}, {""range"": 0.6684906261353153, ""doppler"": 0.0, ""angle"": -5.541318616670179, ""elevation"": 0.0}, {""range"": 0.7084590025083984, ""doppler"": 0.0, ""angle"": -4.458598710656801, ""elevation"": 0.0}, {""range"": 1.6734423540840293, ""doppler"": 0.0, ""angle"": -3.890637490748748, ""elevation"": 0.0}, {""range"": 1.7058906034009502, ""doppler"": 0.0, ""angle"": -6.996143151045132, ""elevation"": 0.0}, {""range"": 2.805788520276252, ""doppler"": 0.0, ""angle"": -4.393384294480353, ""elevation"": 0.0}, {""range"": 2.816627990762411, ""doppler"": 0.0, ""angle"": -4.507785839779258, ""elevation"": 0.0}, {""range"": 0.6925513539182783, ""doppler"": 0.0, ""angle"": -3.1970626731210032, ""elevation"": 0.0}, {""range"": 1.631923454454688, ""doppler"": 0.0, ""angle"": -0.5210846575001479, ""elevation"": 0.0}, {""range"": 1.6606628085174686, ""doppler"": 0.0, ""angle"": -2.6723165236908506, ""elevation"": 0.0}]",1785097253807.498
9,"[{""range"": 1.6413359863304966, ""doppler"": 0.0, ""angle"": -5.006241049881876, ""elevation"": 0.0}, {""range"": 1.659236166507591, ""doppler"": 0.0, ""angle"": -6.3047339095934145, ""elevation"": 0.0}, {""range"": 1.6709503532827104, ""doppler"": 0.0, ""angle"": -6.476289194738616, ""elevation"": 0.0}, {""range"": 1.6985720383114808, ""doppler"": 0.0, ""angle"": -6.2855723348926915, ""elevation"": 0.0}, {""range"": 0.6850365558076587, ""doppler"": 0.0, ""angle"": -0.059823292813691475, ""elevation"": 0.0}, {""range"": 0.6948889864015132, ""doppler"": 0.0, ""angle"": -0.4128291466825139, ""elevation"": 0.0}, {""range"": 0.6972135074085194, ""doppler"": 0.0, ""angle"": -0.41145274399173065, ""elevation"": 0.0}, {""range"": 0.7280685522950039, ""doppler"": 0.0, ""angle"": 2.0690140734799263, ""elevation"": 0.0}, {""range"": 2.6931292736079215, ""doppler"": 0.0, ""angle"": 43.576845262071586, ""elevation"": 0.0}]",1785097253893.2349
10,"[{""range"": 0.812550862130655, ""doppler"": 0.0, ""angle"": -15.586879786885296, ""elevation"": 0.0}, {""range"": 0.6852865041814009, ""doppler"": 0.0, ""angle"": -8.326732730765112, ""elevation"": 0.0}, {""range"": 0.7059623042693725, ""doppler"": 0.0, ""angle"": -7.071014687688379, ""elevation"": 0.0}, {""range"": 0.7107044119862218, ""doppler"": 0.0, ""angle"": -6.239899161023326, ""elevation"": 0.0}, {""range"": 0.7420557231368575, ""doppler"": 0.0, ""angle"": -8.243350407733294, ""elevation"": 0.0}, {""range"": 1.5583590468051003, ""doppler"": 0.0, ""angle"": -4.250964670923883, ""elevation"": 0.0}, {""range"": 1.6198644858503304, ""doppler"": 0.0, ""angle"": -6.7578714875771695, ""elevation"": 0.0}, {""range"": 1.652030585053712, ""doppler"": 0.0, ""angle"": -6.2449967802258906, ""elevation"": 0.0}, {""range"": 1.6603294014427612, ""doppler"": 0.0, ""angle"": -5.531304566409195, ""elevation"": 0.0}, {""range"": 1.5134835168559788, ""doppler"": 0.0, ""angle"": -0.10154014566916438, ""elevation"": 0.0}]",1785097254007.4949
8,"[{""range"": 0.7636868691989501, ""doppler"": 0.0, ""angle"": -14.27376791246865, ""elevation"": 0.0}, {""range"": 0.8145104843234826, ""doppler"": 0.0, ""angle"": -18.00535785986997, ""elevation"": 0.0}, {""range"": 0.6977464755905434, ""doppler"": 0.0, ""angle"": -3.6880772610672854, ""elevation"": 0.0}, {""range"": 0.7143902012016584, ""doppler"": 0.0, ""angle"": -4.651689491088964, ""elevation"": 0.0}, {""range"": 1.6490420447783605, ""doppler"": 0.0, ""angle"": -6.093882268674144, ""elevation"": 0.0}, {""range"": 0.6748091284352542, ""doppler"": 0.0, ""angle"": -1.184318658720089, ""elevation"": 0.0}, {""range"": 2.801725529249931, ""doppler"": 0.0, ""angle"": -1.759185828951923, ""elevation"": 0.0}, {""range"": 2.8145462368827086, ""doppler"": 0.0, ""angle"": -1.456204441825672, ""elevation"": 0.0}]",1785097254097.9563
9,"[{""range"": 1.6504845791755853, ""doppler"": 0.0, ""angle"": -3.789300068100298, ""elevation"": 0.0}, {""range"": 1.6751310745929266, ""doppler"": 0.0, ""angle"": -3.745726118144164, ""elevation"": 0.0}, {""range"": 0.6834745998639034, ""doppler"": 0.0, ""angle"": 2.369094900601859, ""elevation"": 0.0}, {""range"": 0.6964444645844124, ""doppler"": 0.0, ""angle"": 2.531087802007835, ""elevation"": 0.0}, {""range"": 0.7075148589468464, ""doppler"": 0.0, ""angle"": 2.7958772725283527, ""elevation"": 0.0}, {""range"": 0.7362705816433611, ""doppler"": 0.0, ""angle"": -1.558684206210823, ""elevation"": 0.0}, {""range"": 2.811764672623043, ""doppler"": 0.0, ""angle"": -3.3285885692892676, ""elevation"": 0.0}, {""range"": 2.8233862612312195, ""doppler"": 0.0, ""angle"": -2.4573981118644834, ""elevation"": 0.0}, {""range"": 2.85974875589588, ""doppler"": 0.0, ""angle"": 1.2611706215573824, ""elevation"": 0.0}]",1785097254194.5212
9,"[{""range"": 0.8952583695949232, ""doppler"": 0.0, ""angle"": -4.8121104416905425, ""elevation"": 0.0}, {""range"": 1.6439085435448437, ""doppler"": 0.0, ""angle"": -7.997014422911028, ""elevation"": 0.0}, {""range"": 0.9141696736646614, ""doppler"": 0.0, ""angle"": -3.476365022938187, ""elevation"": 0.0}, {""range"": 2.8099512012174808, ""doppler"": 0.0, ""angle"": -3.1262344787748297, ""elevation"": 0.0}, {""range"": 0.7063153122044294, ""doppler"": 0.0, ""angle"": 15.62660225365041, ""elevation"": 0.0}, {""range"": 0.7179078613025182, ""doppler"": 0.0, ""angle"": 18.5161809700727, ""elevation"": 0.0}, {""range"": 1.883026919964142, ""doppler"": 0.0, ""angle"": 39.78745869646089, ""elevation"": 0.0}, {""range"": 1.9097636922205206, ""doppler"": 0.0, ""angle"": 41.507904576705585, ""elevation"": 0.0}, {""range"": 1.9520303382823487, ""doppler"": 0.0, ""angle"": 42.20802092429322, ""elevation"": 0.0}]",1785097254297.683
11,"[{""range"": 0.7484587403448811, ""doppler"": 0.0, ""angle"": -29.860335209512304, ""elevation"": 0.0}, {""range"": 0.7566500591150348, ""doppler"": 0.0, ""angle"": -27.71565737875415, ""elevation"": 0.0}, {""range"": 0.9022826033438364, ""doppler"": 0.0, ""angle"": -4.6948049386643325, ""elevation"": 0.0}, {""range"": 0.916920979339681, ""doppler"": 0.0, ""angle"": -4.048200823014967, ""elevation"": 0.0}, {""range"": 1.6413282329816634, ""doppler"": 0.0, ""angle"": -6.4429006572656204, ""elevation"": 0.0}, {""range"": 1.648575452999455, ""doppler"": 0.0, ""angle"": -7.140432944658657, ""elevation"": 0.0}, {""range"": 1.659633738137802, ""doppler"": 0.0, ""angle"": -8.089070170567187, ""elevation"": 0.0}, {""range"": 1.6893616197189465, ""doppler"": 0.0, ""angle"": -10.446421710115752, ""elevation"": 0.0}, {""range"": 2.7670724432329643, ""doppler"": 0.0, ""angle"": -10.221392085942925, ""elevation"": 0.0}, {""range"": 2.7944418752790536, ""doppler"": 0.0, ""angle"": -7.0349759104311405, ""elevation"": 0.0}, {""range"": 2.8199170499745434, ""doppler"": 0.0, ""angle"": -5.885205413774836, ""elevation"": 0.0}]",1785097254397.792
11,"[{""range"": 1.5342490862676308, ""doppler"": 0.0, ""angle"": -6.1351855843077026, ""elevation"": 0.0}, {""range"": 1.5685488399670715, ""doppler"": 0.0, ""angle"": -5.803532884589932, ""elevation"": 0.0}, {""range"": 1.6076414914658068, ""doppler"": 0.0, ""angle"": -5.5786952570889214, ""elevation"": 0.0}, {""range"": 1.6353072486862144, ""doppler"": 0.0, ""angle"": -6.473028826066405, ""elevation"": 0.0}, {""range"": 1.6582437245167707, ""doppler"": 0.0, ""angle"": -9.133226540502614, ""elevation"": 0.0}, {""range"": 0.6839890101218917, ""doppler"": 0.0, ""angle"": -2.6671763614062365, ""elevation"": 0.0}, {""range"": 0.6938919361506914, ""doppler"": 0.0, ""angle"": -3.0577971819405243, ""elevation"": 0.0}, {""range"": 0.7010821889851412, ""doppler"": 0.0, ""angle"": -3.099579441296534, ""elevation"": 0.0}, {""range"": 0.7282891348015024, ""doppler"": 0.0, ""angle"": -1.744652593717614, ""elevation"": 0.0}, {""range"": 0.7503255133063209, ""doppler"": 0.0, ""angle"": 27.969676888658903, ""elevation"": 0.0}, {""range"": 0.8165948625126637, ""doppler"": 0.0, ""angle"": 30.19773526788652, ""elevation"": 0.0}]",1785097254504.247
6,"[{""range"": 1.6495412926430828, ""doppler"": 0.0, ""angle"": -6.9046875714158435, ""elevation"": 0.0}, {""range"": 0.6686082794824509, ""doppler"": 0.0, ""angle"": -0.47502767273425395, ""elevation"": 0.0}, {""range"": 0.6906128427819539, ""doppler"": 0.0, ""angle"": -0.5637414195821614, ""elevation"": 0.0}, {""range"": 0.7052124371538855, ""doppler"": 0.0, ""angle"": 5.2957068955587046, ""elevation"": 0.0}, {""range"": 1.8823572239166337, ""doppler"": 0.0, ""angle"": 37.621024817155515, ""elevation"": 0.0}, {""range"": 1.9101236996821067, ""doppler"": 0.0, ""angle"": 42.05937338903939, ""elevation"": 0.0}]",1785097254598.1719
7,"[{""range"": 2.7101626075062937, ""doppler"": 0.0, ""angle"": -5.4822658612654145, ""elevation"": 0.0}, {""range"": 2.7577802255355857, ""doppler"": 0.0, ""angle"": -6.145318661670368, ""elevation"": 0.0}, {""range"": 0.6865341358835368, ""doppler"": 0.0, ""angle"": 2.403339332932311, ""elevation"": 0.0}, {""range"": 2.80096352784231, ""doppler"": 0.0, ""angle"": -3.1802359131459284, ""elevation"": 0.0}, {""range"": 2.8245891965651233, ""doppler"": 0.0, ""angle"": -2.162310483361323, ""elevation"": 0.0}, {""range"": 2.8612111558701008, ""doppler"": 0.0, ""angle"": 0.14681093799920664, ""elevation"": 0.0}, {""range"": 1.8763715355524093, ""doppler"": 0.0, ""angle"": 35.28188059328714, ""elevation"": 0.0}]",1785097254694.567
8,"[{""range"": 0.7162249004269241, ""doppler"": 0.0, ""angle"": 0.8296936140694583, ""elevation"": 0.0}, {""range"": 1.642338002988159, ""doppler"": 0.0, ""angle"": -3.120658159739756, ""elevation"": 0.0}, {""range"": 0.7023797683450043, ""doppler"": 0.0, ""angle"": 4.087695274478539, ""elevation"": 0.0}, {""range"": 1.8903588893438277, ""doppler"": 0.0, ""angle"": 38.90273257471651, ""elevation"": 0.0}, {""range"": 2.695793145112428, ""doppler"": 0.0, ""angle"": 43.02710344898935, ""elevation"": 0.0}, {""range"": 1.9169080945526202, ""doppler"": 0.0, ""angle"": 43.949304579346865, ""elevation"": 0.0}, {""range"": 1.946055509989629, ""doppler"": 0.0, ""angle"": 45.1749654516582, ""elevation"": 0.0}, {""range"": 2.6692208597223277, ""doppler"": 0.0, ""angle"": 48.761718609706236, ""elevation"": 0.0}]",1785097254794.595
5,"[{""range"": 1.6505586007887783, ""doppler"": 0.0, ""angle"": -3.919775819512337, ""elevation"": 0.0}, {""range"": 1.6741594285662347, ""doppler"": 0.0, ""angle"": -5.135145778726584, ""elevation"": 0.0}, {""range"": 1.8870769585051939, ""doppler"": 0.0, ""angle"": 40.931067831946756, ""elevation"": 0.0}, {""range"": 1.9205058165352877, ""doppler"": 0.0, ""angle"": 43.13998447015918, ""elevation"": 0.0}, {""range"": 1.9539871707537158, ""doppler"": 0.0, ""angle"": 44.12498364534162, ""elevation"": 0.0}]",1785097254894.9912
12,"[{""range"": 0.09151500803774056, ""doppler"": 0.0, ""angle"": -13.33026485333698, ""elevation"": 0.0}, {""range"": 0.11152600857862956, ""doppler"": 0.0, ""angle"": -12.030596096537868, ""elevation"": 0.0}, {""range"": 1.6438450567208798, ""doppler"": 0.0, ""angle"": -11.037359408582134, ""elevation"": 0.0}, {""range"": 1.6067974580925692, ""doppler"": 0.0, ""angle"": -10.049348588124873, ""elevation"": 0.0}, {""range"": 1.6732789432456976, ""doppler"": 0.0, ""angle"": -10.08743012511008, ""elevation"": 0.0}, {""range"": 2.820220323392444, ""doppler"": 0.0, ""angle"": -3.91556787199479, ""elevation"": 0.0}, {""range"": 0.6922549776773083, ""doppler"": 0.0, ""angle"": -3.2873745132274372, ""elevation"": 0.0}, {""range"": 2.6893811953588354, ""doppler"": 0.0, ""angle"": -2.5684847587362394, ""elevation"": 0.0}, {""range"": 2.8089241729425187, ""doppler"": 0.0, ""angle"": -1.5357413405635034, ""elevation"": 0.0}, {""range"": 1.8868324084487709, ""doppler"": 0.0, ""angle"": 40.614840581687254, ""elevation"": 0.0}, {""range"": 1.9111124440543876, ""doppler"": 0.0, ""angle"": 42.38728223700345, ""elevation"": 0.0}, {""range"": 1.9464222014271697, ""doppler"": 0.0, ""angle"": 48.7506940253247, ""elevation"": 0.0}]",1785097255004.4492
14,"[{""range"": 0.09144108220691903, ""doppler"": 0.0, ""angle"": -54.63164318219265, ""elevation"": 0.0}, {""range"": 0.12646709525981525, ""doppler"": 0.0, ""angle"": -54.66950525459056, ""elevation"": 0.0}, {""range"": 0.0978504421330235, ""doppler"": 0.0, ""angle"": -52.64846058226188, ""elevation"": 0.0}, {""range"": 0.7431864428695731, ""doppler"": 0.0, ""angle"": -16.695282966057935, ""elevation"": 0.0}, {""range"": 1.6539286860191214, ""doppler"": 0.0, ""angle"": -11.20910036431249, ""elevation"": 0.0}, {""range"": 0.71718479582796, ""doppler"": 0.0, ""angle"": -9.037238349392556, ""elevation"": 0.0}, {""range"": 1.6451641996853101, ""doppler"": 0.0, ""angle"": -9.471536381622435, ""elevation"": 0.0}, {""range"": 1.6503200672805096, ""doppler"": 0.0, ""angle"": -10.178801065630054, ""elevation"": 0.0}, {""range"": 0.6971561796721855, ""doppler"": 0.0, ""angle"": -2.8374534965727998, ""elevation"": 0.0}, {""range"": 2.801018270378628, ""doppler"": 0.0, ""angle"": 0.42429704604651514, ""elevation"": 0.0}, {""range"": 0.8297064052000699, ""doppler"": 0.0, ""angle"": 36.26976982727068, ""elevation"": 0.0}, {""range"": 1.8815449046382509, ""doppler"": 0.0, ""angle"": 42.353904363612465, ""elevation"": 0.0}, {""range"": 1.9006772014430882, ""doppler"": 0.0, ""angle"": 38.75577676404758, ""elevation"": 0.0}, {""range"": 1.8561810059799657, ""doppler"": 0.0, ""angle"": 43.992997070193226, ""elevation"": 0.0}]",1785097255104.2559
15,"[{""range"": 0.8097217983847568, ""doppler"": 0.0, ""angle"": -17.318548780053977, ""elevation"": 0.0}, {""range"": 0.7097350313038708, ""doppler"": 0.0, ""angle"": -3.886091814639735, ""elevation"": 0.0}, {""range"": 0.7377938555289663, ""doppler"": 0.0, ""angle"": -8.47377471628019, ""elevation"": 0.0}, {""range"": 0.9208944700256819, ""doppler"": 0.0, ""angle"": -7.991646214471241, ""elevation"": 0.0}, {""range"": 0.9380233699574937, ""doppler"": 0.0, ""angle"": -6.00729087444319, ""elevation"": 0.0}, {""range"": 1.6390556633885112, ""doppler"": 0.0, ""angle"": -6.628038438776542, ""elevation"": 0.0}, {""range"": 1.6442876628947598, ""doppler"": 0.0, ""angle"": -6.356017598211336, ""elevation"": 0.0}, {""range"": 1.6533882182619546, ""doppler"": 0.0, ""angle"": -5.86597114172653, ""elevation"": 0.0}, {""range"": 2.8092212746863465, ""doppler"": 0.0, ""angle"": -3.9492009897598574, ""elevation"": 0.0}, {""range"": 2.8156865010366787, ""doppler"": 0.0, ""angle"": -4.63340500507513, ""elevation"": 0.0}, {""range"": 0.6874966980072296, ""doppler"": 0.0, ""angle"": -2.5342176377537196, ""elevation"": 0.0}, {""range"": 0.6987036360348061, ""doppler"": 0.0, ""angle"": -3.02203571988583, ""elevation"": 0.0}, {""range"": 1.9376209275809482, ""doppler"": 0.0, ""angle"": 42.35193855699765, ""elevation"": 0.0}, {""range"": 1.8852286865368055, ""doppler"": 0.0, ""angle"": 44.97694334952905, ""elevation"": 0.0}, {""range"": 1.90863232702538, ""doppler"": 0.0, ""angle"": 45.69082592742119, ""elevation"": 0.0}]",1785097255207.3281
10,"[{""range"": 1.6268727691985099, ""doppler"": 0.0, ""angle"": -6.424340754083249, ""elevation"": 0.0}, {""range"": 1.638849023402341, ""doppler"": 0.0, ""angle"": -7.4855818620774635, ""elevation"": 0.0}, {""range"": 1.6561461442404826, ""doppler"": 0.0, ""angle"": -8.46255237516104, ""elevation"": 0.0}, {""range"": 2.808643262437774, ""doppler"": 0.0, ""angle"": -5.641266490430829, ""elevation"": 0.0}, {""range"": 2.8185214902689046, ""doppler"": 0.0, ""angle"": -5.822356821472044, ""elevation"": 0.0}, {""range"": 0.6753821473325459, ""doppler"": 0.0, ""angle"": 0.13652661891832363, ""elevation"": 0.0}, {""range"": 0.6891260984034785, ""doppler"": 0.0, ""angle"": -1.219191484128182, ""elevation"": 0.0}, {""range"": 0.7007390245423178, ""doppler"": 0.0, ""angle"": -1.1697359662795177, ""elevation"": 0.0}, {""range"": 1.883711340703796, ""doppler"": 0.0, ""angle"": 46.149992449740914, ""elevation"": 0.0}, {""range"": 1.900278833041291, ""doppler"": 0.0, ""angle"": 47.09344059062093, ""elevation"": 0.0}]",1785097255304.667
9,"[{""range"": 0.6686332183759539, ""doppler"": 0.0, ""angle"": -9.31117959221162, ""elevation"": 0.0}, {""range"": 1.6423893123262043, ""doppler"": 0.0, ""angle"": -6.601965476516553, ""elevation"": 0.0}, {""range"": 1.6460277210757555, ""doppler"": 0.0, ""angle"": -7.233099615316922, ""elevation"": 0.0}, {""range"": 1.6572008712376303, ""doppler"": 0.0, ""angle"": -7.845077174958403, ""elevation"": 0.0}, {""range"": 1.6912296020335749, ""doppler"": 0.0, ""angle"": -10.219236633445263, ""elevation"": 0.0}, {""range"": 0.6904650880725896, ""doppler"": 0.0, ""angle"": -2.003570136987075, ""elevation"": 0.0}, {""range"": 0.7040433249754959, ""doppler"": 0.0, ""angle"": 1.4699197361528074, ""elevation"": 0.0}, {""range"": 2.702814354071113, ""doppler"": 0.0, ""angle"": 0.3184119042263768, ""elevation"": 0.0}, {""range"": 0.730474356809475, ""doppler"": 0.0, ""angle"": 4.591257519204567, ""elevation"": 0.0}]",1785097255393.4111
8,"[{""range"": 0.763226637582704, ""doppler"": 0.0, ""angle"": -31.120301988193987, ""elevation"": 0.0}, {""range"": 0.8082025865782483, ""doppler"": 0.0, ""angle"": -27.85772943645709, ""elevation"": 0.0}, {""range"": 1.3216995274801162, ""doppler"": 0.0, ""angle"": -7.087519116353985, ""elevation"": 0.0}, {""range"": 2.8106343699767757, ""doppler"": 0.0, ""angle"": -3.1802345168907595, ""elevation"": 0.0}, {""range"": 0.6793318576338868, ""doppler"": 0.0, ""angle"": 4.9377315511266255, ""elevation"": 0.0}, {""range"": 0.6833687938027313, ""doppler"": 0.0, ""angle"": 4.667773225410972, ""elevation"": 0.0}, {""range"": 0.6922526913281903, ""doppler"": 0.0, ""angle"": 4.192116348707668, ""elevation"": 0.0}, {""range"": 1.7299891715850706, ""doppler"": 0.0, ""angle"": 36.848577846289785, ""elevation"": 0.0}]",1785097255493.259
