num_points,points,timestamp_ms
9,"[{""range"": 0.47837991291148346, ""doppler"": 0.0, ""angle"": -28.097682967435954, ""elevation"": 0.0}, {""range"": 0.4435209213135614, ""doppler"": 0.0, ""angle"": -19.574576834019, ""elevation"": 0.0}, {""range"": 0.452959732177652, ""doppler"": 0.0, ""angle"": -20.738709147522215, ""elevation"": 0.0}, {""range"": 1.3276686449332378, ""doppler"": 0.0, ""angle"": -21.672442613416596, ""elevation"": 0.0}, {""range"": 1.3602240938687462, ""doppler"": 0.0, ""angle"": -22.654628284565277, ""elevation"": 0.0}, {""range"": 0.6015119223146261, ""doppler"": 0.0, ""angle"": -1.9250406584155002, ""elevation"": 0.0}, {""range"": 0.6117900761826504, ""doppler"": 0.0, ""angle"": -2.5462914810368704, ""elevation"": 0.0}, {""range"": 1.8779413029168677, ""doppler"": 0.0, ""angle"": 41.1587245558381, ""elevation"": 0.0}, {""range"": 1.9022025717378268, ""doppler"": 0.0, ""angle"": 41.55123907833022, ""elevation"": 0.0}]",1785098509810.8052
6,"[{""range"": 0.603532101353755, ""doppler"": 0.0, ""angle"": 5.952139361883737, ""elevation"": 0.0}, {""range"": 0.6111241876311458, ""doppler"": 0.0, ""angle"": 6.147651399549763, ""elevation"": 0.0}, {""range"": 0.6504404974788982, ""doppler"": 0.0, ""angle"": 27.346981176681766, ""elevation"": 0.0}, {""range"": 1.8541650385795612, ""doppler"": 0.0, ""angle"": 44.2302673732989, ""elevation"": 0.0}, {""range"": 1.8739901737912437, ""doppler"": 0.0, ""angle"": 44.771915988483066, ""elevation"": 0.0}, {""range"": 1.8994129206658594, ""doppler"": 0.0, ""angle"": 44.717757063729145, ""elevation"": 0.0}]",1785098509811.2842
7,"[{""range"": 2.798601759291502, ""doppler"": 0.0, ""angle"": -4.04127646845106, ""elevation"": 0.0}, {""range"": 0.5906946391897109, ""doppler"": 0.0, ""angle"": 2.1859331109533313, ""elevation"": 0.0}, {""range"": 0.6050184727999447, ""doppler"": 0.0, ""angle"": 5.307879676834151, ""elevation"": 0.0}, {""range"": 0.608419108512821, ""doppler"": 0.0, ""angle"": 7.0226727279390255, ""elevation"": 0.0}, {""range"": 1.8603269694952944, ""doppler"": 0.0, ""angle"": 44.84033705706464, ""elevation"": 0.0}, {""range"": 1.8800037684369668, ""doppler"": 0.0, ""angle"": 44.45280109454778, ""elevation"": 0.0}, {""range"": 1.8964064152940394, ""doppler"": 0.0, ""angle"": 48.06137658801403, ""elevation"": 0.0}]",1785098509811.6538
5,"[{""range"": 0.6103024361675177, ""doppler"": 0.0, ""angle"": 1.4270615899978583, ""elevation"": 0.0}, {""range"": 0.6163000655812035, ""doppler"": 0.0, ""angle"": 1.7457750307814657, ""elevation"": 0.0}, {""range"": 1.8599029478086897, ""doppler"": 0.0, ""angle"": 43.14560824697614, ""elevation"": 0.0}, {""range"": 1.8784360565560654, ""doppler"": 0.0, ""angle"": 42.97482613297431, ""elevation"": 0.0}, {""range"": 1.8973446489036534, ""doppler"": 0.0, ""angle"": 44.106496564155044, ""elevation"": 0.0}]",1785098509812.0269
5,"[{""range"": 1.246389471740945, ""doppler"": 0.0, ""angle"": -21.57397378974008, ""elevation"": 0.0}, {""range"": 0.6086990480164952, ""doppler"": 0.0, ""angle"": -0.42078987508879595, ""elevation"": 0.0}, {""range"": 0.6139558402639517, ""doppler"": 0.0, ""angle"": -0.9679111807323112, ""elevation"": 0.0}, {""range"": 1.8754752606477532, ""doppler"": 0.0, ""angle"": 43.38901709111322, ""elevation"": 0.0}, {""range"": 1.8960946974301605, ""doppler"": 0.0, ""angle"": 43.38742932466307, ""elevation"": 0.0}]",1785098509812.4148
8,"[{""range"": 1.2397294898087623, ""doppler"": 0.0, ""angle"": -27.152698545298602, ""elevation"": 0.0}, {""range"": 1.2851637483523424, ""doppler"": 0.0, ""angle"": -21.73923447097943, ""elevation"": 0.0}, {""range"": 1.3229272405297983, ""doppler"": 0.0, ""angle"": -20.781742887815675, ""elevation"": 0.0}, {""range"": 0.6020273220502167, ""doppler"": 0.0, ""angle"": -4.138965919113982, ""elevation"": 0.0}, {""range"": 0.6075591494415769, ""doppler"": 0.0, ""angle"": -5.150154419334934, ""elevation"": 0.0}, {""range"": 2.8160190308496245, ""doppler"": 0.0, ""angle"": -2.1725351455420223, ""elevation"": 0.0}, {""range"": 1.8802053491604112, ""doppler"": 0.0, ""angle"": 40.99728764108494, ""elevation"": 0.0}, {""range"": 1.901941146156746, ""doppler"": 0.0, ""angle"": 40.607721672242064, ""elevation"": 0.0}]",1785098509812.795
5,"[{""range"": 1.2420648081954249, ""doppler"": 0.0, ""angle"": -21.200962386143186, ""elevation"": 0.0}, {""range"": 0.6242114772175468, ""doppler"": 0.0, ""angle"": 19.530168265738723, ""elevation"": 0.0}, {""range"": 0.6544822792306014, ""doppler"": 0.0, ""angle"": 30.397287502027023, ""elevation"": 0.0}, {""range"": 1.877561058258991, ""doppler"": 0.0, ""angle"": 42.07400946770131, ""elevation"": 0.0}, {""range"": 1.8996643848338228, ""doppler"": 0.0, ""angle"": 46.35012993796667, ""elevation"": 0.0}]",1785098509813.161
5,"[{""range"": 0.6046456426628923, ""doppler"": 0.0, ""angle"": -2.1693858634788414, ""elevation"": 0.0}, {""range"": 2.8089733648220565, ""doppler"": 0.0, ""angle"": -3.291712087825956, ""elevation"": 0.0}, {""range"": 2.8166052866267686, ""doppler"": 0.0, ""angle"": -2.4669587664140575, ""elevation"": 0.0}, {""range"": 1.8757961239125323, ""doppler"": 0.0, ""angle"": 44.57902746301088, ""elevation"": 0.0}, {""range"": 1.8987385128507581, ""doppler"": 0.0, ""angle"": 51.742157306141216, ""elevation"": 0.0}]",1785098509813.476
8,"[{""range"": 0.5823904233433537, ""doppler"": 0.0, ""angle"": -3.4676971510434935, ""elevation"": 0.0}, {""range"": 0.6009942983023798, ""doppler"": 0.0, ""angle"": 0.08523614585815614, ""elevation"": 0.0}, {""range"": 0.6141174472675839, ""doppler"": 0.0, ""angle"": -0.8675459641656329, ""elevation"": 0.0}, {""range"": 0.6422232832568282, ""doppler"": 0.0, ""angle"": -3.192218778983937, ""elevation"": 0.0}, {""range"": 2.815284567242682, ""doppler"": 0.0, ""angle"": -2.679401591940971, ""elevation"": 0.0}, {""range"": 0.7934088719040888, ""doppler"": 0.0, ""angle"": 38.53074121363622, ""elevation"": 0.0}, {""range"": 1.873959905177521, ""doppler"": 0.0, ""angle"": 41.88643204100615, ""elevation"": 0.0}, {""range"": 1.9006257823246173, ""doppler"": 0.0, ""angle"": 42.93364082359939, ""elevation"": 0.0}]",1785098509813.951
5,"[{""range"": 0.600911695682665, ""doppler"": 0.0, ""angle"": -6.338308936291676, ""elevation"": 0.0}, {""range"": 0.5264503613480239, ""doppler"": 0.0, ""angle"": 0.5254560721066539, ""elevation"": 0.0}, {""range"": 0.557638299770442, ""doppler"": 0.0, ""angle"": -1.0656741489196682, ""elevation"": 0.0}, {""range"": 0.5801020024093736, ""doppler"": 0.0, ""angle"": -3.2337117466788476, ""elevation"": 0.0}, {""range"": 1.8677139065363704, ""doppler"": 0.0, ""angle"": 44.538416474344295, ""elevation"": 0.0}]",1785098509814.255
5,"[{""range"": 0.5961508003916914, ""doppler"": 0.0, ""angle"": -3.1121463361403605, ""elevation"": 0.0}, {""range"": 2.8080071783154326, ""doppler"": 0.0, ""angle"": -1.0253101976747327, ""elevation"": 0.0}, {""range"": 0.6681882194216232, ""doppler"": 0.0, ""angle"": 32.941590420446346, ""elevation"": 0.0}, {""range"": 1.8756772769134475, ""doppler"": 0.0, ""angle"": 42.747673791212804, ""elevation"": 0.0}, {""range"": 1.90457238864405, ""doppler"": 0.0, ""angle"": 43.85880074441286, ""elevation"": 0.0}]",1785098509814.5652
9,"[{""range"": 0.45428594135857825, ""doppler"": 0.0, ""angle"": -19.690233148373746, ""elevation"": 0.0}, {""range"": 0.46453781499897423, ""doppler"": 0.0, ""angle"": -23.743034627116685, ""elevation"": 0.0}, {""range"": 0.6149705491285529, ""doppler"": 0.0, ""angle"": 2.03292160299581, ""elevation"": 0.0}, {""range"": 0.6204632496474664, ""doppler"": 0.0, ""angle"": 3.0396914111550313, ""elevation"": 0.0}, {""range"": 1.855777100370949, ""doppler"": 0.0, ""angle"": 42.078721523336355, ""elevation"": 0.0}, {""range"": 1.8730160008258248, ""doppler"": 0.0, ""angle"": 42.957352487378614, ""elevation"": 0.0}, {""range"": 0.8040610289182217, ""doppler"": 0.0, ""angle"": 51.682465879266516, ""elevation"": 0.0}, {""range"": 0.8167316418361297, ""doppler"": 0.0, ""angle"": 51.56940498673009, ""elevation"": 0.0}, {""range"": 1.8889219577647827, ""doppler"": 0.0, ""angle"": 44.01428917688387, ""elevation"": 0.0}]",1785098509814.8953
6,"[{""range"": 1.3644704447117804, ""doppler"": 0.0, ""angle"": -50.59436610431493, ""elevation"": 0.0}, {""range"": 0.4331639767022525, ""doppler"": 0.0, ""angle"": -6.256609340556053, ""elevation"": 0.0}, {""range"": 0.4446386010938307, ""doppler"": 0.0, ""angle"": -5.770204571266252, ""elevation"": 0.0}, {""range"": 0.4650580552076783, ""doppler"": 0.0, ""angle"": -6.113938941440753, ""elevation"": 0.0}, {""range"": 0.6326151433562588, ""doppler"": 0.0, ""angle"": 2.997465956663544, ""elevation"": 0.0}, {""range"": 0.6219672253821708, ""doppler"": 0.0, ""angle"": 5.195920247423506, ""elevation"": 0.0}]",1785098509815.209
7,"[{""range"": 1.3336635634537664, ""doppler"": 0.0, ""angle"": -53.71394903197633, ""elevation"": 0.0}, {""range"": 1.3574399279734222, ""doppler"": 0.0, ""angle"": -53.49540403937391, ""elevation"": 0.0}, {""range"": 0.5377502279864248, ""doppler"": 0.0, ""angle"": -1.6958866052049055, ""elevation"": 0.0}, {""range"": 0.5689561546557568, ""doppler"": 0.0, ""angle"": -1.94514676141429, ""elevation"": 0.0}, {""range"": 0.5945764176123719, ""doppler"": 0.0, ""angle"": -1.482051152667296, ""elevation"": 0.0}, {""range"": 0.6158809819292865, ""doppler"": 0.0, ""angle"": -0.6986943829834713, ""elevation"": 0.0}, {""range"": 2.8016205217546415, ""doppler"": 0.0, ""angle"": -2.0263524462143208, ""elevation"": 0.0}]",1785098509815.5178
4,"[{""range"": 0.6235256248383199, ""doppler"": 0.0, ""angle"": -4.341995595045183, ""elevation"": 0.0}, {""range"": 0.6003253562993706, ""doppler"": 0.0, ""angle"": 0.7167998786746739, ""elevation"": 0.0}, {""range"": 0.5749355187246868, ""doppler"": 0.0, ""angle"": 8.964288910367834, ""elevation"": 0.0}, {""range"": 1.8675482760979993, ""doppler"": 0.0, ""angle"": 42.87373494021127, ""elevation"": 0.0}]",1785098509815.829
4,"[{""range"": 0.6131572568882832, ""doppler"": 0.0, ""angle"": -4.382045507701282, ""elevation"": 0.0}, {""range"": 0.6238822268700339, ""doppler"": 0.0, ""angle"": -4.339509015523057, ""elevation"": 0.0}, {""range"": 1.8815924524300909, ""doppler"": 0.0, ""angle"": 43.340331173534274, ""elevation"": 0.0}, {""range"": 1.8968084710975508, ""doppler"": 0.0, ""angle"": 44.16735995723483, ""elevation"": 0.0}]",1785098509816.144
4,"[{""range"": 0.5836658012898159, ""doppler"": 0.0, ""angle"": -0.4388377690861927, ""elevation"": 0.0}, {""range"": 0.6097118859888556, ""doppler"": 0.0, ""angle"": 2.6895450215287604, ""elevation"": 0.0}, {""range"": 0.6184087258326074, ""doppler"": 0.0, ""angle"": 3.7468508734787296, ""elevation"": 0.0}, {""range"": 0.6366808930061137, ""doppler"": 0.0, ""angle"": 3.9778469566092154, ""elevation"": 0.0}]",1785098509816.4502
3,"[{""range"": 0.5997574231411984, ""doppler"": 0.0, ""angle"": 5.062970686749248, ""elevation"": 0.0}, {""range"": 1.8818775100643623, ""doppler"": 0.0, ""angle"": 41.21306888173851, ""elevation"": 0.0}, {""range"": 1.9102535180870903, ""doppler"": 0.0, ""angle"": 42.72394126613131, ""elevation"": 0.0}]",1785098509816.772
8,"[{""range"": 0.6128698585606087, ""doppler"": 0.0, ""angle"": -2.5585358308604484, ""elevation"": 0.0}, {""range"": 2.8013918677563856, ""doppler"": 0.0, ""angle"": -2.09970959732808, ""elevation"": 0.0}, {""range"": 2.8156813398127225, ""doppler"": 0.0, ""angle"": -2.45320074545298, ""elevation"": 0.0}, {""range"": 0.14417704430739792, ""doppler"": 0.0, ""angle"": 20.547728224502805, ""elevation"": 0.0}, {""range"": 0.1778315140259843, ""doppler"": 0.0, ""angle"": 25.0447373731323, ""elevation"": 0.0}, {""range"": 0.8810105020197073, ""doppler"": 0.0, ""angle"": 36.00001395565507, ""elevation"": 0.0}, {""range"": 1.8827800097424097, ""doppler"": 0.0, ""angle"": 46.26602025361847, ""elevation"": 0.0}, {""range"": 1.9058823024795535, ""doppler"": 0.0, ""angle"": 48.86868990664859, ""elevation"": 0.0}]",1785098509817.0713
7,"[{""range"": 0.5914028872622741, ""doppler"": 0.0, ""angle"": 1.645977497564048, ""elevation"": 0.0}, {""range"": 0.60066350027605, ""doppler"": 0.0, ""angle"": 2.849628728297798, ""elevation"": 0.0}, {""range"": 0.09163180444151352, ""doppler"": 0.0, ""angle"": 9.09469312086854, ""elevation"": 0.0}, {""range"": 0.12926070833390998, ""doppler"": 0.0, ""angle"": 7.311807006761937, ""elevation"": 0.0}, {""range"": 0.6124803517814669, ""doppler"": 0.0, ""angle"": 5.9153211068045355, ""elevation"": 0.0}, {""range"": 1.8788043984207983, ""doppler"": 0.0, ""angle"": 46.18770680659852, ""elevation"": 0.0}, {""range"": 1.9010429915431675, ""doppler"": 0.0, ""angle"": 47.80969138065988, ""elevation"": 0.0}]",1785098509817.379
3,"[{""range"": 0.5796467644393314, ""doppler"": 0.0, ""angle"": 3.0592365013306915, ""elevation"": 0.0}, {""range"": 0.5940133497916212, ""doppler"": 0.0, ""angle"": 5.961158675354672, ""elevation"": 0.0}, {""range"": 0.6161696741846754, ""doppler"": 0.0, ""angle"": 15.657617557983649, ""elevation"": 0.0}]",1785098509817.6692
6,"[{""range"": 0.09157124254037881, ""doppler"": 0.0, ""angle"": -62.68439202655774, ""elevation"": 0.0}, {""range"": 0.1259350372469732, ""doppler"": 0.0, ""angle"": -45.11505161145392, ""elevation"": 0.0}, {""range"": 0.6145889029765532, ""doppler"": 0.0, ""angle"": -4.990680583584804, ""elevation"": 0.0}, {""range"": 0.5403023328514598, ""doppler"": 0.0, ""angle"": 1.85861481174412, ""elevation"": 0.0}, {""range"": 0.5627274797346837, ""doppler"": 0.0, ""angle"": 0.018206475241383736, ""elevation"": 0.0}, {""range"": 0.58964542176769, ""doppler"": 0.0, ""angle"": -3.320546505720126, ""elevation"": 0.0}]",1785098509817.968
4,"[{""range"": 0.5852597553041747, ""doppler"": 0.0, ""angle"": -0.14004440064166238, ""elevation"": 0.0}, {""range"": 0.5969002241589938, ""doppler"": 0.0, ""angle"": 1.4762800641941605, ""elevation"": 0.0}, {""range"": 0.611664159931766, ""doppler"": 0.0, ""angle"": 1.7925264955433926, ""elevation"": 0.0}, {""range"": 0.6421260168269874, ""doppler"": 0.0, ""angle"": -3.320551344258087, ""elevation"": 0.0}]",1785098509818.271
3,"[{""range"": 0.6083309177081018, ""doppler"": 0.0, ""angle"": -0.25262525672699365, ""elevation"": 0.0}, {""range"": 0.6170909030173474, ""doppler"": 0.0, ""angle"": -1.3947521079068832, ""elevation"": 0.0}, {""range"": 1.8671184364335296, ""doppler"": 0.0, ""angle"": 43.890236812726414, ""elevation"": 0.0}]",1785098509818.567
4,"[{""range"": 0.36319487126258587, ""doppler"": 0.0, ""angle"": -18.515232440878457, ""elevation"": 0.0}, {""range"": 0.37424936276455656, ""doppler"": 0.0, ""angle"": -19.65566553711397, ""elevation"": 0.0}, {""range"": 0.5888486482349679, ""doppler"": 0.0, ""angle"": -0.40017658683626145, ""elevation"": 0.0}, {""range"": 0.5929158639581116, ""doppler"": 0.0, ""angle"": -1.2787884284199333, ""elevation"": 0.0}]",1785098509818.8591
4,"[{""range"": 0.5920903075407878, ""doppler"": 0.0, ""angle"": 5.493649491182321, ""elevation"": 0.0}, {""range"": 1.8515982671683806, ""doppler"": 0.0, ""angle"": 44.898273101473144, ""elevation"": 0.0}, {""range"": 1.8664692771175977, ""doppler"": 0.0, ""angle"": 45.531759123132744, ""elevation"": 0.0}, {""range"": 1.88288488261642, ""doppler"": 0.0, ""angle"": 48.48033268957348, ""elevation"": 0.0}]",1785098509819.136
6,"[{""range"": 2.8179656962122692, ""doppler"": 0.0, ""angle"": -4.093646804493399, ""elevation"": 0.0}, {""range"": 0.5754596079772861, ""doppler"": 0.0, ""angle"": 1.5669168628350596, ""elevation"": 0.0}, {""range"": 0.5929317453707511, ""doppler"": 0.0, ""angle"": 2.4024887428490933, ""elevation"": 0.0}, {""range"": 2.763074121574033, ""doppler"": 0.0, ""angle"": -0.7230654245152108, ""elevation"": 0.0}, {""range"": 2.793063133668074, ""doppler"": 0.0, ""angle"": -2.8219230954570893, ""elevation"": 0.0}, {""range"": 0.6141739098676999, ""doppler"": 0.0, ""angle"": 3.839596337953471, ""elevation"": 0.0}]",1785098509819.4028
7,"[{""range"": 0.6144621552809703, ""doppler"": 0.0, ""angle"": -3.988205376659788, ""elevation"": 0.0}, {""range"": 0.5968772164956594, ""doppler"": 0.0, ""angle"": -2.4209584708004006, ""elevation"": 0.0}, {""range"": 0.6451084610512937, ""doppler"": 0.0, ""angle"": -1.7631236687874876, ""elevation"": 0.0}, {""range"": 0.8363601014799551, ""doppler"": 0.0, ""angle"": 37.17124528534757, ""elevation"": 0.0}, {""range"": 0.8357764055548303, ""doppler"": 0.0, ""angle"": 36.89441445201269, ""elevation"": 0.0}, {""range"": 1.8787421182063815, ""doppler"": 0.0, ""angle"": 41.376761620816104, ""elevation"": 0.0}, {""range"": 1.8967065427547742, ""doppler"": 0.0, ""angle"": 43.15485265970717, ""elevation"": 0.0}]",1785098509819.6921
7,"[{""range"": 0.5861935603042007, ""doppler"": 0.0, ""angle"": -0.6816442882199696, ""elevation"": 0.0}, {""range"": 0.6062266027461953, ""doppler"": 0.0, ""angle"": -2.8742205288339866, ""elevation"": 0.0}, {""range"": 0.7935874415136215, ""doppler"": 0.0, ""angle"": 45.62077128033865, ""elevation"": 0.0}, {""range"": 0.8098637853555659, ""doppler"": 0.0, ""angle"": 45.31308857502066, ""elevation"": 0.0}, {""range"": 1.8850823117302926, ""doppler"": 0.0, ""angle"": 43.53947395472964, ""elevation"": 0.0}, {""range"": 1.9035218264485119, ""doppler"": 0.0, ""angle"": 46.08092418666069, ""elevation"": 0.0}, {""range"": 2.063884071055651, ""doppler"": 0.0, ""angle"": 44.11190054011663, ""elevation"": 0.0}]",1785098509819.977
8,"[{""range"": 0.5894256549275065, ""doppler"": 0.0, ""angle"": 0.7822056721071498, ""elevation"": 0.0}, {""range"": 0.5967231038894497, ""doppler"": 0.0, ""angle"": 0.4807444345589754, ""elevation"": 0.0}, {""range"": 0.6048503378104013, ""doppler"": 0.0, ""angle"": 1.0502485095704086, ""elevation"": 0.0}, {""range"": 2.810128343841521, ""doppler"": 0.0, ""angle"": -2.08223405847201, ""elevation"": 0.0}, {""range"": 0.6349050557648923, ""doppler"": 0.0, ""angle"": 6.030121818377204, ""elevation"": 0.0}, {""range"": 0.75674439393891, ""doppler"": 0.0, ""angle"": 42.040547388276295, ""elevation"": 0.0}, {""range"": 0.7940381092832071, ""doppler"": 0.0, ""angle"": 42.307538418961315, ""elevation"": 0.0}, {""range"": 0.8064124831466923, ""doppler"": 0.0, ""angle"": 41.66519154558474, ""elevation"": 0.0}]",1785098509820.243
4,"[{""range"": 1.3595158984974676, ""doppler"": 0.0, ""angle"": -21.083500432229478, ""elevation"": 0.0}, {""range"": 1.8595608065421543, ""doppler"": 0.0, ""angle"": 41.046504518665664, ""elevation"": 0.0}, {""range"": 1.8778048490584713, ""doppler"": 0.0, ""angle"": 41.72279914197566, ""elevation"": 0.0}, {""range"": 1.8984839450001338, ""doppler"": 0.0, ""angle"": 43.14894486620489, ""elevation"": 0.0}]",1785098509820.5068
6,"[{""range"": 0.6433197789590722, ""doppler"": 0.0, ""angle"": -7.731455028134968, ""elevation"": 0.0}, {""range"": 2.8088847129537724, ""doppler"": 0.0, ""angle"": -5.109561010176568, ""elevation"": 0.0}, {""range"": 0.5984698294393003, ""doppler"": 0.0, ""angle"": -1.3182894433702201, ""elevation"": 0.0}, {""range"": 0.6087999743464155, ""doppler"": 0.0, ""angle"": -2.9968666050402413, ""elevation"": 0.0}, {""range"": 1.8836068872965206, ""doppler"": 0.0, ""angle"": 41.94476190169687, ""elevation"": 0.0}, {""range"": 1.899622498893465, ""doppler"": 0.0, ""angle"": 42.63104378630697, ""elevation"": 0.0}]",1785098509820.771
3,"[{""range"": 0.5835786091063707, ""doppler"": 0.0, ""angle"": 1.106094294306132, ""elevation"": 0.0}, {""range"": 0.5856183648955798, ""doppler"": 0.0, ""angle"": 0.1749484013709752, ""elevation"": 0.0}, {""range"": 1.8688221371380895, ""doppler"": 0.0, ""angle"": 41.520631527003935, ""elevation"": 0.0}]",1785098509821.034
8,"[{""range"": 0.577593919494326, ""doppler"": 0.0, ""angle"": -0.5321436413075533, ""elevation"": 0.0}, {""range"": 0.5965912474880423, ""doppler"": 0.0, ""angle"": -2.1643173793987716, ""elevation"": 0.0}, {""range"": 0.6065726322383014, ""doppler"": 0.0, ""angle"": -3.464652998474958, ""elevation"": 0.0}, {""range"": 2.804270269747279, ""doppler"": 0.0, ""angle"": -0.5078373164426249, ""elevation"": 0.0}, {""range"": 0.5226142459754779, ""doppler"": 0.0, ""angle"": 11.886638733943569, ""elevation"": 0.0}, {""range"": 1.8609446640710314, ""doppler"": 0.0, ""angle"": 40.47171369099588, ""elevation"": 0.0}, {""range"": 1.8814373059048055, ""doppler"": 0.0, ""angle"": 42.1802822099508, ""elevation"": 0.0}, {""range"": 1.8990784447963611, ""doppler"": 0.0, ""angle"": 45.484479031433054, ""elevation"": 0.0}]",1785098509821.3
7,"[{""range"": 0.5851421462236482, ""doppler"": 0.0, ""angle"": 0.840464595074716, ""elevation"": 0.0}, {""range"": 0.5959937102113609, ""doppler"": 0.0, ""angle"": 0.2750451336312582, ""elevation"": 0.0}, {""range"": 0.6089437844986721, ""doppler"": 0.0, ""angle"": -0.9422244966621495, ""elevation"": 0.0}, {""range"": 0.8512397668635059, ""doppler"": 0.0, ""angle"": 33.92707388480755, ""elevation"": 0.0}, {""range"": 0.8588917423435458, ""doppler"": 0.0, ""angle"": 36.26153309426012, ""elevation"": 0.0}, {""range"": 1.876169790028437, ""doppler"": 0.0, ""angle"": 41.58456239520188, ""elevation"": 0.0}, {""range"": 1.896132167323541, ""doppler"": 0.0, ""angle"": 45.320938593153215, ""elevation"": 0.0}]",1785098509821.573
8,"[{""range"": 0.610334184355436, ""doppler"": 0.0, ""angle"": 2.8548607928617478, ""elevation"": 0.0}, {""range"": 2.8170609917135527, ""doppler"": 0.0, ""angle"": -2.9690142352304765, ""elevation"": 0.0}, {""range"": 0.6293865670963094, ""doppler"": 0.0, ""angle"": 6.3779419167651445, ""elevation"": 0.0}, {""range"": 0.848351367984418, ""doppler"": 0.0, ""angle"": 36.4544555746663, ""elevation"": 0.0}, {""range"": 0.8553434787318027, ""doppler"": 0.0, ""angle"": 37.06394122978135, ""elevation"": 0.0}, {""range"": 1.8843784090371958, ""doppler"": 0.0, ""angle"": 43.62737901909149, ""elevation"": 0.0}, {""range"": 1.9107710301307352, ""doppler"": 0.0, ""angle"": 47.085734179774065, ""elevation"": 0.0}, {""range"": 1.9438147597498652, ""doppler"": 0.0, ""angle"": 53.1258857862087, ""elevation"": 0.0}]",1785098509821.834
5,"[{""range"": 0.5887598612036845, ""doppler"": 0.0, ""angle"": -1.0789545601212356, ""elevation"": 0.0}, {""range"": 0.6038247913829657, ""doppler"": 0.0, ""angle"": -1.2726530617389225, ""elevation"": 0.0}, {""range"": 0.62156466910644, ""doppler"": 0.0, ""angle"": -0.28021302819069255, ""elevation"": 0.0}, {""range"": 0.8224493404934495, ""doppler"": 0.0, ""angle"": 40.54724841223058, ""elevation"": 0.0}, {""range"": 1.8771370032891783, ""doppler"": 0.0, ""angle"": 44.05827867960555, ""elevation"": 0.0}]",1785098509822.103
5,"[{""range"": 0.5665659899463493, ""doppler"": 0.0, ""angle"": -2.2609774125459863, ""elevation"": 0.0}, {""range"": 0.5784685773602776, ""doppler"": 0.0, ""angle"": 2.480321097677132, ""elevation"": 0.0}, {""range"": 0.7064189034765501, ""doppler"": 0.0, ""angle"": 36.32167104340767, ""elevation"": 0.0}, {""range"": 1.8802321331272416, ""doppler"": 0.0, ""angle"": 44.5376365639298, ""elevation"": 0.0}, {""range"": 1.8992751222273432, ""doppler"": 0.0, ""angle"": 46.88081479820064, ""elevation"": 0.0}]",1785098509822.371
2,"[{""range"": 0.631708632525558, ""doppler"": 0.0, ""angle"": 22.23810666649969, ""elevation"": 0.0}, {""range"": 0.09149980831311734, ""doppler"": 0.0, ""angle"": 69.40463929286815, ""elevation"": 0.0}]",1785098509822.63
7,"[{""range"": 0.6034970548417827, ""doppler"": 0.0, ""angle"": 0.01697652676633729, ""elevation"": 0.0}, {""range"": 0.6120813770514839, ""doppler"": 0.0, ""angle"": -0.11716911992492297, ""elevation"": 0.0}, {""range"": 0.41108394031960127, ""doppler"": 0.0, ""angle"": 15.154569216107584, ""elevation"": 0.0}, {""range"": 0.42460463451615443, ""doppler"": 0.0, ""angle"": 15.786305813062901, ""elevation"": 0.0}, {""range"": 1.8493360344154595, ""doppler"": 0.0, ""angle"": 44.75712313330304, ""elevation"": 0.0}, {""range"": 1.8773399392879664, ""doppler"": 0.0, ""angle"": 46.70975647392479, ""elevation"": 0.0}, {""range"": 1.9054929005659675, ""doppler"": 0.0, ""angle"": 49.49084880468935, ""elevation"": 0.0}]",1785098509822.898
7,"[{""range"": 0.4439850607123467, ""doppler"": 0.0, ""angle"": -26.76112746688879, ""elevation"": 0.0}, {""range"": 0.4608623810642421, ""doppler"": 0.0, ""angle"": -26.873250384773005, ""elevation"": 0.0}, {""range"": 0.49306605726006625, ""doppler"": 0.0, ""angle"": -24.306381890316796, ""elevation"": 0.0}, {""range"": 0.5772506257811133, ""doppler"": 0.0, ""angle"": -2.929765071990082, ""elevation"": 0.0}, {""range"": 0.5979559620419896, ""doppler"": 0.0, ""angle"": 0.15420477588089102, ""elevation"": 0.0}, {""range"": 0.6103770627435512, ""doppler"": 0.0, ""angle"": -0.9567992519703618, ""elevation"": 0.0}, {""range"": 2.8197295173019605, ""doppler"": 0.0, ""angle"": -2.420582934440095, ""elevation"": 0.0}]",1785098509823.194
4,"[{""range"": 2.8039749354616204, ""doppler"": 0.0, ""angle"": -4.242332940719695, ""elevation"": 0.0}, {""range"": 0.6005658385268751, ""doppler"": 0.0, ""angle"": -3.3113637685635458, ""elevation"": 0.0}, {""range"": 1.8813555427274176, ""doppler"": 0.0, ""angle"": 39.794415100581396, ""elevation"": 0.0}, {""range"": 1.909328937684793, ""doppler"": 0.0, ""angle"": 42.312671613899106, ""elevation"": 0.0}]",1785098509823.476
5,"[{""range"": 0.6111091714161745, ""doppler"": 0.0, ""angle"": 14.072838595702876, ""elevation"": 0.0}, {""range"": 0.6262159207244704, ""doppler"": 0.0, ""angle"": 17.001688923495827, ""elevation"": 0.0}, {""range"": 0.6555320051804974, ""doppler"": 0.0, ""angle"": 24.90831270990906, ""elevation"": 0.0}, {""range"": 0.7097449425012302, ""doppler"": 0.0, ""angle"": 35.05942696688698, ""elevation"": 0.0}, {""range"": 1.8733669239378994, ""doppler"": 0.0, ""angle"": 42.58234098631185, ""elevation"": 0.0}]",1785098509823.738
6,"[{""range"": 0.5843216946156939, ""doppler"": 0.0, ""angle"": 3.4035266455805475, ""elevation"": 0.0}, {""range"": 0.6026503133278657, ""doppler"": 0.0, ""angle"": 7.810339878415888, ""elevation"": 0.0}, {""range"": 0.62529604209906, ""doppler"": 0.0, ""angle"": 13.797810472624352, ""elevation"": 0.0}, {""range"": 0.648924735404915, ""doppler"": 0.0, ""angle"": 14.962944193396268, ""elevation"": 0.0}, {""range"": 1.8459606370749861, ""doppler"": 0.0, ""angle"": 38.24201587503242, ""elevation"": 0.0}, {""range"": 1.8636740227089317, ""doppler"": 0.0, ""angle"": 38.337852890693945, ""elevation"": 0.0}]",1785098509824.037
6,"[{""range"": 0.6055149145244194, ""doppler"": 0.0, ""angle"": -3.758925398473855, ""elevation"": 0.0}, {""range"": 0.6031260409771358, ""doppler"": 0.0, ""angle"": -1.3420933294763826, ""elevation"": 0.0}, {""range"": 1.8560826089242897, ""doppler"": 0.0, ""angle"": 41.36766755806659, ""elevation"": 0.0}, {""range"": 0.8048727436911532, ""doppler"": 0.0, ""angle"": 45.801098520313076, ""elevation"": 0.0}, {""range"": 0.8035798137446599, ""doppler"": 0.0, ""angle"": 45.640099307886715, ""elevation"": 0.0}, {""range"": 1.8719071614319909, ""doppler"": 0.0, ""angle"": 44.46591539036645, ""elevation"": 0.0}]",1785098509824.315
5,"[{""range"": 0.622134383471528, ""doppler"": 0.0, ""angle"": -13.716716466001659, ""elevation"": 0.0}, {""range"": 0.5268016619067224, ""doppler"": 0.0, ""angle"": -9.101031065585806, ""elevation"": 0.0}, {""range"": 0.5528527221634898, ""doppler"": 0.0, ""angle"": -8.350247894137159, ""elevation"": 0.0}, {""range"": 0.5859987992829976, ""doppler"": 0.0, ""angle"": -9.626155384072849, ""elevation"": 0.0}, {""range"": 1.8781647089542441, ""doppler"": 0.0, ""angle"": 42.78153958910867, ""elevation"": 0.0}]",1785098509824.628
5,"[{""range"": 0.6162153895500886, ""doppler"": 0.0, ""angle"": -6.347535946281542, ""elevation"": 0.0}, {""range"": 0.6278621695245792, ""doppler"": 0.0, ""angle"": -5.343640176811898, ""elevation"": 0.0}, {""range"": 2.812347381229344, ""doppler"": 0.0, ""angle"": -4.076272960975169, ""elevation"": 0.0}, {""range"": 1.8491741008537403, ""doppler"": 0.0, ""angle"": 39.085527573833225, ""elevation"": 0.0}, {""range"": 1.8703123960707437, ""doppler"": 0.0, ""angle"": 39.3433656589352, ""elevation"": 0.0}]",1785098509824.8918
4,"[{""range"": 1.2390987670620623, ""doppler"": 0.0, ""angle"": -29.08030303411676, ""elevation"": 0.0}, {""range"": 0.6337054829669392, ""doppler"": 0.0, ""angle"": -5.083186475396791, ""elevation"": 0.0}, {""range"": 0.5652616472701042, ""doppler"": 0.0, ""angle"": 0.5981309833325498, ""elevation"": 0.0}, {""range"": 0.5947351724500759, ""doppler"": 0.0, ""angle"": 0.017226631926223982, ""elevation"": 0.0}]",1785098509825.165
5,"[{""range"": 0.6503955408370585, ""doppler"": 0.0, ""angle"": -5.252901244872443, ""elevation"": 0.0}, {""range"": 0.6663294386630589, ""doppler"": 0.0, ""angle"": -4.278420480246012, ""elevation"": 0.0}, {""range"": 2.8061022483462112, ""doppler"": 0.0, ""angle"": -1.6943447450833267, ""elevation"": 0.0}, {""range"": 1.8822582926768474, ""doppler"": 0.0, ""angle"": 41.58020058568702, ""elevation"": 0.0}, {""range"": 1.9130263916278356, ""doppler"": 0.0, ""angle"": 39.22271072106858, ""elevation"": 0.0}]",1785098509825.4458
10,"[{""range"": 0.6560455160004799, ""doppler"": 0.0, ""angle"": -12.274726095260274, ""elevation"": 0.0}, {""range"": 0.6316407025007852, ""doppler"": 0.0, ""angle"": -6.159279047025962, ""elevation"": 0.0}, {""range"": 0.6429968571224418, ""doppler"": 0.0, ""angle"": -9.45970273289769, ""elevation"": 0.0}, {""range"": 2.806503862295506, ""doppler"": 0.0, ""angle"": 0.21173240423940703, ""elevation"": 0.0}, {""range"": 0.7058451015695525, ""doppler"": 0.0, ""angle"": 11.796708574176686, ""elevation"": 0.0}, {""range"": 0.793544590889625, ""doppler"": 0.0, ""angle"": 27.48313717212213, ""elevation"": 0.0}, {""range"": 0.8516110819539753, ""doppler"": 0.0, ""angle"": 40.89620062616799, ""elevation"": 0.0}, {""range"": 0.8610999030113246, ""doppler"": 0.0, ""angle"": 42.73629032958264, ""elevation"": 0.0}, {""range"": 1.8863784020922447, ""doppler"": 0.0, ""angle"": 44.79645662982613, ""elevation"": 0.0}, {""range"": 1.9121674224218683, ""doppler"": 0.0, ""angle"": 43.84817655346642, ""elevation"": 0.0}]",1785098509825.707
6,"[{""range"": 2.8061761527727076, ""doppler"": 0.0, ""angle"": -4.722406879915756, ""elevation"": 0.0}, {""range"": 2.816474507242241, ""doppler"": 0.0, ""angle"": -3.7020420279879747, ""elevation"": 0.0}, {""range"": 0.6261369773879695, ""doppler"": 0.0, ""angle"": -2.602562202499806, ""elevation"": 0.0}, {""range"": 0.6337676672845702, ""doppler"": 0.0, ""angle"": -0.7274750358765613, ""elevation"": 0.0}, {""range"": 0.6507493336994153, ""doppler"": 0.0, ""angle"": 4.302105607514747, ""elevation"": 0.0}, {""range"": 0.6901927402047378, ""doppler"": 0.0, ""angle"": 38.7316742558479, ""elevation"": 0.0}]",1785098509825.9731
4,"[{""range"": 2.8062125345483384, ""doppler"": 0.0, ""angle"": -3.4522166772426233, ""elevation"": 0.0}, {""range"": 2.819415303943874, ""doppler"": 0.0, ""angle"": -3.4942789884442234, ""elevation"": 0.0}, {""range"": 1.8758208742334619, ""doppler"": 0.0, ""angle"": 45.51365921942228, ""elevation"": 0.0}, {""range"": 1.9016068375418271, ""doppler"": 0.0, ""angle"": 46.2420522858527, ""elevation"": 0.0}]",1785098509826.245
6,"[{""range"": 2.810260800949752, ""doppler"": 0.0, ""angle"": -3.776001331826964, ""elevation"": 0.0}, {""range"": 0.6185433493147119, ""doppler"": 0.0, ""angle"": -1.4743200890578618, ""elevation"": 0.0}, {""range"": 0.628226311167153, ""doppler"": 0.0, ""angle"": -2.0716015086309656, ""elevation"": 0.0}, {""range"": 0.6464290913521032, ""doppler"": 0.0, ""angle"": -0.41207872244649263, ""elevation"": 0.0}, {""range"": 2.818766989316975, ""doppler"": 0.0, ""angle"": -3.5169325727252567, ""elevation"": 0.0}, {""range"": 1.8795755608934883, ""doppler"": 0.0, ""angle"": 43.99396746218338, ""elevation"": 0.0}]",1785098509826.5337
8,"[{""range"": 2.8049224537428525, ""doppler"": 0.0, ""angle"": -3.8966839512958833, ""elevation"": 0.0}, {""range"": 0.576430923378343, ""doppler"": 0.0, ""angle"": 1.13758859201869, ""elevation"": 0.0}, {""range"": 0.5584361459290019, ""doppler"": 0.0, ""angle"": 3.837262117327651, ""elevation"": 0.0}, {""range"": 0.6763619751759951, ""doppler"": 0.0, ""angle"": 24.823806581051624, ""elevation"": 0.0}, {""range"": 1.8779137456213206, ""doppler"": 0.0, ""angle"": 42.16726233915567, ""elevation"": 0.0}, {""range"": 0.8388278301072895, ""doppler"": 0.0, ""angle"": 46.77075779444029, ""elevation"": 0.0}, {""range"": 0.8502136444828464, ""doppler"": 0.0, ""angle"": 44.53987127006123, ""elevation"": 0.0}, {""range"": 1.8951314062523699, ""doppler"": 0.0, ""angle"": 45.37462679313434, ""elevation"": 0.0}]",1785098509826.823
9,"[{""range"": 1.2826416742407971, ""doppler"": 0.0, ""angle"": -13.799893663967705, ""elevation"": 0.0}, {""range"": 1.0870473808641439, ""doppler"": 0.0, ""angle"": -5.115073104980766, ""elevation"": 0.0}, {""range"": 2.700850562513847, ""doppler"": 0.0, ""angle"": -6.767898674037944, ""elevation"": 0.0}, {""range"": 0.09156390956385761, ""doppler"": 0.0, ""angle"": -0.8951737102110744, ""elevation"": 0.0}, {""range"": 0.11589474465545392, ""doppler"": 0.0, ""angle"": -1.1492981961759283, ""elevation"": 0.0}, {""range"": 0.5392797029405195, ""doppler"": 0.0, ""angle"": 29.301869374151465, ""elevation"": 0.0}, {""range"": 0.5453337194171302, ""doppler"": 0.0, ""angle"": 30.416012420832317, ""elevation"": 0.0}, {""range"": 1.8774516303168094, ""doppler"": 0.0, ""angle"": 36.13208867978465, ""elevation"": 0.0}, {""range"": 1.9066212653013548, ""doppler"": 0.0, ""angle"": 39.27579597705672, ""elevation"": 0.0}]",1785098509827.1538
10,"[{""range"": 0.5710495433307579, ""doppler"": 0.0, ""angle"": -7.665778448452432, ""elevation"": 0.0}, {""range"": 0.5997561436456164, ""doppler"": 0.0, ""angle"": -5.251651979430986, ""elevation"": 0.0}, {""range"": 0.6217026979274141, ""doppler"": 0.0, ""angle"": -4.520040981280515, ""elevation"": 0.0}, {""range"": 0.6540333475638078, ""doppler"": 0.0, ""angle"": -6.5149103773992225, ""elevation"": 0.0}, {""range"": 2.8075608684924367, ""doppler"": 0.0, ""angle"": -3.7723236233330337, ""elevation"": 0.0}, {""range"": 0.8673045051219463, ""doppler"": 0.0, ""angle"": 33.853881636778425, ""elevation"": 0.0}, {""range"": 0.8732260899095328, ""doppler"": 0.0, ""angle"": 33.270289976698336, ""elevation"": 0.0}, {""range"": 0.8830515729596421, ""doppler"": 0.0, ""angle"": 34.455939428217, ""elevation"": 0.0}, {""range"": 1.902128475527316, ""doppler"": 0.0, ""angle"": 41.718973913095866, ""elevation"": 0.0}, {""range"": 1.8802472510200634, ""doppler"": 0.0, ""angle"": 43.57425920722769, ""elevation"": 0.0}]",1785098509827.415
7,"[{""range"": 1.3225584479195829, ""doppler"": 0.0, ""angle"": -44.23858451879151, ""elevation"": 0.0}, {""range"": 2.8069322224843036, ""doppler"": 0.0, ""angle"": -3.6305223005224345, ""elevation"": 0.0}, {""range"": 0.6327504584268665, ""doppler"": 0.0, ""angle"": -1.0525174510553241, ""elevation"": 0.0}, {""range"": 0.6481490114733945, ""doppler"": 0.0, ""angle"": -2.593231343793554, ""elevation"": 0.0}, {""range"": 0.6550539206971558, ""doppler"": 0.0, ""angle"": -2.7850819794555615, ""elevation"": 0.0}, {""range"": 1.9112419108961576, ""doppler"": 0.0, ""angle"": 34.0394549015424, ""elevation"": 0.0}, {""range"": 1.8786621609653682, ""doppler"": 0.0, ""angle"": 39.63589631258529, ""elevation"": 0.0}]",1785098509827.6638
3,"[{""range"": 0.6129258100860738, ""doppler"": 0.0, ""angle"": -4.534598607481708, ""elevation"": 0.0}, {""range"": 0.6238761536282947, ""doppler"": 0.0, ""angle"": -4.109017137878658, ""elevation"": 0.0}, {""range"": 2.650625542993253, ""doppler"": 0.0, ""angle"": 4.7248018880451585, ""elevation"": 0.0}]",1785098509827.903
6,"[{""range"": 2.8047000255995, ""doppler"": 0.0, ""angle"": -3.9372694272971107, ""elevation"": 0.0}, {""range"": 0.6190836938902452, ""doppler"": 0.0, ""angle"": 0.5626787628075309, ""elevation"": 0.0}, {""range"": 0.6266059212362488, ""doppler"": 0.0, ""angle"": 1.520769661143766, ""elevation"": 0.0}, {""range"": 0.6420435765360307, ""doppler"": 0.0, ""angle"": 3.720665961598521, ""elevation"": 0.0}, {""range"": 1.8763059964112332, ""doppler"": 0.0, ""angle"": 38.46452512761288, ""elevation"": 0.0}, {""range"": 1.9027012088791115, ""doppler"": 0.0, ""angle"": 40.319201313686115, ""elevation"": 0.0}]",1785098509828.1658
4,"[{""range"": 0.6194709326412571, ""doppler"": 0.0, ""angle"": -0.7938860894754217, ""elevation"": 0.0}, {""range"": 0.62618694365067, ""doppler"": 0.0, ""angle"": -1.2926588327544217, ""elevation"": 0.0}, {""range"": 0.6401680699700155, ""doppler"": 0.0, ""angle"": -1.952872566701339, ""elevation"": 0.0}, {""range"": 1.875331014538054, ""doppler"": 0.0, ""angle"": 45.87308455171371, ""elevation"": 0.0}]",1785098509828.411
3,"[{""range"": 0.6204094724793177, ""doppler"": 0.0, ""angle"": -10.176344381690082, ""elevation"": 0.0}, {""range"": 1.8741378670347135, ""doppler"": 0.0, ""angle"": 45.355629741101225, ""elevation"": 0.0}, {""range"": 1.8929798304831078, ""doppler"": 0.0, ""angle"": 50.434889458083525, ""elevation"": 0.0}]",1785098509828.6453
2,"[{""range"": 0.6215447350782474, ""doppler"": 0.0, ""angle"": -4.10793050608453, ""elevation"": 0.0}, {""range"": 0.6121507201879254, ""doppler"": 0.0, ""angle"": -0.8703334429983862, ""elevation"": 0.0}]",1785098509828.887
5,"[{""range"": 0.549830633970786, ""doppler"": 0.0, ""angle"": 3.5426268768396447, ""elevation"": 0.0}, {""range"": 0.5711188856834526, ""doppler"": 0.0, ""angle"": 1.3814344206047262, ""elevation"": 0.0}, {""range"": 0.5312650763098314, ""doppler"": 0.0, ""angle"": 4.943010718613532, ""elevation"": 0.0}, {""range"": 0.8524246113265049, ""doppler"": 0.0, ""angle"": 38.93761289691378, ""elevation"": 0.0}, {""range"": 0.8599899784485144, ""doppler"": 0.0, ""angle"": 38.89795787393977, ""elevation"": 0.0}]",1785098509829.132
9,"[{""range"": 0.6181109663351771, ""doppler"": 0.0, ""angle"": -3.8317158388556667, ""elevation"": 0.0}, {""range"": 0.628276671082113, ""doppler"": 0.0, ""angle"": -4.65259562399389, ""elevation"": 0.0}, {""range"": 2.7083953321477074, ""doppler"": 0.0, ""angle"": -10.53762694966368, ""elevation"": 0.0}, {""range"": 2.751510313211574, ""doppler"": 0.0, ""angle"": -6.96521780056349, ""elevation"": 0.0}, {""range"": 0.8804628353027679, ""doppler"": 0.0, ""angle"": 33.30924161369309, ""elevation"": 0.0}, {""range"": 1.8454244305693304, ""doppler"": 0.0, ""angle"": 37.98697491909917, ""elevation"": 0.0}, {""range"": 1.8746126365110614, ""doppler"": 0.0, ""angle"": 37.7345378272204, ""elevation"": 0.0}, {""range"": 1.8989632354287211, ""doppler"": 0.0, ""angle"": 37.91662439396623, ""elevation"": 0.0}, {""range"": 3.5599233090389695, ""doppler"": 0.0, ""angle"": 41.835973432214125, ""elevation"": 0.0}]",1785098509829.3782
8,"[{""range"": 1.3573413822831508, ""doppler"": 0.0, ""angle"": -44.89859164657488, ""elevation"": 0.0}, {""range"": 1.3297434235077528, ""doppler"": 0.0, ""angle"": -43.27815681386069, ""elevation"": 0.0}, {""range"": 1.5421846096513219, ""doppler"": 0.0, ""angle"": -4.408895800332826, ""elevation"": 0.0}, {""range"": 0.6219693845368414, ""doppler"": 0.0, ""angle"": -2.850888982699675, ""elevation"": 0.0}, {""range"": 2.811574344445872, ""doppler"": 0.0, ""angle"": -1.2025973648524357, ""elevation"": 0.0}, {""range"": 0.8676518648234363, ""doppler"": 0.0, ""angle"": 42.2101453168242, ""elevation"": 0.0}, {""range"": 1.8693627501626244, ""doppler"": 0.0, ""angle"": 41.14107020485939, ""elevation"": 0.0}, {""range"": 1.8882895395965824, ""doppler"": 0.0, ""angle"": 48.26282732812671, ""elevation"": 0.0}]",1785098509829.6167
4,"[{""range"": 0.6157320931912278, ""doppler"": 0.0, ""angle"": 1.6475069067795367, ""elevation"": 0.0}, {""range"": 0.6206760192915085, ""doppler"": 0.0, ""angle"": 2.4106825457561185, ""elevation"": 0.0}, {""range"": 2.654386275250283, ""doppler"": 0.0, ""angle"": 39.513997064142735, ""elevation"": 0.0}, {""range"": 2.69030163160856, ""doppler"": 0.0, ""angle"": 52.01345902664253, ""elevation"": 0.0}]",1785098509829.86
5,"[{""range"": 0.673799092772224, ""doppler"": 0.0, ""angle"": 21.581172506683313, ""elevation"": 0.0}, {""range"": 0.6534099476638261, ""doppler"": 0.0, ""angle"": 31.93723927363024, ""elevation"": 0.0}, {""range"": 1.850244124655874, ""doppler"": 0.0, ""angle"": 41.01871549773044, ""elevation"": 0.0}, {""range"": 1.8724861246234048, ""doppler"": 0.0, ""angle"": 42.2365157459982, ""elevation"": 0.0}, {""range"": 1.899191416431817, ""doppler"": 0.0, ""angle"": 43.775444845658406, ""elevation"": 0.0}]",1785098509830.0989
4,"[{""range"": 0.6265935213188027, ""doppler"": 0.0, ""angle"": 0.5559347514498995, ""elevation"": 0.0}, {""range"": 0.6400165380551749, ""doppler"": 0.0, ""angle"": 2.786462822084407, ""elevation"": 0.0}, {""range"": 1.879792104973428, ""doppler"": 0.0, ""angle"": 45.04239277995794, ""elevation"": 0.0}, {""range"": 1.912743443583131, ""doppler"": 0.0, ""angle"": 46.560641643267, ""elevation"": 0.0}]",1785098509830.33
6,"[{""range"": 0.5999125151061969, ""doppler"": 0.0, ""angle"": 1.366366549374514, ""elevation"": 0.0}, {""range"": 0.6168673854346858, ""doppler"": 0.0, ""angle"": -1.2125159462907753, ""elevation"": 0.0}, {""range"": 1.9002058649349403, ""doppler"": 0.0, ""angle"": 43.07814633212773, ""elevation"": 0.0}, {""range"": 2.6610437079224325, ""doppler"": 0.0, ""angle"": 42.70982519837219, ""elevation"": 0.0}, {""range"": 1.8757952460542435, ""doppler"": 0.0, ""angle"": 43.454972590733895, ""elevation"": 0.0}, {""range"": 2.674708464880955, ""doppler"": 0.0, ""angle"": 48.04581428656955, ""elevation"": 0.0}]",1785098509830.572
3,"[{""range"": 0.6186679171420223, ""doppler"": 0.0, ""angle"": 2.7003172272307374, ""elevation"": 0.0}, {""range"": 0.6240052421331569, ""doppler"": 0.0, ""angle"": 2.2499244812868633, ""elevation"": 0.0}, {""range"": 0.8343201792547151, ""doppler"": 0.0, ""angle"": 49.29348273387143, ""elevation"": 0.0}]",1785098509830.813
6,"[{""range"": 0.6109768348774582, ""doppler"": 0.0, ""angle"": -5.3401730245828265, ""elevation"": 0.0}, {""range"": 0.6064064572687375, ""doppler"": 0.0, ""angle"": -3.194824844029308, ""elevation"": 0.0}, {""range"": 3.2980413786284077, ""doppler"": 0.0, ""angle"": 19.10591174436293, ""elevation"": 0.0}, {""range"": 1.9547146709534058, ""doppler"": 0.0, ""angle"": 41.770213579679144, ""elevation"": 0.0}, {""range"": 1.8891998926940654, ""doppler"": 0.0, ""angle"": 46.54173433564962, ""elevation"": 0.0}, {""range"": 1.9172325054605996, ""doppler"": 0.0, ""angle"": 44.77706034880248, ""elevation"": 0.0}]",1785098509831.049
7,"[{""range"": 0.6011472627395644, ""doppler"": 0.0, ""angle"": -1.2953696214337258, ""elevation"": 0.0}, {""range"": 0.6384234442400625, ""doppler"": 0.0, ""angle"": -0.7703170054232404, ""elevation"": 0.0}, {""range"": 0.6579013972038359, ""doppler"": 0.0, ""angle"": 0.6696402120304613, ""elevation"": 0.0}, {""range"": 0.5616965797364009, ""doppler"": 0.0, ""angle"": 5.645255395779306, ""elevation"": 0.0}, {""range"": 1.8874479932049508, ""doppler"": 0.0, ""angle"": 42.469766611222816, ""elevation"": 0.0}, {""range"": 1.9360084997852296, ""doppler"": 0.0, ""angle"": 41.81767906612835, ""elevation"": 0.0}, {""range"": 1.9092342929499608, ""doppler"": 0.0, ""angle"": 43.54656665508358, ""elevation"": 0.0}]",1785098509831.289
6,"[{""range"": 0.6083211150204813, ""doppler"": 0.0, ""angle"": 1.9540392423436297, ""elevation"": 0.0}, {""range"": 2.809888746904598, ""doppler"": 0.0, ""angle"": -0.9225165197949913, ""elevation"": 0.0}, {""range"": 0.6239660930620741, ""doppler"": 0.0, ""angle"": 3.9931986519554044, ""elevation"": 0.0}, {""range"": 1.8637348506572384, ""doppler"": 0.0, ""angle"": 40.32642106847131, ""elevation"": 0.0}, {""range"": 1.8800454026732278, ""doppler"": 0.0, ""angle"": 41.6765320938244, ""elevation"": 0.0}, {""range"": 1.8996500947373511, ""doppler"": 0.0, ""angle"": 43.12337224254853, ""elevation"": 0.0}]",1785098509831.53
5,"[{""range"": 0.6194019702332897, ""doppler"": 0.0, ""angle"": -5.499923634805167, ""elevation"": 0.0}, {""range"": 2.8114664692230336, ""doppler"": 0.0, ""angle"": -4.377184607218525, ""elevation"": 0.0}, {""range"": 0.5973972303180324, ""doppler"": 0.0, ""angle"": -1.3206567900386512, ""elevation"": 0.0}, {""range"": 2.7005209780800326, ""doppler"": 0.0, ""angle"": -0.42111753439139993, ""elevation"": 0.0}, {""range"": 0.8290518459930617, ""doppler"": 0.0, ""angle"": 52.069739806734624, ""elevation"": 0.0}]",1785098509831.782
4,"[{""range"": 0.6176262282815381, ""doppler"": 0.0, ""angle"": 1.9577840364835313, ""elevation"": 0.0}, {""range"": 0.627151759230678, ""doppler"": 0.0, ""angle"": 1.5521299215281081, ""elevation"": 0.0}, {""range"": 1.8804174847272608, ""doppler"": 0.0, ""angle"": 39.85370531184001, ""elevation"": 0.0}, {""range"": 1.9050374333384992, ""doppler"": 0.0, ""angle"": 41.590663979509856, ""elevation"": 0.0}]",1785098509832.0452
3,"[{""range"": 0.6096742840184, ""doppler"": 0.0, ""angle"": -1.0251304188482977, ""elevation"": 0.0}, {""range"": 0.6243957785036898, ""doppler"": 0.0, ""angle"": 3.5957813063277633, ""elevation"": 0.0}, {""range"": 1.9090050763334265, ""doppler"": 0.0, ""angle"": 49.01450776593057, ""elevation"": 0.0}]",1785098509832.308
7,"[{""range"": 0.6114634714345769, ""doppler"": 0.0, ""angle"": -1.7260619961183865, ""elevation"": 0.0}, {""range"": 0.6210561129101524, ""doppler"": 0.0, ""angle"": -2.458740652191405, ""elevation"": 0.0}, {""range"": 0.6422801624789487, ""doppler"": 0.0, ""angle"": -1.2762195175986013, ""elevation"": 0.0}, {""range"": 0.8366407614686959, ""doppler"": 0.0, ""angle"": 38.474299018390575, ""elevation"": 0.0}, {""range"": 0.8568019264428379, ""doppler"": 0.0, ""angle"": 42.953384382005666, ""elevation"": 0.0}, {""range"": 1.8801283792692027, ""doppler"": 0.0, ""angle"": 42.93423757604732, ""elevation"": 0.0}, {""range"": 1.9076908538443893, ""doppler"": 0.0, ""angle"": 48.06987129625226, ""elevation"": 0.0}]",1785098509832.551
2,"[{""range"": 0.6203308984131012, ""doppler"": 0.0, ""angle"": 1.4700707459247604, ""elevation"": 0.0}, {""range"": 0.6296353486662378, ""doppler"": 0.0, ""angle"": 1.4808962627999438, ""elevation"": 0.0}]",1785098509832.785
6,"[{""range"": 0.4627484897868802, ""doppler"": 0.0, ""angle"": -14.272513384400336, ""elevation"": 0.0}, {""range"": 0.48777458775842436, ""doppler"": 0.0, ""angle"": -14.326617031693344, ""elevation"": 0.0}, {""range"": 0.6089380085907606, ""doppler"": 0.0, ""angle"": 0.9085793673162597, ""elevation"": 0.0}, {""range"": 0.622627680013415, ""doppler"": 0.0, ""angle"": 4.117270608127295, ""elevation"": 0.0}, {""range"": 0.6466558896005382, ""doppler"": 0.0, ""angle"": 12.326028135830292, ""elevation"": 0.0}, {""range"": 1.8771095874906951, ""doppler"": 0.0, ""angle"": 45.590498072744374, ""elevation"": 0.0}]",1785098509833.026
8,"[{""range"": 2.800801491426984, ""doppler"": 0.0, ""angle"": -5.8372592882464955, ""elevation"": 0.0}, {""range"": 0.6074326193446178, ""doppler"": 0.0, ""angle"": -0.13493240763129435, ""elevation"": 0.0}, {""range"": 0.6140521534733804, ""doppler"": 0.0, ""angle"": -0.23358662466989413, ""elevation"": 0.0}, {""range"": 0.855850825871707, ""doppler"": 0.0, ""angle"": 31.727490768542552, ""elevation"": 0.0}, {""range"": 0.8625197026231916, ""doppler"": 0.0, ""angle"": 32.237058100398826, ""elevation"": 0.0}, {""range"": 1.8591545137003884, ""doppler"": 0.0, ""angle"": 47.896458541130826, ""elevation"": 0.0}, {""range"": 1.879508874581574, ""doppler"": 0.0, ""angle"": 45.8827084318948, ""elevation"": 0.0}, {""range"": 1.8942377537645616, ""doppler"": 0.0, ""angle"": 44.667266752457785, ""elevation"": 0.0}]",1785098509833.267
4,"[{""range"": 0.598026568801916, ""doppler"": 0.0, ""angle"": -1.6620196501020448, ""elevation"": 0.0}, {""range"": 0.8484644306626464, ""doppler"": 0.0, ""angle"": 36.40379405843919, ""elevation"": 0.0}, {""range"": 0.856616938135055, ""doppler"": 0.0, ""angle"": 36.41779854829288, ""elevation"": 0.0}, {""range"": 1.878173118935316, ""doppler"": 0.0, ""angle"": 43.48393925566425, ""elevation"": 0.0}]",1785098509833.506
2,"[{""range"": 0.8489017471605115, ""doppler"": 0.0, ""angle"": 42.60979267931351, ""elevation"": 0.0}, {""range"": 0.8614575405533099, ""doppler"": 0.0, ""angle"": 41.179212389885514, ""elevation"": 0.0}]",1785098509833.7332
5,"[{""range"": 2.8120377440174025, ""doppler"": 0.0, ""angle"": -1.7162822167157683, ""elevation"": 0.0}, {""range"": 0.6153602982959192, ""doppler"": 0.0, ""angle"": 7.094040078980677, ""elevation"": 0.0}, {""range"": 0.6284737713555345, ""doppler"": 0.0, ""angle"": 8.508195523518971, ""elevation"": 0.0}, {""range"": 0.6465095134414165, ""doppler"": 0.0, ""angle"": 10.32469014392896, ""elevation"": 0.0}, {""range"": 1.8779485561137161, ""doppler"": 0.0, ""angle"": 47.041140216095556, ""elevation"": 0.0}]",1785098509833.9897
5,"[{""range"": 0.6293694210125548, ""doppler"": 0.0, ""angle"": 6.509173537402032, ""elevation"": 0.0}, {""range"": 0.6181489085831243, ""doppler"": 0.0, ""angle"": 11.293680196838505, ""elevation"": 0.0}, {""range"": 0.7962901519552628, ""doppler"": 0.0, ""angle"": 52.05956643819334, ""elevation"": 0.0}, {""range"": 0.8147156299701355, ""doppler"": 0.0, ""angle"": 49.994776022992205, ""elevation"": 0.0}, {""range"": 0.838009705158003, ""doppler"": 0.0, ""angle"": 46.29684564170613, ""elevation"": 0.0}]",1785098509834.2332
6,"[{""range"": 0.5863370255937213, ""doppler"": 0.0, ""angle"": 0.26210146316811356, ""elevation"": 0.0}, {""range"": 0.6022479854058592, ""doppler"": 0.0, ""angle"": -0.17011761029358802, ""elevation"": 0.0}, {""range"": 0.6260276096134786, ""doppler"": 0.0, ""angle"": 0.016365546402429043, ""elevation"": 0.0}, {""range"": 3.2994189599181585, ""doppler"": 0.0, ""angle"": 19.61434632307926, ""elevation"": 0.0}, {""range"": 1.8761645409640153, ""doppler"": 0.0, ""angle"": 41.33695462903258, ""elevation"": 0.0}, {""range"": 1.8963590956175669, ""doppler"": 0.0, ""angle"": 44.885393312911354, ""elevation"": 0.0}]",1785098509834.466
1,"[{""range"": 1.9113796913913914, ""doppler"": 0.0, ""angle"": 57.081521127443196, ""elevation"": 0.0}]",1785098509834.763
7,"[{""range"": 0.45461310875398786, ""doppler"": 0.0, ""angle"": -17.251850094351635, ""elevation"": 0.0}, {""range"": 0.5883271382525646, ""doppler"": 0.0, ""angle"": -3.781640204574666, ""elevation"": 0.0}, {""range"": 0.6088072746393727, ""doppler"": 0.0, ""angle"": -6.763908890971706, ""elevation"": 0.0}, {""range"": 1.7328783093077251, ""doppler"": 0.0, ""angle"": -3.8577289029122572, ""elevation"": 0.0}, {""range"": 0.5660476751613788, ""doppler"": 0.0, ""angle"": -3.078427097350041, ""elevation"": 0.0}, {""range"": 1.8774611760320241, ""doppler"": 0.0, ""angle"": 44.4983660411776, ""elevation"": 0.0}, {""range"": 1.8979350495526441, ""doppler"": 0.0, ""angle"": 48.066553565103035, ""elevation"": 0.0}]",1785098509834.993
5,"[{""range"": 0.5985713320540169, ""doppler"": 0.0, ""angle"": 3.2709761618118947, ""elevation"": 0.0}, {""range"": 0.6170938046376364, ""doppler"": 0.0, ""angle"": 6.0211721423687505, ""elevation"": 0.0}, {""range"": 1.850561725697653, ""doppler"": 0.0, ""angle"": 42.509426799504716, ""elevation"": 0.0}, {""range"": 1.8750520214294057, ""doppler"": 0.0, ""angle"": 45.81911773090232, ""elevation"": 0.0}, {""range"": 1.900566908964197, ""doppler"": 0.0, ""angle"": 49.299891399391726, ""elevation"": 0.0}]",1785098509835.207
7,"[{""range"": 2.8069213438342966, ""doppler"": 0.0, ""angle"": -3.904880158366297, ""elevation"": 0.0}, {""range"": 0.5302653281415572, ""doppler"": 0.0, ""angle"": -1.7971524674059232, ""elevation"": 0.0}, {""range"": 0.5706681358459949, ""doppler"": 0.0, ""angle"": -0.9156490093245538, ""elevation"": 0.0}, {""range"": 0.5915688176751894, ""doppler"": 0.0, ""angle"": -0.7620512825337983, ""elevation"": 0.0}, {""range"": 0.6042139774997595, ""doppler"": 0.0, ""angle"": -0.13565119256332012, ""elevation"": 0.0}, {""range"": 1.875786944733221, ""doppler"": 0.0, ""angle"": 42.96810030998934, ""elevation"": 0.0}, {""range"": 1.9038330336358376, ""doppler"": 0.0, ""angle"": 45.247340275876546, ""elevation"": 0.0}]",1785098509835.43
6,"[{""range"": 0.5881709756263622, ""doppler"": 0.0, ""angle"": -13.82500795722878, ""elevation"": 0.0}, {""range"": 0.5990682594615172, ""doppler"": 0.0, ""angle"": -17.959027297881626, ""elevation"": 0.0}, {""range"": 0.5761712391746779, ""doppler"": 0.0, ""angle"": -7.84845402122377, ""elevation"": 0.0}, {""range"": 2.8130259442968475, ""doppler"": 0.0, ""angle"": -1.6573804753422792, ""elevation"": 0.0}, {""range"": 1.879698082318796, ""doppler"": 0.0, ""angle"": 44.66083884664779, ""elevation"": 0.0}, {""range"": 1.9018172331938166, ""doppler"": 0.0, ""angle"": 49.95439598705027, ""elevation"": 0.0}]",1785098509835.6611
4,"[{""range"": 0.5862819179140598, ""doppler"": 0.0, ""angle"": 1.2058648724719996, ""elevation"": 0.0}, {""range"": 0.5959840533262484, ""doppler"": 0.0, ""angle"": 1.3925703041921689, ""elevation"": 0.0}, {""range"": 0.6040479741294691, ""doppler"": 0.0, ""angle"": 2.816667541156164, ""elevation"": 0.0}, {""range"": 1.8728141499268693, ""doppler"": 0.0, ""angle"": 41.96200198036633, ""elevation"": 0.0}]",1785098509835.89
4,"[{""range"": 0.5808867466309061, ""doppler"": 0.0, ""angle"": -1.0582992023143212, ""elevation"": 0.0}, {""range"": 0.5981891652385273, ""doppler"": 0.0, ""angle"": -0.7878743597097767, ""elevation"": 0.0}, {""range"": 0.6088343217244105, ""doppler"": 0.0, ""angle"": -1.279011726931996, ""elevation"": 0.0}, {""range"": 1.8707034892116168, ""doppler"": 0.0, ""angle"": 46.17735703914168, ""elevation"": 0.0}]",1785098509836.11
8,"[{""range"": 0.48315564761932567, ""doppler"": 0.0, ""angle"": -3.8197169592857145, ""elevation"": 0.0}, {""range"": 0.49505105177019354, ""doppler"": 0.0, ""angle"": -4.225693166027619, ""elevation"": 0.0}, {""range"": 2.6927259789761893, ""doppler"": 0.0, ""angle"": -1.7238344497897542, ""elevation"": 0.0}, {""range"": 0.6068729971167965, ""doppler"": 0.0, ""angle"": 12.455562904674771, ""elevation"": 0.0}, {""range"": 0.6219084112387628, ""doppler"": 0.0, ""angle"": 16.65821837371029, ""elevation"": 0.0}, {""range"": 0.651382053997873, ""doppler"": 0.0, ""angle"": 19.633721761527102, ""elevation"": 0.0}, {""range"": 1.8789314967510975, ""doppler"": 0.0, ""angle"": 43.484551313677166, ""elevation"": 0.0}, {""range"": 1.891243774284987, ""doppler"": 0.0, ""angle"": 45.50180886557308, ""elevation"": 0.0}]",1785098509836.379
7,"[{""range"": 0.600617665913418, ""doppler"": 0.0, ""angle"": -5.398283651195777, ""elevation"": 0.0}, {""range"": 0.47659706985616224, ""doppler"": 0.0, ""angle"": -1.8060252976012394, ""elevation"": 0.0}, {""range"": 0.5163919805140481, ""doppler"": 0.0, ""angle"": 2.063819728456962, ""elevation"": 0.0}, {""range"": 0.5508733502087584, ""doppler"": 0.0, ""angle"": 1.2275788321345442, ""elevation"": 0.0}, {""range"": 0.5752938110484757, ""doppler"": 0.0, ""angle"": -2.155371299214025, ""elevation"": 0.0}, {""range"": 1.877709551935455, ""doppler"": 0.0, ""angle"": 42.64585822228571, ""elevation"": 0.0}, {""range"": 1.897583210438805, ""doppler"": 0.0, ""angle"": 43.41924850174449, ""elevation"": 0.0}]",1785098509836.61
6,"[{""range"": 1.2842681296650829, ""doppler"": 0.0, ""angle"": -45.24256215420935, ""elevation"": 0.0}, {""range"": 2.809406566762244, ""doppler"": 0.0, ""angle"": -3.733295632805424, ""elevation"": 0.0}, {""range"": 0.5702056465344716, ""doppler"": 0.0, ""angle"": 21.44773632710535, ""elevation"": 0.0}, {""range"": 0.686734187278243, ""doppler"": 0.0, ""angle"": 39.58017128879726, ""elevation"": 0.0}, {""range"": 1.8830851616037372, ""doppler"": 0.0, ""angle"": 44.049710573893364, ""elevation"": 0.0}, {""range"": 1.9026921847055591, ""doppler"": 0.0, ""angle"": 46.34036394123036, ""elevation"": 0.0}]",1785098509836.827
10,"[{""range"": 1.293363164736463, ""doppler"": 0.0, ""angle"": -30.1418275110273, ""elevation"": 0.0}, {""range"": 1.3244167868873449, ""doppler"": 0.0, ""angle"": -33.8810169922773, ""elevation"": 0.0}, {""range"": 0.6065621949222935, ""doppler"": 0.0, ""angle"": -3.7185725939070786, ""elevation"": 0.0}, {""range"": 0.5869241557080069, ""doppler"": 0.0, ""angle"": -1.6236150981223014, ""elevation"": 0.0}, {""range"": 0.5945905338574555, ""doppler"": 0.0, ""angle"": -1.5337263338378933, ""elevation"": 0.0}, {""range"": 2.807948233545011, ""doppler"": 0.0, ""angle"": -3.113850332780934, ""elevation"": 0.0}, {""range"": 0.6810028388410462, ""doppler"": 0.0, ""angle"": 40.45280113105257, ""elevation"": 0.0}, {""range"": 0.6986780085664472, ""doppler"": 0.0, ""angle"": 41.59700643216103, ""elevation"": 0.0}, {""range"": 1.8806645691088149, ""doppler"": 0.0, ""angle"": 45.91683913356417, ""elevation"": 0.0}, {""range"": 1.9044198529586338, ""doppler"": 0.0, ""angle"": 48.89454211707394, ""elevation"": 0.0}]",1785098509837.054
5,"[{""range"": 2.7980550813933265, ""doppler"": 0.0, ""angle"": -2.813218504311022, ""elevation"": 0.0}, {""range"": 0.552573625135149, ""doppler"": 0.0, ""angle"": 11.139031055551222, ""elevation"": 0.0}, {""range"": 0.5818532336302984, ""doppler"": 0.0, ""angle"": 14.869034388312892, ""elevation"": 0.0}, {""range"": 1.8787891242595207, ""doppler"": 0.0, ""angle"": 42.890320800888496, ""elevation"": 0.0}, {""range"": 1.8991511531688468, ""doppler"": 0.0, ""angle"": 44.77875241715301, ""elevation"": 0.0}]",1785098509837.279
3,"[{""range"": 0.5959529356319824, ""doppler"": 0.0, ""angle"": -3.0787475120166325, ""elevation"": 0.0}, {""range"": 1.8517574677502076, ""doppler"": 0.0, ""angle"": 41.70016230597745, ""elevation"": 0.0}, {""range"": 1.8698422974527917, ""doppler"": 0.0, ""angle"": 43.198108827332824, ""elevation"": 0.0}]",1785098509837.503
5,"[{""range"": 0.5947429141932479, ""doppler"": 0.0, ""angle"": 0.29285020136807016, ""elevation"": 0.0}, {""range"": 0.8581279963099644, ""doppler"": 0.0, ""angle"": 37.91582169087763, ""elevation"": 0.0}, {""range"": 0.8624411271696398, ""doppler"": 0.0, ""angle"": 38.56890093160594, ""elevation"": 0.0}, {""range"": 1.8825423832689034, ""doppler"": 0.0, ""angle"": 45.57724853165599, ""elevation"": 0.0}, {""range"": 1.9109132452392708, ""doppler"": 0.0, ""angle"": 46.493872220053824, ""elevation"": 0.0}]",1785098509837.718
3,"[{""range"": 2.6845050818955927, ""doppler"": 0.0, ""angle"": -4.527204484131897, ""elevation"": 0.0}, {""range"": 1.8854464891899874, ""doppler"": 0.0, ""angle"": 43.90486896651503, ""elevation"": 0.0}, {""range"": 1.9075792487991134, ""doppler"": 0.0, ""angle"": 44.12268540440966, ""elevation"": 0.0}]",1785098509837.9363
4,"[{""range"": 0.602400153795715, ""doppler"": 0.0, ""angle"": -3.0798293548524436, ""elevation"": 0.0}, {""range"": 2.75946074218689, ""doppler"": 0.0, ""angle"": 4.839799220917031, ""elevation"": 0.0}, {""range"": 1.8846388522035211, ""doppler"": 0.0, ""angle"": 42.86609912362478, ""elevation"": 0.0}, {""range"": 1.9125397586005708, ""doppler"": 0.0, ""angle"": 44.9848483992655, ""elevation"": 0.0}]",1785098509838.16
2,"[{""range"": 1.8762025878273105, ""doppler"": 0.0, ""angle"": 42.73284767185795, ""elevation"": 0.0}, {""range"": 1.8989733128441744, ""doppler"": 0.0, ""angle"": 41.04838307675649, ""elevation"": 0.0}]",1785098509838.379
4,"[{""range"": 0.48581616859060256, ""doppler"": 0.0, ""angle"": -30.99269013876092, ""elevation"": 0.0}, {""range"": 0.49067420046279553, ""doppler"": 0.0, ""angle"": -31.72650920917855, ""elevation"": 0.0}, {""range"": 1.851089733421498, ""doppler"": 0.0, ""angle"": 40.50644311481163, ""elevation"": 0.0}, {""range"": 1.8704817048741305, ""doppler"": 0.0, ""angle"": 41.644001328092614, ""elevation"": 0.0}]",1785098509838.6062
7,"[{""range"": 0.5064127428720046, ""doppler"": 0.0, ""angle"": -22.045603514198284, ""elevation"": 0.0}, {""range"": 0.6088570088380271, ""doppler"": 0.0, ""angle"": -3.0976910422051906, ""elevation"": 0.0}, {""range"": 0.6225163345810983, ""doppler"": 0.0, ""angle"": -2.5188631488962225, ""elevation"": 0.0}, {""range"": 0.8009669348355295, ""doppler"": 0.0, ""angle"": 41.82368184987411, ""elevation"": 0.0}, {""range"": 0.8053272999571774, ""doppler"": 0.0, ""angle"": 40.78619922091875, ""elevation"": 0.0}, {""range"": 1.879516836235027, ""doppler"": 0.0, ""angle"": 42.52852916693343, ""elevation"": 0.0}, {""range"": 1.9060921674911098, ""doppler"": 0.0, ""angle"": 44.94298929293129, ""elevation"": 0.0}]",1785098509838.852
9,"[{""range"": 0.4833441197686211, ""doppler"": 0.0, ""angle"": -38.616773530632585, ""elevation"": 0.0}, {""range"": 0.5002193171276195, ""doppler"": 0.0, ""angle"": -35.86624872356056, ""elevation"": 0.0}, {""range"": 0.5870483522870452, ""doppler"": 0.0, ""angle"": 0.15706997375808002, ""elevation"": 0.0}, {""range"": 0.5986312906429134, ""doppler"": 0.0, ""angle"": 3.0649596075069017, ""elevation"": 0.0}, {""range"": 0.609385846457248, ""doppler"": 0.0, ""angle"": 3.3812696006841874, ""elevation"": 0.0}, {""range"": 1.5512758084761125, ""doppler"": 0.0, ""angle"": -2.0147646256140654, ""elevation"": 0.0}, {""range"": 0.7865440216732794, ""doppler"": 0.0, ""angle"": 43.323439132550675, ""elevation"": 0.0}, {""range"": 1.8791713664256482, ""doppler"": 0.0, ""angle"": 49.41467193537936, ""elevation"": 0.0}, {""range"": 1.8988475980995714, ""doppler"": 0.0, ""angle"": 50.15367014310289, ""elevation"": 0.0}]",1785098509839.0852
1,"[{""range"": 0.6253654026844183, ""doppler"": 0.0, ""angle"": 6.616998277941497, ""elevation"": 0.0}]",1785098509839.306
4,"[{""range"": 0.5828823574783787, ""doppler"": 0.0, ""angle"": 2.338381102547831, ""elevation"": 0.0}, {""range"": 0.6016678374543702, ""doppler"": 0.0, ""angle"": 1.2261196123228213, ""elevation"": 0.0}, {""range"": 0.6085069975348156, ""doppler"": 0.0, ""angle"": 0.18520463695312203, ""elevation"": 0.0}, {""range"": 0.4409026966880999, ""doppler"": 0.0, ""angle"": 5.819265389636089, ""elevation"": 0.0}]",1785098509839.5322
5,"[{""range"": 0.5931258201599121, ""doppler"": 0.0, ""angle"": 0.0, ""elevation"": 0.0}, {""range"": 0.6090482402151054, ""doppler"": 0.0, ""angle"": 1.9853689221456392, ""elevation"": 0.0}, {""range"": 0.8683412331795133, ""doppler"": 0.0, ""angle"": 37.70527406504879, ""elevation"": 0.0}, {""range"": 0.8762718606027832, ""doppler"": 0.0, ""angle"": 35.791840773598906, ""elevation"": 0.0}, {""range"": 0.8823841697440655, ""doppler"": 0.0, ""angle"": 36.61213455989394, ""elevation"": 0.0}]",1785098509839.7607
7,"[{""range"": 0.6015429384827032, ""doppler"": 0.0, ""angle"": 0.37469951824057246, ""elevation"": 0.0}, {""range"": 0.6128771625461101, ""doppler"": 0.0, ""angle"": -0.9361768638043665, ""elevation"": 0.0}, {""range"": 0.8179810346376397, ""doppler"": 0.0, ""angle"": 37.994722724952695, ""elevation"": 0.0}, {""range"": 0.8329427342691701, ""doppler"": 0.0, ""angle"": 37.753080216487525, ""elevation"": 0.0}, {""range"": 0.8451538978544934, ""doppler"": 0.0, ""angle"": 38.635196666465916, ""elevation"": 0.0}, {""range"": 1.8833718862701243, ""doppler"": 0.0, ""angle"": 45.76164201088733, ""elevation"": 0.0}, {""range"": 1.9066140960266662, ""doppler"": 0.0, ""angle"": 47.961263254864264, ""elevation"": 0.0}]",1785098509840.0
7,"[{""range"": 0.615585973286279, ""doppler"": 0.0, ""angle"": -4.281269977957058, ""elevation"": 0.0}, {""range"": 0.6407522323478368, ""doppler"": 0.0, ""angle"": -6.682747490019337, ""elevation"": 0.0}, {""range"": 0.6036109287013053, ""doppler"": 0.0, ""angle"": -3.3116417208943356, ""elevation"": 0.0}, {""range"": 0.8078788420712817, ""doppler"": 0.0, ""angle"": 47.12574293329096, ""elevation"": 0.0}, {""range"": 0.8196594551001185, ""doppler"": 0.0, ""angle"": 48.97163871264501, ""elevation"": 0.0}, {""range"": 1.878808448818223, ""doppler"": 0.0, ""angle"": 43.4805947807275, ""elevation"": 0.0}, {""range"": 1.9034486718954617, ""doppler"": 0.0, ""angle"": 47.80994806548867, ""elevation"": 0.0}]",1785098509840.229
9,"[{""range"": 2.7389511748791655, ""doppler"": 0.0, ""angle"": -18.905739289405876, ""elevation"": 0.0}, {""range"": 2.7197512649081736, ""doppler"": 0.0, ""angle"": -16.54770281429872, ""elevation"": 0.0}, {""range"": 0.6094168029203704, ""doppler"": 0.0, ""angle"": -4.830655900685747, ""elevation"": 0.0}, {""range"": 2.787898188699737, ""doppler"": 0.0, ""angle"": -7.20341687655578, ""elevation"": 0.0}, {""range"": 0.6264068805721057, ""doppler"": 0.0, ""angle"": -3.387590257974274, ""elevation"": 0.0}, {""range"": 0.6476805837954642, ""doppler"": 0.0, ""angle"": -3.038560834301674, ""elevation"": 0.0}, {""range"": 1.8800052906199316, ""doppler"": 0.0, ""angle"": 41.76523585380912, ""elevation"": 0.0}, {""range"": 1.9095954550943381, ""doppler"": 0.0, ""angle"": 41.85720712208019, ""elevation"": 0.0}, {""range"": 1.9489506888331345, ""doppler"": 0.0, ""angle"": 41.73831263654911, ""elevation"": 0.0}]",1785098509840.461
8,"[{""range"": 1.2467660102557971, ""doppler"": 0.0, ""angle"": -24.153557634415698, ""elevation"": 0.0}, {""range"": 1.264902749351307, ""doppler"": 0.0, ""angle"": -23.785673554663187, ""elevation"": 0.0}, {""range"": 0.6013634637501449, ""doppler"": 0.0, ""angle"": -5.425794874810407, ""elevation"": 0.0}, {""range"": 0.6353204732577035, ""doppler"": 0.0, ""angle"": -1.3385935917406138, ""elevation"": 0.0}, {""range"": 0.6699859373489168, ""doppler"": 0.0, ""angle"": 1.2081408762835006, ""elevation"": 0.0}, {""range"": 1.85144071945523, ""doppler"": 0.0, ""angle"": 46.463585223386254, ""elevation"": 0.0}, {""range"": 1.876343793314451, ""doppler"": 0.0, ""angle"": 46.96561996067718, ""elevation"": 0.0}, {""range"": 1.9031075548213592, ""doppler"": 0.0, ""angle"": 47.90954909318898, ""elevation"": 0.0}]",1785098509840.693
4,"[{""range"": 0.6002963811681888, ""doppler"": 0.0, ""angle"": -0.443747537075555, ""elevation"": 0.0}, {""range"": 0.6070286677498015, ""doppler"": 0.0, ""angle"": 1.8399920147650999, ""elevation"": 0.0}, {""range"": 1.8805805025127527, ""doppler"": 0.0, ""angle"": 46.90722736564794, ""elevation"": 0.0}, {""range"": 1.9095706150869591, ""doppler"": 0.0, ""angle"": 54.50909935393257, ""elevation"": 0.0}]",1785098509840.917
3,"[{""range"": 0.5911106457315668, ""doppler"": 0.0, ""angle"": 2.7221889360770715, ""elevation"": 0.0}, {""range"": 0.5731090367667596, ""doppler"": 0.0, ""angle"": 6.2513550297889875, ""elevation"": 0.0}, {""range"": 1.9153268343204832, ""doppler"": 0.0, ""angle"": 52.712868500651396, ""elevation"": 0.0}]",1785098509841.134
9,"[{""range"": 0.6162726716678198, ""doppler"": 0.0, ""angle"": -4.243149276887606, ""elevation"": 0.0}, {""range"": 0.6375226345533448, ""doppler"": 0.0, ""angle"": 6.263880237090132, ""elevation"": 0.0}, {""range"": 0.6528269486401829, ""doppler"": 0.0, ""angle"": 10.303442779719495, ""elevation"": 0.0}, {""range"": 0.6178773128334493, ""doppler"": 0.0, ""angle"": 25.415581361804172, ""elevation"": 0.0}, {""range"": 0.5805075888017129, ""doppler"": 0.0, ""angle"": 36.6086939549216, ""elevation"": 0.0}, {""range"": 1.850906756977483, ""doppler"": 0.0, ""angle"": 39.87360820383695, ""elevation"": 0.0}, {""range"": 1.8791394456927701, ""doppler"": 0.0, ""angle"": 45.90216045681676, ""elevation"": 0.0}, {""range"": 1.9082829796441076, ""doppler"": 0.0, ""angle"": 50.49414134598434, ""elevation"": 0.0}, {""range"": 1.943178560590395, ""doppler"": 0.0, ""angle"": 51.38465621959724, ""elevation"": 0.0}]",1785098509841.353
4,"[{""range"": 1.2826379474141274, ""doppler"": 0.0, ""angle"": -14.228035893472502, ""elevation"": 0.0}, {""range"": 0.6039605744622816, ""doppler"": 0.0, ""angle"": -7.19445044233752, ""elevation"": 0.0}, {""range"": 0.6254338353537551, ""doppler"": 0.0, ""angle"": -5.924120842762555, ""elevation"": 0.0}, {""range"": 0.6662371313754031, ""doppler"": 0.0, ""angle"": 20.142078581766555, ""elevation"": 0.0}]",1785098509841.5671
5,"[{""range"": 0.594668368847541, ""doppler"": 0.0, ""angle"": -1.792063128325945, ""elevation"": 0.0}, {""range"": 0.617633683096327, ""doppler"": 0.0, ""angle"": -0.33176108382752056, ""elevation"": 0.0}, {""range"": 0.624778982762382, ""doppler"": 0.0, ""angle"": 0.18038107968020584, ""elevation"": 0.0}, {""range"": 0.6430358171908855, ""doppler"": 0.0, ""angle"": 0.46205272143076487, ""elevation"": 0.0}, {""range"": 2.1024099714054967, ""doppler"": 0.0, ""angle"": 40.66102232459327, ""elevation"": 0.0}]",1785098509841.784
5,"[{""range"": 0.6171604863301251, ""doppler"": 0.0, ""angle"": -2.14198663405178, ""elevation"": 0.0}, {""range"": 0.6229311338939975, ""doppler"": 0.0, ""angle"": -1.1349100568979809, ""elevation"": 0.0}, {""range"": 1.8808049890928578, ""doppler"": 0.0, ""angle"": 45.080888105573806, ""elevation"": 0.0}, {""range"": 1.9143258940299785, ""doppler"": 0.0, ""angle"": 46.87738140355141, ""elevation"": 0.0}, {""range"": 1.9552725160670823, ""doppler"": 0.0, ""angle"": 45.64099827419154, ""elevation"": 0.0}]",1785098509842.003
3,"[{""range"": 0.6198816832087801, ""doppler"": 0.0, ""angle"": 2.2318180603135676, ""elevation"": 0.0}, {""range"": 0.6311414052384735, ""doppler"": 0.0, ""angle"": 1.055201077577184, ""elevation"": 0.0}, {""range"": 0.6498382776804181, ""doppler"": 0.0, ""angle"": -0.5360483391771473, ""elevation"": 0.0}]",1785098509842.218
4,"[{""range"": 0.5772413477332903, ""doppler"": 0.0, ""angle"": -3.8187973382576597, ""elevation"": 0.0}, {""range"": 0.6438341156155253, ""doppler"": 0.0, ""angle"": -5.978187895921558, ""elevation"": 0.0}, {""range"": 0.6038970151564951, ""doppler"": 0.0, ""angle"": -0.6786271863171643, ""elevation"": 0.0}, {""range"": 0.6163737325657429, ""doppler"": 0.0, ""angle"": -0.14959699560250583, ""elevation"": 0.0}]",1785098509842.436
3,"[{""range"": 0.6065401599986855, ""doppler"": 0.0, ""angle"": 1.9766803542479845, ""elevation"": 0.0}, {""range"": 0.6206715116706332, ""doppler"": 0.0, ""angle"": -0.297123245844457, ""elevation"": 0.0}, {""range"": 0.5841048514349448, ""doppler"": 0.0, ""angle"": 8.095374636823099, ""elevation"": 0.0}]",1785098509842.649
4,"[{""range"": 2.8044115831647303, ""doppler"": 0.0, ""angle"": -3.904718410649323, ""elevation"": 0.0}, {""range"": 0.646013590963988, ""doppler"": 0.0, ""angle"": 2.6176849522934797, ""elevation"": 0.0}, {""range"": 0.614845440229878, ""doppler"": 0.0, ""angle"": 5.072231085151978, ""elevation"": 0.0}, {""range"": 0.6310437987605577, ""doppler"": 0.0, ""angle"": 3.6229204161251136, ""elevation"": 0.0}]",1785098509842.864
6,"[{""range"": 0.613662433197511, ""doppler"": 0.0, ""angle"": -5.149083236165328, ""elevation"": 0.0}, {""range"": 0.6274040770467749, ""doppler"": 0.0, ""angle"": -7.204008641932353, ""elevation"": 0.0}, {""range"": 2.8074984976725617, ""doppler"": 0.0, ""angle"": 0.5291497979135614, ""elevation"": 0.0}, {""range"": 2.8205480392599975, ""doppler"": 0.0, ""angle"": -0.8282099836383489, ""elevation"": 0.0}, {""range"": 1.8818451934685108, ""doppler"": 0.0, ""angle"": 41.11268707210272, ""elevation"": 0.0}, {""range"": 1.907492990730595, ""doppler"": 0.0, ""angle"": 40.47196296447233, ""elevation"": 0.0}]",1785098509843.08
5,"[{""range"": 2.7653545574797938, ""doppler"": 0.0, ""angle"": -5.793170432231616, ""elevation"": 0.0}, {""range"": 0.6092354753652958, ""doppler"": 0.0, ""angle"": -0.42041936605047536, ""elevation"": 0.0}, {""range"": 0.6169195018621942, ""doppler"": 0.0, ""angle"": -0.3487526116022203, ""elevation"": 0.0}, {""range"": 0.8371795138474593, ""doppler"": 0.0, ""angle"": 33.19111807799321, ""elevation"": 0.0}, {""range"": 0.8553206567354757, ""doppler"": 0.0, ""angle"": 35.25500958099771, ""elevation"": 0.0}]",1785098509843.29
3,"[{""range"": 0.6361782637650161, ""doppler"": 0.0, ""angle"": 30.356130281837604, ""elevation"": 0.0}, {""range"": 0.648912811246283, ""doppler"": 0.0, ""angle"": 27.292330981407385, ""elevation"": 0.0}, {""range"": 0.8230081058012826, ""doppler"": 0.0, ""angle"": 41.37095361057576, ""elevation"": 0.0}]",1785098509843.505
9,"[{""range"": 0.6094057059961864, ""doppler"": 0.0, ""angle"": -3.6843504507427447, ""elevation"": 0.0}, {""range"": 0.6172646911912303, ""doppler"": 0.0, ""angle"": -6.169729102412679, ""elevation"": 0.0}, {""range"": 0.8447535334437215, ""doppler"": 0.0, ""angle"": 35.68853372448562, ""elevation"": 0.0}, {""range"": 1.8497180622438738, ""doppler"": 0.0, ""angle"": 37.869154195154834, ""elevation"": 0.0}, {""range"": 1.8721095114873816, ""doppler"": 0.0, ""angle"": 39.91628066664096, ""elevation"": 0.0}, {""range"": 1.899683488622914, ""doppler"": 0.0, ""angle"": 43.09288032338268, ""elevation"": 0.0}, {""range"": 0.7559326874372821, ""doppler"": 0.0, ""angle"": 44.21412524479802, ""elevation"": 0.0}, {""range"": 0.7918449577862452, ""doppler"": 0.0, ""angle"": 46.647028661258744, ""elevation"": 0.0}, {""range"": 0.8103575450976183, ""doppler"": 0.0, ""angle"": 44.973180320489135, ""elevation"": 0.0}]",1785098509843.7178
8,"[{""range"": 0.5936629352077435, ""doppler"": 0.0, ""angle"": 0.08628875933050942, ""elevation"": 0.0}, {""range"": 0.6052131095772983, ""doppler"": 0.0, ""angle"": 2.6417648145792305, ""elevation"": 0.0}, {""range"": 0.616635827447117, ""doppler"": 0.0, ""angle"": 6.0924932143043975, ""elevation"": 0.0}, {""range"": 1.875542329051195, ""doppler"": 0.0, ""angle"": 39.10684259422871, ""elevation"": 0.0}, {""range"": 1.9038539597945596, ""doppler"": 0.0, ""angle"": 42.880030291986884, ""elevation"": 0.0}, {""range"": 0.7066916717066878, ""doppler"": 0.0, ""angle"": 46.14822265869707, ""elevation"": 0.0}, {""range"": 0.7221954791751312, ""doppler"": 0.0, ""angle"": 51.322467519411184, ""elevation"": 0.0}, {""range"": 0.7499548071736273, ""doppler"": 0.0, ""angle"": 51.25271734133453, ""elevation"": 0.0}]",1785098509843.93
7,"[{""range"": 0.5891313199706906, ""doppler"": 0.0, ""angle"": 1.1478492800194555, ""elevation"": 0.0}, {""range"": 0.6065225789292739, ""doppler"": 0.0, ""angle"": 1.3345762180080745, ""elevation"": 0.0}, {""range"": 0.6180662706382495, ""doppler"": 0.0, ""angle"": 2.5701963867984308, ""elevation"": 0.0}, {""range"": 0.6465434400554714, ""doppler"": 0.0, ""angle"": 8.284731336369763, ""elevation"": 0.0}, {""range"": 0.697576626453997, ""doppler"": 0.0, ""angle"": 16.730192870756024, ""elevation"": 0.0}, {""range"": 1.8800624353680988, ""doppler"": 0.0, ""angle"": 44.74953245375156, ""elevation"": 0.0}, {""range"": 1.8984992122864754, ""doppler"": 0.0, ""angle"": 47.55751154896774, ""elevation"": 0.0}]",1785098509844.1729
5,"[{""range"": 0.5453914403182574, ""doppler"": 0.0, ""angle"": -18.702267783007805, ""elevation"": 0.0}, {""range"": 0.6620073423408769, ""doppler"": 0.0, ""angle"": -1.981334105375939, ""elevation"": 0.0}, {""range"": 0.6654070389182983, ""doppler"": 0.0, ""angle"": -0.6312904861932545, ""elevation"": 0.0}, {""range"": 0.6831806510778674, ""doppler"": 0.0, ""angle"": 1.034811234717152, ""elevation"": 0.0}, {""range"": 0.6376138835482897, ""doppler"": 0.0, ""angle"": 7.41201103538543, ""elevation"": 0.0}]",1785098509948.4539
8,"[{""range"": 0.5623650759116006, ""doppler"": 0.0, ""angle"": -15.05698583620083, ""elevation"": 0.0}, {""range"": 0.5943259800419032, ""doppler"": 0.0, ""angle"": -10.505288367325496, ""elevation"": 0.0}, {""range"": 0.6272024603217836, ""doppler"": 0.0, ""angle"": -2.9252161040453974, ""elevation"": 0.0}, {""range"": 0.6940471156694038, ""doppler"": 0.0, ""angle"": 18.58432643334365, ""elevation"": 0.0}, {""range"": 0.7385983097751365, ""doppler"": 0.0, ""angle"": 39.24255991663844, ""elevation"": 0.0}, {""range"": 0.7598612876508666, ""doppler"": 0.0, ""angle"": 37.705879346130885, ""elevation"": 0.0}, {""range"": 1.8838368095372113, ""doppler"": 0.0, ""angle"": 41.01658104752726, ""elevation"": 0.0}, {""range"": 1.90866842001315, ""doppler"": 0.0, ""angle"": 43.09046821938275, ""elevation"": 0.0}]",1785098510048.574
7,"[{""range"": 0.5525124010515068, ""doppler"": 0.0, ""angle"": -26.963104899729814, ""elevation"": 0.0}, {""range"": 0.6929951730851208, ""doppler"": 0.0, ""angle"": -11.62596792922356, ""elevation"": 0.0}, {""range"": 0.6677633941476958, ""doppler"": 0.0, ""angle"": -7.895765094293781, ""elevation"": 0.0}, {""range"": 0.6741144453291933, ""doppler"": 0.0, ""angle"": -10.31436200775638, ""elevation"": 0.0}, {""range"": 1.8522856956386504, ""doppler"": 0.0, ""angle"": 43.29841315340277, ""elevation"": 0.0}, {""range"": 1.8770232919691074, ""doppler"": 0.0, ""angle"": 42.50206461968152, ""elevation"": 0.0}, {""range"": 1.9018886852466974, ""doppler"": 0.0, ""angle"": 40.99335717941073, ""elevation"": 0.0}]",1785098510148.4539
8,"[{""range"": 0.5757513801356746, ""doppler"": 0.0, ""angle"": -18.524983366002747, ""elevation"": 0.0}, {""range"": 0.6056635961178994, ""doppler"": 0.0, ""angle"": -18.397504102588552, ""elevation"": 0.0}, {""range"": 0.6335327223335294, ""doppler"": 0.0, ""angle"": -11.807868312196838, ""elevation"": 0.0}, {""range"": 0.6719560472573098, ""doppler"": 0.0, ""angle"": 22.531901710356284, ""elevation"": 0.0}, {""range"": 0.7154605616909069, ""doppler"": 0.0, ""angle"": 23.617898404090848, ""elevation"": 0.0}, {""range"": 0.7763475030888866, ""doppler"": 0.0, ""angle"": 33.55830283796427, ""elevation"": 0.0}, {""range"": 0.7959500733372546, ""doppler"": 0.0, ""angle"": 38.533163519307884, ""elevation"": 0.0}, {""range"": 1.909661032165962, ""doppler"": 0.0, ""angle"": 50.033003748166315, ""elevation"": 0.0}]",1785098510245.328
5,"[{""range"": 0.5585348197887889, ""doppler"": 0.0, ""angle"": -25.039056473866463, ""elevation"": 0.0}, {""range"": 0.5722233929375893, ""doppler"": 0.0, ""angle"": -24.498780424892516, ""elevation"": 0.0}, {""range"": 1.8797137998660503, ""doppler"": 0.0, ""angle"": 41.3361567190248, ""elevation"": 0.0}, {""range"": 1.9012612613267061, ""doppler"": 0.0, ""angle"": 41.045507039346205, ""elevation"": 0.0}, {""range"": 1.851623263230361, ""doppler"": 0.0, ""angle"": 43.47002358438336, ""elevation"": 0.0}]",1785098510345.031
7,"[{""range"": 1.1848531616358673, ""doppler"": 0.0, ""angle"": -19.528768750871375, ""elevation"": 0.0}, {""range"": 0.5607468131400185, ""doppler"": 0.0, ""angle"": -16.678243949223663, ""elevation"": 0.0}, {""range"": 2.804583489306708, ""doppler"": 0.0, ""angle"": -1.9803473848313824, ""elevation"": 0.0}, {""range"": 1.0903777105248336, ""doppler"": 0.0, ""angle"": 37.06157817677377, ""elevation"": 0.0}, {""range"": 1.85435303020008, ""doppler"": 0.0, ""angle"": 41.9473775661496, ""elevation"": 0.0}, {""range"": 1.876667583420124, ""doppler"": 0.0, ""angle"": 41.46171190487362, ""elevation"": 0.0}, {""range"": 1.9011255394193818, ""doppler"": 0.0, ""angle"": 43.5632372369489, ""elevation"": 0.0}]",1785098510445.027
7,"[{""range"": 0.5765255191091151, ""doppler"": 0.0, ""angle"": -7.019215229770185, ""elevation"": 0.0}, {""range"": 0.5861336931821868, ""doppler"": 0.0, ""angle"": -7.8730171405904885, ""elevation"": 0.0}, {""range"": 0.6222038395599648, ""doppler"": 0.0, ""angle"": -7.729569369929593, ""elevation"": 0.0}, {""range"": 0.6653551162452115, ""doppler"": 0.0, ""angle"": -5.304562025495903, ""elevation"": 0.0}, {""range"": 2.7003296176156306, ""doppler"": 0.0, ""angle"": -0.3832055787302744, ""elevation"": 0.0}, {""range"": 2.8020729868699066, ""doppler"": 0.0, ""angle"": 0.7459109505646204, ""elevation"": 0.0}, {""range"": 1.8767970923396213, ""doppler"": 0.0, ""angle"": 45.374426429776854, ""elevation"": 0.0}]",1785098510548.5928
6,"[{""range"": 0.651443115425425, ""doppler"": 0.0, ""angle"": -13.929440993508466, ""elevation"": 0.0}, {""range"": 0.6123974188189656, ""doppler"": 0.0, ""angle"": -4.10230406056117, ""elevation"": 0.0}, {""range"": 0.61890295121923, ""doppler"": 0.0, ""angle"": -6.4864380737326535, ""elevation"": 0.0}, {""range"": 1.8804528099891304, ""doppler"": 0.0, ""angle"": 40.530380406122674, ""elevation"": 0.0}, {""range"": 1.90523894150919, ""doppler"": 0.0, ""angle"": 40.96991995704092, ""elevation"": 0.0}, {""range"": 1.146943589394236, ""doppler"": 0.0, ""angle"": 46.2065140921797, ""elevation"": 0.0}]",1785098510644.501
7,"[{""range"": 0.6245340263732783, ""doppler"": 0.0, ""angle"": -4.680539232170769, ""elevation"": 0.0}, {""range"": 0.6384058396787253, ""doppler"": 0.0, ""angle"": -5.948525748244385, ""elevation"": 0.0}, {""range"": 0.6556457660198594, ""doppler"": 0.0, ""angle"": -8.642802580004533, ""elevation"": 0.0}, {""range"": 2.8099739761854146, ""doppler"": 0.0, ""angle"": -2.2866754634428457, ""elevation"": 0.0}, {""range"": 0.7183726910695283, ""doppler"": 0.0, ""angle"": 23.827818727095387, ""elevation"": 0.0}, {""range"": 1.88353160120501, ""doppler"": 0.0, ""angle"": 48.67182325374387, ""elevation"": 0.0}, {""range"": 1.910361510636117, ""doppler"": 0.0, ""angle"": 48.53659361312516, ""elevation"": 0.0}]",1785098510751.272
7,"[{""range"": 0.6600557379607095, ""doppler"": 0.0, ""angle"": -0.7295464922963585, ""elevation"": 0.0}, {""range"": 2.804792509012526, ""doppler"": 0.0, ""angle"": -2.2909020313633293, ""elevation"": 0.0}, {""range"": 2.819529826679701, ""doppler"": 0.0, ""angle"": -2.6571762656615707, ""elevation"": 0.0}, {""range"": 0.6800270177697919, ""doppler"": 0.0, ""angle"": 16.938792994344038, ""elevation"": 0.0}, {""range"": 0.6955242604399319, ""doppler"": 0.0, ""angle"": 25.932629485321815, ""elevation"": 0.0}, {""range"": 1.8731653754349613, ""doppler"": 0.0, ""angle"": 40.1249086822415, ""elevation"": 0.0}, {""range"": 2.6984942827198277, ""doppler"": 0.0, ""angle"": 51.302836539474235, ""elevation"": 0.0}]",1785098510848.263
7,"[{""range"": 0.652219750347179, ""doppler"": 0.0, ""angle"": -0.9268319522967297, ""elevation"": 0.0}, {""range"": 0.6654045401874069, ""doppler"": 0.0, ""angle"": -2.7263109939062655, ""elevation"": 0.0}, {""range"": 0.6915215730037093, ""doppler"": 0.0, ""angle"": -3.513490827010991, ""elevation"": 0.0}, {""range"": 2.8127372757400315, ""doppler"": 0.0, ""angle"": -3.1632622375712223, ""elevation"": 0.0}, {""range"": 1.8891363472793967, ""doppler"": 0.0, ""angle"": 47.95796481001401, ""elevation"": 0.0}, {""range"": 1.908396034694909, ""doppler"": 0.0, ""angle"": 49.902982774533335, ""elevation"": 0.0}, {""range"": 1.938477063186986, ""doppler"": 0.0, ""angle"": 54.67674646084583, ""elevation"": 0.0}]",1785098510945.452
6,"[{""range"": 0.5726105769653312, ""doppler"": 0.0, ""angle"": -4.118760777242159, ""elevation"": 0.0}, {""range"": 0.6140997707255414, ""doppler"": 0.0, ""angle"": -0.7507753376855263, ""elevation"": 0.0}, {""range"": 0.6517781642224315, ""doppler"": 0.0, ""angle"": 3.0036996241331817, ""elevation"": 0.0}, {""range"": 2.80526779429884, ""doppler"": 0.0, ""angle"": -1.8519670281725786, ""elevation"": 0.0}, {""range"": 0.6678313843518295, ""doppler"": 0.0, ""angle"": 5.269430612536514, ""elevation"": 0.0}, {""range"": 0.6844763140795238, ""doppler"": 0.0, ""angle"": 9.5336835182261, ""elevation"": 0.0}]",1785098511044.229
8,"[{""range"": 0.6439194798242052, ""doppler"": 0.0, ""angle"": -5.897409330470388, ""elevation"": 0.0}, {""range"": 2.6921085062769246, ""doppler"": 0.0, ""angle"": -4.037353329053343, ""elevation"": 0.0}, {""range"": 0.6657589539127436, ""doppler"": 0.0, ""angle"": -0.5847875419046368, ""elevation"": 0.0}, {""range"": 0.6707415790313895, ""doppler"": 0.0, ""angle"": -0.3207674751124945, ""elevation"": 0.0}, {""range"": 0.6829586785292439, ""doppler"": 0.0, ""angle"": -0.8100984343976619, ""elevation"": 0.0}, {""range"": 1.9528400427080184, ""doppler"": 0.0, ""angle"": 39.95939661730701, ""elevation"": 0.0}, {""range"": 1.8831038392991006, ""doppler"": 0.0, ""angle"": 47.12024206884914, ""elevation"": 0.0}, {""range"": 1.9132346457407992, ""doppler"": 0.0, ""angle"": 47.03000174777724, ""elevation"": 0.0}]",1785098511144.711
7,"[{""range"": 0.6561381118881534, ""doppler"": 0.0, ""angle"": -1.5772660465800816, ""elevation"": 0.0}, {""range"": 0.6703640912223996, ""doppler"": 0.0, ""angle"": -2.6296271383638694, ""elevation"": 0.0}, {""range"": 0.6889213577697276, ""doppler"": 0.0, ""angle"": -3.124560365823309, ""elevation"": 0.0}, {""range"": 0.9136756550139258, ""doppler"": 0.0, ""angle"": 30.82145006212797, ""elevation"": 0.0}, {""range"": 1.8842133356044215, ""doppler"": 0.0, ""angle"": 43.011815775551476, ""elevation"": 0.0}, {""range"": 1.9443291933809577, ""doppler"": 0.0, ""angle"": 41.640978414626694, ""elevation"": 0.0}, {""range"": 1.9103790680541886, ""doppler"": 0.0, ""angle"": 44.37048473126905, ""elevation"": 0.0}]",1785098511244.48
3,"[{""range"": 0.6420711159078383, ""doppler"": 0.0, ""angle"": -1.1489535237749662, ""elevation"": 0.0}, {""range"": 1.900618489495519, ""doppler"": 0.0, ""angle"": 42.464419200205924, ""elevation"": 0.0}, {""range"": 1.8799605515326527, ""doppler"": 0.0, ""angle"": 44.614642752412664, ""elevation"": 0.0}]",1785098511344.4062
2,"[{""range"": 0.6556111155590103, ""doppler"": 0.0, ""angle"": -0.8907791319145224, ""elevation"": 0.0}, {""range"": 0.6610209416002104, ""doppler"": 0.0, ""angle"": -1.7361740456091086, ""elevation"": 0.0}]",1785098511445.1357
5,"[{""range"": 0.3151158672848362, ""doppler"": 0.0, ""angle"": -41.296032757835434, ""elevation"": 0.0}, {""range"": 0.6560888183883345, ""doppler"": 0.0, ""angle"": -0.45285990876976545, ""elevation"": 0.0}, {""range"": 0.6722702192021408, ""doppler"": 0.0, ""angle"": 2.1340695791724102, ""elevation"": 0.0}, {""range"": 1.8718646458390455, ""doppler"": 0.0, ""angle"": 41.716264395872756, ""elevation"": 0.0}, {""range"": 1.905738889818668, ""doppler"": 0.0, ""angle"": 49.63136722853942, ""elevation"": 0.0}]",1785098511544.9832
7,"[{""range"": 0.40974747773016956, ""doppler"": 0.0, ""angle"": -41.621080572693124, ""elevation"": 0.0}, {""range"": 0.6908439499844499, ""doppler"": 0.0, ""angle"": 25.331362629013903, ""elevation"": 0.0}, {""range"": 0.7044149974962881, ""doppler"": 0.0, ""angle"": 23.486967222783452, ""elevation"": 0.0}, {""range"": 0.8879595528832491, ""doppler"": 0.0, ""angle"": 40.28717344954217, ""elevation"": 0.0}, {""range"": 0.8943837925321217, ""doppler"": 0.0, ""angle"": 40.96285972463508, ""elevation"": 0.0}, {""range"": 1.876395758553138, ""doppler"": 0.0, ""angle"": 42.327312651053816, ""elevation"": 0.0}, {""range"": 1.9007542728413054, ""doppler"": 0.0, ""angle"": 42.63626978498067, ""elevation"": 0.0}]",1785098511645.2322
4,"[{""range"": 0.6799921755445639, ""doppler"": 0.0, ""angle"": 9.093252428433617, ""elevation"": 0.0}, {""range"": 0.6995150830667384, ""doppler"": 0.0, ""angle"": 14.81065562836263, ""elevation"": 0.0}, {""range"": 1.879587400868882, ""doppler"": 0.0, ""angle"": 44.587585433635454, ""elevation"": 0.0}, {""range"": 1.9041445845728417, ""doppler"": 0.0, ""angle"": 46.93691060149878, ""elevation"": 0.0}]",1785098511748.8079
7,"[{""range"": 2.8056095821951246, ""doppler"": 0.0, ""angle"": -3.8335075067565447, ""elevation"": 0.0}, {""range"": 0.6638518547573234, ""doppler"": 0.0, ""angle"": -2.114813150505977, ""elevation"": 0.0}, {""range"": 0.6729040864544868, ""doppler"": 0.0, ""angle"": -2.3453779610023777, ""elevation"": 0.0}, {""range"": 0.6852557322263595, ""doppler"": 0.0, ""angle"": -1.4504054839460216, ""elevation"": 0.0}, {""range"": 2.823202747413845, ""doppler"": 0.0, ""angle"": -3.126083449112125, ""elevation"": 0.0}, {""range"": 0.8935365040814357, ""doppler"": 0.0, ""angle"": 38.98929654066871, ""elevation"": 0.0}, {""range"": 0.9056948191529346, ""doppler"": 0.0, ""angle"": 37.39478506440186, ""elevation"": 0.0}]",1785098511844.332
4,"[{""range"": 0.6625060127813164, ""doppler"": 0.0, ""angle"": 0.06185776761358623, ""elevation"": 0.0}, {""range"": 0.6753207647158487, ""doppler"": 0.0, ""angle"": 1.077203662918696, ""elevation"": 0.0}, {""range"": 1.9104006087270473, ""doppler"": 0.0, ""angle"": 32.10429635156214, ""elevation"": 0.0}, {""range"": 1.873672619066098, ""doppler"": 0.0, ""angle"": 38.027009828847035, ""elevation"": 0.0}]",1785098511948.7202
8,"[{""range"": 2.819476089972862, ""doppler"": 0.0, ""angle"": -5.068427677951407, ""elevation"": 0.0}, {""range"": 0.6774408558033697, ""doppler"": 0.0, ""angle"": -0.9528250658395004, ""elevation"": 0.0}, {""range"": 2.809477795110842, ""doppler"": 0.0, ""angle"": -2.94417121420942, ""elevation"": 0.0}, {""range"": 2.0597871494027276, ""doppler"": 0.0, ""angle"": 43.14263764702114, ""elevation"": 0.0}, {""range"": 1.8827030517022565, ""doppler"": 0.0, ""angle"": 45.10774210445897, ""elevation"": 0.0}, {""range"": 1.914957970409324, ""doppler"": 0.0, ""angle"": 46.490716188493586, ""elevation"": 0.0}, {""range"": 1.9540939408563973, ""doppler"": 0.0, ""angle"": 46.060362547421356, ""elevation"": 0.0}, {""range"": 2.007305246883742, ""doppler"": 0.0, ""angle"": 46.014202258621715, ""elevation"": 0.0}]",1785098512048.367
4,"[{""range"": 0.6664464660158038, ""doppler"": 0.0, ""angle"": 0.2613419631726487, ""elevation"": 0.0}, {""range"": 0.6770662766418846, ""doppler"": 0.0, ""angle"": -0.8625495804282158, ""elevation"": 0.0}, {""range"": 1.8730996814354886, ""doppler"": 0.0, ""angle"": 42.686511714615634, ""elevation"": 0.0}, {""range"": 1.8947209702826082, ""doppler"": 0.0, ""angle"": 47.20289206163507, ""elevation"": 0.0}]",1785098512148.915
6,"[{""range"": 0.6684926111094303, ""doppler"": 0.0, ""angle"": -2.8057699549755473, ""elevation"": 0.0}, {""range"": 0.6909462975539628, ""doppler"": 0.0, ""angle"": -0.2965593574256229, ""elevation"": 0.0}, {""range"": 0.7047084602243449, ""doppler"": 0.0, ""angle"": -0.15992183150496045, ""elevation"": 0.0}, {""range"": 0.7311685156995735, ""doppler"": 0.0, ""angle"": -3.3508269871020273, ""elevation"": 0.0}, {""range"": 1.8767995030306772, ""doppler"": 0.0, ""angle"": 41.78676775828062, ""elevation"": 0.0}, {""range"": 1.9058594860256375, ""doppler"": 0.0, ""angle"": 44.73011542102048, ""elevation"": 0.0}]",1785098512245.4211
10,"[{""range"": 0.6664340637213906, ""doppler"": 0.0, ""angle"": 1.3068429109588895, ""elevation"": 0.0}, {""range"": 0.6821904393205971, ""doppler"": 0.0, ""angle"": 1.3667873337961194, ""elevation"": 0.0}, {""range"": 0.6938481358889887, ""doppler"": 0.0, ""angle"": 1.9642478227224383, ""elevation"": 0.0}, {""range"": 3.4629073927705525, ""doppler"": 0.0, ""angle"": 3.241372286866015, ""elevation"": 0.0}, {""range"": 0.9056195660843201, ""doppler"": 0.0, ""angle"": 40.78044690652447, ""elevation"": 0.0}, {""range"": 0.9159924387024071, ""doppler"": 0.0, ""angle"": 42.777036220760486, ""elevation"": 0.0}, {""range"": 0.9276327318864045, ""doppler"": 0.0, ""angle"": 43.83627850173526, ""elevation"": 0.0}, {""range"": 1.8776076596318783, ""doppler"": 0.0, ""angle"": 44.432809989811794, ""elevation"": 0.0}, {""range"": 1.9130471252973227, ""doppler"": 0.0, ""angle"": 45.07573793277068, ""elevation"": 0.0}, {""range"": 1.9540242341400975, ""doppler"": 0.0, ""angle"": 46.6092587501029, ""elevation"": 0.0}]",1785098512348.637
10,"[{""range"": 2.8066890831407405, ""doppler"": 0.0, ""angle"": -5.3408332538547985, ""elevation"": 0.0}, {""range"": 2.821416924951229, ""doppler"": 0.0, ""angle"": -5.301932955350437, ""elevation"": 0.0}, {""range"": 2.856746642368111, ""doppler"": 0.0, ""angle"": -4.627831138911207, ""elevation"": 0.0}, {""range"": 0.6638964299662362, ""doppler"": 0.0, ""angle"": 1.172917818999944, ""elevation"": 0.0}, {""range"": 0.6874363273558157, ""doppler"": 0.0, ""angle"": -0.8495369666037501, ""elevation"": 0.0}, {""range"": 0.6340382556919294, ""doppler"": 0.0, ""angle"": 7.307403389326473, ""elevation"": 0.0}, {""range"": 0.6475533016671927, ""doppler"": 0.0, ""angle"": 4.339246003738595, ""elevation"": 0.0}, {""range"": 2.094776453145196, ""doppler"": 0.0, ""angle"": 42.027928493362865, ""elevation"": 0.0}, {""range"": 1.9085621745106385, ""doppler"": 0.0, ""angle"": 43.75867812436253, ""elevation"": 0.0}, {""range"": 2.065479701220261, ""doppler"": 0.0, ""angle"": 46.19962608146917, ""elevation"": 0.0}]",1785098512459.084
6,"[{""range"": 0.6611936044873911, ""doppler"": 0.0, ""angle"": 1.0847242036626832, ""elevation"": 0.0}, {""range"": 0.669515690712365, ""doppler"": 0.0, ""angle"": -0.5968094512291772, ""elevation"": 0.0}, {""range"": 0.6945777949937766, ""doppler"": 0.0, ""angle"": -3.010461716503957, ""elevation"": 0.0}, {""range"": 0.8930033404538027, ""doppler"": 0.0, ""angle"": 32.30576586001536, ""elevation"": 0.0}, {""range"": 0.9023818576496252, ""doppler"": 0.0, ""angle"": 29.64348789826444, ""elevation"": 0.0}, {""range"": 1.9135508819022184, ""doppler"": 0.0, ""angle"": 42.91729714215954, ""elevation"": 0.0}]",1785098512545.566
7,"[{""range"": 0.6812647804425697, ""doppler"": 0.0, ""angle"": -4.531347586961017, ""elevation"": 0.0}, {""range"": 2.695323882746623, ""doppler"": 0.0, ""angle"": -4.821724408302203, ""elevation"": 0.0}, {""range"": 2.737324181299329, ""doppler"": 0.0, ""angle"": -5.5292225929760335, ""elevation"": 0.0}, {""range"": 0.6582165211272875, ""doppler"": 0.0, ""angle"": 0.15565237316542577, ""elevation"": 0.0}, {""range"": 2.686101264929625, ""doppler"": 0.0, ""angle"": -1.8425683230005159, ""elevation"": 0.0}, {""range"": 0.9252205857952214, ""doppler"": 0.0, ""angle"": 30.614326875967954, ""elevation"": 0.0}, {""range"": 0.9355604682576975, ""doppler"": 0.0, ""angle"": 29.75982258849686, ""elevation"": 0.0}]",1785098512645.074
6,"[{""range"": 0.6600702704021159, ""doppler"": 0.0, ""angle"": -0.8226680116891446, ""elevation"": 0.0}, {""range"": 0.6691888538404005, ""doppler"": 0.0, ""angle"": -0.8114573169469564, ""elevation"": 0.0}, {""range"": 0.696770906715094, ""doppler"": 0.0, ""angle"": 7.861852016513876, ""elevation"": 0.0}, {""range"": 1.9056499225750296, ""doppler"": 0.0, ""angle"": 47.42614270345027, ""elevation"": 0.0}, {""range"": 2.6657982961991644, ""doppler"": 0.0, ""angle"": 44.13306015832584, ""elevation"": 0.0}, {""range"": 2.691965763588891, ""doppler"": 0.0, ""angle"": 56.32259918999213, ""elevation"": 0.0}]",1785098512745.2249
3,"[{""range"": 0.6525549638740383, ""doppler"": 0.0, ""angle"": -4.715399761429362, ""elevation"": 0.0}, {""range"": 0.6713760560801718, ""doppler"": 0.0, ""angle"": -4.506382061894853, ""elevation"": 0.0}, {""range"": 2.810158490428884, ""doppler"": 0.0, ""angle"": -3.2026824216815055, ""elevation"": 0.0}]",1785098512845.587
4,"[{""range"": 0.684824126012002, ""doppler"": 0.0, ""angle"": -4.102670998175125, ""elevation"": 0.0}, {""range"": 2.774687710717212, ""doppler"": 0.0, ""angle"": -3.391612452645206, ""elevation"": 0.0}, {""range"": 1.879454503072203, ""doppler"": 0.0, ""angle"": 42.39726276999315, ""elevation"": 0.0}, {""range"": 1.9012034755875058, ""doppler"": 0.0, ""angle"": 44.23406946038095, ""elevation"": 0.0}]",1785098512945.1677
5,"[{""range"": 0.6717819620726662, ""doppler"": 0.0, ""angle"": -2.242455681161189, ""elevation"": 0.0}, {""range"": 0.6846825006654705, ""doppler"": 0.0, ""angle"": -0.19452657919788338, ""elevation"": 0.0}, {""range"": 0.6972318742181829, ""doppler"": 0.0, ""angle"": 2.6606112657700924, ""elevation"": 0.0}, {""range"": 1.8828276961649488, ""doppler"": 0.0, ""angle"": 45.0731058505127, ""elevation"": 0.0}, {""range"": 1.90474446035657, ""doppler"": 0.0, ""angle"": 46.0117576143895, ""elevation"": 0.0}]",1785098513045.0308
5,"[{""range"": 0.6637295043881534, ""doppler"": 0.0, ""angle"": 1.8063032843510782, ""elevation"": 0.0}, {""range"": 0.675559067549435, ""doppler"": 0.0, ""angle"": 0.015165637420597296, ""elevation"": 0.0}, {""range"": 0.8316429241620755, ""doppler"": 0.0, ""angle"": 42.91759299896377, ""elevation"": 0.0}, {""range"": 1.8813170647084818, ""doppler"": 0.0, ""angle"": 44.314547506726534, ""elevation"": 0.0}, {""range"": 1.911159992371253, ""doppler"": 0.0, ""angle"": 48.23513024108961, ""elevation"": 0.0}]",1785098513145.702
3,"[{""range"": 0.6724231607518683, ""doppler"": 0.0, ""angle"": -0.8989823362164132, ""elevation"": 0.0}, {""range"": 0.6909492823674617, ""doppler"": 0.0, ""angle"": 0.3410422788588532, ""elevation"": 0.0}, {""range"": 0.7056863316503724, ""doppler"": 0.0, ""angle"": 2.032972260124798, ""elevation"": 0.0}]",1785098513245.638
7,"[{""range"": 0.6617297811170985, ""doppler"": 0.0, ""angle"": 3.687398771571494, ""elevation"": 0.0}, {""range"": 0.6778911482867196, ""doppler"": 0.0, ""angle"": 9.412629436866155, ""elevation"": 0.0}, {""range"": 0.7052990994862175, ""doppler"": 0.0, ""angle"": 15.107331286803253, ""elevation"": 0.0}, {""range"": 1.8506568053309655, ""doppler"": 0.0, ""angle"": 41.176551026732085, ""elevation"": 0.0}, {""range"": 1.8717686875515638, ""doppler"": 0.0, ""angle"": 43.05280967264225, ""elevation"": 0.0}, {""range"": 0.886336517984965, ""doppler"": 0.0, ""angle"": 49.42628816975977, ""elevation"": 0.0}, {""range"": 1.8973973197098661, ""doppler"": 0.0, ""angle"": 44.263080593998374, ""elevation"": 0.0}]",1785098513344.661
6,"[{""range"": 0.6924663976952228, ""doppler"": 0.0, ""angle"": -6.047727165030055, ""elevation"": 0.0}, {""range"": 0.6646761926161128, ""doppler"": 0.0, ""angle"": -1.4182279646679006, ""elevation"": 0.0}, {""range"": 0.6696725081120147, ""doppler"": 0.0, ""angle"": -2.984644186217162, ""elevation"": 0.0}, {""range"": 1.8850981624825842, ""doppler"": 0.0, ""angle"": 41.019250722902065, ""elevation"": 0.0}, {""range"": 1.908796411017955, ""doppler"": 0.0, ""angle"": 40.9127607842242, ""elevation"": 0.0}, {""range"": 1.9359932640456214, ""doppler"": 0.0, ""angle"": 40.936511626559756, ""elevation"": 0.0}]",1785098513445.0637
6,"[{""range"": 0.6952368780290996, ""doppler"": 0.0, ""angle"": -5.964268345771372, ""elevation"": 0.0}, {""range"": 2.7613145175977594, ""doppler"": 0.0, ""angle"": -4.765798551707846, ""elevation"": 0.0}, {""range"": 0.6713413840347688, ""doppler"": 0.0, ""angle"": 1.5720714825391262, ""elevation"": 0.0}, {""range"": 0.6768585730523471, ""doppler"": 0.0, ""angle"": -1.983280234099125, ""elevation"": 0.0}, {""range"": 1.8785124234533188, ""doppler"": 0.0, ""angle"": 40.645661818661836, ""elevation"": 0.0}, {""range"": 1.9039477384063639, ""doppler"": 0.0, ""angle"": 37.04101605480848, ""elevation"": 0.0}]",1785098513545.332
8,"[{""range"": 0.6979531398811046, ""doppler"": 0.0, ""angle"": -0.631211592608556, ""elevation"": 0.0}, {""range"": 0.7075629196251944, ""doppler"": 0.0, ""angle"": -1.274316784929787, ""elevation"": 0.0}, {""range"": 1.1861919218628478, ""doppler"": 0.0, ""angle"": 0.8119165940194951, ""elevation"": 0.0}, {""range"": 0.9023547152860594, ""doppler"": 0.0, ""angle"": 42.94427579514002, ""elevation"": 0.0}, {""range"": 0.8907764341186297, ""doppler"": 0.0, ""angle"": 45.975983606976456, ""elevation"": 0.0}, {""range"": 1.8865178628856858, ""doppler"": 0.0, ""angle"": 44.27419243390071, ""elevation"": 0.0}, {""range"": 1.9143109283466635, ""doppler"": 0.0, ""angle"": 45.06055033889898, ""elevation"": 0.0}, {""range"": 1.9446536912172099, ""doppler"": 0.0, ""angle"": 46.128853144561674, ""elevation"": 0.0}]",1785098513644.173
10,"[{""range"": 0.6814098142679637, ""doppler"": 0.0, ""angle"": -7.160449726891123, ""elevation"": 0.0}, {""range"": 0.6947375847887199, ""doppler"": 0.0, ""angle"": -3.9553324622435433, ""elevation"": 0.0}, {""range"": 2.772443161477043, ""doppler"": 0.0, ""angle"": -8.874840211947655, ""elevation"": 0.0}, {""range"": 0.7039872574073306, ""doppler"": 0.0, ""angle"": -2.882754318667531, ""elevation"": 0.0}, {""range"": 1.6968465551836067, ""doppler"": 0.0, ""angle"": 1.5458739457600403, ""elevation"": 0.0}, {""range"": 1.7238579758838304, ""doppler"": 0.0, ""angle"": -2.8003759528116836, ""elevation"": 0.0}, {""range"": 0.785932970832196, ""doppler"": 0.0, ""angle"": 42.74107357706229, ""elevation"": 0.0}, {""range"": 0.8232488670890941, ""doppler"": 0.0, ""angle"": 47.23574252022135, ""elevation"": 0.0}, {""range"": 1.8814329807540235, ""doppler"": 0.0, ""angle"": 46.48261857967035, ""elevation"": 0.0}, {""range"": 1.9045523265886057, ""doppler"": 0.0, ""angle"": 50.31771654527468, ""elevation"": 0.0}]",1785098513755.8013
4,"[{""range"": 0.6826716503016039, ""doppler"": 0.0, ""angle"": 8.783815562400658, ""elevation"": 0.0}, {""range"": 0.7175616926860126, ""doppler"": 0.0, ""angle"": 30.936821469540277, ""elevation"": 0.0}, {""range"": 1.8767067615991069, ""doppler"": 0.0, ""angle"": 43.73760441789857, ""elevation"": 0.0}, {""range"": 1.8900738928306855, ""doppler"": 0.0, ""angle"": 44.624370755506106, ""elevation"": 0.0}]",1785098513848.4932
6,"[{""range"": 0.6855503537212831, ""doppler"": 0.0, ""angle"": -4.113300527747908, ""elevation"": 0.0}, {""range"": 0.7001256314904365, ""doppler"": 0.0, ""angle"": -5.554791635625604, ""elevation"": 0.0}, {""range"": 2.8016901220433734, ""doppler"": 0.0, ""angle"": -4.205464265739845, ""elevation"": 0.0}, {""range"": 0.6703945212815517, ""doppler"": 0.0, ""angle"": -1.925953818061925, ""elevation"": 0.0}, {""range"": 1.8766296226561472, ""doppler"": 0.0, ""angle"": 41.608603489493966, ""elevation"": 0.0}, {""range"": 1.9063475559637741, ""doppler"": 0.0, ""angle"": 44.331148903916635, ""elevation"": 0.0}]",1785098513944.75
3,"[{""range"": 0.6821778545476389, ""doppler"": 0.0, ""angle"": -1.3217446672876347, ""elevation"": 0.0}, {""range"": 1.8819369680925515, ""doppler"": 0.0, ""angle"": 44.06838081675781, ""elevation"": 0.0}, {""range"": 1.9091461920111317, ""doppler"": 0.0, ""angle"": 48.17393644519117, ""elevation"": 0.0}]",1785098514048.8052
4,"[{""range"": 0.6918912146272056, ""doppler"": 0.0, ""angle"": -0.7552120776312521, ""elevation"": 0.0}, {""range"": 0.698156376824393, ""doppler"": 0.0, ""angle"": -0.7924628073820538, ""elevation"": 0.0}, {""range"": 1.8801954602533608, ""doppler"": 0.0, ""angle"": 43.48557031314772, ""elevation"": 0.0}, {""range"": 1.8983789569762852, ""doppler"": 0.0, ""angle"": 44.95420612709783, ""elevation"": 0.0}]",1785098514148.984
11,"[{""range"": 0.6786584121239034, ""doppler"": 0.0, ""angle"": -4.018931277331968, ""elevation"": 0.0}, {""range"": 2.771178868649533, ""doppler"": 0.0, ""angle"": -6.465123914027787, ""elevation"": 0.0}, {""range"": 2.8005224435237697, ""doppler"": 0.0, ""angle"": -4.423677192107523, ""elevation"": 0.0}, {""range"": 2.820671964365987, ""doppler"": 0.0, ""angle"": -4.4867360644723675, ""elevation"": 0.0}, {""range"": 0.6559002603312527, ""doppler"": 0.0, ""angle"": 0.3280256880648806, ""elevation"": 0.0}, {""range"": 2.85376234517786, ""doppler"": 0.0, ""angle"": -2.165343926885074, ""elevation"": 0.0}, {""range"": 0.7016965457648053, ""doppler"": 0.0, ""angle"": 12.644415830666201, ""elevation"": 0.0}, {""range"": 1.8873109645235358, ""doppler"": 0.0, ""angle"": 42.65784125944991, ""elevation"": 0.0}, {""range"": 1.9091262701345943, ""doppler"": 0.0, ""angle"": 42.36177020108627, ""elevation"": 0.0}, {""range"": 1.9372806038019792, ""doppler"": 0.0, ""angle"": 41.37398013705485, ""elevation"": 0.0}, {""range"": 1.857797781170764, ""doppler"": 0.0, ""angle"": 44.31366901246369, ""elevation"": 0.0}]",1785098514258.2048
9,"[{""range"": 0.2128028564313347, ""doppler"": 0.0, ""angle"": -26.06983505022551, ""elevation"": 0.0}, {""range"": 0.2216811089337021, ""doppler"": 0.0, ""angle"": -26.027660634371852, ""elevation"": 0.0}, {""range"": 2.7041926941389383, ""doppler"": 0.0, ""angle"": -9.16210573429116, ""elevation"": 0.0}, {""range"": 2.7579013307274574, ""doppler"": 0.0, ""angle"": -7.308404977194438, ""elevation"": 0.0}, {""range"": 2.799164231070035, ""doppler"": 0.0, ""angle"": -4.9362893136088974, ""elevation"": 0.0}, {""range"": 1.729534388307468, ""doppler"": 0.0, ""angle"": -1.4870215679080683, ""elevation"": 0.0}, {""range"": 1.8507476559827531, ""doppler"": 0.0, ""angle"": 39.71201200207542, ""elevation"": 0.0}, {""range"": 1.8760140246105135, ""doppler"": 0.0, ""angle"": 40.481047491555174, ""elevation"": 0.0}, {""range"": 1.9036104480377614, ""doppler"": 0.0, ""angle"": 38.54717696334187, ""elevation"": 0.0}]",1785098514348.756
10,"[{""range"": 0.6728592288557224, ""doppler"": 0.0, ""angle"": -2.924755954233905, ""elevation"": 0.0}, {""range"": 0.6835628253372844, ""doppler"": 0.0, ""angle"": -1.7388824166283177, ""elevation"": 0.0}, {""range"": 2.806863760330184, ""doppler"": 0.0, ""angle"": -2.972500246802652, ""elevation"": 0.0}, {""range"": 2.8186291635441383, ""doppler"": 0.0, ""angle"": -3.156643244809492, ""elevation"": 0.0}, {""range"": 0.7164277964122018, ""doppler"": 0.0, ""angle"": 15.756820236758198, ""elevation"": 0.0}, {""range"": 0.7478671072764342, ""doppler"": 0.0, ""angle"": 13.3119023148761, ""elevation"": 0.0}, {""range"": 0.847223609893758, ""doppler"": 0.0, ""angle"": 46.23997476631269, ""elevation"": 0.0}, {""range"": 0.8715538824217351, ""doppler"": 0.0, ""angle"": 48.651516797747604, ""elevation"": 0.0}, {""range"": 0.898509149590455, ""doppler"": 0.0, ""angle"": 54.03550146658345, ""elevation"": 0.0}, {""range"": 1.8738689598962357, ""doppler"": 0.0, ""angle"": 43.48819099118771, ""elevation"": 0.0}]",1785098514448.985
8,"[{""range"": 0.5288653593365993, ""doppler"": 0.0, ""angle"": -36.61418380083202, ""elevation"": 0.0}, {""range"": 0.5355030727392428, ""doppler"": 0.0, ""angle"": -35.99361455199071, ""elevation"": 0.0}, {""range"": 0.6208952304640926, ""doppler"": 0.0, ""angle"": -5.884634114943637, ""elevation"": 0.0}, {""range"": 0.6828610102247744, ""doppler"": 0.0, ""angle"": -6.268946922183746, ""elevation"": 0.0}, {""range"": 0.7022054164372334, ""doppler"": 0.0, ""angle"": -5.787537202991242, ""elevation"": 0.0}, {""range"": 0.6576914089655542, ""doppler"": 0.0, ""angle"": -1.3865457979370215, ""elevation"": 0.0}, {""range"": 1.8828151378385587, ""doppler"": 0.0, ""angle"": 42.613735605837256, ""elevation"": 0.0}, {""range"": 1.9042550728214425, ""doppler"": 0.0, ""angle"": 44.19724958996411, ""elevation"": 0.0}]",1785098514544.1338
7,"[{""range"": 0.6693952353579254, ""doppler"": 0.0, ""angle"": 1.6378883879132404, ""elevation"": 0.0}, {""range"": 0.7011819705238598, ""doppler"": 0.0, ""angle"": -0.7013670100695579, ""elevation"": 0.0}, {""range"": 0.7197932765825628, ""doppler"": 0.0, ""angle"": -0.7828749711866967, ""elevation"": 0.0}, {""range"": 0.7346333886483676, ""doppler"": 0.0, ""angle"": 1.4784525467045937, ""elevation"": 0.0}, {""range"": 1.8871350751506215, ""doppler"": 0.0, ""angle"": 43.114763384483254, ""elevation"": 0.0}, {""range"": 1.9131181245043618, ""doppler"": 0.0, ""angle"": 43.31086260187648, ""elevation"": 0.0}, {""range"": 1.9458520337949259, ""doppler"": 0.0, ""angle"": 46.5266322271022, ""elevation"": 0.0}]",1785098514644.042
6,"[{""range"": 0.6812172816650277, ""doppler"": 0.0, ""angle"": 1.0528362144828318, ""elevation"": 0.0}, {""range"": 0.6961558085679814, ""doppler"": 0.0, ""angle"": 0.5592526269856014, ""elevation"": 0.0}, {""range"": 0.7077463652638394, ""doppler"": 0.0, ""angle"": -0.08685558710129122, ""elevation"": 0.0}, {""range"": 0.7330042075983447, ""doppler"": 0.0, ""angle"": 1.9012364646144302, ""elevation"": 0.0}, {""range"": 1.8834094479998087, ""doppler"": 0.0, ""angle"": 43.92676741802405, ""elevation"": 0.0}, {""range"": 1.9105013713298744, ""doppler"": 0.0, ""angle"": 45.61809846883077, ""elevation"": 0.0}]",1785098514748.5051
