num_points,points,timestamp_ms
7,"[{""range"": 1.3379071387110217, ""doppler"": 0.0, ""angle"": -28.03780208347093, ""elevation"": 0.0}, {""range"": 1.3621355875804833, ""doppler"": 0.0, ""angle"": -29.1627257559121, ""elevation"": 0.0}, {""range"": 0.6237819723758529, ""doppler"": 0.0, ""angle"": 8.174234984611886, ""elevation"": 0.0}, {""range"": 0.6341274093121811, ""doppler"": 0.0, ""angle"": 9.167492325667027, ""elevation"": 0.0}, {""range"": 0.7577325653761983, ""doppler"": 0.0, ""angle"": 23.40098552158969, ""elevation"": 0.0}, {""range"": 0.6932652208679151, ""doppler"": 0.0, ""angle"": 34.60822993444627, ""elevation"": 0.0}, {""range"": 0.7118023039714239, ""doppler"": 0.0, ""angle"": 36.18187467859167, ""elevation"": 0.0}]",1784935580565.44
8,"[{""range"": 1.3415361782577835, ""doppler"": 0.0, ""angle"": -27.42917023836712, ""elevation"": 0.0}, {""range"": 1.3630034875342822, ""doppler"": 0.0, ""angle"": -29.15097551225634, ""elevation"": 0.0}, {""range"": 1.4071624153292583, ""doppler"": 0.0, ""angle"": -21.655391958602667, ""elevation"": 0.0}, {""range"": 0.6700536065937145, ""doppler"": 0.0, ""angle"": 11.49884863189417, ""elevation"": 0.0}, {""range"": 0.6772825323905713, ""doppler"": 0.0, ""angle"": 12.766718370139507, ""elevation"": 0.0}, {""range"": 0.7015093986549743, ""doppler"": 0.0, ""angle"": 13.037308658473819, ""elevation"": 0.0}, {""range"": 2.527039325889689, ""doppler"": 0.0, ""angle"": 58.448008924169145, ""elevation"": 0.0}, {""range"": 2.546840338252332, ""doppler"": 0.0, ""angle"": 59.88139513177016, ""elevation"": 0.0}]",1784935580565.768
7,"[{""range"": 1.3387251250485726, ""doppler"": 0.0, ""angle"": -28.619010545498174, ""elevation"": 0.0}, {""range"": 1.3611784614742353, ""doppler"": 0.0, ""angle"": -29.70380370672779, ""elevation"": 0.0}, {""range"": 1.4061481435638852, ""doppler"": 0.0, ""angle"": -22.95558622671729, ""elevation"": 0.0}, {""range"": 1.4554757653960744, ""doppler"": 0.0, ""angle"": -15.776188342911142, ""elevation"": 0.0}, {""range"": 0.6972373543585593, ""doppler"": 0.0, ""angle"": 29.161645535471255, ""elevation"": 0.0}, {""range"": 0.705815769540328, ""doppler"": 0.0, ""angle"": 29.455011020763937, ""elevation"": 0.0}, {""range"": 0.6827051849073711, ""doppler"": 0.0, ""angle"": 37.40114927501187, ""elevation"": 0.0}]",1784935580566.1199
7,"[{""range"": 1.3386360936087287, ""doppler"": 0.0, ""angle"": -28.961682060024994, ""elevation"": 0.0}, {""range"": 1.3607171522347572, ""doppler"": 0.0, ""angle"": -29.897106852941796, ""elevation"": 0.0}, {""range"": 1.4072479179674036, ""doppler"": 0.0, ""angle"": -21.28631701387987, ""elevation"": 0.0}, {""range"": 1.4570230865609402, ""doppler"": 0.0, ""angle"": -14.20849183967265, ""elevation"": 0.0}, {""range"": 0.6705434083355193, ""doppler"": 0.0, ""angle"": 7.24630515290395, ""elevation"": 0.0}, {""range"": 0.6910503650665951, ""doppler"": 0.0, ""angle"": 14.766201037081133, ""elevation"": 0.0}, {""range"": 0.7042784467582908, ""doppler"": 0.0, ""angle"": 15.355912831193974, ""elevation"": 0.0}]",1784935580566.3628
10,"[{""range"": 1.3465628292007263, ""doppler"": 0.0, ""angle"": -30.55272779221693, ""elevation"": 0.0}, {""range"": 1.363860683962109, ""doppler"": 0.0, ""angle"": -30.394321815152907, ""elevation"": 0.0}, {""range"": 1.401394476028209, ""doppler"": 0.0, ""angle"": -22.720528787742055, ""elevation"": 0.0}, {""range"": 1.4456544371520752, ""doppler"": 0.0, ""angle"": -13.986397149252443, ""elevation"": 0.0}, {""range"": 0.6371917066344773, ""doppler"": 0.0, ""angle"": 6.574572578595805, ""elevation"": 0.0}, {""range"": 0.6597792457511159, ""doppler"": 0.0, ""angle"": 9.972898003470291, ""elevation"": 0.0}, {""range"": 0.6803008033048711, ""doppler"": 0.0, ""angle"": 14.459945448662154, ""elevation"": 0.0}, {""range"": 0.7046798522479738, ""doppler"": 0.0, ""angle"": 19.70859170635087, ""elevation"": 0.0}, {""range"": 0.7317315487865823, ""doppler"": 0.0, ""angle"": 22.30321574455095, ""elevation"": 0.0}, {""range"": 2.5270391424223613, ""doppler"": 0.0, ""angle"": 60.71424352115255, ""elevation"": 0.0}]",1784935580566.615
9,"[{""range"": 1.3645646092913637, ""doppler"": 0.0, ""angle"": -27.93513279036969, ""elevation"": 0.0}, {""range"": 1.348627981565792, ""doppler"": 0.0, ""angle"": -25.382671675176905, ""elevation"": 0.0}, {""range"": 1.4125320469966272, ""doppler"": 0.0, ""angle"": -17.664261784294162, ""elevation"": 0.0}, {""range"": 1.4606114322616695, ""doppler"": 0.0, ""angle"": -13.42889046311695, ""elevation"": 0.0}, {""range"": 1.496101235285401, ""doppler"": 0.0, ""angle"": -15.124185978505727, ""elevation"": 0.0}, {""range"": 0.6351828615405418, ""doppler"": 0.0, ""angle"": 16.266656572426694, ""elevation"": 0.0}, {""range"": 0.6523246532776789, ""doppler"": 0.0, ""angle"": 14.428595907516653, ""elevation"": 0.0}, {""range"": 0.6636740057622418, ""doppler"": 0.0, ""angle"": 13.366038477265734, ""elevation"": 0.0}, {""range"": 0.6941259591884759, ""doppler"": 0.0, ""angle"": 10.884412101322761, ""elevation"": 0.0}]",1784935580566.856
10,"[{""range"": 1.3573430430263358, ""doppler"": 0.0, ""angle"": -33.56655385157425, ""elevation"": 0.0}, {""range"": 1.3652890620576361, ""doppler"": 0.0, ""angle"": -30.124638521638687, ""elevation"": 0.0}, {""range"": 1.4118011032593918, ""doppler"": 0.0, ""angle"": -18.138914466101603, ""elevation"": 0.0}, {""range"": 0.6363868092590204, ""doppler"": 0.0, ""angle"": 4.060382413627449, ""elevation"": 0.0}, {""range"": 0.6459120688039456, ""doppler"": 0.0, ""angle"": 5.082416648762272, ""elevation"": 0.0}, {""range"": 0.6731442185819905, ""doppler"": 0.0, ""angle"": 25.84353144492378, ""elevation"": 0.0}, {""range"": 0.718627663111353, ""doppler"": 0.0, ""angle"": 35.22444431754639, ""elevation"": 0.0}, {""range"": 0.7726041907989812, ""doppler"": 0.0, ""angle"": 40.67321098669373, ""elevation"": 0.0}, {""range"": 0.8108821360573435, ""doppler"": 0.0, ""angle"": 41.62094824139588, ""elevation"": 0.0}, {""range"": 0.8340086817370824, ""doppler"": 0.0, ""angle"": 40.20822511500198, ""elevation"": 0.0}]",1784935580567.0999
9,"[{""range"": 0.6179905030139111, ""doppler"": 0.0, ""angle"": -34.71088116726856, ""elevation"": 0.0}, {""range"": 0.6297673437991205, ""doppler"": 0.0, ""angle"": -34.16834848044878, ""elevation"": 0.0}, {""range"": 1.3611950220001359, ""doppler"": 0.0, ""angle"": -30.530038373180595, ""elevation"": 0.0}, {""range"": 1.3722391962040776, ""doppler"": 0.0, ""angle"": -28.061068184913072, ""elevation"": 0.0}, {""range"": 1.4055416997060575, ""doppler"": 0.0, ""angle"": -18.845251140991905, ""elevation"": 0.0}, {""range"": 0.6928787995956535, ""doppler"": 0.0, ""angle"": 10.738646625362431, ""elevation"": 0.0}, {""range"": 0.7057628555537776, ""doppler"": 0.0, ""angle"": 7.058395473171973, ""elevation"": 0.0}, {""range"": 0.7998166387662783, ""doppler"": 0.0, ""angle"": 40.72078225096984, ""elevation"": 0.0}, {""range"": 0.8168729583669596, ""doppler"": 0.0, ""angle"": 40.321055395777584, ""elevation"": 0.0}]",1784935580567.338
5,"[{""range"": 1.3365819252614213, ""doppler"": 0.0, ""angle"": -29.696392438811014, ""elevation"": 0.0}, {""range"": 1.3633795036541894, ""doppler"": 0.0, ""angle"": -31.57205669017017, ""elevation"": 0.0}, {""range"": 0.6578941799705299, ""doppler"": 0.0, ""angle"": -4.473951483575298, ""elevation"": 0.0}, {""range"": 0.680429313813887, ""doppler"": 0.0, ""angle"": -1.4606957157549512, ""elevation"": 0.0}, {""range"": 0.6951462474689595, ""doppler"": 0.0, ""angle"": 3.568979568771828, ""elevation"": 0.0}]",1784935580567.5771
8,"[{""range"": 1.3385016096769653, ""doppler"": 0.0, ""angle"": -30.765538368385574, ""elevation"": 0.0}, {""range"": 1.3633242605767257, ""doppler"": 0.0, ""angle"": -32.75419045966461, ""elevation"": 0.0}, {""range"": 1.4063725483618887, ""doppler"": 0.0, ""angle"": -24.567549916649963, ""elevation"": 0.0}, {""range"": 0.6400666946699651, ""doppler"": 0.0, ""angle"": -5.161098033360255, ""elevation"": 0.0}, {""range"": 0.7254550954424772, ""doppler"": 0.0, ""angle"": 31.935024732786278, ""elevation"": 0.0}, {""range"": 0.7749838822320395, ""doppler"": 0.0, ""angle"": 31.58498440673862, ""elevation"": 0.0}, {""range"": 0.7001790399930112, ""doppler"": 0.0, ""angle"": 37.247415706774845, ""elevation"": 0.0}, {""range"": 0.8093720354520272, ""doppler"": 0.0, ""angle"": 34.30446651427148, ""elevation"": 0.0}]",1784935580567.811
6,"[{""range"": 0.6474200433555961, ""doppler"": 0.0, ""angle"": -29.41119947453802, ""elevation"": 0.0}, {""range"": 1.3400674863632889, ""doppler"": 0.0, ""angle"": -30.7434800083481, ""elevation"": 0.0}, {""range"": 1.3586569375370365, ""doppler"": 0.0, ""angle"": -30.689591387869985, ""elevation"": 0.0}, {""range"": 1.3987899196908953, ""doppler"": 0.0, ""angle"": -22.194482970055425, ""elevation"": 0.0}, {""range"": 0.711042317252565, ""doppler"": 0.0, ""angle"": 16.885560095013716, ""elevation"": 0.0}, {""range"": 0.699665313771796, ""doppler"": 0.0, ""angle"": 19.29626568359747, ""elevation"": 0.0}]",1784935580568.039
9,"[{""range"": 1.3447440947622025, ""doppler"": 0.0, ""angle"": -31.720303805925866, ""elevation"": 0.0}, {""range"": 1.3620708571912774, ""doppler"": 0.0, ""angle"": -31.96870677027142, ""elevation"": 0.0}, {""range"": 1.4038839934229057, ""doppler"": 0.0, ""angle"": -22.717543424064495, ""elevation"": 0.0}, {""range"": 1.4546379473841393, ""doppler"": 0.0, ""angle"": -13.862004432274988, ""elevation"": 0.0}, {""range"": 0.7189165250721418, ""doppler"": 0.0, ""angle"": 10.113648804131254, ""elevation"": 0.0}, {""range"": 0.6858338461303592, ""doppler"": 0.0, ""angle"": 28.770216929230294, ""elevation"": 0.0}, {""range"": 0.6641994187265922, ""doppler"": 0.0, ""angle"": 43.396442508847706, ""elevation"": 0.0}, {""range"": 0.7888903175904359, ""doppler"": 0.0, ""angle"": 38.90928031839972, ""elevation"": 0.0}, {""range"": 0.8052093715196371, ""doppler"": 0.0, ""angle"": 39.79253821685435, ""elevation"": 0.0}]",1784935580568.274
7,"[{""range"": 1.3498458770419233, ""doppler"": 0.0, ""angle"": -33.01432191846046, ""elevation"": 0.0}, {""range"": 1.3643155516935526, ""doppler"": 0.0, ""angle"": -30.898075499117553, ""elevation"": 0.0}, {""range"": 1.4032641870850826, ""doppler"": 0.0, ""angle"": -20.45093898580553, ""elevation"": 0.0}, {""range"": 0.6642428153330744, ""doppler"": 0.0, ""angle"": 5.437407359380825, ""elevation"": 0.0}, {""range"": 0.6837431936835145, ""doppler"": 0.0, ""angle"": 7.952099913334138, ""elevation"": 0.0}, {""range"": 0.702846815450651, ""doppler"": 0.0, ""angle"": 13.31146665230609, ""elevation"": 0.0}, {""range"": 1.8305265863690072, ""doppler"": 0.0, ""angle"": 30.527975290545292, ""elevation"": 0.0}]",1784935580568.5088
9,"[{""range"": 1.3454976130965508, ""doppler"": 0.0, ""angle"": -29.174416965370302, ""elevation"": 0.0}, {""range"": 1.3653425512079314, ""doppler"": 0.0, ""angle"": -29.311155002273697, ""elevation"": 0.0}, {""range"": 1.401380215863451, ""doppler"": 0.0, ""angle"": -21.81227021591808, ""elevation"": 0.0}, {""range"": 1.4496660486810198, ""doppler"": 0.0, ""angle"": -14.581329726627391, ""elevation"": 0.0}, {""range"": 0.6212701463016264, ""doppler"": 0.0, ""angle"": 13.668275632386933, ""elevation"": 0.0}, {""range"": 0.6542805766562946, ""doppler"": 0.0, ""angle"": 17.429689098284676, ""elevation"": 0.0}, {""range"": 0.6791285428617252, ""doppler"": 0.0, ""angle"": 19.95217345457844, ""elevation"": 0.0}, {""range"": 0.7062775792074372, ""doppler"": 0.0, ""angle"": 20.109518670189868, ""elevation"": 0.0}, {""range"": 0.7511169505335534, ""doppler"": 0.0, ""angle"": 25.857430595816087, ""elevation"": 0.0}]",1784935580568.736
4,"[{""range"": 1.3609086727004842, ""doppler"": 0.0, ""angle"": -26.315911386172903, ""elevation"": 0.0}, {""range"": 0.66146387404407, ""doppler"": 0.0, ""angle"": 15.362436940205665, ""elevation"": 0.0}, {""range"": 0.6751824025607809, ""doppler"": 0.0, ""angle"": 16.414373727178205, ""elevation"": 0.0}, {""range"": 0.7077505441979195, ""doppler"": 0.0, ""angle"": 17.102728969052375, ""elevation"": 0.0}]",1784935580568.961
8,"[{""range"": 1.3455323793987766, ""doppler"": 0.0, ""angle"": -28.62565184345112, ""elevation"": 0.0}, {""range"": 1.3618933756841503, ""doppler"": 0.0, ""angle"": -27.722452197181628, ""elevation"": 0.0}, {""range"": 1.3999078429327125, ""doppler"": 0.0, ""angle"": -19.16398120155637, ""elevation"": 0.0}, {""range"": 1.4479285175760883, ""doppler"": 0.0, ""angle"": -14.569970351659546, ""elevation"": 0.0}, {""range"": 0.6217133182158554, ""doppler"": 0.0, ""angle"": 16.01103974095393, ""elevation"": 0.0}, {""range"": 0.652140326626151, ""doppler"": 0.0, ""angle"": 17.1431553766762, ""elevation"": 0.0}, {""range"": 0.6768393699456849, ""doppler"": 0.0, ""angle"": 16.2468841921216, ""elevation"": 0.0}, {""range"": 0.7083964914390686, ""doppler"": 0.0, ""angle"": 13.324160911618902, ""elevation"": 0.0}]",1784935580569.207
10,"[{""range"": 1.347014399334529, ""doppler"": 0.0, ""angle"": -29.95148596537863, ""elevation"": 0.0}, {""range"": 1.3652490726308155, ""doppler"": 0.0, ""angle"": -29.50287310780568, ""elevation"": 0.0}, {""range"": 1.397761177288591, ""doppler"": 0.0, ""angle"": -22.59223730971934, ""elevation"": 0.0}, {""range"": 1.4431533927786258, ""doppler"": 0.0, ""angle"": -13.521413204543698, ""elevation"": 0.0}, {""range"": 0.6398890056518854, ""doppler"": 0.0, ""angle"": 15.993780165073652, ""elevation"": 0.0}, {""range"": 0.6630742812124653, ""doppler"": 0.0, ""angle"": 11.479625422573156, ""elevation"": 0.0}, {""range"": 0.681891810590227, ""doppler"": 0.0, ""angle"": 14.254886861916106, ""elevation"": 0.0}, {""range"": 0.7105260501841376, ""doppler"": 0.0, ""angle"": 19.57040861635135, ""elevation"": 0.0}, {""range"": 0.7542297349687662, ""doppler"": 0.0, ""angle"": 33.01190886861293, ""elevation"": 0.0}, {""range"": 0.8050363388444496, ""doppler"": 0.0, ""angle"": 44.02806304936531, ""elevation"": 0.0}]",1784935580569.439
10,"[{""range"": 1.3449504185973915, ""doppler"": 0.0, ""angle"": -30.345814383654957, ""elevation"": 0.0}, {""range"": 1.370242509866767, ""doppler"": 0.0, ""angle"": -30.168709679545657, ""elevation"": 0.0}, {""range"": 1.403601910969587, ""doppler"": 0.0, ""angle"": -24.442746594947362, ""elevation"": 0.0}, {""range"": 1.4426222503371673, ""doppler"": 0.0, ""angle"": -17.835308879628112, ""elevation"": 0.0}, {""range"": 1.1954729381741453, ""doppler"": 0.0, ""angle"": 3.910987190053618, ""elevation"": 0.0}, {""range"": 0.6392802221869014, ""doppler"": 0.0, ""angle"": 11.765674029654358, ""elevation"": 0.0}, {""range"": 0.6694543433402219, ""doppler"": 0.0, ""angle"": 17.118481313676952, ""elevation"": 0.0}, {""range"": 0.6874473042322298, ""doppler"": 0.0, ""angle"": 18.015500498536515, ""elevation"": 0.0}, {""range"": 0.7067440863551225, ""doppler"": 0.0, ""angle"": 17.52265814886407, ""elevation"": 0.0}, {""range"": 0.7413179100167213, ""doppler"": 0.0, ""angle"": 17.722558038340566, ""elevation"": 0.0}]",1784935580569.673
9,"[{""range"": 1.3407799447233881, ""doppler"": 0.0, ""angle"": -26.14472107735447, ""elevation"": 0.0}, {""range"": 1.363229142488979, ""doppler"": 0.0, ""angle"": -28.54508162611759, ""elevation"": 0.0}, {""range"": 0.6266462065172161, ""doppler"": 0.0, ""angle"": -22.994645964748692, ""elevation"": 0.0}, {""range"": 0.6559994081215419, ""doppler"": 0.0, ""angle"": -21.97831935897086, ""elevation"": 0.0}, {""range"": 1.3971254496348682, ""doppler"": 0.0, ""angle"": -23.960255279047825, ""elevation"": 0.0}, {""range"": 1.299281143785239, ""doppler"": 0.0, ""angle"": -17.442459949265494, ""elevation"": 0.0}, {""range"": 1.1846786844320736, ""doppler"": 0.0, ""angle"": 4.796678437266794, ""elevation"": 0.0}, {""range"": 0.6937940095999252, ""doppler"": 0.0, ""angle"": 17.51963928185051, ""elevation"": 0.0}, {""range"": 0.7098896302243949, ""doppler"": 0.0, ""angle"": 11.448621784541743, ""elevation"": 0.0}]",1784935580569.8992
11,"[{""range"": 1.3478753117983004, ""doppler"": 0.0, ""angle"": -27.486300696542546, ""elevation"": 0.0}, {""range"": 1.3649548362173403, ""doppler"": 0.0, ""angle"": -27.917952468670652, ""elevation"": 0.0}, {""range"": 1.397164766996089, ""doppler"": 0.0, ""angle"": -22.205833954089318, ""elevation"": 0.0}, {""range"": 1.4386754983804504, ""doppler"": 0.0, ""angle"": -13.901523588323787, ""elevation"": 0.0}, {""range"": 0.6275496106282875, ""doppler"": 0.0, ""angle"": -1.6818045300279019, ""elevation"": 0.0}, {""range"": 0.6532570577578612, ""doppler"": 0.0, ""angle"": -2.0235776879368603, ""elevation"": 0.0}, {""range"": 0.6729796818489255, ""doppler"": 0.0, ""angle"": 5.993865841151524, ""elevation"": 0.0}, {""range"": 0.6931806980898587, ""doppler"": 0.0, ""angle"": 8.69447156783198, ""elevation"": 0.0}, {""range"": 1.1910471203418116, ""doppler"": 0.0, ""angle"": 5.513730612392829, ""elevation"": 0.0}, {""range"": 4.868315762547204, ""doppler"": 0.0, ""angle"": 30.889046957724325, ""elevation"": 0.0}, {""range"": 4.879860062797843, ""doppler"": 0.0, ""angle"": 31.65509214833551, ""elevation"": 0.0}]",1784935580570.144
9,"[{""range"": 1.352342559827151, ""doppler"": 0.0, ""angle"": -28.900077173610235, ""elevation"": 0.0}, {""range"": 1.3676735466287657, ""doppler"": 0.0, ""angle"": -28.290608634347112, ""elevation"": 0.0}, {""range"": 1.400022005902887, ""doppler"": 0.0, ""angle"": -22.775793656596612, ""elevation"": 0.0}, {""range"": 0.6567879379251523, ""doppler"": 0.0, ""angle"": -14.376745280473708, ""elevation"": 0.0}, {""range"": 0.6618953270259962, ""doppler"": 0.0, ""angle"": -17.04469008380182, ""elevation"": 0.0}, {""range"": 1.4430578753509544, ""doppler"": 0.0, ""angle"": -15.303688156962007, ""elevation"": 0.0}, {""range"": 0.6264379912248669, ""doppler"": 0.0, ""angle"": 10.376524668610704, ""elevation"": 0.0}, {""range"": 0.7025675710704836, ""doppler"": 0.0, ""angle"": 27.660738511959522, ""elevation"": 0.0}, {""range"": 2.522367636972554, ""doppler"": 0.0, ""angle"": 47.631775311262174, ""elevation"": 0.0}]",1784935580570.434
10,"[{""range"": 1.3515433547276385, ""doppler"": 0.0, ""angle"": -29.491956726059215, ""elevation"": 0.0}, {""range"": 1.3668816095204965, ""doppler"": 0.0, ""angle"": -28.606870491947106, ""elevation"": 0.0}, {""range"": 0.649952641529894, ""doppler"": 0.0, ""angle"": -19.79591008962977, ""elevation"": 0.0}, {""range"": 0.6594165510938479, ""doppler"": 0.0, ""angle"": -21.841801287565357, ""elevation"": 0.0}, {""range"": 1.400214098890705, ""doppler"": 0.0, ""angle"": -22.47127459782984, ""elevation"": 0.0}, {""range"": 1.443974435687863, ""doppler"": 0.0, ""angle"": -15.934675297284608, ""elevation"": 0.0}, {""range"": 1.1952525822233462, ""doppler"": 0.0, ""angle"": 4.685339642984279, ""elevation"": 0.0}, {""range"": 1.2288913970728554, ""doppler"": 0.0, ""angle"": 4.9332679969179765, ""elevation"": 0.0}, {""range"": 0.6070679346950839, ""doppler"": 0.0, ""angle"": 11.227187774579575, ""elevation"": 0.0}, {""range"": 0.7279014297836498, ""doppler"": 0.0, ""angle"": 10.846187977873868, ""elevation"": 0.0}]",1784935580570.6692
7,"[{""range"": 1.351024867495081, ""doppler"": 0.0, ""angle"": -27.741940602528576, ""elevation"": 0.0}, {""range"": 1.3694097855489187, ""doppler"": 0.0, ""angle"": -30.093800133115366, ""elevation"": 0.0}, {""range"": 1.397652915004458, ""doppler"": 0.0, ""angle"": -28.145359249261993, ""elevation"": 0.0}, {""range"": 0.6277571516113608, ""doppler"": 0.0, ""angle"": 13.406862334973505, ""elevation"": 0.0}, {""range"": 0.6515258631780536, ""doppler"": 0.0, ""angle"": 15.504750902750501, ""elevation"": 0.0}, {""range"": 0.6678982904888073, ""doppler"": 0.0, ""angle"": 16.51852422401089, ""elevation"": 0.0}, {""range"": 0.6982632849305918, ""doppler"": 0.0, ""angle"": 17.51157691047955, ""elevation"": 0.0}]",1784935580570.965
8,"[{""range"": 1.3784324432261161, ""doppler"": 0.0, ""angle"": -33.42208173691668, ""elevation"": 0.0}, {""range"": 1.4109470959192494, ""doppler"": 0.0, ""angle"": -28.838788524912154, ""elevation"": 0.0}, {""range"": 1.4531207846697198, ""doppler"": 0.0, ""angle"": -18.310092469358295, ""elevation"": 0.0}, {""range"": 0.644017989661758, ""doppler"": 0.0, ""angle"": -3.72518517675194, ""elevation"": 0.0}, {""range"": 0.66207556144183, ""doppler"": 0.0, ""angle"": -7.370697057415578, ""elevation"": 0.0}, {""range"": 0.6166735752822864, ""doppler"": 0.0, ""angle"": -3.2913398118137214, ""elevation"": 0.0}, {""range"": 0.7124224066378925, ""doppler"": 0.0, ""angle"": 6.441830585158962, ""elevation"": 0.0}, {""range"": 0.8100961385781861, ""doppler"": 0.0, ""angle"": 40.4792079600051, ""elevation"": 0.0}]",1784935580571.1912
7,"[{""range"": 1.349478564809714, ""doppler"": 0.0, ""angle"": -36.01955890349452, ""elevation"": 0.0}, {""range"": 1.3567032709494908, ""doppler"": 0.0, ""angle"": -35.00129996927563, ""elevation"": 0.0}, {""range"": 0.6310167408795702, ""doppler"": 0.0, ""angle"": 8.293128417847257, ""elevation"": 0.0}, {""range"": 0.6565779344679761, ""doppler"": 0.0, ""angle"": 6.395333531724998, ""elevation"": 0.0}, {""range"": 0.6691154584049284, ""doppler"": 0.0, ""angle"": 4.583079011641737, ""elevation"": 0.0}, {""range"": 0.6907326995142413, ""doppler"": 0.0, ""angle"": 5.511347907985072, ""elevation"": 0.0}, {""range"": 0.7660460738906181, ""doppler"": 0.0, ""angle"": 22.07459925596166, ""elevation"": 0.0}]",1784935580571.444
9,"[{""range"": 0.6577489436605698, ""doppler"": 0.0, ""angle"": -28.780767730088602, ""elevation"": 0.0}, {""range"": 1.3508405379524826, ""doppler"": 0.0, ""angle"": -30.472082153414227, ""elevation"": 0.0}, {""range"": 1.361386064222294, ""doppler"": 0.0, ""angle"": -30.691431651098736, ""elevation"": 0.0}, {""range"": 0.6323440471102845, ""doppler"": 0.0, ""angle"": -20.8385964191089, ""elevation"": 0.0}, {""range"": 0.6455373480541889, ""doppler"": 0.0, ""angle"": -22.38790443937964, ""elevation"": 0.0}, {""range"": 0.686015365210675, ""doppler"": 0.0, ""angle"": 11.608680891761551, ""elevation"": 0.0}, {""range"": 0.7031332475770022, ""doppler"": 0.0, ""angle"": 12.36444214703621, ""elevation"": 0.0}, {""range"": 0.9354080958651793, ""doppler"": 0.0, ""angle"": 40.48011940195561, ""elevation"": 0.0}, {""range"": 0.9614582481710594, ""doppler"": 0.0, ""angle"": 47.464678429148684, ""elevation"": 0.0}]",1784935580571.71
10,"[{""range"": 1.3462788539830761, ""doppler"": 0.0, ""angle"": -27.684817777717505, ""elevation"": 0.0}, {""range"": 1.359500705153447, ""doppler"": 0.0, ""angle"": -29.943979964304795, ""elevation"": 0.0}, {""range"": 1.3923043372149313, ""doppler"": 0.0, ""angle"": -24.646141381889382, ""elevation"": 0.0}, {""range"": 0.6633380002639998, ""doppler"": 0.0, ""angle"": -17.70230615405724, ""elevation"": 0.0}, {""range"": 0.6329224474704126, ""doppler"": 0.0, ""angle"": -3.9852800705940368, ""elevation"": 0.0}, {""range"": 0.614396611889033, ""doppler"": 0.0, ""angle"": 1.3508291762677063, ""elevation"": 0.0}, {""range"": 1.2038505335473377, ""doppler"": 0.0, ""angle"": 2.6902838095243107, ""elevation"": 0.0}, {""range"": 1.1690538446356136, ""doppler"": 0.0, ""angle"": 3.858962397193136, ""elevation"": 0.0}, {""range"": 1.1855590125552455, ""doppler"": 0.0, ""angle"": 3.6059824814990256, ""elevation"": 0.0}, {""range"": 0.7296282766895544, ""doppler"": 0.0, ""angle"": 21.131268221745174, ""elevation"": 0.0}]",1784935580571.9412
11,"[{""range"": 1.3496817603274032, ""doppler"": 0.0, ""angle"": -34.479592638491354, ""elevation"": 0.0}, {""range"": 1.3598392577350098, ""doppler"": 0.0, ""angle"": -34.71611970100869, ""elevation"": 0.0}, {""range"": 1.1664711795243925, ""doppler"": 0.0, ""angle"": 2.099641200288583, ""elevation"": 0.0}, {""range"": 1.184827659610812, ""doppler"": 0.0, ""angle"": 0.190235816079039, ""elevation"": 0.0}, {""range"": 1.2074061988140992, ""doppler"": 0.0, ""angle"": -2.6653662179952056, ""elevation"": 0.0}, {""range"": 0.644362953225269, ""doppler"": 0.0, ""angle"": 17.53993221786813, ""elevation"": 0.0}, {""range"": 0.6346210320076215, ""doppler"": 0.0, ""angle"": 18.685102556976748, ""elevation"": 0.0}, {""range"": 0.6579740511356477, ""doppler"": 0.0, ""angle"": 18.671299958796563, ""elevation"": 0.0}, {""range"": 0.7195057665019665, ""doppler"": 0.0, ""angle"": 28.14452123855388, ""elevation"": 0.0}, {""range"": 0.7710384899252242, ""doppler"": 0.0, ""angle"": 32.56597008979437, ""elevation"": 0.0}, {""range"": 0.7913711021272442, ""doppler"": 0.0, ""angle"": 40.92286211091762, ""elevation"": 0.0}]",1784935580572.155
7,"[{""range"": 0.6296803149165306, ""doppler"": 0.0, ""angle"": -9.41417450548248, ""elevation"": 0.0}, {""range"": 0.6363393774457515, ""doppler"": 0.0, ""angle"": -4.835842998856136, ""elevation"": 0.0}, {""range"": 1.1896564290833116, ""doppler"": 0.0, ""angle"": 2.8172487968349764, ""elevation"": 0.0}, {""range"": 1.172311026685115, ""doppler"": 0.0, ""angle"": 4.251243449739958, ""elevation"": 0.0}, {""range"": 1.2168255647563824, ""doppler"": 0.0, ""angle"": 3.6734974029835556, ""elevation"": 0.0}, {""range"": 0.6666410822429578, ""doppler"": 0.0, ""angle"": 14.826479970355665, ""elevation"": 0.0}, {""range"": 0.697081210811174, ""doppler"": 0.0, ""angle"": 27.43270431626084, ""elevation"": 0.0}]",1784935580572.382
11,"[{""range"": 1.3487706064861706, ""doppler"": 0.0, ""angle"": -27.526459133213063, ""elevation"": 0.0}, {""range"": 1.3658499381837432, ""doppler"": 0.0, ""angle"": -29.041489935993482, ""elevation"": 0.0}, {""range"": 1.3943338006344392, ""doppler"": 0.0, ""angle"": -27.65279422351784, ""elevation"": 0.0}, {""range"": 0.6532868163440606, ""doppler"": 0.0, ""angle"": -20.458762714503084, ""elevation"": 0.0}, {""range"": 1.4319661574688758, ""doppler"": 0.0, ""angle"": -18.930445521614562, ""elevation"": 0.0}, {""range"": 0.6310246455490345, ""doppler"": 0.0, ""angle"": -16.47841638596267, ""elevation"": 0.0}, {""range"": 0.6441001027787665, ""doppler"": 0.0, ""angle"": -17.781030655298363, ""elevation"": 0.0}, {""range"": 1.183606320052825, ""doppler"": 0.0, ""angle"": 1.783421783783612, ""elevation"": 0.0}, {""range"": 0.691999714428576, ""doppler"": 0.0, ""angle"": 22.436506324121964, ""elevation"": 0.0}, {""range"": 0.7871496221717756, ""doppler"": 0.0, ""angle"": 50.382742213690044, ""elevation"": 0.0}, {""range"": 0.8063946601810054, ""doppler"": 0.0, ""angle"": 46.94087766757975, ""elevation"": 0.0}]",1784935580572.608
12,"[{""range"": 1.319515141258243, ""doppler"": 0.0, ""angle"": -30.822607969689546, ""elevation"": 0.0}, {""range"": 1.342773650487106, ""doppler"": 0.0, ""angle"": -30.232271695232825, ""elevation"": 0.0}, {""range"": 1.3653152916751443, ""doppler"": 0.0, ""angle"": -31.87493435751588, ""elevation"": 0.0}, {""range"": 1.3974108987428002, ""doppler"": 0.0, ""angle"": -28.142352965830735, ""elevation"": 0.0}, {""range"": 1.4470361717814197, ""doppler"": 0.0, ""angle"": -17.823703584750568, ""elevation"": 0.0}, {""range"": 0.6435809608244121, ""doppler"": 0.0, ""angle"": -3.616054834855795, ""elevation"": 0.0}, {""range"": 1.181466424938092, ""doppler"": 0.0, ""angle"": -1.4916952857458297, ""elevation"": 0.0}, {""range"": 0.7720024631497041, ""doppler"": 0.0, ""angle"": 10.057949943588588, ""elevation"": 0.0}, {""range"": 0.6226177429347354, ""doppler"": 0.0, ""angle"": 10.909765686900199, ""elevation"": 0.0}, {""range"": 0.6481626516005977, ""doppler"": 0.0, ""angle"": 19.014785110392786, ""elevation"": 0.0}, {""range"": 0.6751522593364628, ""doppler"": 0.0, ""angle"": 30.177791235018596, ""elevation"": 0.0}, {""range"": 0.6979288134419949, ""doppler"": 0.0, ""angle"": 31.442091411753662, ""elevation"": 0.0}]",1784935580572.82
10,"[{""range"": 1.3135757906550096, ""doppler"": 0.0, ""angle"": -26.240659933935426, ""elevation"": 0.0}, {""range"": 1.3362658233971598, ""doppler"": 0.0, ""angle"": -27.192539862800395, ""elevation"": 0.0}, {""range"": 1.3568154015986682, ""doppler"": 0.0, ""angle"": -30.498852854030567, ""elevation"": 0.0}, {""range"": 1.4010511650368171, ""doppler"": 0.0, ""angle"": -25.66895781275586, ""elevation"": 0.0}, {""range"": 0.6801454961913277, ""doppler"": 0.0, ""angle"": 1.6873414107764277, ""elevation"": 0.0}, {""range"": 1.1674796828288754, ""doppler"": 0.0, ""angle"": 0.1404090422853508, ""elevation"": 0.0}, {""range"": 1.1760110003835866, ""doppler"": 0.0, ""angle"": 0.8537972583125321, ""elevation"": 0.0}, {""range"": 0.6544497168773766, ""doppler"": 0.0, ""angle"": 6.558019077901553, ""elevation"": 0.0}, {""range"": 0.7164764418418942, ""doppler"": 0.0, ""angle"": 5.844341858355526, ""elevation"": 0.0}, {""range"": 0.6198440275746884, ""doppler"": 0.0, ""angle"": 26.210237312981178, ""elevation"": 0.0}]",1784935580573.0469
9,"[{""range"": 1.339916000635042, ""doppler"": 0.0, ""angle"": -28.05269673592424, ""elevation"": 0.0}, {""range"": 1.3572429707879343, ""doppler"": 0.0, ""angle"": -30.15591549544512, ""elevation"": 0.0}, {""range"": 1.3946636339076646, ""doppler"": 0.0, ""angle"": -24.415988420955852, ""elevation"": 0.0}, {""range"": 1.177339460061171, ""doppler"": 0.0, ""angle"": 2.0367119689763107, ""elevation"": 0.0}, {""range"": 0.6496507108526017, ""doppler"": 0.0, ""angle"": 8.627460675134271, ""elevation"": 0.0}, {""range"": 0.6630985120633678, ""doppler"": 0.0, ""angle"": 5.850496152780686, ""elevation"": 0.0}, {""range"": 0.7026692576289033, ""doppler"": 0.0, ""angle"": 5.578568760214977, ""elevation"": 0.0}, {""range"": 1.164613438332206, ""doppler"": 0.0, ""angle"": 5.020801037906969, ""elevation"": 0.0}, {""range"": 0.6333013254022667, ""doppler"": 0.0, ""angle"": 11.13543454334498, ""elevation"": 0.0}]",1784935580573.27
12,"[{""range"": 1.3441039161202273, ""doppler"": 0.0, ""angle"": -31.90761858674766, ""elevation"": 0.0}, {""range"": 1.363589350660502, ""doppler"": 0.0, ""angle"": -33.74424791598919, ""elevation"": 0.0}, {""range"": 1.3928162502476586, ""doppler"": 0.0, ""angle"": -29.520436415509156, ""elevation"": 0.0}, {""range"": 0.5151541002243231, ""doppler"": 0.0, ""angle"": 1.47185937122473, ""elevation"": 0.0}, {""range"": 1.1685075785359804, ""doppler"": 0.0, ""angle"": 3.4390566627126313, ""elevation"": 0.0}, {""range"": 1.18093434818991, ""doppler"": 0.0, ""angle"": 0.5118656961790959, ""elevation"": 0.0}, {""range"": 0.5664388829893328, ""doppler"": 0.0, ""angle"": 8.971686307025324, ""elevation"": 0.0}, {""range"": 0.6117434029034561, ""doppler"": 0.0, ""angle"": 14.57648542769073, ""elevation"": 0.0}, {""range"": 0.6324713567511114, ""doppler"": 0.0, ""angle"": 18.665462561585276, ""elevation"": 0.0}, {""range"": 0.665279591676948, ""doppler"": 0.0, ""angle"": 30.763034607621297, ""elevation"": 0.0}, {""range"": 0.725791662111704, ""doppler"": 0.0, ""angle"": 29.862190056975766, ""elevation"": 0.0}, {""range"": 0.7742617958921401, ""doppler"": 0.0, ""angle"": 34.60393294945763, ""elevation"": 0.0}]",1784935580573.502
11,"[{""range"": 1.3439126417316474, ""doppler"": 0.0, ""angle"": -34.2419269942584, ""elevation"": 0.0}, {""range"": 1.362671270471409, ""doppler"": 0.0, ""angle"": -35.84882733269476, ""elevation"": 0.0}, {""range"": 1.395827114891755, ""doppler"": 0.0, ""angle"": -30.671716244428712, ""elevation"": 0.0}, {""range"": 1.2028820672039375, ""doppler"": 0.0, ""angle"": -4.074693820171224, ""elevation"": 0.0}, {""range"": 1.1704408366242613, ""doppler"": 0.0, ""angle"": 3.1002000984224867, ""elevation"": 0.0}, {""range"": 1.181674577784048, ""doppler"": 0.0, ""angle"": -0.6329330762290665, ""elevation"": 0.0}, {""range"": 0.6310389345079416, ""doppler"": 0.0, ""angle"": 8.637537781086067, ""elevation"": 0.0}, {""range"": 0.6474084865898398, ""doppler"": 0.0, ""angle"": 5.4838424868155675, ""elevation"": 0.0}, {""range"": 0.670242571845964, ""doppler"": 0.0, ""angle"": 21.68502981187308, ""elevation"": 0.0}, {""range"": 0.7022486726777745, ""doppler"": 0.0, ""angle"": 30.09051205756613, ""elevation"": 0.0}, {""range"": 0.7476519374360309, ""doppler"": 0.0, ""angle"": 35.92158738171209, ""elevation"": 0.0}]",1784935580573.7468
11,"[{""range"": 0.6523680556075462, ""doppler"": 0.0, ""angle"": -29.382562834487082, ""elevation"": 0.0}, {""range"": 1.31105816938654, ""doppler"": 0.0, ""angle"": -32.85777335678776, ""elevation"": 0.0}, {""range"": 1.3418741997703292, ""doppler"": 0.0, ""angle"": -30.166305463825744, ""elevation"": 0.0}, {""range"": 1.3600937780579838, ""doppler"": 0.0, ""angle"": -30.732512843173392, ""elevation"": 0.0}, {""range"": 0.6249343373497058, ""doppler"": 0.0, ""angle"": -19.124476538732907, ""elevation"": 0.0}, {""range"": 0.6364114784338588, ""doppler"": 0.0, ""angle"": -21.164649841730217, ""elevation"": 0.0}, {""range"": 1.3992375914955133, ""doppler"": 0.0, ""angle"": -23.793727564689654, ""elevation"": 0.0}, {""range"": 1.1710603330812948, ""doppler"": 0.0, ""angle"": 3.475374195936912, ""elevation"": 0.0}, {""range"": 1.1835859780293903, ""doppler"": 0.0, ""angle"": 0.30296624758706714, ""elevation"": 0.0}, {""range"": 1.2103471935950565, ""doppler"": 0.0, ""angle"": -1.6339177774968912, ""elevation"": 0.0}, {""range"": 0.509082862775456, ""doppler"": 0.0, ""angle"": 12.454590419685664, ""elevation"": 0.0}]",1784935580573.9893
10,"[{""range"": 1.34496206765096, ""doppler"": 0.0, ""angle"": -30.30139953378993, ""elevation"": 0.0}, {""range"": 1.3661715992807304, ""doppler"": 0.0, ""angle"": -30.485316768687525, ""elevation"": 0.0}, {""range"": 1.4039884046795164, ""doppler"": 0.0, ""angle"": -23.97953026372783, ""elevation"": 0.0}, {""range"": 1.4462061110016502, ""doppler"": 0.0, ""angle"": -15.489981992264969, ""elevation"": 0.0}, {""range"": 1.1761337517748056, ""doppler"": 0.0, ""angle"": 2.0998174662909475, ""elevation"": 0.0}, {""range"": 0.6596157379044209, ""doppler"": 0.0, ""angle"": 8.213572607230834, ""elevation"": 0.0}, {""range"": 0.6661084989064926, ""doppler"": 0.0, ""angle"": 10.56485482434159, ""elevation"": 0.0}, {""range"": 1.167626580473966, ""doppler"": 0.0, ""angle"": 3.863686610803985, ""elevation"": 0.0}, {""range"": 0.7108146283595439, ""doppler"": 0.0, ""angle"": 39.00646453742181, ""elevation"": 0.0}, {""range"": 0.745476407379429, ""doppler"": 0.0, ""angle"": 44.01843806717475, ""elevation"": 0.0}]",1784935580574.2222
12,"[{""range"": 1.3161207985099028, ""doppler"": 0.0, ""angle"": -26.37705986640356, ""elevation"": 0.0}, {""range"": 1.340686888044523, ""doppler"": 0.0, ""angle"": -28.93065011036112, ""elevation"": 0.0}, {""range"": 1.3650782349136568, ""doppler"": 0.0, ""angle"": -30.599492448773308, ""elevation"": 0.0}, {""range"": 1.3960817733712079, ""doppler"": 0.0, ""angle"": -26.551923492690207, ""elevation"": 0.0}, {""range"": 1.438077401935761, ""doppler"": 0.0, ""angle"": -18.358350232844128, ""elevation"": 0.0}, {""range"": 0.6579489026056187, ""doppler"": 0.0, ""angle"": -4.3330197584838634, ""elevation"": 0.0}, {""range"": 0.6451068006412738, ""doppler"": 0.0, ""angle"": -1.1276615122563345, ""elevation"": 0.0}, {""range"": 1.1753682019130893, ""doppler"": 0.0, ""angle"": 1.769763169228312, ""elevation"": 0.0}, {""range"": 1.2056483873582164, ""doppler"": 0.0, ""angle"": -1.1982683644602603, ""elevation"": 0.0}, {""range"": 1.165021320255523, ""doppler"": 0.0, ""angle"": 3.7930158020727225, ""elevation"": 0.0}, {""range"": 0.6966886450472175, ""doppler"": 0.0, ""angle"": 39.87712017178389, ""elevation"": 0.0}, {""range"": 0.6764690189700006, ""doppler"": 0.0, ""angle"": 44.6573003588455, ""elevation"": 0.0}]",1784935580574.451
10,"[{""range"": 1.313320971144199, ""doppler"": 0.0, ""angle"": -28.362044822723384, ""elevation"": 0.0}, {""range"": 1.3403524674413452, ""doppler"": 0.0, ""angle"": -28.23345497348894, ""elevation"": 0.0}, {""range"": 1.3651323413023915, ""doppler"": 0.0, ""angle"": -30.336929955638166, ""elevation"": 0.0}, {""range"": 1.397994979199428, ""doppler"": 0.0, ""angle"": -28.495822638991438, ""elevation"": 0.0}, {""range"": 1.4364510773097556, ""doppler"": 0.0, ""angle"": -22.846455075252297, ""elevation"": 0.0}, {""range"": 0.649559380678266, ""doppler"": 0.0, ""angle"": -17.577022865594287, ""elevation"": 0.0}, {""range"": 0.6174762327845372, ""doppler"": 0.0, ""angle"": 0.5807366377141457, ""elevation"": 0.0}, {""range"": 0.6285279522845991, ""doppler"": 0.0, ""angle"": -3.343487984178456, ""elevation"": 0.0}, {""range"": 1.161409374126099, ""doppler"": 0.0, ""angle"": 1.0409852239655653, ""elevation"": 0.0}, {""range"": 1.1741653438756539, ""doppler"": 0.0, ""angle"": -1.1867649085651983, ""elevation"": 0.0}]",1784935580574.6729
10,"[{""range"": 1.3206583334379693, ""doppler"": 0.0, ""angle"": -29.83148161988096, ""elevation"": 0.0}, {""range"": 1.3405615780472286, ""doppler"": 0.0, ""angle"": -27.59729586864372, ""elevation"": 0.0}, {""range"": 1.3656956230495456, ""doppler"": 0.0, ""angle"": -29.47503715228591, ""elevation"": 0.0}, {""range"": 1.3969670819228432, ""doppler"": 0.0, ""angle"": -27.447363329908278, ""elevation"": 0.0}, {""range"": 0.6208045113563889, ""doppler"": 0.0, ""angle"": -23.781518494954586, ""elevation"": 0.0}, {""range"": 1.4365238189232363, ""doppler"": 0.0, ""angle"": -20.08608294788387, ""elevation"": 0.0}, {""range"": 1.1785226101255977, ""doppler"": 0.0, ""angle"": 1.3301986961340202, ""elevation"": 0.0}, {""range"": 0.6614658075964608, ""doppler"": 0.0, ""angle"": 14.272908402391264, ""elevation"": 0.0}, {""range"": 0.6759692022180325, ""doppler"": 0.0, ""angle"": 13.55468499370604, ""elevation"": 0.0}, {""range"": 0.6955752641557875, ""doppler"": 0.0, ""angle"": 13.528961506365224, ""elevation"": 0.0}]",1784935580574.9
9,"[{""range"": 0.6227743297725808, ""doppler"": 0.0, ""angle"": -28.353123400863456, ""elevation"": 0.0}, {""range"": 0.6403039611151059, ""doppler"": 0.0, ""angle"": -26.557895465923355, ""elevation"": 0.0}, {""range"": 1.3466654521069517, ""doppler"": 0.0, ""angle"": -27.20470668103514, ""elevation"": 0.0}, {""range"": 1.3675768723069988, ""doppler"": 0.0, ""angle"": -28.26726786269913, ""elevation"": 0.0}, {""range"": 0.6523609241976758, ""doppler"": 0.0, ""angle"": -24.60512391795162, ""elevation"": 0.0}, {""range"": 1.3972101705348887, ""doppler"": 0.0, ""angle"": -25.32211014645796, ""elevation"": 0.0}, {""range"": 1.1658164564529878, ""doppler"": 0.0, ""angle"": 2.3998464215589785, ""elevation"": 0.0}, {""range"": 1.1787882327649013, ""doppler"": 0.0, ""angle"": 2.060298485989107, ""elevation"": 0.0}, {""range"": 0.7476592076980713, ""doppler"": 0.0, ""angle"": 20.320281249934283, ""elevation"": 0.0}]",1784935580575.125
8,"[{""range"": 1.344765922173314, ""doppler"": 0.0, ""angle"": -28.0030228732682, ""elevation"": 0.0}, {""range"": 1.3666676941361868, ""doppler"": 0.0, ""angle"": -28.63738268549536, ""elevation"": 0.0}, {""range"": 1.4007385636346332, ""doppler"": 0.0, ""angle"": -24.255092226391234, ""elevation"": 0.0}, {""range"": 1.4417603856813301, ""doppler"": 0.0, ""angle"": -18.234952601163, ""elevation"": 0.0}, {""range"": 1.1791784943773702, ""doppler"": 0.0, ""angle"": 1.1990995248633605, ""elevation"": 0.0}, {""range"": 0.6205799354840242, ""doppler"": 0.0, ""angle"": 15.081364028696356, ""elevation"": 0.0}, {""range"": 0.6409588656110077, ""doppler"": 0.0, ""angle"": 15.567747640177478, ""elevation"": 0.0}, {""range"": 0.6658882061086437, ""doppler"": 0.0, ""angle"": 13.827271901849265, ""elevation"": 0.0}]",1784935580575.338
11,"[{""range"": 1.3672234677556085, ""doppler"": 0.0, ""angle"": -26.34387186703512, ""elevation"": 0.0}, {""range"": 1.3109508444703033, ""doppler"": 0.0, ""angle"": -23.130862611535584, ""elevation"": 0.0}, {""range"": 1.3413453005151144, ""doppler"": 0.0, ""angle"": -24.535613789697308, ""elevation"": 0.0}, {""range"": 1.39939782718792, ""doppler"": 0.0, ""angle"": -24.07919596813937, ""elevation"": 0.0}, {""range"": 1.4325540607694063, ""doppler"": 0.0, ""angle"": -18.73347943221992, ""elevation"": 0.0}, {""range"": 0.627490529898679, ""doppler"": 0.0, ""angle"": -12.424321347951793, ""elevation"": 0.0}, {""range"": 0.6523203153366862, ""doppler"": 0.0, ""angle"": -0.267001425716245, ""elevation"": 0.0}, {""range"": 1.1814086027052837, ""doppler"": 0.0, ""angle"": 0.9539741651213318, ""elevation"": 0.0}, {""range"": 0.6690924489986292, ""doppler"": 0.0, ""angle"": 3.938338400754992, ""elevation"": 0.0}, {""range"": 0.6971791113323933, ""doppler"": 0.0, ""angle"": 7.1013208252266375, ""elevation"": 0.0}, {""range"": 1.1662865639096462, ""doppler"": 0.0, ""angle"": 4.414201443901702, ""elevation"": 0.0}]",1784935580575.561
9,"[{""range"": 1.3665417247956544, ""doppler"": 0.0, ""angle"": -27.349646153312932, ""elevation"": 0.0}, {""range"": 1.4000258313488665, ""doppler"": 0.0, ""angle"": -26.218145458544452, ""elevation"": 0.0}, {""range"": 1.3161694958220955, ""doppler"": 0.0, ""angle"": -24.702288790935008, ""elevation"": 0.0}, {""range"": 1.3401416302196, ""doppler"": 0.0, ""angle"": -25.24181348496263, ""elevation"": 0.0}, {""range"": 1.4408299563568057, ""doppler"": 0.0, ""angle"": -21.904402341912185, ""elevation"": 0.0}, {""range"": 1.4810930640294167, ""doppler"": 0.0, ""angle"": -20.97543114437705, ""elevation"": 0.0}, {""range"": 1.1725980304201058, ""doppler"": 0.0, ""angle"": 2.3772143535371533, ""elevation"": 0.0}, {""range"": 0.6546511231288288, ""doppler"": 0.0, ""angle"": 9.099548982675078, ""elevation"": 0.0}, {""range"": 0.6426292432821281, ""doppler"": 0.0, ""angle"": 11.475644225562503, ""elevation"": 0.0}]",1784935580575.778
10,"[{""range"": 1.3658407614684875, ""doppler"": 0.0, ""angle"": -27.779502215048936, ""elevation"": 0.0}, {""range"": 1.3976826436448726, ""doppler"": 0.0, ""angle"": -26.650283421527742, ""elevation"": 0.0}, {""range"": 1.3145600726280018, ""doppler"": 0.0, ""angle"": -24.152408546986592, ""elevation"": 0.0}, {""range"": 1.3408389424602778, ""doppler"": 0.0, ""angle"": -25.447576576241737, ""elevation"": 0.0}, {""range"": 1.4386448832511003, ""doppler"": 0.0, ""angle"": -22.23913675806959, ""elevation"": 0.0}, {""range"": 1.16434145139978, ""doppler"": 0.0, ""angle"": 2.9226046164491044, ""elevation"": 0.0}, {""range"": 1.175972581867238, ""doppler"": 0.0, ""angle"": 1.8734523242448367, ""elevation"": 0.0}, {""range"": 0.6249416282416319, ""doppler"": 0.0, ""angle"": 10.801936068239486, ""elevation"": 0.0}, {""range"": 0.6297203527428857, ""doppler"": 0.0, ""angle"": 15.228006912419517, ""elevation"": 0.0}, {""range"": 0.6683824002516948, ""doppler"": 0.0, ""angle"": 41.279654021254615, ""elevation"": 0.0}]",1784935580575.9922
10,"[{""range"": 0.6412674815283785, ""doppler"": 0.0, ""angle"": -26.76511044963098, ""elevation"": 0.0}, {""range"": 1.3658315612813514, ""doppler"": 0.0, ""angle"": -26.038370223007124, ""elevation"": 0.0}, {""range"": 1.3074603548445702, ""doppler"": 0.0, ""angle"": -23.40951952035124, ""elevation"": 0.0}, {""range"": 1.3444454777942567, ""doppler"": 0.0, ""angle"": -24.877862081853284, ""elevation"": 0.0}, {""range"": 1.3951483598603733, ""doppler"": 0.0, ""angle"": -24.794630498539114, ""elevation"": 0.0}, {""range"": 1.4358861916613312, ""doppler"": 0.0, ""angle"": -21.968355530524054, ""elevation"": 0.0}, {""range"": 1.217950380078285, ""doppler"": 0.0, ""angle"": -5.915662471335055, ""elevation"": 0.0}, {""range"": 1.1636365103337323, ""doppler"": 0.0, ""angle"": 3.100711241097494, ""elevation"": 0.0}, {""range"": 1.1789430646530972, ""doppler"": 0.0, ""angle"": 0.35630163485253014, ""elevation"": 0.0}, {""range"": 0.7894156256238919, ""doppler"": 0.0, ""angle"": 27.609843190884483, ""elevation"": 0.0}]",1784935580576.2073
10,"[{""range"": 0.6327148825906278, ""doppler"": 0.0, ""angle"": -28.622090440246495, ""elevation"": 0.0}, {""range"": 0.6403745172470572, ""doppler"": 0.0, ""angle"": -30.991194409256387, ""elevation"": 0.0}, {""range"": 1.3109406736952394, ""doppler"": 0.0, ""angle"": -26.918055539263253, ""elevation"": 0.0}, {""range"": 1.336267809435491, ""doppler"": 0.0, ""angle"": -26.667916020802014, ""elevation"": 0.0}, {""range"": 1.3590535896785758, ""doppler"": 0.0, ""angle"": -27.802428723510875, ""elevation"": 0.0}, {""range"": 1.4004301049383134, ""doppler"": 0.0, ""angle"": -23.668335637552413, ""elevation"": 0.0}, {""range"": 1.449166649739687, ""doppler"": 0.0, ""angle"": -18.973750704750557, ""elevation"": 0.0}, {""range"": 1.1817918979153272, ""doppler"": 0.0, ""angle"": 0.2427405398632837, ""elevation"": 0.0}, {""range"": 0.6720612950419799, ""doppler"": 0.0, ""angle"": 36.2235142741264, ""elevation"": 0.0}, {""range"": 0.6995833695951584, ""doppler"": 0.0, ""angle"": 43.964397324968026, ""elevation"": 0.0}]",1784935580576.4229
9,"[{""range"": 1.3510099928350838, ""doppler"": 0.0, ""angle"": -26.948283480454688, ""elevation"": 0.0}, {""range"": 1.3684007112873238, ""doppler"": 0.0, ""angle"": -28.785536695675276, ""elevation"": 0.0}, {""range"": 1.3994779552897427, ""doppler"": 0.0, ""angle"": -25.602462635002826, ""elevation"": 0.0}, {""range"": 1.4391044972797864, ""doppler"": 0.0, ""angle"": -20.05609473657542, ""elevation"": 0.0}, {""range"": 1.1841760788534845, ""doppler"": 0.0, ""angle"": -1.540210275733036, ""elevation"": 0.0}, {""range"": 0.6331892310499783, ""doppler"": 0.0, ""angle"": 10.74191206236803, ""elevation"": 0.0}, {""range"": 0.6515538360199044, ""doppler"": 0.0, ""angle"": 6.682277954237888, ""elevation"": 0.0}, {""range"": 0.6703049680597227, ""doppler"": 0.0, ""angle"": 5.8642007574490265, ""elevation"": 0.0}, {""range"": 0.6991244556373342, ""doppler"": 0.0, ""angle"": 5.150646104541409, ""elevation"": 0.0}]",1784935580576.666
9,"[{""range"": 1.3804445110760106, ""doppler"": 0.0, ""angle"": -28.005691368235553, ""elevation"": 0.0}, {""range"": 1.356637892477443, ""doppler"": 0.0, ""angle"": -25.740951305332793, ""elevation"": 0.0}, {""range"": 1.4067133105187877, ""doppler"": 0.0, ""angle"": -24.7374985233765, ""elevation"": 0.0}, {""range"": 1.4362619830762615, ""doppler"": 0.0, ""angle"": -19.95324402331547, ""elevation"": 0.0}, {""range"": 0.6370855164302197, ""doppler"": 0.0, ""angle"": -5.572978559969922, ""elevation"": 0.0}, {""range"": 0.6400118419159029, ""doppler"": 0.0, ""angle"": -4.53498622868284, ""elevation"": 0.0}, {""range"": 0.6468015405485851, ""doppler"": 0.0, ""angle"": -5.250357991690337, ""elevation"": 0.0}, {""range"": 1.1808438041472602, ""doppler"": 0.0, ""angle"": -0.8676571204792084, ""elevation"": 0.0}, {""range"": 0.7021098106928524, ""doppler"": 0.0, ""angle"": 41.75835598499827, ""elevation"": 0.0}]",1784935580576.8782
9,"[{""range"": 1.3528614756203294, ""doppler"": 0.0, ""angle"": -27.018883055606814, ""elevation"": 0.0}, {""range"": 1.3695682814302064, ""doppler"": 0.0, ""angle"": -28.010441394530293, ""elevation"": 0.0}, {""range"": 1.4002834253926697, ""doppler"": 0.0, ""angle"": -24.673449124237738, ""elevation"": 0.0}, {""range"": 1.4387838295905084, ""doppler"": 0.0, ""angle"": -18.799741735263378, ""elevation"": 0.0}, {""range"": 0.6316198715251654, ""doppler"": 0.0, ""angle"": -7.630015760856002, ""elevation"": 0.0}, {""range"": 0.6511060035682553, ""doppler"": 0.0, ""angle"": -5.579073297472363, ""elevation"": 0.0}, {""range"": 0.6643267122136273, ""doppler"": 0.0, ""angle"": -0.5706255049402886, ""elevation"": 0.0}, {""range"": 1.1847707300941124, ""doppler"": 0.0, ""angle"": -2.1623838401883804, ""elevation"": 0.0}, {""range"": 0.6917537170560127, ""doppler"": 0.0, ""angle"": 7.6651106236381095, ""elevation"": 0.0}]",1784935580577.1091
9,"[{""range"": 1.341387051383058, ""doppler"": 0.0, ""angle"": -26.69484943014315, ""elevation"": 0.0}, {""range"": 1.3541862706023742, ""doppler"": 0.0, ""angle"": -28.44320580791065, ""elevation"": 0.0}, {""range"": 1.3098674451624706, ""doppler"": 0.0, ""angle"": -23.67102914083948, ""elevation"": 0.0}, {""range"": 1.390082044175021, ""doppler"": 0.0, ""angle"": -24.03283274669279, ""elevation"": 0.0}, {""range"": 1.187197206425742, ""doppler"": 0.0, ""angle"": -2.68485270227426, ""elevation"": 0.0}, {""range"": 0.616661623779512, ""doppler"": 0.0, ""angle"": 11.779132190693819, ""elevation"": 0.0}, {""range"": 0.6404272420197381, ""doppler"": 0.0, ""angle"": 11.629947189781678, ""elevation"": 0.0}, {""range"": 0.6685437879251872, ""doppler"": 0.0, ""angle"": 27.51086997721667, ""elevation"": 0.0}, {""range"": 0.7093321816674731, ""doppler"": 0.0, ""angle"": 46.53215375416163, ""elevation"": 0.0}]",1784935580577.3289
6,"[{""range"": 1.3458639567799975, ""doppler"": 0.0, ""angle"": -26.66718258319028, ""elevation"": 0.0}, {""range"": 1.3617158358232049, ""doppler"": 0.0, ""angle"": -28.237568286868473, ""elevation"": 0.0}, {""range"": 1.3935125471358145, ""doppler"": 0.0, ""angle"": -24.736628444649092, ""elevation"": 0.0}, {""range"": 1.1808280448754906, ""doppler"": 0.0, ""angle"": 0.8156049500605219, ""elevation"": 0.0}, {""range"": 0.6872303388802019, ""doppler"": 0.0, ""angle"": 35.650324743664214, ""elevation"": 0.0}, {""range"": 0.6955251109156083, ""doppler"": 0.0, ""angle"": 40.01491976153582, ""elevation"": 0.0}]",1784935580577.538
10,"[{""range"": 1.368195154437368, ""doppler"": 0.0, ""angle"": -28.236346031530594, ""elevation"": 0.0}, {""range"": 1.3992261772156347, ""doppler"": 0.0, ""angle"": -27.49833799746777, ""elevation"": 0.0}, {""range"": 1.341902507352367, ""doppler"": 0.0, ""angle"": -25.578232548785106, ""elevation"": 0.0}, {""range"": 1.4410133144601605, ""doppler"": 0.0, ""angle"": -23.807282754714652, ""elevation"": 0.0}, {""range"": 1.4864494439449358, ""doppler"": 0.0, ""angle"": -22.94699317484413, ""elevation"": 0.0}, {""range"": 0.6638757200847457, ""doppler"": 0.0, ""angle"": 2.8716531930257205, ""elevation"": 0.0}, {""range"": 0.6738076581543242, ""doppler"": 0.0, ""angle"": 3.011988344137181, ""elevation"": 0.0}, {""range"": 0.6927548371019657, ""doppler"": 0.0, ""angle"": 2.959153614646314, ""elevation"": 0.0}, {""range"": 1.1805298110998694, ""doppler"": 0.0, ""angle"": -0.03471419115555262, ""elevation"": 0.0}, {""range"": 0.6449974024211386, ""doppler"": 0.0, ""angle"": 3.5921876667487216, ""elevation"": 0.0}]",1784935580577.759
10,"[{""range"": 1.368493226913548, ""doppler"": 0.0, ""angle"": -27.442283439653618, ""elevation"": 0.0}, {""range"": 1.3967940115671196, ""doppler"": 0.0, ""angle"": -27.923200862308107, ""elevation"": 0.0}, {""range"": 1.4338489432329609, ""doppler"": 0.0, ""angle"": -26.245501899611046, ""elevation"": 0.0}, {""range"": 1.311109810502939, ""doppler"": 0.0, ""angle"": -24.425846945153623, ""elevation"": 0.0}, {""range"": 1.343593017148164, ""doppler"": 0.0, ""angle"": -24.433226533780424, ""elevation"": 0.0}, {""range"": 0.6273379235248926, ""doppler"": 0.0, ""angle"": -7.0237334784171495, ""elevation"": 0.0}, {""range"": 0.6501892018540252, ""doppler"": 0.0, ""angle"": -6.0304502224479055, ""elevation"": 0.0}, {""range"": 0.6766273200859122, ""doppler"": 0.0, ""angle"": -2.2718493444454624, ""elevation"": 0.0}, {""range"": 0.7259572002225466, ""doppler"": 0.0, ""angle"": 13.112032514671927, ""elevation"": 0.0}, {""range"": 0.7540698098075002, ""doppler"": 0.0, ""angle"": 13.647401333847235, ""elevation"": 0.0}]",1784935580654.8538
9,"[{""range"": 1.3657741933220864, ""doppler"": 0.0, ""angle"": -26.524794180707243, ""elevation"": 0.0}, {""range"": 1.3082647378984757, ""doppler"": 0.0, ""angle"": -24.20739221253927, ""elevation"": 0.0}, {""range"": 1.3419737502234395, ""doppler"": 0.0, ""angle"": -24.649301530153522, ""elevation"": 0.0}, {""range"": 1.3984974815093647, ""doppler"": 0.0, ""angle"": -25.467439619827992, ""elevation"": 0.0}, {""range"": 1.4391599641407105, ""doppler"": 0.0, ""angle"": -20.716021385940493, ""elevation"": 0.0}, {""range"": 0.6622083572302716, ""doppler"": 0.0, ""angle"": 0.7735930036765213, ""elevation"": 0.0}, {""range"": 0.6758997362528051, ""doppler"": 0.0, ""angle"": 1.819264892134184, ""elevation"": 0.0}, {""range"": 0.6267673274057447, ""doppler"": 0.0, ""angle"": 8.002958408196625, ""elevation"": 0.0}, {""range"": 0.6935443610942433, ""doppler"": 0.0, ""angle"": 4.969740728110304, ""elevation"": 0.0}]",1784935580741.759
8,"[{""range"": 1.3406112359794329, ""doppler"": 0.0, ""angle"": -26.19935294530686, ""elevation"": 0.0}, {""range"": 1.3612590423935917, ""doppler"": 0.0, ""angle"": -28.581627674346972, ""elevation"": 0.0}, {""range"": 1.400416451419897, ""doppler"": 0.0, ""angle"": -23.812440084963452, ""elevation"": 0.0}, {""range"": 0.7523266435301066, ""doppler"": 0.0, ""angle"": 3.3792556117461596, ""elevation"": 0.0}, {""range"": 1.1837487314401878, ""doppler"": 0.0, ""angle"": 0.05192969530908404, ""elevation"": 0.0}, {""range"": 0.6678482371910178, ""doppler"": 0.0, ""angle"": 5.608320241528697, ""elevation"": 0.0}, {""range"": 0.6819220075690346, ""doppler"": 0.0, ""angle"": 7.609535703946533, ""elevation"": 0.0}, {""range"": 0.7068742804610687, ""doppler"": 0.0, ""angle"": 6.959624705270143, ""elevation"": 0.0}]",1784935580841.18
9,"[{""range"": 1.3518502432092299, ""doppler"": 0.0, ""angle"": -27.151410844025865, ""elevation"": 0.0}, {""range"": 1.3448408174591637, ""doppler"": 0.0, ""angle"": -24.29200704461211, ""elevation"": 0.0}, {""range"": 1.4642384034900071, ""doppler"": 0.0, ""angle"": -21.724750099678822, ""elevation"": 0.0}, {""range"": 1.187727446691714, ""doppler"": 0.0, ""angle"": -1.4924590213535842, ""elevation"": 0.0}, {""range"": 1.1635467911514188, ""doppler"": 0.0, ""angle"": 3.76253195807606, ""elevation"": 0.0}, {""range"": 0.659923744521543, ""doppler"": 0.0, ""angle"": 17.01598123680264, ""elevation"": 0.0}, {""range"": 0.6779780252340201, ""doppler"": 0.0, ""angle"": 23.766092663334604, ""elevation"": 0.0}, {""range"": 0.7033037551595334, ""doppler"": 0.0, ""angle"": 31.515885574107116, ""elevation"": 0.0}, {""range"": 0.7464096517591446, ""doppler"": 0.0, ""angle"": 30.109221223527992, ""elevation"": 0.0}]",1784935580941.576
13,"[{""range"": 1.3809972408449724, ""doppler"": 0.0, ""angle"": -30.942127322261744, ""elevation"": 0.0}, {""range"": 1.410577548930002, ""doppler"": 0.0, ""angle"": -29.571009828814528, ""elevation"": 0.0}, {""range"": 1.3397100470679992, ""doppler"": 0.0, ""angle"": -24.786357021908252, ""elevation"": 0.0}, {""range"": 1.4373444443951102, ""doppler"": 0.0, ""angle"": -25.085791688653615, ""elevation"": 0.0}, {""range"": 1.2832793505909001, ""doppler"": 0.0, ""angle"": -16.389540334034784, ""elevation"": 0.0}, {""range"": 1.2247931799094862, ""doppler"": 0.0, ""angle"": -6.825166124172266, ""elevation"": 0.0}, {""range"": 1.1887540939909171, ""doppler"": 0.0, ""angle"": -0.9911775750107856, ""elevation"": 0.0}, {""range"": 0.6454095441729938, ""doppler"": 0.0, ""angle"": 5.118258778925763, ""elevation"": 0.0}, {""range"": 0.6675590467043623, ""doppler"": 0.0, ""angle"": 8.31676117701894, ""elevation"": 0.0}, {""range"": 0.5746278913972388, ""doppler"": 0.0, ""angle"": 16.00417334165526, ""elevation"": 0.0}, {""range"": 0.6071283181397027, ""doppler"": 0.0, ""angle"": 12.329299204344606, ""elevation"": 0.0}, {""range"": 0.6991574983589832, ""doppler"": 0.0, ""angle"": 15.866894794202306, ""elevation"": 0.0}, {""range"": 2.529535595633763, ""doppler"": 0.0, ""angle"": 55.98753197272685, ""elevation"": 0.0}]",1784935581052.132
11,"[{""range"": 0.6206213332002793, ""doppler"": 0.0, ""angle"": -33.804530733766526, ""elevation"": 0.0}, {""range"": 1.3744190475430995, ""doppler"": 0.0, ""angle"": -27.96198835138565, ""elevation"": 0.0}, {""range"": 1.4066466649353044, ""doppler"": 0.0, ""angle"": -27.210004567401686, ""elevation"": 0.0}, {""range"": 1.350243542798672, ""doppler"": 0.0, ""angle"": -24.61350558392462, ""elevation"": 0.0}, {""range"": 1.442027963831795, ""doppler"": 0.0, ""angle"": -22.49143237524529, ""elevation"": 0.0}, {""range"": 1.4823493967916128, ""doppler"": 0.0, ""angle"": -19.549682149897958, ""elevation"": 0.0}, {""range"": 1.187274285303511, ""doppler"": 0.0, ""angle"": -1.6397808832963696, ""elevation"": 0.0}, {""range"": 0.6617069739407829, ""doppler"": 0.0, ""angle"": 10.116506296486252, ""elevation"": 0.0}, {""range"": 0.7090969093820296, ""doppler"": 0.0, ""angle"": 17.644491770459258, ""elevation"": 0.0}, {""range"": 0.6835976258916332, ""doppler"": 0.0, ""angle"": 18.799885158652657, ""elevation"": 0.0}, {""range"": 2.514492232362101, ""doppler"": 0.0, ""angle"": 52.963047859534036, ""elevation"": 0.0}]",1784935581145.532
10,"[{""range"": 0.5556255085931316, ""doppler"": 0.0, ""angle"": -31.899837441760234, ""elevation"": 0.0}, {""range"": 0.5823101235720157, ""doppler"": 0.0, ""angle"": -28.64275558766983, ""elevation"": 0.0}, {""range"": 1.3412753234798247, ""doppler"": 0.0, ""angle"": -18.60403368476618, ""elevation"": 0.0}, {""range"": 1.3724882253927058, ""doppler"": 0.0, ""angle"": -23.666136750717463, ""elevation"": 0.0}, {""range"": 1.4104202269368575, ""doppler"": 0.0, ""angle"": -25.639172200098134, ""elevation"": 0.0}, {""range"": 1.4529912085274932, ""doppler"": 0.0, ""angle"": -21.58274435714739, ""elevation"": 0.0}, {""range"": 1.4881970027986484, ""doppler"": 0.0, ""angle"": -21.320727877432688, ""elevation"": 0.0}, {""range"": 0.6608263637102701, ""doppler"": 0.0, ""angle"": 8.605893497320091, ""elevation"": 0.0}, {""range"": 0.692787583631926, ""doppler"": 0.0, ""angle"": 21.850840265462384, ""elevation"": 0.0}, {""range"": 0.7131159111027043, ""doppler"": 0.0, ""angle"": 23.653234517784313, ""elevation"": 0.0}]",1784935581252.2869
8,"[{""range"": 1.3670816453226937, ""doppler"": 0.0, ""angle"": -26.933723231142327, ""elevation"": 0.0}, {""range"": 1.399128209386738, ""doppler"": 0.0, ""angle"": -26.37511387492017, ""elevation"": 0.0}, {""range"": 1.3425904862957208, ""doppler"": 0.0, ""angle"": -23.62544519186002, ""elevation"": 0.0}, {""range"": 1.438702523608421, ""doppler"": 0.0, ""angle"": -21.808021351572773, ""elevation"": 0.0}, {""range"": 1.1858695573982916, ""doppler"": 0.0, ""angle"": 0.9244633372498131, ""elevation"": 0.0}, {""range"": 0.6480962981932192, ""doppler"": 0.0, ""angle"": 6.654425046006596, ""elevation"": 0.0}, {""range"": 0.7125602685635157, ""doppler"": 0.0, ""angle"": 25.49116244592231, ""elevation"": 0.0}, {""range"": 0.6896493908924012, ""doppler"": 0.0, ""angle"": 28.8843391126539, ""elevation"": 0.0}]",1784935581342.008
8,"[{""range"": 1.362978057960331, ""doppler"": 0.0, ""angle"": -28.43108661366404, ""elevation"": 0.0}, {""range"": 1.3948530607418241, ""doppler"": 0.0, ""angle"": -28.657941859498372, ""elevation"": 0.0}, {""range"": 1.3388930206798568, ""doppler"": 0.0, ""angle"": -23.086056860206693, ""elevation"": 0.0}, {""range"": 1.439246709447533, ""doppler"": 0.0, ""angle"": -22.26010433302373, ""elevation"": 0.0}, {""range"": 1.2986553011406745, ""doppler"": 0.0, ""angle"": -18.10563768405902, ""elevation"": 0.0}, {""range"": 1.1897007619065785, ""doppler"": 0.0, ""angle"": 0.5339298812661094, ""elevation"": 0.0}, {""range"": 1.2231495411626583, ""doppler"": 0.0, ""angle"": 0.5779641362897804, ""elevation"": 0.0}, {""range"": 0.6792419057678819, ""doppler"": 0.0, ""angle"": 33.81556917875301, ""elevation"": 0.0}]",1784935581442.419
9,"[{""range"": 1.3651827918211186, ""doppler"": 0.0, ""angle"": -27.743161342273705, ""elevation"": 0.0}, {""range"": 1.3957066753469538, ""doppler"": 0.0, ""angle"": -26.223637635399196, ""elevation"": 0.0}, {""range"": 1.3392926016342632, ""doppler"": 0.0, ""angle"": -23.32013079033182, ""elevation"": 0.0}, {""range"": 1.438257842945491, ""doppler"": 0.0, ""angle"": -22.72342825948732, ""elevation"": 0.0}, {""range"": 1.2946883225393717, ""doppler"": 0.0, ""angle"": -12.158869163303759, ""elevation"": 0.0}, {""range"": 1.1895419140156192, ""doppler"": 0.0, ""angle"": 2.308854584082494, ""elevation"": 0.0}, {""range"": 1.2241635376853657, ""doppler"": 0.0, ""angle"": -0.1339075084859602, ""elevation"": 0.0}, {""range"": 0.6564361088407963, ""doppler"": 0.0, ""angle"": 11.836409486252906, ""elevation"": 0.0}, {""range"": 0.673795130356411, ""doppler"": 0.0, ""angle"": 12.833920518999346, ""elevation"": 0.0}]",1784935581542.037
12,"[{""range"": 0.5398879522045513, ""doppler"": 0.0, ""angle"": -28.356022096677105, ""elevation"": 0.0}, {""range"": 1.3656694475628481, ""doppler"": 0.0, ""angle"": -27.081729215851578, ""elevation"": 0.0}, {""range"": 1.4016089998438832, ""doppler"": 0.0, ""angle"": -28.781971964234526, ""elevation"": 0.0}, {""range"": 0.527794067610555, ""doppler"": 0.0, ""angle"": -23.247018804564377, ""elevation"": 0.0}, {""range"": 1.3389745129250787, ""doppler"": 0.0, ""angle"": -21.036961673287898, ""elevation"": 0.0}, {""range"": 1.448090398076624, ""doppler"": 0.0, ""angle"": -22.644899672198143, ""elevation"": 0.0}, {""range"": 1.4884900769904352, ""doppler"": 0.0, ""angle"": -20.204803716626028, ""elevation"": 0.0}, {""range"": 1.1909304568963208, ""doppler"": 0.0, ""angle"": -0.40433287303895515, ""elevation"": 0.0}, {""range"": 1.2213850540959594, ""doppler"": 0.0, ""angle"": -0.6794642138939113, ""elevation"": 0.0}, {""range"": 0.7065012994068391, ""doppler"": 0.0, ""angle"": 21.857959327921556, ""elevation"": 0.0}, {""range"": 0.6665098412557826, ""doppler"": 0.0, ""angle"": 28.490234885401144, ""elevation"": 0.0}, {""range"": 0.6827696969220833, ""doppler"": 0.0, ""angle"": 31.975162240069672, ""elevation"": 0.0}]",1784935581651.9912
15,"[{""range"": 0.529235357041439, ""doppler"": 0.0, ""angle"": -26.270696483099332, ""elevation"": 0.0}, {""range"": 1.3640488798408337, ""doppler"": 0.0, ""angle"": -26.15860965559327, ""elevation"": 0.0}, {""range"": 1.3378273261680549, ""doppler"": 0.0, ""angle"": -20.3436171807741, ""elevation"": 0.0}, {""range"": 1.4044553760845448, ""doppler"": 0.0, ""angle"": -24.659485341147217, ""elevation"": 0.0}, {""range"": 0.5014830651307564, ""doppler"": 0.0, ""angle"": -16.063259413933558, ""elevation"": 0.0}, {""range"": 1.4492154655329919, ""doppler"": 0.0, ""angle"": -17.929700246075793, ""elevation"": 0.0}, {""range"": 1.2876215724504068, ""doppler"": 0.0, ""angle"": -4.260787610870015, ""elevation"": 0.0}, {""range"": 1.1954054019745863, ""doppler"": 0.0, ""angle"": 3.1641416335950288, ""elevation"": 0.0}, {""range"": 0.636297997335514, ""doppler"": 0.0, ""angle"": 6.292183004178541, ""elevation"": 0.0}, {""range"": 0.6580594031819913, ""doppler"": 0.0, ""angle"": 6.427876141226554, ""elevation"": 0.0}, {""range"": 0.6748174677766439, ""doppler"": 0.0, ""angle"": 8.334077473462202, ""elevation"": 0.0}, {""range"": 0.7032114588540758, ""doppler"": 0.0, ""angle"": 6.673237512136785, ""elevation"": 0.0}, {""range"": 1.2250457031029938, ""doppler"": 0.0, ""angle"": 4.587926664895714, ""elevation"": 0.0}, {""range"": 0.09158695408445851, ""doppler"": 0.0, ""angle"": 68.94642623894264, ""elevation"": 0.0}, {""range"": 2.523191877243624, ""doppler"": 0.0, ""angle"": 54.9234880226919, ""elevation"": 0.0}]",1784935581751.3862
9,"[{""range"": 1.3658997067440917, ""doppler"": 0.0, ""angle"": -26.095424157388344, ""elevation"": 0.0}, {""range"": 0.500343787415845, ""doppler"": 0.0, ""angle"": -20.786118640314832, ""elevation"": 0.0}, {""range"": 1.33996316503565, ""doppler"": 0.0, ""angle"": -21.06166468580885, ""elevation"": 0.0}, {""range"": 1.4031149325029746, ""doppler"": 0.0, ""angle"": -24.363582535292274, ""elevation"": 0.0}, {""range"": 1.4489169077887967, ""doppler"": 0.0, ""angle"": -16.777808559655746, ""elevation"": 0.0}, {""range"": 0.6578318703272471, ""doppler"": 0.0, ""angle"": 7.7798960921639635, ""elevation"": 0.0}, {""range"": 0.6824458576962297, ""doppler"": 0.0, ""angle"": 6.363401840507886, ""elevation"": 0.0}, {""range"": 0.7117733522039439, ""doppler"": 0.0, ""angle"": 7.76775911563852, ""elevation"": 0.0}, {""range"": 2.522978975095063, ""doppler"": 0.0, ""angle"": 58.76254957725616, ""elevation"": 0.0}]",1784935581841.517
10,"[{""range"": 0.5313308549250718, ""doppler"": 0.0, ""angle"": -37.06657754607193, ""elevation"": 0.0}, {""range"": 0.5223878552760701, ""doppler"": 0.0, ""angle"": -34.103473362621266, ""elevation"": 0.0}, {""range"": 1.3402840608093387, ""doppler"": 0.0, ""angle"": -21.39259684919533, ""elevation"": 0.0}, {""range"": 1.3626404729449004, ""doppler"": 0.0, ""angle"": -22.954738147134496, ""elevation"": 0.0}, {""range"": 1.401451914502504, ""doppler"": 0.0, ""angle"": -21.22173781749759, ""elevation"": 0.0}, {""range"": 1.4448122739137277, ""doppler"": 0.0, ""angle"": -18.973132097493522, ""elevation"": 0.0}, {""range"": 1.1920188046319111, ""doppler"": 0.0, ""angle"": 0.49851055439402914, ""elevation"": 0.0}, {""range"": 1.2179063273375683, ""doppler"": 0.0, ""angle"": 1.7079315520764262, ""elevation"": 0.0}, {""range"": 2.524283421925631, ""doppler"": 0.0, ""angle"": 52.2631330975189, ""elevation"": 0.0}, {""range"": 2.538194532396628, ""doppler"": 0.0, ""angle"": 54.652828823247475, ""elevation"": 0.0}]",1784935581946.0261
12,"[{""range"": 0.5385582420069338, ""doppler"": 0.0, ""angle"": -42.12012941617025, ""elevation"": 0.0}, {""range"": 1.3411009907676366, ""doppler"": 0.0, ""angle"": -18.509838908236514, ""elevation"": 0.0}, {""range"": 1.3656277717812955, ""doppler"": 0.0, ""angle"": -23.849751635618833, ""elevation"": 0.0}, {""range"": 1.4011466593465596, ""doppler"": 0.0, ""angle"": -24.906900558993833, ""elevation"": 0.0}, {""range"": 1.4433523726556758, ""doppler"": 0.0, ""angle"": -21.405972466655008, ""elevation"": 0.0}, {""range"": 1.1936139788521574, ""doppler"": 0.0, ""angle"": -2.0261081104716547, ""elevation"": 0.0}, {""range"": 1.2238542579218927, ""doppler"": 0.0, ""angle"": -1.481890025808388, ""elevation"": 0.0}, {""range"": 0.631689803175987, ""doppler"": 0.0, ""angle"": 12.19104289500399, ""elevation"": 0.0}, {""range"": 0.6616214400274989, ""doppler"": 0.0, ""angle"": 15.117946999106321, ""elevation"": 0.0}, {""range"": 0.6722575676279147, ""doppler"": 0.0, ""angle"": 19.40368393422407, ""elevation"": 0.0}, {""range"": 0.68636987414015, ""doppler"": 0.0, ""angle"": 19.955050364302487, ""elevation"": 0.0}, {""range"": 2.514178361445624, ""doppler"": 0.0, ""angle"": 61.453608810604116, ""elevation"": 0.0}]",1784935582055.9202
8,"[{""range"": 1.3366532842677628, ""doppler"": 0.0, ""angle"": -20.92744973025173, ""elevation"": 0.0}, {""range"": 1.3633090627677669, ""doppler"": 0.0, ""angle"": -24.585136848153322, ""elevation"": 0.0}, {""range"": 1.399972616743769, ""doppler"": 0.0, ""angle"": -22.95931896373269, ""elevation"": 0.0}, {""range"": 1.299306700310853, ""doppler"": 0.0, ""angle"": -17.524776880764506, ""elevation"": 0.0}, {""range"": 1.4441931953588205, ""doppler"": 0.0, ""angle"": -17.39846062821539, ""elevation"": 0.0}, {""range"": 0.6596976301813428, ""doppler"": 0.0, ""angle"": -2.7654620819452163, ""elevation"": 0.0}, {""range"": 0.6753830941861405, ""doppler"": 0.0, ""angle"": -0.16686571160821054, ""elevation"": 0.0}, {""range"": 1.2279669615170359, ""doppler"": 0.0, ""angle"": 0.5256346064576132, ""elevation"": 0.0}]",1784935582141.665
8,"[{""range"": 1.3683434977744762, ""doppler"": 0.0, ""angle"": -28.43716799388994, ""elevation"": 0.0}, {""range"": 1.401685385938989, ""doppler"": 0.0, ""angle"": -27.19921146271053, ""elevation"": 0.0}, {""range"": 1.3426011436761338, ""doppler"": 0.0, ""angle"": -22.85290218922713, ""elevation"": 0.0}, {""range"": 1.4538917092255759, ""doppler"": 0.0, ""angle"": -20.008392569555898, ""elevation"": 0.0}, {""range"": 1.4955375859773612, ""doppler"": 0.0, ""angle"": -18.978708375762388, ""elevation"": 0.0}, {""range"": 0.637039165582209, ""doppler"": 0.0, ""angle"": 7.873090736518882, ""elevation"": 0.0}, {""range"": 0.6550980451640023, ""doppler"": 0.0, ""angle"": 6.22102360466693, ""elevation"": 0.0}, {""range"": 0.6687683456587934, ""doppler"": 0.0, ""angle"": 6.077966458226349, ""elevation"": 0.0}]",1784935582245.852
10,"[{""range"": 1.3636549585970963, ""doppler"": 0.0, ""angle"": -26.124891696615492, ""elevation"": 0.0}, {""range"": 1.3432115453630307, ""doppler"": 0.0, ""angle"": -23.264691754211466, ""elevation"": 0.0}, {""range"": 1.3982258606690863, ""doppler"": 0.0, ""angle"": -22.84644960246675, ""elevation"": 0.0}, {""range"": 1.4474239132662412, ""doppler"": 0.0, ""angle"": -14.436246456371206, ""elevation"": 0.0}, {""range"": 0.3607311757949608, ""doppler"": 0.0, ""angle"": 4.549007591161953, ""elevation"": 0.0}, {""range"": 0.3676541466319919, ""doppler"": 0.0, ""angle"": 5.0783742070237805, ""elevation"": 0.0}, {""range"": 0.3774895986409902, ""doppler"": 0.0, ""angle"": 5.5998689653787945, ""elevation"": 0.0}, {""range"": 0.40374095666647014, ""doppler"": 0.0, ""angle"": 6.3570055318440915, ""elevation"": 0.0}, {""range"": 0.7164024682410121, ""doppler"": 0.0, ""angle"": 22.404249108465184, ""elevation"": 0.0}, {""range"": 0.6926999791572398, ""doppler"": 0.0, ""angle"": 29.84761439806493, ""elevation"": 0.0}]",1784935582356.1658
9,"[{""range"": 1.333868353137977, ""doppler"": 0.0, ""angle"": -18.257638273412024, ""elevation"": 0.0}, {""range"": 1.3702455900654005, ""doppler"": 0.0, ""angle"": -24.427866022984077, ""elevation"": 0.0}, {""range"": 1.4141980768792493, ""doppler"": 0.0, ""angle"": -21.86194738535713, ""elevation"": 0.0}, {""range"": 1.4542681246951792, ""doppler"": 0.0, ""angle"": -16.04603694505648, ""elevation"": 0.0}, {""range"": 0.4138561497099314, ""doppler"": 0.0, ""angle"": 7.622453675102133, ""elevation"": 0.0}, {""range"": 0.6593925971122768, ""doppler"": 0.0, ""angle"": 23.64539182988478, ""elevation"": 0.0}, {""range"": 0.679737081716115, ""doppler"": 0.0, ""angle"": 34.3882011736683, ""elevation"": 0.0}, {""range"": 0.6926276440356797, ""doppler"": 0.0, ""angle"": 42.34234480544831, ""elevation"": 0.0}, {""range"": 2.5230935896507947, ""doppler"": 0.0, ""angle"": 60.92449266233437, ""elevation"": 0.0}]",1784935582441.591
8,"[{""range"": 0.6813993032276653, ""doppler"": 0.0, ""angle"": 2.511758562227014, ""elevation"": 0.0}, {""range"": 1.1880580000281147, ""doppler"": 0.0, ""angle"": 1.7508541865428378, ""elevation"": 0.0}, {""range"": 1.2210572381505758, ""doppler"": 0.0, ""angle"": -0.7887321416357319, ""elevation"": 0.0}, {""range"": 0.6390558097343284, ""doppler"": 0.0, ""angle"": 8.123300591751176, ""elevation"": 0.0}, {""range"": 0.6583580360627235, ""doppler"": 0.0, ""angle"": 6.518918252875031, ""elevation"": 0.0}, {""range"": 0.6636045295869017, ""doppler"": 0.0, ""angle"": 4.6367111301213, ""elevation"": 0.0}, {""range"": 1.164985956379548, ""doppler"": 0.0, ""angle"": 3.766690569131009, ""elevation"": 0.0}, {""range"": 2.5159330382417706, ""doppler"": 0.0, ""angle"": 57.15589443270201, ""elevation"": 0.0}]",1784935582541.975
12,"[{""range"": 1.3618081481694098, ""doppler"": 0.0, ""angle"": -26.962067665141564, ""elevation"": 0.0}, {""range"": 1.3365960155581602, ""doppler"": 0.0, ""angle"": -22.496042293715014, ""elevation"": 0.0}, {""range"": 1.401419060211534, ""doppler"": 0.0, ""angle"": -21.638502839884826, ""elevation"": 0.0}, {""range"": 0.5201045735099729, ""doppler"": 0.0, ""angle"": -7.904452811387155, ""elevation"": 0.0}, {""range"": 0.5468216068011369, ""doppler"": 0.0, ""angle"": -5.686357134205279, ""elevation"": 0.0}, {""range"": 1.1897407124415795, ""doppler"": 0.0, ""angle"": -2.110259893611875, ""elevation"": 0.0}, {""range"": 1.2211056810143077, ""doppler"": 0.0, ""angle"": -3.240332504465006, ""elevation"": 0.0}, {""range"": 0.615889651934095, ""doppler"": 0.0, ""angle"": 4.212432211303995, ""elevation"": 0.0}, {""range"": 0.6439020006982477, ""doppler"": 0.0, ""angle"": 6.4737317164129395, ""elevation"": 0.0}, {""range"": 0.6611683849759648, ""doppler"": 0.0, ""angle"": 9.668668661083636, ""elevation"": 0.0}, {""range"": 0.6975688342171561, ""doppler"": 0.0, ""angle"": 15.065760828024684, ""elevation"": 0.0}, {""range"": 2.5150370563213973, ""doppler"": 0.0, ""angle"": 57.29292108196109, ""elevation"": 0.0}]",1784935582652.041
13,"[{""range"": 1.3669733975896914, ""doppler"": 0.0, ""angle"": -26.57510659633472, ""elevation"": 0.0}, {""range"": 0.5141818856041702, ""doppler"": 0.0, ""angle"": -19.354929564225927, ""elevation"": 0.0}, {""range"": 1.3470840901098413, ""doppler"": 0.0, ""angle"": -20.831105576289907, ""elevation"": 0.0}, {""range"": 1.3957860303110028, ""doppler"": 0.0, ""angle"": -25.025318741068563, ""elevation"": 0.0}, {""range"": 0.5387913391589538, ""doppler"": 0.0, ""angle"": -11.466559442599118, ""elevation"": 0.0}, {""range"": 1.4395871417522008, ""doppler"": 0.0, ""angle"": -17.0237198438985, ""elevation"": 0.0}, {""range"": 1.1887221394215128, ""doppler"": 0.0, ""angle"": 2.1810672375470337, ""elevation"": 0.0}, {""range"": 1.2224307645676993, ""doppler"": 0.0, ""angle"": -0.5615410056623786, ""elevation"": 0.0}, {""range"": 0.619482546063913, ""doppler"": 0.0, ""angle"": 4.221123255224877, ""elevation"": 0.0}, {""range"": 0.6544276575885304, ""doppler"": 0.0, ""angle"": 3.979654062950441, ""elevation"": 0.0}, {""range"": 0.6638097331304509, ""doppler"": 0.0, ""angle"": 3.8305013761318873, ""elevation"": 0.0}, {""range"": 0.7025328454600642, ""doppler"": 0.0, ""angle"": 26.20634580407705, ""elevation"": 0.0}, {""range"": 2.5161227413062326, ""doppler"": 0.0, ""angle"": 58.70593762515332, ""elevation"": 0.0}]",1784935582745.61
13,"[{""range"": 0.5487047106081586, ""doppler"": 0.0, ""angle"": -27.291543769338286, ""elevation"": 0.0}, {""range"": 1.3622161940349786, ""doppler"": 0.0, ""angle"": -26.12106318167309, ""elevation"": 0.0}, {""range"": 1.3330820698337549, ""doppler"": 0.0, ""angle"": -21.65441338846718, ""elevation"": 0.0}, {""range"": 1.4034505279468723, ""doppler"": 0.0, ""angle"": -25.177422497723136, ""elevation"": 0.0}, {""range"": 1.4417307231720355, ""doppler"": 0.0, ""angle"": -21.974276764305763, ""elevation"": 0.0}, {""range"": 1.3002872876332503, ""doppler"": 0.0, ""angle"": -17.635107545971476, ""elevation"": 0.0}, {""range"": 0.6252042227235547, ""doppler"": 0.0, ""angle"": -8.387344144918305, ""elevation"": 0.0}, {""range"": 0.6582143108535441, ""doppler"": 0.0, ""angle"": -0.046695816485290295, ""elevation"": 0.0}, {""range"": 0.6691246332746325, ""doppler"": 0.0, ""angle"": 0.16842644555191305, ""elevation"": 0.0}, {""range"": 0.6878523958266153, ""doppler"": 0.0, ""angle"": -1.7280351355705024, ""elevation"": 0.0}, {""range"": 1.1887550488490919, ""doppler"": 0.0, ""angle"": -0.008618498658385591, ""elevation"": 0.0}, {""range"": 1.2293453823435685, ""doppler"": 0.0, ""angle"": -1.6920346109288764, ""elevation"": 0.0}, {""range"": 2.5195876639017376, ""doppler"": 0.0, ""angle"": 62.27649550324705, ""elevation"": 0.0}]",1784935582852.195
12,"[{""range"": 1.3051431607745125, ""doppler"": 0.0, ""angle"": -18.616161853474573, ""elevation"": 0.0}, {""range"": 1.3435048556773028, ""doppler"": 0.0, ""angle"": -22.209242057152185, ""elevation"": 0.0}, {""range"": 1.368542432070848, ""doppler"": 0.0, ""angle"": -24.971214975137674, ""elevation"": 0.0}, {""range"": 1.400195830466344, ""doppler"": 0.0, ""angle"": -23.864421839682702, ""elevation"": 0.0}, {""range"": 1.4366817321166574, ""doppler"": 0.0, ""angle"": -19.364085646827412, ""elevation"": 0.0}, {""range"": 0.5699778233637302, ""doppler"": 0.0, ""angle"": -6.665732444569208, ""elevation"": 0.0}, {""range"": 0.6208533360034879, ""doppler"": 0.0, ""angle"": -0.3465428276905782, ""elevation"": 0.0}, {""range"": 0.6551858947664321, ""doppler"": 0.0, ""angle"": 1.9237390672189982, ""elevation"": 0.0}, {""range"": 0.6704141713067848, ""doppler"": 0.0, ""angle"": 2.7212227524597687, ""elevation"": 0.0}, {""range"": 0.6898344251905241, ""doppler"": 0.0, ""angle"": 5.354438765204166, ""elevation"": 0.0}, {""range"": 2.5212900815758865, ""doppler"": 0.0, ""angle"": 62.34271165790075, ""elevation"": 0.0}, {""range"": 2.5352813073120517, ""doppler"": 0.0, ""angle"": 63.81266211335863, ""elevation"": 0.0}]",1784935582955.8699
14,"[{""range"": 1.3688547244155018, ""doppler"": 0.0, ""angle"": -28.47665686068309, ""elevation"": 0.0}, {""range"": 1.4019352854943419, ""doppler"": 0.0, ""angle"": -27.235051143907143, ""elevation"": 0.0}, {""range"": 1.306231322956475, ""doppler"": 0.0, ""angle"": -19.779393818372476, ""elevation"": 0.0}, {""range"": 1.3376391700770935, ""doppler"": 0.0, ""angle"": -23.484212184558743, ""elevation"": 0.0}, {""range"": 1.4424139925081243, ""doppler"": 0.0, ""angle"": -21.153781205362208, ""elevation"": 0.0}, {""range"": 0.6949773271171239, ""doppler"": 0.0, ""angle"": 1.0025001055622473, ""elevation"": 0.0}, {""range"": 1.1850154172207303, ""doppler"": 0.0, ""angle"": 1.0375402948144885, ""elevation"": 0.0}, {""range"": 0.6655190877438446, ""doppler"": 0.0, ""angle"": 9.667319705141729, ""elevation"": 0.0}, {""range"": 0.6776997391780197, ""doppler"": 0.0, ""angle"": 4.555234971322702, ""elevation"": 0.0}, {""range"": 0.5908355503764074, ""doppler"": 0.0, ""angle"": 31.409837362364115, ""elevation"": 0.0}, {""range"": 0.5650278694382581, ""doppler"": 0.0, ""angle"": 37.852719276922315, ""elevation"": 0.0}, {""range"": 0.75979505196236, ""doppler"": 0.0, ""angle"": 40.083536141709516, ""elevation"": 0.0}, {""range"": 2.5196135710968397, ""doppler"": 0.0, ""angle"": 64.3205767547477, ""elevation"": 0.0}, {""range"": 2.533780312790128, ""doppler"": 0.0, ""angle"": 65.00655696199532, ""elevation"": 0.0}]",1784935583045.55
12,"[{""range"": 1.3657545745892505, ""doppler"": 0.0, ""angle"": -27.10518159269917, ""elevation"": 0.0}, {""range"": 1.3981895917842133, ""doppler"": 0.0, ""angle"": -26.19802763944258, ""elevation"": 0.0}, {""range"": 1.3372022360925995, ""doppler"": 0.0, ""angle"": -23.09195078869653, ""elevation"": 0.0}, {""range"": 1.4377532248976919, ""doppler"": 0.0, ""angle"": -19.356632040091842, ""elevation"": 0.0}, {""range"": 1.3001683636207746, ""doppler"": 0.0, ""angle"": -16.57319855290365, ""elevation"": 0.0}, {""range"": 0.566410404185239, ""doppler"": 0.0, ""angle"": -7.838484242584172, ""elevation"": 0.0}, {""range"": 0.6019486325919204, ""doppler"": 0.0, ""angle"": -1.6171333231765286, ""elevation"": 0.0}, {""range"": 1.1867946020645297, ""doppler"": 0.0, ""angle"": 0.18992052624388137, ""elevation"": 0.0}, {""range"": 0.74870096828143, ""doppler"": 0.0, ""angle"": 24.600240318901132, ""elevation"": 0.0}, {""range"": 0.7301144611910525, ""doppler"": 0.0, ""angle"": 32.3861694071565, ""elevation"": 0.0}, {""range"": 0.7095141558952464, ""doppler"": 0.0, ""angle"": 35.408425527635245, ""elevation"": 0.0}, {""range"": 2.5180702545410147, ""doppler"": 0.0, ""angle"": 65.44963899045523, ""elevation"": 0.0}]",1784935583155.385
15,"[{""range"": 0.5749104919119379, ""doppler"": 0.0, ""angle"": -30.64896451683634, ""elevation"": 0.0}, {""range"": 0.588427293153566, ""doppler"": 0.0, ""angle"": -28.932842295220414, ""elevation"": 0.0}, {""range"": 1.3597136787074229, ""doppler"": 0.0, ""angle"": -26.854846802542838, ""elevation"": 0.0}, {""range"": 1.3334542583197726, ""doppler"": 0.0, ""angle"": -25.334846815330515, ""elevation"": 0.0}, {""range"": 1.4001925421246462, ""doppler"": 0.0, ""angle"": -19.98310652189998, ""elevation"": 0.0}, {""range"": 1.2822500988087122, ""doppler"": 0.0, ""angle"": -16.403067526982305, ""elevation"": 0.0}, {""range"": 1.222206151757352, ""doppler"": 0.0, ""angle"": -7.008565899414497, ""elevation"": 0.0}, {""range"": 1.187842392406573, ""doppler"": 0.0, ""angle"": -2.199946239294098, ""elevation"": 0.0}, {""range"": 0.6778641915309241, ""doppler"": 0.0, ""angle"": 10.779348824428418, ""elevation"": 0.0}, {""range"": 0.6936096628120824, ""doppler"": 0.0, ""angle"": 7.242271641635107, ""elevation"": 0.0}, {""range"": 0.6659977975009236, ""doppler"": 0.0, ""angle"": 14.554861327253837, ""elevation"": 0.0}, {""range"": 0.7473141130333621, ""doppler"": 0.0, ""angle"": 32.84972377416955, ""elevation"": 0.0}, {""range"": 2.4969915336101938, ""doppler"": 0.0, ""angle"": 67.50827659953443, ""elevation"": 0.0}, {""range"": 2.5162731973411825, ""doppler"": 0.0, ""angle"": 66.28762449821379, ""elevation"": 0.0}, {""range"": 2.5362751418946496, ""doppler"": 0.0, ""angle"": 64.35812016709369, ""elevation"": 0.0}]",1784935583252.22
15,"[{""range"": 1.3665355827915167, ""doppler"": 0.0, ""angle"": -26.115760617243964, ""elevation"": 0.0}, {""range"": 1.2951934674077648, ""doppler"": 0.0, ""angle"": -18.647571346502826, ""elevation"": 0.0}, {""range"": 1.3331533403584097, ""doppler"": 0.0, ""angle"": -23.752589539219912, ""elevation"": 0.0}, {""range"": 1.4082234345514304, ""doppler"": 0.0, ""angle"": -21.920297044968457, ""elevation"": 0.0}, {""range"": 1.4820757548297514, ""doppler"": 0.0, ""angle"": -18.260067169858775, ""elevation"": 0.0}, {""range"": 1.4457369445470711, ""doppler"": 0.0, ""angle"": -15.502488946892877, ""elevation"": 0.0}, {""range"": 1.2251312448201577, ""doppler"": 0.0, ""angle"": -6.149951469874585, ""elevation"": 0.0}, {""range"": 1.1885601746431596, ""doppler"": 0.0, ""angle"": -0.9482335725576821, ""elevation"": 0.0}, {""range"": 0.6740500062264655, ""doppler"": 0.0, ""angle"": 6.9327177221149565, ""elevation"": 0.0}, {""range"": 0.6861941569655433, ""doppler"": 0.0, ""angle"": 6.73425993149831, ""elevation"": 0.0}, {""range"": 0.6979694486574227, ""doppler"": 0.0, ""angle"": 9.392340454262152, ""elevation"": 0.0}, {""range"": 0.7498022857926676, ""doppler"": 0.0, ""angle"": 27.005027183742754, ""elevation"": 0.0}, {""range"": 2.501382007721829, ""doppler"": 0.0, ""angle"": 61.79716857092965, ""elevation"": 0.0}, {""range"": 2.5178146501387157, ""doppler"": 0.0, ""angle"": 63.67151890421454, ""elevation"": 0.0}, {""range"": 2.532036880118546, ""doppler"": 0.0, ""angle"": 63.9162929830906, ""elevation"": 0.0}]",1784935583345.6252
12,"[{""range"": 1.3529156806306952, ""doppler"": 0.0, ""angle"": -26.28057275586, ""elevation"": 0.0}, {""range"": 1.3739314416039572, ""doppler"": 0.0, ""angle"": -28.61641092842245, ""elevation"": 0.0}, {""range"": 1.3989129851484337, ""doppler"": 0.0, ""angle"": -26.17528998175993, ""elevation"": 0.0}, {""range"": 1.434089369755117, ""doppler"": 0.0, ""angle"": -21.904886435184142, ""elevation"": 0.0}, {""range"": 1.1637264836200165, ""doppler"": 0.0, ""angle"": 2.0164999534075143, ""elevation"": 0.0}, {""range"": 1.174605759944613, ""doppler"": 0.0, ""angle"": 0.9333291924153706, ""elevation"": 0.0}, {""range"": 0.6607373283669513, ""doppler"": 0.0, ""angle"": 4.828026178192568, ""elevation"": 0.0}, {""range"": 0.7089562091518382, ""doppler"": 0.0, ""angle"": 8.324255313669532, ""elevation"": 0.0}, {""range"": 0.6752425665913464, ""doppler"": 0.0, ""angle"": 21.353421126609835, ""elevation"": 0.0}, {""range"": 0.7678737557316603, ""doppler"": 0.0, ""angle"": 28.271838587457015, ""elevation"": 0.0}, {""range"": 2.5164291843192794, ""doppler"": 0.0, ""angle"": 61.994570738433445, ""elevation"": 0.0}, {""range"": 2.534225146693364, ""doppler"": 0.0, ""angle"": 64.90861557833588, ""elevation"": 0.0}]",1784935583451.989
13,"[{""range"": 1.3629657066169278, ""doppler"": 0.0, ""angle"": -27.93674034770797, ""elevation"": 0.0}, {""range"": 1.3344375476584531, ""doppler"": 0.0, ""angle"": -23.820612070701095, ""elevation"": 0.0}, {""range"": 1.3979394915252532, ""doppler"": 0.0, ""angle"": -24.604687995968398, ""elevation"": 0.0}, {""range"": 1.2917472327979538, ""doppler"": 0.0, ""angle"": -16.146945129666946, ""elevation"": 0.0}, {""range"": 1.224462372501174, ""doppler"": 0.0, ""angle"": -5.0603463472677, ""elevation"": 0.0}, {""range"": 0.6582258479149712, ""doppler"": 0.0, ""angle"": 0.3424319861701539, ""elevation"": 0.0}, {""range"": 1.1686433071505122, ""doppler"": 0.0, ""angle"": 0.7276654959817249, ""elevation"": 0.0}, {""range"": 1.183581912284246, ""doppler"": 0.0, ""angle"": -1.030139478911265, ""elevation"": 0.0}, {""range"": 0.6834914412366562, ""doppler"": 0.0, ""angle"": 21.921100262451873, ""elevation"": 0.0}, {""range"": 0.7402317224835048, ""doppler"": 0.0, ""angle"": 31.224859030947542, ""elevation"": 0.0}, {""range"": 0.705775971162523, ""doppler"": 0.0, ""angle"": 34.87785453397851, ""elevation"": 0.0}, {""range"": 2.519176330074069, ""doppler"": 0.0, ""angle"": 60.80042560709542, ""elevation"": 0.0}, {""range"": 2.5340620030992524, ""doppler"": 0.0, ""angle"": 59.201959986983475, ""elevation"": 0.0}]",1784935583551.6758
15,"[{""range"": 1.3663399601420445, ""doppler"": 0.0, ""angle"": -26.739426182108044, ""elevation"": 0.0}, {""range"": 1.3370279582042435, ""doppler"": 0.0, ""angle"": -22.19841101764031, ""elevation"": 0.0}, {""range"": 1.4018706936025203, ""doppler"": 0.0, ""angle"": -24.41068864735146, ""elevation"": 0.0}, {""range"": 1.293260960273236, ""doppler"": 0.0, ""angle"": -15.60044143284131, ""elevation"": 0.0}, {""range"": 1.443769218733443, ""doppler"": 0.0, ""angle"": -17.604633336664, ""elevation"": 0.0}, {""range"": 1.1709103026196865, ""doppler"": 0.0, ""angle"": 2.4944938187880576, ""elevation"": 0.0}, {""range"": 1.1824966693778893, ""doppler"": 0.0, ""angle"": 0.025992337327653783, ""elevation"": 0.0}, {""range"": 1.214109533976898, ""doppler"": 0.0, ""angle"": -3.377362252467533, ""elevation"": 0.0}, {""range"": 0.6359157007522865, ""doppler"": 0.0, ""angle"": 4.144157974772725, ""elevation"": 0.0}, {""range"": 0.6653585762809453, ""doppler"": 0.0, ""angle"": 4.192032822217464, ""elevation"": 0.0}, {""range"": 0.6785348911044858, ""doppler"": 0.0, ""angle"": 5.3680395232609985, ""elevation"": 0.0}, {""range"": 0.6948550274507721, ""doppler"": 0.0, ""angle"": 6.620253005157591, ""elevation"": 0.0}, {""range"": 0.7341901773127179, ""doppler"": 0.0, ""angle"": 14.110701878919429, ""elevation"": 0.0}, {""range"": 2.5193294212922095, ""doppler"": 0.0, ""angle"": 62.209071356213, ""elevation"": 0.0}, {""range"": 2.537674449563496, ""doppler"": 0.0, ""angle"": 61.6959629706743, ""elevation"": 0.0}]",1784935583651.886
12,"[{""range"": 1.365517734581848, ""doppler"": 0.0, ""angle"": -27.118697406991195, ""elevation"": 0.0}, {""range"": 1.3378808975319012, ""doppler"": 0.0, ""angle"": -23.179485552864726, ""elevation"": 0.0}, {""range"": 1.3994944624339718, ""doppler"": 0.0, ""angle"": -24.76082416592828, ""elevation"": 0.0}, {""range"": 1.2911905450528787, ""doppler"": 0.0, ""angle"": -16.708364377097965, ""elevation"": 0.0}, {""range"": 1.4444065980269691, ""doppler"": 0.0, ""angle"": -17.30663324702715, ""elevation"": 0.0}, {""range"": 0.6198792846646848, ""doppler"": 0.0, ""angle"": -5.2632616209666425, ""elevation"": 0.0}, {""range"": 0.6558142859928403, ""doppler"": 0.0, ""angle"": -9.52652920467397, ""elevation"": 0.0}, {""range"": 0.6718939947269951, ""doppler"": 0.0, ""angle"": -8.92585585462113, ""elevation"": 0.0}, {""range"": 1.2250998997919642, ""doppler"": 0.0, ""angle"": -6.057593964503438, ""elevation"": 0.0}, {""range"": 0.695394217368095, ""doppler"": 0.0, ""angle"": -3.420100280679793, ""elevation"": 0.0}, {""range"": 1.1853912882887068, ""doppler"": 0.0, ""angle"": 0.4321518555671827, ""elevation"": 0.0}, {""range"": 2.520370637721417, ""doppler"": 0.0, ""angle"": 60.84353052743311, ""elevation"": 0.0}]",1784935583751.801
9,"[{""range"": 1.3393863758677775, ""doppler"": 0.0, ""angle"": -21.399425165822926, ""elevation"": 0.0}, {""range"": 1.36820722487676, ""doppler"": 0.0, ""angle"": -24.994274819474814, ""elevation"": 0.0}, {""range"": 1.4073902707208024, ""doppler"": 0.0, ""angle"": -22.681461849088514, ""elevation"": 0.0}, {""range"": 1.448599140614268, ""doppler"": 0.0, ""angle"": -17.2920034558582, ""elevation"": 0.0}, {""range"": 0.6620206969341746, ""doppler"": 0.0, ""angle"": -2.414935955208203, ""elevation"": 0.0}, {""range"": 0.6692756182687081, ""doppler"": 0.0, ""angle"": 1.8066455846787797, ""elevation"": 0.0}, {""range"": 0.6935370767939661, ""doppler"": 0.0, ""angle"": 12.266028975553787, ""elevation"": 0.0}, {""range"": 2.520311258339639, ""doppler"": 0.0, ""angle"": 57.59646353284345, ""elevation"": 0.0}, {""range"": 2.5425724036446256, ""doppler"": 0.0, ""angle"": 59.297462314850925, ""elevation"": 0.0}]",1784935583842.756
11,"[{""range"": 1.3370380261922494, ""doppler"": 0.0, ""angle"": -24.83079973671249, ""elevation"": 0.0}, {""range"": 1.3683794361313575, ""doppler"": 0.0, ""angle"": -25.23898130284706, ""elevation"": 0.0}, {""range"": 1.4073351534793153, ""doppler"": 0.0, ""angle"": -22.256986636401408, ""elevation"": 0.0}, {""range"": 1.442717142808304, ""doppler"": 0.0, ""angle"": -18.574179493830034, ""elevation"": 0.0}, {""range"": 0.6336788414895658, ""doppler"": 0.0, ""angle"": -16.49173029041819, ""elevation"": 0.0}, {""range"": 1.4834317774508303, ""doppler"": 0.0, ""angle"": -16.844778852568375, ""elevation"": 0.0}, {""range"": 0.6677113673903079, ""doppler"": 0.0, ""angle"": 0.44497702179312637, ""elevation"": 0.0}, {""range"": 0.6844885529602377, ""doppler"": 0.0, ""angle"": 7.746964898407264, ""elevation"": 0.0}, {""range"": 0.7025144124268882, ""doppler"": 0.0, ""angle"": 13.003361568941564, ""elevation"": 0.0}, {""range"": 0.7419950513747979, ""doppler"": 0.0, ""angle"": 29.177987919287478, ""elevation"": 0.0}, {""range"": 2.5198559741561137, ""doppler"": 0.0, ""angle"": 60.781114171740555, ""elevation"": 0.0}]",1784935583955.513
13,"[{""range"": 0.5805612618897495, ""doppler"": 0.0, ""angle"": -38.38420414802986, ""elevation"": 0.0}, {""range"": 0.6060650019484735, ""doppler"": 0.0, ""angle"": -31.81902699051133, ""elevation"": 0.0}, {""range"": 1.3709874595897182, ""doppler"": 0.0, ""angle"": -26.291006724622896, ""elevation"": 0.0}, {""range"": 1.347014399334529, ""doppler"": 0.0, ""angle"": -25.112467532065956, ""elevation"": 0.0}, {""range"": 1.4051206241158192, ""doppler"": 0.0, ""angle"": -21.48457718298906, ""elevation"": 0.0}, {""range"": 1.442338799067977, ""doppler"": 0.0, ""angle"": -16.723057091479923, ""elevation"": 0.0}, {""range"": 0.6598859511182855, ""doppler"": 0.0, ""angle"": -7.473578064254474, ""elevation"": 0.0}, {""range"": 1.177944362252322, ""doppler"": 0.0, ""angle"": 1.5918647913639077, ""elevation"": 0.0}, {""range"": 0.6895167559121766, ""doppler"": 0.0, ""angle"": 6.791433650922532, ""elevation"": 0.0}, {""range"": 0.7007910631391009, ""doppler"": 0.0, ""angle"": 9.443094630572787, ""elevation"": 0.0}, {""range"": 0.7287897257850773, ""doppler"": 0.0, ""angle"": 15.628709164666617, ""elevation"": 0.0}, {""range"": 2.516528799487132, ""doppler"": 0.0, ""angle"": 58.816308518299415, ""elevation"": 0.0}, {""range"": 2.541136893861182, ""doppler"": 0.0, ""angle"": 59.09985624970544, ""elevation"": 0.0}]",1784935584056.0278
15,"[{""range"": 1.3619387812236483, ""doppler"": 0.0, ""angle"": -26.437211589944212, ""elevation"": 0.0}, {""range"": 0.6274617645632559, ""doppler"": 0.0, ""angle"": -21.043372486221124, ""elevation"": 0.0}, {""range"": 1.3012774684049624, ""doppler"": 0.0, ""angle"": -18.898045595121836, ""elevation"": 0.0}, {""range"": 1.331880726594979, ""doppler"": 0.0, ""angle"": -23.6086760023496, ""elevation"": 0.0}, {""range"": 1.4016044030862835, ""doppler"": 0.0, ""angle"": -23.153479514725763, ""elevation"": 0.0}, {""range"": 1.4424648766468187, ""doppler"": 0.0, ""angle"": -18.832502244205806, ""elevation"": 0.0}, {""range"": 0.6394206774995147, ""doppler"": 0.0, ""angle"": -17.3607155001615, ""elevation"": 0.0}, {""range"": 1.2326366031476457, ""doppler"": 0.0, ""angle"": -6.129080764968022, ""elevation"": 0.0}, {""range"": 1.1854818626096146, ""doppler"": 0.0, ""angle"": 0.8296892987692317, ""elevation"": 0.0}, {""range"": 0.6721278039037788, ""doppler"": 0.0, ""angle"": 10.65523747788413, ""elevation"": 0.0}, {""range"": 0.7017020593874953, ""doppler"": 0.0, ""angle"": 14.91448802512995, ""elevation"": 0.0}, {""range"": 0.7437414098843305, ""doppler"": 0.0, ""angle"": 16.452508683655438, ""elevation"": 0.0}, {""range"": 2.496460676907918, ""doppler"": 0.0, ""angle"": 62.289626375974656, ""elevation"": 0.0}, {""range"": 2.517149787006273, ""doppler"": 0.0, ""angle"": 61.499660047040415, ""elevation"": 0.0}, {""range"": 2.5384950675224163, ""doppler"": 0.0, ""angle"": 58.41259253616366, ""elevation"": 0.0}]",1784935584152.42
11,"[{""range"": 1.3736915307015285, ""doppler"": 0.0, ""angle"": -26.50167829508845, ""elevation"": 0.0}, {""range"": 1.3345022287396424, ""doppler"": 0.0, ""angle"": -22.599786032108685, ""elevation"": 0.0}, {""range"": 1.4080322979984454, ""doppler"": 0.0, ""angle"": -22.402694469944883, ""elevation"": 0.0}, {""range"": 1.2846839791652855, ""doppler"": 0.0, ""angle"": -16.79549078673761, ""elevation"": 0.0}, {""range"": 1.4483470931590514, ""doppler"": 0.0, ""angle"": -18.030062106525378, ""elevation"": 0.0}, {""range"": 0.6125546608270492, ""doppler"": 0.0, ""angle"": -4.302496255595437, ""elevation"": 0.0}, {""range"": 0.6439923954347184, ""doppler"": 0.0, ""angle"": 5.481056651234732, ""elevation"": 0.0}, {""range"": 0.7041344905281485, ""doppler"": 0.0, ""angle"": 17.956421476323047, ""elevation"": 0.0}, {""range"": 0.6761219691154612, ""doppler"": 0.0, ""angle"": 18.583494878395623, ""elevation"": 0.0}, {""range"": 2.5201645451152324, ""doppler"": 0.0, ""angle"": 59.79272440991669, ""elevation"": 0.0}, {""range"": 2.5349712843721592, ""doppler"": 0.0, ""angle"": 56.080140796131424, ""elevation"": 0.0}]",1784935584252.4119
11,"[{""range"": 0.612187386603678, ""doppler"": 0.0, ""angle"": -36.86655053873759, ""elevation"": 0.0}, {""range"": 1.3586872723258634, ""doppler"": 0.0, ""angle"": -27.708319050812406, ""elevation"": 0.0}, {""range"": 1.298660914757087, ""doppler"": 0.0, ""angle"": -19.99186868416736, ""elevation"": 0.0}, {""range"": 1.3285721895749059, ""doppler"": 0.0, ""angle"": -23.839560369831744, ""elevation"": 0.0}, {""range"": 1.4033429324181914, ""doppler"": 0.0, ""angle"": -23.115190602371108, ""elevation"": 0.0}, {""range"": 1.4541697642781861, ""doppler"": 0.0, ""angle"": -17.47464980626628, ""elevation"": 0.0}, {""range"": 1.1801882357993163, ""doppler"": 0.0, ""angle"": 1.041784487364726, ""elevation"": 0.0}, {""range"": 0.6606793763650791, ""doppler"": 0.0, ""angle"": 7.980974886921824, ""elevation"": 0.0}, {""range"": 0.6918247339196718, ""doppler"": 0.0, ""angle"": 8.93644191865343, ""elevation"": 0.0}, {""range"": 0.6694194045858537, ""doppler"": 0.0, ""angle"": 11.228891821538738, ""elevation"": 0.0}, {""range"": 2.5229507452022886, ""doppler"": 0.0, ""angle"": 60.39161731736037, ""elevation"": 0.0}]",1784935584351.9548
10,"[{""range"": 0.6136169444980647, ""doppler"": 0.0, ""angle"": -27.961503940711935, ""elevation"": 0.0}, {""range"": 1.3713958751649218, ""doppler"": 0.0, ""angle"": -26.224267423207447, ""elevation"": 0.0}, {""range"": 1.3455480631508625, ""doppler"": 0.0, ""angle"": -23.8364726342025, ""elevation"": 0.0}, {""range"": 1.4037716706266439, ""doppler"": 0.0, ""angle"": -24.26335259674565, ""elevation"": 0.0}, {""range"": 1.4413066100674212, ""doppler"": 0.0, ""angle"": -19.691598547110107, ""elevation"": 0.0}, {""range"": 0.6627221709193326, ""doppler"": 0.0, ""angle"": -1.979196138339196, ""elevation"": 0.0}, {""range"": 0.6707240123118378, ""doppler"": 0.0, ""angle"": 2.2765683064195206, ""elevation"": 0.0}, {""range"": 0.6873165936002754, ""doppler"": 0.0, ""angle"": 5.508874381673311, ""elevation"": 0.0}, {""range"": 0.830638843555096, ""doppler"": 0.0, ""angle"": 36.25317464557133, ""elevation"": 0.0}, {""range"": 2.5208961486572536, ""doppler"": 0.0, ""angle"": 60.05600079177893, ""elevation"": 0.0}]",1784935584451.6301
12,"[{""range"": 1.2988084112198413, ""doppler"": 0.0, ""angle"": -20.890262193019698, ""elevation"": 0.0}, {""range"": 1.3359136377715126, ""doppler"": 0.0, ""angle"": -23.04049053381035, ""elevation"": 0.0}, {""range"": 1.3713310572676733, ""doppler"": 0.0, ""angle"": -25.114834886144564, ""elevation"": 0.0}, {""range"": 1.4092619306233056, ""doppler"": 0.0, ""angle"": -23.067811150401536, ""elevation"": 0.0}, {""range"": 1.4423287678070977, ""doppler"": 0.0, ""angle"": -19.888433936400716, ""elevation"": 0.0}, {""range"": 1.4815030141054137, ""doppler"": 0.0, ""angle"": -21.036021520846383, ""elevation"": 0.0}, {""range"": 0.6275324907822589, ""doppler"": 0.0, ""angle"": 2.874634673997864, ""elevation"": 0.0}, {""range"": 0.6411822130554745, ""doppler"": 0.0, ""angle"": 3.2454193690005066, ""elevation"": 0.0}, {""range"": 0.6534657308464866, ""doppler"": 0.0, ""angle"": 4.535787843272476, ""elevation"": 0.0}, {""range"": 0.6995653844660478, ""doppler"": 0.0, ""angle"": 16.55896839843214, ""elevation"": 0.0}, {""range"": 2.5196400871492624, ""doppler"": 0.0, ""angle"": 62.511138077867, ""elevation"": 0.0}, {""range"": 2.5357374786824023, ""doppler"": 0.0, ""angle"": 60.967764646796645, ""elevation"": 0.0}]",1784935584551.817
13,"[{""range"": 1.3653115446177804, ""doppler"": 0.0, ""angle"": -27.2496682547708, ""elevation"": 0.0}, {""range"": 1.3074493498830044, ""doppler"": 0.0, ""angle"": -21.19897689073294, ""elevation"": 0.0}, {""range"": 1.3433964337676136, ""doppler"": 0.0, ""angle"": -24.67180618957195, ""elevation"": 0.0}, {""range"": 1.3986057927260975, ""doppler"": 0.0, ""angle"": -23.014873751310713, ""elevation"": 0.0}, {""range"": 1.4437206285128619, ""doppler"": 0.0, ""angle"": -15.399515512659999, ""elevation"": 0.0}, {""range"": 0.6999874674664338, ""doppler"": 0.0, ""angle"": 2.782005537252134, ""elevation"": 0.0}, {""range"": 0.7338687035004205, ""doppler"": 0.0, ""angle"": 1.829155780054275, ""elevation"": 0.0}, {""range"": 1.1804290106839512, ""doppler"": 0.0, ""angle"": 0.6596404863640773, ""elevation"": 0.0}, {""range"": 0.6650917883718542, ""doppler"": 0.0, ""angle"": 5.5542487018331546, ""elevation"": 0.0}, {""range"": 0.6758538947395553, ""doppler"": 0.0, ""angle"": 5.694000968037329, ""elevation"": 0.0}, {""range"": 1.1641893191462116, ""doppler"": 0.0, ""angle"": 5.08447774705335, ""elevation"": 0.0}, {""range"": 2.5258232522895234, ""doppler"": 0.0, ""angle"": 65.64131172875744, ""elevation"": 0.0}, {""range"": 2.5431657401714336, ""doppler"": 0.0, ""angle"": 64.25831964472553, ""elevation"": 0.0}]",1784935584645.74
11,"[{""range"": 1.3677922935564717, ""doppler"": 0.0, ""angle"": -27.255126594426315, ""elevation"": 0.0}, {""range"": 1.3075132385066839, ""doppler"": 0.0, ""angle"": -21.930909338889187, ""elevation"": 0.0}, {""range"": 1.3420923886113454, ""doppler"": 0.0, ""angle"": -25.185683982112074, ""elevation"": 0.0}, {""range"": 1.3982520212479155, ""doppler"": 0.0, ""angle"": -24.027957933504897, ""elevation"": 0.0}, {""range"": 1.439027497779086, ""doppler"": 0.0, ""angle"": -15.310692912954583, ""elevation"": 0.0}, {""range"": 0.6551844307029157, ""doppler"": 0.0, ""angle"": 1.3762104625666218, ""elevation"": 0.0}, {""range"": 0.677526587072978, ""doppler"": 0.0, ""angle"": -0.07560800508764819, ""elevation"": 0.0}, {""range"": 0.6237586234767875, ""doppler"": 0.0, ""angle"": 6.3365640531508545, ""elevation"": 0.0}, {""range"": 0.7180100917789736, ""doppler"": 0.0, ""angle"": 39.5534500967775, ""elevation"": 0.0}, {""range"": 0.7348973597844425, ""doppler"": 0.0, ""angle"": 35.06283042283403, ""elevation"": 0.0}, {""range"": 2.51917206542013, ""doppler"": 0.0, ""angle"": 64.25706746173836, ""elevation"": 0.0}]",1784935584752.278
9,"[{""range"": 1.3604965683679024, ""doppler"": 0.0, ""angle"": -26.618935395142906, ""elevation"": 0.0}, {""range"": 1.309668460661297, ""doppler"": 0.0, ""angle"": -21.766545672686174, ""elevation"": 0.0}, {""range"": 1.3385026607583046, ""doppler"": 0.0, ""angle"": -24.39771122345771, ""elevation"": 0.0}, {""range"": 1.3948040387284504, ""doppler"": 0.0, ""angle"": -21.24898420186073, ""elevation"": 0.0}, {""range"": 1.4410968197640992, ""doppler"": 0.0, ""angle"": -12.635993303909611, ""elevation"": 0.0}, {""range"": 0.6363327698734121, ""doppler"": 0.0, ""angle"": -1.078798082280371, ""elevation"": 0.0}, {""range"": 0.6558267672312033, ""doppler"": 0.0, ""angle"": -1.0779771760927144, ""elevation"": 0.0}, {""range"": 0.6693865418649233, ""doppler"": 0.0, ""angle"": 0.9183682510069052, ""elevation"": 0.0}, {""range"": 2.519621185210805, ""doppler"": 0.0, ""angle"": 60.14718773017277, ""elevation"": 0.0}]",1784935584841.511
11,"[{""range"": 1.308133926707662, ""doppler"": 0.0, ""angle"": -22.165002647937474, ""elevation"": 0.0}, {""range"": 1.3341997377644903, ""doppler"": 0.0, ""angle"": -22.588558364275947, ""elevation"": 0.0}, {""range"": 1.360305777309521, ""doppler"": 0.0, ""angle"": -23.29946326068254, ""elevation"": 0.0}, {""range"": 1.4035402776101698, ""doppler"": 0.0, ""angle"": -20.081019146279548, ""elevation"": 0.0}, {""range"": 1.4467925484977768, ""doppler"": 0.0, ""angle"": -15.14580893243183, ""elevation"": 0.0}, {""range"": 0.6556219668855015, ""doppler"": 0.0, ""angle"": 1.6410400249005008, ""elevation"": 0.0}, {""range"": 0.6689238325680471, ""doppler"": 0.0, ""angle"": 1.822919770611389, ""elevation"": 0.0}, {""range"": 0.6938055310879957, ""doppler"": 0.0, ""angle"": -0.26580325583263303, ""elevation"": 0.0}, {""range"": 0.641935673565386, ""doppler"": 0.0, ""angle"": 3.8172597615330717, ""elevation"": 0.0}, {""range"": 0.7541319692677639, ""doppler"": 0.0, ""angle"": 39.71859860447525, ""elevation"": 0.0}, {""range"": 2.5110156754456967, ""doppler"": 0.0, ""angle"": 62.044397021836176, ""elevation"": 0.0}]",1784935584952.136
9,"[{""range"": 1.3831810317566415, ""doppler"": 0.0, ""angle"": -26.05822730917017, ""elevation"": 0.0}, {""range"": 1.4071151287532557, ""doppler"": 0.0, ""angle"": -22.55993624715166, ""elevation"": 0.0}, {""range"": 1.4388234641742397, ""doppler"": 0.0, ""angle"": -18.67138123405559, ""elevation"": 0.0}, {""range"": 0.6267837539628976, ""doppler"": 0.0, ""angle"": -3.680335996049605, ""elevation"": 0.0}, {""range"": 0.6354694267430958, ""doppler"": 0.0, ""angle"": -3.2746269276842375, ""elevation"": 0.0}, {""range"": 0.6487009977320116, ""doppler"": 0.0, ""angle"": -3.5083573652744433, ""elevation"": 0.0}, {""range"": 0.7267478749582352, ""doppler"": 0.0, ""angle"": 49.7503964087537, ""elevation"": 0.0}, {""range"": 0.7357343384742595, ""doppler"": 0.0, ""angle"": 49.484798489764444, ""elevation"": 0.0}, {""range"": 2.5166066592095344, ""doppler"": 0.0, ""angle"": 59.89154925378136, ""elevation"": 0.0}]",1784935585041.4688
9,"[{""range"": 0.6444587409111734, ""doppler"": 0.0, ""angle"": -24.01898411862422, ""elevation"": 0.0}, {""range"": 1.3521451675584322, ""doppler"": 0.0, ""angle"": -22.95384028739956, ""elevation"": 0.0}, {""range"": 1.3787712635743108, ""doppler"": 0.0, ""angle"": -25.405201103067288, ""elevation"": 0.0}, {""range"": 1.4123046702397695, ""doppler"": 0.0, ""angle"": -22.912828396771655, ""elevation"": 0.0}, {""range"": 1.4453594908333385, ""doppler"": 0.0, ""angle"": -19.423520697054567, ""elevation"": 0.0}, {""range"": 1.4786696081293935, ""doppler"": 0.0, ""angle"": -19.122955938056183, ""elevation"": 0.0}, {""range"": 0.6978994923131633, ""doppler"": 0.0, ""angle"": 33.35619879777882, ""elevation"": 0.0}, {""range"": 0.7007696869451318, ""doppler"": 0.0, ""angle"": 37.43131632465422, ""elevation"": 0.0}, {""range"": 2.5188943206324863, ""doppler"": 0.0, ""angle"": 65.00128972918387, ""elevation"": 0.0}]",1784935585145.524
10,"[{""range"": 0.6196997027776558, ""doppler"": 0.0, ""angle"": -32.55741612269291, ""elevation"": 0.0}, {""range"": 0.6312241296657389, ""doppler"": 0.0, ""angle"": -31.681934402542556, ""elevation"": 0.0}, {""range"": 1.3451950750766888, ""doppler"": 0.0, ""angle"": -22.781563089725918, ""elevation"": 0.0}, {""range"": 1.3702281121798152, ""doppler"": 0.0, ""angle"": -23.748399473764515, ""elevation"": 0.0}, {""range"": 1.4020803327113789, ""doppler"": 0.0, ""angle"": -18.770008041531135, ""elevation"": 0.0}, {""range"": 1.445645147725427, ""doppler"": 0.0, ""angle"": -15.27563054027836, ""elevation"": 0.0}, {""range"": 0.7440486268753392, ""doppler"": 0.0, ""angle"": 9.824519071232478, ""elevation"": 0.0}, {""range"": 0.7289965371971151, ""doppler"": 0.0, ""angle"": 18.19495859645712, ""elevation"": 0.0}, {""range"": 0.705254670219755, ""doppler"": 0.0, ""angle"": 27.513613156692198, ""elevation"": 0.0}, {""range"": 2.521967900866696, ""doppler"": 0.0, ""angle"": 60.01375911491649, ""elevation"": 0.0}]",1784935585256.1392
12,"[{""range"": 1.3583805514716325, ""doppler"": 0.0, ""angle"": -23.301586929641157, ""elevation"": 0.0}, {""range"": 1.3781800104370237, ""doppler"": 0.0, ""angle"": -24.915845993601756, ""elevation"": 0.0}, {""range"": 1.409823456622643, ""doppler"": 0.0, ""angle"": -23.287332344506215, ""elevation"": 0.0}, {""range"": 1.4454376240664453, ""doppler"": 0.0, ""angle"": -20.41003732316828, ""elevation"": 0.0}, {""range"": 1.4805073413912964, ""doppler"": 0.0, ""angle"": -19.597033362099562, ""elevation"": 0.0}, {""range"": 0.6387390169377754, ""doppler"": 0.0, ""angle"": -0.4009997481026449, ""elevation"": 0.0}, {""range"": 0.6602792841779741, ""doppler"": 0.0, ""angle"": 3.6644131612083073, ""elevation"": 0.0}, {""range"": 0.6797705729424067, ""doppler"": 0.0, ""angle"": 11.055732891467985, ""elevation"": 0.0}, {""range"": 0.6917041650139631, ""doppler"": 0.0, ""angle"": 16.551699344730583, ""elevation"": 0.0}, {""range"": 0.744487450965277, ""doppler"": 0.0, ""angle"": 21.82696400029583, ""elevation"": 0.0}, {""range"": 0.829131368279723, ""doppler"": 0.0, ""angle"": 24.56974001892962, ""elevation"": 0.0}, {""range"": 2.522865185469878, ""doppler"": 0.0, ""angle"": 66.73848813442405, ""elevation"": 0.0}]",1784935585352.279
11,"[{""range"": 0.6630960769631489, ""doppler"": 0.0, ""angle"": -31.907117046406125, ""elevation"": 0.0}, {""range"": 1.381238834310033, ""doppler"": 0.0, ""angle"": -26.18025436735378, ""elevation"": 0.0}, {""range"": 0.6581659744398967, ""doppler"": 0.0, ""angle"": -20.749168140859055, ""elevation"": 0.0}, {""range"": 1.3502880021788997, ""doppler"": 0.0, ""angle"": -25.122778499341806, ""elevation"": 0.0}, {""range"": 1.4099860496105556, ""doppler"": 0.0, ""angle"": -24.133652782254735, ""elevation"": 0.0}, {""range"": 1.4342626882043368, ""doppler"": 0.0, ""angle"": -20.904681512909473, ""elevation"": 0.0}, {""range"": 0.6760685992172771, ""doppler"": 0.0, ""angle"": -7.324259448022616, ""elevation"": 0.0}, {""range"": 1.1790136863027458, ""doppler"": 0.0, ""angle"": -0.7212647496779775, ""elevation"": 0.0}, {""range"": 0.725962463521415, ""doppler"": 0.0, ""angle"": 42.06483763477368, ""elevation"": 0.0}, {""range"": 0.7704405403736235, ""doppler"": 0.0, ""angle"": 43.81512819085469, ""elevation"": 0.0}, {""range"": 2.5133372475220948, ""doppler"": 0.0, ""angle"": 55.77742132234713, ""elevation"": 0.0}]",1784935585452.194
