num_points,points,timestamp_ms
11,"[{""range"": 1.3909266675882856, ""doppler"": 0.0, ""angle"": -39.83669318562646, ""elevation"": 0.0}, {""range"": 1.3433951485031672, ""doppler"": 0.0, ""angle"": -26.319484722807008, ""elevation"": 0.0}, {""range"": 1.3581741255022814, ""doppler"": 0.0, ""angle"": -31.300116980452863, ""elevation"": 0.0}, {""range"": 0.5977112468372073, ""doppler"": 0.0, ""angle"": -15.246098586710211, ""elevation"": 0.0}, {""range"": 0.6325825421222506, ""doppler"": 0.0, ""angle"": -3.2409206794863215, ""elevation"": 0.0}, {""range"": 0.6431377436639041, ""doppler"": 0.0, ""angle"": 2.214843073478569, ""elevation"": 0.0}, {""range"": 1.1676012225060954, ""doppler"": 0.0, ""angle"": 2.782655574948181, ""elevation"": 0.0}, {""range"": 1.182666128915289, ""doppler"": 0.0, ""angle"": 0.9702878949215723, ""elevation"": 0.0}, {""range"": 1.198599885539315, ""doppler"": 0.0, ""angle"": -1.0172308817004783, ""elevation"": 0.0}, {""range"": 0.6610639664455626, ""doppler"": 0.0, ""angle"": 5.152334744142351, ""elevation"": 0.0}, {""range"": 0.6863951692361056, ""doppler"": 0.0, ""angle"": 6.3566749961781515, ""elevation"": 0.0}]",1784935228146.786
10,"[{""range"": 1.3440987777611242, ""doppler"": 0.0, ""angle"": -29.426264794513813, ""elevation"": 0.0}, {""range"": 0.5896104988504125, ""doppler"": 0.0, ""angle"": -24.054232715559355, ""elevation"": 0.0}, {""range"": 1.3371748811322228, ""doppler"": 0.0, ""angle"": -24.752130001939502, ""elevation"": 0.0}, {""range"": 1.1826681836406134, ""doppler"": 0.0, ""angle"": 1.3948575375126748, ""elevation"": 0.0}, {""range"": 1.1983165478570423, ""doppler"": 0.0, ""angle"": -1.5562423298701402, ""elevation"": 0.0}, {""range"": 1.16547770200044, ""doppler"": 0.0, ""angle"": 4.35555587398083, ""elevation"": 0.0}, {""range"": 0.622010098621672, ""doppler"": 0.0, ""angle"": 16.106033623501958, ""elevation"": 0.0}, {""range"": 0.6316027354445368, ""doppler"": 0.0, ""angle"": 16.76760698319378, ""elevation"": 0.0}, {""range"": 0.6684106243810654, ""doppler"": 0.0, ""angle"": 25.95496124502731, ""elevation"": 0.0}, {""range"": 0.7021747028888282, ""doppler"": 0.0, ""angle"": 34.143309046691876, ""elevation"": 0.0}]",1784935228148.267
9,"[{""range"": 1.335326443340306, ""doppler"": 0.0, ""angle"": -28.36675092994017, ""elevation"": 0.0}, {""range"": 1.3456182100592553, ""doppler"": 0.0, ""angle"": -33.05865900561331, ""elevation"": 0.0}, {""range"": 0.5985575233677818, ""doppler"": 0.0, ""angle"": -17.52556837372287, ""elevation"": 0.0}, {""range"": 0.6173337887660615, ""doppler"": 0.0, ""angle"": -7.606707023084412, ""elevation"": 0.0}, {""range"": 0.6257444618358203, ""doppler"": 0.0, ""angle"": 0.8841744759202715, ""elevation"": 0.0}, {""range"": 1.1664995635195439, ""doppler"": 0.0, ""angle"": 2.5654726562576418, ""elevation"": 0.0}, {""range"": 1.1801719665527344, ""doppler"": 0.0, ""angle"": 0.0, ""elevation"": 0.0}, {""range"": 1.1991910905537138, ""doppler"": 0.0, ""angle"": -1.5209208201930373, ""elevation"": 0.0}, {""range"": 0.6722160678417876, ""doppler"": 0.0, ""angle"": 26.78316396410907, ""elevation"": 0.0}]",1784935228148.511
11,"[{""range"": 1.3396250312773015, ""doppler"": 0.0, ""angle"": -28.545760770172226, ""elevation"": 0.0}, {""range"": 1.3498266071539264, ""doppler"": 0.0, ""angle"": -32.43742862723907, ""elevation"": 0.0}, {""range"": 0.5989062487117486, ""doppler"": 0.0, ""angle"": -10.98115130751386, ""elevation"": 0.0}, {""range"": 0.6194922495567777, ""doppler"": 0.0, ""angle"": -5.050688164157018, ""elevation"": 0.0}, {""range"": 0.6478831566652383, ""doppler"": 0.0, ""angle"": -3.861410190024654, ""elevation"": 0.0}, {""range"": 0.6278368079323596, ""doppler"": 0.0, ""angle"": -2.77521074915111, ""elevation"": 0.0}, {""range"": 1.183932231019775, ""doppler"": 0.0, ""angle"": 3.3075144090076583, ""elevation"": 0.0}, {""range"": 1.2061430527157708, ""doppler"": 0.0, ""angle"": -0.48417816048095247, ""elevation"": 0.0}, {""range"": 1.165509237654921, ""doppler"": 0.0, ""angle"": 6.350869847113628, ""elevation"": 0.0}, {""range"": 0.7222024744202278, ""doppler"": 0.0, ""angle"": 41.476852251841294, ""elevation"": 0.0}, {""range"": 0.7706579567038561, ""doppler"": 0.0, ""angle"": 46.47602943194576, ""elevation"": 0.0}]",1784935228148.975
11,"[{""range"": 1.3528608611189894, ""doppler"": 0.0, ""angle"": -35.57025071598829, ""elevation"": 0.0}, {""range"": 0.5935364864294156, ""doppler"": 0.0, ""angle"": -24.88967169568996, ""elevation"": 0.0}, {""range"": 1.2014291214959145, ""doppler"": 0.0, ""angle"": -6.4004614368528, ""elevation"": 0.0}, {""range"": 1.1735482221445817, ""doppler"": 0.0, ""angle"": 1.7201032518795802, ""elevation"": 0.0}, {""range"": 1.1870372154227298, ""doppler"": 0.0, ""angle"": -1.1738941789851904, ""elevation"": 0.0}, {""range"": 0.6509227317915399, ""doppler"": 0.0, ""angle"": 4.8852025681173, ""elevation"": 0.0}, {""range"": 0.6327184453177656, ""doppler"": 0.0, ""angle"": 15.422699575143373, ""elevation"": 0.0}, {""range"": 0.6363958781808845, ""doppler"": 0.0, ""angle"": 10.965789372507754, ""elevation"": 0.0}, {""range"": 0.7868103474439202, ""doppler"": 0.0, ""angle"": 30.224569207198197, ""elevation"": 0.0}, {""range"": 0.8013416140873515, ""doppler"": 0.0, ""angle"": 39.35867307500791, ""elevation"": 0.0}, {""range"": 4.85006688333807, ""doppler"": 0.0, ""angle"": 37.439410201202044, ""elevation"": 0.0}]",1784935228151.216
11,"[{""range"": 1.3314520251215824, ""doppler"": 0.0, ""angle"": -28.20329899055768, ""elevation"": 0.0}, {""range"": 1.3451576497021482, ""doppler"": 0.0, ""angle"": -30.375953964324463, ""elevation"": 0.0}, {""range"": 0.5942143087493287, ""doppler"": 0.0, ""angle"": -17.458937354667903, ""elevation"": 0.0}, {""range"": 0.6178759156136743, ""doppler"": 0.0, ""angle"": -5.4136067886995525, ""elevation"": 0.0}, {""range"": 0.6279650568016469, ""doppler"": 0.0, ""angle"": 3.575316669895892, ""elevation"": 0.0}, {""range"": 1.168939554212871, ""doppler"": 0.0, ""angle"": 1.7882680482008488, ""elevation"": 0.0}, {""range"": 1.1851665083816894, ""doppler"": 0.0, ""angle"": 1.383269475886457, ""elevation"": 0.0}, {""range"": 1.2077989146467318, ""doppler"": 0.0, ""angle"": -3.34404544981059, ""elevation"": 0.0}, {""range"": 0.6404670074071116, ""doppler"": 0.0, ""angle"": 7.136921140678346, ""elevation"": 0.0}, {""range"": 0.8017461890564052, ""doppler"": 0.0, ""angle"": 39.43416325127145, ""elevation"": 0.0}, {""range"": 0.815029459952025, ""doppler"": 0.0, ""angle"": 43.26644924604435, ""elevation"": 0.0}]",1784935228151.463
8,"[{""range"": 1.3147399675178328, ""doppler"": 0.0, ""angle"": -28.91457981728504, ""elevation"": 0.0}, {""range"": 1.178819168220517, ""doppler"": 0.0, ""angle"": 2.7213502487841215, ""elevation"": 0.0}, {""range"": 0.6280831488845241, ""doppler"": 0.0, ""angle"": 9.91821160485515, ""elevation"": 0.0}, {""range"": 0.6427053897630686, ""doppler"": 0.0, ""angle"": 9.302461553902651, ""elevation"": 0.0}, {""range"": 1.164476224053109, ""doppler"": 0.0, ""angle"": 4.4034288879035035, ""elevation"": 0.0}, {""range"": 0.5840076235109907, ""doppler"": 0.0, ""angle"": 15.44898627563553, ""elevation"": 0.0}, {""range"": 0.6560015283752194, ""doppler"": 0.0, ""angle"": 10.936256327715528, ""elevation"": 0.0}, {""range"": 2.524624419001941, ""doppler"": 0.0, ""angle"": 58.81840572025603, ""elevation"": 0.0}]",1784935228153.183
11,"[{""range"": 1.3511373037402548, ""doppler"": 0.0, ""angle"": -39.45799869496925, ""elevation"": 0.0}, {""range"": 1.3293909891453257, ""doppler"": 0.0, ""angle"": -30.390130586473422, ""elevation"": 0.0}, {""range"": 1.203268619882793, ""doppler"": 0.0, ""angle"": 2.452937951404369, ""elevation"": 0.0}, {""range"": 0.6006947731677291, ""doppler"": 0.0, ""angle"": 10.028728043706181, ""elevation"": 0.0}, {""range"": 0.6279829540547589, ""doppler"": 0.0, ""angle"": 9.175336104757486, ""elevation"": 0.0}, {""range"": 0.6388183049436245, ""doppler"": 0.0, ""angle"": 8.953449926068073, ""elevation"": 0.0}, {""range"": 0.6532070818189808, ""doppler"": 0.0, ""angle"": 9.771747352020865, ""elevation"": 0.0}, {""range"": 1.1636157505071631, ""doppler"": 0.0, ""angle"": 6.2283753242522994, ""elevation"": 0.0}, {""range"": 1.1766007017112854, ""doppler"": 0.0, ""angle"": 4.4714995993585465, ""elevation"": 0.0}, {""range"": 2.5267360931530294, ""doppler"": 0.0, ""angle"": 62.334184075289045, ""elevation"": 0.0}, {""range"": 2.550120329620549, ""doppler"": 0.0, ""angle"": 65.52678553899592, ""elevation"": 0.0}]",1784935228153.45
9,"[{""range"": 1.3841622139842573, ""doppler"": 0.0, ""angle"": -46.57559007764337, ""elevation"": 0.0}, {""range"": 1.3545513384406902, ""doppler"": 0.0, ""angle"": -36.85930860655726, ""elevation"": 0.0}, {""range"": 1.333160955274141, ""doppler"": 0.0, ""angle"": -29.45320037140386, ""elevation"": 0.0}, {""range"": 1.1646781753443076, ""doppler"": 0.0, ""angle"": 2.32295590525366, ""elevation"": 0.0}, {""range"": 1.1789408949501834, ""doppler"": 0.0, ""angle"": -0.3389214831304019, ""elevation"": 0.0}, {""range"": 0.6235612890907855, ""doppler"": 0.0, ""angle"": 5.694244402135235, ""elevation"": 0.0}, {""range"": 0.6302359201430137, ""doppler"": 0.0, ""angle"": 5.552072145284332, ""elevation"": 0.0}, {""range"": 2.522946537622198, ""doppler"": 0.0, ""angle"": 58.10438116119792, ""elevation"": 0.0}, {""range"": 2.5426696616257214, ""doppler"": 0.0, ""angle"": 61.026799685895085, ""elevation"": 0.0}]",1784935228153.692
7,"[{""range"": 1.1850112214680648, ""doppler"": 0.0, ""angle"": 2.2398137807844973, ""elevation"": 0.0}, {""range"": 0.6291391101816779, ""doppler"": 0.0, ""angle"": 12.424595141684101, ""elevation"": 0.0}, {""range"": 0.6611178947028084, ""doppler"": 0.0, ""angle"": 19.87586324701186, ""elevation"": 0.0}, {""range"": 0.6754573233767738, ""doppler"": 0.0, ""angle"": 23.314106041635615, ""elevation"": 0.0}, {""range"": 0.6957320903686208, ""doppler"": 0.0, ""angle"": 24.08808494979466, ""elevation"": 0.0}, {""range"": 2.522107885120597, ""doppler"": 0.0, ""angle"": 55.35674340930123, ""elevation"": 0.0}, {""range"": 2.541473899765334, ""doppler"": 0.0, ""angle"": 55.740828544099514, ""elevation"": 0.0}]",1784935228153.9321
8,"[{""range"": 1.3501184922024632, ""doppler"": 0.0, ""angle"": -36.96247656904387, ""elevation"": 0.0}, {""range"": 1.205007998652844, ""doppler"": 0.0, ""angle"": -4.724101558085688, ""elevation"": 0.0}, {""range"": 0.6257915981609508, ""doppler"": 0.0, ""angle"": 1.129721761933165, ""elevation"": 0.0}, {""range"": 1.1712881067186132, ""doppler"": 0.0, ""angle"": 2.8877399443794904, ""elevation"": 0.0}, {""range"": 1.188219939073959, ""doppler"": 0.0, ""angle"": -0.0862238318444273, ""elevation"": 0.0}, {""range"": 0.6336581784361596, ""doppler"": 0.0, ""angle"": 5.0348718237874825, ""elevation"": 0.0}, {""range"": 0.6581836091407898, ""doppler"": 0.0, ""angle"": 5.315627001222117, ""elevation"": 0.0}, {""range"": 2.5215191483382804, ""doppler"": 0.0, ""angle"": 56.45643120747171, ""elevation"": 0.0}]",1784935228154.1628
11,"[{""range"": 1.4001878379557358, ""doppler"": 0.0, ""angle"": -38.79465118075883, ""elevation"": 0.0}, {""range"": 1.3565347040370526, ""doppler"": 0.0, ""angle"": -30.164561324392203, ""elevation"": 0.0}, {""range"": 1.3667143330705427, ""doppler"": 0.0, ""angle"": -33.76491500726146, ""elevation"": 0.0}, {""range"": 1.2029506056778858, ""doppler"": 0.0, ""angle"": -6.435184579485361, ""elevation"": 0.0}, {""range"": 0.593382826355432, ""doppler"": 0.0, ""angle"": 2.6080502288728034, ""elevation"": 0.0}, {""range"": 1.1913744982067664, ""doppler"": 0.0, ""angle"": -0.7997840594128263, ""elevation"": 0.0}, {""range"": 0.6235685703984166, ""doppler"": 0.0, ""angle"": 6.61961033147432, ""elevation"": 0.0}, {""range"": 0.6305171270012782, ""doppler"": 0.0, ""angle"": 8.431136247031194, ""elevation"": 0.0}, {""range"": 0.6432067213184465, ""doppler"": 0.0, ""angle"": 9.66657503574152, ""elevation"": 0.0}, {""range"": 4.819918597601007, ""doppler"": 0.0, ""angle"": 37.053550961621, ""elevation"": 0.0}, {""range"": 4.836565896718759, ""doppler"": 0.0, ""angle"": 37.46048934962704, ""elevation"": 0.0}]",1784935228154.397
10,"[{""range"": 1.3831650812204148, ""doppler"": 0.0, ""angle"": -40.46471378448828, ""elevation"": 0.0}, {""range"": 1.344878905461705, ""doppler"": 0.0, ""angle"": -29.854489330251806, ""elevation"": 0.0}, {""range"": 1.3561612108122811, ""doppler"": 0.0, ""angle"": -33.926834255973446, ""elevation"": 0.0}, {""range"": 1.2104904343537988, ""doppler"": 0.0, ""angle"": -5.07642300219859, ""elevation"": 0.0}, {""range"": 1.1873962762348262, ""doppler"": 0.0, ""angle"": 0.6298830426993486, ""elevation"": 0.0}, {""range"": 0.6241465221829783, ""doppler"": 0.0, ""angle"": 9.948073855146614, ""elevation"": 0.0}, {""range"": 0.6292120616524607, ""doppler"": 0.0, ""angle"": 6.527197141033546, ""elevation"": 0.0}, {""range"": 0.6408054998609753, ""doppler"": 0.0, ""angle"": 4.4170988630356, ""elevation"": 0.0}, {""range"": 1.1681793349629486, ""doppler"": 0.0, ""angle"": 4.363054831717451, ""elevation"": 0.0}, {""range"": 0.5976705626832728, ""doppler"": 0.0, ""angle"": 19.06919353734813, ""elevation"": 0.0}]",1784935228154.6309
9,"[{""range"": 1.3319382820663945, ""doppler"": 0.0, ""angle"": -28.436728727927015, ""elevation"": 0.0}, {""range"": 1.3537838701758877, ""doppler"": 0.0, ""angle"": -32.27732814740147, ""elevation"": 0.0}, {""range"": 1.291682118789756, ""doppler"": 0.0, ""angle"": -23.410013094687493, ""elevation"": 0.0}, {""range"": 1.2159125198056555, ""doppler"": 0.0, ""angle"": -4.59710296841898, ""elevation"": 0.0}, {""range"": 1.187788770403435, ""doppler"": 0.0, ""angle"": 0.7676933479644642, ""elevation"": 0.0}, {""range"": 0.6350024212000962, ""doppler"": 0.0, ""angle"": 5.639954760933097, ""elevation"": 0.0}, {""range"": 0.6382967456824723, ""doppler"": 0.0, ""angle"": 5.530116980056193, ""elevation"": 0.0}, {""range"": 0.644909900231374, ""doppler"": 0.0, ""angle"": 4.596091361311263, ""elevation"": 0.0}, {""range"": 1.1706241961739652, ""doppler"": 0.0, ""angle"": 4.547050997158946, ""elevation"": 0.0}]",1784935228154.858
9,"[{""range"": 1.3640868885995407, ""doppler"": 0.0, ""angle"": -35.45473286029909, ""elevation"": 0.0}, {""range"": 1.3902261201367627, ""doppler"": 0.0, ""angle"": -37.37987439489577, ""elevation"": 0.0}, {""range"": 1.3368580464813193, ""doppler"": 0.0, ""angle"": -30.647005168561876, ""elevation"": 0.0}, {""range"": 0.623764544081655, ""doppler"": 0.0, ""angle"": 0.8048476292611619, ""elevation"": 0.0}, {""range"": 1.1864411668717845, ""doppler"": 0.0, ""angle"": 2.64334155169564, ""elevation"": 0.0}, {""range"": 1.202646239501049, ""doppler"": 0.0, ""angle"": -2.138753225105315, ""elevation"": 0.0}, {""range"": 0.6308109819546802, ""doppler"": 0.0, ""angle"": 6.510580946343216, ""elevation"": 0.0}, {""range"": 1.170484558704673, ""doppler"": 0.0, ""angle"": 7.002334475433025, ""elevation"": 0.0}, {""range"": 0.6577581069390993, ""doppler"": 0.0, ""angle"": 23.435838762301515, ""elevation"": 0.0}]",1784935228155.083
11,"[{""range"": 1.388349628824587, ""doppler"": 0.0, ""angle"": -34.69095306354669, ""elevation"": 0.0}, {""range"": 1.337564624550008, ""doppler"": 0.0, ""angle"": -29.24134126991061, ""elevation"": 0.0}, {""range"": 1.3621505168003363, ""doppler"": 0.0, ""angle"": -33.69423965001764, ""elevation"": 0.0}, {""range"": 1.295088938490658, ""doppler"": 0.0, ""angle"": -24.87017393500699, ""elevation"": 0.0}, {""range"": 1.1708958433041143, ""doppler"": 0.0, ""angle"": 2.2668291865087777, ""elevation"": 0.0}, {""range"": 1.1852175242789165, ""doppler"": 0.0, ""angle"": 1.0978834159804696, ""elevation"": 0.0}, {""range"": 1.204106758385869, ""doppler"": 0.0, ""angle"": -1.6679245836990033, ""elevation"": 0.0}, {""range"": 0.6204262219773485, ""doppler"": 0.0, ""angle"": 10.461408066841223, ""elevation"": 0.0}, {""range"": 0.6272190284172823, ""doppler"": 0.0, ""angle"": 8.624457347796595, ""elevation"": 0.0}, {""range"": 0.5856369284041836, ""doppler"": 0.0, ""angle"": 12.377006032185335, ""elevation"": 0.0}, {""range"": 4.815962682924663, ""doppler"": 0.0, ""angle"": 34.750990140729385, ""elevation"": 0.0}]",1784935228155.31
9,"[{""range"": 1.340953591915326, ""doppler"": 0.0, ""angle"": -28.50619029172873, ""elevation"": 0.0}, {""range"": 1.35937594162099, ""doppler"": 0.0, ""angle"": -31.728964653360077, ""elevation"": 0.0}, {""range"": 1.3825366223964053, ""doppler"": 0.0, ""angle"": -29.74488129694222, ""elevation"": 0.0}, {""range"": 0.5684820079176495, ""doppler"": 0.0, ""angle"": -14.779337721769132, ""elevation"": 0.0}, {""range"": 1.1863398984517108, ""doppler"": 0.0, ""angle"": 3.2229438624578943, ""elevation"": 0.0}, {""range"": 1.2033660988813812, ""doppler"": 0.0, ""angle"": -1.6263645837831717, ""elevation"": 0.0}, {""range"": 1.167733045067846, ""doppler"": 0.0, ""angle"": 5.624165012107497, ""elevation"": 0.0}, {""range"": 4.8177800363279975, ""doppler"": 0.0, ""angle"": 38.56415983756144, ""elevation"": 0.0}, {""range"": 4.835642403893744, ""doppler"": 0.0, ""angle"": 40.08905144125557, ""elevation"": 0.0}]",1784935228155.5352
10,"[{""range"": 1.3537606647435858, ""doppler"": 0.0, ""angle"": -28.409933410378073, ""elevation"": 0.0}, {""range"": 1.3814470909794432, ""doppler"": 0.0, ""angle"": -33.544025826623084, ""elevation"": 0.0}, {""range"": 1.309852249583779, ""doppler"": 0.0, ""angle"": -24.056201580492623, ""elevation"": 0.0}, {""range"": 1.338579721882474, ""doppler"": 0.0, ""angle"": -24.14433778691743, ""elevation"": 0.0}, {""range"": 0.6210439625786249, ""doppler"": 0.0, ""angle"": 0.49491236262342003, ""elevation"": 0.0}, {""range"": 1.1838458190634396, ""doppler"": 0.0, ""angle"": 0.7356304608056761, ""elevation"": 0.0}, {""range"": 1.206632665996869, ""doppler"": 0.0, ""angle"": -2.412101320010808, ""elevation"": 0.0}, {""range"": 0.6372363654695895, ""doppler"": 0.0, ""angle"": 5.022667266317213, ""elevation"": 0.0}, {""range"": 0.6568662399020946, ""doppler"": 0.0, ""angle"": 7.854378883386015, ""elevation"": 0.0}, {""range"": 0.7901223456141139, ""doppler"": 0.0, ""angle"": 48.39445814780757, ""elevation"": 0.0}]",1784935228155.763
10,"[{""range"": 1.3845924576311823, ""doppler"": 0.0, ""angle"": -32.45246428585047, ""elevation"": 0.0}, {""range"": 1.343856110656018, ""doppler"": 0.0, ""angle"": -21.48853751842689, ""elevation"": 0.0}, {""range"": 1.3551215312917602, ""doppler"": 0.0, ""angle"": -25.202330846644536, ""elevation"": 0.0}, {""range"": 1.1814563438023344, ""doppler"": 0.0, ""angle"": 2.671864593272588, ""elevation"": 0.0}, {""range"": 1.2001482552598342, ""doppler"": 0.0, ""angle"": 3.083229973201799, ""elevation"": 0.0}, {""range"": 0.5862097874685005, ""doppler"": 0.0, ""angle"": 7.536897188271912, ""elevation"": 0.0}, {""range"": 0.6195147528169674, ""doppler"": 0.0, ""angle"": 4.685359435636489, ""elevation"": 0.0}, {""range"": 0.6332601507059927, ""doppler"": 0.0, ""angle"": 5.850648850721678, ""elevation"": 0.0}, {""range"": 0.6537086257746698, ""doppler"": 0.0, ""angle"": 8.462569296802023, ""elevation"": 0.0}, {""range"": 1.16917362082341, ""doppler"": 0.0, ""angle"": 5.159521486152768, ""elevation"": 0.0}]",1784935228155.991
7,"[{""range"": 1.355388036961153, ""doppler"": 0.0, ""angle"": -22.92861967393953, ""elevation"": 0.0}, {""range"": 1.3632637028675487, ""doppler"": 0.0, ""angle"": -22.609459200748034, ""elevation"": 0.0}, {""range"": 1.38789998861761, ""doppler"": 0.0, ""angle"": -25.76611836748986, ""elevation"": 0.0}, {""range"": 0.6354553632023895, ""doppler"": 0.0, ""angle"": 7.031026637493038, ""elevation"": 0.0}, {""range"": 0.6449078922514198, ""doppler"": 0.0, ""angle"": 6.4156293617408116, ""elevation"": 0.0}, {""range"": 0.6554174928238229, ""doppler"": 0.0, ""angle"": 8.077046627816047, ""elevation"": 0.0}, {""range"": 1.1909286177883684, ""doppler"": 0.0, ""angle"": 3.736249125953596, ""elevation"": 0.0}]",1784935228156.214
9,"[{""range"": 1.3545686527268253, ""doppler"": 0.0, ""angle"": -24.00703050554423, ""elevation"": 0.0}, {""range"": 1.3560868700049071, ""doppler"": 0.0, ""angle"": -25.341863665523846, ""elevation"": 0.0}, {""range"": 0.5915313326619047, ""doppler"": 0.0, ""angle"": -16.18330417740513, ""elevation"": 0.0}, {""range"": 0.6320954969868662, ""doppler"": 0.0, ""angle"": 2.334661784296417, ""elevation"": 0.0}, {""range"": 1.1906139274189838, ""doppler"": 0.0, ""angle"": 2.3067745967654636, ""elevation"": 0.0}, {""range"": 1.2070386136625746, ""doppler"": 0.0, ""angle"": 0.4923071747554454, ""elevation"": 0.0}, {""range"": 0.6421876596118232, ""doppler"": 0.0, ""angle"": 6.105872500149899, ""elevation"": 0.0}, {""range"": 0.6542979984329543, ""doppler"": 0.0, ""angle"": 6.008186357461493, ""elevation"": 0.0}, {""range"": 0.7682768312561268, ""doppler"": 0.0, ""angle"": 51.51096852635576, ""elevation"": 0.0}]",1784935228156.437
6,"[{""range"": 1.352499202291991, ""doppler"": 0.0, ""angle"": -26.55150046970619, ""elevation"": 0.0}, {""range"": 1.3502632448191585, ""doppler"": 0.0, ""angle"": -24.796868205072563, ""elevation"": 0.0}, {""range"": 0.6235672884842258, ""doppler"": 0.0, ""angle"": 2.0542047294679975, ""elevation"": 0.0}, {""range"": 0.6558242319988851, ""doppler"": 0.0, ""angle"": 2.171977653566295, ""elevation"": 0.0}, {""range"": 0.6364048464889854, ""doppler"": 0.0, ""angle"": 3.8504843782725797, ""elevation"": 0.0}, {""range"": 0.7686325858823073, ""doppler"": 0.0, ""angle"": 45.0659763578423, ""elevation"": 0.0}]",1784935228156.655
9,"[{""range"": 1.3423331593003416, ""doppler"": 0.0, ""angle"": -37.356853487058586, ""elevation"": 0.0}, {""range"": 1.3324007121281665, ""doppler"": 0.0, ""angle"": -28.969462615465854, ""elevation"": 0.0}, {""range"": 0.6226649875781238, ""doppler"": 0.0, ""angle"": 4.595571273457517, ""elevation"": 0.0}, {""range"": 0.6376227595054247, ""doppler"": 0.0, ""angle"": 6.1982390366333275, ""elevation"": 0.0}, {""range"": 0.6568245708792821, ""doppler"": 0.0, ""angle"": 4.481251991270324, ""elevation"": 0.0}, {""range"": 1.1820016706129857, ""doppler"": 0.0, ""angle"": 5.747679453958404, ""elevation"": 0.0}, {""range"": 0.7447004437503841, ""doppler"": 0.0, ""angle"": 41.232516559801226, ""elevation"": 0.0}, {""range"": 0.7768004343685541, ""doppler"": 0.0, ""angle"": 41.967605762211875, ""elevation"": 0.0}, {""range"": 0.7991962919829336, ""doppler"": 0.0, ""angle"": 40.471980990506836, ""elevation"": 0.0}]",1784935228156.8818
7,"[{""range"": 1.3436365067404838, ""doppler"": 0.0, ""angle"": -38.776509809300364, ""elevation"": 0.0}, {""range"": 1.334824365477252, ""doppler"": 0.0, ""angle"": -33.719870269462604, ""elevation"": 0.0}, {""range"": 0.5801007622390484, ""doppler"": 0.0, ""angle"": -17.323470823448666, ""elevation"": 0.0}, {""range"": 0.5949879366832269, ""doppler"": 0.0, ""angle"": -12.302815813962882, ""elevation"": 0.0}, {""range"": 1.1929348192818527, ""doppler"": 0.0, ""angle"": 1.5288990821154012, ""elevation"": 0.0}, {""range"": 1.2117732849000649, ""doppler"": 0.0, ""angle"": -1.293692173935132, ""elevation"": 0.0}, {""range"": 0.7839516533151015, ""doppler"": 0.0, ""angle"": 42.06006706658318, ""elevation"": 0.0}]",1784935228157.104
8,"[{""range"": 1.3355147457010559, ""doppler"": 0.0, ""angle"": -30.200664923019197, ""elevation"": 0.0}, {""range"": 1.3456035013729954, ""doppler"": 0.0, ""angle"": -33.98148538647787, ""elevation"": 0.0}, {""range"": 1.1868584524934063, ""doppler"": 0.0, ""angle"": 3.0486299715475487, ""elevation"": 0.0}, {""range"": 1.2007675367248338, ""doppler"": 0.0, ""angle"": -0.41808538599622286, ""elevation"": 0.0}, {""range"": 0.618473456294912, ""doppler"": 0.0, ""angle"": 5.807844223371579, ""elevation"": 0.0}, {""range"": 0.6341297035413824, ""doppler"": 0.0, ""angle"": 6.135010464880277, ""elevation"": 0.0}, {""range"": 0.6439877034631788, ""doppler"": 0.0, ""angle"": 5.640940348178821, ""elevation"": 0.0}, {""range"": 1.1697545916398953, ""doppler"": 0.0, ""angle"": 4.778916103802622, ""elevation"": 0.0}]",1784935228157.326
8,"[{""range"": 1.3388014329989282, ""doppler"": 0.0, ""angle"": -35.793881787222176, ""elevation"": 0.0}, {""range"": 1.3264461158509835, ""doppler"": 0.0, ""angle"": -30.08019262358083, ""elevation"": 0.0}, {""range"": 1.292838595145975, ""doppler"": 0.0, ""angle"": -23.941568709985173, ""elevation"": 0.0}, {""range"": 1.18784539376744, ""doppler"": 0.0, ""angle"": 2.9683616376826745, ""elevation"": 0.0}, {""range"": 1.2074629217343744, ""doppler"": 0.0, ""angle"": -1.2558757648841956, ""elevation"": 0.0}, {""range"": 0.6326359668310851, ""doppler"": 0.0, ""angle"": 7.5850118474431145, ""elevation"": 0.0}, {""range"": 0.6412596283273023, ""doppler"": 0.0, ""angle"": 4.52614346704268, ""elevation"": 0.0}, {""range"": 0.6214226477136253, ""doppler"": 0.0, ""angle"": 10.947796929190845, ""elevation"": 0.0}]",1784935228157.5522
6,"[{""range"": 1.3317584774838962, ""doppler"": 0.0, ""angle"": -27.91726816105605, ""elevation"": 0.0}, {""range"": 0.6393014537481936, ""doppler"": 0.0, ""angle"": 7.699485537065009, ""elevation"": 0.0}, {""range"": 0.646333224646803, ""doppler"": 0.0, ""angle"": 6.544999959865929, ""elevation"": 0.0}, {""range"": 1.177540807334258, ""doppler"": 0.0, ""angle"": 6.942635688280131, ""elevation"": 0.0}, {""range"": 0.6198149073685795, ""doppler"": 0.0, ""angle"": 10.875538033117547, ""elevation"": 0.0}, {""range"": 0.5772789852176768, ""doppler"": 0.0, ""angle"": 21.438887102580406, ""elevation"": 0.0}]",1784935228157.773
2,"[{""range"": 1.1821431393015023, ""doppler"": 0.0, ""angle"": 6.540221300195569, ""elevation"": 0.0}, {""range"": 0.7837665232050416, ""doppler"": 0.0, ""angle"": 43.659613946027015, ""elevation"": 0.0}]",1784935228157.992
4,"[{""range"": 1.344221236641975, ""doppler"": 0.0, ""angle"": -39.82996763819642, ""elevation"": 0.0}, {""range"": 1.3318812067343295, ""doppler"": 0.0, ""angle"": -29.652331867638523, ""elevation"": 0.0}, {""range"": 1.1687853258012808, ""doppler"": 0.0, ""angle"": 5.143637604500573, ""elevation"": 0.0}, {""range"": 1.1788172152828373, ""doppler"": 0.0, ""angle"": 5.7719941123710425, ""elevation"": 0.0}]",1784935228158.207
6,"[{""range"": 1.3521688381806043, ""doppler"": 0.0, ""angle"": -32.239904419556844, ""elevation"": 0.0}, {""range"": 1.307104175043915, ""doppler"": 0.0, ""angle"": -21.440440953589196, ""elevation"": 0.0}, {""range"": 1.33227121477027, ""doppler"": 0.0, ""angle"": -25.921923691240547, ""elevation"": 0.0}, {""range"": 1.1751488648125377, ""doppler"": 0.0, ""angle"": 3.9874746922981816, ""elevation"": 0.0}, {""range"": 0.5626550574233236, ""doppler"": 0.0, ""angle"": 26.540621482916116, ""elevation"": 0.0}, {""range"": 0.7654079024327318, ""doppler"": 0.0, ""angle"": 47.44268421024416, ""elevation"": 0.0}]",1784935228158.429
6,"[{""range"": 1.3741464134761237, ""doppler"": 0.0, ""angle"": -40.14923282053405, ""elevation"": 0.0}, {""range"": 1.3351817476960193, ""doppler"": 0.0, ""angle"": -26.983711975735087, ""elevation"": 0.0}, {""range"": 1.3498643057616706, ""doppler"": 0.0, ""angle"": -31.969984160415006, ""elevation"": 0.0}, {""range"": 0.5961948597437106, ""doppler"": 0.0, ""angle"": -0.567096275077766, ""elevation"": 0.0}, {""range"": 0.7319698548924736, ""doppler"": 0.0, ""angle"": 22.750143579503007, ""elevation"": 0.0}, {""range"": 0.7550788011955104, ""doppler"": 0.0, ""angle"": 34.40509859252454, ""elevation"": 0.0}]",1784935228158.6492
9,"[{""range"": 1.37593046664752, ""doppler"": 0.0, ""angle"": -39.78555027092665, ""elevation"": 0.0}, {""range"": 1.3396441734279212, ""doppler"": 0.0, ""angle"": -29.165283840933007, ""elevation"": 0.0}, {""range"": 1.3541596719414966, ""doppler"": 0.0, ""angle"": -32.72477083800594, ""elevation"": 0.0}, {""range"": 1.1834003442898864, ""doppler"": 0.0, ""angle"": 5.462493883760419, ""elevation"": 0.0}, {""range"": 0.6279798736250591, ""doppler"": 0.0, ""angle"": 13.972933240087357, ""elevation"": 0.0}, {""range"": 0.6465952661979515, ""doppler"": 0.0, ""angle"": 15.231493871106434, ""elevation"": 0.0}, {""range"": 0.5729809259240709, ""doppler"": 0.0, ""angle"": 25.54944510715598, ""elevation"": 0.0}, {""range"": 0.6609150000270916, ""doppler"": 0.0, ""angle"": 19.224205007141308, ""elevation"": 0.0}, {""range"": 0.6878176478412475, ""doppler"": 0.0, ""angle"": 22.45143268473569, ""elevation"": 0.0}]",1784935228158.8691
7,"[{""range"": 1.3439995631382453, ""doppler"": 0.0, ""angle"": -36.15179399194667, ""elevation"": 0.0}, {""range"": 1.3132705125995003, ""doppler"": 0.0, ""angle"": -26.14289407896949, ""elevation"": 0.0}, {""range"": 1.330201556748321, ""doppler"": 0.0, ""angle"": -30.1289236890731, ""elevation"": 0.0}, {""range"": 0.6321519471008953, ""doppler"": 0.0, ""angle"": 1.5236371455523723, ""elevation"": 0.0}, {""range"": 1.177924709647169, ""doppler"": 0.0, ""angle"": 4.047815786635132, ""elevation"": 0.0}, {""range"": 0.6106841432223754, ""doppler"": 0.0, ""angle"": 11.964694076443077, ""elevation"": 0.0}, {""range"": 0.6687235931497698, ""doppler"": 0.0, ""angle"": 34.663177739726386, ""elevation"": 0.0}]",1784935228159.092
7,"[{""range"": 1.34720354823244, ""doppler"": 0.0, ""angle"": -37.937680691033584, ""elevation"": 0.0}, {""range"": 1.3361795714510438, ""doppler"": 0.0, ""angle"": -31.956617395746882, ""elevation"": 0.0}, {""range"": 0.6449408372063913, ""doppler"": 0.0, ""angle"": 1.7953686250356, ""elevation"": 0.0}, {""range"": 1.184551136538606, ""doppler"": 0.0, ""angle"": 3.3750948236123133, ""elevation"": 0.0}, {""range"": 1.1962668377176826, ""doppler"": 0.0, ""angle"": 0.09420822222308999, ""elevation"": 0.0}, {""range"": 1.1695227601343476, ""doppler"": 0.0, ""angle"": 5.967738146966961, ""elevation"": 0.0}, {""range"": 0.5550681768647722, ""doppler"": 0.0, ""angle"": 22.781725023593207, ""elevation"": 0.0}]",1784935228159.314
8,"[{""range"": 1.3485172566750425, ""doppler"": 0.0, ""angle"": -37.625105403774086, ""elevation"": 0.0}, {""range"": 1.363570157749171, ""doppler"": 0.0, ""angle"": -39.92486096758009, ""elevation"": 0.0}, {""range"": 0.5616316533355815, ""doppler"": 0.0, ""angle"": 1.3500328038305411, ""elevation"": 0.0}, {""range"": 0.6027256221046038, ""doppler"": 0.0, ""angle"": 1.1559597519858211, ""elevation"": 0.0}, {""range"": 1.1854448029586435, ""doppler"": 0.0, ""angle"": 2.7234333996385285, ""elevation"": 0.0}, {""range"": 1.2038317288305236, ""doppler"": 0.0, ""angle"": -2.0514835880838738, ""elevation"": 0.0}, {""range"": 1.169781378947328, ""doppler"": 0.0, ""angle"": 5.570284337408601, ""elevation"": 0.0}, {""range"": 0.684685302637858, ""doppler"": 0.0, ""angle"": 21.237334241909448, ""elevation"": 0.0}]",1784935228159.5361
10,"[{""range"": 1.33878137123623, ""doppler"": 0.0, ""angle"": -36.95407730674407, ""elevation"": 0.0}, {""range"": 1.36307750976049, ""doppler"": 0.0, ""angle"": -40.22708950446014, ""elevation"": 0.0}, {""range"": 1.4504427554569803, ""doppler"": 0.0, ""angle"": -24.33112998367893, ""elevation"": 0.0}, {""range"": 0.6091061176117611, ""doppler"": 0.0, ""angle"": 2.1366599806522926, ""elevation"": 0.0}, {""range"": 0.6244330060338176, ""doppler"": 0.0, ""angle"": 0.39377922608683386, ""elevation"": 0.0}, {""range"": 1.1698461989598115, ""doppler"": 0.0, ""angle"": 2.6984010535694716, ""elevation"": 0.0}, {""range"": 1.1840017044136206, ""doppler"": 0.0, ""angle"": 1.1855591374978056, ""elevation"": 0.0}, {""range"": 1.2055561321970443, ""doppler"": 0.0, ""angle"": -1.963511932953361, ""elevation"": 0.0}, {""range"": 0.7217211497510643, ""doppler"": 0.0, ""angle"": 19.947934907718285, ""elevation"": 0.0}, {""range"": 0.6899368298283983, ""doppler"": 0.0, ""angle"": 36.03829102588479, ""elevation"": 0.0}]",1784935228159.757
9,"[{""range"": 1.3614565224043413, ""doppler"": 0.0, ""angle"": -34.66897695064696, ""elevation"": 0.0}, {""range"": 1.3429396114124459, ""doppler"": 0.0, ""angle"": -31.347109570109033, ""elevation"": 0.0}, {""range"": 0.6501941441343648, ""doppler"": 0.0, ""angle"": 1.970046728851031, ""elevation"": 0.0}, {""range"": 1.1686715426316259, ""doppler"": 0.0, ""angle"": 3.5703190700836953, ""elevation"": 0.0}, {""range"": 1.1836446528759272, ""doppler"": 0.0, ""angle"": 1.5495608151089095, ""elevation"": 0.0}, {""range"": 1.200948489158101, ""doppler"": 0.0, ""angle"": -1.766195358782256, ""elevation"": 0.0}, {""range"": 0.6162173094174469, ""doppler"": 0.0, ""angle"": 6.196980136121052, ""elevation"": 0.0}, {""range"": 0.6253931396519458, ""doppler"": 0.0, ""angle"": 3.9840720836354455, ""elevation"": 0.0}, {""range"": 0.5865349996741125, ""doppler"": 0.0, ""angle"": 13.61259118066214, ""elevation"": 0.0}]",1784935228159.977
9,"[{""range"": 1.3500348423882287, ""doppler"": 0.0, ""angle"": -34.63515797251959, ""elevation"": 0.0}, {""range"": 1.3660594993199622, ""doppler"": 0.0, ""angle"": -37.23889434437086, ""elevation"": 0.0}, {""range"": 1.3945408010527756, ""doppler"": 0.0, ""angle"": -33.849001319479285, ""elevation"": 0.0}, {""range"": 1.1661026045646528, ""doppler"": 0.0, ""angle"": 2.5223736164491934, ""elevation"": 0.0}, {""range"": 1.1836045641150537, ""doppler"": 0.0, ""angle"": 0.4414604820509787, ""elevation"": 0.0}, {""range"": 1.2008554335945656, ""doppler"": 0.0, ""angle"": -1.8943724403948816, ""elevation"": 0.0}, {""range"": 0.6078254923328981, ""doppler"": 0.0, ""angle"": 10.526466234695997, ""elevation"": 0.0}, {""range"": 0.6124160320728127, ""doppler"": 0.0, ""angle"": 4.773366732619925, ""elevation"": 0.0}, {""range"": 0.5744297378310739, ""doppler"": 0.0, ""angle"": 19.07793412169805, ""elevation"": 0.0}]",1784935228160.198
11,"[{""range"": 1.3623509891048542, ""doppler"": 0.0, ""angle"": -35.9328268923571, ""elevation"": 0.0}, {""range"": 1.3445406881040316, ""doppler"": 0.0, ""angle"": -30.541654897241926, ""elevation"": 0.0}, {""range"": 1.3953920861087916, ""doppler"": 0.0, ""angle"": -33.43755719537614, ""elevation"": 0.0}, {""range"": 1.1846676184992815, ""doppler"": 0.0, ""angle"": 1.7645188129265195, ""elevation"": 0.0}, {""range"": 1.196826361649679, ""doppler"": 0.0, ""angle"": -0.3680987035115762, ""elevation"": 0.0}, {""range"": 0.6138359679300678, ""doppler"": 0.0, ""angle"": 9.371772945547574, ""elevation"": 0.0}, {""range"": 0.6166388608406824, ""doppler"": 0.0, ""angle"": 7.7494519391033325, ""elevation"": 0.0}, {""range"": 1.1712193260967076, ""doppler"": 0.0, ""angle"": 3.737848863275182, ""elevation"": 0.0}, {""range"": 0.5799103508607917, ""doppler"": 0.0, ""angle"": 16.093427869307664, ""elevation"": 0.0}, {""range"": 0.7335883226311737, ""doppler"": 0.0, ""angle"": 14.266577019121405, ""elevation"": 0.0}, {""range"": 0.6669444781119984, ""doppler"": 0.0, ""angle"": 19.076183953293732, ""elevation"": 0.0}]",1784935228160.4158
10,"[{""range"": 1.3566291248292013, ""doppler"": 0.0, ""angle"": -37.80941043750721, ""elevation"": 0.0}, {""range"": 1.3352692135076767, ""doppler"": 0.0, ""angle"": -31.322993638269033, ""elevation"": 0.0}, {""range"": 1.1869843517030225, ""doppler"": 0.0, ""angle"": 3.1606788614438126, ""elevation"": 0.0}, {""range"": 1.205592838847786, ""doppler"": 0.0, ""angle"": -0.39941530928409513, ""elevation"": 0.0}, {""range"": 0.5899866248057626, ""doppler"": 0.0, ""angle"": 10.70712805212057, ""elevation"": 0.0}, {""range"": 0.6230304732244781, ""doppler"": 0.0, ""angle"": 6.178570534173866, ""elevation"": 0.0}, {""range"": 0.6408876254484478, ""doppler"": 0.0, ""angle"": 7.793245124006129, ""elevation"": 0.0}, {""range"": 0.6605480884150543, ""doppler"": 0.0, ""angle"": 9.347577809664934, ""elevation"": 0.0}, {""range"": 1.1709069165070274, ""doppler"": 0.0, ""angle"": 7.643791029998288, ""elevation"": 0.0}, {""range"": 0.6938627900454974, ""doppler"": 0.0, ""angle"": 11.897783629906346, ""elevation"": 0.0}]",1784935228160.64
11,"[{""range"": 1.3420050577671803, ""doppler"": 0.0, ""angle"": -40.6393852823423, ""elevation"": 0.0}, {""range"": 1.331563700808077, ""doppler"": 0.0, ""angle"": -31.356982561983678, ""elevation"": 0.0}, {""range"": 0.6209157517959072, ""doppler"": 0.0, ""angle"": 2.88877273621437, ""elevation"": 0.0}, {""range"": 0.6340334900578177, ""doppler"": 0.0, ""angle"": 1.1958454190028038, ""elevation"": 0.0}, {""range"": 0.6584208786599745, ""doppler"": 0.0, ""angle"": 1.9609916055702548, ""elevation"": 0.0}, {""range"": 1.2053017541025413, ""doppler"": 0.0, ""angle"": 0.7225345836609762, ""elevation"": 0.0}, {""range"": 0.7015025844918563, ""doppler"": 0.0, ""angle"": 9.700022816883859, ""elevation"": 0.0}, {""range"": 1.1709732579550578, ""doppler"": 0.0, ""angle"": 7.263925459604044, ""elevation"": 0.0}, {""range"": 1.1838139615876606, ""doppler"": 0.0, ""angle"": 5.017348811722392, ""elevation"": 0.0}, {""range"": 0.5889149446816422, ""doppler"": 0.0, ""angle"": 14.812630135288936, ""elevation"": 0.0}, {""range"": 1.5971816464851882, ""doppler"": 0.0, ""angle"": 51.952298572859235, ""elevation"": 0.0}]",1784935228160.862
9,"[{""range"": 1.3522449904532579, ""doppler"": 0.0, ""angle"": -48.479086471378025, ""elevation"": 0.0}, {""range"": 1.3337378954959247, ""doppler"": 0.0, ""angle"": -36.81919886774415, ""elevation"": 0.0}, {""range"": 1.2075344041780667, ""doppler"": 0.0, ""angle"": -1.7141176767169222, ""elevation"": 0.0}, {""range"": 0.6223921260026751, ""doppler"": 0.0, ""angle"": 8.658556018908698, ""elevation"": 0.0}, {""range"": 0.6325490798836502, ""doppler"": 0.0, ""angle"": 7.145106032339757, ""elevation"": 0.0}, {""range"": 0.6501732190982287, ""doppler"": 0.0, ""angle"": 7.728971595246812, ""elevation"": 0.0}, {""range"": 1.167078276477515, ""doppler"": 0.0, ""angle"": 8.325014765221946, ""elevation"": 0.0}, {""range"": 1.1837113068902478, ""doppler"": 0.0, ""angle"": 3.9585849196320093, ""elevation"": 0.0}, {""range"": 0.5970634486467142, ""doppler"": 0.0, ""angle"": 15.601267086559696, ""elevation"": 0.0}]",1784935228161.082
6,"[{""range"": 1.200751879170151, ""doppler"": 0.0, ""angle"": -5.426175437576752, ""elevation"": 0.0}, {""range"": 1.1824179540240665, ""doppler"": 0.0, ""angle"": 1.5945085731978252, ""elevation"": 0.0}, {""range"": 0.6343394265799266, ""doppler"": 0.0, ""angle"": 4.997024430578083, ""elevation"": 0.0}, {""range"": 0.6324626359988541, ""doppler"": 0.0, ""angle"": 5.939478452626598, ""elevation"": 0.0}, {""range"": 0.6473799642017474, ""doppler"": 0.0, ""angle"": 10.568130308468128, ""elevation"": 0.0}, {""range"": 1.1661526173996135, ""doppler"": 0.0, ""angle"": 5.552363789030617, ""elevation"": 0.0}]",1784935228161.2952
8,"[{""range"": 1.335367640117803, ""doppler"": 0.0, ""angle"": -40.187701015331285, ""elevation"": 0.0}, {""range"": 0.5897220117622205, ""doppler"": 0.0, ""angle"": -4.225486084212073, ""elevation"": 0.0}, {""range"": 1.2073792531693117, ""doppler"": 0.0, ""angle"": -4.085012209172511, ""elevation"": 0.0}, {""range"": 0.6248717856762408, ""doppler"": 0.0, ""angle"": 2.919718999414419, ""elevation"": 0.0}, {""range"": 1.1871368891176701, ""doppler"": 0.0, ""angle"": 1.9767185184553626, ""elevation"": 0.0}, {""range"": 0.6353701702362434, ""doppler"": 0.0, ""angle"": 6.268963812049733, ""elevation"": 0.0}, {""range"": 0.6516899288444153, ""doppler"": 0.0, ""angle"": 9.922374065570468, ""elevation"": 0.0}, {""range"": 1.1656766682240187, ""doppler"": 0.0, ""angle"": 5.934478794031683, ""elevation"": 0.0}]",1784935228161.5159
8,"[{""range"": 1.3509089189107004, ""doppler"": 0.0, ""angle"": -46.147693021608156, ""elevation"": 0.0}, {""range"": 1.3406027451281193, ""doppler"": 0.0, ""angle"": -35.36266293053523, ""elevation"": 0.0}, {""range"": 0.6349552888274291, ""doppler"": 0.0, ""angle"": 3.018723923939655, ""elevation"": 0.0}, {""range"": 1.1859710681842253, ""doppler"": 0.0, ""angle"": 2.5233247443777933, ""elevation"": 0.0}, {""range"": 1.1965775429570786, ""doppler"": 0.0, ""angle"": -2.1581736543496652, ""elevation"": 0.0}, {""range"": 0.6338881336167252, ""doppler"": 0.0, ""angle"": 5.438799669055293, ""elevation"": 0.0}, {""range"": 0.6465517483426424, ""doppler"": 0.0, ""angle"": 6.84592004551076, ""elevation"": 0.0}, {""range"": 1.1691196348564539, ""doppler"": 0.0, ""angle"": 5.68792177039681, ""elevation"": 0.0}]",1784935228161.734
8,"[{""range"": 1.3400481832350033, ""doppler"": 0.0, ""angle"": -34.716429348864715, ""elevation"": 0.0}, {""range"": 1.3548641181246004, ""doppler"": 0.0, ""angle"": -43.01585243454352, ""elevation"": 0.0}, {""range"": 1.1848376176097248, ""doppler"": 0.0, ""angle"": 3.001880082182052, ""elevation"": 0.0}, {""range"": 1.2000307580188938, ""doppler"": 0.0, ""angle"": 0.23905118723099067, ""elevation"": 0.0}, {""range"": 0.6319945722574424, ""doppler"": 0.0, ""angle"": 7.135070003740374, ""elevation"": 0.0}, {""range"": 0.6411621409036196, ""doppler"": 0.0, ""angle"": 7.854404982862035, ""elevation"": 0.0}, {""range"": 0.6511913965388354, ""doppler"": 0.0, ""angle"": 8.988985152499888, ""elevation"": 0.0}, {""range"": 1.168301130274275, ""doppler"": 0.0, ""angle"": 4.661685533558204, ""elevation"": 0.0}]",1784935228161.948
8,"[{""range"": 1.3602702250478598, ""doppler"": 0.0, ""angle"": -42.90649987578344, ""elevation"": 0.0}, {""range"": 1.3315010742461924, ""doppler"": 0.0, ""angle"": -33.1970888520214, ""elevation"": 0.0}, {""range"": 0.6258872395000218, ""doppler"": 0.0, ""angle"": 3.1280740693427087, ""elevation"": 0.0}, {""range"": 0.6478508795587815, ""doppler"": 0.0, ""angle"": 1.3759730796737313, ""elevation"": 0.0}, {""range"": 1.1830882594466252, ""doppler"": 0.0, ""angle"": 2.295455644373885, ""elevation"": 0.0}, {""range"": 1.2015515380835937, ""doppler"": 0.0, ""angle"": -0.7418446592812284, ""elevation"": 0.0}, {""range"": 0.627315624444588, ""doppler"": 0.0, ""angle"": 5.67646626262411, ""elevation"": 0.0}, {""range"": 1.1665222044343018, ""doppler"": 0.0, ""angle"": 4.0962544567968875, ""elevation"": 0.0}]",1784935228162.1702
7,"[{""range"": 1.3545223509740654, ""doppler"": 0.0, ""angle"": -42.31948043906446, ""elevation"": 0.0}, {""range"": 0.6397135164905168, ""doppler"": 0.0, ""angle"": 0.9930060523117719, ""elevation"": 0.0}, {""range"": 1.1890074810676394, ""doppler"": 0.0, ""angle"": 0.6376466593785367, ""elevation"": 0.0}, {""range"": 1.2083448824824876, ""doppler"": 0.0, ""angle"": -3.351026049024307, ""elevation"": 0.0}, {""range"": 0.6318927458911465, ""doppler"": 0.0, ""angle"": 4.268134623917894, ""elevation"": 0.0}, {""range"": 0.6288685492423642, ""doppler"": 0.0, ""angle"": 3.586496804744115, ""elevation"": 0.0}, {""range"": 0.7131140279200088, ""doppler"": 0.0, ""angle"": 25.517701265415273, ""elevation"": 0.0}]",1784935228162.394
7,"[{""range"": 1.3502137050568233, ""doppler"": 0.0, ""angle"": -48.199473161854904, ""elevation"": 0.0}, {""range"": 1.332183012087903, ""doppler"": 0.0, ""angle"": -37.17752303621896, ""elevation"": 0.0}, {""range"": 1.2138158685866187, ""doppler"": 0.0, ""angle"": -6.1565669932734695, ""elevation"": 0.0}, {""range"": 1.1900763756387798, ""doppler"": 0.0, ""angle"": 0.6198550235738638, ""elevation"": 0.0}, {""range"": 0.6271278219971067, ""doppler"": 0.0, ""angle"": 3.907531944299956, ""elevation"": 0.0}, {""range"": 0.6357765833846103, ""doppler"": 0.0, ""angle"": 3.9673605898918907, ""elevation"": 0.0}, {""range"": 0.6463549912970973, ""doppler"": 0.0, ""angle"": 5.827307477230289, ""elevation"": 0.0}]",1784935228162.612
8,"[{""range"": 1.3431650187436415, ""doppler"": 0.0, ""angle"": -27.85801295732073, ""elevation"": 0.0}, {""range"": 1.3465154329186177, ""doppler"": 0.0, ""angle"": -31.450485565383897, ""elevation"": 0.0}, {""range"": 1.2017490815080223, ""doppler"": 0.0, ""angle"": -4.155468165864681, ""elevation"": 0.0}, {""range"": 1.1872440683943237, ""doppler"": 0.0, ""angle"": 1.5880252762426132, ""elevation"": 0.0}, {""range"": 0.6321774643376417, ""doppler"": 0.0, ""angle"": 8.114058894573219, ""elevation"": 0.0}, {""range"": 0.6419150770529809, ""doppler"": 0.0, ""angle"": 8.861440482455622, ""elevation"": 0.0}, {""range"": 0.6482474951323866, ""doppler"": 0.0, ""angle"": 10.634218296983546, ""elevation"": 0.0}, {""range"": 1.1698574734213498, ""doppler"": 0.0, ""angle"": 5.04219448605509, ""elevation"": 0.0}]",1784935228162.8262
10,"[{""range"": 1.3423484874054792, ""doppler"": 0.0, ""angle"": -26.72547620983969, ""elevation"": 0.0}, {""range"": 1.3499827362601824, ""doppler"": 0.0, ""angle"": -30.335101838125972, ""elevation"": 0.0}, {""range"": 1.1844143288234352, ""doppler"": 0.0, ""angle"": 0.8477391888665372, ""elevation"": 0.0}, {""range"": 1.1998362361647554, ""doppler"": 0.0, ""angle"": -2.4172261955353727, ""elevation"": 0.0}, {""range"": 0.7063363621306298, ""doppler"": 0.0, ""angle"": 9.045017337784113, ""elevation"": 0.0}, {""range"": 1.1658073919146876, ""doppler"": 0.0, ""angle"": 5.280358191021031, ""elevation"": 0.0}, {""range"": 0.6284243685219174, ""doppler"": 0.0, ""angle"": 11.239591708617766, ""elevation"": 0.0}, {""range"": 0.6360062753697749, ""doppler"": 0.0, ""angle"": 12.68431246201253, ""elevation"": 0.0}, {""range"": 0.6584686864950184, ""doppler"": 0.0, ""angle"": 13.93812789055756, ""elevation"": 0.0}, {""range"": 4.806375567936259, ""doppler"": 0.0, ""angle"": 36.86051859335713, ""elevation"": 0.0}]",1784935228163.0452
8,"[{""range"": 1.3404129390979729, ""doppler"": 0.0, ""angle"": -36.33026712919709, ""elevation"": 0.0}, {""range"": 1.3649685750636946, ""doppler"": 0.0, ""angle"": -42.88715398809316, ""elevation"": 0.0}, {""range"": 0.6071793483964435, ""doppler"": 0.0, ""angle"": 1.7551258468281523, ""elevation"": 0.0}, {""range"": 1.1897790626181615, ""doppler"": 0.0, ""angle"": 2.3773404146395163, ""elevation"": 0.0}, {""range"": 1.2039264931142575, ""doppler"": 0.0, ""angle"": -2.9371988583488515, ""elevation"": 0.0}, {""range"": 0.6675632137756379, ""doppler"": 0.0, ""angle"": 25.734536769243512, ""elevation"": 0.0}, {""range"": 0.7269030123493091, ""doppler"": 0.0, ""angle"": 35.195240909698654, ""elevation"": 0.0}, {""range"": 0.7637252825809159, ""doppler"": 0.0, ""angle"": 41.21242644944099, ""elevation"": 0.0}]",1784935228163.2632
11,"[{""range"": 1.3441070562188981, ""doppler"": 0.0, ""angle"": -28.225382928629372, ""elevation"": 0.0}, {""range"": 1.3517115269376843, ""doppler"": 0.0, ""angle"": -31.02355064480052, ""elevation"": 0.0}, {""range"": 0.619054589568599, ""doppler"": 0.0, ""angle"": -4.356817843374103, ""elevation"": 0.0}, {""range"": 0.6029632379941916, ""doppler"": 0.0, ""angle"": -0.16991581122801525, ""elevation"": 0.0}, {""range"": 1.190890398602962, ""doppler"": 0.0, ""angle"": 0.963586468516822, ""elevation"": 0.0}, {""range"": 1.214184022216208, ""doppler"": 0.0, ""angle"": -3.2926316836185823, ""elevation"": 0.0}, {""range"": 0.5840331638320858, ""doppler"": 0.0, ""angle"": 3.791903804038153, ""elevation"": 0.0}, {""range"": 0.6769749374217029, ""doppler"": 0.0, ""angle"": 32.89253693627068, ""elevation"": 0.0}, {""range"": 0.7262380837373945, ""doppler"": 0.0, ""angle"": 32.24613920989723, ""elevation"": 0.0}, {""range"": 0.7715398565805499, ""doppler"": 0.0, ""angle"": 35.53922144527339, ""elevation"": 0.0}, {""range"": 0.7997298235828298, ""doppler"": 0.0, ""angle"": 38.089590414963396, ""elevation"": 0.0}]",1784935228163.481
9,"[{""range"": 1.3618206743657753, ""doppler"": 0.0, ""angle"": -35.605893267909245, ""elevation"": 0.0}, {""range"": 1.3318493971282392, ""doppler"": 0.0, ""angle"": -27.61093049017012, ""elevation"": 0.0}, {""range"": 1.20363541713889, ""doppler"": 0.0, ""angle"": 1.0895951956066665, ""elevation"": 0.0}, {""range"": 0.6200420809021673, ""doppler"": 0.0, ""angle"": 10.451159661139277, ""elevation"": 0.0}, {""range"": 1.1712921605407152, ""doppler"": 0.0, ""angle"": 5.6070204451801215, ""elevation"": 0.0}, {""range"": 1.1826610461583598, ""doppler"": 0.0, ""angle"": 3.8492259683840597, ""elevation"": 0.0}, {""range"": 0.6378737174308555, ""doppler"": 0.0, ""angle"": 13.058421869531026, ""elevation"": 0.0}, {""range"": 0.6680325134322938, ""doppler"": 0.0, ""angle"": 16.77122381863042, ""elevation"": 0.0}, {""range"": 0.7084445825742675, ""doppler"": 0.0, ""angle"": 13.65041913475699, ""elevation"": 0.0}]",1784935228163.694
10,"[{""range"": 1.3607101849964098, ""doppler"": 0.0, ""angle"": -36.41210737798005, ""elevation"": 0.0}, {""range"": 1.3293068047140297, ""doppler"": 0.0, ""angle"": -28.340427770407796, ""elevation"": 0.0}, {""range"": 1.3940142109819493, ""doppler"": 0.0, ""angle"": -33.35169450675949, ""elevation"": 0.0}, {""range"": 1.3012313467612422, ""doppler"": 0.0, ""angle"": -25.022601366058137, ""elevation"": 0.0}, {""range"": 0.6318704810461689, ""doppler"": 0.0, ""angle"": 7.430708926731597, ""elevation"": 0.0}, {""range"": 1.1801882493456397, ""doppler"": 0.0, ""angle"": 5.381484423184382, ""elevation"": 0.0}, {""range"": 0.6438914980974908, ""doppler"": 0.0, ""angle"": 11.469078339733983, ""elevation"": 0.0}, {""range"": 0.6535759620283346, ""doppler"": 0.0, ""angle"": 15.389854414583063, ""elevation"": 0.0}, {""range"": 0.7108942659229613, ""doppler"": 0.0, ""angle"": 40.36837990073849, ""elevation"": 0.0}, {""range"": 0.7686046515796576, ""doppler"": 0.0, ""angle"": 50.38045905343257, ""elevation"": 0.0}]",1784935228163.911
10,"[{""range"": 1.3846410098571873, ""doppler"": 0.0, ""angle"": -36.61980272007952, ""elevation"": 0.0}, {""range"": 1.3575094721676713, ""doppler"": 0.0, ""angle"": -31.078951090227882, ""elevation"": 0.0}, {""range"": 1.3071165160803955, ""doppler"": 0.0, ""angle"": -20.500085160678477, ""elevation"": 0.0}, {""range"": 1.3315353055022794, ""doppler"": 0.0, ""angle"": -24.14529985159771, ""elevation"": 0.0}, {""range"": 0.6167287410392142, ""doppler"": 0.0, ""angle"": 2.758707826244639, ""elevation"": 0.0}, {""range"": 1.1737190417491308, ""doppler"": 0.0, ""angle"": 6.780719620328244, ""elevation"": 0.0}, {""range"": 0.7050891919129815, ""doppler"": 0.0, ""angle"": 14.06091258047465, ""elevation"": 0.0}, {""range"": 0.6506367070452608, ""doppler"": 0.0, ""angle"": 20.008667576128232, ""elevation"": 0.0}, {""range"": 0.6711366252874665, ""doppler"": 0.0, ""angle"": 19.453583332604353, ""elevation"": 0.0}, {""range"": 0.7393486539646806, ""doppler"": 0.0, ""angle"": 33.747716868793766, ""elevation"": 0.0}]",1784935228164.1282
9,"[{""range"": 1.3539665473983855, ""doppler"": 0.0, ""angle"": -29.442665428510665, ""elevation"": 0.0}, {""range"": 1.3397113836010834, ""doppler"": 0.0, ""angle"": -25.91181456552266, ""elevation"": 0.0}, {""range"": 1.1710761691910905, ""doppler"": 0.0, ""angle"": 6.0213698774027815, ""elevation"": 0.0}, {""range"": 1.1750923779284106, ""doppler"": 0.0, ""angle"": 4.9584112570359355, ""elevation"": 0.0}, {""range"": 0.5756153585544301, ""doppler"": 0.0, ""angle"": 12.231500921230175, ""elevation"": 0.0}, {""range"": 0.6185583659779311, ""doppler"": 0.0, ""angle"": 19.786409096303373, ""elevation"": 0.0}, {""range"": 0.6502906217245484, ""doppler"": 0.0, ""angle"": 27.798164739482647, ""elevation"": 0.0}, {""range"": 0.6674219738766345, ""doppler"": 0.0, ""angle"": 30.013346197550476, ""elevation"": 0.0}, {""range"": 0.7014863350665337, ""doppler"": 0.0, ""angle"": 30.244872877913018, ""elevation"": 0.0}]",1784935228164.34
6,"[{""range"": 1.3404729905975803, ""doppler"": 0.0, ""angle"": -27.754624912463996, ""elevation"": 0.0}, {""range"": 1.3447685019691895, ""doppler"": 0.0, ""angle"": -33.337189997068634, ""elevation"": 0.0}, {""range"": 0.6315165923862816, ""doppler"": 0.0, ""angle"": 15.755978005235889, ""elevation"": 0.0}, {""range"": 0.6555263714941035, ""doppler"": 0.0, ""angle"": 22.332528848298228, ""elevation"": 0.0}, {""range"": 0.665636281584582, ""doppler"": 0.0, ""angle"": 25.780320858172825, ""elevation"": 0.0}, {""range"": 0.6868813945860316, ""doppler"": 0.0, ""angle"": 27.15206388887356, ""elevation"": 0.0}]",1784935228164.556
9,"[{""range"": 1.3304649431709732, ""doppler"": 0.0, ""angle"": -26.992084001882237, ""elevation"": 0.0}, {""range"": 1.342450575028619, ""doppler"": 0.0, ""angle"": -33.256145173442256, ""elevation"": 0.0}, {""range"": 0.5714106919668798, ""doppler"": 0.0, ""angle"": -21.015627177113434, ""elevation"": 0.0}, {""range"": 1.3045068824463906, ""doppler"": 0.0, ""angle"": -22.765461729330095, ""elevation"": 0.0}, {""range"": 0.6289930293541907, ""doppler"": 0.0, ""angle"": 8.270617593302209, ""elevation"": 0.0}, {""range"": 0.6342872795763267, ""doppler"": 0.0, ""angle"": 6.832509490574388, ""elevation"": 0.0}, {""range"": 0.6427839397952292, ""doppler"": 0.0, ""angle"": 4.819235231001628, ""elevation"": 0.0}, {""range"": 1.1689949981563952, ""doppler"": 0.0, ""angle"": 5.714953480523529, ""elevation"": 0.0}, {""range"": 1.1764085026159208, ""doppler"": 0.0, ""angle"": 4.463496134135272, ""elevation"": 0.0}]",1784935228164.7732
8,"[{""range"": 0.5768887821967573, ""doppler"": 0.0, ""angle"": -28.47155764261005, ""elevation"": 0.0}, {""range"": 0.5932420351364317, ""doppler"": 0.0, ""angle"": -30.82455279267946, ""elevation"": 0.0}, {""range"": 1.3351567581222692, ""doppler"": 0.0, ""angle"": -28.23994934679212, ""elevation"": 0.0}, {""range"": 1.3489949328397273, ""doppler"": 0.0, ""angle"": -31.680144395392325, ""elevation"": 0.0}, {""range"": 1.1652338376974114, ""doppler"": 0.0, ""angle"": 3.087651284985066, ""elevation"": 0.0}, {""range"": 1.1717364399313013, ""doppler"": 0.0, ""angle"": 2.6152671585625322, ""elevation"": 0.0}, {""range"": 0.6511430298426557, ""doppler"": 0.0, ""angle"": 9.643391788790545, ""elevation"": 0.0}, {""range"": 0.648878022985926, ""doppler"": 0.0, ""angle"": 9.59730046304121, ""elevation"": 0.0}]",1784935228164.9868
9,"[{""range"": 1.3907623291853504, ""doppler"": 0.0, ""angle"": -35.90334501691286, ""elevation"": 0.0}, {""range"": 1.3339624966979176, ""doppler"": 0.0, ""angle"": -27.252018010981356, ""elevation"": 0.0}, {""range"": 1.3605657565675044, ""doppler"": 0.0, ""angle"": -32.99040537728395, ""elevation"": 0.0}, {""range"": 1.307626432923173, ""doppler"": 0.0, ""angle"": -20.759624117225105, ""elevation"": 0.0}, {""range"": 0.6230504110367578, ""doppler"": 0.0, ""angle"": 1.5952496230273447, ""elevation"": 0.0}, {""range"": 0.6402381166924974, ""doppler"": 0.0, ""angle"": 2.1287959297265715, ""elevation"": 0.0}, {""range"": 0.651739677699083, ""doppler"": 0.0, ""angle"": 1.1947991316077717, ""elevation"": 0.0}, {""range"": 1.1678259745901738, ""doppler"": 0.0, ""angle"": 6.947647445732178, ""elevation"": 0.0}, {""range"": 0.5730794387873327, ""doppler"": 0.0, ""angle"": 14.270385655808331, ""elevation"": 0.0}]",1784935228165.197
5,"[{""range"": 1.3397861199319323, ""doppler"": 0.0, ""angle"": -26.660806240510876, ""elevation"": 0.0}, {""range"": 1.3522354258403513, ""doppler"": 0.0, ""angle"": -33.555580503517135, ""elevation"": 0.0}, {""range"": 0.6291250830150051, ""doppler"": 0.0, ""angle"": 5.349238156311251, ""elevation"": 0.0}, {""range"": 0.63608220934243, ""doppler"": 0.0, ""angle"": 10.381200458270527, ""elevation"": 0.0}, {""range"": 0.6660828654391135, ""doppler"": 0.0, ""angle"": 27.10160300345435, ""elevation"": 0.0}]",1784935228165.46
10,"[{""range"": 1.3912439902492737, ""doppler"": 0.0, ""angle"": -36.88609870383196, ""elevation"": 0.0}, {""range"": 1.3624708452927028, ""doppler"": 0.0, ""angle"": -32.10900363066579, ""elevation"": 0.0}, {""range"": 1.3356536718549317, ""doppler"": 0.0, ""angle"": -25.604493378994306, ""elevation"": 0.0}, {""range"": 0.5859361837777892, ""doppler"": 0.0, ""angle"": -17.27370691460801, ""elevation"": 0.0}, {""range"": 0.6134246875382839, ""doppler"": 0.0, ""angle"": -11.637483099032934, ""elevation"": 0.0}, {""range"": 0.6403842287174092, ""doppler"": 0.0, ""angle"": -2.048263570582746, ""elevation"": 0.0}, {""range"": 0.6750515906317777, ""doppler"": 0.0, ""angle"": 9.806646659841451, ""elevation"": 0.0}, {""range"": 1.1777044097354417, ""doppler"": 0.0, ""angle"": 5.48899400743299, ""elevation"": 0.0}, {""range"": 0.7146989845986044, ""doppler"": 0.0, ""angle"": 16.362844102660194, ""elevation"": 0.0}, {""range"": 0.742766566255509, ""doppler"": 0.0, ""angle"": 12.202654977265752, ""elevation"": 0.0}]",1784935228165.6792
8,"[{""range"": 1.3386676225221275, ""doppler"": 0.0, ""angle"": -26.44525730844784, ""elevation"": 0.0}, {""range"": 1.362513274719397, ""doppler"": 0.0, ""angle"": -31.54149217782947, ""elevation"": 0.0}, {""range"": 1.3919470346249934, ""doppler"": 0.0, ""angle"": -32.33853073979138, ""elevation"": 0.0}, {""range"": 0.656515670361602, ""doppler"": 0.0, ""angle"": 1.6388054955657747, ""elevation"": 0.0}, {""range"": 1.1703357794879075, ""doppler"": 0.0, ""angle"": 2.451907618763994, ""elevation"": 0.0}, {""range"": 1.1783722951466575, ""doppler"": 0.0, ""angle"": 2.2176351081915677, ""elevation"": 0.0}, {""range"": 0.6558501689129276, ""doppler"": 0.0, ""angle"": 4.393912934822436, ""elevation"": 0.0}, {""range"": 0.6968777291308503, ""doppler"": 0.0, ""angle"": 37.71380544592009, ""elevation"": 0.0}]",1784935228165.897
5,"[{""range"": 0.6142420797831264, ""doppler"": 0.0, ""angle"": -32.34838291311795, ""elevation"": 0.0}, {""range"": 0.6398057773658987, ""doppler"": 0.0, ""angle"": -23.591784486787024, ""elevation"": 0.0}, {""range"": 1.2062159785421787, ""doppler"": 0.0, ""angle"": -4.591531972992577, ""elevation"": 0.0}, {""range"": 1.1736355148861133, ""doppler"": 0.0, ""angle"": 3.528960000527859, ""elevation"": 0.0}, {""range"": 1.1859201116646432, ""doppler"": 0.0, ""angle"": 0.38012323744592746, ""elevation"": 0.0}]",1784935228166.188
11,"[{""range"": 1.3369895867567745, ""doppler"": 0.0, ""angle"": -26.42111806639597, ""elevation"": 0.0}, {""range"": 1.3620484619904274, ""doppler"": 0.0, ""angle"": -30.841205800268927, ""elevation"": 0.0}, {""range"": 1.3951124349688244, ""doppler"": 0.0, ""angle"": -32.54328650380462, ""elevation"": 0.0}, {""range"": 1.308825279004351, ""doppler"": 0.0, ""angle"": -23.74232954701243, ""elevation"": 0.0}, {""range"": 0.6224744208092182, ""doppler"": 0.0, ""angle"": 0.4937750162745953, ""elevation"": 0.0}, {""range"": 0.6402022826957072, ""doppler"": 0.0, ""angle"": 2.449235118164627, ""elevation"": 0.0}, {""range"": 1.1640238309483417, ""doppler"": 0.0, ""angle"": 3.434684659616897, ""elevation"": 0.0}, {""range"": 1.1782998169400487, ""doppler"": 0.0, ""angle"": 1.2347815839086034, ""elevation"": 0.0}, {""range"": 0.6731687519407228, ""doppler"": 0.0, ""angle"": 20.639766647238787, ""elevation"": 0.0}, {""range"": 0.7125352965309081, ""doppler"": 0.0, ""angle"": 31.128973084148363, ""elevation"": 0.0}, {""range"": 0.7643837245779768, ""doppler"": 0.0, ""angle"": 37.59637734569268, ""elevation"": 0.0}]",1784935228166.458
5,"[{""range"": 1.174519206287624, ""doppler"": 0.0, ""angle"": 1.1776824891977058, ""elevation"": 0.0}, {""range"": 0.6369102839670681, ""doppler"": 0.0, ""angle"": 13.392497753751098, ""elevation"": 0.0}, {""range"": 0.6561290478151034, ""doppler"": 0.0, ""angle"": 12.881090424035035, ""elevation"": 0.0}, {""range"": 0.6645942643038246, ""doppler"": 0.0, ""angle"": 13.299661418892399, ""elevation"": 0.0}, {""range"": 0.6862624644130035, ""doppler"": 0.0, ""angle"": 12.765224528917374, ""elevation"": 0.0}]",1784935228166.678
8,"[{""range"": 0.6066176740498048, ""doppler"": 0.0, ""angle"": -34.28497411619252, ""elevation"": 0.0}, {""range"": 1.3485346602900152, ""doppler"": 0.0, ""angle"": -30.063392077768707, ""elevation"": 0.0}, {""range"": 1.3387989491779477, ""doppler"": 0.0, ""angle"": -24.7200890900515, ""elevation"": 0.0}, {""range"": 1.178014609491768, ""doppler"": 0.0, ""angle"": 0.9654212282655862, ""elevation"": 0.0}, {""range"": 1.1661019464867375, ""doppler"": 0.0, ""angle"": 4.053692246726341, ""elevation"": 0.0}, {""range"": 0.7096428505385958, ""doppler"": 0.0, ""angle"": 14.043246557730031, ""elevation"": 0.0}, {""range"": 0.6766219329272253, ""doppler"": 0.0, ""angle"": 22.8108851148547, ""elevation"": 0.0}, {""range"": 0.6962729431302211, ""doppler"": 0.0, ""angle"": 19.300462497209654, ""elevation"": 0.0}]",1784935228166.892
9,"[{""range"": 1.3468112168525248, ""doppler"": 0.0, ""angle"": -31.14901023987424, ""elevation"": 0.0}, {""range"": 0.5975152633799332, ""doppler"": 0.0, ""angle"": -19.183232755158105, ""elevation"": 0.0}, {""range"": 1.342522646216192, ""doppler"": 0.0, ""angle"": -25.43873770231557, ""elevation"": 0.0}, {""range"": 0.6225868779219226, ""doppler"": 0.0, ""angle"": -12.742996541346297, ""elevation"": 0.0}, {""range"": 0.6498350302305976, ""doppler"": 0.0, ""angle"": -0.5045177647758063, ""elevation"": 0.0}, {""range"": 1.1830457734399755, ""doppler"": 0.0, ""angle"": -2.2435367872316005, ""elevation"": 0.0}, {""range"": 0.6765133300013864, ""doppler"": 0.0, ""angle"": 10.986197389965074, ""elevation"": 0.0}, {""range"": 0.7019317020252155, ""doppler"": 0.0, ""angle"": 20.28613060688858, ""elevation"": 0.0}, {""range"": 0.7433404292517447, ""doppler"": 0.0, ""angle"": 34.156436002484796, ""elevation"": 0.0}]",1784935228167.1118
8,"[{""range"": 1.3281202473231428, ""doppler"": 0.0, ""angle"": -28.245374321439744, ""elevation"": 0.0}, {""range"": 0.627382162554086, ""doppler"": 0.0, ""angle"": -14.35705845752188, ""elevation"": 0.0}, {""range"": 0.6386762152539068, ""doppler"": 0.0, ""angle"": -9.377931909830902, ""elevation"": 0.0}, {""range"": 0.6511671154333146, ""doppler"": 0.0, ""angle"": -3.6999962569897127, ""elevation"": 0.0}, {""range"": 1.184373348219939, ""doppler"": 0.0, ""angle"": -2.111171279749908, ""elevation"": 0.0}, {""range"": 0.7144671802038507, ""doppler"": 0.0, ""angle"": 22.32865637801915, ""elevation"": 0.0}, {""range"": 0.7833198445247077, ""doppler"": 0.0, ""angle"": 35.88890140171414, ""elevation"": 0.0}, {""range"": 0.8122804583401764, ""doppler"": 0.0, ""angle"": 36.10805071529527, ""elevation"": 0.0}]",1784935228167.33
10,"[{""range"": 1.3585725072412258, ""doppler"": 0.0, ""angle"": -31.803142960097617, ""elevation"": 0.0}, {""range"": 1.3968903920375317, ""doppler"": 0.0, ""angle"": -31.158720672222728, ""elevation"": 0.0}, {""range"": 1.307898264908872, ""doppler"": 0.0, ""angle"": -23.25619073215701, ""elevation"": 0.0}, {""range"": 1.3286821219695046, ""doppler"": 0.0, ""angle"": -25.885700050702336, ""elevation"": 0.0}, {""range"": 0.5927602899033275, ""doppler"": 0.0, ""angle"": -6.130234135948144, ""elevation"": 0.0}, {""range"": 0.6229629057257507, ""doppler"": 0.0, ""angle"": -3.323967846608653, ""elevation"": 0.0}, {""range"": 1.1751758420556566, ""doppler"": 0.0, ""angle"": 0.24410713931472072, ""elevation"": 0.0}, {""range"": 0.6463965190431266, ""doppler"": 0.0, ""angle"": 5.205908727159046, ""elevation"": 0.0}, {""range"": 0.6626954656112046, ""doppler"": 0.0, ""angle"": 10.997639155049708, ""elevation"": 0.0}, {""range"": 0.6871932097293416, ""doppler"": 0.0, ""angle"": 14.419535486197704, ""elevation"": 0.0}]",1784935228168.153
5,"[{""range"": 1.3349107409153662, ""doppler"": 0.0, ""angle"": -27.82824433117789, ""elevation"": 0.0}, {""range"": 1.3624670552104914, ""doppler"": 0.0, ""angle"": -33.38765740357667, ""elevation"": 0.0}, {""range"": 1.4054256190296104, ""doppler"": 0.0, ""angle"": -29.422083947065925, ""elevation"": 0.0}, {""range"": 0.6844818496309217, ""doppler"": 0.0, ""angle"": -1.2424364483713628, ""elevation"": 0.0}, {""range"": 1.181781413714229, ""doppler"": 0.0, ""angle"": -0.026008068805189424, ""elevation"": 0.0}]",1784935228168.3662
10,"[{""range"": 1.350508347545913, ""doppler"": 0.0, ""angle"": -31.480272377257997, ""elevation"": 0.0}, {""range"": 1.3387717582017322, ""doppler"": 0.0, ""angle"": -23.671882660473297, ""elevation"": 0.0}, {""range"": 1.4758065078032085, ""doppler"": 0.0, ""angle"": -17.530446211500895, ""elevation"": 0.0}, {""range"": 1.1832131546062372, ""doppler"": 0.0, ""angle"": -0.08658868957805689, ""elevation"": 0.0}, {""range"": 1.1942374787179109, ""doppler"": 0.0, ""angle"": -2.918098728360931, ""elevation"": 0.0}, {""range"": 1.1673631566277802, ""doppler"": 0.0, ""angle"": 4.058103802731542, ""elevation"": 0.0}, {""range"": 0.6534072073145931, ""doppler"": 0.0, ""angle"": 14.793043801573841, ""elevation"": 0.0}, {""range"": 0.6811214996007547, ""doppler"": 0.0, ""angle"": 15.532162680162903, ""elevation"": 0.0}, {""range"": 0.7130522612548348, ""doppler"": 0.0, ""angle"": 18.162330200570466, ""elevation"": 0.0}, {""range"": 0.7460039547905973, ""doppler"": 0.0, ""angle"": 19.403468407795685, ""elevation"": 0.0}]",1784935228168.579
8,"[{""range"": 0.6203797603341201, ""doppler"": 0.0, ""angle"": -35.62790729142092, ""elevation"": 0.0}, {""range"": 1.3700477315776318, ""doppler"": 0.0, ""angle"": -35.249936457987424, ""elevation"": 0.0}, {""range"": 1.3420141115630104, ""doppler"": 0.0, ""angle"": -28.429503138438132, ""elevation"": 0.0}, {""range"": 1.4031699990377908, ""doppler"": 0.0, ""angle"": -33.5341362309472, ""elevation"": 0.0}, {""range"": 1.1727619133845144, ""doppler"": 0.0, ""angle"": 2.359394972962181, ""elevation"": 0.0}, {""range"": 1.1846561341109465, ""doppler"": 0.0, ""angle"": -0.27674727334805205, ""elevation"": 0.0}, {""range"": 1.2029825676992871, ""doppler"": 0.0, ""angle"": -3.502490748672692, ""elevation"": 0.0}, {""range"": 0.6591346730086985, ""doppler"": 0.0, ""angle"": 11.819011664474008, ""elevation"": 0.0}]",1784935228168.7888
8,"[{""range"": 1.3579591445507728, ""doppler"": 0.0, ""angle"": -32.91791139625806, ""elevation"": 0.0}, {""range"": 1.4098589159431805, ""doppler"": 0.0, ""angle"": -26.240064421204444, ""elevation"": 0.0}, {""range"": 1.3326805307911649, ""doppler"": 0.0, ""angle"": -25.13811046596285, ""elevation"": 0.0}, {""range"": 1.4433101043269199, ""doppler"": 0.0, ""angle"": -25.422144844011353, ""elevation"": 0.0}, {""range"": 0.6122242858434271, ""doppler"": 0.0, ""angle"": -16.37065265398282, ""elevation"": 0.0}, {""range"": 0.6290040094680994, ""doppler"": 0.0, ""angle"": -13.178964725094325, ""elevation"": 0.0}, {""range"": 1.1829420925303553, ""doppler"": 0.0, ""angle"": 2.538459353566657, ""elevation"": 0.0}, {""range"": 0.6818965699854408, ""doppler"": 0.0, ""angle"": 16.201307917859673, ""elevation"": 0.0}]",1784935228169.001
9,"[{""range"": 0.5949004152818326, ""doppler"": 0.0, ""angle"": -20.314164737736107, ""elevation"": 0.0}, {""range"": 0.6083737007797124, ""doppler"": 0.0, ""angle"": -20.63488624383665, ""elevation"": 0.0}, {""range"": 0.6200376460253966, ""doppler"": 0.0, ""angle"": -25.87041176086884, ""elevation"": 0.0}, {""range"": 1.3291360984006997, ""doppler"": 0.0, ""angle"": -22.262319448056196, ""elevation"": 0.0}, {""range"": 1.4182960831741136, ""doppler"": 0.0, ""angle"": -25.75093339617075, ""elevation"": 0.0}, {""range"": 0.6475944563254115, ""doppler"": 0.0, ""angle"": -1.7088699557645946, ""elevation"": 0.0}, {""range"": 0.6675636448504921, ""doppler"": 0.0, ""angle"": 1.5042058714092454, ""elevation"": 0.0}, {""range"": 1.1891858671715814, ""doppler"": 0.0, ""angle"": 1.5423386236680936, ""elevation"": 0.0}, {""range"": 0.7722865350336419, ""doppler"": 0.0, ""angle"": 45.98501132255506, ""elevation"": 0.0}]",1784935228169.208
10,"[{""range"": 1.3377448557733609, ""doppler"": 0.0, ""angle"": -26.123216585537623, ""elevation"": 0.0}, {""range"": 1.3635528639660486, ""doppler"": 0.0, ""angle"": -30.550117648095558, ""elevation"": 0.0}, {""range"": 1.3909476668369927, ""doppler"": 0.0, ""angle"": -27.59284519249521, ""elevation"": 0.0}, {""range"": 0.6154760294063402, ""doppler"": 0.0, ""angle"": -20.261853616113886, ""elevation"": 0.0}, {""range"": 0.624575187603845, ""doppler"": 0.0, ""angle"": -19.866785724354838, ""elevation"": 0.0}, {""range"": 1.3001438692350509, ""doppler"": 0.0, ""angle"": -22.89748856234732, ""elevation"": 0.0}, {""range"": 0.5723785717035346, ""doppler"": 0.0, ""angle"": -6.241358304447023, ""elevation"": 0.0}, {""range"": 1.1767196689595332, ""doppler"": 0.0, ""angle"": 3.2667625799174833, ""elevation"": 0.0}, {""range"": 1.183852827863151, ""doppler"": 0.0, ""angle"": 0.7615908828378098, ""elevation"": 0.0}, {""range"": 1.2014050358944803, ""doppler"": 0.0, ""angle"": -1.6375512442506182, ""elevation"": 0.0}]",1784935228169.421
7,"[{""range"": 1.3504835705493143, ""doppler"": 0.0, ""angle"": -27.779740582645275, ""elevation"": 0.0}, {""range"": 1.33634180520571, ""doppler"": 0.0, ""angle"": -24.061349862260492, ""elevation"": 0.0}, {""range"": 0.6177158095270507, ""doppler"": 0.0, ""angle"": -9.413241934909982, ""elevation"": 0.0}, {""range"": 0.6276547396808909, ""doppler"": 0.0, ""angle"": -5.821039565130296, ""elevation"": 0.0}, {""range"": 1.1741356474197653, ""doppler"": 0.0, ""angle"": 2.0597346135294377, ""elevation"": 0.0}, {""range"": 1.1821548644836881, ""doppler"": 0.0, ""angle"": 1.0400511878064203, ""elevation"": 0.0}, {""range"": 1.198864967062003, ""doppler"": 0.0, ""angle"": 0.7264141279902023, ""elevation"": 0.0}]",1784935228169.636
8,"[{""range"": 1.388269111768676, ""doppler"": 0.0, ""angle"": -34.47811626153664, ""elevation"": 0.0}, {""range"": 1.3390206956322737, ""doppler"": 0.0, ""angle"": -26.985933530131526, ""elevation"": 0.0}, {""range"": 1.3571695373827084, ""doppler"": 0.0, ""angle"": -30.937863647216055, ""elevation"": 0.0}, {""range"": 0.6116442953085315, ""doppler"": 0.0, ""angle"": -3.2680989068186457, ""elevation"": 0.0}, {""range"": 0.6265152379859551, ""doppler"": 0.0, ""angle"": -1.7991045749619181, ""elevation"": 0.0}, {""range"": 1.1737020426345255, ""doppler"": 0.0, ""angle"": 3.581234894016988, ""elevation"": 0.0}, {""range"": 1.1856712290513267, ""doppler"": 0.0, ""angle"": 0.8641242120771533, ""elevation"": 0.0}, {""range"": 1.2041751740476994, ""doppler"": 0.0, ""angle"": -1.0976164223188405, ""elevation"": 0.0}]",1784935228169.848
10,"[{""range"": 1.3672009230884525, ""doppler"": 0.0, ""angle"": -39.166557695131026, ""elevation"": 0.0}, {""range"": 1.396079002108729, ""doppler"": 0.0, ""angle"": -40.54318777693504, ""elevation"": 0.0}, {""range"": 1.3431326312659249, ""doppler"": 0.0, ""angle"": -29.0560858737041, ""elevation"": 0.0}, {""range"": 0.5840552814499568, ""doppler"": 0.0, ""angle"": -21.404003550502754, ""elevation"": 0.0}, {""range"": 0.6113692608010001, ""doppler"": 0.0, ""angle"": -22.83771857313759, ""elevation"": 0.0}, {""range"": 1.1981952417753587, ""doppler"": 0.0, ""angle"": -4.176388327078397, ""elevation"": 0.0}, {""range"": 1.1893163323762526, ""doppler"": 0.0, ""angle"": -0.3704231233138813, ""elevation"": 0.0}, {""range"": 1.1731357687568689, ""doppler"": 0.0, ""angle"": 3.696727516299191, ""elevation"": 0.0}, {""range"": 0.657965401121692, ""doppler"": 0.0, ""angle"": 15.252387341115186, ""elevation"": 0.0}, {""range"": 0.6719085566482556, ""doppler"": 0.0, ""angle"": 12.323725980708033, ""elevation"": 0.0}]",1784935228170.056
8,"[{""range"": 1.3351164888408245, ""doppler"": 0.0, ""angle"": -27.06266598041373, ""elevation"": 0.0}, {""range"": 1.3705849528803111, ""doppler"": 0.0, ""angle"": -33.81860755963539, ""elevation"": 0.0}, {""range"": 0.6118302134003101, ""doppler"": 0.0, ""angle"": -20.35221625564121, ""elevation"": 0.0}, {""range"": 1.2043708933350663, ""doppler"": 0.0, ""angle"": -4.666858371438996, ""elevation"": 0.0}, {""range"": 1.1852546315015255, ""doppler"": 0.0, ""angle"": 0.6483102095309142, ""elevation"": 0.0}, {""range"": 1.1681584779530807, ""doppler"": 0.0, ""angle"": 3.589464441017676, ""elevation"": 0.0}, {""range"": 0.6824969017912811, ""doppler"": 0.0, ""angle"": 17.205369909735886, ""elevation"": 0.0}, {""range"": 0.6994768232426154, ""doppler"": 0.0, ""angle"": 18.620221514312615, ""elevation"": 0.0}]",1784935228170.266
9,"[{""range"": 1.3791851058743376, ""doppler"": 0.0, ""angle"": -35.33647111593272, ""elevation"": 0.0}, {""range"": 1.3496628553017214, ""doppler"": 0.0, ""angle"": -33.9111312063053, ""elevation"": 0.0}, {""range"": 1.4103248050923884, ""doppler"": 0.0, ""angle"": -30.5252134220479, ""elevation"": 0.0}, {""range"": 0.5898054496452289, ""doppler"": 0.0, ""angle"": -23.36281363578551, ""elevation"": 0.0}, {""range"": 0.6100293912007732, ""doppler"": 0.0, ""angle"": -20.379134152998418, ""elevation"": 0.0}, {""range"": 0.6167170498364641, ""doppler"": 0.0, ""angle"": -20.94686454534476, ""elevation"": 0.0}, {""range"": 1.1871773299286743, ""doppler"": 0.0, ""angle"": 1.0788077825868823, ""elevation"": 0.0}, {""range"": 1.197179214747621, ""doppler"": 0.0, ""angle"": -2.4482909571603906, ""elevation"": 0.0}, {""range"": 0.7276668225515545, ""doppler"": 0.0, ""angle"": 18.987051462197947, ""elevation"": 0.0}]",1784935228170.476
8,"[{""range"": 1.3534376723212, ""doppler"": 0.0, ""angle"": -29.725163955574594, ""elevation"": 0.0}, {""range"": 1.3338123672288678, ""doppler"": 0.0, ""angle"": -24.362585038408742, ""elevation"": 0.0}, {""range"": 1.1694648395063227, ""doppler"": 0.0, ""angle"": 3.4888983487708063, ""elevation"": 0.0}, {""range"": 1.1839664348541294, ""doppler"": 0.0, ""angle"": 0.4672864362859021, ""elevation"": 0.0}, {""range"": 1.1946495252541347, ""doppler"": 0.0, ""angle"": -1.3894440342594951, ""elevation"": 0.0}, {""range"": 0.6491340130659268, ""doppler"": 0.0, ""angle"": 13.15195413465195, ""elevation"": 0.0}, {""range"": 0.6747084085343165, ""doppler"": 0.0, ""angle"": 16.33126939293817, ""elevation"": 0.0}, {""range"": 0.7101340953734194, ""doppler"": 0.0, ""angle"": 17.905714756860206, ""elevation"": 0.0}]",1784935228170.6821
9,"[{""range"": 1.304567508341796, ""doppler"": 0.0, ""angle"": -27.927891924198487, ""elevation"": 0.0}, {""range"": 1.358243726268497, ""doppler"": 0.0, ""angle"": -30.018077149699376, ""elevation"": 0.0}, {""range"": 1.3937142323150857, ""doppler"": 0.0, ""angle"": -32.56252808179112, ""elevation"": 0.0}, {""range"": 0.6181498396519566, ""doppler"": 0.0, ""angle"": -20.73645183812788, ""elevation"": 0.0}, {""range"": 0.6219353769800876, ""doppler"": 0.0, ""angle"": -24.258541017195423, ""elevation"": 0.0}, {""range"": 1.333312525020132, ""doppler"": 0.0, ""angle"": -25.46532724899361, ""elevation"": 0.0}, {""range"": 1.1821178628211402, ""doppler"": 0.0, ""angle"": 0.9360656025869041, ""elevation"": 0.0}, {""range"": 1.195978830144542, ""doppler"": 0.0, ""angle"": -0.6253627113256014, ""elevation"": 0.0}, {""range"": 1.165363239197892, ""doppler"": 0.0, ""angle"": 4.038639174555339, ""elevation"": 0.0}]",1784935228170.893
9,"[{""range"": 1.352386430057626, ""doppler"": 0.0, ""angle"": -27.90002792683145, ""elevation"": 0.0}, {""range"": 1.3129117810656072, ""doppler"": 0.0, ""angle"": -24.896679861367055, ""elevation"": 0.0}, {""range"": 1.3316037533685439, ""doppler"": 0.0, ""angle"": -23.849214671571545, ""elevation"": 0.0}, {""range"": 0.6230551323814972, ""doppler"": 0.0, ""angle"": -15.29261593560559, ""elevation"": 0.0}, {""range"": 0.6444644713469884, ""doppler"": 0.0, ""angle"": -7.6534728978394275, ""elevation"": 0.0}, {""range"": 0.6756652684274782, ""doppler"": 0.0, ""angle"": 1.0159912288556798, ""elevation"": 0.0}, {""range"": 1.1799886138410778, ""doppler"": 0.0, ""angle"": 1.988698115490725, ""elevation"": 0.0}, {""range"": 0.713893420021315, ""doppler"": 0.0, ""angle"": 10.141826835224606, ""elevation"": 0.0}, {""range"": 1.1688792248231, ""doppler"": 0.0, ""angle"": 4.11434304006234, ""elevation"": 0.0}]",1784935228171.1099
10,"[{""range"": 1.357095569883305, ""doppler"": 0.0, ""angle"": -30.66726552823837, ""elevation"": 0.0}, {""range"": 1.3932048180354375, ""doppler"": 0.0, ""angle"": -32.82933912480397, ""elevation"": 0.0}, {""range"": 0.6132103404217956, ""doppler"": 0.0, ""angle"": -22.204741283747605, ""elevation"": 0.0}, {""range"": 1.3066894288912494, ""doppler"": 0.0, ""angle"": -24.755426458067372, ""elevation"": 0.0}, {""range"": 1.3297691640288534, ""doppler"": 0.0, ""angle"": -24.814422578384455, ""elevation"": 0.0}, {""range"": 0.596284014326781, ""doppler"": 0.0, ""angle"": -13.757038664587485, ""elevation"": 0.0}, {""range"": 0.6095704076670825, ""doppler"": 0.0, ""angle"": -16.356342988386864, ""elevation"": 0.0}, {""range"": 1.17233231438956, ""doppler"": 0.0, ""angle"": 2.272796254965087, ""elevation"": 0.0}, {""range"": 1.181561629919063, ""doppler"": 0.0, ""angle"": 1.326776763904087, ""elevation"": 0.0}, {""range"": 1.8346860386574446, ""doppler"": 0.0, ""angle"": 14.263778461232814, ""elevation"": 0.0}]",1784935228171.327
8,"[{""range"": 1.365417687746894, ""doppler"": 0.0, ""angle"": -35.44260214177379, ""elevation"": 0.0}, {""range"": 1.392530226683701, ""doppler"": 0.0, ""angle"": -40.67790390369412, ""elevation"": 0.0}, {""range"": 0.5932882776213185, ""doppler"": 0.0, ""angle"": -19.83852110993873, ""elevation"": 0.0}, {""range"": 1.3305402108892828, ""doppler"": 0.0, ""angle"": -25.104812466065088, ""elevation"": 0.0}, {""range"": 0.6153531796675066, ""doppler"": 0.0, ""angle"": -16.475981916780825, ""elevation"": 0.0}, {""range"": 0.6199362282385394, ""doppler"": 0.0, ""angle"": -14.533270083756085, ""elevation"": 0.0}, {""range"": 1.1813518873472035, ""doppler"": 0.0, ""angle"": 3.0889089494531206, ""elevation"": 0.0}, {""range"": 1.1641800084846208, ""doppler"": 0.0, ""angle"": 5.906744818233932, ""elevation"": 0.0}]",1784935228171.536
9,"[{""range"": 1.35228061183423, ""doppler"": 0.0, ""angle"": -29.300387209452623, ""elevation"": 0.0}, {""range"": 0.6156304335550496, ""doppler"": 0.0, ""angle"": -22.490569778394015, ""elevation"": 0.0}, {""range"": 1.3085835476102903, ""doppler"": 0.0, ""angle"": -24.295572488355102, ""elevation"": 0.0}, {""range"": 1.3359147028562763, ""doppler"": 0.0, ""angle"": -24.33859443968427, ""elevation"": 0.0}, {""range"": 0.6342976639517587, ""doppler"": 0.0, ""angle"": -13.166530249115986, ""elevation"": 0.0}, {""range"": 0.6633950934417497, ""doppler"": 0.0, ""angle"": -4.793139895775382, ""elevation"": 0.0}, {""range"": 1.1818967753914371, ""doppler"": 0.0, ""angle"": 1.621227659315098, ""elevation"": 0.0}, {""range"": 1.1707401110286146, ""doppler"": 0.0, ""angle"": 4.160435754168388, ""elevation"": 0.0}, {""range"": 0.7160043300785537, ""doppler"": 0.0, ""angle"": 25.470727349414993, ""elevation"": 0.0}]",1784935228171.752
6,"[{""range"": 1.3411459439551987, ""doppler"": 0.0, ""angle"": -20.527433990345603, ""elevation"": 0.0}, {""range"": 0.5916877432241816, ""doppler"": 0.0, ""angle"": -13.011488722333992, ""elevation"": 0.0}, {""range"": 0.6092053232133033, ""doppler"": 0.0, ""angle"": -14.256500950148332, ""elevation"": 0.0}, {""range"": 0.615866782585927, ""doppler"": 0.0, ""angle"": -14.92391604747435, ""elevation"": 0.0}, {""range"": 1.1857381736331258, ""doppler"": 0.0, ""angle"": 1.451747015329294, ""elevation"": 0.0}, {""range"": 0.665138059145736, ""doppler"": 0.0, ""angle"": 28.239204634547338, ""elevation"": 0.0}]",1784935228171.969
7,"[{""range"": 1.3636693670653637, ""doppler"": 0.0, ""angle"": -34.31311763711334, ""elevation"": 0.0}, {""range"": 1.34234362816499, ""doppler"": 0.0, ""angle"": -26.520678188590225, ""elevation"": 0.0}, {""range"": 0.6123489642735104, ""doppler"": 0.0, ""angle"": -21.3726545390374, ""elevation"": 0.0}, {""range"": 0.6200176371171889, ""doppler"": 0.0, ""angle"": -22.519448718846196, ""elevation"": 0.0}, {""range"": 0.5901273799594016, ""doppler"": 0.0, ""angle"": -18.039660333689074, ""elevation"": 0.0}, {""range"": 1.205328640080499, ""doppler"": 0.0, ""angle"": -4.03232402928134, ""elevation"": 0.0}, {""range"": 1.1919601396311081, ""doppler"": 0.0, ""angle"": -0.9541250763231951, ""elevation"": 0.0}]",1784935228172.181
9,"[{""range"": 1.3622293854350365, ""doppler"": 0.0, ""angle"": -37.7694423852281, ""elevation"": 0.0}, {""range"": 1.337527523544197, ""doppler"": 0.0, ""angle"": -29.207122662101174, ""elevation"": 0.0}, {""range"": 0.5956865714368359, ""doppler"": 0.0, ""angle"": -23.587030525128238, ""elevation"": 0.0}, {""range"": 0.6174406572266131, ""doppler"": 0.0, ""angle"": -16.073033674217356, ""elevation"": 0.0}, {""range"": 0.6314895041300799, ""doppler"": 0.0, ""angle"": -6.895609072966043, ""elevation"": 0.0}, {""range"": 1.2079862781320645, ""doppler"": 0.0, ""angle"": -7.613138533007555, ""elevation"": 0.0}, {""range"": 1.1878391487748674, ""doppler"": 0.0, ""angle"": -0.9315565980774848, ""elevation"": 0.0}, {""range"": 0.6817705168597965, ""doppler"": 0.0, ""angle"": 25.47626668712628, ""elevation"": 0.0}, {""range"": 0.700460400601173, ""doppler"": 0.0, ""angle"": 26.126788549098702, ""elevation"": 0.0}]",1784935228172.3872
7,"[{""range"": 0.6070236110571497, ""doppler"": 0.0, ""angle"": -22.02393450641063, ""elevation"": 0.0}, {""range"": 1.3424450968885244, ""doppler"": 0.0, ""angle"": -21.66819338975815, ""elevation"": 0.0}, {""range"": 1.3505824035512102, ""doppler"": 0.0, ""angle"": -24.59023407894067, ""elevation"": 0.0}, {""range"": 1.1837872757340349, ""doppler"": 0.0, ""angle"": 1.0992100383809313, ""elevation"": 0.0}, {""range"": 0.6526665001553731, ""doppler"": 0.0, ""angle"": 7.224315694045337, ""elevation"": 0.0}, {""range"": 1.1693092857988483, ""doppler"": 0.0, ""angle"": 4.727987818842203, ""elevation"": 0.0}, {""range"": 0.7689706498148086, ""doppler"": 0.0, ""angle"": 35.03895441774973, ""elevation"": 0.0}]",1784935228172.5981
8,"[{""range"": 1.3633498830423427, ""doppler"": 0.0, ""angle"": -31.440608901786863, ""elevation"": 0.0}, {""range"": 1.348077053099137, ""doppler"": 0.0, ""angle"": -24.430117347382737, ""elevation"": 0.0}, {""range"": 1.188576234916789, ""doppler"": 0.0, ""angle"": 0.008619795258134102, ""elevation"": 0.0}, {""range"": 1.1971613735810458, ""doppler"": 0.0, ""angle"": -3.1337831140295798, ""elevation"": 0.0}, {""range"": 0.6192360625089257, ""doppler"": 0.0, ""angle"": 8.385143752398688, ""elevation"": 0.0}, {""range"": 0.644717700771817, ""doppler"": 0.0, ""angle"": 5.810210371448491, ""elevation"": 0.0}, {""range"": 0.6826576458375722, ""doppler"": 0.0, ""angle"": 11.727884615187742, ""elevation"": 0.0}, {""range"": 0.7163234653730168, ""doppler"": 0.0, ""angle"": 15.135948671207759, ""elevation"": 0.0}]",1784935228172.81
6,"[{""range"": 1.3606908692283388, ""doppler"": 0.0, ""angle"": -28.141138020209947, ""elevation"": 0.0}, {""range"": 1.3339814444584592, ""doppler"": 0.0, ""angle"": -24.637819348844324, ""elevation"": 0.0}, {""range"": 0.6120115558551733, ""doppler"": 0.0, ""angle"": 3.282903353555391, ""elevation"": 0.0}, {""range"": 1.1845354265898527, ""doppler"": 0.0, ""angle"": 0.6314043762961637, ""elevation"": 0.0}, {""range"": 0.6368815424461217, ""doppler"": 0.0, ""angle"": 7.4043597434720985, ""elevation"": 0.0}, {""range"": 0.7189753419769883, ""doppler"": 0.0, ""angle"": 32.95098664192257, ""elevation"": 0.0}]",1784935228173.017
6,"[{""range"": 1.3507629927398592, ""doppler"": 0.0, ""angle"": -31.642781976285313, ""elevation"": 0.0}, {""range"": 1.3324413154534975, ""doppler"": 0.0, ""angle"": -24.11941198601806, ""elevation"": 0.0}, {""range"": 0.6248216630682254, ""doppler"": 0.0, ""angle"": 3.429047407183778, ""elevation"": 0.0}, {""range"": 1.1850089954196221, ""doppler"": 0.0, ""angle"": 1.0202516426747785, ""elevation"": 0.0}, {""range"": 0.6403757155855544, ""doppler"": 0.0, ""angle"": 7.573498674746381, ""elevation"": 0.0}, {""range"": 0.6640015346961069, ""doppler"": 0.0, ""angle"": 16.360805807729502, ""elevation"": 0.0}]",1784935228173.2239
5,"[{""range"": 1.3576973708894335, ""doppler"": 0.0, ""angle"": -26.602172951518828, ""elevation"": 0.0}, {""range"": 1.3392021037508426, ""doppler"": 0.0, ""angle"": -20.215791730329077, ""elevation"": 0.0}, {""range"": 1.1747594419628262, ""doppler"": 0.0, ""angle"": 0.8547069393404598, ""elevation"": 0.0}, {""range"": 0.5537341241120183, ""doppler"": 0.0, ""angle"": 4.983364834433504, ""elevation"": 0.0}, {""range"": 0.716936981647574, ""doppler"": 0.0, ""angle"": 36.92991714650077, ""elevation"": 0.0}]",1784935228173.4312
4,"[{""range"": 1.3560851959340992, ""doppler"": 0.0, ""angle"": -32.62764275626644, ""elevation"": 0.0}, {""range"": 1.3281881128617194, ""doppler"": 0.0, ""angle"": -18.005628809813423, ""elevation"": 0.0}, {""range"": 0.6608781341820835, ""doppler"": 0.0, ""angle"": 5.948147979199101, ""elevation"": 0.0}, {""range"": 0.6615830428190711, ""doppler"": 0.0, ""angle"": 5.303787919505434, ""elevation"": 0.0}]",1784935228173.638
7,"[{""range"": 1.3498463152599016, ""doppler"": 0.0, ""angle"": -25.99818803474533, ""elevation"": 0.0}, {""range"": 1.3358969792566149, ""doppler"": 0.0, ""angle"": -21.416889384524097, ""elevation"": 0.0}, {""range"": 0.6385067275186733, ""doppler"": 0.0, ""angle"": 1.8134662234470809, ""elevation"": 0.0}, {""range"": 0.6568428744204593, ""doppler"": 0.0, ""angle"": 5.404840579768954, ""elevation"": 0.0}, {""range"": 0.6657070106569448, ""doppler"": 0.0, ""angle"": 8.604581704008192, ""elevation"": 0.0}, {""range"": 0.7014858564662525, ""doppler"": 0.0, ""angle"": 20.439805955259676, ""elevation"": 0.0}, {""range"": 0.7506540810655934, ""doppler"": 0.0, ""angle"": 38.79196346354543, ""elevation"": 0.0}]",1784935228173.855
10,"[{""range"": 1.3525403251727723, ""doppler"": 0.0, ""angle"": -28.679377068202406, ""elevation"": 0.0}, {""range"": 1.3899348016986843, ""doppler"": 0.0, ""angle"": -27.81449919233702, ""elevation"": 0.0}, {""range"": 1.318564070116733, ""doppler"": 0.0, ""angle"": -20.52148751030801, ""elevation"": 0.0}, {""range"": 1.3289856282191923, ""doppler"": 0.0, ""angle"": -23.066997314823748, ""elevation"": 0.0}, {""range"": 0.5933056041509551, ""doppler"": 0.0, ""angle"": 0.10360889161034319, ""elevation"": 0.0}, {""range"": 0.6205031350203375, ""doppler"": 0.0, ""angle"": 0.4458083077602878, ""elevation"": 0.0}, {""range"": 0.6387719546907545, ""doppler"": 0.0, ""angle"": 3.113103698734602, ""elevation"": 0.0}, {""range"": 0.6578369982157586, ""doppler"": 0.0, ""angle"": 6.93184182963365, ""elevation"": 0.0}, {""range"": 0.723645322875811, ""doppler"": 0.0, ""angle"": 40.96217189332108, ""elevation"": 0.0}, {""range"": 0.7575916548075694, ""doppler"": 0.0, ""angle"": 43.641990466275864, ""elevation"": 0.0}]",1784935228174.073
7,"[{""range"": 1.3523645837828289, ""doppler"": 0.0, ""angle"": -28.839005509691262, ""elevation"": 0.0}, {""range"": 1.3183034721473523, ""doppler"": 0.0, ""angle"": -24.53142722108745, ""elevation"": 0.0}, {""range"": 1.3334555052086057, ""doppler"": 0.0, ""angle"": -25.046135725654768, ""elevation"": 0.0}, {""range"": 0.6533035060104292, ""doppler"": 0.0, ""angle"": -1.6625542079789615, ""elevation"": 0.0}, {""range"": 0.6740351110707703, ""doppler"": 0.0, ""angle"": 0.9120340702469137, ""elevation"": 0.0}, {""range"": 0.719616278866819, ""doppler"": 0.0, ""angle"": 12.499467232219974, ""elevation"": 0.0}, {""range"": 0.758894532172461, ""doppler"": 0.0, ""angle"": 29.192286792039447, ""elevation"": 0.0}]",1784935228174.297
8,"[{""range"": 1.3454044668224356, ""doppler"": 0.0, ""angle"": -28.66333347693129, ""elevation"": 0.0}, {""range"": 1.3183642275697343, ""doppler"": 0.0, ""angle"": -25.000931297432334, ""elevation"": 0.0}, {""range"": 1.3351132198271212, ""doppler"": 0.0, ""angle"": -25.55605232750065, ""elevation"": 0.0}, {""range"": 1.1836824036853655, ""doppler"": 0.0, ""angle"": 2.3636035455748337, ""elevation"": 0.0}, {""range"": 0.6406548673504043, ""doppler"": 0.0, ""angle"": 4.450219292811426, ""elevation"": 0.0}, {""range"": 0.6550521634665837, ""doppler"": 0.0, ""angle"": 8.508337924271817, ""elevation"": 0.0}, {""range"": 0.6717217022896377, ""doppler"": 0.0, ""angle"": 10.553132537446357, ""elevation"": 0.0}, {""range"": 0.6988006915502359, ""doppler"": 0.0, ""angle"": 10.780868748459584, ""elevation"": 0.0}]",1784935228174.505
9,"[{""range"": 1.3845093202585423, ""doppler"": 0.0, ""angle"": -42.69182264854109, ""elevation"": 0.0}, {""range"": 1.3207338695132171, ""doppler"": 0.0, ""angle"": -26.009977733437687, ""elevation"": 0.0}, {""range"": 1.3366685220198902, ""doppler"": 0.0, ""angle"": -27.459742911974143, ""elevation"": 0.0}, {""range"": 1.3506237978577813, ""doppler"": 0.0, ""angle"": -32.09302701986124, ""elevation"": 0.0}, {""range"": 1.1900685302916125, ""doppler"": 0.0, ""angle"": 1.8168005649779397, ""elevation"": 0.0}, {""range"": 0.5870862324611945, ""doppler"": 0.0, ""angle"": 9.30739934219333, ""elevation"": 0.0}, {""range"": 0.612477924252785, ""doppler"": 0.0, ""angle"": 7.228756556944729, ""elevation"": 0.0}, {""range"": 0.6253761141568547, ""doppler"": 0.0, ""angle"": 5.710593137499642, ""elevation"": 0.0}, {""range"": 0.6503183772788449, ""doppler"": 0.0, ""angle"": 7.822638453243719, ""elevation"": 0.0}]",1784935228174.717
11,"[{""range"": 1.345512120948426, ""doppler"": 0.0, ""angle"": -29.034635517488958, ""elevation"": 0.0}, {""range"": 1.3625850121770255, ""doppler"": 0.0, ""angle"": -32.328175162114526, ""elevation"": 0.0}, {""range"": 1.3906941949527554, ""doppler"": 0.0, ""angle"": -32.11861428321775, ""elevation"": 0.0}, {""range"": 0.6038547621205299, ""doppler"": 0.0, ""angle"": -18.526158433272936, ""elevation"": 0.0}, {""range"": 0.5847691650002127, ""doppler"": 0.0, ""angle"": -11.553889041464787, ""elevation"": 0.0}, {""range"": 1.1933462974402222, ""doppler"": 0.0, ""angle"": 0.8156348520467307, ""elevation"": 0.0}, {""range"": 1.2137192551983271, ""doppler"": 0.0, ""angle"": 0.7681749708362914, ""elevation"": 0.0}, {""range"": 0.6692092081798621, ""doppler"": 0.0, ""angle"": 5.04334814491925, ""elevation"": 0.0}, {""range"": 0.6812679719412953, ""doppler"": 0.0, ""angle"": 10.510645524219159, ""elevation"": 0.0}, {""range"": 0.6998533651930221, ""doppler"": 0.0, ""angle"": 12.093734631894378, ""elevation"": 0.0}, {""range"": 0.7698866907982137, ""doppler"": 0.0, ""angle"": 46.43985687632199, ""elevation"": 0.0}]",1784935228174.942
12,"[{""range"": 1.3932956407582944, ""doppler"": 0.0, ""angle"": -48.56919891730734, ""elevation"": 0.0}, {""range"": 0.5925829304446205, ""doppler"": 0.0, ""angle"": -35.10958034456064, ""elevation"": 0.0}, {""range"": 1.344212280965577, ""doppler"": 0.0, ""angle"": -34.436295352574426, ""elevation"": 0.0}, {""range"": 1.3581542792726182, ""doppler"": 0.0, ""angle"": -38.02715453219879, ""elevation"": 0.0}, {""range"": 0.5710663128023834, ""doppler"": 0.0, ""angle"": -27.60813639188339, ""elevation"": 0.0}, {""range"": 0.5969024739876676, ""doppler"": 0.0, ""angle"": -14.485841461068748, ""elevation"": 0.0}, {""range"": 1.1912205976615784, ""doppler"": 0.0, ""angle"": 3.1063599648322566, ""elevation"": 0.0}, {""range"": 1.210104299358415, ""doppler"": 0.0, ""angle"": -0.6180626080146989, ""elevation"": 0.0}, {""range"": 0.6119357178249885, ""doppler"": 0.0, ""angle"": 7.7417907592773245, ""elevation"": 0.0}, {""range"": 1.168564712066441, ""doppler"": 0.0, ""angle"": 4.493517958857554, ""elevation"": 0.0}, {""range"": 0.7419282980867469, ""doppler"": 0.0, ""angle"": 34.63227177907486, ""elevation"": 0.0}, {""range"": 0.755891530385664, ""doppler"": 0.0, ""angle"": 39.04717914458184, ""elevation"": 0.0}]",1784935228175.1528
8,"[{""range"": 1.3653818939039104, ""doppler"": 0.0, ""angle"": -35.16783014117608, ""elevation"": 0.0}, {""range"": 0.5680972444407892, ""doppler"": 0.0, ""angle"": -26.790877967471957, ""elevation"": 0.0}, {""range"": 1.3460661183020801, ""doppler"": 0.0, ""angle"": -28.778115038115594, ""elevation"": 0.0}, {""range"": 1.4084325480717639, ""doppler"": 0.0, ""angle"": -30.14909671665659, ""elevation"": 0.0}, {""range"": 0.6523836415103217, ""doppler"": 0.0, ""angle"": 2.8122138882771606, ""elevation"": 0.0}, {""range"": 0.6611138079171907, ""doppler"": 0.0, ""angle"": 1.9840130657515271, ""elevation"": 0.0}, {""range"": 0.6250811365038459, ""doppler"": 0.0, ""angle"": 3.805352687986428, ""elevation"": 0.0}, {""range"": 0.7104799676076334, ""doppler"": 0.0, ""angle"": 43.4397209911925, ""elevation"": 0.0}]",1784935228175.3818
8,"[{""range"": 1.3633476667474083, ""doppler"": 0.0, ""angle"": -38.30537443331097, ""elevation"": 0.0}, {""range"": 1.3371947039696535, ""doppler"": 0.0, ""angle"": -29.47878902751381, ""elevation"": 0.0}, {""range"": 0.6185321576573488, ""doppler"": 0.0, ""angle"": 2.4190430448393383, ""elevation"": 0.0}, {""range"": 1.1979724906558367, ""doppler"": 0.0, ""angle"": 1.23160965170496, ""elevation"": 0.0}, {""range"": 1.212023020326501, ""doppler"": 0.0, ""angle"": 0.3465769119214228, ""elevation"": 0.0}, {""range"": 0.6516624770368322, ""doppler"": 0.0, ""angle"": 6.206505887406712, ""elevation"": 0.0}, {""range"": 0.6702612722382294, ""doppler"": 0.0, ""angle"": 10.716370392508455, ""elevation"": 0.0}, {""range"": 0.6972236883215817, ""doppler"": 0.0, ""angle"": 12.817292421963737, ""elevation"": 0.0}]",1784935228175.596
9,"[{""range"": 1.3639557931717214, ""doppler"": 0.0, ""angle"": -34.715106291811985, ""elevation"": 0.0}, {""range"": 1.3862989386643185, ""doppler"": 0.0, ""angle"": -37.410881912088946, ""elevation"": 0.0}, {""range"": 1.346187733168546, ""doppler"": 0.0, ""angle"": -29.6297159534779, ""elevation"": 0.0}, {""range"": 1.2031772585373042, ""doppler"": 0.0, ""angle"": 1.6095827375008982, ""elevation"": 0.0}, {""range"": 1.2211952297890305, ""doppler"": 0.0, ""angle"": -2.282562505890137, ""elevation"": 0.0}, {""range"": 0.6961474722265042, ""doppler"": 0.0, ""angle"": 9.566359867386696, ""elevation"": 0.0}, {""range"": 0.6674627896971944, ""doppler"": 0.0, ""angle"": 12.517153427433016, ""elevation"": 0.0}, {""range"": 0.6753105376829355, ""doppler"": 0.0, ""angle"": 11.253401370655382, ""elevation"": 0.0}, {""range"": 0.6421142900861249, ""doppler"": 0.0, ""angle"": 19.403747594508413, ""elevation"": 0.0}]",1784935228175.8271
9,"[{""range"": 1.3938212176609912, ""doppler"": 0.0, ""angle"": -48.82306403447812, ""elevation"": 0.0}, {""range"": 1.339900823677488, ""doppler"": 0.0, ""angle"": -28.774614767868286, ""elevation"": 0.0}, {""range"": 1.3474418869222702, ""doppler"": 0.0, ""angle"": -33.37163204336499, ""elevation"": 0.0}, {""range"": 0.4940559757422506, ""doppler"": 0.002548100281273946, ""angle"": 33.66428571602958, ""elevation"": 47.991311647924945}, {""range"": 3.7170580355634324, ""doppler"": 0.9682781068840995, ""angle"": -90.0, ""elevation"": 38.00721690503497}, {""range"": 0.0, ""doppler"": 0.9318766742944717, ""angle"": 0.0, ""elevation"": 0.0}, {""range"": 0.06473755931273323, ""doppler"": -0.000364014325896278, ""angle"": 90.0, ""elevation"": -45.0}, {""range"": 5.493164065410383, ""doppler"": 0.0, ""angle"": 0.0018650969886993727, ""elevation"": 0.0}, {""range"": 3.6304919394004767, ""doppler"": -11.928021430969238, ""angle"": 145.23523914518265, ""elevation"": 0.1608547686971128}]",1784935228185.9993
9,"[{""range"": 1.3760751877942974, ""doppler"": 0.0, ""angle"": -37.869106692095095, ""elevation"": 0.0}, {""range"": 1.4222610120488335, ""doppler"": 0.0, ""angle"": -26.935527579426235, ""elevation"": 0.0}, {""range"": 1.1839577523320408, ""doppler"": 0.0, ""angle"": 2.0339808979957246, ""elevation"": 0.0}, {""range"": 1.1959465740035984, ""doppler"": 0.0, ""angle"": -0.46260539206844525, ""elevation"": 0.0}, {""range"": 1.1665385407051962, ""doppler"": 0.0, ""angle"": 4.228284947179927, ""elevation"": 0.0}, {""range"": 0.6608237508873622, ""doppler"": 0.0, ""angle"": 20.74476222737818, ""elevation"": 0.0}, {""range"": 0.6931060834717767, ""doppler"": 0.0, ""angle"": 35.157922465457965, ""elevation"": 0.0}, {""range"": 0.719868767260818, ""doppler"": 0.0, ""angle"": 39.486677323427195, ""elevation"": 0.0}, {""range"": 0.7524435326765722, ""doppler"": 0.0, ""angle"": 43.5267570636109, ""elevation"": 0.0}]",1784935228309.3079
6,"[{""range"": 1.332647024754146, ""doppler"": 0.0, ""angle"": -27.108285808617833, ""elevation"": 0.0}, {""range"": 1.1863274464883053, ""doppler"": 0.0, ""angle"": -0.6477239071949717, ""elevation"": 0.0}, {""range"": 1.198160243248496, ""doppler"": 0.0, ""angle"": -2.7287513275202597, ""elevation"": 0.0}, {""range"": 0.6742930259033689, ""doppler"": 0.0, ""angle"": 6.180790187630248, ""elevation"": 0.0}, {""range"": 0.7412498448109295, ""doppler"": 0.0, ""angle"": 40.332942833288335, ""elevation"": 0.0}, {""range"": 0.7654708955711979, ""doppler"": 0.0, ""angle"": 42.917434720269114, ""elevation"": 0.0}]",1784935228404.8892
10,"[{""range"": 1.391710884141031, ""doppler"": 0.0, ""angle"": -45.70796197022424, ""elevation"": 0.0}, {""range"": 1.3132748950831559, ""doppler"": 0.0, ""angle"": -27.339601339024743, ""elevation"": 0.0}, {""range"": 1.3477067676528922, ""doppler"": 0.0, ""angle"": -30.709527490686927, ""elevation"": 0.0}, {""range"": 1.3329283629309117, ""doppler"": 0.0, ""angle"": -25.124621861137303, ""elevation"": 0.0}, {""range"": 0.643948527890322, ""doppler"": 0.0, ""angle"": -11.809175079119502, ""elevation"": 0.0}, {""range"": 1.867423228183224, ""doppler"": 0.0, ""angle"": 15.916758940812914, ""elevation"": 0.0}, {""range"": 0.6989907824622049, ""doppler"": 0.0, ""angle"": 28.47944463695406, ""elevation"": 0.0}, {""range"": 0.7332385243105994, ""doppler"": 0.0, ""angle"": 30.72412689826785, ""elevation"": 0.0}, {""range"": 0.7691842415663857, ""doppler"": 0.0, ""angle"": 41.65455597354314, ""elevation"": 0.0}, {""range"": 0.7869142113952172, ""doppler"": 0.0, ""angle"": 47.200829041836734, ""elevation"": 0.0}]",1784935228516.0571
4,"[{""range"": 1.3198896171183834, ""doppler"": 0.0, ""angle"": -28.137780983043008, ""elevation"": 0.0}, {""range"": 0.5443517332474919, ""doppler"": 0.0, ""angle"": 13.42911626997092, ""elevation"": 0.0}, {""range"": 0.6797818617479731, ""doppler"": 0.0, ""angle"": 20.49430600260103, ""elevation"": 0.0}, {""range"": 0.779588334923494, ""doppler"": 0.0, ""angle"": 27.276215856122235, ""elevation"": 0.0}]",1784935228610.13
8,"[{""range"": 1.3409374609862115, ""doppler"": 0.0, ""angle"": -28.15068858817491, ""elevation"": 0.0}, {""range"": 1.3289217252636083, ""doppler"": 0.0, ""angle"": -23.605539806014416, ""elevation"": 0.0}, {""range"": 0.5737016510233426, ""doppler"": 0.0, ""angle"": -14.512686654909183, ""elevation"": 0.0}, {""range"": 0.6134889275564845, ""doppler"": 0.0, ""angle"": -4.563933152563038, ""elevation"": 0.0}, {""range"": 1.1847110989232847, ""doppler"": 0.0, ""angle"": 2.084607982839331, ""elevation"": 0.0}, {""range"": 0.643898276391341, ""doppler"": 0.0, ""angle"": 3.8056075820502127, ""elevation"": 0.0}, {""range"": 0.6699967467525308, ""doppler"": 0.0, ""angle"": 10.596171475718767, ""elevation"": 0.0}, {""range"": 1.0408776319620963, ""doppler"": 0.0, ""angle"": 37.356144133714125, ""elevation"": 0.0}]",1784935228709.358
7,"[{""range"": 1.4136687327859687, ""doppler"": 0.0, ""angle"": -30.26895729615509, ""elevation"": 0.0}, {""range"": 1.4585058603494283, ""doppler"": 0.0, ""angle"": -15.312415079561937, ""elevation"": 0.0}, {""range"": 1.1840926955655506, ""doppler"": 0.0, ""angle"": 1.9731449155035392, ""elevation"": 0.0}, {""range"": 0.6581469546667553, ""doppler"": 0.0, ""angle"": 4.1443987243956215, ""elevation"": 0.0}, {""range"": 0.6776852073325201, ""doppler"": 0.0, ""angle"": 9.49214692897548, ""elevation"": 0.0}, {""range"": 1.8381918855964268, ""doppler"": 0.0, ""angle"": 20.113104285973076, ""elevation"": 0.0}, {""range"": 0.7897655019121104, ""doppler"": 0.0, ""angle"": 45.38526840709618, ""elevation"": 0.0}]",1784935228809.885
5,"[{""range"": 1.3311994625650696, ""doppler"": 0.0, ""angle"": -19.60567722560703, ""elevation"": 0.0}, {""range"": 1.1831004076775649, ""doppler"": 0.0, ""angle"": 4.386086163495351, ""elevation"": 0.0}, {""range"": 1.831176954430386, ""doppler"": 0.0, ""angle"": 12.703581930340892, ""elevation"": 0.0}, {""range"": 0.6728261777262925, ""doppler"": 0.0, ""angle"": 23.676460825284558, ""elevation"": 0.0}, {""range"": 0.6846802357294101, ""doppler"": 0.0, ""angle"": 20.436952833950524, ""elevation"": 0.0}]",1784935228905.4001
6,"[{""range"": 1.3350785893442794, ""doppler"": 0.0, ""angle"": -29.583069574678436, ""elevation"": 0.0}, {""range"": 1.1859522091349646, ""doppler"": 0.0, ""angle"": 1.814465401154005, ""elevation"": 0.0}, {""range"": 1.2036458039597784, ""doppler"": 0.0, ""angle"": 1.4897461405689032, ""elevation"": 0.0}, {""range"": 0.6459777061142888, ""doppler"": 0.0, ""angle"": 7.6994500481996, ""elevation"": 0.0}, {""range"": 0.6560389850602956, ""doppler"": 0.0, ""angle"": 8.76397220670756, ""elevation"": 0.0}, {""range"": 0.6622416727219043, ""doppler"": 0.0, ""angle"": 10.627258093143547, ""elevation"": 0.0}]",1784935229009.513
8,"[{""range"": 1.1675015378994127, ""doppler"": 0.0, ""angle"": 3.494772653578505, ""elevation"": 0.0}, {""range"": 1.1845093103634465, ""doppler"": 0.0, ""angle"": 1.1158419287461714, ""elevation"": 0.0}, {""range"": 1.2032986071078116, ""doppler"": 0.0, ""angle"": -0.5704696648708059, ""elevation"": 0.0}, {""range"": 0.6277617102220758, ""doppler"": 0.0, ""angle"": 10.669782804496677, ""elevation"": 0.0}, {""range"": 0.6343101148962345, ""doppler"": 0.0, ""angle"": 9.852661424969492, ""elevation"": 0.0}, {""range"": 0.6500774126826127, ""doppler"": 0.0, ""angle"": 7.6665038923298106, ""elevation"": 0.0}, {""range"": 2.5294018373643197, ""doppler"": 0.0, ""angle"": 57.794110075352556, ""elevation"": 0.0}, {""range"": 2.544771161427381, ""doppler"": 0.0, ""angle"": 59.38768760597514, ""elevation"": 0.0}]",1784935229105.904
12,"[{""range"": 1.3647184431524104, ""doppler"": 0.0, ""angle"": -39.982433089747914, ""elevation"": 0.0}, {""range"": 1.3296812041698298, ""doppler"": 0.0, ""angle"": -32.55097079876982, ""elevation"": 0.0}, {""range"": 1.1846124087463457, ""doppler"": 0.0, ""angle"": 2.1886376070853903, ""elevation"": 0.0}, {""range"": 1.1991268435484388, ""doppler"": 0.0, ""angle"": -0.9911480155821485, ""elevation"": 0.0}, {""range"": 0.6152840155672776, ""doppler"": 0.0, ""angle"": 6.759448584270563, ""elevation"": 0.0}, {""range"": 1.1690432188463151, ""doppler"": 0.0, ""angle"": 3.7184692512947475, ""elevation"": 0.0}, {""range"": 0.5773882280347571, ""doppler"": 0.0, ""angle"": 13.558538656169516, ""elevation"": 0.0}, {""range"": 0.6587279392384091, ""doppler"": 0.0, ""angle"": 30.288903798177742, ""elevation"": 0.0}, {""range"": 0.6788980160177432, ""doppler"": 0.0, ""angle"": 33.472420787424305, ""elevation"": 0.0}, {""range"": 0.6565835591316402, ""doppler"": 0.0, ""angle"": 34.44744608755475, ""elevation"": 0.0}, {""range"": 2.5280373112548715, ""doppler"": 0.0, ""angle"": 57.29910736131514, ""elevation"": 0.0}, {""range"": 2.5457259475768446, ""doppler"": 0.0, ""angle"": 61.01888406161565, ""elevation"": 0.0}]",1784935229216.753
8,"[{""range"": 0.5048786024234363, ""doppler"": 0.0, ""angle"": -42.128996107692714, ""elevation"": 0.0}, {""range"": 1.3257804005988587, ""doppler"": 0.0, ""angle"": -27.15602902979953, ""elevation"": 0.0}, {""range"": 0.5888742772303474, ""doppler"": 0.0, ""angle"": 2.1056420295710945, ""elevation"": 0.0}, {""range"": 0.5981353633543558, ""doppler"": 0.0, ""angle"": 2.433007136765777, ""elevation"": 0.0}, {""range"": 0.6119665975509603, ""doppler"": 0.0, ""angle"": 0.8371084549025753, ""elevation"": 0.0}, {""range"": 1.1801541121172652, ""doppler"": 0.0, ""angle"": 0.9463058176855933, ""elevation"": 0.0}, {""range"": 2.52988027673537, ""doppler"": 0.0, ""angle"": 55.997684742824646, ""elevation"": 0.0}, {""range"": 2.5410855558303984, ""doppler"": 0.0, ""angle"": 58.32540732628563, ""elevation"": 0.0}]",1784935229305.9788
5,"[{""range"": 1.3224978126473934, ""doppler"": 0.0, ""angle"": -25.989929936124625, ""elevation"": 0.0}, {""range"": 1.1608715748700764, ""doppler"": 0.0, ""angle"": 6.829454192840415, ""elevation"": 0.0}, {""range"": 1.1853390255370873, ""doppler"": 0.0, ""angle"": 3.7105844666523433, ""elevation"": 0.0}, {""range"": 2.5268705809320435, ""doppler"": 0.0, ""angle"": 56.405517187579356, ""elevation"": 0.0}, {""range"": 2.542688637438883, ""doppler"": 0.0, ""angle"": 57.69692247926113, ""elevation"": 0.0}]",1784935229409.57
8,"[{""range"": 1.3524555484953764, ""doppler"": 0.0, ""angle"": -34.942372639810785, ""elevation"": 0.0}, {""range"": 1.3207540601554484, ""doppler"": 0.0, ""angle"": -24.670576456179877, ""elevation"": 0.0}, {""range"": 0.5822678690923029, ""doppler"": 0.0, ""angle"": 5.904934073669703, ""elevation"": 0.0}, {""range"": 0.5965017636022353, ""doppler"": 0.0, ""angle"": 7.544703516762832, ""elevation"": 0.0}, {""range"": 0.6150175493857515, ""doppler"": 0.0, ""angle"": 9.725232978455008, ""elevation"": 0.0}, {""range"": 1.1564968667274145, ""doppler"": 0.0, ""angle"": 7.784317276845755, ""elevation"": 0.0}, {""range"": 1.1791352709257787, ""doppler"": 0.0, ""angle"": 4.139474326374758, ""elevation"": 0.0}, {""range"": 2.520164652958425, ""doppler"": 0.0, ""angle"": 53.55208671413839, ""elevation"": 0.0}]",1784935229506.3748
8,"[{""range"": 0.5238548840780656, ""doppler"": 0.0, ""angle"": -36.72908361597108, ""elevation"": 0.0}, {""range"": 1.324530854184749, ""doppler"": 0.0, ""angle"": -27.27074783008948, ""elevation"": 0.0}, {""range"": 1.187464550677585, ""doppler"": 0.0, ""angle"": 2.1747441146100535, ""elevation"": 0.0}, {""range"": 0.5945955887361077, ""doppler"": 0.0, ""angle"": 6.163230152092339, ""elevation"": 0.0}, {""range"": 0.6093398023679891, ""doppler"": 0.0, ""angle"": 4.089210569063376, ""elevation"": 0.0}, {""range"": 0.6200902694658906, ""doppler"": 0.0, ""angle"": 3.5876712981067147, ""elevation"": 0.0}, {""range"": 0.6446857115546204, ""doppler"": 0.0, ""angle"": 3.6576218030718657, ""elevation"": 0.0}, {""range"": 2.5184706092882614, ""doppler"": 0.0, ""angle"": 54.253771920568184, ""elevation"": 0.0}]",1784935229606.2688
10,"[{""range"": 1.3564826118704032, ""doppler"": 0.0, ""angle"": -36.89255613906556, ""elevation"": 0.0}, {""range"": 1.33020887607899, ""doppler"": 0.0, ""angle"": -26.885386152118002, ""elevation"": 0.0}, {""range"": 1.3004100364965494, ""doppler"": 0.0, ""angle"": -19.787905434360802, ""elevation"": 0.0}, {""range"": 1.177198677102874, ""doppler"": 0.0, ""angle"": 0.6092288337194023, ""elevation"": 0.0}, {""range"": 0.5908041885702985, ""doppler"": 0.0, ""angle"": 10.374643675119405, ""elevation"": 0.0}, {""range"": 0.6227791815641037, ""doppler"": 0.0, ""angle"": 13.330007701916092, ""elevation"": 0.0}, {""range"": 0.6307586699723837, ""doppler"": 0.0, ""angle"": 13.843209737602491, ""elevation"": 0.0}, {""range"": 0.6449884296550215, ""doppler"": 0.0, ""angle"": 15.550469519268216, ""elevation"": 0.0}, {""range"": 2.522961542935952, ""doppler"": 0.0, ""angle"": 58.38159040349662, ""elevation"": 0.0}, {""range"": 2.5420343491355775, ""doppler"": 0.0, ""angle"": 61.34547334674182, ""elevation"": 0.0}]",1784935229719.7493
10,"[{""range"": 1.3503782306845735, ""doppler"": 0.0, ""angle"": -41.00535309371158, ""elevation"": 0.0}, {""range"": 1.3334800710787127, ""doppler"": 0.0, ""angle"": -32.39223032776972, ""elevation"": 0.0}, {""range"": 0.5991198694990385, ""doppler"": 0.0, ""angle"": 2.976836087986065, ""elevation"": 0.0}, {""range"": 1.1797743094841036, ""doppler"": 0.0, ""angle"": 2.180236424745942, ""elevation"": 0.0}, {""range"": 0.6230703995285565, ""doppler"": 0.0, ""angle"": 5.038115297346397, ""elevation"": 0.0}, {""range"": 0.6256743511613599, ""doppler"": 0.0, ""angle"": 6.284134665330071, ""elevation"": 0.0}, {""range"": 0.6380033315785896, ""doppler"": 0.0, ""angle"": 6.0653216572740805, ""elevation"": 0.0}, {""range"": 1.1630167297480567, ""doppler"": 0.0, ""angle"": 5.691309008352685, ""elevation"": 0.0}, {""range"": 2.524456171247131, ""doppler"": 0.0, ""angle"": 56.86486245541589, ""elevation"": 0.0}, {""range"": 2.5458353494660666, ""doppler"": 0.0, ""angle"": 58.613167222711304, ""elevation"": 0.0}]",1784935229816.427
10,"[{""range"": 0.35610434742603214, ""doppler"": 0.0, ""angle"": -30.60849962033191, ""elevation"": 0.0}, {""range"": 1.43067608571664, ""doppler"": 0.0, ""angle"": -13.46481573993028, ""elevation"": 0.0}, {""range"": 1.187046750844342, ""doppler"": 0.0, ""angle"": -4.033962965376421, ""elevation"": 0.0}, {""range"": 0.3763494713546977, ""doppler"": 0.0, ""angle"": 10.567814499778414, ""elevation"": 0.0}, {""range"": 0.3873842010344805, ""doppler"": 0.0, ""angle"": 10.075390174599114, ""elevation"": 0.0}, {""range"": 1.157593460963721, ""doppler"": 0.0, ""angle"": 4.696022206570126, ""elevation"": 0.0}, {""range"": 0.5726809307099414, ""doppler"": 0.0, ""angle"": 13.359348151159127, ""elevation"": 0.0}, {""range"": 0.5859124454318873, ""doppler"": 0.0, ""angle"": 13.951423723059245, ""elevation"": 0.0}, {""range"": 2.5230040680679147, ""doppler"": 0.0, ""angle"": 57.65930334209151, ""elevation"": 0.0}, {""range"": 2.5453765597714684, ""doppler"": 0.0, ""angle"": 58.27621029553616, ""elevation"": 0.0}]",1784935229920.1912
15,"[{""range"": 1.335647363872135, ""doppler"": 0.0, ""angle"": -29.01511700711171, ""elevation"": 0.0}, {""range"": 1.365724841604914, ""doppler"": 0.0, ""angle"": -29.750464139172127, ""elevation"": 0.0}, {""range"": 1.4153754892836143, ""doppler"": 0.0, ""angle"": -16.937749937276113, ""elevation"": 0.0}, {""range"": 1.1832269499632089, ""doppler"": 0.0, ""angle"": 2.83256975757747, ""elevation"": 0.0}, {""range"": 1.2060487012019154, ""doppler"": 0.0, ""angle"": -3.2297787274193923, ""elevation"": 0.0}, {""range"": 0.4473320330714479, ""doppler"": 0.0, ""angle"": 4.769347683886814, ""elevation"": 0.0}, {""range"": 0.5843783823887042, ""doppler"": 0.0, ""angle"": 6.959748883955904, ""elevation"": 0.0}, {""range"": 0.6148819459550896, ""doppler"": 0.0, ""angle"": 8.259703937487297, ""elevation"": 0.0}, {""range"": 0.6235278811562887, ""doppler"": 0.0, ""angle"": 10.191683556800218, ""elevation"": 0.0}, {""range"": 1.1684371017913564, ""doppler"": 0.0, ""angle"": 5.96448710125312, ""elevation"": 0.0}, {""range"": 0.5042251745318596, ""doppler"": 0.0, ""angle"": 11.724361264627724, ""elevation"": 0.0}, {""range"": 0.6455966840455462, ""doppler"": 0.0, ""angle"": 15.025463583625639, ""elevation"": 0.0}, {""range"": 0.6965114913379017, ""doppler"": 0.0, ""angle"": 28.84172646237638, ""elevation"": 0.0}, {""range"": 2.5278222621088995, ""doppler"": 0.0, ""angle"": 55.56912851325959, ""elevation"": 0.0}, {""range"": 2.544069693908193, ""doppler"": 0.0, ""angle"": 57.01361177768305, ""elevation"": 0.0}]",1784935230016.632
12,"[{""range"": 1.3574508220918595, ""doppler"": 0.0, ""angle"": -36.98461886785508, ""elevation"": 0.0}, {""range"": 1.3358577375804557, ""doppler"": 0.0, ""angle"": -28.5376211593469, ""elevation"": 0.0}, {""range"": 1.4545772345450367, ""doppler"": 0.0, ""angle"": -16.490104469671298, ""elevation"": 0.0}, {""range"": 0.6413206563882387, ""doppler"": 0.0, ""angle"": 3.1807162695388023, ""elevation"": 0.0}, {""range"": 1.1775069599372248, ""doppler"": 0.0, ""angle"": 3.011872893607744, ""elevation"": 0.0}, {""range"": 0.46955068308099135, ""doppler"": 0.0, ""angle"": 5.901650731623962, ""elevation"": 0.0}, {""range"": 0.5010266246855776, ""doppler"": 0.0, ""angle"": 5.920168725073792, ""elevation"": 0.0}, {""range"": 0.5784746851338705, ""doppler"": 0.0, ""angle"": 5.712355433866985, ""elevation"": 0.0}, {""range"": 0.6122377079451841, ""doppler"": 0.0, ""angle"": 5.161098033360255, ""elevation"": 0.0}, {""range"": 0.6166826230121154, ""doppler"": 0.0, ""angle"": 4.3069628695761235, ""elevation"": 0.0}, {""range"": 2.523800982312911, ""doppler"": 0.0, ""angle"": 56.159062606069256, ""elevation"": 0.0}, {""range"": 2.543654582066307, ""doppler"": 0.0, ""angle"": 58.92710351887641, ""elevation"": 0.0}]",1784935230116.8809
9,"[{""range"": 0.440061128706235, ""doppler"": 0.0, ""angle"": -30.013439760326655, ""elevation"": 0.0}, {""range"": 0.4565369081467947, ""doppler"": 0.0, ""angle"": -29.59735556805109, ""elevation"": 0.0}, {""range"": 0.482102662163003, ""doppler"": 0.0, ""angle"": -29.26514315831485, ""elevation"": 0.0}, {""range"": 0.5354350298616116, ""doppler"": 0.0, ""angle"": -31.06220279174576, ""elevation"": 0.0}, {""range"": 1.1863103450398371, ""doppler"": 0.0, ""angle"": -0.5700025163241706, ""elevation"": 0.0}, {""range"": 0.6504001865826128, ""doppler"": 0.0, ""angle"": 28.418112516576183, ""elevation"": 0.0}, {""range"": 0.659743940017217, ""doppler"": 0.0, ""angle"": 26.28725563500088, ""elevation"": 0.0}, {""range"": 2.5252378318006574, ""doppler"": 0.0, ""angle"": 58.07460754510327, ""elevation"": 0.0}, {""range"": 2.5439256391964755, ""doppler"": 0.0, ""angle"": 60.29408216492846, ""elevation"": 0.0}]",1784935230210.0742
10,"[{""range"": 0.4827213227062352, ""doppler"": 0.0, ""angle"": -49.86833237468518, ""elevation"": 0.0}, {""range"": 0.4629658171725441, ""doppler"": 0.0, ""angle"": -40.865328626263576, ""elevation"": 0.0}, {""range"": 1.3311442651662218, ""doppler"": 0.0, ""angle"": -24.685369047723146, ""elevation"": 0.0}, {""range"": 0.6362256322049837, ""doppler"": 0.0, ""angle"": 0.241549072806391, ""elevation"": 0.0}, {""range"": 0.6610263833457999, ""doppler"": 0.0, ""angle"": -1.7516659848795806, ""elevation"": 0.0}, {""range"": 1.168769896369315, ""doppler"": 0.0, ""angle"": 2.876413117651755, ""elevation"": 0.0}, {""range"": 1.1800127165811816, ""doppler"": 0.0, ""angle"": 0.3299311344778474, ""elevation"": 0.0}, {""range"": 1.1934492620259585, ""doppler"": 0.0, ""angle"": 0.49791302914214464, ""elevation"": 0.0}, {""range"": 2.526708500002138, ""doppler"": 0.0, ""angle"": 56.63156909269739, ""elevation"": 0.0}, {""range"": 2.5462077114566646, ""doppler"": 0.0, ""angle"": 57.64700425456301, ""elevation"": 0.0}]",1784935230309.602
11,"[{""range"": 0.4820087730247578, ""doppler"": 0.0, ""angle"": -33.454259496291726, ""elevation"": 0.0}, {""range"": 0.4958154434801176, ""doppler"": 0.0, ""angle"": -29.847401034569852, ""elevation"": 0.0}, {""range"": 0.5829689682030522, ""doppler"": 0.0, ""angle"": -0.632688412355452, ""elevation"": 0.0}, {""range"": 0.6002121109815312, ""doppler"": 0.0, ""angle"": -1.1095828612820384, ""elevation"": 0.0}, {""range"": 0.6089507417695533, ""doppler"": 0.0, ""angle"": -2.9455825585707656, ""elevation"": 0.0}, {""range"": 1.1664609687922742, ""doppler"": 0.0, ""angle"": 2.7150310637092705, ""elevation"": 0.0}, {""range"": 1.1852109821726409, ""doppler"": 0.0, ""angle"": 2.265388942194698, ""elevation"": 0.0}, {""range"": 1.2003496523432808, ""doppler"": 0.0, ""angle"": 2.5870595737272177, ""elevation"": 0.0}, {""range"": 0.6656603951584852, ""doppler"": 0.0, ""angle"": 26.310374353397357, ""elevation"": 0.0}, {""range"": 2.526904587693025, ""doppler"": 0.0, ""angle"": 56.9059337272554, ""elevation"": 0.0}, {""range"": 2.5475620784165103, ""doppler"": 0.0, ""angle"": 58.37273795454516, ""elevation"": 0.0}]",1784935230406.917
8,"[{""range"": 0.5015627584567174, ""doppler"": 0.0, ""angle"": -21.98348086400154, ""elevation"": 0.0}, {""range"": 1.2085418314061138, ""doppler"": 0.0, ""angle"": -4.480628862166157, ""elevation"": 0.0}, {""range"": 1.1721348189269603, ""doppler"": 0.0, ""angle"": 2.658127501870136, ""elevation"": 0.0}, {""range"": 1.183631888913076, ""doppler"": 0.0, ""angle"": 0.588604916946994, ""elevation"": 0.0}, {""range"": 0.621096886861682, ""doppler"": 0.0, ""angle"": 9.378255193148695, ""elevation"": 0.0}, {""range"": 0.6228600391921518, ""doppler"": 0.0, ""angle"": 9.451505561087275, ""elevation"": 0.0}, {""range"": 0.6363061630227199, ""doppler"": 0.0, ""angle"": 7.865963440760706, ""elevation"": 0.0}, {""range"": 2.5259388897035158, ""doppler"": 0.0, ""angle"": 61.303110684565645, ""elevation"": 0.0}]",1784935230509.907
10,"[{""range"": 1.3502988829600362, ""doppler"": 0.0, ""angle"": -34.544474011549035, ""elevation"": 0.0}, {""range"": 0.5004659906267607, ""doppler"": 0.0, ""angle"": -20.649489514310982, ""elevation"": 0.0}, {""range"": 1.3251977762220175, ""doppler"": 0.0, ""angle"": -25.769807782052492, ""elevation"": 0.0}, {""range"": 0.4876325494545751, ""doppler"": 0.0, ""angle"": -15.330670293399857, ""elevation"": 0.0}, {""range"": 0.556395554281901, ""doppler"": 0.0, ""angle"": -10.649064988047995, ""elevation"": 0.0}, {""range"": 1.1685241470001402, ""doppler"": 0.0, ""angle"": 2.210011514206838, ""elevation"": 0.0}, {""range"": 1.1815499935648592, ""doppler"": 0.0, ""angle"": 3.2620783323429507, ""elevation"": 0.0}, {""range"": 0.6160696697275285, ""doppler"": 0.0, ""angle"": 4.84512381072358, ""elevation"": 0.0}, {""range"": 0.6264355157003829, ""doppler"": 0.0, ""angle"": 7.41307512743402, ""elevation"": 0.0}, {""range"": 1.199901790887781, ""doppler"": 0.0, ""angle"": 7.363306109768348, ""elevation"": 0.0}]",1784935230609.8162
7,"[{""range"": 1.3521399060501604, ""doppler"": 0.0, ""angle"": -40.37117584701543, ""elevation"": 0.0}, {""range"": 1.3336589722564562, ""doppler"": 0.0, ""angle"": -31.942682129925466, ""elevation"": 0.0}, {""range"": 0.5991438050135158, ""doppler"": 0.0, ""angle"": -4.5705121767056385, ""elevation"": 0.0}, {""range"": 1.1987755106016977, ""doppler"": 0.0, ""angle"": 1.0085340451695373, ""elevation"": 0.0}, {""range"": 1.1671641765548857, ""doppler"": 0.0, ""angle"": 5.609274446445807, ""elevation"": 0.0}, {""range"": 1.1820868784473826, ""doppler"": 0.0, ""angle"": 4.311624718087957, ""elevation"": 0.0}, {""range"": 0.6704801759128522, ""doppler"": 0.0, ""angle"": 26.03885234762416, ""elevation"": 0.0}]",1784935230709.522
9,"[{""range"": 1.351261076919864, ""doppler"": 0.0, ""angle"": -39.571613008264634, ""elevation"": 0.0}, {""range"": 0.5015953971877884, ""doppler"": 0.0, ""angle"": -30.17557327384747, ""elevation"": 0.0}, {""range"": 0.5233169958399514, ""doppler"": 0.0, ""angle"": -26.284878449270014, ""elevation"": 0.0}, {""range"": 0.5342774837980522, ""doppler"": 0.0, ""angle"": -28.812473971110794, ""elevation"": 0.0}, {""range"": 1.3283092944186754, ""doppler"": 0.0, ""angle"": -29.802282292444925, ""elevation"": 0.0}, {""range"": 1.1693217549200425, ""doppler"": 0.0, ""angle"": 5.519663128410963, ""elevation"": 0.0}, {""range"": 1.1840524869530373, ""doppler"": 0.0, ""angle"": 3.818679401376102, ""elevation"": 0.0}, {""range"": 0.6170955663290126, ""doppler"": 0.0, ""angle"": 16.670620199982107, ""elevation"": 0.0}, {""range"": 0.6225623542959353, ""doppler"": 0.0, ""angle"": 14.74272521561333, ""elevation"": 0.0}]",1784935230805.384
8,"[{""range"": 0.5694071647182971, ""doppler"": 0.0, ""angle"": -31.503771855802498, ""elevation"": 0.0}, {""range"": 1.2040009075949647, ""doppler"": 0.0, ""angle"": -3.72973565266679, ""elevation"": 0.0}, {""range"": 1.1827729834157328, ""doppler"": 0.0, ""angle"": 1.2387751043678914, ""elevation"": 0.0}, {""range"": 1.1669986033328934, ""doppler"": 0.0, ""angle"": 4.9488259746507826, ""elevation"": 0.0}, {""range"": 0.5672567060062847, ""doppler"": 0.0, ""angle"": 12.840290568763503, ""elevation"": 0.0}, {""range"": 0.6069976421697831, ""doppler"": 0.0, ""angle"": 19.694697704862314, ""elevation"": 0.0}, {""range"": 0.6322228819651139, ""doppler"": 0.0, ""angle"": 23.839084896157548, ""elevation"": 0.0}, {""range"": 0.6659799136091604, ""doppler"": 0.0, ""angle"": 26.81272591469255, ""elevation"": 0.0}]",1784935230905.234
9,"[{""range"": 1.3558053141125601, ""doppler"": 0.0, ""angle"": -43.674737015128656, ""elevation"": 0.0}, {""range"": 1.3388806620820668, ""doppler"": 0.0, ""angle"": -32.22763167345625, ""elevation"": 0.0}, {""range"": 0.5584203427513017, ""doppler"": 0.0, ""angle"": -11.882043644634738, ""elevation"": 0.0}, {""range"": 0.5758548605361095, ""doppler"": 0.0, ""angle"": -9.526669883727594, ""elevation"": 0.0}, {""range"": 0.5839103246383172, ""doppler"": 0.0, ""angle"": -7.832335717446055, ""elevation"": 0.0}, {""range"": 0.602846298127913, ""doppler"": 0.0, ""angle"": -3.520148548942134, ""elevation"": 0.0}, {""range"": 0.6334214765937981, ""doppler"": 0.0, ""angle"": 2.08697359686073, ""elevation"": 0.0}, {""range"": 1.1639211065640231, ""doppler"": 0.0, ""angle"": 5.421554738850662, ""elevation"": 0.0}, {""range"": 1.1753480165570174, ""doppler"": 0.0, ""angle"": 5.386200679889622, ""elevation"": 0.0}]",1784935231006.706
4,"[{""range"": 1.1601077774934914, ""doppler"": 0.0, ""angle"": 3.4551401025588047, ""elevation"": 0.0}, {""range"": 1.1800745495774283, ""doppler"": 0.0, ""angle"": 1.5629349897078109, ""elevation"": 0.0}, {""range"": 0.6061264875973255, ""doppler"": 0.0, ""angle"": 10.401604250258277, ""elevation"": 0.0}, {""range"": 0.7956344242864868, ""doppler"": 0.0, ""angle"": 50.91988275627308, ""elevation"": 0.0}]",1784935231105.385
5,"[{""range"": 1.166662686147781, ""doppler"": 0.0, ""angle"": 3.8140748342903543, ""elevation"": 0.0}, {""range"": 1.1798823743674576, ""doppler"": 0.0, ""angle"": 4.72037511068295, ""elevation"": 0.0}, {""range"": 0.6808611935005153, ""doppler"": 0.0, ""angle"": 30.700531219299556, ""elevation"": 0.0}, {""range"": 0.6888035532861185, ""doppler"": 0.0, ""angle"": 28.414591626505633, ""elevation"": 0.0}, {""range"": 0.6689956001126776, ""doppler"": 0.0, ""angle"": 34.7774819549824, ""elevation"": 0.0}]",1784935231206.827
6,"[{""range"": 1.3656150229525084, ""doppler"": 0.0, ""angle"": -37.83023983862543, ""elevation"": 0.0}, {""range"": 1.1844884574591616, ""doppler"": 0.0, ""angle"": 0.371932957845212, ""elevation"": 0.0}, {""range"": 0.6193157822388505, ""doppler"": 0.0, ""angle"": 6.382209495888005, ""elevation"": 0.0}, {""range"": 0.6253591904576354, ""doppler"": 0.0, ""angle"": 9.529656097387948, ""elevation"": 0.0}, {""range"": 0.6619602972512885, ""doppler"": 0.0, ""angle"": 29.875421612744052, ""elevation"": 0.0}, {""range"": 0.7013709373654394, ""doppler"": 0.0, ""angle"": 29.761187846026598, ""elevation"": 0.0}]",1784935231305.9102
9,"[{""range"": 1.3245291160901118, ""doppler"": 0.0, ""angle"": -29.326573315806282, ""elevation"": 0.0}, {""range"": 1.2854971421656534, ""doppler"": 0.0, ""angle"": -21.905007672928754, ""elevation"": 0.0}, {""range"": 1.2279917889799794, ""doppler"": 0.0, ""angle"": -10.427974745225388, ""elevation"": 0.0}, {""range"": 0.6358103032206994, ""doppler"": 0.0, ""angle"": -1.1441517860637673, ""elevation"": 0.0}, {""range"": 1.1891645853997015, ""doppler"": 0.0, ""angle"": -1.1287074982601424, ""elevation"": 0.0}, {""range"": 0.6473595162099042, ""doppler"": 0.0, ""angle"": 4.912157738451255, ""elevation"": 0.0}, {""range"": 0.6600140765219398, ""doppler"": 0.0, ""angle"": 6.268194933051745, ""elevation"": 0.0}, {""range"": 0.6875660153949817, ""doppler"": 0.0, ""angle"": 8.690650798043299, ""elevation"": 0.0}, {""range"": 0.7805380418283552, ""doppler"": 0.0, ""angle"": 40.72658091279697, ""elevation"": 0.0}]",1784935231405.676
7,"[{""range"": 1.3479150694393278, ""doppler"": 0.0, ""angle"": -27.914657575735795, ""elevation"": 0.0}, {""range"": 1.3675598162368172, ""doppler"": 0.0, ""angle"": -32.98774991321613, ""elevation"": 0.0}, {""range"": 1.4092906202838966, ""doppler"": 0.0, ""angle"": -27.465659758084477, ""elevation"": 0.0}, {""range"": 0.5846009217488928, ""doppler"": 0.0, ""angle"": -19.69862137458028, ""elevation"": 0.0}, {""range"": 0.5912111673741344, ""doppler"": 0.0, ""angle"": -19.377553086844987, ""elevation"": 0.0}, {""range"": 0.6266128354869461, ""doppler"": 0.0, ""angle"": 7.410965585678052, ""elevation"": 0.0}, {""range"": 0.6476263018664515, ""doppler"": 0.0, ""angle"": 13.94799583605431, ""elevation"": 0.0}]",1784935231505.079
9,"[{""range"": 0.5819092827143914, ""doppler"": 0.0, ""angle"": -35.267513226560425, ""elevation"": 0.0}, {""range"": 1.3585795089774688, ""doppler"": 0.0, ""angle"": -35.64813495521383, ""elevation"": 0.0}, {""range"": 1.3863582825962184, ""doppler"": 0.0, ""angle"": -40.32315030456084, ""elevation"": 0.0}, {""range"": 1.3403157060200703, ""doppler"": 0.0, ""angle"": -28.052252994547054, ""elevation"": 0.0}, {""range"": 0.6258423583519693, ""doppler"": 0.0, ""angle"": 7.502691531920116, ""elevation"": 0.0}, {""range"": 0.632115983498117, ""doppler"": 0.0, ""angle"": 10.216415940336447, ""elevation"": 0.0}, {""range"": 1.163238615584144, ""doppler"": 0.0, ""angle"": 6.301286489776818, ""elevation"": 0.0}, {""range"": 1.173233230440924, ""doppler"": 0.0, ""angle"": 5.852226966306291, ""elevation"": 0.0}, {""range"": 0.6504106578239182, ""doppler"": 0.0, ""angle"": 16.252643737166228, ""elevation"": 0.0}]",1784935231609.7988
8,"[{""range"": 1.3532711913409485, ""doppler"": 0.0, ""angle"": -37.32717606292208, ""elevation"": 0.0}, {""range"": 1.3386628096337525, ""doppler"": 0.0, ""angle"": -28.82118805207728, ""elevation"": 0.0}, {""range"": 0.5823746936960852, ""doppler"": 0.0, ""angle"": -20.978147652771696, ""elevation"": 0.0}, {""range"": 0.5763140092288265, ""doppler"": 0.0, ""angle"": -17.310544033801744, ""elevation"": 0.0}, {""range"": 1.1642670836076174, ""doppler"": 0.0, ""angle"": 3.4868612530476635, ""elevation"": 0.0}, {""range"": 1.1784739769169301, ""doppler"": 0.0, ""angle"": 3.8019306297650215, ""elevation"": 0.0}, {""range"": 0.6477861230829572, ""doppler"": 0.0, ""angle"": 19.730424070441074, ""elevation"": 0.0}, {""range"": 0.6683508260844095, ""doppler"": 0.0, ""angle"": 21.650541576177417, ""elevation"": 0.0}]",1784935231709.7002
10,"[{""range"": 1.3666482403054165, ""doppler"": 0.0, ""angle"": -34.62782708601395, ""elevation"": 0.0}, {""range"": 1.3473473799850515, ""doppler"": 0.0, ""angle"": -28.496975185624866, ""elevation"": 0.0}, {""range"": 1.3968899800225991, ""doppler"": 0.0, ""angle"": -30.773823687225946, ""elevation"": 0.0}, {""range"": 0.5981629464449432, ""doppler"": 0.0, ""angle"": -23.3155388727739, ""elevation"": 0.0}, {""range"": 0.5787334186296185, ""doppler"": 0.0, ""angle"": -16.88406868811511, ""elevation"": 0.0}, {""range"": 1.1542323667416725, ""doppler"": 0.0, ""angle"": 3.179337752722824, ""elevation"": 0.0}, {""range"": 1.1722358143070282, ""doppler"": 0.0, ""angle"": 0.7866203148887861, ""elevation"": 0.0}, {""range"": 0.6650009681114493, ""doppler"": 0.0, ""angle"": 17.285094375432976, ""elevation"": 0.0}, {""range"": 0.6943207838159718, ""doppler"": 0.0, ""angle"": 14.573073715608333, ""elevation"": 0.0}, {""range"": 0.6504953310351683, ""doppler"": 0.0, ""angle"": 19.127266109784564, ""elevation"": 0.0}]",1784935231816.531
5,"[{""range"": 0.625966878373139, ""doppler"": 0.0, ""angle"": -1.1130351133586596, ""elevation"": 0.0}, {""range"": 0.6482016958028571, ""doppler"": 0.0, ""angle"": 9.334998463138236, ""elevation"": 0.0}, {""range"": 0.6973369753435799, ""doppler"": 0.0, ""angle"": 18.091141103540505, ""elevation"": 0.0}, {""range"": 0.6760497047433325, ""doppler"": 0.0, ""angle"": 19.08192510739157, ""elevation"": 0.0}, {""range"": 0.7587348316995145, ""doppler"": 0.0, ""angle"": 36.38377967048717, ""elevation"": 0.0}]",1784935231905.277
7,"[{""range"": 1.3667765392347622, ""doppler"": 0.0, ""angle"": -31.84567468549689, ""elevation"": 0.0}, {""range"": 0.609987143601186, ""doppler"": 0.0, ""angle"": -1.5790145752864384, ""elevation"": 0.0}, {""range"": 0.6219231924143125, ""doppler"": 0.0, ""angle"": 0.2965252511505506, ""elevation"": 0.0}, {""range"": 1.1867277844353707, ""doppler"": 0.0, ""angle"": 3.0921941374973403, ""elevation"": 0.0}, {""range"": 1.1637519122801834, ""doppler"": 0.0, ""angle"": 6.369357817056011, ""elevation"": 0.0}, {""range"": 0.6954299201415438, ""doppler"": 0.0, ""angle"": 29.07606801487577, ""elevation"": 0.0}, {""range"": 0.6711782870953642, ""doppler"": 0.0, ""angle"": 34.778179641451636, ""elevation"": 0.0}]",1784935232005.4211
7,"[{""range"": 0.5832779248880837, ""doppler"": 0.0, ""angle"": -19.595928070249126, ""elevation"": 0.0}, {""range"": 0.5960758947012623, ""doppler"": 0.0, ""angle"": -17.907718603206373, ""elevation"": 0.0}, {""range"": 0.6134736825625746, ""doppler"": 0.0, ""angle"": -17.611061881037344, ""elevation"": 0.0}, {""range"": 1.1607452812229822, ""doppler"": 0.0, ""angle"": 7.141438182649051, ""elevation"": 0.0}, {""range"": 1.170135282826741, ""doppler"": 0.0, ""angle"": 6.1671166098367305, ""elevation"": 0.0}, {""range"": 0.6682483672060381, ""doppler"": 0.0, ""angle"": 32.41004671346455, ""elevation"": 0.0}, {""range"": 0.7155096527249922, ""doppler"": 0.0, ""angle"": 34.71869924444571, ""elevation"": 0.0}]",1784935232109.649
9,"[{""range"": 1.3641423000265172, ""doppler"": 0.0, ""angle"": -19.073838094221404, ""elevation"": 0.0}, {""range"": 0.6129093251324088, ""doppler"": 0.0, ""angle"": -12.75907019525547, ""elevation"": 0.0}, {""range"": 0.5912080846399619, ""doppler"": 0.0, ""angle"": -7.2281899099778375, ""elevation"": 0.0}, {""range"": 0.5970912954565166, ""doppler"": 0.0, ""angle"": -8.785298717884604, ""elevation"": 0.0}, {""range"": 1.339511163243452, ""doppler"": 0.0, ""angle"": -8.119285707217637, ""elevation"": 0.0}, {""range"": 1.1494545249134183, ""doppler"": 0.0, ""angle"": 8.35447417226382, ""elevation"": 0.0}, {""range"": 1.167889985970403, ""doppler"": 0.0, ""angle"": 11.55251292143425, ""elevation"": 0.0}, {""range"": 0.6689699099849553, ""doppler"": 0.0, ""angle"": 35.88662546267249, ""elevation"": 0.0}, {""range"": 0.7030854980439097, ""doppler"": 0.0, ""angle"": 39.08537680096896, ""elevation"": 0.0}]",1784935232206.8538
7,"[{""range"": 1.3640592875248325, ""doppler"": 0.0, ""angle"": -35.95503375377285, ""elevation"": 0.0}, {""range"": 1.3333898021705803, ""doppler"": 0.0, ""angle"": -27.20420267533186, ""elevation"": 0.0}, {""range"": 0.6002362959244376, ""doppler"": 0.0, ""angle"": -3.6380881134055425, ""elevation"": 0.0}, {""range"": 0.6469233361172753, ""doppler"": 0.0, ""angle"": 25.771786586240363, ""elevation"": 0.0}, {""range"": 0.6747057072996164, ""doppler"": 0.0, ""angle"": 24.554544847440486, ""elevation"": 0.0}, {""range"": 0.7225228769956366, ""doppler"": 0.0, ""angle"": 34.5749803657511, ""elevation"": 0.0}, {""range"": 0.7556855422571903, ""doppler"": 0.0, ""angle"": 41.27775342215996, ""elevation"": 0.0}]",1784935232306.2131
7,"[{""range"": 1.3585993372280143, ""doppler"": 0.0, ""angle"": -26.89555468606555, ""elevation"": 0.0}, {""range"": 1.3318455799244542, ""doppler"": 0.0, ""angle"": -19.865464313105832, ""elevation"": 0.0}, {""range"": 1.2375061816298485, ""doppler"": 0.0, ""angle"": -6.28807892247775, ""elevation"": 0.0}, {""range"": 0.6209336462556507, ""doppler"": 0.0, ""angle"": 4.459448273678028, ""elevation"": 0.0}, {""range"": 0.6327014400636195, ""doppler"": 0.0, ""angle"": 8.975152104360667, ""elevation"": 0.0}, {""range"": 0.6579834056575842, ""doppler"": 0.0, ""angle"": 12.748363048255882, ""elevation"": 0.0}, {""range"": 0.69483795531884, ""doppler"": 0.0, ""angle"": 18.313717699529594, ""elevation"": 0.0}]",1784935232405.7888
5,"[{""range"": 1.3239286368659935, ""doppler"": 0.0, ""angle"": -26.028621920796887, ""elevation"": 0.0}, {""range"": 1.3471181034058186, ""doppler"": 0.0, ""angle"": -33.22600759440679, ""elevation"": 0.0}, {""range"": 1.3042367829454677, ""doppler"": 0.0, ""angle"": -23.556510417031582, ""elevation"": 0.0}, {""range"": 0.5817158081022601, ""doppler"": 0.0, ""angle"": -14.817967076889998, ""elevation"": 0.0}, {""range"": 0.6000472385273372, ""doppler"": 0.0, ""angle"": -12.669555995529501, ""elevation"": 0.0}]",1784935232504.9321
9,"[{""range"": 1.3489508219443909, ""doppler"": 0.0, ""angle"": -30.961151467989065, ""elevation"": 0.0}, {""range"": 0.6033649564973783, ""doppler"": 0.0, ""angle"": -19.637833051068824, ""elevation"": 0.0}, {""range"": 1.3269429783038151, ""doppler"": 0.0, ""angle"": -23.3314000982455, ""elevation"": 0.0}, {""range"": 0.5957906412515979, ""doppler"": 0.0, ""angle"": -17.934656705462853, ""elevation"": 0.0}, {""range"": 1.3028465838999113, ""doppler"": 0.0, ""angle"": -17.78092149902324, ""elevation"": 0.0}, {""range"": 0.6397198142431468, ""doppler"": 0.0, ""angle"": 1.0250317779621045, ""elevation"": 0.0}, {""range"": 0.6781507556022625, ""doppler"": 0.0, ""angle"": 11.29808103567169, ""elevation"": 0.0}, {""range"": 0.7330115140900713, ""doppler"": 0.0, ""angle"": 28.69077454453719, ""elevation"": 0.0}, {""range"": 0.7637244452525894, ""doppler"": 0.0, ""angle"": 35.59537744972291, ""elevation"": 0.0}]",1784935232609.319
10,"[{""range"": 1.3355791352094641, ""doppler"": 0.0, ""angle"": -27.882515486717292, ""elevation"": 0.0}, {""range"": 1.3519400836417323, ""doppler"": 0.0, ""angle"": -32.380521612373165, ""elevation"": 0.0}, {""range"": 0.591653616388287, ""doppler"": 0.0, ""angle"": -10.148415269567227, ""elevation"": 0.0}, {""range"": 0.6019585656118913, ""doppler"": 0.0, ""angle"": -8.197497795529806, ""elevation"": 0.0}, {""range"": 0.6148329851453995, ""doppler"": 0.0, ""angle"": -8.681550133942704, ""elevation"": 0.0}, {""range"": 0.6467723734334624, ""doppler"": 0.0, ""angle"": -9.821701958092124, ""elevation"": 0.0}, {""range"": 1.156472716251082, ""doppler"": 0.0, ""angle"": 4.985089901495725, ""elevation"": 0.0}, {""range"": 1.1705414455021759, ""doppler"": 0.0, ""angle"": 5.408383717463937, ""elevation"": 0.0}, {""range"": 0.7496461932156728, ""doppler"": 0.0, ""angle"": 44.0335636703264, ""elevation"": 0.0}, {""range"": 0.7785692583982234, ""doppler"": 0.0, ""angle"": 43.69720164574102, ""elevation"": 0.0}]",1784935232716.703
10,"[{""range"": 1.3300719654761892, ""doppler"": 0.0, ""angle"": -29.04263349947318, ""elevation"": 0.0}, {""range"": 1.356030716769512, ""doppler"": 0.0, ""angle"": -33.069794376200115, ""elevation"": 0.0}, {""range"": 1.292341139870416, ""doppler"": 0.0, ""angle"": -20.4910945661758, ""elevation"": 0.0}, {""range"": 1.2217197437592475, ""doppler"": 0.0, ""angle"": -6.749519729651433, ""elevation"": 0.0}, {""range"": 1.179316871980876, ""doppler"": 0.0, ""angle"": 1.7899106082460694, ""elevation"": 0.0}, {""range"": 0.6120104064684302, ""doppler"": 0.0, ""angle"": 8.501794069134357, ""elevation"": 0.0}, {""range"": 0.6706771019104584, ""doppler"": 0.0, ""angle"": 7.799565910732287, ""elevation"": 0.0}, {""range"": 1.1576308183874842, ""doppler"": 0.0, ""angle"": 5.228883132105771, ""elevation"": 0.0}, {""range"": 0.716684553435599, ""doppler"": 0.0, ""angle"": 17.991925744919904, ""elevation"": 0.0}, {""range"": 0.7670318705281483, ""doppler"": 0.0, ""angle"": 39.266851690153786, ""elevation"": 0.0}]",1784935232806.846
10,"[{""range"": 1.3518501131213474, ""doppler"": 0.0, ""angle"": -35.34033172902321, ""elevation"": 0.0}, {""range"": 1.3207540601554484, ""doppler"": 0.0, ""angle"": -24.670576456179877, ""elevation"": 0.0}, {""range"": 1.286588376036023, ""doppler"": 0.0, ""angle"": -14.273799609553658, ""elevation"": 0.0}, {""range"": 0.6263754110470673, ""doppler"": 0.0, ""angle"": -3.338606616274049, ""elevation"": 0.0}, {""range"": 0.6477605543381807, ""doppler"": 0.0, ""angle"": 9.581932011925526, ""elevation"": 0.0}, {""range"": 0.6953347163359376, ""doppler"": 0.0, ""angle"": 6.704672078990559, ""elevation"": 0.0}, {""range"": 1.159788680560844, ""doppler"": 0.0, ""angle"": 6.524566202342533, ""elevation"": 0.0}, {""range"": 1.1747959677460744, ""doppler"": 0.0, ""angle"": 6.160098701622292, ""elevation"": 0.0}, {""range"": 0.6634484225626952, ""doppler"": 0.0, ""angle"": 12.594131602881177, ""elevation"": 0.0}, {""range"": 0.7737434319306196, ""doppler"": 0.0, ""angle"": 48.00688224478523, ""elevation"": 0.0}]",1784935232916.668
7,"[{""range"": 1.3532696437384246, ""doppler"": 0.0, ""angle"": -31.612957995184065, ""elevation"": 0.0}, {""range"": 1.3219757822060887, ""doppler"": 0.0, ""angle"": -22.76711469969996, ""elevation"": 0.0}, {""range"": 1.2960505011660612, ""doppler"": 0.0, ""angle"": -18.134973660618105, ""elevation"": 0.0}, {""range"": 1.1602681197844689, ""doppler"": 0.0, ""angle"": 6.877491534551877, ""elevation"": 0.0}, {""range"": 1.1705729539983556, ""doppler"": 0.0, ""angle"": 6.120787262427235, ""elevation"": 0.0}, {""range"": 0.7198593507916748, ""doppler"": 0.0, ""angle"": 33.00716133391678, ""elevation"": 0.0}, {""range"": 0.7703382739382219, ""doppler"": 0.0, ""angle"": 41.04704932617979, ""elevation"": 0.0}]",1784935233005.384
