num_points,points,timestamp_ms
9,"[{""range"": 1.4149970997718644, ""doppler"": 0.0, ""angle"": -28.806352775258116, ""elevation"": 0.0}, {""range"": 1.436040278480904, ""doppler"": 0.0, ""angle"": -28.88205827986119, ""elevation"": 0.0}, {""range"": 0.558802928845765, ""doppler"": 0.0, ""angle"": 10.47211378917114, ""elevation"": 0.0}, {""range"": 0.5859601939999127, ""doppler"": 0.0, ""angle"": 17.163147192538013, ""elevation"": 0.0}, {""range"": 0.6460244797655541, ""doppler"": 0.0, ""angle"": 24.443954780416536, ""elevation"": 0.0}, {""range"": 0.6986710752594345, ""doppler"": 0.0, ""angle"": 34.60519276712747, ""elevation"": 0.0}, {""range"": 0.7100348063341072, ""doppler"": 0.0, ""angle"": 36.93338644575229, ""elevation"": 0.0}, {""range"": 2.5238879102154956, ""doppler"": 0.0, ""angle"": 54.3122619515102, ""elevation"": 0.0}, {""range"": 2.539545738119105, ""doppler"": 0.0, ""angle"": 57.082005731859255, ""elevation"": 0.0}]",1784935313558.0952
11,"[{""range"": 1.3058114635483946, ""doppler"": 0.0, ""angle"": -5.500585021025086, ""elevation"": 0.0}, {""range"": 1.3414120917455181, ""doppler"": 0.0, ""angle"": 7.984284397054751, ""elevation"": 0.0}, {""range"": 1.365248978949963, ""doppler"": 0.0, ""angle"": 13.97618120517724, ""elevation"": 0.0}, {""range"": 1.387293058349322, ""doppler"": 0.0, ""angle"": 11.848721131691983, ""elevation"": 0.0}, {""range"": 0.6667184907979218, ""doppler"": 0.0, ""angle"": 25.54791051609739, ""elevation"": 0.0}, {""range"": 0.6374454676816916, ""doppler"": 0.0, ""angle"": 29.32623482615047, ""elevation"": 0.0}, {""range"": 0.685363742933692, ""doppler"": 0.0, ""angle"": 25.963367326465917, ""elevation"": 0.0}, {""range"": 0.7009221805305229, ""doppler"": 0.0, ""angle"": 28.860102732750075, ""elevation"": 0.0}, {""range"": 0.7261081690766159, ""doppler"": 0.0, ""angle"": 28.812030071250042, ""elevation"": 0.0}, {""range"": 2.5268557127160105, ""doppler"": 0.0, ""angle"": 58.867968281935084, ""elevation"": 0.0}, {""range"": 2.5435843949993204, ""doppler"": 0.0, ""angle"": 59.51219485565561, ""elevation"": 0.0}]",1784935313558.419
11,"[{""range"": 1.4068232165544525, ""doppler"": 0.0, ""angle"": -29.699716731558503, ""elevation"": 0.0}, {""range"": 0.6395794496191266, ""doppler"": 0.0, ""angle"": 2.9647975747381885, ""elevation"": 0.0}, {""range"": 1.31214689687828, ""doppler"": 0.0, ""angle"": -0.22643349079932237, ""elevation"": 0.0}, {""range"": 0.609759448897356, ""doppler"": 0.0, ""angle"": 10.116992127099214, ""elevation"": 0.0}, {""range"": 1.339379548332063, ""doppler"": 0.0, ""angle"": 11.029403970015686, ""elevation"": 0.0}, {""range"": 1.363070425569897, ""doppler"": 0.0, ""angle"": 14.440947770162804, ""elevation"": 0.0}, {""range"": 0.7367547481359751, ""doppler"": 0.0, ""angle"": 22.594192401389023, ""elevation"": 0.0}, {""range"": 0.7199153147894873, ""doppler"": 0.0, ""angle"": 29.58954637460895, ""elevation"": 0.0}, {""range"": 0.700705280659951, ""doppler"": 0.0, ""angle"": 37.086294702137025, ""elevation"": 0.0}, {""range"": 2.5280526847594254, ""doppler"": 0.0, ""angle"": 56.65163040775459, ""elevation"": 0.0}, {""range"": 2.540453786643644, ""doppler"": 0.0, ""angle"": 57.78429524521595, ""elevation"": 0.0}]",1784935313558.6418
12,"[{""range"": 1.4097372369716699, ""doppler"": 0.0, ""angle"": -29.54025760232744, ""elevation"": 0.0}, {""range"": 1.429185681347569, ""doppler"": 0.0, ""angle"": -28.379895544509353, ""elevation"": 0.0}, {""range"": 1.3179818219440316, ""doppler"": 0.0, ""angle"": -3.4924474514507136, ""elevation"": 0.0}, {""range"": 0.5128968426948622, ""doppler"": 0.0, ""angle"": 8.339148250536276, ""elevation"": 0.0}, {""range"": 1.3282258719481672, ""doppler"": 0.0, ""angle"": 5.562461043626142, ""elevation"": 0.0}, {""range"": 0.5331758081402835, ""doppler"": 0.0, ""angle"": 12.768494002631606, ""elevation"": 0.0}, {""range"": 1.3621217027896921, ""doppler"": 0.0, ""angle"": 15.400909175976999, ""elevation"": 0.0}, {""range"": 0.6708172274624962, ""doppler"": 0.0, ""angle"": 20.92785836224725, ""elevation"": 0.0}, {""range"": 0.6984519198402139, ""doppler"": 0.0, ""angle"": 29.038931997649176, ""elevation"": 0.0}, {""range"": 0.7043255706494301, ""doppler"": 0.0, ""angle"": 31.78951703358569, ""elevation"": 0.0}, {""range"": 2.528053171701481, ""doppler"": 0.0, ""angle"": 55.81311847748848, ""elevation"": 0.0}, {""range"": 2.5415544109520436, ""doppler"": 0.0, ""angle"": 57.19768268184309, ""elevation"": 0.0}]",1784935313558.8801
9,"[{""range"": 0.6280344790023191, ""doppler"": 0.0, ""angle"": -32.80775874014367, ""elevation"": 0.0}, {""range"": 1.3934623077163408, ""doppler"": 0.0, ""angle"": -32.13397642796496, ""elevation"": 0.0}, {""range"": 1.4095778590544632, ""doppler"": 0.0, ""angle"": -29.895436307741818, ""elevation"": 0.0}, {""range"": 1.4307993919486048, ""doppler"": 0.0, ""angle"": -30.94042413285, ""elevation"": 0.0}, {""range"": 0.7091975470346086, ""doppler"": 0.0, ""angle"": 30.36666321365396, ""elevation"": 0.0}, {""range"": 0.7090880487970901, ""doppler"": 0.0, ""angle"": 30.522685375149493, ""elevation"": 0.0}, {""range"": 0.7279885095718954, ""doppler"": 0.0, ""angle"": 30.217942153117242, ""elevation"": 0.0}, {""range"": 2.5220170417207557, ""doppler"": 0.0, ""angle"": 57.046807807238594, ""elevation"": 0.0}, {""range"": 2.5373498492944138, ""doppler"": 0.0, ""angle"": 58.07850576201362, ""elevation"": 0.0}]",1784935313559.108
13,"[{""range"": 1.416743433597226, ""doppler"": 0.0, ""angle"": -29.37981356117726, ""elevation"": 0.0}, {""range"": 1.4334394396851449, ""doppler"": 0.0, ""angle"": -29.41420793859476, ""elevation"": 0.0}, {""range"": 0.5702133007544664, ""doppler"": 0.0, ""angle"": 4.730815132446872, ""elevation"": 0.0}, {""range"": 0.6071120444313904, ""doppler"": 0.0, ""angle"": 4.22268200859279, ""elevation"": 0.0}, {""range"": 0.6500132469498048, ""doppler"": 0.0, ""angle"": 13.879510007792042, ""elevation"": 0.0}, {""range"": 1.3541563662569516, ""doppler"": 0.0, ""angle"": 12.305596646465226, ""elevation"": 0.0}, {""range"": 1.3732710153270702, ""doppler"": 0.0, ""angle"": 13.393880157078327, ""elevation"": 0.0}, {""range"": 0.6938059228152269, ""doppler"": 0.0, ""angle"": 26.74335696924307, ""elevation"": 0.0}, {""range"": 0.7163586160299914, ""doppler"": 0.0, ""angle"": 28.99626094076328, ""elevation"": 0.0}, {""range"": 0.7405534996366365, ""doppler"": 0.0, ""angle"": 30.100090330186795, ""elevation"": 0.0}, {""range"": 2.4977735002703154, ""doppler"": 0.0, ""angle"": 55.04023866467389, ""elevation"": 0.0}, {""range"": 2.521503139006227, ""doppler"": 0.0, ""angle"": 57.49328182489604, ""elevation"": 0.0}, {""range"": 2.541676346040495, ""doppler"": 0.0, ""angle"": 57.85404276875195, ""elevation"": 0.0}]",1784935313559.342
7,"[{""range"": 1.411164053436411, ""doppler"": 0.0, ""angle"": -28.354353299028283, ""elevation"": 0.0}, {""range"": 0.6455971793146768, ""doppler"": 0.0, ""angle"": 17.305743282976252, ""elevation"": 0.0}, {""range"": 0.7314274423465549, ""doppler"": 0.0, ""angle"": 30.759567163038955, ""elevation"": 0.0}, {""range"": 0.7044663106695348, ""doppler"": 0.0, ""angle"": 40.20219776509491, ""elevation"": 0.0}, {""range"": 0.7183098408790008, ""doppler"": 0.0, ""angle"": 34.287412637012, ""elevation"": 0.0}, {""range"": 2.5231953747717912, ""doppler"": 0.0, ""angle"": 58.63722611308829, ""elevation"": 0.0}, {""range"": 2.543661501990145, ""doppler"": 0.0, ""angle"": 60.337050407918554, ""elevation"": 0.0}]",1784935313559.5652
12,"[{""range"": 1.4101303707558877, ""doppler"": 0.0, ""angle"": -30.994907051758943, ""elevation"": 0.0}, {""range"": 0.5763316241471382, ""doppler"": 0.0, ""angle"": -12.798750491611731, ""elevation"": 0.0}, {""range"": 1.3057816389579486, ""doppler"": 0.0, ""angle"": -6.937190724104251, ""elevation"": 0.0}, {""range"": 0.6156004647780168, ""doppler"": 0.0, ""angle"": -2.2640029211587946, ""elevation"": 0.0}, {""range"": 1.3220610985481858, ""doppler"": 0.0, ""angle"": -1.1547504356655691, ""elevation"": 0.0}, {""range"": 0.6527335646307278, ""doppler"": 0.0, ""angle"": 9.715202316684685, ""elevation"": 0.0}, {""range"": 1.3656321150190192, ""doppler"": 0.0, ""angle"": 11.418809331412596, ""elevation"": 0.0}, {""range"": 0.699562276442624, ""doppler"": 0.0, ""angle"": 26.702592221723673, ""elevation"": 0.0}, {""range"": 0.7014472027177802, ""doppler"": 0.0, ""angle"": 32.782615859599574, ""elevation"": 0.0}, {""range"": 0.7247911325006122, ""doppler"": 0.0, ""angle"": 42.32028098009355, ""elevation"": 0.0}, {""range"": 2.5238174014829826, ""doppler"": 0.0, ""angle"": 54.42598588688703, ""elevation"": 0.0}, {""range"": 2.542182353462983, ""doppler"": 0.0, ""angle"": 58.62430928283213, ""elevation"": 0.0}]",1784935313559.8071
11,"[{""range"": 1.4155398275997286, ""doppler"": 0.0, ""angle"": -29.6901198240239, ""elevation"": 0.0}, {""range"": 1.2986800082575984, ""doppler"": 0.0, ""angle"": -11.887032823391701, ""elevation"": 0.0}, {""range"": 1.316891994046709, ""doppler"": 0.0, ""angle"": -3.729202993624789, ""elevation"": 0.0}, {""range"": 0.6179217893452285, ""doppler"": 0.0, ""angle"": -1.1275282343327553, ""elevation"": 0.0}, {""range"": 0.6376303315519829, ""doppler"": 0.0, ""angle"": -1.8641877062591292, ""elevation"": 0.0}, {""range"": 1.3679628390765892, ""doppler"": 0.0, ""angle"": 17.897320770074277, ""elevation"": 0.0}, {""range"": 0.7247080143928619, ""doppler"": 0.0, ""angle"": 30.861927647260792, ""elevation"": 0.0}, {""range"": 0.7367660317909077, ""doppler"": 0.0, ""angle"": 28.088846641172687, ""elevation"": 0.0}, {""range"": 0.7037676902527555, ""doppler"": 0.0, ""angle"": 34.97413092116037, ""elevation"": 0.0}, {""range"": 2.5292102415870277, ""doppler"": 0.0, ""angle"": 57.51327366238077, ""elevation"": 0.0}, {""range"": 2.5456625499788332, ""doppler"": 0.0, ""angle"": 58.81330381672896, ""elevation"": 0.0}]",1784935313560.0278
13,"[{""range"": 1.4174864345547824, ""doppler"": 0.0, ""angle"": -30.446855299819543, ""elevation"": 0.0}, {""range"": 1.4273656401116561, ""doppler"": 0.0, ""angle"": -31.03146018244443, ""elevation"": 0.0}, {""range"": 1.2942888672080775, ""doppler"": 0.0, ""angle"": -10.966848074496683, ""elevation"": 0.0}, {""range"": 0.6262253411759409, ""doppler"": 0.0, ""angle"": -8.78720953260836, ""elevation"": 0.0}, {""range"": 0.6329872091383753, ""doppler"": 0.0, ""angle"": -8.054565634548398, ""elevation"": 0.0}, {""range"": 1.3224205518363095, ""doppler"": 0.0, ""angle"": -0.6740368979845053, ""elevation"": 0.0}, {""range"": 1.3675980664281777, ""doppler"": 0.0, ""angle"": 11.746287001738192, ""elevation"": 0.0}, {""range"": 0.6985033735291692, ""doppler"": 0.0, ""angle"": 25.797567176954217, ""elevation"": 0.0}, {""range"": 0.713740494709905, ""doppler"": 0.0, ""angle"": 30.33599736310635, ""elevation"": 0.0}, {""range"": 0.7292974922327525, ""doppler"": 0.0, ""angle"": 31.6479965581035, ""elevation"": 0.0}, {""range"": 2.5042476543364756, ""doppler"": 0.0, ""angle"": 50.78111718428059, ""elevation"": 0.0}, {""range"": 2.5245546590984946, ""doppler"": 0.0, ""angle"": 55.0987428151076, ""elevation"": 0.0}, {""range"": 2.545322116498131, ""doppler"": 0.0, ""angle"": 56.43496641823323, ""elevation"": 0.0}]",1784935313560.25
11,"[{""range"": 1.417506341080567, ""doppler"": 0.0, ""angle"": -28.915605102707453, ""elevation"": 0.0}, {""range"": 1.4284094252579382, ""doppler"": 0.0, ""angle"": -29.083863650294983, ""elevation"": 0.0}, {""range"": 0.6291730586964666, ""doppler"": 0.0, ""angle"": 2.1988431544301528, ""elevation"": 0.0}, {""range"": 1.3256616530878889, ""doppler"": 0.0, ""angle"": -3.0696551328775974, ""elevation"": 0.0}, {""range"": 0.6507777084142666, ""doppler"": 0.0, ""angle"": 8.755737691994664, ""elevation"": 0.0}, {""range"": 1.3675201971692266, ""doppler"": 0.0, ""angle"": 11.877082511235832, ""elevation"": 0.0}, {""range"": 0.6882115337074717, ""doppler"": 0.0, ""angle"": 22.95424780880782, ""elevation"": 0.0}, {""range"": 0.7129979111322953, ""doppler"": 0.0, ""angle"": 31.190474132231195, ""elevation"": 0.0}, {""range"": 0.7381053024893637, ""doppler"": 0.0, ""angle"": 33.047143619439304, ""elevation"": 0.0}, {""range"": 2.5284941951860733, ""doppler"": 0.0, ""angle"": 58.487263739370285, ""elevation"": 0.0}, {""range"": 2.545776494961337, ""doppler"": 0.0, ""angle"": 58.871289502139064, ""elevation"": 0.0}]",1784935313560.4702
11,"[{""range"": 1.4138471778991355, ""doppler"": 0.0, ""angle"": -28.600628147048038, ""elevation"": 0.0}, {""range"": 1.4306099082936041, ""doppler"": 0.0, ""angle"": -29.519259567800997, ""elevation"": 0.0}, {""range"": 0.5969110446858837, ""doppler"": 0.0, ""angle"": -20.829253275235185, ""elevation"": 0.0}, {""range"": 0.6580449235121152, ""doppler"": 0.0, ""angle"": 5.832980107468547, ""elevation"": 0.0}, {""range"": 1.362824273996598, ""doppler"": 0.0, ""angle"": 14.69994186115042, ""elevation"": 0.0}, {""range"": 0.7081832127064461, ""doppler"": 0.0, ""angle"": 31.189534427899353, ""elevation"": 0.0}, {""range"": 0.7188956433575766, ""doppler"": 0.0, ""angle"": 32.41326147798663, ""elevation"": 0.0}, {""range"": 0.7343735242228459, ""doppler"": 0.0, ""angle"": 33.1367453298958, ""elevation"": 0.0}, {""range"": 2.531831970787501, ""doppler"": 0.0, ""angle"": 58.31031645623948, ""elevation"": 0.0}, {""range"": 2.5486990948794626, ""doppler"": 0.0, ""angle"": 59.26236448959889, ""elevation"": 0.0}, {""range"": 2.586749623598924, ""doppler"": 0.0, ""angle"": 58.134840514924896, ""elevation"": 0.0}]",1784935313560.691
11,"[{""range"": 1.410339280881446, ""doppler"": 0.0, ""angle"": -27.828914784801466, ""elevation"": 0.0}, {""range"": 1.4297646644391708, ""doppler"": 0.0, ""angle"": -28.074594498605837, ""elevation"": 0.0}, {""range"": 0.6239432122647961, ""doppler"": 0.0, ""angle"": 10.218194966305274, ""elevation"": 0.0}, {""range"": 0.6497165610229825, ""doppler"": 0.0, ""angle"": 11.059437058073456, ""elevation"": 0.0}, {""range"": 1.3386747880807013, ""doppler"": 0.0, ""angle"": 12.881609774288421, ""elevation"": 0.0}, {""range"": 1.3614683590211771, ""doppler"": 0.0, ""angle"": 18.675296033428168, ""elevation"": 0.0}, {""range"": 0.7338111892717226, ""doppler"": 0.0, ""angle"": 32.91558574365534, ""elevation"": 0.0}, {""range"": 0.7071087548394327, ""doppler"": 0.0, ""angle"": 34.34510050441952, ""elevation"": 0.0}, {""range"": 0.7182803501370449, ""doppler"": 0.0, ""angle"": 34.68703453178242, ""elevation"": 0.0}, {""range"": 2.5309751777062206, ""doppler"": 0.0, ""angle"": 58.57388843504355, ""elevation"": 0.0}, {""range"": 2.5477582616440504, ""doppler"": 0.0, ""angle"": 57.87824875314322, ""elevation"": 0.0}]",1784935313560.9011
11,"[{""range"": 1.4064063213726574, ""doppler"": 0.0, ""angle"": -28.194184791713123, ""elevation"": 0.0}, {""range"": 0.6271039603309841, ""doppler"": 0.0, ""angle"": -1.9445306088605543, ""elevation"": 0.0}, {""range"": 1.3006106218553, ""doppler"": 0.0, ""angle"": -2.0248843598834254, ""elevation"": 0.0}, {""range"": 0.6529142223254241, ""doppler"": 0.0, ""angle"": 8.203333683577824, ""elevation"": 0.0}, {""range"": 1.3273488425930822, ""doppler"": 0.0, ""angle"": 8.209787415935658, ""elevation"": 0.0}, {""range"": 0.7319859081104596, ""doppler"": 0.0, ""angle"": 15.587794591872562, ""elevation"": 0.0}, {""range"": 1.3567724522716114, ""doppler"": 0.0, ""angle"": 15.376979341280535, ""elevation"": 0.0}, {""range"": 0.6863545941462079, ""doppler"": 0.0, ""angle"": 18.406626640595572, ""elevation"": 0.0}, {""range"": 0.7012010085781532, ""doppler"": 0.0, ""angle"": 22.458019243901166, ""elevation"": 0.0}, {""range"": 2.5323720099214335, ""doppler"": 0.0, ""angle"": 56.313298721686614, ""elevation"": 0.0}, {""range"": 2.548174053880875, ""doppler"": 0.0, ""angle"": 56.59317516465033, ""elevation"": 0.0}]",1784935313561.11
12,"[{""range"": 1.4093025429406056, ""doppler"": 0.0, ""angle"": -30.583494184758663, ""elevation"": 0.0}, {""range"": 0.6396067451529418, ""doppler"": 0.0, ""angle"": -19.584864431946773, ""elevation"": 0.0}, {""range"": 0.6515664234069366, ""doppler"": 0.0, ""angle"": -25.052990688349947, ""elevation"": 0.0}, {""range"": 0.5745536857293708, ""doppler"": 0.0, ""angle"": -13.296677214735032, ""elevation"": 0.0}, {""range"": 0.6148275505931506, ""doppler"": 0.0, ""angle"": -14.622276080410627, ""elevation"": 0.0}, {""range"": 1.3394647348653608, ""doppler"": 0.0, ""angle"": 7.124067633330327, ""elevation"": 0.0}, {""range"": 1.3637629539227594, ""doppler"": 0.0, ""angle"": 11.856544177214769, ""elevation"": 0.0}, {""range"": 0.7417554830285948, ""doppler"": 0.0, ""angle"": 20.7548870622343, ""elevation"": 0.0}, {""range"": 0.7190193681179134, ""doppler"": 0.0, ""angle"": 27.5528115767178, ""elevation"": 0.0}, {""range"": 2.5313543045002933, ""doppler"": 0.0, ""angle"": 59.09940796999744, ""elevation"": 0.0}, {""range"": 2.5502539917073217, ""doppler"": 0.0, ""angle"": 61.35940204437262, ""elevation"": 0.0}, {""range"": 2.5893574372127452, ""doppler"": 0.0, ""angle"": 57.68509198800507, ""elevation"": 0.0}]",1784935313561.316
12,"[{""range"": 1.4084414018758276, ""doppler"": 0.0, ""angle"": -31.803364124754136, ""elevation"": 0.0}, {""range"": 1.3065185328990068, ""doppler"": 0.0, ""angle"": -11.806673128985747, ""elevation"": 0.0}, {""range"": 1.3309964243043138, ""doppler"": 0.0, ""angle"": 1.139298269582826, ""elevation"": 0.0}, {""range"": 0.6300043527459103, ""doppler"": 0.0, ""angle"": 10.25102850987901, ""elevation"": 0.0}, {""range"": 0.6638161153669323, ""doppler"": 0.0, ""angle"": 10.429087212628907, ""elevation"": 0.0}, {""range"": 1.363848938440631, ""doppler"": 0.0, ""angle"": 9.70684726444428, ""elevation"": 0.0}, {""range"": 0.6946102254218387, ""doppler"": 0.0, ""angle"": 18.44427734441449, ""elevation"": 0.0}, {""range"": 0.7148304807573157, ""doppler"": 0.0, ""angle"": 24.000325255457895, ""elevation"": 0.0}, {""range"": 0.7373277393817195, ""doppler"": 0.0, ""angle"": 25.036200530754364, ""elevation"": 0.0}, {""range"": 2.4904798111719213, ""doppler"": 0.0, ""angle"": 52.16578701150597, ""elevation"": 0.0}, {""range"": 2.511461740548321, ""doppler"": 0.0, ""angle"": 56.52942944970198, ""elevation"": 0.0}, {""range"": 2.536225136358009, ""doppler"": 0.0, ""angle"": 60.72410505967928, ""elevation"": 0.0}]",1784935313561.5251
15,"[{""range"": 1.4103206448342172, ""doppler"": 0.0, ""angle"": -31.525645069456118, ""elevation"": 0.0}, {""range"": 1.3021850957506174, ""doppler"": 0.0, ""angle"": -9.803795630004844, ""elevation"": 0.0}, {""range"": 0.567757895119598, ""doppler"": 0.0, ""angle"": 2.54520498796787, ""elevation"": 0.0}, {""range"": 0.6094659365183334, ""doppler"": 0.0, ""angle"": 1.6308158732783309, ""elevation"": 0.0}, {""range"": 1.3211481758422217, ""doppler"": 0.0, ""angle"": -3.5773018414080506, ""elevation"": 0.0}, {""range"": 0.6423602826934222, ""doppler"": 0.0, ""angle"": 6.393031367738746, ""elevation"": 0.0}, {""range"": 1.3645046104391696, ""doppler"": 0.0, ""angle"": 7.924102626026863, ""elevation"": 0.0}, {""range"": 0.6763069458514936, ""doppler"": 0.0, ""angle"": 12.53702333563852, ""elevation"": 0.0}, {""range"": 0.7094758494102941, ""doppler"": 0.0, ""angle"": 23.845190923105626, ""elevation"": 0.0}, {""range"": 0.7356502618548755, ""doppler"": 0.0, ""angle"": 30.080001125460488, ""elevation"": 0.0}, {""range"": 2.654466644156419, ""doppler"": 0.0, ""angle"": 39.27284150262684, ""elevation"": 0.0}, {""range"": 2.684626181541331, ""doppler"": 0.0, ""angle"": 37.569057394158165, ""elevation"": 0.0}, {""range"": 2.600123390631346, ""doppler"": 0.0, ""angle"": 48.5742487812332, ""elevation"": 0.0}, {""range"": 2.5269666907660846, ""doppler"": 0.0, ""angle"": 56.343666958481805, ""elevation"": 0.0}, {""range"": 2.551996048630785, ""doppler"": 0.0, ""angle"": 55.14183821194169, ""elevation"": 0.0}]",1784935313561.74
9,"[{""range"": 0.6051685179997507, ""doppler"": 0.0, ""angle"": -10.469898075398376, ""elevation"": 0.0}, {""range"": 0.6295066527954549, ""doppler"": 0.0, ""angle"": -6.474988180405526, ""elevation"": 0.0}, {""range"": 1.3291070738615727, ""doppler"": 0.0, ""angle"": -2.081724919221806, ""elevation"": 0.0}, {""range"": 1.3635892568656238, ""doppler"": 0.0, ""angle"": 8.749589692756986, ""elevation"": 0.0}, {""range"": 0.7085096843300719, ""doppler"": 0.0, ""angle"": 28.473126399006173, ""elevation"": 0.0}, {""range"": 0.7207235760226071, ""doppler"": 0.0, ""angle"": 28.59344212903822, ""elevation"": 0.0}, {""range"": 0.73805524499939, ""doppler"": 0.0, ""angle"": 30.373344732283524, ""elevation"": 0.0}, {""range"": 2.5242966269598264, ""doppler"": 0.0, ""angle"": 58.147344371189206, ""elevation"": 0.0}, {""range"": 2.5405377912257303, ""doppler"": 0.0, ""angle"": 62.47905568029297, ""elevation"": 0.0}]",1784935313561.9521
12,"[{""range"": 0.620957564807295, ""doppler"": 0.0, ""angle"": -34.902810299951604, ""elevation"": 0.0}, {""range"": 0.6071327419850014, ""doppler"": 0.0, ""angle"": -31.04478899781448, ""elevation"": 0.0}, {""range"": 1.415713372996451, ""doppler"": 0.0, ""angle"": -27.99245603125082, ""elevation"": 0.0}, {""range"": 1.305628403771339, ""doppler"": 0.0, ""angle"": -12.039403089366873, ""elevation"": 0.0}, {""range"": 1.3177527863247367, ""doppler"": 0.0, ""angle"": -8.576513956419848, ""elevation"": 0.0}, {""range"": 0.6378565989766628, ""doppler"": 0.0, ""angle"": -0.530055167779049, ""elevation"": 0.0}, {""range"": 0.6728808502114968, ""doppler"": 0.0, ""angle"": 0.19793839236710561, ""elevation"": 0.0}, {""range"": 1.3651732358771345, ""doppler"": 0.0, ""angle"": 10.490110477967711, ""elevation"": 0.0}, {""range"": 0.7360106870637854, ""doppler"": 0.0, ""angle"": 29.342588106077876, ""elevation"": 0.0}, {""range"": 0.7349360162408762, ""doppler"": 0.0, ""angle"": 28.117588154131614, ""elevation"": 0.0}, {""range"": 2.531171370674303, ""doppler"": 0.0, ""angle"": 57.54153575822632, ""elevation"": 0.0}, {""range"": 2.5462108006403463, ""doppler"": 0.0, ""angle"": 56.67486170171685, ""elevation"": 0.0}]",1784935313562.1729
10,"[{""range"": 1.413846985670004, ""doppler"": 0.0, ""angle"": -27.459516074357055, ""elevation"": 0.0}, {""range"": 0.5957876627138439, ""doppler"": 0.0, ""angle"": -9.309661983415364, ""elevation"": 0.0}, {""range"": 0.6234069515171192, ""doppler"": 0.0, ""angle"": 0.8053093284376547, ""elevation"": 0.0}, {""range"": 1.3334169590195115, ""doppler"": 0.0, ""angle"": 0.08451832070570982, ""elevation"": 0.0}, {""range"": 1.3731749795715091, ""doppler"": 0.0, ""angle"": 12.85089530979347, ""elevation"": 0.0}, {""range"": 0.7088159320890055, ""doppler"": 0.0, ""angle"": 24.50256998004726, ""elevation"": 0.0}, {""range"": 0.7311721015983224, ""doppler"": 0.0, ""angle"": 23.8444033824476, ""elevation"": 0.0}, {""range"": 0.7510011747604217, ""doppler"": 0.0, ""angle"": 24.16056613900937, ""elevation"": 0.0}, {""range"": 2.527835417034389, ""doppler"": 0.0, ""angle"": 58.08741383427063, ""elevation"": 0.0}, {""range"": 2.54330057864921, ""doppler"": 0.0, ""angle"": 60.03527027486219, ""elevation"": 0.0}]",1784935313562.3838
12,"[{""range"": 1.4197632931825446, ""doppler"": 0.0, ""angle"": -28.931245872216508, ""elevation"": 0.0}, {""range"": 1.3000985804581042, ""doppler"": 0.0, ""angle"": -15.05883003841061, ""elevation"": 0.0}, {""range"": 1.3096731481669024, ""doppler"": 0.0, ""angle"": -12.522019712913616, ""elevation"": 0.0}, {""range"": 0.5812935456647796, ""doppler"": 0.0, ""angle"": -10.044735348316216, ""elevation"": 0.0}, {""range"": 0.598043116473133, ""doppler"": 0.0, ""angle"": -9.969276500824085, ""elevation"": 0.0}, {""range"": 0.6303939622719308, ""doppler"": 0.0, ""angle"": -1.6254372272049635, ""elevation"": 0.0}, {""range"": 1.3708212672878037, ""doppler"": 0.0, ""angle"": 7.759107140478998, ""elevation"": 0.0}, {""range"": 0.6947962165614794, ""doppler"": 0.0, ""angle"": 13.514086650049535, ""elevation"": 0.0}, {""range"": 0.7310242998901694, ""doppler"": 0.0, ""angle"": 22.204802585843886, ""elevation"": 0.0}, {""range"": 0.7457799513712455, ""doppler"": 0.0, ""angle"": 25.735625985112797, ""elevation"": 0.0}, {""range"": 2.526168825966034, ""doppler"": 0.0, ""angle"": 59.31237394877562, ""elevation"": 0.0}, {""range"": 2.5445276197155056, ""doppler"": 0.0, ""angle"": 59.571405606636255, ""elevation"": 0.0}]",1784935313562.6208
11,"[{""range"": 0.6033544901896024, ""doppler"": 0.0, ""angle"": -53.20481674185157, ""elevation"": 0.0}, {""range"": 1.4202119297768905, ""doppler"": 0.0, ""angle"": -27.090922555918855, ""elevation"": 0.0}, {""range"": 1.4351206783601325, ""doppler"": 0.0, ""angle"": -28.39794173919847, ""elevation"": 0.0}, {""range"": 1.2903109052004316, ""doppler"": 0.0, ""angle"": -16.935769749112783, ""elevation"": 0.0}, {""range"": 1.3204050623758263, ""doppler"": 0.0, ""angle"": -10.818416105193137, ""elevation"": 0.0}, {""range"": 0.671145177007289, ""doppler"": 0.0, ""angle"": 11.028515399901067, ""elevation"": 0.0}, {""range"": 1.3832221786674894, ""doppler"": 0.0, ""angle"": 10.977285715721894, ""elevation"": 0.0}, {""range"": 0.680655211652607, ""doppler"": 0.0, ""angle"": 18.772902895230125, ""elevation"": 0.0}, {""range"": 0.6910828222248738, ""doppler"": 0.0, ""angle"": 19.011590909083075, ""elevation"": 0.0}, {""range"": 2.5270919804622367, ""doppler"": 0.0, ""angle"": 61.38209848333798, ""elevation"": 0.0}, {""range"": 2.5426292448094188, ""doppler"": 0.0, ""angle"": 64.68563949770333, ""elevation"": 0.0}]",1784935313562.8281
11,"[{""range"": 1.4126835545849057, ""doppler"": 0.0, ""angle"": -28.008495547941195, ""elevation"": 0.0}, {""range"": 0.5676887617893306, ""doppler"": 0.0, ""angle"": -11.501059272737272, ""elevation"": 0.0}, {""range"": 1.2970641306521782, ""doppler"": 0.0, ""angle"": -15.25858256736122, ""elevation"": 0.0}, {""range"": 1.3162645651776335, ""doppler"": 0.0, ""angle"": -11.074852265858802, ""elevation"": 0.0}, {""range"": 0.6075517552087877, ""doppler"": 0.0, ""angle"": -5.505882326373922, ""elevation"": 0.0}, {""range"": 0.6500365381952866, ""doppler"": 0.0, ""angle"": 4.512334542160975, ""elevation"": 0.0}, {""range"": 0.6658048421553815, ""doppler"": 0.0, ""angle"": 8.961426970890825, ""elevation"": 0.0}, {""range"": 0.6944938463207125, ""doppler"": 0.0, ""angle"": 10.488253560633341, ""elevation"": 0.0}, {""range"": 1.3720407163423205, ""doppler"": 0.0, ""angle"": 30.03014914374939, ""elevation"": 0.0}, {""range"": 2.5278811804630057, ""doppler"": 0.0, ""angle"": 57.470058130787244, ""elevation"": 0.0}, {""range"": 2.5445394819506904, ""doppler"": 0.0, ""angle"": 58.63781106361617, ""elevation"": 0.0}]",1784935313563.0369
13,"[{""range"": 1.4127143928259587, ""doppler"": 0.0, ""angle"": -29.48851599059259, ""elevation"": 0.0}, {""range"": 0.6110480563233797, ""doppler"": 0.0, ""angle"": -12.28329484157169, ""elevation"": 0.0}, {""range"": 0.5848861383992019, ""doppler"": 0.0, ""angle"": -7.624739334697795, ""elevation"": 0.0}, {""range"": 0.5977944788975597, ""doppler"": 0.0, ""angle"": -7.165405902214117, ""elevation"": 0.0}, {""range"": 1.2999609706120356, ""doppler"": 0.0, ""angle"": -8.176914442318768, ""elevation"": 0.0}, {""range"": 1.3203854596884563, ""doppler"": 0.0, ""angle"": -1.6684880506934319, ""elevation"": 0.0}, {""range"": 1.362809973904133, ""doppler"": 0.0, ""angle"": 9.356033647319123, ""elevation"": 0.0}, {""range"": 0.6546320500780485, ""doppler"": 0.0, ""angle"": 17.37082992886281, ""elevation"": 0.0}, {""range"": 0.7209157145340984, ""doppler"": 0.0, ""angle"": 40.62441642724935, ""elevation"": 0.0}, {""range"": 2.5029013840885073, ""doppler"": 0.0, ""angle"": 54.006934920174885, ""elevation"": 0.0}, {""range"": 2.5245794831049597, ""doppler"": 0.0, ""angle"": 57.016793321709585, ""elevation"": 0.0}, {""range"": 2.5423945027073596, ""doppler"": 0.0, ""angle"": 59.669304967337155, ""elevation"": 0.0}, {""range"": 2.577499660237981, ""doppler"": 0.0, ""angle"": 65.16128477567892, ""elevation"": 0.0}]",1784935313563.262
12,"[{""range"": 1.3906156875786637, ""doppler"": 0.0, ""angle"": -29.911196590379426, ""elevation"": 0.0}, {""range"": 1.4097623107297246, ""doppler"": 0.0, ""angle"": -27.939963936940547, ""elevation"": 0.0}, {""range"": 0.6157538770699211, ""doppler"": 0.0, ""angle"": -6.704004582663774, ""elevation"": 0.0}, {""range"": 0.6542979984329543, ""doppler"": 0.0, ""angle"": 0.42278162603492675, ""elevation"": 0.0}, {""range"": 1.3036815900312044, ""doppler"": 0.0, ""angle"": -3.5150575869641294, ""elevation"": 0.0}, {""range"": 0.6861959276400648, ""doppler"": 0.0, ""angle"": 9.842782978095626, ""elevation"": 0.0}, {""range"": 0.702527725221585, ""doppler"": 0.0, ""angle"": 9.316074197318722, ""elevation"": 0.0}, {""range"": 1.32665610487587, ""doppler"": 0.0, ""angle"": 3.7868486175366, ""elevation"": 0.0}, {""range"": 1.3640673393610119, ""doppler"": 0.0, ""angle"": 11.585383748526748, ""elevation"": 0.0}, {""range"": 2.5066758524478776, ""doppler"": 0.0, ""angle"": 51.638923718220106, ""elevation"": 0.0}, {""range"": 2.5257999912505933, ""doppler"": 0.0, ""angle"": 56.55968374521868, ""elevation"": 0.0}, {""range"": 2.539631403166329, ""doppler"": 0.0, ""angle"": 59.520546352386624, ""elevation"": 0.0}]",1784935313563.4702
11,"[{""range"": 0.573998856734609, ""doppler"": 0.0, ""angle"": -29.567769714196142, ""elevation"": 0.0}, {""range"": 1.3991054018026, ""doppler"": 0.0, ""angle"": -29.67766900596981, ""elevation"": 0.0}, {""range"": 1.416735173334502, ""doppler"": 0.0, ""angle"": -27.82320811615469, ""elevation"": 0.0}, {""range"": 1.4305119216441409, ""doppler"": 0.0, ""angle"": -27.532382125223194, ""elevation"": 0.0}, {""range"": 1.29561133832944, ""doppler"": 0.0, ""angle"": -8.172598337726573, ""elevation"": 0.0}, {""range"": 1.3199969056088026, ""doppler"": 0.0, ""angle"": -1.319588111559363, ""elevation"": 0.0}, {""range"": 1.3667246268772633, ""doppler"": 0.0, ""angle"": 8.259437979878806, ""elevation"": 0.0}, {""range"": 0.6560163455889451, ""doppler"": 0.0, ""angle"": 14.490781964772541, ""elevation"": 0.0}, {""range"": 0.6648094308406559, ""doppler"": 0.0, ""angle"": 13.311113786150129, ""elevation"": 0.0}, {""range"": 2.5296030377605208, ""doppler"": 0.0, ""angle"": 57.042351073624964, ""elevation"": 0.0}, {""range"": 2.5424256167766535, ""doppler"": 0.0, ""angle"": 59.6043309377249, ""elevation"": 0.0}]",1784935313563.669
10,"[{""range"": 0.5985577637538257, ""doppler"": 0.0, ""angle"": -20.075235950138136, ""elevation"": 0.0}, {""range"": 1.2973705234656014, ""doppler"": 0.0, ""angle"": -10.008894718717594, ""elevation"": 0.0}, {""range"": 1.3124185721874841, ""doppler"": 0.0, ""angle"": -8.809074412172382, ""elevation"": 0.0}, {""range"": 1.3677016358427148, ""doppler"": 0.0, ""angle"": 5.988617257038617, ""elevation"": 0.0}, {""range"": 0.6921073425462965, ""doppler"": 0.0, ""angle"": 15.264206882641924, ""elevation"": 0.0}, {""range"": 0.6622710517321663, ""doppler"": 0.0, ""angle"": 18.659982318946206, ""elevation"": 0.0}, {""range"": 0.7197252193587876, ""doppler"": 0.0, ""angle"": 24.279021051436402, ""elevation"": 0.0}, {""range"": 0.7435430214858317, ""doppler"": 0.0, ""angle"": 26.509591739072842, ""elevation"": 0.0}, {""range"": 2.5214056859488254, ""doppler"": 0.0, ""angle"": 53.62339576615262, ""elevation"": 0.0}, {""range"": 2.536365405286007, ""doppler"": 0.0, ""angle"": 60.51264410467478, ""elevation"": 0.0}]",1784935313563.8762
12,"[{""range"": 1.418325266406991, ""doppler"": 0.0, ""angle"": -29.493114073277177, ""elevation"": 0.0}, {""range"": 1.4334473248647823, ""doppler"": 0.0, ""angle"": -28.304144301555453, ""elevation"": 0.0}, {""range"": 1.3021705226101588, ""doppler"": 0.0, ""angle"": -8.353752038406462, ""elevation"": 0.0}, {""range"": 1.313159131737783, ""doppler"": 0.0, ""angle"": -5.156285410476284, ""elevation"": 0.0}, {""range"": 0.620941705030972, ""doppler"": 0.0, ""angle"": 1.716214019486383, ""elevation"": 0.0}, {""range"": 0.6400664698731894, ""doppler"": 0.0, ""angle"": 1.6649200135162108, ""elevation"": 0.0}, {""range"": 1.3673058204526263, ""doppler"": 0.0, ""angle"": 14.883150227891193, ""elevation"": 0.0}, {""range"": 0.7084761751612971, ""doppler"": 0.0, ""angle"": 19.921332120485374, ""elevation"": 0.0}, {""range"": 0.7312376723409509, ""doppler"": 0.0, ""angle"": 26.865813661321482, ""elevation"": 0.0}, {""range"": 0.7432475336163312, ""doppler"": 0.0, ""angle"": 27.526775288088523, ""elevation"": 0.0}, {""range"": 2.526873611506621, ""doppler"": 0.0, ""angle"": 52.55921514585895, ""elevation"": 0.0}, {""range"": 2.542250786985986, ""doppler"": 0.0, ""angle"": 59.74675378377037, ""elevation"": 0.0}]",1784935313564.0818
13,"[{""range"": 1.4186594274170339, ""doppler"": 0.0, ""angle"": -27.97010715512169, ""elevation"": 0.0}, {""range"": 1.4331551427353058, ""doppler"": 0.0, ""angle"": -27.035018851726598, ""elevation"": 0.0}, {""range"": 0.6208735239760007, ""doppler"": 0.0, ""angle"": -12.10282463250836, ""elevation"": 0.0}, {""range"": 0.6394415293698177, ""doppler"": 0.0, ""angle"": -13.025840646870822, ""elevation"": 0.0}, {""range"": 0.6746637182959568, ""doppler"": 0.0, ""angle"": -13.019657657048848, ""elevation"": 0.0}, {""range"": 1.3027172412922527, ""doppler"": 0.0, ""angle"": -7.254754935989524, ""elevation"": 0.0}, {""range"": 1.3165827248900388, ""doppler"": 0.0, ""angle"": -4.416610285510528, ""elevation"": 0.0}, {""range"": 1.37387186345074, ""doppler"": 0.0, ""angle"": 11.235345775075947, ""elevation"": 0.0}, {""range"": 0.7089483615861616, ""doppler"": 0.0, ""angle"": 32.170822530870936, ""elevation"": 0.0}, {""range"": 0.7399475734194403, ""doppler"": 0.0, ""angle"": 31.481418172842062, ""elevation"": 0.0}, {""range"": 0.7447364876104966, ""doppler"": 0.0, ""angle"": 30.406954592698302, ""elevation"": 0.0}, {""range"": 2.526472765903112, ""doppler"": 0.0, ""angle"": 56.389786383516764, ""elevation"": 0.0}, {""range"": 2.546760860461435, ""doppler"": 0.0, ""angle"": 56.83210739933276, ""elevation"": 0.0}]",1784935313564.291
12,"[{""range"": 1.422340773830433, ""doppler"": 0.0, ""angle"": -27.97291441763886, ""elevation"": 0.0}, {""range"": 1.4353509566324827, ""doppler"": 0.0, ""angle"": -26.415020786396994, ""elevation"": 0.0}, {""range"": 1.3090749772518235, ""doppler"": 0.0, ""angle"": -9.616719749043762, ""elevation"": 0.0}, {""range"": 1.3200056016747075, ""doppler"": 0.0, ""angle"": -7.840321963748987, ""elevation"": 0.0}, {""range"": 0.652126647119996, ""doppler"": 0.0, ""angle"": 10.49033272163428, ""elevation"": 0.0}, {""range"": 0.6725472575248247, ""doppler"": 0.0, ""angle"": 10.261245493985312, ""elevation"": 0.0}, {""range"": 0.6244131635756248, ""doppler"": 0.0, ""angle"": 17.46463033262774, ""elevation"": 0.0}, {""range"": 0.7117424450610216, ""doppler"": 0.0, ""angle"": 25.25168954815586, ""elevation"": 0.0}, {""range"": 0.7562442747122711, ""doppler"": 0.0, ""angle"": 32.26961571827064, ""elevation"": 0.0}, {""range"": 2.5044121975037137, ""doppler"": 0.0, ""angle"": 51.231580340353375, ""elevation"": 0.0}, {""range"": 2.5237064749897615, ""doppler"": 0.0, ""angle"": 52.606404364605, ""elevation"": 0.0}, {""range"": 2.5426502266749216, ""doppler"": 0.0, ""angle"": 55.77350220520717, ""elevation"": 0.0}]",1784935313564.497
11,"[{""range"": 1.4185757508528196, ""doppler"": 0.0, ""angle"": -27.824806076722098, ""elevation"": 0.0}, {""range"": 1.303079662691829, ""doppler"": 0.0, ""angle"": -12.594472774654953, ""elevation"": 0.0}, {""range"": 1.3135173210377993, ""doppler"": 0.0, ""angle"": -8.501839647708488, ""elevation"": 0.0}, {""range"": 0.6243834883227907, ""doppler"": 0.0, ""angle"": 1.230742629226935, ""elevation"": 0.0}, {""range"": 0.6411144140340957, ""doppler"": 0.0, ""angle"": 2.829686216895711, ""elevation"": 0.0}, {""range"": 1.3756287410318353, ""doppler"": 0.0, ""angle"": 11.74520025129609, ""elevation"": 0.0}, {""range"": 0.683378525930844, ""doppler"": 0.0, ""angle"": 24.304990019654262, ""elevation"": 0.0}, {""range"": 0.7160597916083836, ""doppler"": 0.0, ""angle"": 30.426371300341277, ""elevation"": 0.0}, {""range"": 0.7418215191239673, ""doppler"": 0.0, ""angle"": 35.295247465081125, ""elevation"": 0.0}, {""range"": 2.523640300653294, ""doppler"": 0.0, ""angle"": 54.62749911258217, ""elevation"": 0.0}, {""range"": 2.543458780015556, ""doppler"": 0.0, ""angle"": 55.32675573056877, ""elevation"": 0.0}]",1784935313564.705
13,"[{""range"": 1.4166260588687822, ""doppler"": 0.0, ""angle"": -29.7233523226875, ""elevation"": 0.0}, {""range"": 1.4290345360901135, ""doppler"": 0.0, ""angle"": -29.0699238258546, ""elevation"": 0.0}, {""range"": 1.2998053641655, ""doppler"": 0.0, ""angle"": -10.895649037029846, ""elevation"": 0.0}, {""range"": 0.630931911462485, ""doppler"": 0.0, ""angle"": -10.351323300682605, ""elevation"": 0.0}, {""range"": 1.3187917889462555, ""doppler"": 0.0, ""angle"": -5.758519979125202, ""elevation"": 0.0}, {""range"": 0.6556199917136005, ""doppler"": 0.0, ""angle"": -2.50109231043585, ""elevation"": 0.0}, {""range"": 0.6706423698906454, ""doppler"": 0.0, ""angle"": 4.679909376927104, ""elevation"": 0.0}, {""range"": 1.3692797718440857, ""doppler"": 0.0, ""angle"": 11.189606524804288, ""elevation"": 0.0}, {""range"": 0.7371216387710559, ""doppler"": 0.0, ""angle"": 34.653838058913585, ""elevation"": 0.0}, {""range"": 0.7599096772930216, ""doppler"": 0.0, ""angle"": 35.23832625023624, ""elevation"": 0.0}, {""range"": 0.8073467946901931, ""doppler"": 0.0, ""angle"": 36.31660218789624, ""elevation"": 0.0}, {""range"": 2.5262743664805694, ""doppler"": 0.0, ""angle"": 55.426936654052454, ""elevation"": 0.0}, {""range"": 2.5391257562756007, ""doppler"": 0.0, ""angle"": 56.157734972438476, ""elevation"": 0.0}]",1784935313564.905
13,"[{""range"": 1.4100687733183035, ""doppler"": 0.0, ""angle"": -29.07436418385274, ""elevation"": 0.0}, {""range"": 1.4229829314980231, ""doppler"": 0.0, ""angle"": -30.835340707502453, ""elevation"": 0.0}, {""range"": 1.3033672604820268, ""doppler"": 0.0, ""angle"": -9.451983975147204, ""elevation"": 0.0}, {""range"": 1.3218538627927203, ""doppler"": 0.0, ""angle"": -3.3113891533763824, ""elevation"": 0.0}, {""range"": 0.6748717420516471, ""doppler"": 0.0, ""angle"": 10.071297803123326, ""elevation"": 0.0}, {""range"": 0.7086341169693606, ""doppler"": 0.0, ""angle"": 6.811192838856365, ""elevation"": 0.0}, {""range"": 1.3664250219960727, ""doppler"": 0.0, ""angle"": 9.848142390975985, ""elevation"": 0.0}, {""range"": 0.6572345015417814, ""doppler"": 0.0, ""angle"": 15.722706198232057, ""elevation"": 0.0}, {""range"": 0.635535035714529, ""doppler"": 0.0, ""angle"": 24.271847822050965, ""elevation"": 0.0}, {""range"": 0.7711801152976061, ""doppler"": 0.0, ""angle"": 25.519320265295963, ""elevation"": 0.0}, {""range"": 2.504444606924159, ""doppler"": 0.0, ""angle"": 54.51130392206138, ""elevation"": 0.0}, {""range"": 2.5227618724398093, ""doppler"": 0.0, ""angle"": 56.48001262842717, ""elevation"": 0.0}, {""range"": 2.539416404107557, ""doppler"": 0.0, ""angle"": 57.44464210018947, ""elevation"": 0.0}]",1784935313565.112
11,"[{""range"": 1.4100710068818298, ""doppler"": 0.0, ""angle"": -29.357357749837927, ""elevation"": 0.0}, {""range"": 1.3076228751143262, ""doppler"": 0.0, ""angle"": -8.144506908836544, ""elevation"": 0.0}, {""range"": 0.635223433419205, ""doppler"": 0.0, ""angle"": -2.5168756569395163, ""elevation"": 0.0}, {""range"": 1.3203721287261605, ""doppler"": 0.0, ""angle"": -2.320692425233753, ""elevation"": 0.0}, {""range"": 1.3659141734642621, ""doppler"": 0.0, ""angle"": 8.234056518466552, ""elevation"": 0.0}, {""range"": 0.6717711813947757, ""doppler"": 0.0, ""angle"": 11.142436414687507, ""elevation"": 0.0}, {""range"": 0.6823343157560813, ""doppler"": 0.0, ""angle"": 14.400414369576053, ""elevation"": 0.0}, {""range"": 0.7004341754927463, ""doppler"": 0.0, ""angle"": 15.913249027969387, ""elevation"": 0.0}, {""range"": 0.7301365328887433, ""doppler"": 0.0, ""angle"": 16.797357952412455, ""elevation"": 0.0}, {""range"": 2.5279175578765942, ""doppler"": 0.0, ""angle"": 58.346033258831206, ""elevation"": 0.0}, {""range"": 2.539558360171556, ""doppler"": 0.0, ""angle"": 58.68269416011546, ""elevation"": 0.0}]",1784935313565.324
11,"[{""range"": 1.4097634334248779, ""doppler"": 0.0, ""angle"": -27.202078068993508, ""elevation"": 0.0}, {""range"": 0.6334021933582265, ""doppler"": 0.0, ""angle"": -4.955728383041083, ""elevation"": 0.0}, {""range"": 1.3340804813773612, ""doppler"": 0.0, ""angle"": -3.211779435983871, ""elevation"": 0.0}, {""range"": 0.6634350003182352, ""doppler"": 0.0, ""angle"": 8.009985591946034, ""elevation"": 0.0}, {""range"": 0.5377735059230293, ""doppler"": 0.0, ""angle"": 15.071318349393986, ""elevation"": 0.0}, {""range"": 0.6781839244166985, ""doppler"": 0.0, ""angle"": 15.428689550494795, ""elevation"": 0.0}, {""range"": 0.7147912290362679, ""doppler"": 0.0, ""angle"": 27.148373597362443, ""elevation"": 0.0}, {""range"": 0.751845721685542, ""doppler"": 0.0, ""angle"": 35.005416452584626, ""elevation"": 0.0}, {""range"": 2.509165353006395, ""doppler"": 0.0, ""angle"": 57.75397238389269, ""elevation"": 0.0}, {""range"": 2.524550384531931, ""doppler"": 0.0, ""angle"": 57.619071520063244, ""elevation"": 0.0}, {""range"": 2.5346086252639983, ""doppler"": 0.0, ""angle"": 57.834798135812505, ""elevation"": 0.0}]",1784935313565.543
12,"[{""range"": 1.4090276836138427, ""doppler"": 0.0, ""angle"": -25.98947867954507, ""elevation"": 0.0}, {""range"": 1.3098729374969378, ""doppler"": 0.0, ""angle"": -7.419942745597537, ""elevation"": 0.0}, {""range"": 0.6283915753101587, ""doppler"": 0.0, ""angle"": 3.4095437880375092, ""elevation"": 0.0}, {""range"": 1.3305627879714355, ""doppler"": 0.0, ""angle"": 2.110266837279175, ""elevation"": 0.0}, {""range"": 0.5800714383281914, ""doppler"": 0.0, ""angle"": 5.323952232088462, ""elevation"": 0.0}, {""range"": 0.6138617777463787, ""doppler"": 0.0, ""angle"": 7.44795767029657, ""elevation"": 0.0}, {""range"": 1.360994520384074, ""doppler"": 0.0, ""angle"": 9.895472821342436, ""elevation"": 0.0}, {""range"": 0.717974487564773, ""doppler"": 0.0, ""angle"": 33.58320945778776, ""elevation"": 0.0}, {""range"": 0.7046852744675096, ""doppler"": 0.0, ""angle"": 41.358255120095876, ""elevation"": 0.0}, {""range"": 2.503175704574148, ""doppler"": 0.0, ""angle"": 55.27119484465728, ""elevation"": 0.0}, {""range"": 2.5232839011711388, ""doppler"": 0.0, ""angle"": 56.90566278166834, ""elevation"": 0.0}, {""range"": 2.5395505351359557, ""doppler"": 0.0, ""angle"": 58.450906989018705, ""elevation"": 0.0}]",1784935313565.768
10,"[{""range"": 1.4120562774775036, ""doppler"": 0.0, ""angle"": -27.097204863750722, ""elevation"": 0.0}, {""range"": 0.6376584626724718, ""doppler"": 0.0, ""angle"": 10.616694304967968, ""elevation"": 0.0}, {""range"": 0.6594450862297063, ""doppler"": 0.0, ""angle"": 5.149418239319018, ""elevation"": 0.0}, {""range"": 0.6183133756546775, ""doppler"": 0.0, ""angle"": 13.803155379329306, ""elevation"": 0.0}, {""range"": 1.338529033074474, ""doppler"": 0.0, ""angle"": 11.122294683269077, ""elevation"": 0.0}, {""range"": 1.363590616890724, ""doppler"": 0.0, ""angle"": 13.274507255818747, ""elevation"": 0.0}, {""range"": 0.7164826450124564, ""doppler"": 0.0, ""angle"": 34.630038552717835, ""elevation"": 0.0}, {""range"": 2.529803147831978, ""doppler"": 0.0, ""angle"": 58.21526807221878, ""elevation"": 0.0}, {""range"": 2.543193469078208, ""doppler"": 0.0, ""angle"": 58.3405061855836, ""elevation"": 0.0}, {""range"": 2.575366284631261, ""doppler"": 0.0, ""angle"": 54.683376066319, ""elevation"": 0.0}]",1784935313565.977
7,"[{""range"": 1.4129053485947263, ""doppler"": 0.0, ""angle"": -32.29823156070241, ""elevation"": 0.0}, {""range"": 1.3673018566922943, ""doppler"": 0.0, ""angle"": 11.649391557501144, ""elevation"": 0.0}, {""range"": 0.6300400562600033, ""doppler"": 0.0, ""angle"": 22.124513914562968, ""elevation"": 0.0}, {""range"": 0.739461778796641, ""doppler"": 0.0, ""angle"": 32.02594406930285, ""elevation"": 0.0}, {""range"": 0.7536884303463358, ""doppler"": 0.0, ""angle"": 34.39510635064071, ""elevation"": 0.0}, {""range"": 2.526219834284592, ""doppler"": 0.0, ""angle"": 58.57927801748742, ""elevation"": 0.0}, {""range"": 2.5391362396682493, ""doppler"": 0.0, ""angle"": 59.71509952493292, ""elevation"": 0.0}]",1784935313566.1938
11,"[{""range"": 1.4126057486913213, ""doppler"": 0.0, ""angle"": -28.975705689441, ""elevation"": 0.0}, {""range"": 0.6135190515929556, ""doppler"": 0.0, ""angle"": -4.161762049198242, ""elevation"": 0.0}, {""range"": 0.5150825312105256, ""doppler"": 0.0, ""angle"": 9.975717370181792, ""elevation"": 0.0}, {""range"": 1.3389372718829191, ""doppler"": 0.0, ""angle"": 8.53265739639799, ""elevation"": 0.0}, {""range"": 1.3650420691013239, ""doppler"": 0.0, ""angle"": 9.995371173649339, ""elevation"": 0.0}, {""range"": 0.5319435949804086, ""doppler"": 0.0, ""angle"": 13.471011962246584, ""elevation"": 0.0}, {""range"": 0.6691734921155871, ""doppler"": 0.0, ""angle"": 33.600894591993466, ""elevation"": 0.0}, {""range"": 0.6823655240337844, ""doppler"": 0.0, ""angle"": 29.60148385135235, ""elevation"": 0.0}, {""range"": 0.7000581971510946, ""doppler"": 0.0, ""angle"": 26.97738517225417, ""elevation"": 0.0}, {""range"": 2.5237037383485537, ""doppler"": 0.0, ""angle"": 57.04744132530533, ""elevation"": 0.0}, {""range"": 2.533717505973231, ""doppler"": 0.0, ""angle"": 57.12191601574653, ""elevation"": 0.0}]",1784935313566.418
10,"[{""range"": 1.3837382026314, ""doppler"": 0.0, ""angle"": -30.72757563078232, ""elevation"": 0.0}, {""range"": 1.4046594280806501, ""doppler"": 0.0, ""angle"": -27.967799611686093, ""elevation"": 0.0}, {""range"": 0.5880294259202826, ""doppler"": 0.0, ""angle"": -5.741799041740573, ""elevation"": 0.0}, {""range"": 0.5497186485369793, ""doppler"": 0.0, ""angle"": 3.9355690781997077, ""elevation"": 0.0}, {""range"": 1.3379219081100646, ""doppler"": 0.0, ""angle"": 14.948188358438083, ""elevation"": 0.0}, {""range"": 0.6848219082344746, ""doppler"": 0.0, ""angle"": 24.1356563166709, ""elevation"": 0.0}, {""range"": 0.6733307494121157, ""doppler"": 0.0, ""angle"": 26.56505117707799, ""elevation"": 0.0}, {""range"": 0.6917899543620487, ""doppler"": 0.0, ""angle"": 27.359854936272217, ""elevation"": 0.0}, {""range"": 2.527864515739352, ""doppler"": 0.0, ""angle"": 56.43020948256337, ""elevation"": 0.0}, {""range"": 2.541686957293039, ""doppler"": 0.0, ""angle"": 56.91141152690253, ""elevation"": 0.0}]",1784935313566.627
6,"[{""range"": 0.6125613682951941, ""doppler"": 0.0, ""angle"": 14.86785219055975, ""elevation"": 0.0}, {""range"": 0.6415987989952444, ""doppler"": 0.0, ""angle"": 13.358470621601976, ""elevation"": 0.0}, {""range"": 0.6763462799831377, ""doppler"": 0.0, ""angle"": 18.49722161285436, ""elevation"": 0.0}, {""range"": 0.7035915918273746, ""doppler"": 0.0, ""angle"": 24.96939038615148, ""elevation"": 0.0}, {""range"": 2.529178781629503, ""doppler"": 0.0, ""angle"": 56.59080841055284, ""elevation"": 0.0}, {""range"": 2.54453978353222, ""doppler"": 0.0, ""angle"": 57.84225065013926, ""elevation"": 0.0}]",1784935313566.8372
9,"[{""range"": 1.4223130218239226, ""doppler"": 0.0, ""angle"": -28.488584514839935, ""elevation"": 0.0}, {""range"": 1.4292413317994561, ""doppler"": 0.0, ""angle"": -30.029401761514666, ""elevation"": 0.0}, {""range"": 1.2955563152774021, ""doppler"": 0.0, ""angle"": -12.409581057798377, ""elevation"": 0.0}, {""range"": 0.6246420176301913, ""doppler"": 0.0, ""angle"": 10.656934907970731, ""elevation"": 0.0}, {""range"": 0.642858774769243, ""doppler"": 0.0, ""angle"": 10.837974205056438, ""elevation"": 0.0}, {""range"": 0.6666907945315935, ""doppler"": 0.0, ""angle"": 16.164926973749715, ""elevation"": 0.0}, {""range"": 0.7021410963107807, ""doppler"": 0.0, ""angle"": 21.075224909803033, ""elevation"": 0.0}, {""range"": 2.527672594713346, ""doppler"": 0.0, ""angle"": 55.48813696609227, ""elevation"": 0.0}, {""range"": 2.5395400975207703, ""doppler"": 0.0, ""angle"": 58.47442961070875, ""elevation"": 0.0}]",1784935313567.039
8,"[{""range"": 1.4154553454052206, ""doppler"": 0.0, ""angle"": -28.94493109252952, ""elevation"": 0.0}, {""range"": 0.6502144783950374, ""doppler"": 0.0, ""angle"": 7.8716135033610355, ""elevation"": 0.0}, {""range"": 0.675416990670458, ""doppler"": 0.0, ""angle"": 8.9710494353242, ""elevation"": 0.0}, {""range"": 0.7234169597522601, ""doppler"": 0.0, ""angle"": 27.546806473744695, ""elevation"": 0.0}, {""range"": 0.7540574069827845, ""doppler"": 0.0, ""angle"": 30.05496778734643, ""elevation"": 0.0}, {""range"": 1.3678734549316114, ""doppler"": 0.0, ""angle"": 30.1917406684699, ""elevation"": 0.0}, {""range"": 2.5270319302478943, ""doppler"": 0.0, ""angle"": 54.652256439315806, ""elevation"": 0.0}, {""range"": 2.544739039431569, ""doppler"": 0.0, ""angle"": 57.13850037602586, ""elevation"": 0.0}]",1784935313567.2478
10,"[{""range"": 1.4187927587824287, ""doppler"": 0.0, ""angle"": -23.776990458110944, ""elevation"": 0.0}, {""range"": 0.6136953101009112, ""doppler"": 0.0, ""angle"": -11.342672915892674, ""elevation"": 0.0}, {""range"": 0.6251239240525044, ""doppler"": 0.0, ""angle"": -11.885281691747378, ""elevation"": 0.0}, {""range"": 1.329145336082094, ""doppler"": 0.0, ""angle"": 0.9944043899521203, ""elevation"": 0.0}, {""range"": 1.3665440645994933, ""doppler"": 0.0, ""angle"": 12.675994874260784, ""elevation"": 0.0}, {""range"": 0.6949406348761041, ""doppler"": 0.0, ""angle"": 20.04356501507185, ""elevation"": 0.0}, {""range"": 0.7298150040613913, ""doppler"": 0.0, ""angle"": 24.430013071020248, ""elevation"": 0.0}, {""range"": 0.7594443358138854, ""doppler"": 0.0, ""angle"": 23.05156503021861, ""elevation"": 0.0}, {""range"": 2.5223973248170775, ""doppler"": 0.0, ""angle"": 52.424969130140916, ""elevation"": 0.0}, {""range"": 2.5416157534930317, ""doppler"": 0.0, ""angle"": 52.28517160229989, ""elevation"": 0.0}]",1784935313567.455
9,"[{""range"": 1.4061276669321818, ""doppler"": 0.0, ""angle"": -27.343850400642232, ""elevation"": 0.0}, {""range"": 0.6182660829235382, ""doppler"": 0.0, ""angle"": -23.45099319593734, ""elevation"": 0.0}, {""range"": 0.6267450845490443, ""doppler"": 0.0, ""angle"": -21.19125708947797, ""elevation"": 0.0}, {""range"": 1.3349587048953104, ""doppler"": 0.0, ""angle"": 0.7444578501678086, ""elevation"": 0.0}, {""range"": 0.6797525810210429, ""doppler"": 0.0, ""angle"": 18.067948183558272, ""elevation"": 0.0}, {""range"": 1.3617389761329584, ""doppler"": 0.0, ""angle"": 11.40584095409845, ""elevation"": 0.0}, {""range"": 0.7000644087807397, ""doppler"": 0.0, ""angle"": 27.04283218649968, ""elevation"": 0.0}, {""range"": 2.548795059030549, ""doppler"": 0.0, ""angle"": 53.60764322102576, ""elevation"": 0.0}, {""range"": 2.5249018373932333, ""doppler"": 0.0, ""angle"": 56.73083673768452, ""elevation"": 0.0}]",1784935313567.68
8,"[{""range"": 1.407525169355212, ""doppler"": 0.0, ""angle"": -28.600003065778807, ""elevation"": 0.0}, {""range"": 0.6209077441799946, ""doppler"": 0.0, ""angle"": 3.186237098488811, ""elevation"": 0.0}, {""range"": 0.7119845899536061, ""doppler"": 0.0, ""angle"": 3.325900875841234, ""elevation"": 0.0}, {""range"": 1.3322546427117965, ""doppler"": 0.0, ""angle"": 0.6690612406878405, ""elevation"": 0.0}, {""range"": 0.6429553335829368, ""doppler"": 0.0, ""angle"": 5.682053068152246, ""elevation"": 0.0}, {""range"": 0.667949153818596, ""doppler"": 0.0, ""angle"": 3.8528461016380042, ""elevation"": 0.0}, {""range"": 1.3631495576406936, ""doppler"": 0.0, ""angle"": 9.163304464669435, ""elevation"": 0.0}, {""range"": 2.52313736079742, ""doppler"": 0.0, ""angle"": 53.44032862862977, ""elevation"": 0.0}]",1784935313567.955
9,"[{""range"": 1.4075187064198007, ""doppler"": 0.0, ""angle"": -27.626324500171673, ""elevation"": 0.0}, {""range"": 0.6179775680425887, ""doppler"": 0.0, ""angle"": -1.9400822202570494, ""elevation"": 0.0}, {""range"": 0.6374732809327451, ""doppler"": 0.0, ""angle"": 0.12857376345212532, ""elevation"": 0.0}, {""range"": 0.6646231303929114, ""doppler"": 0.0, ""angle"": -1.8038737970070033, ""elevation"": 0.0}, {""range"": 0.7130506245335924, ""doppler"": 0.0, ""angle"": 2.457722976849641, ""elevation"": 0.0}, {""range"": 1.3478803408725732, ""doppler"": 0.0, ""angle"": 6.115233645668112, ""elevation"": 0.0}, {""range"": 1.368887285807808, ""doppler"": 0.0, ""angle"": 8.412710269557143, ""elevation"": 0.0}, {""range"": 2.5248869069291073, ""doppler"": 0.0, ""angle"": 54.62270053740871, ""elevation"": 0.0}, {""range"": 2.54592808713669, ""doppler"": 0.0, ""angle"": 55.10556335872137, ""elevation"": 0.0}]",1784935313568.188
8,"[{""range"": 1.4123168957277334, ""doppler"": 0.0, ""angle"": -26.652644452750188, ""elevation"": 0.0}, {""range"": 0.5745070205642839, ""doppler"": 0.0, ""angle"": -17.628495884909356, ""elevation"": 0.0}, {""range"": 1.3315093349736093, ""doppler"": 0.0, ""angle"": 1.7161276033368156, ""elevation"": 0.0}, {""range"": 0.628098446536041, ""doppler"": 0.0, ""angle"": 4.653918720604139, ""elevation"": 0.0}, {""range"": 0.6394636556109058, ""doppler"": 0.0, ""angle"": 6.083642553207502, ""elevation"": 0.0}, {""range"": 0.6538600653156015, ""doppler"": 0.0, ""angle"": 5.1305919964169595, ""elevation"": 0.0}, {""range"": 1.3617587348990021, ""doppler"": 0.0, ""angle"": 8.594008422689097, ""elevation"": 0.0}, {""range"": 2.5247667191756547, ""doppler"": 0.0, ""angle"": 59.3501078181071, ""elevation"": 0.0}]",1784935313568.4868
10,"[{""range"": 1.412921698866918, ""doppler"": 0.0, ""angle"": -22.101680733970834, ""elevation"": 0.0}, {""range"": 1.3029398277821105, ""doppler"": 0.0, ""angle"": -7.269362473364662, ""elevation"": 0.0}, {""range"": 1.326215034069036, ""doppler"": 0.0, ""angle"": 3.223110371684644, ""elevation"": 0.0}, {""range"": 0.6536694458106378, ""doppler"": 0.0, ""angle"": 7.655751662477933, ""elevation"": 0.0}, {""range"": 1.3637435876091788, ""doppler"": 0.0, ""angle"": 10.371369427238177, ""elevation"": 0.0}, {""range"": 0.6180763843572326, ""doppler"": 0.0, ""angle"": 12.15843189163886, ""elevation"": 0.0}, {""range"": 0.6239484136843394, ""doppler"": 0.0, ""angle"": 10.936381650445043, ""elevation"": 0.0}, {""range"": 0.7280572655962336, ""doppler"": 0.0, ""angle"": 11.906052021945193, ""elevation"": 0.0}, {""range"": 2.5280668376604, ""doppler"": 0.0, ""angle"": 59.71876717352633, ""elevation"": 0.0}, {""range"": 2.548041129719789, ""doppler"": 0.0, ""angle"": 57.10508300221476, ""elevation"": 0.0}]",1784935313568.707
12,"[{""range"": 1.0036826770870122, ""doppler"": 0.0, ""angle"": -67.40055043663384, ""elevation"": 0.0}, {""range"": 1.4123637477984454, ""doppler"": 0.0, ""angle"": -28.55082965263623, ""elevation"": 0.0}, {""range"": 1.2987848882447186, ""doppler"": 0.0, ""angle"": -12.023133946506505, ""elevation"": 0.0}, {""range"": 1.3196800899386156, ""doppler"": 0.0, ""angle"": -4.639855302328952, ""elevation"": 0.0}, {""range"": 0.5792755714135324, ""doppler"": 0.0, ""angle"": -1.7689182876390817, ""elevation"": 0.0}, {""range"": 0.6080532013396793, ""doppler"": 0.0, ""angle"": 4.04720191512218, ""elevation"": 0.0}, {""range"": 0.621779118816084, ""doppler"": 0.0, ""angle"": 7.435670310008081, ""elevation"": 0.0}, {""range"": 0.6438257722585055, ""doppler"": 0.0, ""angle"": 6.5545842277136135, ""elevation"": 0.0}, {""range"": 1.3644511470247305, ""doppler"": 0.0, ""angle"": 7.74250823846672, ""elevation"": 0.0}, {""range"": 0.7158284502133387, ""doppler"": 0.0, ""angle"": 38.15240337198826, ""elevation"": 0.0}, {""range"": 2.5196249732239315, ""doppler"": 0.0, ""angle"": 63.00033338316147, ""elevation"": 0.0}, {""range"": 2.5397366800911976, ""doppler"": 0.0, ""angle"": 61.43203744870171, ""elevation"": 0.0}]",1784935313568.991
7,"[{""range"": 1.4118163565819613, ""doppler"": 0.0, ""angle"": -27.895761976493883, ""elevation"": 0.0}, {""range"": 0.5768031155278438, ""doppler"": 0.0, ""angle"": 1.2079180687231974, ""elevation"": 0.0}, {""range"": 1.328096653666589, ""doppler"": 0.0, ""angle"": -1.4118525746764228, ""elevation"": 0.0}, {""range"": 0.6141594628086031, ""doppler"": 0.0, ""angle"": 4.2912327134314525, ""elevation"": 0.0}, {""range"": 0.6250045310361578, ""doppler"": 0.0, ""angle"": 8.920642595273852, ""elevation"": 0.0}, {""range"": 0.652808924338082, ""doppler"": 0.0, ""angle"": 13.56043906963712, ""elevation"": 0.0}, {""range"": 2.518841729534572, ""doppler"": 0.0, ""angle"": 63.58774690754556, ""elevation"": 0.0}]",1784935313569.192
9,"[{""range"": 1.4098281286404164, ""doppler"": 0.0, ""angle"": -27.14354696200663, ""elevation"": 0.0}, {""range"": 0.6215157974480543, ""doppler"": 0.0, ""angle"": 8.454146315511688, ""elevation"": 0.0}, {""range"": 0.6418216746583704, ""doppler"": 0.0, ""angle"": 11.441416383717959, ""elevation"": 0.0}, {""range"": 0.662965725775164, ""doppler"": 0.0, ""angle"": 14.894585106452691, ""elevation"": 0.0}, {""range"": 0.7063537448225783, ""doppler"": 0.0, ""angle"": 16.425555848285725, ""elevation"": 0.0}, {""range"": 0.758964911908888, ""doppler"": 0.0, ""angle"": 14.72707286560676, ""elevation"": 0.0}, {""range"": 1.3658256970075926, ""doppler"": 0.0, ""angle"": 25.380784964812037, ""elevation"": 0.0}, {""range"": 2.525402811557695, ""doppler"": 0.0, ""angle"": 63.25351884188797, ""elevation"": 0.0}, {""range"": 2.546785876051294, ""doppler"": 0.0, ""angle"": 61.376377009375446, ""elevation"": 0.0}]",1784935313569.386
9,"[{""range"": 1.4122679931408875, ""doppler"": 0.0, ""angle"": -29.51542946073246, ""elevation"": 0.0}, {""range"": 0.6092770928556472, ""doppler"": 0.0, ""angle"": 6.707872066672967, ""elevation"": 0.0}, {""range"": 1.332122922916309, ""doppler"": 0.0, ""angle"": 5.3761649264744475, ""elevation"": 0.0}, {""range"": 1.3604052834439178, ""doppler"": 0.0, ""angle"": 15.506776492336463, ""elevation"": 0.0}, {""range"": 0.6587600959711364, ""doppler"": 0.0, ""angle"": 18.43494882292201, ""elevation"": 0.0}, {""range"": 0.6734191880470611, ""doppler"": 0.0, ""angle"": 20.566729082998144, ""elevation"": 0.0}, {""range"": 0.6909528224783845, ""doppler"": 0.0, ""angle"": 29.503950957114828, ""elevation"": 0.0}, {""range"": 2.525334573540072, ""doppler"": 0.0, ""angle"": 65.63629182715958, ""elevation"": 0.0}, {""range"": 2.541329666457181, ""doppler"": 0.0, ""angle"": 66.17463782479929, ""elevation"": 0.0}]",1784935313569.5889
8,"[{""range"": 1.390823758640237, ""doppler"": 0.0, ""angle"": -31.215157474708743, ""elevation"": 0.0}, {""range"": 1.4128758949972329, ""doppler"": 0.0, ""angle"": -27.177972966326394, ""elevation"": 0.0}, {""range"": 1.3329415083466372, ""doppler"": 0.0, ""angle"": 6.32321572213684, ""elevation"": 0.0}, {""range"": 1.3625562894874081, ""doppler"": 0.0, ""angle"": 13.25386684315205, ""elevation"": 0.0}, {""range"": 0.648645790667559, ""doppler"": 0.0, ""angle"": 20.308325198430968, ""elevation"": 0.0}, {""range"": 0.6799360997937333, ""doppler"": 0.0, ""angle"": 25.88443467133573, ""elevation"": 0.0}, {""range"": 0.7189996901002336, ""doppler"": 0.0, ""angle"": 27.45723813944574, ""elevation"": 0.0}, {""range"": 0.7627007946553319, ""doppler"": 0.0, ""angle"": 29.943153093673455, ""elevation"": 0.0}]",1784935313569.793
8,"[{""range"": 1.411067605555153, ""doppler"": 0.0, ""angle"": -30.4905777693634, ""elevation"": 0.0}, {""range"": 1.3089251566910087, ""doppler"": 0.0, ""angle"": -3.673496252760126, ""elevation"": 0.0}, {""range"": 0.6279909732843465, ""doppler"": 0.0, ""angle"": 9.869999930795554, ""elevation"": 0.0}, {""range"": 0.6375388842996264, ""doppler"": 0.0, ""angle"": 8.191463881085143, ""elevation"": 0.0}, {""range"": 0.6506549389474021, ""doppler"": 0.0, ""angle"": 10.482301980661262, ""elevation"": 0.0}, {""range"": 1.3271867502809898, ""doppler"": 0.0, ""angle"": 4.9931466850346355, ""elevation"": 0.0}, {""range"": 0.5841010743008866, ""doppler"": 0.0, ""angle"": 17.403203754470667, ""elevation"": 0.0}, {""range"": 1.3586023379172776, ""doppler"": 0.0, ""angle"": 13.0375739226391, ""elevation"": 0.0}]",1784935313569.984
13,"[{""range"": 1.4048719056822612, ""doppler"": 0.0, ""angle"": -30.07323323760976, ""elevation"": 0.0}, {""range"": 0.5773989158289412, ""doppler"": 0.0, ""angle"": -5.152661117585743, ""elevation"": 0.0}, {""range"": 1.3089569004914725, ""doppler"": 0.0, ""angle"": -3.8145954825543824, ""elevation"": 0.0}, {""range"": 0.6129022041213068, ""doppler"": 0.0, ""angle"": -1.0698872717309769, ""elevation"": 0.0}, {""range"": 0.6370357775969551, ""doppler"": 0.0, ""angle"": 3.202132874484418, ""elevation"": 0.0}, {""range"": 1.3247046642005065, ""doppler"": 0.0, ""angle"": 1.067355596699406, ""elevation"": 0.0}, {""range"": 1.981258521441514, ""doppler"": 0.0, ""angle"": 0.02068439603753986, ""elevation"": 0.0}, {""range"": 0.65863602299978, ""doppler"": 0.0, ""angle"": 9.48533769509913, ""elevation"": 0.0}, {""range"": 1.3621970169853486, ""doppler"": 0.0, ""angle"": 10.138686415864461, ""elevation"": 0.0}, {""range"": 0.6882847510366845, ""doppler"": 0.0, ""angle"": 15.057984504617224, ""elevation"": 0.0}, {""range"": 0.7888657352253978, ""doppler"": 0.0, ""angle"": 50.029805429594724, ""elevation"": 0.0}, {""range"": 2.529866930222423, ""doppler"": 0.0, ""angle"": 60.94028241890139, ""elevation"": 0.0}, {""range"": 2.544716786874416, ""doppler"": 0.0, ""angle"": 60.918804541996614, ""elevation"": 0.0}]",1784935313570.204
11,"[{""range"": 1.412470293967274, ""doppler"": 0.0, ""angle"": -27.77509411853944, ""elevation"": 0.0}, {""range"": 1.3108559751475501, ""doppler"": 0.0, ""angle"": -9.79382735844757, ""elevation"": 0.0}, {""range"": 1.3197126653192859, ""doppler"": 0.0, ""angle"": -4.935778013069712, ""elevation"": 0.0}, {""range"": 0.5837650579682127, ""doppler"": 0.0, ""angle"": 3.3716136249693824, ""elevation"": 0.0}, {""range"": 0.6898815160632285, ""doppler"": 0.0, ""angle"": -1.3664019615743057, ""elevation"": 0.0}, {""range"": 0.6201931829545797, ""doppler"": 0.0, ""angle"": 10.616610920965226, ""elevation"": 0.0}, {""range"": 0.6408349136063984, ""doppler"": 0.0, ""angle"": 10.124671655397817, ""elevation"": 0.0}, {""range"": 0.6581569868761314, ""doppler"": 0.0, ""angle"": 4.565852393473827, ""elevation"": 0.0}, {""range"": 1.369247231461209, ""doppler"": 0.0, ""angle"": 4.666706175244147, ""elevation"": 0.0}, {""range"": 2.5247401999756365, ""doppler"": 0.0, ""angle"": 61.302098068212295, ""elevation"": 0.0}, {""range"": 2.545111612069865, ""doppler"": 0.0, ""angle"": 61.95498101383561, ""elevation"": 0.0}]",1784935313570.423
11,"[{""range"": 0.620007967632446, ""doppler"": 0.0, ""angle"": -19.072471316904196, ""elevation"": 0.0}, {""range"": 0.6271206584939943, ""doppler"": 0.0, ""angle"": -24.94287178976825, ""elevation"": 0.0}, {""range"": 1.311130003028579, ""doppler"": 0.0, ""angle"": -10.482370699979455, ""elevation"": 0.0}, {""range"": 1.3171640986045487, ""doppler"": 0.0, ""angle"": -6.884785902884259, ""elevation"": 0.0}, {""range"": 1.3561040939514446, ""doppler"": 0.0, ""angle"": 4.825754653098168, ""elevation"": 0.0}, {""range"": 0.6827490677901468, ""doppler"": 0.0, ""angle"": 15.463064065656246, ""elevation"": 0.0}, {""range"": 0.7143061637800495, ""doppler"": 0.0, ""angle"": 11.31837114736188, ""elevation"": 0.0}, {""range"": 0.6488383788489559, ""doppler"": 0.0, ""angle"": 22.182593797688057, ""elevation"": 0.0}, {""range"": 1.3668262506627415, ""doppler"": 0.0, ""angle"": 26.813112328055563, ""elevation"": 0.0}, {""range"": 2.5241128269398194, ""doppler"": 0.0, ""angle"": 61.294301749627806, ""elevation"": 0.0}, {""range"": 2.545745949364081, ""doppler"": 0.0, ""angle"": 63.77151311059382, ""elevation"": 0.0}]",1784935313570.625
10,"[{""range"": 1.300804170858754, ""doppler"": 0.0, ""angle"": -12.794491190279581, ""elevation"": 0.0}, {""range"": 1.3229990943517664, ""doppler"": 0.0, ""angle"": -10.103979592721721, ""elevation"": 0.0}, {""range"": 1.3622963849780443, ""doppler"": 0.0, ""angle"": -5.611813859727531, ""elevation"": 0.0}, {""range"": 1.4062310248293581, ""doppler"": 0.0, ""angle"": -9.603656940641834, ""elevation"": 0.0}, {""range"": 0.6131390311772776, ""doppler"": 0.0, ""angle"": 21.469398666489948, ""elevation"": 0.0}, {""range"": 0.640630661043747, ""doppler"": 0.0, ""angle"": 26.829678410634124, ""elevation"": 0.0}, {""range"": 0.6711761909655568, ""doppler"": 0.0, ""angle"": 35.150837785086956, ""elevation"": 0.0}, {""range"": 0.697513369310695, ""doppler"": 0.0, ""angle"": 39.7058969226716, ""elevation"": 0.0}, {""range"": 2.521568526184403, ""doppler"": 0.0, ""angle"": 60.26620583513996, ""elevation"": 0.0}, {""range"": 2.5484365314415296, ""doppler"": 0.0, ""angle"": 59.60436995728408, ""elevation"": 0.0}]",1784935313570.822
9,"[{""range"": 1.2994894326637267, ""doppler"": 0.0, ""angle"": -9.576382199806424, ""elevation"": 0.0}, {""range"": 1.3137971824068342, ""doppler"": 0.0, ""angle"": -7.987836452907889, ""elevation"": 0.0}, {""range"": 1.3554301573309968, ""doppler"": 0.0, ""angle"": -0.9826785838259346, ""elevation"": 0.0}, {""range"": 0.6277855723536492, ""doppler"": 0.0, ""angle"": 11.850835165206453, ""elevation"": 0.0}, {""range"": 0.6469242504859128, ""doppler"": 0.0, ""angle"": 12.434331168388127, ""elevation"": 0.0}, {""range"": 0.6756756793797926, ""doppler"": 0.0, ""angle"": 15.45593172167025, ""elevation"": 0.0}, {""range"": 0.7128568819420085, ""doppler"": 0.0, ""angle"": 14.245389388832198, ""elevation"": 0.0}, {""range"": 0.7454503933757824, ""doppler"": 0.0, ""angle"": 15.042966655829094, ""elevation"": 0.0}, {""range"": 2.520159273480599, ""doppler"": 0.0, ""angle"": 58.23722790568104, ""elevation"": 0.0}]",1784935313571.027
11,"[{""range"": 1.3102614068183844, ""doppler"": 0.0, ""angle"": -11.15811733880118, ""elevation"": 0.0}, {""range"": 1.3261495750756214, ""doppler"": 0.0, ""angle"": -6.270233563931784, ""elevation"": 0.0}, {""range"": 1.4060978325941274, ""doppler"": 0.0, ""angle"": -10.611150965465537, ""elevation"": 0.0}, {""range"": 1.364758752699633, ""doppler"": 0.0, ""angle"": -1.0510430290707684, ""elevation"": 0.0}, {""range"": 0.5716595344801377, ""doppler"": 0.0, ""angle"": 6.7182129244325415, ""elevation"": 0.0}, {""range"": 0.6124044151714819, ""doppler"": 0.0, ""angle"": 9.78411251713237, ""elevation"": 0.0}, {""range"": 0.6553136217154859, ""doppler"": 0.0, ""angle"": 17.663668040478036, ""elevation"": 0.0}, {""range"": 0.6851128193279851, ""doppler"": 0.0, ""angle"": 16.48152676269722, ""elevation"": 0.0}, {""range"": 0.6723234863768028, ""doppler"": 0.0, ""angle"": 19.692776366597254, ""elevation"": 0.0}, {""range"": 2.522183531575939, ""doppler"": 0.0, ""angle"": 59.03624346792648, ""elevation"": 0.0}, {""range"": 2.5438774054706004, ""doppler"": 0.0, ""angle"": 65.47605023332316, ""elevation"": 0.0}]",1784935313571.249
10,"[{""range"": 1.298505103270235, ""doppler"": 0.0, ""angle"": -7.891315530388904, ""elevation"": 0.0}, {""range"": 1.3171295059890171, ""doppler"": 0.0, ""angle"": -7.786886215060272, ""elevation"": 0.0}, {""range"": 1.3610024141520858, ""doppler"": 0.0, ""angle"": -3.630804276333433, ""elevation"": 0.0}, {""range"": 1.4093547700216764, ""doppler"": 0.0, ""angle"": -4.715949551642569, ""elevation"": 0.0}, {""range"": 0.6504967073446624, ""doppler"": 0.0, ""angle"": 17.73267112684766, ""elevation"": 0.0}, {""range"": 0.7139297204134238, ""doppler"": 0.0, ""angle"": 17.055250661567918, ""elevation"": 0.0}, {""range"": 0.6707300904011859, ""doppler"": 0.0, ""angle"": 19.40105926621313, ""elevation"": 0.0}, {""range"": 0.7568753656852926, ""doppler"": 0.0, ""angle"": 19.860519206616534, ""elevation"": 0.0}, {""range"": 2.5226995137575576, ""doppler"": 0.0, ""angle"": 59.71812974928316, ""elevation"": 0.0}, {""range"": 2.542654785193378, ""doppler"": 0.0, ""angle"": 64.20802458725157, ""elevation"": 0.0}]",1784935313571.442
11,"[{""range"": 0.6378441420674725, ""doppler"": 0.0, ""angle"": -15.27906766411103, ""elevation"": 0.0}, {""range"": 1.4129323688733193, ""doppler"": 0.0, ""angle"": -15.80396201712497, ""elevation"": 0.0}, {""range"": 0.6154725227227243, ""doppler"": 0.0, ""angle"": -6.623285888702428, ""elevation"": 0.0}, {""range"": 1.2967301107230924, ""doppler"": 0.0, ""angle"": -5.6186117922183065, ""elevation"": 0.0}, {""range"": 1.3205063766299228, ""doppler"": 0.0, ""angle"": -2.4602328639880735, ""elevation"": 0.0}, {""range"": 1.3637967153614519, ""doppler"": 0.0, ""angle"": 1.8333200487481094, ""elevation"": 0.0}, {""range"": 0.6914612531875033, ""doppler"": 0.0, ""angle"": 12.030596096537868, ""elevation"": 0.0}, {""range"": 0.7279091828328855, ""doppler"": 0.0, ""angle"": 20.897048276564817, ""elevation"": 0.0}, {""range"": 0.7558596141508749, ""doppler"": 0.0, ""angle"": 26.437754373224433, ""elevation"": 0.0}, {""range"": 2.5244442146414907, ""doppler"": 0.0, ""angle"": 57.8814759931409, ""elevation"": 0.0}, {""range"": 2.5442676105104147, ""doppler"": 0.0, ""angle"": 60.86247876703793, ""elevation"": 0.0}]",1784935313571.645
8,"[{""range"": 1.3028304474540346, ""doppler"": 0.0, ""angle"": -7.293759495889038, ""elevation"": 0.0}, {""range"": 1.310092526572784, ""doppler"": 0.0, ""angle"": -7.671126581795883, ""elevation"": 0.0}, {""range"": 0.5831969249245587, ""doppler"": 0.0, ""angle"": 2.2316305595481127, ""elevation"": 0.0}, {""range"": 0.6121745379387086, ""doppler"": 0.0, ""angle"": 5.6323248133099275, ""elevation"": 0.0}, {""range"": 0.6365499798534238, ""doppler"": 0.0, ""angle"": 10.520784313874362, ""elevation"": 0.0}, {""range"": 0.6736359500960414, ""doppler"": 0.0, ""angle"": 22.078184895075825, ""elevation"": 0.0}, {""range"": 0.6956867973310565, ""doppler"": 0.0, ""angle"": 22.821510095964367, ""elevation"": 0.0}, {""range"": 2.524851163368562, ""doppler"": 0.0, ""angle"": 60.23397987866224, ""elevation"": 0.0}]",1784935313571.862
14,"[{""range"": 0.6315391481691149, ""doppler"": 0.0, ""angle"": -6.79702906060765, ""elevation"": 0.0}, {""range"": 1.2918073560669312, ""doppler"": 0.0, ""angle"": -4.891416230900874, ""elevation"": 0.0}, {""range"": 1.314215475927228, ""doppler"": 0.0, ""angle"": -3.7368086270451535, ""elevation"": 0.0}, {""range"": 1.4123235744218305, ""doppler"": 0.0, ""angle"": -7.0836267732375555, ""elevation"": 0.0}, {""range"": 0.594610780001082, ""doppler"": 0.0, ""angle"": 0.7753842637416343, ""elevation"": 0.0}, {""range"": 1.1757334915163054, ""doppler"": 0.0, ""angle"": 3.487733845469611, ""elevation"": 0.0}, {""range"": 1.3605422202837432, ""doppler"": 0.0, ""angle"": 1.2124679238534604, ""elevation"": 0.0}, {""range"": 1.975549294541871, ""doppler"": 0.0, ""angle"": 0.20744217654360153, ""elevation"": 0.0}, {""range"": 1.1668166059601401, ""doppler"": 0.0, ""angle"": 4.174450284419836, ""elevation"": 0.0}, {""range"": 0.716216797677888, ""doppler"": 0.0, ""angle"": 18.199723511400098, ""elevation"": 0.0}, {""range"": 0.7163950369865211, ""doppler"": 0.0, ""angle"": 20.85063967858926, ""elevation"": 0.0}, {""range"": 0.7352607415600625, ""doppler"": 0.0, ""angle"": 23.35411116822443, ""elevation"": 0.0}, {""range"": 2.5320820940728495, ""doppler"": 0.0, ""angle"": 62.017957335585905, ""elevation"": 0.0}, {""range"": 2.5483262374454827, ""doppler"": 0.0, ""angle"": 66.2265123626748, ""elevation"": 0.0}]",1784935313572.058
8,"[{""range"": 1.2771292400480692, ""doppler"": 0.0, ""angle"": -4.5211438800352, ""elevation"": 0.0}, {""range"": 1.3064304638538768, ""doppler"": 0.0, ""angle"": -5.371928957974369, ""elevation"": 0.0}, {""range"": 0.7183875125865333, ""doppler"": 0.0, ""angle"": -2.3966308829470027, ""elevation"": 0.0}, {""range"": 1.2169706046884676, ""doppler"": 0.0, ""angle"": 2.560129953375544, ""elevation"": 0.0}, {""range"": 1.1647420852005572, ""doppler"": 0.0, ""angle"": 4.225998177958452, ""elevation"": 0.0}, {""range"": 1.1763182625708009, ""doppler"": 0.0, ""angle"": 4.734709910309169, ""elevation"": 0.0}, {""range"": 1.3642341317754516, ""doppler"": 0.0, ""angle"": 13.677420953962423, ""elevation"": 0.0}, {""range"": 2.526608292760133, ""doppler"": 0.0, ""angle"": 54.883738817467076, ""elevation"": 0.0}]",1784935313572.256
10,"[{""range"": 1.2786529836600575, ""doppler"": 0.0, ""angle"": -6.762263875464776, ""elevation"": 0.0}, {""range"": 1.3050242259983214, ""doppler"": 0.0, ""angle"": -6.988690822136487, ""elevation"": 0.0}, {""range"": 1.2170785457440711, ""doppler"": 0.0, ""angle"": 1.810156372979788, ""elevation"": 0.0}, {""range"": 1.1660281571450082, ""doppler"": 0.0, ""angle"": 3.60483482735867, ""elevation"": 0.0}, {""range"": 1.176314226069686, ""doppler"": 0.0, ""angle"": 4.516273361353607, ""elevation"": 0.0}, {""range"": 0.6903581765544561, ""doppler"": 0.0, ""angle"": 15.51934462342621, ""elevation"": 0.0}, {""range"": 0.7493132790637602, ""doppler"": 0.0, ""angle"": 24.173506859033406, ""elevation"": 0.0}, {""range"": 0.7138820659725339, ""doppler"": 0.0, ""angle"": 26.30190449366384, ""elevation"": 0.0}, {""range"": 2.5262080568970293, ""doppler"": 0.0, ""angle"": 63.21730208436653, ""elevation"": 0.0}, {""range"": 2.547829287505481, ""doppler"": 0.0, ""angle"": 61.823435370535364, ""elevation"": 0.0}]",1784935313572.4712
10,"[{""range"": 1.2875475580744595, ""doppler"": 0.0, ""angle"": -3.878120825713305, ""elevation"": 0.0}, {""range"": 1.414657745353261, ""doppler"": 0.0, ""angle"": -7.8607350029889185, ""elevation"": 0.0}, {""range"": 1.315884987657877, ""doppler"": 0.0, ""angle"": -0.9265565908199497, ""elevation"": 0.0}, {""range"": 1.3628301394546234, ""doppler"": 0.0, ""angle"": 2.5418002842531857, ""elevation"": 0.0}, {""range"": 1.167401502413236, ""doppler"": 0.0, ""angle"": 4.550826025846918, ""elevation"": 0.0}, {""range"": 1.1744263163243631, ""doppler"": 0.0, ""angle"": 4.987500299377873, ""elevation"": 0.0}, {""range"": 0.6919635574198, ""doppler"": 0.0, ""angle"": 18.111882149008686, ""elevation"": 0.0}, {""range"": 0.6990329797497126, ""doppler"": 0.0, ""angle"": 21.629947234123517, ""elevation"": 0.0}, {""range"": 0.722110136156467, ""doppler"": 0.0, ""angle"": 32.89122903565256, ""elevation"": 0.0}, {""range"": 2.523271812292554, ""doppler"": 0.0, ""angle"": 57.52849629704352, ""elevation"": 0.0}]",1784935313572.669
12,"[{""range"": 1.4236023394623378, ""doppler"": 0.0, ""angle"": -18.339364913359976, ""elevation"": 0.0}, {""range"": 1.1634626164526287, ""doppler"": 0.0, ""angle"": 3.5598555494231117, ""elevation"": 0.0}, {""range"": 1.2226317340458295, ""doppler"": 0.0, ""angle"": 2.2882656022162084, ""elevation"": 0.0}, {""range"": 1.2814231852391265, ""doppler"": 0.0, ""angle"": -2.5753338211793713, ""elevation"": 0.0}, {""range"": 1.314116851926983, ""doppler"": 0.0, ""angle"": -0.2572796320326007, ""elevation"": 0.0}, {""range"": 0.7007132205431711, ""doppler"": 0.0, ""angle"": 8.851767262166002, ""elevation"": 0.0}, {""range"": 1.1767377113656732, ""doppler"": 0.0, ""angle"": 4.331261663538824, ""elevation"": 0.0}, {""range"": 1.3623090592450766, ""doppler"": 0.0, ""angle"": 6.799465050337182, ""elevation"": 0.0}, {""range"": 0.7292811825394842, ""doppler"": 0.0, ""angle"": 11.398096712207535, ""elevation"": 0.0}, {""range"": 0.7546182347451699, ""doppler"": 0.0, ""angle"": 12.188633201931882, ""elevation"": 0.0}, {""range"": 2.524748431848817, ""doppler"": 0.0, ""angle"": 56.11972757169659, ""elevation"": 0.0}, {""range"": 2.543962924653876, ""doppler"": 0.0, ""angle"": 56.61263277203397, ""elevation"": 0.0}]",1784935313572.8672
13,"[{""range"": 1.4155200741264855, ""doppler"": 0.0, ""angle"": -26.733367767329067, ""elevation"": 0.0}, {""range"": 1.231349015200484, ""doppler"": 0.0, ""angle"": 1.7475493808507294, ""elevation"": 0.0}, {""range"": 1.2815371496852876, ""doppler"": 0.0, ""angle"": -0.895423508698713, ""elevation"": 0.0}, {""range"": 1.3114215040648982, ""doppler"": 0.0, ""angle"": -0.023437050579797464, ""elevation"": 0.0}, {""range"": 0.6656937540312732, ""doppler"": 0.0, ""angle"": 10.790777254550344, ""elevation"": 0.0}, {""range"": 1.1637723674549905, ""doppler"": 0.0, ""angle"": 3.7970924081374995, ""elevation"": 0.0}, {""range"": 1.181353240644436, ""doppler"": 0.0, ""angle"": 4.183861323308614, ""elevation"": 0.0}, {""range"": 1.3568750688600553, ""doppler"": 0.0, ""angle"": 5.520509488999922, ""elevation"": 0.0}, {""range"": 0.7005155180594963, ""doppler"": 0.0, ""angle"": 15.39493618733556, ""elevation"": 0.0}, {""range"": 0.7138380589291969, ""doppler"": 0.0, ""angle"": 17.177648819266423, ""elevation"": 0.0}, {""range"": 0.7322388909119852, ""doppler"": 0.0, ""angle"": 19.293347770366527, ""elevation"": 0.0}, {""range"": 2.5280314679073532, ""doppler"": 0.0, ""angle"": 61.06545324736057, ""elevation"": 0.0}, {""range"": 2.5463337872905463, ""doppler"": 0.0, ""angle"": 61.682076184066645, ""elevation"": 0.0}]",1784935313573.074
13,"[{""range"": 1.4214135029001023, ""doppler"": 0.0, ""angle"": -27.57726156794601, ""elevation"": 0.0}, {""range"": 1.1637848409512717, ""doppler"": 0.0, ""angle"": 2.324740011229681, ""elevation"": 0.0}, {""range"": 1.181608377140597, ""doppler"": 0.0, ""angle"": 3.1577059699867154, ""elevation"": 0.0}, {""range"": 1.233319980951786, ""doppler"": 0.0, ""angle"": 1.079983930226247, ""elevation"": 0.0}, {""range"": 1.2839026270454599, ""doppler"": 0.0, ""angle"": -2.362689795813375, ""elevation"": 0.0}, {""range"": 1.3095012741981014, ""doppler"": 0.0, ""angle"": -1.4240792880110948, ""elevation"": 0.0}, {""range"": 1.3562106040525785, ""doppler"": 0.0, ""angle"": 7.591648137295461, ""elevation"": 0.0}, {""range"": 0.6712935403396137, ""doppler"": 0.0, ""angle"": 14.895042031309034, ""elevation"": 0.0}, {""range"": 0.693950362916513, ""doppler"": 0.0, ""angle"": 14.978016885626744, ""elevation"": 0.0}, {""range"": 0.7064822684071534, ""doppler"": 0.0, ""angle"": 14.961309813306121, ""elevation"": 0.0}, {""range"": 0.7311511981849, ""doppler"": 0.0, ""angle"": 12.170115311477781, ""elevation"": 0.0}, {""range"": 2.529871783508005, ""doppler"": 0.0, ""angle"": 60.62481885543938, ""elevation"": 0.0}, {""range"": 2.544790303757792, ""doppler"": 0.0, ""angle"": 58.282249789442744, ""elevation"": 0.0}]",1784935313636.394
12,"[{""range"": 1.2827212936230759, ""doppler"": 0.0, ""angle"": -4.926149543687974, ""elevation"": 0.0}, {""range"": 1.4080590825213612, ""doppler"": 0.0, ""angle"": -5.20233395452696, ""elevation"": 0.0}, {""range"": 1.2270293606235234, ""doppler"": 0.0, ""angle"": -0.20874207961939478, ""elevation"": 0.0}, {""range"": 1.3176981297286947, ""doppler"": 0.0, ""angle"": -1.3685542782184863, ""elevation"": 0.0}, {""range"": 0.6883973492924447, ""doppler"": 0.0, ""angle"": 7.597593818974008, ""elevation"": 0.0}, {""range"": 1.165481789749764, ""doppler"": 0.0, ""angle"": 4.240940433927711, ""elevation"": 0.0}, {""range"": 1.1789947973243133, ""doppler"": 0.0, ""angle"": 4.619311044410329, ""elevation"": 0.0}, {""range"": 1.361158271454147, ""doppler"": 0.0, ""angle"": 3.6153040629994737, ""elevation"": 0.0}, {""range"": 0.7238936232694742, ""doppler"": 0.0, ""angle"": 14.520247586664167, ""elevation"": 0.0}, {""range"": 0.7553099104287804, ""doppler"": 0.0, ""angle"": 15.26344640501096, ""elevation"": 0.0}, {""range"": 2.5282039358349366, ""doppler"": 0.0, ""angle"": 61.71845663706513, ""elevation"": 0.0}, {""range"": 2.54530764499376, ""doppler"": 0.0, ""angle"": 61.16081459991202, ""elevation"": 0.0}]",1784935313736.4
10,"[{""range"": 0.635947427218033, ""doppler"": 0.0, ""angle"": -28.88560895370278, ""elevation"": 0.0}, {""range"": 1.4194788926177606, ""doppler"": 0.0, ""angle"": -12.89832145483053, ""elevation"": 0.0}, {""range"": 1.300033196076741, ""doppler"": 0.0, ""angle"": -5.058151642246859, ""elevation"": 0.0}, {""range"": 1.3206374028860453, ""doppler"": 0.0, ""angle"": -2.2192949945140863, ""elevation"": 0.0}, {""range"": 1.3610652455033214, ""doppler"": 0.0, ""angle"": 1.7692203555162327, ""elevation"": 0.0}, {""range"": 0.7125387069589284, ""doppler"": 0.0, ""angle"": 12.65513332895799, ""elevation"": 0.0}, {""range"": 0.6976010797614901, ""doppler"": 0.0, ""angle"": 21.25050550713324, ""elevation"": 0.0}, {""range"": 0.834291263353002, ""doppler"": 0.0, ""angle"": 38.58692997970302, ""elevation"": 0.0}, {""range"": 2.532407672581503, ""doppler"": 0.0, ""angle"": 60.457345936270116, ""elevation"": 0.0}, {""range"": 2.544846957175868, ""doppler"": 0.0, ""angle"": 58.750402150003374, ""elevation"": 0.0}]",1784935313841.0671
11,"[{""range"": 1.4309550878998698, ""doppler"": 0.0, ""angle"": -24.291077910762006, ""elevation"": 0.0}, {""range"": 1.2738650715819122, ""doppler"": 0.0, ""angle"": -5.6793823660771805, ""elevation"": 0.0}, {""range"": 1.3080257996241356, ""doppler"": 0.0, ""angle"": -4.02144080147546, ""elevation"": 0.0}, {""range"": 1.2209769496912735, ""doppler"": 0.0, ""angle"": 0.43633903579856687, ""elevation"": 0.0}, {""range"": 1.1692358902942392, ""doppler"": 0.0, ""angle"": 4.464565633676824, ""elevation"": 0.0}, {""range"": 1.1834697948721065, ""doppler"": 0.0, ""angle"": 3.785857973790335, ""elevation"": 0.0}, {""range"": 0.6888234440698047, ""doppler"": 0.0, ""angle"": 20.46726320589716, ""elevation"": 0.0}, {""range"": 0.7106702864316368, ""doppler"": 0.0, ""angle"": 30.6819033268872, ""elevation"": 0.0}, {""range"": 0.7617640871239716, ""doppler"": 0.0, ""angle"": 41.43137759428474, ""elevation"": 0.0}, {""range"": 2.526757618258952, ""doppler"": 0.0, ""angle"": 61.2439194837661, ""elevation"": 0.0}, {""range"": 2.5432188906441193, ""doppler"": 0.0, ""angle"": 62.424206072696784, ""elevation"": 0.0}]",1784935313937.132
11,"[{""range"": 1.1929332110911548, ""doppler"": 0.0, ""angle"": 2.8696961841372945, ""elevation"": 0.0}, {""range"": 1.235935474566615, ""doppler"": 0.0, ""angle"": 1.3264380469485921, ""elevation"": 0.0}, {""range"": 1.2813392804690642, ""doppler"": 0.0, ""angle"": -3.552393802061542, ""elevation"": 0.0}, {""range"": 1.3103181549683165, ""doppler"": 0.0, ""angle"": -3.5207329924435804, ""elevation"": 0.0}, {""range"": 1.3523868556309033, ""doppler"": 0.0, ""angle"": -0.2878779981687982, ""elevation"": 0.0}, {""range"": 0.6693281683447976, ""doppler"": 0.0, ""angle"": 13.613020499695114, ""elevation"": 0.0}, {""range"": 0.6766832683911773, ""doppler"": 0.0, ""angle"": 14.117029618921043, ""elevation"": 0.0}, {""range"": 0.6903585470799672, ""doppler"": 0.0, ""angle"": 13.053571057045316, ""elevation"": 0.0}, {""range"": 0.8415888789525506, ""doppler"": 0.0, ""angle"": 45.06886508644581, ""elevation"": 0.0}, {""range"": 2.524984263616659, ""doppler"": 0.0, ""angle"": 60.277766249667714, ""elevation"": 0.0}, {""range"": 2.540578065117073, ""doppler"": 0.0, ""angle"": 61.40563239357882, ""elevation"": 0.0}]",1784935314037.503
10,"[{""range"": 1.1809299619459404, ""doppler"": 0.0, ""angle"": 2.4906834548062076, ""elevation"": 0.0}, {""range"": 1.29060962315069, ""doppler"": 0.0, ""angle"": 0.7462240191441132, ""elevation"": 0.0}, {""range"": 0.686124747584002, ""doppler"": 0.0, ""angle"": 5.248504470474621, ""elevation"": 0.0}, {""range"": 0.7136916403965642, ""doppler"": 0.0, ""angle"": 8.442747186910657, ""elevation"": 0.0}, {""range"": 1.3163151640047825, ""doppler"": 0.0, ""angle"": 6.293777533234847, ""elevation"": 0.0}, {""range"": 1.3516109549483937, ""doppler"": 0.0, ""angle"": 12.694064564661808, ""elevation"": 0.0}, {""range"": 0.7720186986446169, ""doppler"": 0.0, ""angle"": 21.025124809040893, ""elevation"": 0.0}, {""range"": 0.8147525989714746, ""doppler"": 0.0, ""angle"": 29.620105058617696, ""elevation"": 0.0}, {""range"": 2.525327514766164, ""doppler"": 0.0, ""angle"": 63.64722836090176, ""elevation"": 0.0}, {""range"": 2.543324943105261, ""doppler"": 0.0, ""angle"": 65.37735071099769, ""elevation"": 0.0}]",1784935314138.36
9,"[{""range"": 1.3111701067059636, ""doppler"": 0.0, ""angle"": -11.397280541691078, ""elevation"": 0.0}, {""range"": 1.3072214896809558, ""doppler"": 0.0, ""angle"": -13.979217629633707, ""elevation"": 0.0}, {""range"": 0.5840502722113562, ""doppler"": 0.0, ""angle"": 7.40569444988608, ""elevation"": 0.0}, {""range"": 0.5964282154321384, ""doppler"": 0.0, ""angle"": 11.79841878761514, ""elevation"": 0.0}, {""range"": 0.624206482886557, ""doppler"": 0.0, ""angle"": 14.008377809275098, ""elevation"": 0.0}, {""range"": 0.6753397742752572, ""doppler"": 0.0, ""angle"": 13.911143711451937, ""elevation"": 0.0}, {""range"": 0.7131581468937853, ""doppler"": 0.0, ""angle"": 16.040115890976477, ""elevation"": 0.0}, {""range"": 2.5261611809580744, ""doppler"": 0.0, ""angle"": 57.37296850031515, ""elevation"": 0.0}, {""range"": 2.5451936036454494, ""doppler"": 0.0, ""angle"": 56.982038738458485, ""elevation"": 0.0}]",1784935314227.794
9,"[{""range"": 0.527310437964673, ""doppler"": 0.0, ""angle"": -29.877426502064708, ""elevation"": 0.0}, {""range"": 0.5390540238875235, ""doppler"": 0.0, ""angle"": -31.586335082492614, ""elevation"": 0.0}, {""range"": 0.5668100772504205, ""doppler"": 0.0, ""angle"": -32.175905857917385, ""elevation"": 0.0}, {""range"": 1.3272878600473195, ""doppler"": 0.0, ""angle"": -15.142737012892072, ""elevation"": 0.0}, {""range"": 1.2294566451297, ""doppler"": 0.0, ""angle"": 4.947722771388112, ""elevation"": 0.0}, {""range"": 0.6951493982347549, ""doppler"": 0.0, ""angle"": 25.767496927408683, ""elevation"": 0.0}, {""range"": 0.7194048152642553, ""doppler"": 0.0, ""angle"": 26.227496577175465, ""elevation"": 0.0}, {""range"": 2.524100767366574, ""doppler"": 0.0, ""angle"": 60.941847710826046, ""elevation"": 0.0}, {""range"": 2.5414102388293296, ""doppler"": 0.0, ""angle"": 60.44262876641754, ""elevation"": 0.0}]",1784935314327.204
8,"[{""range"": 0.6210409764438091, ""doppler"": 0.0, ""angle"": 0.4619196858138034, ""elevation"": 0.0}, {""range"": 0.6483355578790481, ""doppler"": 0.0, ""angle"": 1.169461759544696, ""elevation"": 0.0}, {""range"": 1.23827202216962, ""doppler"": 0.0, ""angle"": 5.053601786394183, ""elevation"": 0.0}, {""range"": 1.2716691472132269, ""doppler"": 0.0, ""angle"": 4.47594415899293, ""elevation"": 0.0}, {""range"": 1.3197288497389936, ""doppler"": 0.0, ""angle"": 29.25668349843272, ""elevation"": 0.0}, {""range"": 1.3510815719362177, ""doppler"": 0.0, ""angle"": 32.152478571714546, ""elevation"": 0.0}, {""range"": 2.523868729704215, ""doppler"": 0.0, ""angle"": 58.76055751909097, ""elevation"": 0.0}, {""range"": 2.542445562782466, ""doppler"": 0.0, ""angle"": 58.30643561568151, ""elevation"": 0.0}]",1784935314427.424
12,"[{""range"": 0.1681190504622932, ""doppler"": 0.0, ""angle"": -18.993820302741067, ""elevation"": 0.0}, {""range"": 0.19514983061342667, ""doppler"": 0.0, ""angle"": -16.94061523165547, ""elevation"": 0.0}, {""range"": 0.20357697454316687, ""doppler"": 0.0, ""angle"": -16.4293014515334, ""elevation"": 0.0}, {""range"": 0.22222478935461765, ""doppler"": 0.0, ""angle"": -14.349332042947134, ""elevation"": 0.0}, {""range"": 1.2806659718858144, ""doppler"": 0.0, ""angle"": -2.873191705089967, ""elevation"": 0.0}, {""range"": 0.6187039130894836, ""doppler"": 0.0, ""angle"": 5.6891729235701956, ""elevation"": 0.0}, {""range"": 0.6476038620318828, ""doppler"": 0.0, ""angle"": 8.047321208196106, ""elevation"": 0.0}, {""range"": 0.6758987428164377, ""doppler"": 0.0, ""angle"": 13.135498456431113, ""elevation"": 0.0}, {""range"": 0.7146507327048853, ""doppler"": 0.0, ""angle"": 35.344359432386995, ""elevation"": 0.0}, {""range"": 2.5086963393940644, ""doppler"": 0.0, ""angle"": 59.79618277454042, ""elevation"": 0.0}, {""range"": 2.524482256462998, ""doppler"": 0.0, ""angle"": 58.550426323771156, ""elevation"": 0.0}, {""range"": 2.540012252813828, ""doppler"": 0.0, ""angle"": 58.51880796673363, ""elevation"": 0.0}]",1784935314538.239
12,"[{""range"": 0.5040320767266427, ""doppler"": 0.0, ""angle"": -24.300963760491, ""elevation"": 0.0}, {""range"": 0.09152828389248877, ""doppler"": 0.0, ""angle"": -16.806459265126673, ""elevation"": 0.0}, {""range"": 0.14604621928584163, ""doppler"": 0.0, ""angle"": -15.771948056854868, ""elevation"": 0.0}, {""range"": 0.15615617252943273, ""doppler"": 0.0, ""angle"": -15.1342781300188, ""elevation"": 0.0}, {""range"": 1.2783404288049223, ""doppler"": 0.0, ""angle"": -1.3545799084812473, ""elevation"": 0.0}, {""range"": 0.6580027217171103, ""doppler"": 0.0, ""angle"": 6.522453679243022, ""elevation"": 0.0}, {""range"": 0.673806993807253, ""doppler"": 0.0, ""angle"": 4.612116015520945, ""elevation"": 0.0}, {""range"": 1.2412189798456479, ""doppler"": 0.0, ""angle"": 6.410379200221962, ""elevation"": 0.0}, {""range"": 0.6291064050521596, ""doppler"": 0.0, ""angle"": 14.70377525835441, ""elevation"": 0.0}, {""range"": 2.509451004101855, ""doppler"": 0.0, ""angle"": 57.31775949167554, ""elevation"": 0.0}, {""range"": 2.5248105309687086, ""doppler"": 0.0, ""angle"": 61.46013989096676, ""elevation"": 0.0}, {""range"": 2.537161827895258, ""doppler"": 0.0, ""angle"": 63.229077144071226, ""elevation"": 0.0}]",1784935314636.8452
5,"[{""range"": 0.47439481687917573, ""doppler"": 0.0, ""angle"": -28.748347082848053, ""elevation"": 0.0}, {""range"": 0.4811295196480727, ""doppler"": 0.0, ""angle"": -30.26256833306318, ""elevation"": 0.0}, {""range"": 0.6893728247033047, ""doppler"": 0.0, ""angle"": 11.263298418176499, ""elevation"": 0.0}, {""range"": 2.525485677215773, ""doppler"": 0.0, ""angle"": 59.40219900267633, ""elevation"": 0.0}, {""range"": 2.5409116153751996, ""doppler"": 0.0, ""angle"": 60.74174527084401, ""elevation"": 0.0}]",1784935314727.3801
10,"[{""range"": 0.4813054656053383, ""doppler"": 0.0, ""angle"": -47.10772619322188, ""elevation"": 0.0}, {""range"": 0.27548977946504705, ""doppler"": 0.0, ""angle"": -13.513091254366183, ""elevation"": 0.0}, {""range"": 1.3029122197480842, ""doppler"": 0.0, ""angle"": -13.435480872499724, ""elevation"": 0.0}, {""range"": 1.3326355079840444, ""doppler"": 0.0, ""angle"": -8.845528466260353, ""elevation"": 0.0}, {""range"": 1.3688165910972834, ""doppler"": 0.0, ""angle"": -2.066245648312956, ""elevation"": 0.0}, {""range"": 0.6624831357991615, ""doppler"": 0.0, ""angle"": 13.533628900656542, ""elevation"": 0.0}, {""range"": 0.6885373282076771, ""doppler"": 0.0, ""angle"": 12.859666983629328, ""elevation"": 0.0}, {""range"": 0.7114465130986636, ""doppler"": 0.0, ""angle"": 15.391524939203144, ""elevation"": 0.0}, {""range"": 2.5261372332006133, ""doppler"": 0.0, ""angle"": 61.32868829210356, ""elevation"": 0.0}, {""range"": 2.5385373576307315, ""doppler"": 0.0, ""angle"": 60.84582752236697, ""elevation"": 0.0}]",1784935314837.497
13,"[{""range"": 0.5068025081261623, ""doppler"": 0.0, ""angle"": -38.56825126755749, ""elevation"": 0.0}, {""range"": 0.5161600421479109, ""doppler"": 0.0, ""angle"": -37.79490331136164, ""elevation"": 0.0}, {""range"": 0.2908379920406635, ""doppler"": 0.0, ""angle"": -12.96821320875649, ""elevation"": 0.0}, {""range"": 0.29907104943878754, ""doppler"": 0.0, ""angle"": -13.978083618906949, ""elevation"": 0.0}, {""range"": 1.3172332689732797, ""doppler"": 0.0, ""angle"": -3.338599955124058, ""elevation"": 0.0}, {""range"": 0.6058744121963414, ""doppler"": 0.0, ""angle"": 8.845156352949182, ""elevation"": 0.0}, {""range"": 0.6878260851388635, ""doppler"": 0.0, ""angle"": 5.3252378835777545, ""elevation"": 0.0}, {""range"": 1.2856382400662556, ""doppler"": 0.0, ""angle"": 5.130938508895666, ""elevation"": 0.0}, {""range"": 1.3610068778696847, ""doppler"": 0.0, ""angle"": 8.066227487069458, ""elevation"": 0.0}, {""range"": 0.6498767784055821, ""doppler"": 0.0, ""angle"": 12.29625381821121, ""elevation"": 0.0}, {""range"": 1.2595458700380695, ""doppler"": 0.0, ""angle"": 13.12082008823743, ""elevation"": 0.0}, {""range"": 2.5218941117178133, ""doppler"": 0.0, ""angle"": 61.71052536795131, ""elevation"": 0.0}, {""range"": 2.5378258453454907, ""doppler"": 0.0, ""angle"": 64.1553285975284, ""elevation"": 0.0}]",1784935314937.8528
9,"[{""range"": 0.41378796236229665, ""doppler"": 0.0, ""angle"": -53.57578222909501, ""elevation"": 0.0}, {""range"": 1.3221017412931977, ""doppler"": 0.0, ""angle"": -17.51351175415113, ""elevation"": 0.0}, {""range"": 1.3574919009650372, ""doppler"": 0.0, ""angle"": -16.79032868039196, ""elevation"": 0.0}, {""range"": 1.2877210958958858, ""doppler"": 0.0, ""angle"": -6.786529228183845, ""elevation"": 0.0}, {""range"": 1.3992993800950315, ""doppler"": 0.0, ""angle"": -4.243155650168404, ""elevation"": 0.0}, {""range"": 0.6461373907684047, ""doppler"": 0.0, ""angle"": 8.033678879804016, ""elevation"": 0.0}, {""range"": 1.248913337882158, ""doppler"": 0.0, ""angle"": 3.8091637207144644, ""elevation"": 0.0}, {""range"": 2.5201934723003396, ""doppler"": 0.0, ""angle"": 62.974977990843364, ""elevation"": 0.0}, {""range"": 2.5453090770733815, ""doppler"": 0.0, ""angle"": 62.51685466476132, ""elevation"": 0.0}]",1784935315027.4602
3,"[{""range"": 0.6702252067288045, ""doppler"": 0.0, ""angle"": 17.787184113107912, ""elevation"": 0.0}, {""range"": 0.6825561165913889, ""doppler"": 0.0, ""angle"": 16.65467510806128, ""elevation"": 0.0}, {""range"": 0.705906253232061, ""doppler"": 0.0, ""angle"": 20.32162458886111, ""elevation"": 0.0}]",1784935315131.1482
11,"[{""range"": 1.4129580195558389, ""doppler"": 0.0, ""angle"": -29.225038715021686, ""elevation"": 0.0}, {""range"": 0.3401003895295109, ""doppler"": 0.0, ""angle"": -23.06014740835019, ""elevation"": 0.0}, {""range"": 0.34193904695496247, ""doppler"": 0.0, ""angle"": -25.35900239785803, ""elevation"": 0.0}, {""range"": 1.3123673236653732, ""doppler"": 0.0, ""angle"": -6.438472101889144, ""elevation"": 0.0}, {""range"": 1.2837224706902628, ""doppler"": 0.0, ""angle"": -3.186027943358161, ""elevation"": 0.0}, {""range"": 0.6667536190390821, ""doppler"": 0.0, ""angle"": 11.337054021230172, ""elevation"": 0.0}, {""range"": 0.6905308430538921, ""doppler"": 0.0, ""angle"": 16.379492849786512, ""elevation"": 0.0}, {""range"": 0.714296763506923, ""doppler"": 0.0, ""angle"": 20.36298955862739, ""elevation"": 0.0}, {""range"": 0.7670826839718455, ""doppler"": 0.0, ""angle"": 34.86071851217714, ""elevation"": 0.0}, {""range"": 2.5281230121334555, ""doppler"": 0.0, ""angle"": 64.2469063975538, ""elevation"": 0.0}, {""range"": 2.5415900454118683, ""doppler"": 0.0, ""angle"": 64.29488886630674, ""elevation"": 0.0}]",1784935315237.54
13,"[{""range"": 0.39666372072964223, ""doppler"": 0.0, ""angle"": -19.349773741349935, ""elevation"": 0.0}, {""range"": 0.5626560803219631, ""doppler"": 0.0, ""angle"": -20.929003849153442, ""elevation"": 0.0}, {""range"": 0.38793846864897336, ""doppler"": 0.0, ""angle"": -17.683298045877134, ""elevation"": 0.0}, {""range"": 1.2869698986129585, ""doppler"": 0.0, ""angle"": -7.7214246852843464, ""elevation"": 0.0}, {""range"": 1.3166746074632665, ""doppler"": 0.0, ""angle"": -8.835492729217515, ""elevation"": 0.0}, {""range"": 1.2408234029541256, ""doppler"": 0.0, ""angle"": 0.4211027728542853, ""elevation"": 0.0}, {""range"": 1.3583768676703616, ""doppler"": 0.0, ""angle"": -0.7165370309346824, ""elevation"": 0.0}, {""range"": 0.6342468746727044, ""doppler"": 0.0, ""angle"": 4.9004719780095165, ""elevation"": 0.0}, {""range"": 0.6572205145334298, ""doppler"": 0.0, ""angle"": 11.074526135093326, ""elevation"": 0.0}, {""range"": 0.6731299921492996, ""doppler"": 0.0, ""angle"": 13.847977619160014, ""elevation"": 0.0}, {""range"": 0.694854383226994, ""doppler"": 0.0, ""angle"": 16.597560926279957, ""elevation"": 0.0}, {""range"": 2.5244235437659555, ""doppler"": 0.0, ""angle"": 64.33704137831033, ""elevation"": 0.0}, {""range"": 2.540248070982327, ""doppler"": 0.0, ""angle"": 62.82528874906077, ""elevation"": 0.0}]",1784935315341.2832
9,"[{""range"": 1.3091749824288972, ""doppler"": 0.0, ""angle"": -13.096679190467992, ""elevation"": 0.0}, {""range"": 1.290964991592342, ""doppler"": 0.0, ""angle"": -9.33446209026412, ""elevation"": 0.0}, {""range"": 0.626108481811541, ""doppler"": 0.0, ""angle"": 6.345612862320365, ""elevation"": 0.0}, {""range"": 0.6559716492257054, ""doppler"": 0.0, ""angle"": 8.82809644198252, ""elevation"": 0.0}, {""range"": 1.242143501927385, ""doppler"": 0.0, ""angle"": 4.516368650584399, ""elevation"": 0.0}, {""range"": 0.6771451141110497, ""doppler"": 0.0, ""angle"": 14.872940183221353, ""elevation"": 0.0}, {""range"": 0.7024226724472543, ""doppler"": 0.0, ""angle"": 24.483789614911117, ""elevation"": 0.0}, {""range"": 2.526904157470814, ""doppler"": 0.0, ""angle"": 64.71881518692601, ""elevation"": 0.0}, {""range"": 2.5435599827455815, ""doppler"": 0.0, ""angle"": 64.88698867685217, ""elevation"": 0.0}]",1784935315428.041
11,"[{""range"": 0.44289930278720174, ""doppler"": 0.0, ""angle"": -27.299572211332805, ""elevation"": 0.0}, {""range"": 0.4413419150505638, ""doppler"": 0.0, ""angle"": -25.48530205545408, ""elevation"": 0.0}, {""range"": 1.293112756871039, ""doppler"": 0.0, ""angle"": -6.29556955511226, ""elevation"": 0.0}, {""range"": 1.3150906145780454, ""doppler"": 0.0, ""angle"": -8.94873093042386, ""elevation"": 0.0}, {""range"": 0.6851813979064655, ""doppler"": 0.0, ""angle"": 9.432823782875088, ""elevation"": 0.0}, {""range"": 1.254890787952461, ""doppler"": 0.0, ""angle"": 7.4257761752955656, ""elevation"": 0.0}, {""range"": 1.367349105370673, ""doppler"": 0.0, ""angle"": 6.133330752314143, ""elevation"": 0.0}, {""range"": 1.4002333604025061, ""doppler"": 0.0, ""angle"": 12.193897002201478, ""elevation"": 0.0}, {""range"": 1.407857612715743, ""doppler"": 0.0, ""angle"": 34.46916943762114, ""elevation"": 0.0}, {""range"": 2.5249755386452195, ""doppler"": 0.0, ""angle"": 62.24448308248317, ""elevation"": 0.0}, {""range"": 2.5429348386058455, ""doppler"": 0.0, ""angle"": 60.80882390229418, ""elevation"": 0.0}]",1784935315537.416
12,"[{""range"": 1.2951152937071657, ""doppler"": 0.0, ""angle"": -7.9041155645149335, ""elevation"": 0.0}, {""range"": 1.313098074606172, ""doppler"": 0.0, ""angle"": -8.693960338879865, ""elevation"": 0.0}, {""range"": 0.5572035293238521, ""doppler"": 0.0, ""angle"": 8.730784973736796, ""elevation"": 0.0}, {""range"": 0.5900034521648551, ""doppler"": 0.0, ""angle"": 6.700706652986965, ""elevation"": 0.0}, {""range"": 0.6299248182416447, ""doppler"": 0.0, ""angle"": 9.146808224343177, ""elevation"": 0.0}, {""range"": 0.6990021725501531, ""doppler"": 0.0, ""angle"": 30.24483177995027, ""elevation"": 0.0}, {""range"": 0.727886252895817, ""doppler"": 0.0, ""angle"": 34.31859372355446, ""elevation"": 0.0}, {""range"": 0.7545815823739256, ""doppler"": 0.0, ""angle"": 39.07541801801751, ""elevation"": 0.0}, {""range"": 2.504730521934728, ""doppler"": 0.0, ""angle"": 63.06543357758513, ""elevation"": 0.0}, {""range"": 2.52445062359181, ""doppler"": 0.0, ""angle"": 62.75068468027589, ""elevation"": 0.0}, {""range"": 2.5442975957696956, ""doppler"": 0.0, ""angle"": 62.28234422471589, ""elevation"": 0.0}, {""range"": 2.5812439217513585, ""doppler"": 0.0, ""angle"": 58.650964598825354, ""elevation"": 0.0}]",1784935315638.013
11,"[{""range"": 0.5347406115688248, ""doppler"": 0.0, ""angle"": -51.735163706102064, ""elevation"": 0.0}, {""range"": 0.5036736555408975, ""doppler"": 0.0, ""angle"": -37.455731965787926, ""elevation"": 0.0}, {""range"": 1.2893871576348488, ""doppler"": 0.0, ""angle"": -4.023909824474379, ""elevation"": 0.0}, {""range"": 1.317432652049923, ""doppler"": 0.0, ""angle"": -6.585807378796043, ""elevation"": 0.0}, {""range"": 0.6217860610289889, ""doppler"": 0.0, ""angle"": 6.489399167766642, ""elevation"": 0.0}, {""range"": 0.6411792957755359, ""doppler"": 0.0, ""angle"": 7.628432479421665, ""elevation"": 0.0}, {""range"": 1.2497646786235341, ""doppler"": 0.0, ""angle"": 4.7684072051053645, ""elevation"": 0.0}, {""range"": 0.6714204174941498, ""doppler"": 0.0, ""angle"": 12.629767872447621, ""elevation"": 0.0}, {""range"": 0.6935820261605563, ""doppler"": 0.0, ""angle"": 14.863859286247017, ""elevation"": 0.0}, {""range"": 2.525322367862975, ""doppler"": 0.0, ""angle"": 61.387921406745015, ""elevation"": 0.0}, {""range"": 2.541797809839804, ""doppler"": 0.0, ""angle"": 60.73907576691832, ""elevation"": 0.0}]",1784935315741.19
11,"[{""range"": 1.2856453281297417, ""doppler"": 0.0, ""angle"": -5.395000112320722, ""elevation"": 0.0}, {""range"": 1.311597624193076, ""doppler"": 0.0, ""angle"": -9.083489308382344, ""elevation"": 0.0}, {""range"": 1.2615561820973933, ""doppler"": 0.0, ""angle"": 3.071264324844464, ""elevation"": 0.0}, {""range"": 1.365823871001042, ""doppler"": 0.0, ""angle"": -1.387853071600166, ""elevation"": 0.0}, {""range"": 1.4067971358143934, ""doppler"": 0.0, ""angle"": -3.082068945039795, ""elevation"": 0.0}, {""range"": 0.6145023521161159, ""doppler"": 0.0, ""angle"": 8.01220997009384, ""elevation"": 0.0}, {""range"": 0.6385509689071338, ""doppler"": 0.0, ""angle"": 8.032533301937367, ""elevation"": 0.0}, {""range"": 0.685894544296525, ""doppler"": 0.0, ""angle"": 25.64316040847323, ""elevation"": 0.0}, {""range"": 0.7042935875815458, ""doppler"": 0.0, ""angle"": 30.145443614219772, ""elevation"": 0.0}, {""range"": 2.5221851732829728, ""doppler"": 0.0, ""angle"": 57.36337640758728, ""elevation"": 0.0}, {""range"": 2.5440697756016104, ""doppler"": 0.0, ""angle"": 55.13037829663706, ""elevation"": 0.0}]",1784935315840.899
11,"[{""range"": 0.5262100657553483, ""doppler"": 0.0, ""angle"": -6.301490009404969, ""elevation"": 0.0}, {""range"": 1.3219230296449933, ""doppler"": 0.0, ""angle"": -6.3059567000838825, ""elevation"": 0.0}, {""range"": 0.5448902167474323, ""doppler"": 0.0, ""angle"": -2.2004302485081815, ""elevation"": 0.0}, {""range"": 1.359770690977611, ""doppler"": 0.0, ""angle"": -1.7106008872509306, ""elevation"": 0.0}, {""range"": 0.5827645155102319, ""doppler"": 0.0, ""angle"": 4.029251669546062, ""elevation"": 0.0}, {""range"": 1.283771238810096, ""doppler"": 0.0, ""angle"": 3.625618271402444, ""elevation"": 0.0}, {""range"": 0.647184027113873, ""doppler"": 0.0, ""angle"": 17.06315685168638, ""elevation"": 0.0}, {""range"": 1.2584632641890503, ""doppler"": 0.0, ""angle"": 12.272729024994941, ""elevation"": 0.0}, {""range"": 0.6914249061658864, ""doppler"": 0.0, ""angle"": 27.877242390668755, ""elevation"": 0.0}, {""range"": 0.7016005516629106, ""doppler"": 0.0, ""angle"": 28.5964745686257, ""elevation"": 0.0}, {""range"": 2.5186526628941035, ""doppler"": 0.0, ""angle"": 58.650459064717275, ""elevation"": 0.0}]",1784935315940.803
8,"[{""range"": 1.3054916707225892, ""doppler"": 0.0, ""angle"": -13.86874581880757, ""elevation"": 0.0}, {""range"": 1.3156911661731006, ""doppler"": 0.0, ""angle"": -12.695197779815201, ""elevation"": 0.0}, {""range"": 1.356971739807278, ""doppler"": 0.0, ""angle"": -2.227843321348402, ""elevation"": 0.0}, {""range"": 0.66608399352444, ""doppler"": 0.0, ""angle"": 19.83592502670572, ""elevation"": 0.0}, {""range"": 0.6735032236654622, ""doppler"": 0.0, ""angle"": 20.49907171533812, ""elevation"": 0.0}, {""range"": 0.6911632529608669, ""doppler"": 0.0, ""angle"": 21.633500163994537, ""elevation"": 0.0}, {""range"": 2.5226606528723026, ""doppler"": 0.0, ""angle"": 57.75525974982788, ""elevation"": 0.0}, {""range"": 2.5400441324704235, ""doppler"": 0.0, ""angle"": 61.8437584644139, ""elevation"": 0.0}]",1784935316030.732
12,"[{""range"": 1.4077643452455653, ""doppler"": 0.0, ""angle"": -21.598693874832218, ""elevation"": 0.0}, {""range"": 0.5200182220186875, ""doppler"": 0.0, ""angle"": -16.665276645876563, ""elevation"": 0.0}, {""range"": 0.5304442349863241, ""doppler"": 0.0, ""angle"": -17.701993760556853, ""elevation"": 0.0}, {""range"": 1.3289946744736563, ""doppler"": 0.0, ""angle"": -12.068912759252154, ""elevation"": 0.0}, {""range"": 1.368443879793776, ""doppler"": 0.0, ""angle"": -14.413936540397799, ""elevation"": 0.0}, {""range"": 1.281003057301865, ""doppler"": 0.0, ""angle"": -1.8878366433166183, ""elevation"": 0.0}, {""range"": 1.239215462779474, ""doppler"": 0.0, ""angle"": 11.502879582947621, ""elevation"": 0.0}, {""range"": 0.6627393949103472, ""doppler"": 0.0, ""angle"": 21.64352282385546, ""elevation"": 0.0}, {""range"": 0.6890168676576812, ""doppler"": 0.0, ""angle"": 24.58301297265796, ""elevation"": 0.0}, {""range"": 0.7014057660864973, ""doppler"": 0.0, ""angle"": 26.806748961493525, ""elevation"": 0.0}, {""range"": 2.529683231573093, ""doppler"": 0.0, ""angle"": 58.684092339530125, ""elevation"": 0.0}, {""range"": 2.5459594594355464, ""doppler"": 0.0, ""angle"": 59.19290394585163, ""elevation"": 0.0}]",1784935316137.4678
13,"[{""range"": 0.5585397430060548, ""doppler"": 0.0, ""angle"": -33.323770249985905, ""elevation"": 0.0}, {""range"": 1.3281189954253658, ""doppler"": 0.0, ""angle"": -13.604049560186697, ""elevation"": 0.0}, {""range"": 1.3688284107876247, ""doppler"": 0.0, ""angle"": -10.85782308109134, ""elevation"": 0.0}, {""range"": 1.404440885182485, ""doppler"": 0.0, ""angle"": -14.903222751062152, ""elevation"": 0.0}, {""range"": 0.603716863223224, ""doppler"": 0.0, ""angle"": 3.481062034977668, ""elevation"": 0.0}, {""range"": 1.2346861845242494, ""doppler"": 0.0, ""angle"": 10.556448121741875, ""elevation"": 0.0}, {""range"": 0.6494723208055869, ""doppler"": 0.0, ""angle"": 15.73521264388318, ""elevation"": 0.0}, {""range"": 1.2506840212899495, ""doppler"": 0.0, ""angle"": 13.74617091299756, ""elevation"": 0.0}, {""range"": 0.683275091583798, ""doppler"": 0.0, ""angle"": 23.129680465332303, ""elevation"": 0.0}, {""range"": 0.7002109370144245, ""doppler"": 0.0, ""angle"": 22.22255454663109, ""elevation"": 0.0}, {""range"": 2.5946941829756094, ""doppler"": 0.0, ""angle"": 52.18319658686349, ""elevation"": 0.0}, {""range"": 2.5290497329228465, ""doppler"": 0.0, ""angle"": 56.27285510447414, ""elevation"": 0.0}, {""range"": 2.5490699096206852, ""doppler"": 0.0, ""angle"": 56.77478092496124, ""elevation"": 0.0}]",1784935316241.2622
10,"[{""range"": 0.5792244840986086, ""doppler"": 0.0, ""angle"": -36.52674969800061, ""elevation"": 0.0}, {""range"": 0.5877667333397683, ""doppler"": 0.0, ""angle"": -36.62586477004823, ""elevation"": 0.0}, {""range"": 1.3180672148694077, ""doppler"": 0.0, ""angle"": -9.550495048883347, ""elevation"": 0.0}, {""range"": 1.206046103050749, ""doppler"": 0.0, ""angle"": 4.489919846185329, ""elevation"": 0.0}, {""range"": 1.2230137569705268, ""doppler"": 0.0, ""angle"": 4.5535462808703855, ""elevation"": 0.0}, {""range"": 0.6551004855898124, ""doppler"": 0.0, ""angle"": 14.43072654726781, ""elevation"": 0.0}, {""range"": 0.6742538328111467, ""doppler"": 0.0, ""angle"": 18.39650818493726, ""elevation"": 0.0}, {""range"": 0.7003131027319367, ""doppler"": 0.0, ""angle"": 20.47556886233558, ""elevation"": 0.0}, {""range"": 2.5244050449620725, ""doppler"": 0.0, ""angle"": 54.997340287245315, ""elevation"": 0.0}, {""range"": 2.544229638309704, ""doppler"": 0.0, ""angle"": 56.684080881588315, ""elevation"": 0.0}]",1784935316341.441
12,"[{""range"": 0.5829146665936406, ""doppler"": 0.0, ""angle"": -49.8028613340854, ""elevation"": 0.0}, {""range"": 0.608135648889541, ""doppler"": 0.0, ""angle"": -38.21778492604262, ""elevation"": 0.0}, {""range"": 1.425721848779555, ""doppler"": 0.0, ""angle"": -29.638814435715148, ""elevation"": 0.0}, {""range"": 1.27635809352744, ""doppler"": 0.0, ""angle"": -9.645750420838015, ""elevation"": 0.0}, {""range"": 1.3150225229278116, ""doppler"": 0.0, ""angle"": -9.928547805616956, ""elevation"": 0.0}, {""range"": 0.6439693324520029, ""doppler"": 0.0, ""angle"": 3.1198197757355652, ""elevation"": 0.0}, {""range"": 1.2048497490861294, ""doppler"": 0.0, ""angle"": 3.2755816359732055, ""elevation"": 0.0}, {""range"": 1.2260445702514255, ""doppler"": 0.0, ""angle"": 3.177048951357273, ""elevation"": 0.0}, {""range"": 0.699841486389583, ""doppler"": 0.0, ""angle"": 10.600770115962364, ""elevation"": 0.0}, {""range"": 0.6777049054571, ""doppler"": 0.0, ""angle"": 12.650148254777783, ""elevation"": 0.0}, {""range"": 2.527240360118241, ""doppler"": 0.0, ""angle"": 54.764873233336026, ""elevation"": 0.0}, {""range"": 2.5480516391750005, ""doppler"": 0.0, ""angle"": 57.70181118410273, ""elevation"": 0.0}]",1784935316436.554
9,"[{""range"": 0.6077997155273133, ""doppler"": 0.0, ""angle"": -44.98808076166288, ""elevation"": 0.0}, {""range"": 1.2870616345189185, ""doppler"": 0.0, ""angle"": -10.510610005527962, ""elevation"": 0.0}, {""range"": 1.3193453007158662, ""doppler"": 0.0, ""angle"": -7.6875242954516, ""elevation"": 0.0}, {""range"": 1.23160508797708, ""doppler"": 0.0, ""angle"": 3.4709970615694523, ""elevation"": 0.0}, {""range"": 0.6954412536071375, ""doppler"": 0.0, ""angle"": 9.396929919267244, ""elevation"": 0.0}, {""range"": 1.3628041670148887, ""doppler"": 0.0, ""angle"": 3.7540656609392715, ""elevation"": 0.0}, {""range"": 0.6953666516419073, ""doppler"": 0.0, ""angle"": 13.457337435099355, ""elevation"": 0.0}, {""range"": 2.5300329035125193, ""doppler"": 0.0, ""angle"": 54.41713107395185, ""elevation"": 0.0}, {""range"": 2.546013085328253, ""doppler"": 0.0, ""angle"": 57.443934279534105, ""elevation"": 0.0}]",1784935316527.318
11,"[{""range"": 1.2967461874644775, ""doppler"": 0.0, ""angle"": -11.67096067920912, ""elevation"": 0.0}, {""range"": 1.3136015072125045, ""doppler"": 0.0, ""angle"": -11.566903652869286, ""elevation"": 0.0}, {""range"": 0.5916549944696797, ""doppler"": 0.0, ""angle"": 2.7370184838793685, ""elevation"": 0.0}, {""range"": 0.6083691808430374, ""doppler"": 0.0, ""angle"": 0.6904800815737432, ""elevation"": 0.0}, {""range"": 0.6294527338994379, ""doppler"": 0.0, ""angle"": -2.425922393418117, ""elevation"": 0.0}, {""range"": 1.2330145149419836, ""doppler"": 0.0, ""angle"": 4.199873114124938, ""elevation"": 0.0}, {""range"": 0.6896475827212457, ""doppler"": 0.0, ""angle"": 16.60248495065122, ""elevation"": 0.0}, {""range"": 0.6958627135894454, ""doppler"": 0.0, ""angle"": 11.156897696368548, ""elevation"": 0.0}, {""range"": 1.3714066467632111, ""doppler"": 0.0, ""angle"": 14.019936403171114, ""elevation"": 0.0}, {""range"": 2.5479808391179164, ""doppler"": 0.0, ""angle"": 53.97292224044855, ""elevation"": 0.0}, {""range"": 2.5298289377745076, ""doppler"": 0.0, ""angle"": 55.71799000430229, ""elevation"": 0.0}]",1784935316637.1091
10,"[{""range"": 1.2795065650186173, ""doppler"": 0.0, ""angle"": -6.024513278242844, ""elevation"": 0.0}, {""range"": 1.3172207799790638, ""doppler"": 0.0, ""angle"": -8.886902979837318, ""elevation"": 0.0}, {""range"": 0.6241431666722626, ""doppler"": 0.0, ""angle"": -1.6581421863861834, ""elevation"": 0.0}, {""range"": 0.6418852644853851, ""doppler"": 0.0, ""angle"": -1.1173575130921811, ""elevation"": 0.0}, {""range"": 0.6709591822897514, ""doppler"": 0.0, ""angle"": 4.999503735985092, ""elevation"": 0.0}, {""range"": 0.7018008415834606, ""doppler"": 0.0, ""angle"": 10.422362715922834, ""elevation"": 0.0}, {""range"": 1.2093115518986473, ""doppler"": 0.0, ""angle"": 5.021849470209575, ""elevation"": 0.0}, {""range"": 1.2257776713987125, ""doppler"": 0.0, ""angle"": 4.996169169784628, ""elevation"": 0.0}, {""range"": 2.5303183217773717, ""doppler"": 0.0, ""angle"": 54.848759847797695, ""elevation"": 0.0}, {""range"": 2.541390108557244, ""doppler"": 0.0, ""angle"": 59.192494241042304, ""elevation"": 0.0}]",1784935316731.117
10,"[{""range"": 0.593156304537771, ""doppler"": 0.0, ""angle"": -4.703396801563644, ""elevation"": 0.0}, {""range"": 0.610230970506877, ""doppler"": 0.0, ""angle"": -7.933030913017895, ""elevation"": 0.0}, {""range"": 0.6234303392310511, ""doppler"": 0.0, ""angle"": -8.295112255526206, ""elevation"": 0.0}, {""range"": 0.6477333309069541, ""doppler"": 0.0, ""angle"": -4.54427975149824, ""elevation"": 0.0}, {""range"": 1.2814206276284346, ""doppler"": 0.0, ""angle"": -4.305497696240006, ""elevation"": 0.0}, {""range"": 1.318111752847707, ""doppler"": 0.0, ""angle"": -8.983132780622554, ""elevation"": 0.0}, {""range"": 1.2124814887850215, ""doppler"": 0.0, ""angle"": 5.6281955658305565, ""elevation"": 0.0}, {""range"": 1.229318891577601, ""doppler"": 0.0, ""angle"": 4.872995215211736, ""elevation"": 0.0}, {""range"": 2.5251714823360216, ""doppler"": 0.0, ""angle"": 59.37441141993413, ""elevation"": 0.0}, {""range"": 2.5489129095311083, ""doppler"": 0.0, ""angle"": 62.94780352442178, ""elevation"": 0.0}]",1784935316841.428
13,"[{""range"": 0.6013600608682073, ""doppler"": 0.0, ""angle"": -26.488860025827424, ""elevation"": 0.0}, {""range"": 0.6092111228292968, ""doppler"": 0.0, ""angle"": -28.67891016527323, ""elevation"": 0.0}, {""range"": 1.417626958497464, ""doppler"": 0.0, ""angle"": -31.921881823638344, ""elevation"": 0.0}, {""range"": 0.5903093229636243, ""doppler"": 0.0, ""angle"": -24.290262441586442, ""elevation"": 0.0}, {""range"": 1.2795343032310793, ""doppler"": 0.0, ""angle"": -5.219801228949875, ""elevation"": 0.0}, {""range"": 1.3135817421416278, ""doppler"": 0.0, ""angle"": -8.414681700306595, ""elevation"": 0.0}, {""range"": 1.2089324591847763, ""doppler"": 0.0, ""angle"": 6.377626505545527, ""elevation"": 0.0}, {""range"": 1.2272485443163346, ""doppler"": 0.0, ""angle"": 6.584496393682382, ""elevation"": 0.0}, {""range"": 0.6804724506826604, ""doppler"": 0.0, ""angle"": 15.391131383793072, ""elevation"": 0.0}, {""range"": 0.7217948440545155, ""doppler"": 0.0, ""angle"": 14.724778756905904, ""elevation"": 0.0}, {""range"": 1.3651068459833613, ""doppler"": 0.0, ""angle"": 20.856461878961756, ""elevation"": 0.0}, {""range"": 2.5280878771482493, ""doppler"": 0.0, ""angle"": 55.53885613960085, ""elevation"": 0.0}, {""range"": 2.5433139929580704, ""doppler"": 0.0, ""angle"": 56.76689464230901, ""elevation"": 0.0}]",1784935316936.239
11,"[{""range"": 1.4169275730437234, ""doppler"": 0.0, ""angle"": -30.150260737880803, ""elevation"": 0.0}, {""range"": 1.2829142142730305, ""doppler"": 0.0, ""angle"": -4.444642417828679, ""elevation"": 0.0}, {""range"": 1.3096069966331794, ""doppler"": 0.0, ""angle"": -7.571379722138286, ""elevation"": 0.0}, {""range"": 1.2080036815017352, ""doppler"": 0.0, ""angle"": 6.664253084386994, ""elevation"": 0.0}, {""range"": 1.2327461163792408, ""doppler"": 0.0, ""angle"": 5.694053740836163, ""elevation"": 0.0}, {""range"": 0.7104938061953504, ""doppler"": 0.0, ""angle"": 11.61535624378515, ""elevation"": 0.0}, {""range"": 0.6517371756284488, ""doppler"": 0.0, ""angle"": 20.543166042619447, ""elevation"": 0.0}, {""range"": 0.6799356060244443, ""doppler"": 0.0, ""angle"": 20.827637313854268, ""elevation"": 0.0}, {""range"": 1.3729900839708349, ""doppler"": 0.0, ""angle"": 36.55350625743905, ""elevation"": 0.0}, {""range"": 2.5311906221702993, ""doppler"": 0.0, ""angle"": 57.75263397382224, ""elevation"": 0.0}, {""range"": 2.5487656535748835, ""doppler"": 0.0, ""angle"": 56.75588310754127, ""elevation"": 0.0}]",1784935317038.2158
10,"[{""range"": 1.3078053745532747, ""doppler"": 0.0, ""angle"": -8.52340569456087, ""elevation"": 0.0}, {""range"": 0.581678842486972, ""doppler"": 0.0, ""angle"": -1.409206046056392, ""elevation"": 0.0}, {""range"": 0.6040351640667379, ""doppler"": 0.0, ""angle"": -0.13569134966380111, ""elevation"": 0.0}, {""range"": 1.2809150936274625, ""doppler"": 0.0, ""angle"": -2.2241164323298355, ""elevation"": 0.0}, {""range"": 1.2466728609060571, ""doppler"": 0.0, ""angle"": 5.308265867109811, ""elevation"": 0.0}, {""range"": 0.6742033028433456, ""doppler"": 0.0, ""angle"": 18.189870660210957, ""elevation"": 0.0}, {""range"": 0.6842525188572598, ""doppler"": 0.0, ""angle"": 13.233661122837848, ""elevation"": 0.0}, {""range"": 0.6640255150249891, ""doppler"": 0.0, ""angle"": 19.52305228588107, ""elevation"": 0.0}, {""range"": 1.3747297374443448, ""doppler"": 0.0, ""angle"": 23.413876801801955, ""elevation"": 0.0}, {""range"": 2.527026078249099, ""doppler"": 0.0, ""angle"": 57.84162441985094, ""elevation"": 0.0}]",1784935317137.174
10,"[{""range"": 0.561922326292608, ""doppler"": 0.0, ""angle"": -44.51008403255488, ""elevation"": 0.0}, {""range"": 1.2837810021743294, ""doppler"": 0.0, ""angle"": -0.6224954671178792, ""elevation"": 0.0}, {""range"": 1.3069867153235017, ""doppler"": 0.0, ""angle"": -3.0272075480515275, ""elevation"": 0.0}, {""range"": 1.2494402012966006, ""doppler"": 0.0, ""angle"": 4.267893300290812, ""elevation"": 0.0}, {""range"": 0.6644020563479033, ""doppler"": 0.0, ""angle"": 20.380978335026374, ""elevation"": 0.0}, {""range"": 0.6865860170059116, ""doppler"": 0.0, ""angle"": 20.39362086974343, ""elevation"": 0.0}, {""range"": 0.7005373356150669, ""doppler"": 0.0, ""angle"": 21.14146169062485, ""elevation"": 0.0}, {""range"": 1.3701220266651257, ""doppler"": 0.0, ""angle"": 27.702121083924553, ""elevation"": 0.0}, {""range"": 2.526149105848703, ""doppler"": 0.0, ""angle"": 56.88023916205048, ""elevation"": 0.0}, {""range"": 2.542351773691354, ""doppler"": 0.0, ""angle"": 59.49583836030528, ""elevation"": 0.0}]",1784935317236.9402
12,"[{""range"": 0.5756279400944795, ""doppler"": 0.0, ""angle"": -31.72993392218803, ""elevation"": 0.0}, {""range"": 0.5939950480626489, ""doppler"": 0.0, ""angle"": -33.96752675910231, ""elevation"": 0.0}, {""range"": 1.4128599062909168, ""doppler"": 0.0, ""angle"": -29.60187150095223, ""elevation"": 0.0}, {""range"": 1.28932327600405, ""doppler"": 0.0, ""angle"": -1.7643460981474566, ""elevation"": 0.0}, {""range"": 1.315439758362446, ""doppler"": 0.0, ""angle"": -1.7604747648380963, ""elevation"": 0.0}, {""range"": 1.2472571733419275, ""doppler"": 0.0, ""angle"": 4.8686938404250455, ""elevation"": 0.0}, {""range"": 0.6711182351475847, ""doppler"": 0.0, ""angle"": 22.478947982240378, ""elevation"": 0.0}, {""range"": 0.6853378965643697, ""doppler"": 0.0, ""angle"": 20.241101823708888, ""elevation"": 0.0}, {""range"": 0.7025846146641612, ""doppler"": 0.0, ""angle"": 18.550231925927744, ""elevation"": 0.0}, {""range"": 1.3643376401684606, ""doppler"": 0.0, ""angle"": 19.707873328415513, ""elevation"": 0.0}, {""range"": 2.529698323323252, ""doppler"": 0.0, ""angle"": 58.973037617340566, ""elevation"": 0.0}, {""range"": 2.548322717946392, ""doppler"": 0.0, ""angle"": 58.047460867940394, ""elevation"": 0.0}]",1784935317341.186
12,"[{""range"": 1.4216212610061918, ""doppler"": 0.0, ""angle"": -29.17010128078777, ""elevation"": 0.0}, {""range"": 0.5829508133793391, ""doppler"": 0.0, ""angle"": -3.781341072775931, ""elevation"": 0.0}, {""range"": 0.6151476132325425, ""doppler"": 0.0, ""angle"": -5.554812904280949, ""elevation"": 0.0}, {""range"": 1.2902692362814208, ""doppler"": 0.0, ""angle"": -5.287884926945257, ""elevation"": 0.0}, {""range"": 1.3139560474263399, ""doppler"": 0.0, ""angle"": -3.6828518729392985, ""elevation"": 0.0}, {""range"": 1.2465883741717831, ""doppler"": 0.0, ""angle"": 3.2810375596329298, ""elevation"": 0.0}, {""range"": 0.6521102950757287, ""doppler"": 0.0, ""angle"": 8.372286507907146, ""elevation"": 0.0}, {""range"": 0.6775206879387375, ""doppler"": 0.0, ""angle"": 16.655792263321157, ""elevation"": 0.0}, {""range"": 0.7034128810498484, ""doppler"": 0.0, ""angle"": 19.374592746271986, ""elevation"": 0.0}, {""range"": 1.3616340256293042, ""doppler"": 0.0, ""angle"": 21.000776733469444, ""elevation"": 0.0}, {""range"": 2.532758350751652, ""doppler"": 0.0, ""angle"": 59.87429977131338, ""elevation"": 0.0}, {""range"": 2.545813822389334, ""doppler"": 0.0, ""angle"": 60.5126866623747, ""elevation"": 0.0}]",1784935317438.102
10,"[{""range"": 1.2979479882943628, ""doppler"": 0.0, ""angle"": -11.337797057126432, ""elevation"": 0.0}, {""range"": 1.3102675075759327, ""doppler"": 0.0, ""angle"": -11.07837677442654, ""elevation"": 0.0}, {""range"": 0.5766209033667877, ""doppler"": 0.0, ""angle"": 3.093099037433653, ""elevation"": 0.0}, {""range"": 1.200282803447192, ""doppler"": 0.0, ""angle"": 3.6301112155174664, ""elevation"": 0.0}, {""range"": 1.2272607895163459, ""doppler"": 0.0, ""angle"": 4.41215101020453, ""elevation"": 0.0}, {""range"": 0.6616583852691624, ""doppler"": 0.0, ""angle"": 17.083375748947084, ""elevation"": 0.0}, {""range"": 0.6828780306107379, ""doppler"": 0.0, ""angle"": 17.903568952219917, ""elevation"": 0.0}, {""range"": 0.7025269742501367, ""doppler"": 0.0, ""angle"": 18.49028922378727, ""elevation"": 0.0}, {""range"": 2.524383689789498, ""doppler"": 0.0, ""angle"": 58.663167713606825, ""elevation"": 0.0}, {""range"": 2.541708953328677, ""doppler"": 0.0, ""angle"": 60.18662318342933, ""elevation"": 0.0}]",1784935317537.2852
11,"[{""range"": 1.3079519131430881, ""doppler"": 0.0, ""angle"": -11.529608488791661, ""elevation"": 0.0}, {""range"": 1.2833271264824204, ""doppler"": 0.0, ""angle"": -10.265573445589357, ""elevation"": 0.0}, {""range"": 1.237533827754838, ""doppler"": 0.0, ""angle"": 3.0480325170191547, ""elevation"": 0.0}, {""range"": 0.588842539464456, ""doppler"": 0.0, ""angle"": 8.944586120712327, ""elevation"": 0.0}, {""range"": 0.6171139342527515, ""doppler"": 0.0, ""angle"": 5.003538877173586, ""elevation"": 0.0}, {""range"": 0.6428757102892827, ""doppler"": 0.0, ""angle"": 11.503709737035614, ""elevation"": 0.0}, {""range"": 0.6673434970113047, ""doppler"": 0.0, ""angle"": 17.769821360268867, ""elevation"": 0.0}, {""range"": 0.6957383636010016, ""doppler"": 0.0, ""angle"": 20.85249217496341, ""elevation"": 0.0}, {""range"": 1.3702277971558001, ""doppler"": 0.0, ""angle"": 34.14422681791347, ""elevation"": 0.0}, {""range"": 2.533811475851859, ""doppler"": 0.0, ""angle"": 60.238066836020586, ""elevation"": 0.0}, {""range"": 2.5458326366122783, ""doppler"": 0.0, ""angle"": 59.840315328584175, ""elevation"": 0.0}]",1784935317636.7239
11,"[{""range"": 0.630591262748793, ""doppler"": 0.0, ""angle"": -17.731054384295597, ""elevation"": 0.0}, {""range"": 1.3067550307662301, ""doppler"": 0.0, ""angle"": -10.86094892068649, ""elevation"": 0.0}, {""range"": 1.283603805483502, ""doppler"": 0.0, ""angle"": -7.975459773869564, ""elevation"": 0.0}, {""range"": 0.5890705301257597, ""doppler"": 0.0, ""angle"": 4.073225288426849, ""elevation"": 0.0}, {""range"": 1.2043779154329137, ""doppler"": 0.0, ""angle"": 5.956910399122878, ""elevation"": 0.0}, {""range"": 1.2312484669239772, ""doppler"": 0.0, ""angle"": 4.848637900177753, ""elevation"": 0.0}, {""range"": 0.5725414711227251, ""doppler"": 0.0, ""angle"": 12.078509692104477, ""elevation"": 0.0}, {""range"": 0.7075969916969531, ""doppler"": 0.0, ""angle"": 15.567513359103252, ""elevation"": 0.0}, {""range"": 0.6963106442802418, ""doppler"": 0.0, ""angle"": 18.63036975910242, ""elevation"": 0.0}, {""range"": 2.523232130204872, ""doppler"": 0.0, ""angle"": 57.59046828813647, ""elevation"": 0.0}, {""range"": 2.540609302114421, ""doppler"": 0.0, ""angle"": 58.067284278951185, ""elevation"": 0.0}]",1784935317741.734
11,"[{""range"": 1.42493434859832, ""doppler"": 0.0, ""angle"": -28.36600956205301, ""elevation"": 0.0}, {""range"": 1.3142211690566568, ""doppler"": 0.0, ""angle"": -6.029408256782855, ""elevation"": 0.0}, {""range"": 1.284049851568496, ""doppler"": 0.0, ""angle"": -3.1612413896770057, ""elevation"": 0.0}, {""range"": 1.2434440323481974, ""doppler"": 0.0, ""angle"": 8.243130020939168, ""elevation"": 0.0}, {""range"": 0.6595598931259768, ""doppler"": 0.0, ""angle"": 18.150044174236136, ""elevation"": 0.0}, {""range"": 0.7470484302420384, ""doppler"": 0.0, ""angle"": 18.014269786992386, ""elevation"": 0.0}, {""range"": 0.6812696615522149, ""doppler"": 0.0, ""angle"": 19.200622548518997, ""elevation"": 0.0}, {""range"": 0.7060377113711955, ""doppler"": 0.0, ""angle"": 18.6552102251843, ""elevation"": 0.0}, {""range"": 1.366215282890195, ""doppler"": 0.0, ""angle"": 29.635124747117302, ""elevation"": 0.0}, {""range"": 2.528070726848533, ""doppler"": 0.0, ""angle"": 56.496515422099534, ""elevation"": 0.0}, {""range"": 2.5460917325014303, ""doppler"": 0.0, ""angle"": 55.460597846568994, ""elevation"": 0.0}]",1784935317838.072
10,"[{""range"": 0.5766554485398749, ""doppler"": 0.0, ""angle"": -5.3198939178068505, ""elevation"": 0.0}, {""range"": 0.6194020218547298, ""doppler"": 0.0, ""angle"": -1.3399110786725024, ""elevation"": 0.0}, {""range"": 1.2912832192013193, ""doppler"": 0.0, ""angle"": -0.5871401841989434, ""elevation"": 0.0}, {""range"": 1.3176532744422051, ""doppler"": 0.0, ""angle"": 0.8708785441271174, ""elevation"": 0.0}, {""range"": 1.2483738427441613, ""doppler"": 0.0, ""angle"": 6.538672036981689, ""elevation"": 0.0}, {""range"": 0.6636502777199279, ""doppler"": 0.0, ""angle"": 16.5306755331918, ""elevation"": 0.0}, {""range"": 0.6803436663370976, ""doppler"": 0.0, ""angle"": 21.16941412297547, ""elevation"": 0.0}, {""range"": 0.6934532557321327, ""doppler"": 0.0, ""angle"": 21.66972051039749, ""elevation"": 0.0}, {""range"": 2.527955680237149, ""doppler"": 0.0, ""angle"": 54.70683824695015, ""elevation"": 0.0}, {""range"": 2.545110135908353, ""doppler"": 0.0, ""angle"": 56.63929193429173, ""elevation"": 0.0}]",1784935317937.557
13,"[{""range"": 0.5738585752063484, ""doppler"": 0.0, ""angle"": -26.261648268665677, ""elevation"": 0.0}, {""range"": 0.5983901912580257, ""doppler"": 0.0, ""angle"": -27.43797465772239, ""elevation"": 0.0}, {""range"": 1.4279396624157255, ""doppler"": 0.0, ""angle"": -26.940471778977265, ""elevation"": 0.0}, {""range"": 1.4445658408059971, ""doppler"": 0.0, ""angle"": -26.891745227926055, ""elevation"": 0.0}, {""range"": 1.2851919864438546, ""doppler"": 0.0, ""angle"": -1.9853736031133355, ""elevation"": 0.0}, {""range"": 1.3114249174704247, ""doppler"": 0.0, ""angle"": 0.1328097228315618, ""elevation"": 0.0}, {""range"": 0.6940833023403772, ""doppler"": 0.0, ""angle"": 24.181305661890843, ""elevation"": 0.0}, {""range"": 1.3689869856563104, ""doppler"": 0.0, ""angle"": 22.54214809240797, ""elevation"": 0.0}, {""range"": 0.6787483471022003, ""doppler"": 0.0, ""angle"": 29.705564524700335, ""elevation"": 0.0}, {""range"": 0.70115978540846, ""doppler"": 0.0, ""angle"": 26.604259049274397, ""elevation"": 0.0}, {""range"": 0.7318295981309615, ""doppler"": 0.0, ""angle"": 37.245088219781934, ""elevation"": 0.0}, {""range"": 2.521401006585587, ""doppler"": 0.0, ""angle"": 60.54441250474065, ""elevation"": 0.0}, {""range"": 2.534691675626788, ""doppler"": 0.0, ""angle"": 62.12248164108169, ""elevation"": 0.0}]",1784935318037.814
11,"[{""range"": 0.6140667853019598, ""doppler"": 0.0, ""angle"": -64.71096268734188, ""elevation"": 0.0}, {""range"": 0.608147347333347, ""doppler"": 0.0, ""angle"": -20.337179482367414, ""elevation"": 0.0}, {""range"": 1.2938722248968058, ""doppler"": 0.0, ""angle"": -4.454577588994081, ""elevation"": 0.0}, {""range"": 1.3092123251801335, ""doppler"": 0.0, ""angle"": -5.329042213994969, ""elevation"": 0.0}, {""range"": 0.7045898010040351, ""doppler"": 0.0, ""angle"": 7.788741832187599, ""elevation"": 0.0}, {""range"": 1.2466734123337542, ""doppler"": 0.0, ""angle"": 5.9771744942011376, ""elevation"": 0.0}, {""range"": 0.6591069976456905, ""doppler"": 0.0, ""angle"": 14.903381078414979, ""elevation"": 0.0}, {""range"": 0.6811736052121247, ""doppler"": 0.0, ""angle"": 11.56950795287692, ""elevation"": 0.0}, {""range"": 1.3741892735151253, ""doppler"": 0.0, ""angle"": 28.54262798751609, ""elevation"": 0.0}, {""range"": 2.528860557046509, ""doppler"": 0.0, ""angle"": 60.04306011149354, ""elevation"": 0.0}, {""range"": 2.5367880183658214, ""doppler"": 0.0, ""angle"": 60.36482397928786, ""elevation"": 0.0}]",1784935318137.503
10,"[{""range"": 1.2970596564186636, ""doppler"": 0.0, ""angle"": -7.039779620043898, ""elevation"": 0.0}, {""range"": 0.5758072179931463, ""doppler"": 0.0, ""angle"": -3.240035474786661, ""elevation"": 0.0}, {""range"": 0.6158495716083758, ""doppler"": 0.0, ""angle"": -3.1124656917498315, ""elevation"": 0.0}, {""range"": 1.3200437159284275, ""doppler"": 0.0, ""angle"": -1.6922141091901242, ""elevation"": 0.0}, {""range"": 0.6612641076247938, ""doppler"": 0.0, ""angle"": 10.595861349153745, ""elevation"": 0.0}, {""range"": 1.35522204330339, ""doppler"": 0.0, ""angle"": 8.934110827522625, ""elevation"": 0.0}, {""range"": 0.6844074312587071, ""doppler"": 0.0, ""angle"": 13.353664446704409, ""elevation"": 0.0}, {""range"": 0.6990040022658545, ""doppler"": 0.0, ""angle"": 13.506564995249905, ""elevation"": 0.0}, {""range"": 2.527186038549465, ""doppler"": 0.0, ""angle"": 54.39587295126418, ""elevation"": 0.0}, {""range"": 2.543045693336638, ""doppler"": 0.0, ""angle"": 54.40893233575178, ""elevation"": 0.0}]",1784935318237.3008
9,"[{""range"": 1.3279198203127103, ""doppler"": 0.0, ""angle"": 2.3538248648136584, ""elevation"": 0.0}, {""range"": 0.6283318104321151, ""doppler"": 0.0, ""angle"": 9.666049207729777, ""elevation"": 0.0}, {""range"": 1.2891443732350614, ""doppler"": 0.0, ""angle"": 4.096375061981368, ""elevation"": 0.0}, {""range"": 1.3588067104446004, ""doppler"": 0.0, ""angle"": 8.628072898308881, ""elevation"": 0.0}, {""range"": 0.6574601985392936, ""doppler"": 0.0, ""angle"": 12.758679212047445, ""elevation"": 0.0}, {""range"": 0.6768670760989773, ""doppler"": 0.0, ""angle"": 14.362973082987732, ""elevation"": 0.0}, {""range"": 0.6955843658226835, ""doppler"": 0.0, ""angle"": 14.622113298622663, ""elevation"": 0.0}, {""range"": 2.5279886162795155, ""doppler"": 0.0, ""angle"": 58.327980290650636, ""elevation"": 0.0}, {""range"": 2.5402909738397628, ""doppler"": 0.0, ""angle"": 60.51174589094384, ""elevation"": 0.0}]",1784935318327.4282
8,"[{""range"": 1.3046967655497879, ""doppler"": 0.0, ""angle"": -12.731521271503352, ""elevation"": 0.0}, {""range"": 1.3136197141821275, ""doppler"": 0.0, ""angle"": -7.406525418662949, ""elevation"": 0.0}, {""range"": 0.6805917911696118, ""doppler"": 0.0, ""angle"": 16.46854551036465, ""elevation"": 0.0}, {""range"": 0.6951717751605189, ""doppler"": 0.0, ""angle"": 15.01211139447447, ""elevation"": 0.0}, {""range"": 0.6399327017899434, ""doppler"": 0.0, ""angle"": 18.591895427363333, ""elevation"": 0.0}, {""range"": 0.665511664852434, ""doppler"": 0.0, ""angle"": 18.907169468046177, ""elevation"": 0.0}, {""range"": 2.5204186362483374, ""doppler"": 0.0, ""angle"": 53.09514409583623, ""elevation"": 0.0}, {""range"": 2.5390434554173504, ""doppler"": 0.0, ""angle"": 56.56845335944546, ""elevation"": 0.0}]",1784935318427.231
