num_points,points,timestamp_ms
9,"[{""range"": 7.614175042872215, ""doppler"": 2.999478045385331, ""angle"": 45.483112461628345, ""elevation"": 11.251030433633304}, {""range"": 3.4769356266651843, ""doppler"": 10.291049007413676, ""angle"": 72.43716781506816, ""elevation"": 63.609228966514834}, {""range"": 5.926619996667396, ""doppler"": 10.194221196725266, ""angle"": 5.2418199469795566, ""elevation"": 31.92526771339652}, {""range"": 2.850257705108342, ""doppler"": 0.46812242310261354, ""angle"": 89.07148583225948, ""elevation"": 2.7760487947661896}, {""range"": 0.2682366962550689, ""doppler"": 0.0, ""angle"": 30.865298994355012, ""elevation"": 3.669221439088243}, {""range"": 0.0017970577993013067, ""doppler"": 0.0, ""angle"": 84.28940686250037, ""elevation"": 0.0}, {""range"": 0.0002528810910653642, ""doppler"": 0.0, ""angle"": 90.0, ""elevation"": 45.0}, {""range"": 0.05382329126447162, ""doppler"": 0.01092042977688834, ""angle"": -0.19035072662975377, ""elevation"": 0.0}, {""range"": 6.659894547851893, ""doppler"": 5.380859765398782, ""angle"": -65.90995893729739, ""elevation"": -15.47725578478062}]",1785102687538.2021
3,"[{""range"": 1.194896698352457, ""doppler"": 0.0, ""angle"": -23.37309717226754, ""elevation"": 0.0}, {""range"": 1.2298563590589133, ""doppler"": 0.0, ""angle"": -24.00478054155405, ""elevation"": 0.0}, {""range"": 0.6426508368629262, ""doppler"": 0.0, ""angle"": -8.335268751307373, ""elevation"": 0.0}]",1785102687538.534
6,"[{""range"": 1.1973289712434507, ""doppler"": 0.0, ""angle"": -20.399811703568705, ""elevation"": 0.0}, {""range"": 1.238183424374864, ""doppler"": 0.0, ""angle"": -16.796727725892993, ""elevation"": 0.0}, {""range"": 0.6268274199843089, ""doppler"": 0.0, ""angle"": -5.385320413444646, ""elevation"": 0.0}, {""range"": 1.2797945258532657, ""doppler"": 0.0, ""angle"": -7.55496742173099, ""elevation"": 0.0}, {""range"": 0.6749632000838636, ""doppler"": 0.0, ""angle"": 39.65786682182661, ""elevation"": 0.0}, {""range"": 2.0679023154177676, ""doppler"": 0.0, ""angle"": 42.045397603963885, ""elevation"": 0.0}]",1785102687538.818
6,"[{""range"": 0.7562765129437318, ""doppler"": 0.0, ""angle"": -38.346684996191236, ""elevation"": 0.0}, {""range"": 0.7202033939161135, ""doppler"": 0.0, ""angle"": -30.397746123412073, ""elevation"": 0.0}, {""range"": 0.6389752751767549, ""doppler"": 0.0, ""angle"": -3.931396631346392, ""elevation"": 0.0}, {""range"": 0.6581550436029641, ""doppler"": 0.0, ""angle"": -10.155867474533803, ""elevation"": 0.0}, {""range"": 0.6249695375015603, ""doppler"": 0.0, ""angle"": -1.426360337771778, ""elevation"": 0.0}, {""range"": 2.0660002951771874, ""doppler"": 0.0, ""angle"": 44.47050514661034, ""elevation"": 0.0}]",1785102687539.0999
6,"[{""range"": 0.7470025675580846, ""doppler"": 0.0, ""angle"": -35.21561563797528, ""elevation"": 0.0}, {""range"": 0.7327153792537122, ""doppler"": 0.0, ""angle"": -34.02746262549275, ""elevation"": 0.0}, {""range"": 0.6676323737809584, ""doppler"": 0.0, ""angle"": -11.165474464295032, ""elevation"": 0.0}, {""range"": 0.6342509077169622, ""doppler"": 0.0, ""angle"": -4.300831716081063, ""elevation"": 0.0}, {""range"": 0.6223983678440564, ""doppler"": 0.0, ""angle"": -1.1523459115663781, ""elevation"": 0.0}, {""range"": 1.88772033538564, ""doppler"": 0.0, ""angle"": 50.21110647370626, ""elevation"": 0.0}]",1785102687539.4
4,"[{""range"": 0.7654791243980967, ""doppler"": 0.0, ""angle"": -41.3823411677885, ""elevation"": 0.0}, {""range"": 0.6352237102655547, ""doppler"": 0.0, ""angle"": -4.391283301470864, ""elevation"": 0.0}, {""range"": 0.6612840531359273, ""doppler"": 0.0, ""angle"": -8.13010235415598, ""elevation"": 0.0}, {""range"": 0.6231027543802191, ""doppler"": 0.0, ""angle"": -1.759609785606645, ""elevation"": 0.0}]",1785102687539.673
5,"[{""range"": 0.7615882579776503, ""doppler"": 0.0, ""angle"": -21.74645191909018, ""elevation"": 0.0}, {""range"": 0.7089624104713168, ""doppler"": 0.0, ""angle"": -16.16771765464164, ""elevation"": 0.0}, {""range"": 0.6302909388228859, ""doppler"": 0.0, ""angle"": -3.822724885858994, ""elevation"": 0.0}, {""range"": 0.6498807144534415, ""doppler"": 0.0, ""angle"": -8.003021375252443, ""elevation"": 0.0}, {""range"": 0.6252313275899248, ""doppler"": 0.0, ""angle"": -1.704435834426309, ""elevation"": 0.0}]",1785102687539.963
5,"[{""range"": 0.7392606848508696, ""doppler"": 0.0, ""angle"": -20.517115952626753, ""elevation"": 0.0}, {""range"": 0.7587596949320381, ""doppler"": 0.0, ""angle"": -19.737386588416246, ""elevation"": 0.0}, {""range"": 0.6339445249784618, ""doppler"": 0.0, ""angle"": -3.671096376641178, ""elevation"": 0.0}, {""range"": 0.6265096495904409, ""doppler"": 0.0, ""angle"": -1.7827596814720845, ""elevation"": 0.0}, {""range"": 0.6541005163124585, ""doppler"": 0.0, ""angle"": -2.3187812113100206, ""elevation"": 0.0}]",1785102687540.2578
5,"[{""range"": 0.726366874671591, ""doppler"": 0.0, ""angle"": -20.973712926877855, ""elevation"": 0.0}, {""range"": 0.7552797688363067, ""doppler"": 0.0, ""angle"": -21.718284567801106, ""elevation"": 0.0}, {""range"": 0.6705409287450033, ""doppler"": 0.0, ""angle"": -11.318921927350521, ""elevation"": 0.0}, {""range"": 0.6283283754962683, ""doppler"": 0.0, ""angle"": -3.8346828752521005, ""elevation"": 0.0}, {""range"": 0.6384856698444927, ""doppler"": 0.0, ""angle"": -7.515116020924164, ""elevation"": 0.0}]",1785102687540.5388
5,"[{""range"": 0.7417628972957151, ""doppler"": 0.0, ""angle"": -19.636171146068126, ""elevation"": 0.0}, {""range"": 0.7527396796365694, ""doppler"": 0.0, ""angle"": -20.656404727402617, ""elevation"": 0.0}, {""range"": 1.2314421812230705, ""doppler"": 0.0, ""angle"": -19.342659048183975, ""elevation"": 0.0}, {""range"": 0.6811995391771922, ""doppler"": 0.0, ""angle"": -14.984702043959606, ""elevation"": 0.0}, {""range"": 0.6279758257647111, ""doppler"": 0.0, ""angle"": -9.373811805446557, ""elevation"": 0.0}]",1785102687540.822
6,"[{""range"": 0.7941332974170713, ""doppler"": 0.0, ""angle"": -36.45705521982101, ""elevation"": 0.0}, {""range"": 0.7371891526085187, ""doppler"": 0.0, ""angle"": -31.874271813336286, ""elevation"": 0.0}, {""range"": 0.7614792810438588, ""doppler"": 0.0, ""angle"": -31.13681321106048, ""elevation"": 0.0}, {""range"": 1.2322012294389968, ""doppler"": 0.0, ""angle"": -21.781337668108257, ""elevation"": 0.0}, {""range"": 0.6228971275129158, ""doppler"": 0.0, ""angle"": -4.230927180791256, ""elevation"": 0.0}, {""range"": 0.6347896935234203, ""doppler"": 0.0, ""angle"": -7.201087707071273, ""elevation"": 0.0}]",1785102687541.093
5,"[{""range"": 0.7503777989471063, ""doppler"": 0.0, ""angle"": -12.62210634491124, ""elevation"": 0.0}, {""range"": 0.6276752437801651, ""doppler"": 0.0, ""angle"": -5.509197117451317, ""elevation"": 0.0}, {""range"": 0.6419575893220532, ""doppler"": 0.0, ""angle"": -8.570222789519503, ""elevation"": 0.0}, {""range"": 0.6717411468940762, ""doppler"": 0.0, ""angle"": -8.742683536394475, ""elevation"": 0.0}, {""range"": 0.7146753623817409, ""doppler"": 0.0, ""angle"": -10.407423563179286, ""elevation"": 0.0}]",1785102687541.3591
3,"[{""range"": 0.720117370793637, ""doppler"": 0.0, ""angle"": -21.6534611061472, ""elevation"": 0.0}, {""range"": 0.7489816470689836, ""doppler"": 0.0, ""angle"": -23.915266807405974, ""elevation"": 0.0}, {""range"": 0.6848659122671152, ""doppler"": 0.0, ""angle"": -16.144716927814862, ""elevation"": 0.0}]",1785102687541.6218
5,"[{""range"": 0.7435867325352578, ""doppler"": 0.0, ""angle"": -18.69637261872076, ""elevation"": 0.0}, {""range"": 1.2268751503452482, ""doppler"": 0.0, ""angle"": -25.41846690152975, ""elevation"": 0.0}, {""range"": 0.718143141058209, ""doppler"": 0.0, ""angle"": -14.050083863698845, ""elevation"": 0.0}, {""range"": 0.6818567588485647, ""doppler"": 0.0, ""angle"": -4.949565012866457, ""elevation"": 0.0}, {""range"": 0.6520271065884795, ""doppler"": 0.0, ""angle"": 0.8485315123227131, ""elevation"": 0.0}]",1785102687541.899
5,"[{""range"": 0.7386182015747553, ""doppler"": 0.0, ""angle"": -20.062506182072468, ""elevation"": 0.0}, {""range"": 0.7432344339460369, ""doppler"": 0.0, ""angle"": -20.152696823137788, ""elevation"": 0.0}, {""range"": 0.6806308776771108, ""doppler"": 0.0, ""angle"": -8.2471844082859, ""elevation"": 0.0}, {""range"": 0.6289020547874318, ""doppler"": 0.0, ""angle"": 0.37468983310511966, ""elevation"": 0.0}, {""range"": 0.6347376338858371, ""doppler"": 0.0, ""angle"": 1.1460855931140261, ""elevation"": 0.0}]",1785102687542.176
3,"[{""range"": 0.6315710438606957, ""doppler"": 0.0, ""angle"": -0.048665712685082636, ""elevation"": 0.0}, {""range"": 0.6373083398927026, ""doppler"": 0.0, ""angle"": 1.4148200254330379, ""elevation"": 0.0}, {""range"": 0.6561132584855907, ""doppler"": 0.0, ""angle"": 8.494476074371223, ""elevation"": 0.0}]",1785102687542.439
4,"[{""range"": 0.7314659980477476, ""doppler"": 0.0, ""angle"": -35.69887211992634, ""elevation"": 0.0}, {""range"": 0.6303120927216199, ""doppler"": 0.0, ""angle"": -4.914824662326262, ""elevation"": 0.0}, {""range"": 0.6635139153649601, ""doppler"": 0.0, ""angle"": 32.13959578098074, ""elevation"": 0.0}, {""range"": 1.882237720984783, ""doppler"": 0.0, ""angle"": 54.5509075502703, ""elevation"": 0.0}]",1785102687542.712
4,"[{""range"": 0.6907965544294423, ""doppler"": 0.0, ""angle"": -19.349539738713588, ""elevation"": 0.0}, {""range"": 0.7262910908729432, ""doppler"": 0.0, ""angle"": -21.809267911691794, ""elevation"": 0.0}, {""range"": 0.7485637396125002, ""doppler"": 0.0, ""angle"": -21.084677740030013, ""elevation"": 0.0}, {""range"": 1.8842577276612793, ""doppler"": 0.0, ""angle"": 49.26777884973487, ""elevation"": 0.0}]",1785102687542.982
4,"[{""range"": 0.7424330866367944, ""doppler"": 0.0, ""angle"": -11.883683028704924, ""elevation"": 0.0}, {""range"": 0.7142759257937722, ""doppler"": 0.0, ""angle"": -9.903286081040232, ""elevation"": 0.0}, {""range"": 0.6520440982029967, ""doppler"": 0.0, ""angle"": 13.41506173704674, ""elevation"": 0.0}, {""range"": 0.6669278661211205, ""doppler"": 0.0, ""angle"": 16.39907648220661, ""elevation"": 0.0}]",1785102687543.2231
6,"[{""range"": 0.7167056111044471, ""doppler"": 0.0, ""angle"": -29.04627339887223, ""elevation"": 0.0}, {""range"": 0.7622060100168241, ""doppler"": 0.0, ""angle"": -20.058900621996973, ""elevation"": 0.0}, {""range"": 0.6277750802581111, ""doppler"": 0.0, ""angle"": 2.9879124723483175, ""elevation"": 0.0}, {""range"": 0.6385274339717258, ""doppler"": 0.0, ""angle"": 6.7707658088777745, ""elevation"": 0.0}, {""range"": 0.6551569301019868, ""doppler"": 0.0, ""angle"": 12.211622436742283, ""elevation"": 0.0}, {""range"": 0.6817580650352463, ""doppler"": 0.0, ""angle"": 14.692315073195507, ""elevation"": 0.0}]",1785102687543.4712
6,"[{""range"": 0.7309484084268351, ""doppler"": 0.0, ""angle"": -19.968736473416495, ""elevation"": 0.0}, {""range"": 0.7455381039052433, ""doppler"": 0.0, ""angle"": -24.198295712197776, ""elevation"": 0.0}, {""range"": 0.626280839820893, ""doppler"": 0.0, ""angle"": 0.8834171649906163, ""elevation"": 0.0}, {""range"": 0.6381079660185129, ""doppler"": 0.0, ""angle"": 3.968936574902471, ""elevation"": 0.0}, {""range"": 0.6603847467209109, ""doppler"": 0.0, ""angle"": 10.941779220887083, ""elevation"": 0.0}, {""range"": 1.9133794350485105, ""doppler"": 0.0, ""angle"": 53.91081974333218, ""elevation"": 0.0}]",1785102687543.722
4,"[{""range"": 0.7297197074306022, ""doppler"": 0.0, ""angle"": -6.938680772655833, ""elevation"": 0.0}, {""range"": 0.6186924142527979, ""doppler"": 0.0, ""angle"": -1.9378397654411266, ""elevation"": 0.0}, {""range"": 0.6210776585703357, ""doppler"": 0.0, ""angle"": -0.7753346563189228, ""elevation"": 0.0}, {""range"": 0.6712020824736417, ""doppler"": 0.0, ""angle"": 20.670382939680533, ""elevation"": 0.0}]",1785102687543.967
8,"[{""range"": 0.7399119444809706, ""doppler"": 0.0, ""angle"": -28.16289729419754, ""elevation"": 0.0}, {""range"": 0.7547104721998588, ""doppler"": 0.0, ""angle"": -24.257455980293745, ""elevation"": 0.0}, {""range"": 0.6215683471862953, ""doppler"": 0.0, ""angle"": -2.7702157972001924, ""elevation"": 0.0}, {""range"": 0.629555412021934, ""doppler"": 0.0, ""angle"": -2.6372931830415736, ""elevation"": 0.0}, {""range"": 0.6559798381002702, ""doppler"": 0.0, ""angle"": 10.158167358532019, ""elevation"": 0.0}, {""range"": 1.8863626637994022, ""doppler"": 0.0, ""angle"": 51.11795838662475, ""elevation"": 0.0}, {""range"": 1.910561227205721, ""doppler"": 0.0, ""angle"": 52.414733307865006, ""elevation"": 0.0}, {""range"": 2.0583544758661176, ""doppler"": 0.0, ""angle"": 46.30587117478171, ""elevation"": 0.0}]",1785102687544.2031
8,"[{""range"": 0.7416710758564664, ""doppler"": 0.0, ""angle"": -29.66777876937812, ""elevation"": 0.0}, {""range"": 0.7588039410426707, ""doppler"": 0.0, ""angle"": -28.195592455099952, ""elevation"": 0.0}, {""range"": 0.7917571877502879, ""doppler"": 0.0, ""angle"": -28.857280260720252, ""elevation"": 0.0}, {""range"": 0.6276759824246583, ""doppler"": 0.0, ""angle"": -3.6750972827559023, ""elevation"": 0.0}, {""range"": 0.6157201234137126, ""doppler"": 0.0, ""angle"": -2.5300282868063717, ""elevation"": 0.0}, {""range"": 0.6735684508663345, ""doppler"": 0.0, ""angle"": 10.97284972361464, ""elevation"": 0.0}, {""range"": 1.888242135043831, ""doppler"": 0.0, ""angle"": 47.375562132301454, ""elevation"": 0.0}, {""range"": 1.9094023023385678, ""doppler"": 0.0, ""angle"": 50.2432064633728, ""elevation"": 0.0}]",1785102687544.462
4,"[{""range"": 0.7323642908077602, ""doppler"": 0.0, ""angle"": -24.631513039520097, ""elevation"": 0.0}, {""range"": 0.7493599603788873, ""doppler"": 0.0, ""angle"": -22.8449284358423, ""elevation"": 0.0}, {""range"": 0.6863587868613364, ""doppler"": 0.0, ""angle"": 16.622037810350967, ""elevation"": 0.0}, {""range"": 1.9060234145006536, ""doppler"": 0.0, ""angle"": 53.315010036964544, ""elevation"": 0.0}]",1785102687544.7048
4,"[{""range"": 0.7675224193788543, ""doppler"": 0.0, ""angle"": -23.375618116705162, ""elevation"": 0.0}, {""range"": 0.6145855993351849, ""doppler"": 0.0, ""angle"": 0.15003224818543767, ""elevation"": 0.0}, {""range"": 0.6292419919231095, ""doppler"": 0.0, ""angle"": -3.3396896173125974, ""elevation"": 0.0}, {""range"": 1.9099258960808774, ""doppler"": 0.0, ""angle"": 56.134375339058586, ""elevation"": 0.0}]",1785102687544.94
6,"[{""range"": 0.7446681552138931, ""doppler"": 0.0, ""angle"": -16.97730013741867, ""elevation"": 0.0}, {""range"": 0.708950729395301, ""doppler"": 0.0, ""angle"": -10.448321511802483, ""elevation"": 0.0}, {""range"": 0.6263365122229138, ""doppler"": 0.0, ""angle"": 1.799618120153579, ""elevation"": 0.0}, {""range"": 0.6419832895744488, ""doppler"": 0.0, ""angle"": 1.5002987658481188, ""elevation"": 0.0}, {""range"": 0.6645037609869526, ""doppler"": 0.0, ""angle"": -0.5550547730699564, ""elevation"": 0.0}, {""range"": 1.9086412058464033, ""doppler"": 0.0, ""angle"": 59.595963337138784, ""elevation"": 0.0}]",1785102687545.185
7,"[{""range"": 1.1970232157261578, ""doppler"": 0.0, ""angle"": -28.012070677849565, ""elevation"": 0.0}, {""range"": 0.7159685814613939, ""doppler"": 0.0, ""angle"": -20.435457963403973, ""elevation"": 0.0}, {""range"": 0.7435482033037598, ""doppler"": 0.0, ""angle"": -25.696159535239698, ""elevation"": 0.0}, {""range"": 1.2293687384805907, ""doppler"": 0.0, ""angle"": -22.969885719462305, ""elevation"": 0.0}, {""range"": 0.627492338834958, ""doppler"": 0.0, ""angle"": 2.025012311118204, ""elevation"": 0.0}, {""range"": 0.638917100846018, ""doppler"": 0.0, ""angle"": 1.9566976834923482, ""elevation"": 0.0}, {""range"": 0.6582700512050063, ""doppler"": 0.0, ""angle"": -0.747090886017955, ""elevation"": 0.0}]",1785102687545.428
7,"[{""range"": 1.1960198809414815, ""doppler"": 0.0, ""angle"": -28.46552506128992, ""elevation"": 0.0}, {""range"": 1.2305863363504963, ""doppler"": 0.0, ""angle"": -20.739238298425878, ""elevation"": 0.0}, {""range"": 0.7595855972523962, ""doppler"": 0.0, ""angle"": -11.542711830241965, ""elevation"": 0.0}, {""range"": 1.2791836954698368, ""doppler"": 0.0, ""angle"": -4.859420574019228, ""elevation"": 0.0}, {""range"": 0.6292493091241484, ""doppler"": 0.0, ""angle"": -0.17909960837825217, ""elevation"": 0.0}, {""range"": 0.6330595151375191, ""doppler"": 0.0, ""angle"": -0.7768443189755581, ""elevation"": 0.0}, {""range"": 0.6415846206272333, ""doppler"": 0.0, ""angle"": -0.04790615899775294, ""elevation"": 0.0}]",1785102687545.6682
7,"[{""range"": 1.199337263330377, ""doppler"": 0.0, ""angle"": -29.787263742850907, ""elevation"": 0.0}, {""range"": 1.233963763176095, ""doppler"": 0.0, ""angle"": -20.28103536405387, ""elevation"": 0.0}, {""range"": 1.2758643372041643, ""doppler"": 0.0, ""angle"": -5.52521968070881, ""elevation"": 0.0}, {""range"": 0.6298055230371958, ""doppler"": 0.0, ""angle"": -0.4880272051641409, ""elevation"": 0.0}, {""range"": 0.6346012561792467, ""doppler"": 0.0, ""angle"": -1.323962139022475, ""elevation"": 0.0}, {""range"": 0.6452247534678285, ""doppler"": 0.0, ""angle"": -1.5721814449512774, ""elevation"": 0.0}, {""range"": 1.904698640437192, ""doppler"": 0.0, ""angle"": 57.46321274819533, ""elevation"": 0.0}]",1785102687545.9001
6,"[{""range"": 1.2414069786267499, ""doppler"": 0.0, ""angle"": -15.15522975513076, ""elevation"": 0.0}, {""range"": 0.7614033595572778, ""doppler"": 0.0, ""angle"": -5.565991659465244, ""elevation"": 0.0}, {""range"": 0.6288998177505065, ""doppler"": 0.0, ""angle"": -0.34210891975801, ""elevation"": 0.0}, {""range"": 0.6335704728002278, ""doppler"": 0.0, ""angle"": -0.5821555410301262, ""elevation"": 0.0}, {""range"": 0.6477894054838516, ""doppler"": 0.0, ""angle"": 1.7558245066622058, ""elevation"": 0.0}, {""range"": 0.6972252475473916, ""doppler"": 0.0, ""angle"": -0.5290047323229702, ""elevation"": 0.0}]",1785102687546.1372
8,"[{""range"": 1.1984191787955492, ""doppler"": 0.0, ""angle"": -30.019518893263648, ""elevation"": 0.0}, {""range"": 0.749008434897211, ""doppler"": 0.0, ""angle"": -18.33978756743011, ""elevation"": 0.0}, {""range"": 1.2410116420141695, ""doppler"": 0.0, ""angle"": -16.24930732896408, ""elevation"": 0.0}, {""range"": 0.6910522158364902, ""doppler"": 0.0, ""angle"": -9.908355978471832, ""elevation"": 0.0}, {""range"": 1.2738918658935414, ""doppler"": 0.0, ""angle"": -6.08351661284287, ""elevation"": 0.0}, {""range"": 0.6301808966596713, ""doppler"": 0.0, ""angle"": -0.650321442166731, ""elevation"": 0.0}, {""range"": 0.6374574307887183, ""doppler"": 0.0, ""angle"": -1.3019526725788753, ""elevation"": 0.0}, {""range"": 0.6502229610606682, ""doppler"": 0.0, ""angle"": -2.7900154145234772, ""elevation"": 0.0}]",1785102687546.3801
7,"[{""range"": 0.7493212799526986, ""doppler"": 0.0, ""angle"": -26.137022366501405, ""elevation"": 0.0}, {""range"": 0.7556615299234934, ""doppler"": 0.0, ""angle"": -22.18913262030108, ""elevation"": 0.0}, {""range"": 1.2368215621544543, ""doppler"": 0.0, ""angle"": -19.87058021562446, ""elevation"": 0.0}, {""range"": 1.2748488502202007, ""doppler"": 0.0, ""angle"": -5.876922358168587, ""elevation"": 0.0}, {""range"": 0.6283242281042589, ""doppler"": 0.0, ""angle"": -1.2556415365259435, ""elevation"": 0.0}, {""range"": 0.6290286886079076, ""doppler"": 0.0, ""angle"": -1.8245045893997163, ""elevation"": 0.0}, {""range"": 0.6428683243684404, ""doppler"": 0.0, ""angle"": -0.5737354993877575, ""elevation"": 0.0}]",1785102687546.613
9,"[{""range"": 0.7503139434974174, ""doppler"": 0.0, ""angle"": -30.886478583105006, ""elevation"": 0.0}, {""range"": 1.2007971337385832, ""doppler"": 0.0, ""angle"": -28.65267752944662, ""elevation"": 0.0}, {""range"": 0.7128425509716124, ""doppler"": 0.0, ""angle"": -23.45902408146156, ""elevation"": 0.0}, {""range"": 1.2353893414297943, ""doppler"": 0.0, ""angle"": -21.749049428264186, ""elevation"": 0.0}, {""range"": 0.6521589087214708, ""doppler"": 0.0, ""angle"": -4.0565155856158315, ""elevation"": 0.0}, {""range"": 1.2762299371939883, ""doppler"": 0.0, ""angle"": -7.4466364529190425, ""elevation"": 0.0}, {""range"": 0.6287269825912706, ""doppler"": 0.0, ""angle"": -0.4236812044550737, ""elevation"": 0.0}, {""range"": 0.6335009254091231, ""doppler"": 0.0, ""angle"": -1.2130269367425972, ""elevation"": 0.0}, {""range"": 1.8972898700511462, ""doppler"": 0.0, ""angle"": 55.18360561776321, ""elevation"": 0.0}]",1785102687546.8708
9,"[{""range"": 0.7493061315307269, ""doppler"": 0.0, ""angle"": -30.757404449028094, ""elevation"": 0.0}, {""range"": 1.1995469931438374, ""doppler"": 0.0, ""angle"": -26.183084972348965, ""elevation"": 0.0}, {""range"": 0.7124263337382826, ""doppler"": 0.0, ""angle"": -18.239400846651154, ""elevation"": 0.0}, {""range"": 1.2331407709543352, ""doppler"": 0.0, ""angle"": -19.16536081239842, ""elevation"": 0.0}, {""range"": 0.6589518873818908, ""doppler"": 0.0, ""angle"": -4.248454529361296, ""elevation"": 0.0}, {""range"": 1.2780081953143048, ""doppler"": 0.0, ""angle"": -6.442884936677972, ""elevation"": 0.0}, {""range"": 0.6312174685470864, ""doppler"": 0.0, ""angle"": -0.21100333325660509, ""elevation"": 0.0}, {""range"": 0.6393354627892796, ""doppler"": 0.0, ""angle"": -0.8814039965821377, ""elevation"": 0.0}, {""range"": 1.9026461725183343, ""doppler"": 0.0, ""angle"": 56.569795816639065, ""elevation"": 0.0}]",1785102687547.137
9,"[{""range"": 1.1992793562464132, ""doppler"": 0.0, ""angle"": -29.523421793232863, ""elevation"": 0.0}, {""range"": 1.2351680817527895, ""doppler"": 0.0, ""angle"": -20.924957487900674, ""elevation"": 0.0}, {""range"": 0.6949887599775604, ""doppler"": 0.0, ""angle"": -8.790993754756203, ""elevation"": 0.0}, {""range"": 1.28283939242114, ""doppler"": 0.0, ""angle"": -5.0780168507415295, ""elevation"": 0.0}, {""range"": 0.6319455458588833, ""doppler"": 0.0, ""angle"": -0.4215233137369434, ""elevation"": 0.0}, {""range"": 0.6389166003986895, ""doppler"": 0.0, ""angle"": -0.3848525127319223, ""elevation"": 0.0}, {""range"": 0.6509695921947917, ""doppler"": 0.0, ""angle"": -1.637026529566823, ""elevation"": 0.0}, {""range"": 1.8873666428899964, ""doppler"": 0.0, ""angle"": 47.645612766263156, ""elevation"": 0.0}, {""range"": 1.9048341497212784, ""doppler"": 0.0, ""angle"": 52.26842296353309, ""elevation"": 0.0}]",1785102687547.394
6,"[{""range"": 0.7503989124499083, ""doppler"": 0.0, ""angle"": -35.95509997567195, ""elevation"": 0.0}, {""range"": 0.6308656970656438, ""doppler"": 0.0, ""angle"": -0.324802526966855, ""elevation"": 0.0}, {""range"": 0.6364088407367888, ""doppler"": 0.0, ""angle"": 0.32197345547738554, ""elevation"": 0.0}, {""range"": 0.6549983948134088, ""doppler"": 0.0, ""angle"": 0.1720588807278819, ""elevation"": 0.0}, {""range"": 1.8892665584984356, ""doppler"": 0.0, ""angle"": 48.3763682855882, ""elevation"": 0.0}, {""range"": 1.9080902721552402, ""doppler"": 0.0, ""angle"": 52.1334930311607, ""elevation"": 0.0}]",1785102687547.647
7,"[{""range"": 0.7302022842003385, ""doppler"": 0.0, ""angle"": -24.29299952723867, ""elevation"": 0.0}, {""range"": 0.7553074339528432, ""doppler"": 0.0, ""angle"": -19.730469001969958, ""elevation"": 0.0}, {""range"": 0.631216835357244, ""doppler"": 0.0, ""angle"": 0.1947724378757521, ""elevation"": 0.0}, {""range"": 0.6384471082127182, ""doppler"": 0.0, ""angle"": 0.914728839702104, ""elevation"": 0.0}, {""range"": 0.6479542938759937, ""doppler"": 0.0, ""angle"": 2.562355652212049, ""elevation"": 0.0}, {""range"": 1.8884373081812438, ""doppler"": 0.0, ""angle"": 47.42523146363445, ""elevation"": 0.0}, {""range"": 1.9098066951226418, ""doppler"": 0.0, ""angle"": 51.305841762307644, ""elevation"": 0.0}]",1785102687547.9072
7,"[{""range"": 0.7253852773051324, ""doppler"": 0.0, ""angle"": -17.635441622330276, ""elevation"": 0.0}, {""range"": 0.75846726861368, ""doppler"": 0.0, ""angle"": -14.583367458299154, ""elevation"": 0.0}, {""range"": 0.624135328538778, ""doppler"": 0.0, ""angle"": 0.8864542186465088, ""elevation"": 0.0}, {""range"": 0.6249489446301284, ""doppler"": 0.0, ""angle"": 2.36137465817562, ""elevation"": 0.0}, {""range"": 0.6508611548435089, ""doppler"": 0.0, ""angle"": 13.520835885060887, ""elevation"": 0.0}, {""range"": 1.8887069598549537, ""doppler"": 0.0, ""angle"": 48.83856893162815, ""elevation"": 0.0}, {""range"": 1.9087782527485284, ""doppler"": 0.0, ""angle"": 51.473474543676694, ""elevation"": 0.0}]",1785102687548.146
6,"[{""range"": 0.711823326394308, ""doppler"": 0.0, ""angle"": -20.11468221042344, ""elevation"": 0.0}, {""range"": 0.7482071819800551, ""doppler"": 0.0, ""angle"": -22.34810834790941, ""elevation"": 0.0}, {""range"": 0.628188010499969, ""doppler"": 0.0, ""angle"": 0.39142536736769534, ""elevation"": 0.0}, {""range"": 0.6374719015846013, ""doppler"": 0.0, ""angle"": -0.048215230845842304, ""elevation"": 0.0}, {""range"": 0.6511717556741166, ""doppler"": 0.0, ""angle"": -1.054211485756452, ""elevation"": 0.0}, {""range"": 1.886247245639467, ""doppler"": 0.0, ""angle"": 51.70579803823702, ""elevation"": 0.0}]",1785102687548.38
8,"[{""range"": 0.7651940505107874, ""doppler"": 0.0, ""angle"": -42.2817948601584, ""elevation"": 0.0}, {""range"": 1.2001887105477234, ""doppler"": 0.0, ""angle"": -28.096087555335483, ""elevation"": 0.0}, {""range"": 1.2224148613556156, ""doppler"": 0.0, ""angle"": -28.863301395989378, ""elevation"": 0.0}, {""range"": 0.6304433882749064, ""doppler"": 0.0, ""angle"": 1.1376390037931374, ""elevation"": 0.0}, {""range"": 0.6400313256729016, ""doppler"": 0.0, ""angle"": 1.5529149400820763, ""elevation"": 0.0}, {""range"": 0.6546122193771088, ""doppler"": 0.0, ""angle"": 2.63027839940281, ""elevation"": 0.0}, {""range"": 0.6832677913957583, ""doppler"": 0.0, ""angle"": 3.49589566920354, ""elevation"": 0.0}, {""range"": 1.886047404152088, ""doppler"": 0.0, ""angle"": 55.40894491567881, ""elevation"": 0.0}]",1785102687548.623
7,"[{""range"": 1.1994457249470014, ""doppler"": 0.0, ""angle"": -27.516263976434047, ""elevation"": 0.0}, {""range"": 1.225457305608028, ""doppler"": 0.0, ""angle"": -28.565755208716727, ""elevation"": 0.0}, {""range"": 0.69515912642151, ""doppler"": 0.0, ""angle"": -5.757520819466294, ""elevation"": 0.0}, {""range"": 0.7362776168718839, ""doppler"": 0.0, ""angle"": -7.535793607729226, ""elevation"": 0.0}, {""range"": 0.631903574418553, ""doppler"": 0.0, ""angle"": 1.264745234030944, ""elevation"": 0.0}, {""range"": 0.6439590047345133, ""doppler"": 0.0, ""angle"": 1.527525442212927, ""elevation"": 0.0}, {""range"": 0.662507581321829, ""doppler"": 0.0, ""angle"": 0.1391797574504448, ""elevation"": 0.0}]",1785102687548.872
5,"[{""range"": 0.7543794538797426, ""doppler"": 0.0, ""angle"": -27.59155146467852, ""elevation"": 0.0}, {""range"": 0.7083737423597012, ""doppler"": 0.0, ""angle"": -15.085139692908346, ""elevation"": 0.0}, {""range"": 0.6310842314092767, ""doppler"": 0.0, ""angle"": 1.5424557971995907, ""elevation"": 0.0}, {""range"": 0.6411184038771461, ""doppler"": 0.0, ""angle"": 2.0938893021500924, ""elevation"": 0.0}, {""range"": 0.6589372089646895, ""doppler"": 0.0, ""angle"": -0.27986861028410337, ""elevation"": 0.0}]",1785102687549.096
7,"[{""range"": 0.7294246690233758, ""doppler"": 0.0, ""angle"": -33.055075366432185, ""elevation"": 0.0}, {""range"": 0.7530410389295732, ""doppler"": 0.0, ""angle"": -29.176178060152754, ""elevation"": 0.0}, {""range"": 1.1977326796634225, ""doppler"": 0.0, ""angle"": -27.41432544862723, ""elevation"": 0.0}, {""range"": 0.6315539064552161, ""doppler"": 0.0, ""angle"": 1.882130202736347, ""elevation"": 0.0}, {""range"": 0.6404029771805766, ""doppler"": 0.0, ""angle"": 3.682115991464699, ""elevation"": 0.0}, {""range"": 0.6524908702700704, ""doppler"": 0.0, ""angle"": 8.700798387848447, ""elevation"": 0.0}, {""range"": 0.6895529484804815, ""doppler"": 0.0, ""angle"": 11.927684207284358, ""elevation"": 0.0}]",1785102687549.312
7,"[{""range"": 1.3308053923320882, ""doppler"": 0.0, ""angle"": -50.24962808643063, ""elevation"": 0.0}, {""range"": 0.7255476470091488, ""doppler"": 0.0, ""angle"": -23.50081780214663, ""elevation"": 0.0}, {""range"": 0.7482717940842202, ""doppler"": 0.0, ""angle"": -25.340314614397233, ""elevation"": 0.0}, {""range"": 0.634888335708632, ""doppler"": 0.0, ""angle"": 1.6946470685371595, ""elevation"": 0.0}, {""range"": 0.6461480053180665, ""doppler"": 0.0, ""angle"": 3.4428102984269064, ""elevation"": 0.0}, {""range"": 0.6615721442752246, ""doppler"": 0.0, ""angle"": 4.573303781945145, ""elevation"": 0.0}, {""range"": 1.9077990836343304, ""doppler"": 0.0, ""angle"": 48.819126703916474, ""elevation"": 0.0}]",1785102687549.536
8,"[{""range"": 0.7496547450302817, ""doppler"": 0.0, ""angle"": -17.963869450406033, ""elevation"": 0.0}, {""range"": 0.6355163448915357, ""doppler"": 0.0, ""angle"": 1.402684189417099, ""elevation"": 0.0}, {""range"": 0.6954523570058762, ""doppler"": 0.0, ""angle"": -2.343013447819726, ""elevation"": 0.0}, {""range"": 0.6486821933533208, ""doppler"": 0.0, ""angle"": 3.9674627583128625, ""elevation"": 0.0}, {""range"": 0.662217144957473, ""doppler"": 0.0, ""angle"": 5.391927328828041, ""elevation"": 0.0}, {""range"": 1.8863878602599944, ""doppler"": 0.0, ""angle"": 44.72732960422071, ""elevation"": 0.0}, {""range"": 1.9095976150797096, ""doppler"": 0.0, ""angle"": 47.35277761450638, ""elevation"": 0.0}, {""range"": 1.936550285671982, ""doppler"": 0.0, ""angle"": 56.24243594056406, ""elevation"": 0.0}]",1785102687549.7659
6,"[{""range"": 0.7508990499287362, ""doppler"": 0.0, ""angle"": -14.367161467391533, ""elevation"": 0.0}, {""range"": 0.6364591058258064, ""doppler"": 0.0, ""angle"": 0.7887934319955902, ""elevation"": 0.0}, {""range"": 0.6449551896740278, ""doppler"": 0.0, ""angle"": 2.9718768634689625, ""elevation"": 0.0}, {""range"": 0.6586313625266639, ""doppler"": 0.0, ""angle"": 6.312706814510633, ""elevation"": 0.0}, {""range"": 0.6873242229465407, ""doppler"": 0.0, ""angle"": 6.243071978228991, ""elevation"": 0.0}, {""range"": 1.8813332191139527, ""doppler"": 0.0, ""angle"": 50.240447924135644, ""elevation"": 0.0}]",1785102687549.986
8,"[{""range"": 0.7253478310343122, ""doppler"": 0.0, ""angle"": -24.97934821944378, ""elevation"": 0.0}, {""range"": 0.7525198482396381, ""doppler"": 0.0, ""angle"": -20.0238177149138, ""elevation"": 0.0}, {""range"": 1.244294721006512, ""doppler"": 0.0, ""angle"": -15.110688004411063, ""elevation"": 0.0}, {""range"": 1.2773486757331711, ""doppler"": 0.0, ""angle"": -6.607687026115728, ""elevation"": 0.0}, {""range"": 0.6334353076630094, ""doppler"": 0.0, ""angle"": -0.8896145214143648, ""elevation"": 0.0}, {""range"": 0.6387614428264604, ""doppler"": 0.0, ""angle"": 0.6255449651946684, ""elevation"": 0.0}, {""range"": 0.6547825923983142, ""doppler"": 0.0, ""angle"": 5.154764130746211, ""elevation"": 0.0}, {""range"": 1.9029245813438886, ""doppler"": 0.0, ""angle"": 59.86912798604173, ""elevation"": 0.0}]",1785102687550.2168
5,"[{""range"": 0.721198827557901, ""doppler"": 0.0, ""angle"": -22.985942744601488, ""elevation"": 0.0}, {""range"": 0.7645231532652031, ""doppler"": 0.0, ""angle"": -16.188375967643122, ""elevation"": 0.0}, {""range"": 0.632554159990034, ""doppler"": 0.0, ""angle"": -4.621064981277703, ""elevation"": 0.0}, {""range"": 0.6440054781589403, ""doppler"": 0.0, ""angle"": -4.969740728110304, ""elevation"": 0.0}, {""range"": 0.6292212593914048, ""doppler"": 0.0, ""angle"": -3.3071799568308853, ""elevation"": 0.0}]",1785102687550.445
7,"[{""range"": 0.7692264747795761, ""doppler"": 0.0, ""angle"": -35.89223977070881, ""elevation"": 0.0}, {""range"": 0.631866002681444, ""doppler"": 0.0, ""angle"": -1.7514203615612296, ""elevation"": 0.0}, {""range"": 0.6371762509377783, ""doppler"": 0.0, ""angle"": -1.5759602161968158, ""elevation"": 0.0}, {""range"": 0.6473732223627626, ""doppler"": 0.0, ""angle"": -0.8229766948526185, ""elevation"": 0.0}, {""range"": 0.6807461510108846, ""doppler"": 0.0, ""angle"": 0.12040072535182775, ""elevation"": 0.0}, {""range"": 1.8860136925346338, ""doppler"": 0.0, ""angle"": 51.37412669782501, ""elevation"": 0.0}, {""range"": 1.908203916715536, ""doppler"": 0.0, ""angle"": 56.58988675271694, ""elevation"": 0.0}]",1785102687550.666
6,"[{""range"": 0.7643642104801476, ""doppler"": 0.0, ""angle"": -28.963472511170497, ""elevation"": 0.0}, {""range"": 0.6351513485911042, ""doppler"": 0.0, ""angle"": -0.20969645494877182, ""elevation"": 0.0}, {""range"": 0.6451567349847518, ""doppler"": 0.0, ""angle"": 1.3340659014738936, ""elevation"": 0.0}, {""range"": 0.6563774604442164, ""doppler"": 0.0, ""angle"": 3.201475672107259, ""elevation"": 0.0}, {""range"": 0.6804904940519108, ""doppler"": 0.0, ""angle"": 2.4849750669839397, ""elevation"": 0.0}, {""range"": 2.0616691102966285, ""doppler"": 0.0, ""angle"": 51.39451818055343, ""elevation"": 0.0}]",1785102687550.903
6,"[{""range"": 0.7315642578108136, ""doppler"": 0.0, ""angle"": -12.449818906501266, ""elevation"": 0.0}, {""range"": 0.7680039328083856, ""doppler"": 0.0, ""angle"": -17.24102006466469, ""elevation"": 0.0}, {""range"": 0.6260664254865388, ""doppler"": 0.0, ""angle"": 0.638229928109679, ""elevation"": 0.0}, {""range"": 0.6379109102633007, ""doppler"": 0.0, ""angle"": 2.5223416000927124, ""elevation"": 0.0}, {""range"": 0.6556164802821951, ""doppler"": 0.0, ""angle"": 7.018410657536702, ""elevation"": 0.0}, {""range"": 1.9103989684978746, ""doppler"": 0.0, ""angle"": 59.5273854215689, ""elevation"": 0.0}]",1785102687551.1282
4,"[{""range"": 0.7233860638785464, ""doppler"": 0.0, ""angle"": -32.70799524869501, ""elevation"": 0.0}, {""range"": 0.6174192435845522, ""doppler"": 0.0, ""angle"": -1.2778225789912738, ""elevation"": 0.0}, {""range"": 0.6741878182425026, ""doppler"": 0.0, ""angle"": 36.110051220233515, ""elevation"": 0.0}, {""range"": 1.9112489373395105, ""doppler"": 0.0, ""angle"": 59.01234111600875, ""elevation"": 0.0}]",1785102687551.3767
7,"[{""range"": 1.1980192647537629, ""doppler"": 0.0, ""angle"": -19.15161579124563, ""elevation"": 0.0}, {""range"": 1.2358117032994527, ""doppler"": 0.0, ""angle"": -15.922620619094605, ""elevation"": 0.0}, {""range"": 1.273285247693138, ""doppler"": 0.0, ""angle"": -13.150216408489767, ""elevation"": 0.0}, {""range"": 0.6360864318196304, ""doppler"": 0.0, ""angle"": -4.756953727699114, ""elevation"": 0.0}, {""range"": 0.6563701290261791, ""doppler"": 0.0, ""angle"": -7.0417657986124444, ""elevation"": 0.0}, {""range"": 0.6219589999623778, ""doppler"": 0.0, ""angle"": -2.0595188670234985, ""elevation"": 0.0}, {""range"": 1.9111965562557656, ""doppler"": 0.0, ""angle"": 57.898017762954375, ""elevation"": 0.0}]",1785102687551.668
7,"[{""range"": 1.1977666095351238, ""doppler"": 0.0, ""angle"": -20.675179743460703, ""elevation"": 0.0}, {""range"": 1.2330324856255994, ""doppler"": 0.0, ""angle"": -15.148721330904536, ""elevation"": 0.0}, {""range"": 1.266560694180368, ""doppler"": 0.0, ""angle"": -15.240929555375317, ""elevation"": 0.0}, {""range"": 0.6239484649296364, ""doppler"": 0.0, ""angle"": -0.8374539018885087, ""elevation"": 0.0}, {""range"": 0.6279996797605267, ""doppler"": 0.0, ""angle"": -1.3868385417291564, ""elevation"": 0.0}, {""range"": 0.6521009788851513, ""doppler"": 0.0, ""angle"": -1.2098516988643857, ""elevation"": 0.0}, {""range"": 1.9070165063730127, ""doppler"": 0.0, ""angle"": 62.490677615736274, ""elevation"": 0.0}]",1785102687551.905
7,"[{""range"": 1.199857288681666, ""doppler"": 0.0, ""angle"": -18.210832443937548, ""elevation"": 0.0}, {""range"": 1.2286541206724664, ""doppler"": 0.0, ""angle"": -14.341629305505183, ""elevation"": 0.0}, {""range"": 0.7436983098396808, ""doppler"": 0.0, ""angle"": -7.654726626110332, ""elevation"": 0.0}, {""range"": 0.6265640513945927, ""doppler"": 0.0, ""angle"": 0.01635153480524288, ""elevation"": 0.0}, {""range"": 0.6369352340698242, ""doppler"": 0.0, ""angle"": 0.0, ""elevation"": 0.0}, {""range"": 0.6603775082096087, ""doppler"": 0.0, ""angle"": 0.41888938106059165, ""elevation"": 0.0}, {""range"": 0.7019996623835183, ""doppler"": 0.0, ""angle"": -2.1896972444054006, ""elevation"": 0.0}]",1785102687552.1382
9,"[{""range"": 1.3315867407824578, ""doppler"": 0.0, ""angle"": -46.98618355022099, ""elevation"": 0.0}, {""range"": 1.1947370425817823, ""doppler"": 0.0, ""angle"": -19.14273685545534, ""elevation"": 0.0}, {""range"": 1.2199702247857411, ""doppler"": 0.0, ""angle"": -18.94484495942033, ""elevation"": 0.0}, {""range"": 0.7445194037675326, ""doppler"": 0.0, ""angle"": -13.76924112733059, ""elevation"": 0.0}, {""range"": 0.6972902045477118, ""doppler"": 0.0, ""angle"": -7.1742222926827095, ""elevation"": 0.0}, {""range"": 0.6287134547989488, ""doppler"": 0.0, ""angle"": -0.19554797627085738, ""elevation"": 0.0}, {""range"": 0.6394870310904438, ""doppler"": 0.0, ""angle"": -0.7049460535502499, ""elevation"": 0.0}, {""range"": 0.6592403186618273, ""doppler"": 0.0, ""angle"": -2.5806860437822507, ""elevation"": 0.0}, {""range"": 2.061333382934568, ""doppler"": 0.0, ""angle"": 40.704801176739224, ""elevation"": 0.0}]",1785102687552.359
6,"[{""range"": 0.7587110844446959, ""doppler"": 0.0, ""angle"": -47.674535250873426, ""elevation"": 0.0}, {""range"": 0.6273123113707392, ""doppler"": 0.0, ""angle"": 0.5879634146292345, ""elevation"": 0.0}, {""range"": 0.6355059552730826, ""doppler"": 0.0, ""angle"": 0.1128502920537934, ""elevation"": 0.0}, {""range"": 0.6518741376023359, ""doppler"": 0.0, ""angle"": -0.990198829204371, ""elevation"": 0.0}, {""range"": 1.9142850471260149, ""doppler"": 0.0, ""angle"": 52.12173052905638, ""elevation"": 0.0}, {""range"": 1.953886376059731, ""doppler"": 0.0, ""angle"": 47.25860073386776, ""elevation"": 0.0}]",1785102687552.598
4,"[{""range"": 0.6253640988888521, ""doppler"": 0.0, ""angle"": 0.7372512948861913, ""elevation"": 0.0}, {""range"": 0.6317654461801394, ""doppler"": 0.0, ""angle"": 0.4054261480462063, ""elevation"": 0.0}, {""range"": 0.646884288899176, ""doppler"": 0.0, ""angle"": 1.0770401119013213, ""elevation"": 0.0}, {""range"": 1.9062489053085439, ""doppler"": 0.0, ""angle"": 53.79441510004923, ""elevation"": 0.0}]",1785102687552.8262
7,"[{""range"": 0.7042352243864763, ""doppler"": 0.0, ""angle"": -19.73700602561802, ""elevation"": 0.0}, {""range"": 0.6460016873141055, ""doppler"": 0.0, ""angle"": -5.511754367108383, ""elevation"": 0.0}, {""range"": 0.623166561126709, ""doppler"": 0.0, ""angle"": 0.0, ""elevation"": 0.0}, {""range"": 0.6285769400335807, ""doppler"": 0.0, ""angle"": -1.532304833678564, ""elevation"": 0.0}, {""range"": 2.0345114777738176, ""doppler"": 0.0, ""angle"": 37.55477545936117, ""elevation"": 0.0}, {""range"": 2.049388334540411, ""doppler"": 0.0, ""angle"": 38.81595694092923, ""elevation"": 0.0}, {""range"": 1.8992526977862967, ""doppler"": 0.0, ""angle"": 63.2298911191278, ""elevation"": 0.0}]",1785102687553.0442
6,"[{""range"": 1.2398104852166087, ""doppler"": 0.0, ""angle"": -14.815907016112343, ""elevation"": 0.0}, {""range"": 0.7159774462130878, ""doppler"": 0.0, ""angle"": -6.784238183788532, ""elevation"": 0.0}, {""range"": 0.6183460569812768, ""doppler"": 0.0, ""angle"": -0.28167160350935694, ""elevation"": 0.0}, {""range"": 0.6254236872387658, ""doppler"": 0.0, ""angle"": -1.0812332137174476, ""elevation"": 0.0}, {""range"": 0.6537492462167676, ""doppler"": 0.0, ""angle"": 0.23507436278718166, ""elevation"": 0.0}, {""range"": 1.2731008889765518, ""doppler"": 0.0, ""angle"": -3.422223421569535, ""elevation"": 0.0}]",1785102687553.2788
7,"[{""range"": 1.362692141999386, ""doppler"": 0.0, ""angle"": -45.45189201782479, ""elevation"": 0.0}, {""range"": 0.7600145039365613, ""doppler"": 0.0, ""angle"": -22.6675647570805, ""elevation"": 0.0}, {""range"": 1.2316445878988598, ""doppler"": 0.0, ""angle"": -22.00685287082891, ""elevation"": 0.0}, {""range"": 0.608574304847684, ""doppler"": 0.0, ""angle"": -9.573027856198848, ""elevation"": 0.0}, {""range"": 0.7473021329167338, ""doppler"": 0.0, ""angle"": -8.711765411661352, ""elevation"": 0.0}, {""range"": 0.6063965180141695, ""doppler"": 0.0, ""angle"": -3.1779557486429364, ""elevation"": 0.0}, {""range"": 0.6717234397129339, ""doppler"": 0.0, ""angle"": 27.40406500503366, ""elevation"": 0.0}]",1785102687553.505
8,"[{""range"": 0.7543448032923109, ""doppler"": 0.0, ""angle"": -26.32816761202201, ""elevation"": 0.0}, {""range"": 0.7312954326921961, ""doppler"": 0.0, ""angle"": -24.515841142441644, ""elevation"": 0.0}, {""range"": 0.6785302730602718, ""doppler"": 0.0, ""angle"": -17.847638709630857, ""elevation"": 0.0}, {""range"": 0.6156298882090546, ""doppler"": 0.0, ""angle"": -5.5002887640875375, ""elevation"": 0.0}, {""range"": 0.629343281861576, ""doppler"": 0.0, ""angle"": -10.642655989284114, ""elevation"": 0.0}, {""range"": 1.889881731058949, ""doppler"": 0.0, ""angle"": 48.09498912736042, ""elevation"": 0.0}, {""range"": 1.9082166933458458, ""doppler"": 0.0, ""angle"": 51.42571903468915, ""elevation"": 0.0}, {""range"": 1.9330556955157925, ""doppler"": 0.0, ""angle"": 56.96702267552142, ""elevation"": 0.0}]",1785102687553.729
8,"[{""range"": 0.7191012762493318, ""doppler"": 0.0, ""angle"": -12.246009065683307, ""elevation"": 0.0}, {""range"": 0.7458893358591632, ""doppler"": 0.0, ""angle"": -17.0492060659417, ""elevation"": 0.0}, {""range"": 0.6259743615565921, ""doppler"": 0.0, ""angle"": -4.686167253144662, ""elevation"": 0.0}, {""range"": 0.6482727240754883, ""doppler"": 0.0, ""angle"": -2.0865854517954308, ""elevation"": 0.0}, {""range"": 0.6724706150190198, ""doppler"": 0.0, ""angle"": -1.7370889796670734, ""elevation"": 0.0}, {""range"": 2.0648470138247697, ""doppler"": 0.0, ""angle"": 40.314444105083, ""elevation"": 0.0}, {""range"": 1.8871159968223734, ""doppler"": 0.0, ""angle"": 47.961134434514044, ""elevation"": 0.0}, {""range"": 1.9012450155716836, ""doppler"": 0.0, ""angle"": 52.293742760556654, ""elevation"": 0.0}]",1785102687553.946
7,"[{""range"": 0.6898089085667838, ""doppler"": 0.0, ""angle"": -31.019793997503033, ""elevation"": 0.0}, {""range"": 0.724889458972705, ""doppler"": 0.0, ""angle"": -24.048591869506602, ""elevation"": 0.0}, {""range"": 0.7428974198632698, ""doppler"": 0.0, ""angle"": -19.839360728637377, ""elevation"": 0.0}, {""range"": 0.6232144567919082, ""doppler"": 0.0, ""angle"": -4.17931763190501, ""elevation"": 0.0}, {""range"": 0.630497932434082, ""doppler"": 0.0, ""angle"": 0.0, ""elevation"": 0.0}, {""range"": 1.3256964089696837, ""doppler"": 0.0, ""angle"": 2.27269488040439, ""elevation"": 0.0}, {""range"": 0.6534564095144589, ""doppler"": 0.0, ""angle"": 10.771829827364604, ""elevation"": 0.0}]",1785102687554.176
6,"[{""range"": 0.8893877944865685, ""doppler"": 0.0, ""angle"": -58.348727113287374, ""elevation"": 0.0}, {""range"": 0.7441080354592166, ""doppler"": 0.0, ""angle"": -17.350739186517192, ""elevation"": 0.0}, {""range"": 0.7517746967301232, ""doppler"": 0.0, ""angle"": -17.754017052782565, ""elevation"": 0.0}, {""range"": 0.6188597593901497, ""doppler"": 0.0, ""angle"": -8.92615104836498, ""elevation"": 0.0}, {""range"": 1.8880392192709008, ""doppler"": 0.0, ""angle"": 47.671557962607736, ""elevation"": 0.0}, {""range"": 1.909150085922359, ""doppler"": 0.0, ""angle"": 55.65205645478363, ""elevation"": 0.0}]",1785102687554.411
8,"[{""range"": 1.2012695220982244, ""doppler"": 0.0, ""angle"": -27.182956538483737, ""elevation"": 0.0}, {""range"": 1.2268137214362003, ""doppler"": 0.0, ""angle"": -27.312020321533197, ""elevation"": 0.0}, {""range"": 0.7354861228628492, ""doppler"": 0.0, ""angle"": -3.8196344726123064, ""elevation"": 0.0}, {""range"": 0.7550668595827892, ""doppler"": 0.0, ""angle"": -8.882334906698677, ""elevation"": 0.0}, {""range"": 1.2898515558535286, ""doppler"": 0.0, ""angle"": -1.4696151128096304, ""elevation"": 0.0}, {""range"": 1.3138429846175377, ""doppler"": 0.0, ""angle"": 2.4180826955949444, ""elevation"": 0.0}, {""range"": 1.8881991574998604, ""doppler"": 0.0, ""angle"": 49.22038124774933, ""elevation"": 0.0}, {""range"": 1.9013038427090614, ""doppler"": 0.0, ""angle"": 52.24742183517474, ""elevation"": 0.0}]",1785102687554.6318
1,"[{""range"": 0.753262437365066, ""doppler"": 0.0, ""angle"": -41.1500993144973, ""elevation"": 0.0}]",1785102687554.847
5,"[{""range"": 0.7490347308612866, ""doppler"": 0.0, ""angle"": -20.48560618553814, ""elevation"": 0.0}, {""range"": 0.6216529370167161, ""doppler"": 0.0, ""angle"": 1.0053750960874226, ""elevation"": 0.0}, {""range"": 0.6256927483084868, ""doppler"": 0.0, ""angle"": 1.998070139629274, ""elevation"": 0.0}, {""range"": 1.2801655723348015, ""doppler"": 0.0, ""angle"": -2.3856108572800587, ""elevation"": 0.0}, {""range"": 0.6399690505061948, ""doppler"": 0.0, ""angle"": 6.771563816095585, ""elevation"": 0.0}]",1785102687555.063
8,"[{""range"": 0.7482403220201232, ""doppler"": 0.0, ""angle"": -22.569308002879634, ""elevation"": 0.0}, {""range"": 0.7044640185641929, ""doppler"": 0.0, ""angle"": -13.235523408113284, ""elevation"": 0.0}, {""range"": 0.6080073718631652, ""doppler"": 0.0, ""angle"": -0.6571874724114198, ""elevation"": 0.0}, {""range"": 0.6263822512729554, ""doppler"": 0.0, ""angle"": -1.357698333014938, ""elevation"": 0.0}, {""range"": 0.6369597565081796, ""doppler"": 0.0, ""angle"": -1.4477738333980887, ""elevation"": 0.0}, {""range"": 0.6557344930880658, ""doppler"": 0.0, ""angle"": -3.314164253153998, ""elevation"": 0.0}, {""range"": 1.88288455147493, ""doppler"": 0.0, ""angle"": 53.3129293459015, ""elevation"": 0.0}, {""range"": 1.905277448265923, ""doppler"": 0.0, ""angle"": 60.53591599833411, ""elevation"": 0.0}]",1785102687555.275
8,"[{""range"": 1.1988250805472238, ""doppler"": 0.0, ""angle"": -20.272974503720125, ""elevation"": 0.0}, {""range"": 1.2428443178087485, ""doppler"": 0.0, ""angle"": -12.716574104658985, ""elevation"": 0.0}, {""range"": 1.2810761519179394, ""doppler"": 0.0, ""angle"": -4.418946661108013, ""elevation"": 0.0}, {""range"": 0.606563855416399, ""doppler"": 0.0, ""angle"": -0.5405101871306666, ""elevation"": 0.0}, {""range"": 0.6243685349431382, ""doppler"": 0.0, ""angle"": -1.1651216258503274, ""elevation"": 0.0}, {""range"": 0.6346544605735348, ""doppler"": 0.0, ""angle"": -1.5176278657867064, ""elevation"": 0.0}, {""range"": 0.651849195202761, ""doppler"": 0.0, ""angle"": -3.3969179927333646, ""elevation"": 0.0}, {""range"": 1.8953221838297367, ""doppler"": 0.0, ""angle"": 63.418026733350686, ""elevation"": 0.0}]",1785102687555.499
6,"[{""range"": 0.7587916155996783, ""doppler"": 0.0, ""angle"": -20.758324271546414, ""elevation"": 0.0}, {""range"": 0.7051740783612385, ""doppler"": 0.0, ""angle"": -12.030829041247085, ""elevation"": 0.0}, {""range"": 0.6069096662819694, ""doppler"": 0.0, ""angle"": -0.40514902450493695, ""elevation"": 0.0}, {""range"": 0.6238471703818965, ""doppler"": 0.0, ""angle"": -1.2318008547910806, ""elevation"": 0.0}, {""range"": 0.6314455781794339, ""doppler"": 0.0, ""angle"": -0.7463768825167801, ""elevation"": 0.0}, {""range"": 0.6466801917586311, ""doppler"": 0.0, ""angle"": -0.950617069600931, ""elevation"": 0.0}]",1785102687555.732
7,"[{""range"": 0.7345065695781938, ""doppler"": 0.0, ""angle"": -29.72931038161406, ""elevation"": 0.0}, {""range"": 0.7647769749247915, ""doppler"": 0.0, ""angle"": -28.122920573716453, ""elevation"": 0.0}, {""range"": 1.2339901283165668, ""doppler"": 0.0, ""angle"": -18.923298054092815, ""elevation"": 0.0}, {""range"": 0.6074530691095561, ""doppler"": 0.0, ""angle"": -0.48911899991389, ""elevation"": 0.0}, {""range"": 0.6243378845165324, ""doppler"": 0.0, ""angle"": -1.0174634524191362, ""elevation"": 0.0}, {""range"": 0.6308513534983029, ""doppler"": 0.0, ""angle"": -1.3480782909617073, ""elevation"": 0.0}, {""range"": 0.6452177661071518, ""doppler"": 0.0, ""angle"": -0.7622048728156503, ""elevation"": 0.0}]",1785102687555.958
7,"[{""range"": 0.773840703271527, ""doppler"": 0.0, ""angle"": -21.84074578020189, ""elevation"": 0.0}, {""range"": 0.6081567059263702, ""doppler"": 0.0, ""angle"": -0.3369310147860959, ""elevation"": 0.0}, {""range"": 0.6250238687279055, ""doppler"": 0.0, ""angle"": -0.8524065003275706, ""elevation"": 0.0}, {""range"": 0.6315460337245868, ""doppler"": 0.0, ""angle"": -1.265461367752382, ""elevation"": 0.0}, {""range"": 0.6419708131269309, ""doppler"": 0.0, ""angle"": -0.5426179005131396, ""elevation"": 0.0}, {""range"": 2.0586770523765794, ""doppler"": 0.0, ""angle"": 37.433261776942985, ""elevation"": 0.0}, {""range"": 1.8799732905030255, ""doppler"": 0.0, ""angle"": 50.41841112169226, ""elevation"": 0.0}]",1785102687556.17
4,"[{""range"": 0.703656165609778, ""doppler"": 0.0, ""angle"": -7.211702200197296, ""elevation"": 0.0}, {""range"": 0.6217418352356529, ""doppler"": 0.0, ""angle"": -0.24717611764593878, ""elevation"": 0.0}, {""range"": 0.628548173547138, ""doppler"": 0.0, ""angle"": 0.42380173525259174, ""elevation"": 0.0}, {""range"": 0.6512654863687637, ""doppler"": 0.0, ""angle"": 0.5034096005321542, ""elevation"": 0.0}]",1785102687556.385
9,"[{""range"": 0.6511902917559189, ""doppler"": 0.0, ""angle"": -3.7313969991604465, ""elevation"": 0.0}, {""range"": 0.6251765029467389, ""doppler"": 0.0, ""angle"": -0.6719162672519166, ""elevation"": 0.0}, {""range"": 0.6347539549283374, ""doppler"": 0.0, ""angle"": -2.2764176997779235, ""elevation"": 0.0}, {""range"": 0.6943067840584414, ""doppler"": 0.0, ""angle"": -1.1953335405430772, ""elevation"": 0.0}, {""range"": 2.050689473902369, ""doppler"": 0.0, ""angle"": 39.68978989347216, ""elevation"": 0.0}, {""range"": 1.884552367006926, ""doppler"": 0.0, ""angle"": 47.360978690162845, ""elevation"": 0.0}, {""range"": 1.9094524050427937, ""doppler"": 0.0, ""angle"": 51.5170015609297, ""elevation"": 0.0}, {""range"": 2.011111479607765, ""doppler"": 0.0, ""angle"": 44.506486785881286, ""elevation"": 0.0}, {""range"": 1.9520252440692276, ""doppler"": 0.0, ""angle"": 54.95165277917402, ""elevation"": 0.0}]",1785102687556.6
9,"[{""range"": 0.7603440993082703, ""doppler"": 0.0, ""angle"": -37.35498672832928, ""elevation"": 0.0}, {""range"": 0.7053532268717951, ""doppler"": 0.0, ""angle"": -13.84600977851222, ""elevation"": 0.0}, {""range"": 0.6274740199293913, ""doppler"": 0.0, ""angle"": 0.40819898914659486, ""elevation"": 0.0}, {""range"": 0.6399850632718029, ""doppler"": 0.0, ""angle"": -0.32017425607037214, ""elevation"": 0.0}, {""range"": 0.6573909654693586, ""doppler"": 0.0, ""angle"": -2.463151522577411, ""elevation"": 0.0}, {""range"": 1.2897137079904093, ""doppler"": 0.0, ""angle"": -1.2075535950597684, ""elevation"": 0.0}, {""range"": 1.8890747716037073, ""doppler"": 0.0, ""angle"": 50.83537379058331, ""elevation"": 0.0}, {""range"": 1.9136468503428248, ""doppler"": 0.0, ""angle"": 50.95808061638211, ""elevation"": 0.0}, {""range"": 1.9499860815638663, ""doppler"": 0.0, ""angle"": 48.58375022436468, ""elevation"": 0.0}]",1785102687556.8142
6,"[{""range"": 0.7608963433646374, ""doppler"": 0.0, ""angle"": -21.578878448337836, ""elevation"": 0.0}, {""range"": 0.6467252089082826, ""doppler"": 0.0, ""angle"": -2.2342583310601114, ""elevation"": 0.0}, {""range"": 0.6596683304429133, ""doppler"": 0.0, ""angle"": -2.36137465817562, ""elevation"": 0.0}, {""range"": 1.89052877067043, ""doppler"": 0.0, ""angle"": 52.01474637366298, ""elevation"": 0.0}, {""range"": 1.9119488424125188, ""doppler"": 0.0, ""angle"": 53.733486842687704, ""elevation"": 0.0}, {""range"": 1.9335777789292687, ""doppler"": 0.0, ""angle"": 57.23580270221401, ""elevation"": 0.0}]",1785102687557.027
9,"[{""range"": 0.7478730928335985, ""doppler"": 0.0, ""angle"": -56.933059827741076, ""elevation"": 0.0}, {""range"": 0.7174290481083453, ""doppler"": 0.0, ""angle"": -48.05100025301888, ""elevation"": 0.0}, {""range"": 1.203932867125691, ""doppler"": 0.0, ""angle"": -23.82769798794358, ""elevation"": 0.0}, {""range"": 1.235010059239822, ""doppler"": 0.0, ""angle"": -17.361942724192204, ""elevation"": 0.0}, {""range"": 0.6381605523772133, ""doppler"": 0.0, ""angle"": -1.2523427912107867, ""elevation"": 0.0}, {""range"": 0.660351894378658, ""doppler"": 0.0, ""angle"": 1.3033627525508567, ""elevation"": 0.0}, {""range"": 2.0688950241958133, ""doppler"": 0.0, ""angle"": 39.31100924000419, ""elevation"": 0.0}, {""range"": 1.8806939732531656, ""doppler"": 0.0, ""angle"": 47.40823442542063, ""elevation"": 0.0}, {""range"": 1.899683219319733, ""doppler"": 0.0, ""angle"": 49.59642549264506, ""elevation"": 0.0}]",1785102687557.244
5,"[{""range"": 1.203571208125967, ""doppler"": 0.0, ""angle"": -24.124113966651638, ""elevation"": 0.0}, {""range"": 1.2279981422301613, ""doppler"": 0.0, ""angle"": -19.762138835635252, ""elevation"": 0.0}, {""range"": 0.628187094309233, ""doppler"": 0.0, ""angle"": -2.398165391683732, ""elevation"": 0.0}, {""range"": 0.6381807189354696, ""doppler"": 0.0, ""angle"": -1.3325930992559225, ""elevation"": 0.0}, {""range"": 0.6467229346408984, ""doppler"": 0.0, ""angle"": 1.1565331382226487, ""elevation"": 0.0}]",1785102687557.461
6,"[{""range"": 0.7462747224367462, ""doppler"": 0.0, ""angle"": -28.057143241301592, ""elevation"": 0.0}, {""range"": 0.7135982232514129, ""doppler"": 0.0, ""angle"": -22.87056482558331, ""elevation"": 0.0}, {""range"": 1.2340512777270694, ""doppler"": 0.0, ""angle"": -19.185826597880197, ""elevation"": 0.0}, {""range"": 0.6564610474348875, ""doppler"": 0.0, ""angle"": -4.6716201365008425, ""elevation"": 0.0}, {""range"": 0.6266974332036319, ""doppler"": 0.0, ""angle"": -2.649328803190424, ""elevation"": 0.0}, {""range"": 0.6375511214894768, ""doppler"": 0.0, ""angle"": -2.1216911645967516, ""elevation"": 0.0}]",1785102687557.6638
3,"[{""range"": 0.6230572621068172, ""doppler"": 0.0, ""angle"": -2.1217050003761315, ""elevation"": 0.0}, {""range"": 0.6310431147272991, ""doppler"": 0.0, ""angle"": -2.744844819557288, ""elevation"": 0.0}, {""range"": 0.6461438238496214, ""doppler"": 0.0, ""angle"": -0.9514062551045367, ""elevation"": 0.0}]",1785102687557.882
7,"[{""range"": 0.7434945127583293, ""doppler"": 0.0, ""angle"": -26.035063385129874, ""elevation"": 0.0}, {""range"": 0.7026548098875292, ""doppler"": 0.0, ""angle"": -20.980981552905103, ""elevation"": 0.0}, {""range"": 0.6477005526737867, ""doppler"": 0.0, ""angle"": -4.89368897575285, ""elevation"": 0.0}, {""range"": 0.6231784648387739, ""doppler"": 0.0, ""angle"": -1.9732342933140785, ""elevation"": 0.0}, {""range"": 0.630837567147415, ""doppler"": 0.0, ""angle"": -2.3230656173569195, ""elevation"": 0.0}, {""range"": 1.8839058291088986, ""doppler"": 0.0, ""angle"": 48.35516996489762, ""elevation"": 0.0}, {""range"": 1.9046703790946817, ""doppler"": 0.0, ""angle"": 51.66361800010232, ""elevation"": 0.0}]",1785102687558.1
5,"[{""range"": 0.6201170822403737, ""doppler"": 0.0, ""angle"": -1.3383657386706829, ""elevation"": 0.0}, {""range"": 0.6250215922317736, ""doppler"": 0.0, ""angle"": -1.6066155294211326, ""elevation"": 0.0}, {""range"": 0.6423139889142927, ""doppler"": 0.0, ""angle"": 0.3828168836818393, ""elevation"": 0.0}, {""range"": 1.8833479227684535, ""doppler"": 0.0, ""angle"": 50.14985214415339, ""elevation"": 0.0}, {""range"": 1.9047517625683263, ""doppler"": 0.0, ""angle"": 51.34943205217143, ""elevation"": 0.0}]",1785102687558.3071
4,"[{""range"": 0.709699552587931, ""doppler"": 0.0, ""angle"": -12.884249623876883, ""elevation"": 0.0}, {""range"": 0.6172066722611157, ""doppler"": 0.0, ""angle"": -1.1288347966606407, ""elevation"": 0.0}, {""range"": 0.6197707472799582, ""doppler"": 0.0, ""angle"": -1.9510071252091157, ""elevation"": 0.0}, {""range"": 0.6430915307112492, ""doppler"": 0.0, ""angle"": -2.5020091277939702, ""elevation"": 0.0}]",1785102687558.519
5,"[{""range"": 0.7145455157257282, ""doppler"": 0.0, ""angle"": -13.900620062512017, ""elevation"": 0.0}, {""range"": 0.6293564658839159, ""doppler"": 0.0, ""angle"": -4.23639479905884, ""elevation"": 0.0}, {""range"": 0.6567839702466916, ""doppler"": 0.0, ""angle"": -5.5150186737504665, ""elevation"": 0.0}, {""range"": 0.6197909963093192, ""doppler"": 0.0, ""angle"": -2.794715852481961, ""elevation"": 0.0}, {""range"": 1.9119857925670605, ""doppler"": 0.0, ""angle"": 58.706332525597766, ""elevation"": 0.0}]",1785102687558.745
5,"[{""range"": 0.7287024345920196, ""doppler"": 0.0, ""angle"": -31.759480084812793, ""elevation"": 0.0}, {""range"": 0.7530903338395671, ""doppler"": 0.0, ""angle"": -27.55071394434351, ""elevation"": 0.0}, {""range"": 0.6186476830374082, ""doppler"": 0.0, ""angle"": -1.1758974198439818, ""elevation"": 0.0}, {""range"": 0.6251904141322747, ""doppler"": 0.0, ""angle"": -1.5733940329916973, ""elevation"": 0.0}, {""range"": 1.9149561921574276, ""doppler"": 0.0, ""angle"": 57.09343595410166, ""elevation"": 0.0}]",1785102687558.957
5,"[{""range"": 0.7182238135555646, ""doppler"": 0.0, ""angle"": -19.594331886540957, ""elevation"": 0.0}, {""range"": 0.7652872485796399, ""doppler"": 0.0, ""angle"": -24.091622087374432, ""elevation"": 0.0}, {""range"": 0.6213050136840658, ""doppler"": 0.0, ""angle"": -1.0554159851162332, ""elevation"": 0.0}, {""range"": 0.6258808791915627, ""doppler"": 0.0, ""angle"": -2.8002791680379455, ""elevation"": 0.0}, {""range"": 0.6412753346332827, ""doppler"": 0.0, ""angle"": -3.388976687753999, ""elevation"": 0.0}]",1785102687559.165
5,"[{""range"": 0.6795178192381268, ""doppler"": 0.0, ""angle"": -8.230318158962302, ""elevation"": 0.0}, {""range"": 0.6077885627746582, ""doppler"": 0.0, ""angle"": 0.0, ""elevation"": 0.0}, {""range"": 0.6237007985108904, ""doppler"": 0.0, ""angle"": -1.3635365328823759, ""elevation"": 0.0}, {""range"": 0.6306373776828906, ""doppler"": 0.0, ""angle"": -2.2750264221216914, ""elevation"": 0.0}, {""range"": 0.6451504903056043, ""doppler"": 0.0, ""angle"": -3.289060445223972, ""elevation"": 0.0}]",1785102687559.379
5,"[{""range"": 0.6061813736346251, ""doppler"": 0.0, ""angle"": -0.15211233159465268, ""elevation"": 0.0}, {""range"": 0.620917064932069, ""doppler"": 0.0, ""angle"": -0.8910491523891085, ""elevation"": 0.0}, {""range"": 0.6262298343494909, ""doppler"": 0.0, ""angle"": -1.4562200328434722, ""elevation"": 0.0}, {""range"": 0.6381380552658161, ""doppler"": 0.0, ""angle"": -1.7823885156658013, ""elevation"": 0.0}, {""range"": 1.9048369026127054, ""doppler"": 0.0, ""angle"": 50.798389933070425, ""elevation"": 0.0}]",1785102687559.597
5,"[{""range"": 0.6447329756830601, ""doppler"": 0.0, ""angle"": -3.9599459967397443, ""elevation"": 0.0}, {""range"": 0.6808014085867553, ""doppler"": 0.0, ""angle"": -9.509328536731754, ""elevation"": 0.0}, {""range"": 0.6060005289574625, ""doppler"": 0.0, ""angle"": -0.03381279012192659, ""elevation"": 0.0}, {""range"": 0.6204144200704093, ""doppler"": 0.0, ""angle"": -1.0734476547585285, ""elevation"": 0.0}, {""range"": 0.6262984533580682, ""doppler"": 0.0, ""angle"": -1.6851652413668483, ""elevation"": 0.0}]",1785102687559.802
7,"[{""range"": 0.6856557298713452, ""doppler"": 0.0, ""angle"": -12.470461721668892, ""elevation"": 0.0}, {""range"": 0.6065533388769578, ""doppler"": 0.0, ""angle"": 0.4222784647025644, ""elevation"": 0.0}, {""range"": 0.6210344120452481, ""doppler"": 0.0, ""angle"": -0.37943670141897917, ""elevation"": 0.0}, {""range"": 0.6261599567469489, ""doppler"": 0.0, ""angle"": -1.1781532949282978, ""elevation"": 0.0}, {""range"": 0.641151693162258, ""doppler"": 0.0, ""angle"": -2.173733482265546, ""elevation"": 0.0}, {""range"": 1.8879126155373738, ""doppler"": 0.0, ""angle"": 56.07814373548278, ""elevation"": 0.0}, {""range"": 1.911117086843284, ""doppler"": 0.0, ""angle"": 59.9372775398068, ""elevation"": 0.0}]",1785102687560.0159
5,"[{""range"": 0.6235365986717283, ""doppler"": 0.0, ""angle"": 0.36148277164049103, ""elevation"": 0.0}, {""range"": 0.6290690474627418, ""doppler"": 0.0, ""angle"": 0.1302914855063855, ""elevation"": 0.0}, {""range"": 0.6420656629072107, ""doppler"": 0.0, ""angle"": 2.218543126592708, ""elevation"": 0.0}, {""range"": 1.8828848571439998, ""doppler"": 0.0, ""angle"": 51.032568636800114, ""elevation"": 0.0}, {""range"": 1.9143849288350123, ""doppler"": 0.0, ""angle"": 56.18525078488987, ""elevation"": 0.0}]",1785102687560.2297
5,"[{""range"": 1.2336088089258601, ""doppler"": 0.0, ""angle"": -23.22040085881211, ""elevation"": 0.0}, {""range"": 0.6886871214951439, ""doppler"": 0.0, ""angle"": -9.731348947661445, ""elevation"": 0.0}, {""range"": 0.6265739258872405, ""doppler"": 0.0, ""angle"": 1.9625369620649533, ""elevation"": 0.0}, {""range"": 0.637624539696641, ""doppler"": 0.0, ""angle"": 1.8481283157012978, ""elevation"": 0.0}, {""range"": 0.6526449440030372, ""doppler"": 0.0, ""angle"": -1.2402465311808772, ""elevation"": 0.0}]",1785102687560.451
9,"[{""range"": 0.7521030777816232, ""doppler"": 0.0, ""angle"": -26.747812214367745, ""elevation"": 0.0}, {""range"": 1.2060413309217801, ""doppler"": 0.0, ""angle"": -24.323030324689416, ""elevation"": 0.0}, {""range"": 1.2304480336359351, ""doppler"": 0.0, ""angle"": -17.629205981285068, ""elevation"": 0.0}, {""range"": 0.6825573345634192, ""doppler"": 0.0, ""angle"": -7.890230350204671, ""elevation"": 0.0}, {""range"": 0.6074578853632967, ""doppler"": 0.0, ""angle"": 0.5397146643308115, ""elevation"": 0.0}, {""range"": 0.6235324963267035, ""doppler"": 0.0, ""angle"": 0.2957599285833437, ""elevation"": 0.0}, {""range"": 0.6314042571473885, ""doppler"": 0.0, ""angle"": 0.35697843073228097, ""elevation"": 0.0}, {""range"": 0.6460556355725483, ""doppler"": 0.0, ""angle"": 0.09514928343638049, ""elevation"": 0.0}, {""range"": 1.8880691774969565, ""doppler"": 0.0, ""angle"": 45.45276997386799, ""elevation"": 0.0}]",1785102687560.664
4,"[{""range"": 0.6983956094131979, ""doppler"": 0.0, ""angle"": -10.996340829229053, ""elevation"": 0.0}, {""range"": 0.6483539038065012, ""doppler"": 0.0, ""angle"": -4.635037742975719, ""elevation"": 0.0}, {""range"": 0.6219851152946347, ""doppler"": 0.0, ""angle"": -2.1253639662324297, ""elevation"": 0.0}, {""range"": 0.6285686230680171, ""doppler"": 0.0, ""angle"": -2.80461458277296, ""elevation"": 0.0}]",1785102687560.8818
7,"[{""range"": 0.7686235796245886, ""doppler"": 0.0, ""angle"": -20.50924260010188, ""elevation"": 0.0}, {""range"": 0.7047415360404552, ""doppler"": 0.0, ""angle"": -16.23694447229635, ""elevation"": 0.0}, {""range"": 0.6425329091611431, ""doppler"": 0.0, ""angle"": -3.6539156278530447, ""elevation"": 0.0}, {""range"": 0.6219570464091911, ""doppler"": 0.0, ""angle"": -2.471664761633412, ""elevation"": 0.0}, {""range"": 0.6256928760645616, ""doppler"": 0.0, ""angle"": -3.3914604985107353, ""elevation"": 0.0}, {""range"": 1.8849464426715723, ""doppler"": 0.0, ""angle"": 58.85540618688679, ""elevation"": 0.0}, {""range"": 1.8997351436333354, ""doppler"": 0.0, ""angle"": 64.37319098108092, ""elevation"": 0.0}]",1785102687561.093
8,"[{""range"": 0.7605224023230966, ""doppler"": 0.0, ""angle"": -28.294368988693286, ""elevation"": 0.0}, {""range"": 0.6910925382551909, ""doppler"": 0.0, ""angle"": -14.36703437776836, ""elevation"": 0.0}, {""range"": 0.646948369581155, ""doppler"": 0.0, ""angle"": -4.041613413328326, ""elevation"": 0.0}, {""range"": 0.607131478032491, ""doppler"": 0.0, ""angle"": -0.7931456914451412, ""elevation"": 0.0}, {""range"": 0.6227908873182014, ""doppler"": 0.0, ""angle"": -1.8921629154407928, ""elevation"": 0.0}, {""range"": 0.6294451904731763, ""doppler"": 0.0, ""angle"": -2.409660291427989, ""elevation"": 0.0}, {""range"": 1.882811597037684, ""doppler"": 0.0, ""angle"": 53.764592020620114, ""elevation"": 0.0}, {""range"": 1.9000216696297012, ""doppler"": 0.0, ""angle"": 57.58422507038923, ""elevation"": 0.0}]",1785102687561.316
7,"[{""range"": 0.6918333534333572, ""doppler"": 0.0, ""angle"": -11.071782288318204, ""elevation"": 0.0}, {""range"": 0.648650227123141, ""doppler"": 0.0, ""angle"": -4.363574640623443, ""elevation"": 0.0}, {""range"": 0.6061818747336479, ""doppler"": 0.0, ""angle"": -0.16901360862850212, ""elevation"": 0.0}, {""range"": 0.6217893264134408, ""doppler"": 0.0, ""angle"": -1.5655191115866098, ""elevation"": 0.0}, {""range"": 0.6297176870187132, ""doppler"": 0.0, ""angle"": -2.604039735624268, ""elevation"": 0.0}, {""range"": 1.880610503046888, ""doppler"": 0.0, ""angle"": 53.70867384702015, ""elevation"": 0.0}, {""range"": 1.8982462799196278, ""doppler"": 0.0, ""angle"": 59.04735088869455, ""elevation"": 0.0}]",1785102687561.539
7,"[{""range"": 0.6835428750270012, ""doppler"": 0.0, ""angle"": -12.080101283405279, ""elevation"": 0.0}, {""range"": 0.6067201323729449, ""doppler"": 0.0, ""angle"": 0.21952298525964845, ""elevation"": 0.0}, {""range"": 0.6216658983817241, ""doppler"": 0.0, ""angle"": -1.0712864405273388, ""elevation"": 0.0}, {""range"": 0.6273656497329662, ""doppler"": 0.0, ""angle"": -1.6659602076108604, ""elevation"": 0.0}, {""range"": 0.6410080506262937, ""doppler"": 0.0, ""angle"": -2.958184109404797, ""elevation"": 0.0}, {""range"": 1.880175333658499, ""doppler"": 0.0, ""angle"": 50.71979469192539, ""elevation"": 0.0}, {""range"": 1.897910747666952, ""doppler"": 0.0, ""angle"": 55.60324150715084, ""elevation"": 0.0}]",1785102687561.7668
7,"[{""range"": 0.7015647527313469, ""doppler"": 0.0, ""angle"": -50.170121722113805, ""elevation"": 0.0}, {""range"": 0.6065950876729803, ""doppler"": 0.0, ""angle"": 0.7938470866997491, ""elevation"": 0.0}, {""range"": 0.6215708420952069, ""doppler"": 0.0, ""angle"": -0.3791092339661218, ""elevation"": 0.0}, {""range"": 0.6265444805578301, ""doppler"": 0.0, ""angle"": -1.2919210533620504, ""elevation"": 0.0}, {""range"": 0.6379085043235703, ""doppler"": 0.0, ""angle"": -2.1205019619398517, ""elevation"": 0.0}, {""range"": 1.8848632286389086, ""doppler"": 0.0, ""angle"": 53.96503364134245, ""elevation"": 0.0}, {""range"": 1.902892991855276, ""doppler"": 0.0, ""angle"": 57.268655687269444, ""elevation"": 0.0}]",1785102687561.9731
10,"[{""range"": 0.7498324130362481, ""doppler"": 0.0, ""angle"": -20.098673827213606, ""elevation"": 0.0}, {""range"": 1.2062046993178228, ""doppler"": 0.0, ""angle"": -25.15184688217506, ""elevation"": 0.0}, {""range"": 1.238589034666597, ""doppler"": 0.0, ""angle"": -14.369273065915483, ""elevation"": 0.0}, {""range"": 0.6474680955583313, ""doppler"": 0.0, ""angle"": -5.372071901540798, ""elevation"": 0.0}, {""range"": 0.6222827680331137, ""doppler"": 0.0, ""angle"": 0.3292824638466701, ""elevation"": 0.0}, {""range"": 0.6283981900600855, ""doppler"": 0.0, ""angle"": -1.5327408069190716, ""elevation"": 0.0}, {""range"": 2.0224681092436856, ""doppler"": 0.0, ""angle"": 12.39089414351931, ""elevation"": 0.0}, {""range"": 2.0515754013020913, ""doppler"": 0.0, ""angle"": 21.430472162653096, ""elevation"": 0.0}, {""range"": 1.8823287290591952, ""doppler"": 0.0, ""angle"": 50.79446129569165, ""elevation"": 0.0}, {""range"": 1.9026452818404742, ""doppler"": 0.0, ""angle"": 55.82455117217062, ""elevation"": 0.0}]",1785102687562.187
7,"[{""range"": 0.7510651846423337, ""doppler"": 0.0, ""angle"": -26.345434699128585, ""elevation"": 0.0}, {""range"": 0.705128666289447, ""doppler"": 0.0, ""angle"": -18.526842536450847, ""elevation"": 0.0}, {""range"": 1.2367608599560644, ""doppler"": 0.0, ""angle"": -17.701435251938214, ""elevation"": 0.0}, {""range"": 0.6603695675440776, ""doppler"": 0.0, ""angle"": -9.99539759381979, ""elevation"": 0.0}, {""range"": 0.6223939754436845, ""doppler"": 0.0, ""angle"": 2.6347029682867977, ""elevation"": 0.0}, {""range"": 0.6354830874515442, ""doppler"": 0.0, ""angle"": -2.677232764450734, ""elevation"": 0.0}, {""range"": 1.8790935544352976, ""doppler"": 0.0, ""angle"": 57.08721759182004, ""elevation"": 0.0}]",1785102687562.393
4,"[{""range"": 1.20461373591617, ""doppler"": 0.0, ""angle"": -18.728108728448294, ""elevation"": 0.0}, {""range"": 0.7431054898942474, ""doppler"": 0.0, ""angle"": -13.257098326201662, ""elevation"": 0.0}, {""range"": 0.6317166297676617, ""doppler"": 0.0, ""angle"": -6.370638689113893, ""elevation"": 0.0}, {""range"": 1.2386985895284146, ""doppler"": 0.0, ""angle"": -9.614613832804574, ""elevation"": 0.0}]",1785102687562.5898
4,"[{""range"": 0.6246422223837428, ""doppler"": 0.0, ""angle"": -0.6888940102760108, ""elevation"": 0.0}, {""range"": 0.6307214609415206, ""doppler"": 0.0, ""angle"": -0.6822537574854084, ""elevation"": 0.0}, {""range"": 0.6486236325823841, ""doppler"": 0.0, ""angle"": -2.0696502888503296, ""elevation"": 0.0}, {""range"": 1.9091789676095468, ""doppler"": 0.0, ""angle"": 58.20792846277911, ""elevation"": 0.0}]",1785102687562.785
5,"[{""range"": 0.704612399979111, ""doppler"": 0.0, ""angle"": -11.743378240855636, ""elevation"": 0.0}, {""range"": 0.7401890012435922, ""doppler"": 0.0, ""angle"": -15.597461646208608, ""elevation"": 0.0}, {""range"": 0.6273105019153262, ""doppler"": 0.0, ""angle"": 0.5716321968040833, ""elevation"": 0.0}, {""range"": 0.6316351341420151, ""doppler"": 0.0, ""angle"": 1.5897891043536156, ""elevation"": 0.0}, {""range"": 0.6477051683837718, ""doppler"": 0.0, ""angle"": 2.7691964852507343, ""elevation"": 0.0}]",1785102687562.9812
5,"[{""range"": 0.7578574386004124, ""doppler"": 0.0, ""angle"": -45.92728272471582, ""elevation"": 0.0}, {""range"": 0.6824658869265928, ""doppler"": 0.0, ""angle"": -10.141033432882471, ""elevation"": 0.0}, {""range"": 0.6309002622025462, ""doppler"": 0.0, ""angle"": 0.682060393172652, ""elevation"": 0.0}, {""range"": 0.6364015053693663, ""doppler"": 0.0, ""angle"": 1.3685258780069742, ""elevation"": 0.0}, {""range"": 0.6462335091766609, ""doppler"": 0.0, ""angle"": 1.3477008160231436, ""elevation"": 0.0}]",1785102687563.179
5,"[{""range"": 0.7078241797450743, ""doppler"": 0.0, ""angle"": -19.034571184008254, ""elevation"": 0.0}, {""range"": 0.7403700420404049, ""doppler"": 0.0, ""angle"": -24.621468170837158, ""elevation"": 0.0}, {""range"": 0.6330409785152843, ""doppler"": 0.0, ""angle"": 2.444561030571624, ""elevation"": 0.0}, {""range"": 0.643030670718564, ""doppler"": 0.0, ""angle"": 2.3746680757327274, ""elevation"": 0.0}, {""range"": 0.6558910710972462, ""doppler"": 0.0, ""angle"": -0.12496333405410892, ""elevation"": 0.0}]",1785102687563.373
3,"[{""range"": 0.6362646299923458, ""doppler"": 0.0, ""angle"": 14.169026033254001, ""elevation"": 0.0}, {""range"": 0.6468192626363196, ""doppler"": 0.0, ""angle"": 13.248682611467721, ""elevation"": 0.0}, {""range"": 0.6564750506246201, ""doppler"": 0.0, ""angle"": 13.884837915574808, ""elevation"": 0.0}]",1785102687563.576
4,"[{""range"": 0.6977066752053359, ""doppler"": 0.0, ""angle"": -8.40006959645557, ""elevation"": 0.0}, {""range"": 0.6338147618533909, ""doppler"": 0.0, ""angle"": 4.822706715925051, ""elevation"": 0.0}, {""range"": 0.642386190820156, ""doppler"": 0.0, ""angle"": 5.655049384597951, ""elevation"": 0.0}, {""range"": 0.6532972657891858, ""doppler"": 0.0, ""angle"": 4.741501667012886, ""elevation"": 0.0}]",1785102687563.789
3,"[{""range"": 0.6302986243142508, ""doppler"": 0.0, ""angle"": 1.2842249043198355, ""elevation"": 0.0}, {""range"": 0.6362123392428085, ""doppler"": 0.0, ""angle"": 1.9005686349350763, ""elevation"": 0.0}, {""range"": 0.6478296567317777, ""doppler"": 0.0, ""angle"": 4.242236121488375, ""elevation"": 0.0}]",1785102687563.981
4,"[{""range"": 0.6891348212678632, ""doppler"": 0.0, ""angle"": -7.379490475335456, ""elevation"": 0.0}, {""range"": 0.6287134547989488, ""doppler"": 0.0, ""angle"": 0.19554797627085738, ""elevation"": 0.0}, {""range"": 0.6366351153885044, ""doppler"": 0.0, ""angle"": 1.561201206002544, ""elevation"": 0.0}, {""range"": 0.6531890924820188, ""doppler"": 0.0, ""angle"": 1.270590730328822, ""elevation"": 0.0}]",1785102687564.1978
6,"[{""range"": 0.7139856117945726, ""doppler"": 0.0, ""angle"": -37.94042711722783, ""elevation"": 0.0}, {""range"": 0.7449897973260803, ""doppler"": 0.0, ""angle"": -37.2357099031106, ""elevation"": 0.0}, {""range"": 0.6273180455259507, ""doppler"": 0.0, ""angle"": 0.6369564842543812, ""elevation"": 0.0}, {""range"": 0.6315365154368889, ""doppler"": 0.0, ""angle"": 1.8334880855218507, ""elevation"": 0.0}, {""range"": 0.6421453617467375, ""doppler"": 0.0, ""angle"": 4.71196778292231, ""elevation"": 0.0}, {""range"": 1.911065923523473, ""doppler"": 0.0, ""angle"": 60.87353798948427, ""elevation"": 0.0}]",1785102687564.399
4,"[{""range"": 0.6258570466175504, ""doppler"": 0.0, ""angle"": -0.2946614111115295, ""elevation"": 0.0}, {""range"": 0.6283164930178003, ""doppler"": 0.0, ""angle"": 1.2230375088890466, ""elevation"": 0.0}, {""range"": 0.6397186146759972, ""doppler"": 0.0, ""angle"": 5.839673359141578, ""elevation"": 0.0}, {""range"": 1.9094402060261637, ""doppler"": 0.0, ""angle"": 60.48938247050508, ""elevation"": 0.0}]",1785102687564.594
6,"[{""range"": 0.677301510494082, ""doppler"": 0.0, ""angle"": -5.225927408966777, ""elevation"": 0.0}, {""range"": 0.627463828373482, ""doppler"": 0.0, ""angle"": -0.24492204555522545, ""elevation"": 0.0}, {""range"": 0.6337299285644906, ""doppler"": 0.0, ""angle"": 0.3718353352630655, ""elevation"": 0.0}, {""range"": 0.6454714430499164, ""doppler"": 0.0, ""angle"": 1.7780119971379245, ""elevation"": 0.0}, {""range"": 1.8847212363721704, ""doppler"": 0.0, ""angle"": 51.60676474230867, ""elevation"": 0.0}, {""range"": 1.900686058546509, ""doppler"": 0.0, ""angle"": 53.63140741803562, ""elevation"": 0.0}]",1785102687564.812
7,"[{""range"": 0.7621749245486361, ""doppler"": 0.0, ""angle"": -34.871986547513316, ""elevation"": 0.0}, {""range"": 0.68274749892033, ""doppler"": 0.0, ""angle"": -4.943091530258479, ""elevation"": 0.0}, {""range"": 0.628359518227953, ""doppler"": 0.0, ""angle"": -0.27718288361863047, ""elevation"": 0.0}, {""range"": 0.636041189533691, ""doppler"": 0.0, ""angle"": -0.016107893731678535, ""elevation"": 0.0}, {""range"": 0.6490957884737886, ""doppler"": 0.0, ""angle"": 0.11048759213460979, ""elevation"": 0.0}, {""range"": 1.8839812105620812, ""doppler"": 0.0, ""angle"": 56.22697823396211, ""elevation"": 0.0}, {""range"": 1.9002619479002336, ""doppler"": 0.0, ""angle"": 60.98205279430467, ""elevation"": 0.0}]",1785102687565.016
7,"[{""range"": 0.7417826611282612, ""doppler"": 0.0, ""angle"": -17.377918818080943, ""elevation"": 0.0}, {""range"": 0.6917349505621684, ""doppler"": 0.0, ""angle"": -10.636032257181416, ""elevation"": 0.0}, {""range"": 0.6283558290143526, ""doppler"": 0.0, ""angle"": -0.19565927192051444, ""elevation"": 0.0}, {""range"": 0.6372992839553879, ""doppler"": 0.0, ""angle"": -0.25721838205049274, ""elevation"": 0.0}, {""range"": 0.65297660949294, ""doppler"": 0.0, ""angle"": -1.129762111651445, ""elevation"": 0.0}, {""range"": 1.8863403909667114, ""doppler"": 0.0, ""angle"": 61.8802287852357, ""elevation"": 0.0}, {""range"": 1.9075195088808574, ""doppler"": 0.0, ""angle"": 65.69339800478954, ""elevation"": 0.0}]",1785102687565.212
6,"[{""range"": 0.7145143928719715, ""doppler"": 0.0, ""angle"": -18.425880165271707, ""elevation"": 0.0}, {""range"": 0.7494796799657322, ""doppler"": 0.0, ""angle"": -25.311714861498466, ""elevation"": 0.0}, {""range"": 0.628376615541981, ""doppler"": 0.0, ""angle"": -0.5054419721655211, ""elevation"": 0.0}, {""range"": 0.6389022874391671, ""doppler"": 0.0, ""angle"": -0.03207152170670683, ""elevation"": 0.0}, {""range"": 0.6544924408936259, ""doppler"": 0.0, ""angle"": -0.5791998985222001, ""elevation"": 0.0}, {""range"": 1.9135964564418537, ""doppler"": 0.0, ""angle"": 61.581394378724106, ""elevation"": 0.0}]",1785102687565.4058
6,"[{""range"": 0.7404408438790273, ""doppler"": 0.0, ""angle"": -19.555163500113622, ""elevation"": 0.0}, {""range"": 0.7103494665952341, ""doppler"": 0.0, ""angle"": -12.724355685422369, ""elevation"": 0.0}, {""range"": 0.6250349185688598, ""doppler"": 0.0, ""angle"": -0.9179654116256744, ""elevation"": 0.0}, {""range"": 0.6385454608085123, ""doppler"": 0.0, ""angle"": 0.09626837120643802, ""elevation"": 0.0}, {""range"": 0.6608197106686386, ""doppler"": 0.0, ""angle"": -1.0078055694971115, ""elevation"": 0.0}, {""range"": 1.9156596833106132, ""doppler"": 0.0, ""angle"": 54.72406418505911, ""elevation"": 0.0}]",1785102687565.609
6,"[{""range"": 0.7486119412189526, ""doppler"": 0.0, ""angle"": -18.378687406329227, ""elevation"": 0.0}, {""range"": 0.7216024079021167, ""doppler"": 0.0, ""angle"": -11.173494320283163, ""elevation"": 0.0}, {""range"": 0.6233556339516202, ""doppler"": 0.0, ""angle"": -0.32871572506512076, ""elevation"": 0.0}, {""range"": 0.6318138792658972, ""doppler"": 0.0, ""angle"": 1.5893392250808203, ""elevation"": 0.0}, {""range"": 0.653745798101474, ""doppler"": 0.0, ""angle"": 5.997521864858497, ""elevation"": 0.0}, {""range"": 1.9152529703926922, ""doppler"": 0.0, ""angle"": 54.630220536489404, ""elevation"": 0.0}]",1785102687565.811
5,"[{""range"": 0.7523025877386814, ""doppler"": 0.0, ""angle"": -19.494425236184064, ""elevation"": 0.0}, {""range"": 0.6190539439381426, ""doppler"": 0.0, ""angle"": 0.03309981117224396, ""elevation"": 0.0}, {""range"": 0.6250686807614707, ""doppler"": 0.0, ""angle"": 2.951622867816533, ""elevation"": 0.0}, {""range"": 0.6576850402192841, ""doppler"": 0.0, ""angle"": 13.393941008732355, ""elevation"": 0.0}, {""range"": 1.9180110561456054, ""doppler"": 0.0, ""angle"": 54.930524143148126, ""elevation"": 0.0}]",1785102687566.025
4,"[{""range"": 0.7429108052321471, ""doppler"": 0.0, ""angle"": -43.67367482028133, ""elevation"": 0.0}, {""range"": 0.7636340083891914, ""doppler"": 0.0, ""angle"": -30.648530533360912, ""elevation"": 0.0}, {""range"": 0.6349552888274291, ""doppler"": 0.0, ""angle"": 3.018723923939655, ""elevation"": 0.0}, {""range"": 0.6539506970720258, ""doppler"": 0.0, ""angle"": 17.70169800791263, ""elevation"": 0.0}]",1785102687566.232
5,"[{""range"": 0.7586706681530024, ""doppler"": 0.0, ""angle"": -57.14144202263351, ""elevation"": 0.0}, {""range"": 0.6905282963225887, ""doppler"": 0.0, ""angle"": -10.745431632606183, ""elevation"": 0.0}, {""range"": 0.6287163027794158, ""doppler"": 0.0, ""angle"": 0.2607298476478582, ""elevation"": 0.0}, {""range"": 0.6437313805012327, ""doppler"": 0.0, ""angle"": -0.11140831975789246, ""elevation"": 0.0}, {""range"": 0.6581890500550525, ""doppler"": 0.0, ""angle"": -1.821513351601109, ""elevation"": 0.0}]",1785102687566.432
3,"[{""range"": 0.6246495166852267, ""doppler"": 0.0, ""angle"": 5.535966156413618, ""elevation"": 0.0}, {""range"": 0.642355529023577, ""doppler"": 0.0, ""angle"": 8.484234980242618, ""elevation"": 0.0}, {""range"": 0.6588154261464966, ""doppler"": 0.0, ""angle"": 14.122992327240706, ""elevation"": 0.0}]",1785102687566.626
7,"[{""range"": 0.7485715349431115, ""doppler"": 0.0, ""angle"": -29.571726376546536, ""elevation"": 0.0}, {""range"": 0.7504492756624097, ""doppler"": 0.0, ""angle"": -27.071810095936083, ""elevation"": 0.0}, {""range"": 0.64544102689662, ""doppler"": 0.0, ""angle"": 18.946952848476506, ""elevation"": 0.0}, {""range"": 0.6581131160869939, ""doppler"": 0.0, ""angle"": 24.085780298351537, ""elevation"": 0.0}, {""range"": 2.6682778012078945, ""doppler"": 0.0, ""angle"": 41.17436660635201, ""elevation"": 0.0}, {""range"": 1.915933305629673, ""doppler"": 0.0, ""angle"": 49.876057634392474, ""elevation"": 0.0}, {""range"": 2.6892139753842716, ""doppler"": 0.0, ""angle"": 43.572078077387545, ""elevation"": 0.0}]",1785102687566.8328
6,"[{""range"": 0.7362989175705821, ""doppler"": 0.0, ""angle"": -43.39601920604862, ""elevation"": 0.0}, {""range"": 0.7754222707863607, ""doppler"": 0.0, ""angle"": -31.81351098978684, ""elevation"": 0.0}, {""range"": 0.608420685109343, ""doppler"": 0.0, ""angle"": 3.268566583864749, ""elevation"": 0.0}, {""range"": 0.6688460816803448, ""doppler"": 0.0, ""angle"": 3.0957116286974755, ""elevation"": 0.0}, {""range"": 0.6391282546441852, ""doppler"": 0.0, ""angle"": 9.810187990005616, ""elevation"": 0.0}, {""range"": 1.9153427519619022, ""doppler"": 0.0, ""angle"": 51.18481034352796, ""elevation"": 0.0}]",1785102687615.8691
7,"[{""range"": 0.7563527799571497, ""doppler"": 0.0, ""angle"": -51.864836585167815, ""elevation"": 0.0}, {""range"": 0.625158090607548, ""doppler"": 0.0, ""angle"": 0.5080442261261626, ""elevation"": 0.0}, {""range"": 0.637850383084579, ""doppler"": 0.0, ""angle"": 0.4658090827649937, ""elevation"": 0.0}, {""range"": 0.6500122877359524, ""doppler"": 0.0, ""angle"": -0.4886179109841152, ""elevation"": 0.0}, {""range"": 0.6787841246248116, ""doppler"": 0.0, ""angle"": -2.6423133320416365, ""elevation"": 0.0}, {""range"": 1.8880351632732912, ""doppler"": 0.0, ""angle"": 59.08928906864021, ""elevation"": 0.0}, {""range"": 1.9076281255225198, ""doppler"": 0.0, ""angle"": 67.59620264808727, ""elevation"": 0.0}]",1785102687715.373
8,"[{""range"": 0.7690699383810151, ""doppler"": 0.0, ""angle"": -34.676617752378114, ""elevation"": 0.0}, {""range"": 1.239241883899295, ""doppler"": 0.0, ""angle"": -14.387144148735498, ""elevation"": 0.0}, {""range"": 1.2763193010076406, ""doppler"": 0.0, ""angle"": -9.092813366856925, ""elevation"": 0.0}, {""range"": 0.6058254095451499, ""doppler"": 0.0, ""angle"": 0.20293579664792177, ""elevation"": 0.0}, {""range"": 0.6246001697144604, ""doppler"": 0.0, ""angle"": 0.18043272007164016, ""elevation"": 0.0}, {""range"": 0.6349387715271169, ""doppler"": 0.0, ""angle"": 1.2425586929376473, ""elevation"": 0.0}, {""range"": 0.650499951491234, ""doppler"": 0.0, ""angle"": 3.7669298966209595, ""elevation"": 0.0}, {""range"": 0.6790821424110208, ""doppler"": 0.0, ""angle"": 5.985315332624611, ""elevation"": 0.0}]",1785102687820.216
7,"[{""range"": 0.7752481370685897, ""doppler"": 0.0, ""angle"": -30.80057279114653, ""elevation"": 0.0}, {""range"": 0.794982962085079, ""doppler"": 0.0, ""angle"": -29.038331512319814, ""elevation"": 0.0}, {""range"": 0.6165517161299808, ""doppler"": 0.0, ""angle"": -0.11631957818475415, ""elevation"": 0.0}, {""range"": 0.6402498777971304, ""doppler"": 0.0, ""angle"": 0.9921740907472427, ""elevation"": 0.0}, {""range"": 0.6601958658057218, ""doppler"": 0.0, ""angle"": 1.924662370766238, ""elevation"": 0.0}, {""range"": 0.6861952752868253, ""doppler"": 0.0, ""angle"": 2.060862436743271, ""elevation"": 0.0}, {""range"": 1.91417872082772, ""doppler"": 0.0, ""angle"": 48.544699598673965, ""elevation"": 0.0}]",1785102687916.7622
8,"[{""range"": 0.7624034213921747, ""doppler"": 0.0, ""angle"": -47.27162082804285, ""elevation"": 0.0}, {""range"": 1.2870748757494819, ""doppler"": 0.0, ""angle"": -44.088118238270695, ""elevation"": 0.0}, {""range"": 1.324422134388593, ""doppler"": 0.0, ""angle"": -43.4846499626963, ""elevation"": 0.0}, {""range"": 0.7296217032257444, ""doppler"": 0.0, ""angle"": -37.80232175958202, ""elevation"": 0.0}, {""range"": 0.6414529387053128, ""doppler"": 0.0, ""angle"": -6.804079341012284, ""elevation"": 0.0}, {""range"": 0.6585007344969169, ""doppler"": 0.0, ""angle"": -6.063568696520834, ""elevation"": 0.0}, {""range"": 1.9081203428762028, ""doppler"": 0.0, ""angle"": 47.47240155884031, ""elevation"": 0.0}, {""range"": 2.057050879228976, ""doppler"": 0.0, ""angle"": 43.591140397134005, ""elevation"": 0.0}]",1785102688016.103
7,"[{""range"": 0.77478105111435, ""doppler"": 0.0, ""angle"": -24.00948133135992, ""elevation"": 0.0}, {""range"": 1.2323266087591807, ""doppler"": 0.0, ""angle"": -16.583778475594805, ""elevation"": 0.0}, {""range"": 0.5992184072382016, ""doppler"": 0.0, ""angle"": 0.3761531004679151, ""elevation"": 0.0}, {""range"": 0.6145855993351849, ""doppler"": 0.0, ""angle"": -0.15003224818543767, ""elevation"": 0.0}, {""range"": 0.6282421651785922, ""doppler"": 0.0, ""angle"": 0.8480395574086883, ""elevation"": 0.0}, {""range"": 0.6498023826174661, ""doppler"": 0.0, ""angle"": 4.450703367757423, ""elevation"": 0.0}, {""range"": 1.9172417864024476, ""doppler"": 0.0, ""angle"": 54.390263022483566, ""elevation"": 0.0}]",1785102688116.245
7,"[{""range"": 0.7961914868835115, ""doppler"": 0.0, ""angle"": -34.82862262079914, ""elevation"": 0.0}, {""range"": 0.7821162253918742, ""doppler"": 0.0, ""angle"": -30.440306537683796, ""elevation"": 0.0}, {""range"": 0.7208466987213674, ""doppler"": 0.0, ""angle"": -13.308881251995395, ""elevation"": 0.0}, {""range"": 0.6201528136167277, ""doppler"": 0.0, ""angle"": -4.796568719051752, ""elevation"": 0.0}, {""range"": 0.6381101958282287, ""doppler"": 0.0, ""angle"": -5.354326395673534, ""elevation"": 0.0}, {""range"": 0.6675256373478098, ""doppler"": 0.0, ""angle"": -7.155475610152052, ""elevation"": 0.0}, {""range"": 2.0605607409478433, ""doppler"": 0.0, ""angle"": 42.25663161466165, ""elevation"": 0.0}]",1785102688220.0288
6,"[{""range"": 0.7776120277483805, ""doppler"": 0.0, ""angle"": -30.05538019992372, ""elevation"": 0.0}, {""range"": 1.2759561197779083, ""doppler"": 0.0, ""angle"": -8.729679539160848, ""elevation"": 0.0}, {""range"": 0.6156657501718013, ""doppler"": 0.0, ""angle"": 0.3161802963382398, ""elevation"": 0.0}, {""range"": 0.6705672500840792, ""doppler"": 0.0, ""angle"": 1.910170436452283, ""elevation"": 0.0}, {""range"": 0.6956775361388562, ""doppler"": 0.0, ""angle"": -3.0499412832104755, ""elevation"": 0.0}, {""range"": 0.6470899769912632, ""doppler"": 0.0, ""angle"": 4.215342000185219, ""elevation"": 0.0}]",1785102688316.494
6,"[{""range"": 0.5968187960803556, ""doppler"": 0.0, ""angle"": -1.1330621755228618, ""elevation"": 0.0}, {""range"": 0.6102748778205572, ""doppler"": 0.0, ""angle"": -1.9141860319801245, ""elevation"": 0.0}, {""range"": 0.6246443978860816, ""doppler"": 0.0, ""angle"": -0.7052946109856922, ""elevation"": 0.0}, {""range"": 0.6552820033798559, ""doppler"": 0.0, ""angle"": 8.536950387505403, ""elevation"": 0.0}, {""range"": 0.6920748179342742, ""doppler"": 0.0, ""angle"": 7.751164769288482, ""elevation"": 0.0}, {""range"": 1.9055190522228151, ""doppler"": 0.0, ""angle"": 55.27050158181101, ""elevation"": 0.0}]",1785102688415.879
4,"[{""range"": 0.7062976116734144, ""doppler"": 0.0, ""angle"": -4.632337335788857, ""elevation"": 0.0}, {""range"": 0.6541022516581528, ""doppler"": 0.0, ""angle"": 16.354183486000068, ""elevation"": 0.0}, {""range"": 0.6586003404121471, ""doppler"": 0.0, ""angle"": 14.979516040822093, ""elevation"": 0.0}, {""range"": 1.910246856226522, ""doppler"": 0.0, ""angle"": 58.044645837934205, ""elevation"": 0.0}]",1785102688515.875
5,"[{""range"": 0.7610563885159378, ""doppler"": 0.0, ""angle"": -24.07183714949096, ""elevation"": 0.0}, {""range"": 0.6890343392439914, ""doppler"": 0.0, ""angle"": -10.965835329310911, ""elevation"": 0.0}, {""range"": 0.7115379209525344, ""doppler"": 0.0, ""angle"": -11.45112435064677, ""elevation"": 0.0}, {""range"": 0.5946477482722611, ""doppler"": 0.0, ""angle"": 3.5860069067110185, ""elevation"": 0.0}, {""range"": 0.6252946358889371, ""doppler"": 0.0, ""angle"": 19.269168651934738, ""elevation"": 0.0}]",1785102688619.8652
9,"[{""range"": 0.7726413538661083, ""doppler"": 0.0, ""angle"": -23.384892115190397, ""elevation"": 0.0}, {""range"": 0.8246909507122322, ""doppler"": 0.0, ""angle"": -19.84937203432417, ""elevation"": 0.0}, {""range"": 1.2724047889360697, ""doppler"": 0.0, ""angle"": -13.333191165666952, ""elevation"": 0.0}, {""range"": 0.651229964563136, ""doppler"": 0.0, ""angle"": -6.147347587190424, ""elevation"": 0.0}, {""range"": 0.6730610882598075, ""doppler"": 0.0, ""angle"": -7.710321137048393, ""elevation"": 0.0}, {""range"": 0.6911762523909764, ""doppler"": 0.0, ""angle"": -5.105856311221035, ""elevation"": 0.0}, {""range"": 0.6093589025606203, ""doppler"": 0.0, ""angle"": 1.227458765287143, ""elevation"": 0.0}, {""range"": 1.8891667112360035, ""doppler"": 0.0, ""angle"": 55.24345092974138, ""elevation"": 0.0}, {""range"": 1.9115592043425294, ""doppler"": 0.0, ""angle"": 57.860539992644696, ""elevation"": 0.0}]",1785102688716.892
6,"[{""range"": 0.7929185911229542, ""doppler"": 0.0, ""angle"": -33.9588411026074, ""elevation"": 0.0}, {""range"": 0.7981679792219833, ""doppler"": 0.0, ""angle"": -29.499695641431227, ""elevation"": 0.0}, {""range"": 0.648756274027112, ""doppler"": 0.0, ""angle"": 0.44218577045093305, ""elevation"": 0.0}, {""range"": 0.6646577680449918, ""doppler"": 0.0, ""angle"": -1.8963142511436422, ""elevation"": 0.0}, {""range"": 0.6964003886830472, ""doppler"": 0.0, ""angle"": -2.0748132871408154, ""elevation"": 0.0}, {""range"": 1.9022113797160978, ""doppler"": 0.0, ""angle"": 52.03668083942695, ""elevation"": 0.0}]",1785102688819.9941
9,"[{""range"": 1.2886924113279965, ""doppler"": 0.0, ""angle"": -46.15812787929409, ""elevation"": 0.0}, {""range"": 1.3247850863102952, ""doppler"": 0.0, ""angle"": -50.28453521972981, ""elevation"": 0.0}, {""range"": 0.7876268092041318, ""doppler"": 0.0, ""angle"": -38.7329413891877, ""elevation"": 0.0}, {""range"": 0.7657831739233828, ""doppler"": 0.0, ""angle"": -33.793964946350336, ""elevation"": 0.0}, {""range"": 1.2334245080923545, ""doppler"": 0.0, ""angle"": -27.86531577519061, ""elevation"": 0.0}, {""range"": 0.7191520305967134, ""doppler"": 0.0, ""angle"": -21.806700443905623, ""elevation"": 0.0}, {""range"": 0.6615511683019385, ""doppler"": 0.0, ""angle"": -6.75235988037389, ""elevation"": 0.0}, {""range"": 0.6243086922350469, ""doppler"": 0.0, ""angle"": 0.8533830463166405, ""elevation"": 0.0}, {""range"": 0.6389686448215481, ""doppler"": 0.0, ""angle"": -1.5875785129091264, ""elevation"": 0.0}]",1785102688919.9841
7,"[{""range"": 0.7403060360153868, ""doppler"": 0.0, ""angle"": -51.69897461522537, ""elevation"": 0.0}, {""range"": 0.7775657677952086, ""doppler"": 0.0, ""angle"": -46.97557617466834, ""elevation"": 0.0}, {""range"": 0.6019833177720654, ""doppler"": 0.0, ""angle"": 1.0212069919678501, ""elevation"": 0.0}, {""range"": 0.6139078472640862, ""doppler"": 0.0, ""angle"": 0.6508707488975908, ""elevation"": 0.0}, {""range"": 0.6214773147432813, ""doppler"": 0.0, ""angle"": 1.0221471845965446, ""elevation"": 0.0}, {""range"": 0.6396946478525636, ""doppler"": 0.0, ""angle"": 4.3765948160185895, ""elevation"": 0.0}, {""range"": 0.6781641223345736, ""doppler"": 0.0, ""angle"": 18.143527793044306, ""elevation"": 0.0}]",1785102689020.103
6,"[{""range"": 0.7867528018879736, ""doppler"": 0.0, ""angle"": -29.192470893349256, ""elevation"": 0.0}, {""range"": 0.6665767601194053, ""doppler"": 0.0, ""angle"": -6.6083712415077125, ""elevation"": 0.0}, {""range"": 0.7093172836294502, ""doppler"": 0.0, ""angle"": -7.8094013151858865, ""elevation"": 0.0}, {""range"": 0.5966062807502975, ""doppler"": 0.0, ""angle"": 2.611139648401105, ""elevation"": 0.0}, {""range"": 0.6050785059134736, ""doppler"": 0.0, ""angle"": 3.066183574133779, ""elevation"": 0.0}, {""range"": 0.6223419578188486, ""doppler"": 0.0, ""angle"": -0.8560801206463857, ""elevation"": 0.0}]",1785102689120.154
8,"[{""range"": 0.711928721127831, ""doppler"": 0.0, ""angle"": -19.927779183931037, ""elevation"": 0.0}, {""range"": 0.6627759160098686, ""doppler"": 0.0, ""angle"": -17.134551114912817, ""elevation"": 0.0}, {""range"": 0.7773473013884078, ""doppler"": 0.0, ""angle"": -15.407703640642021, ""elevation"": 0.0}, {""range"": 1.200774912747026, ""doppler"": 0.0, ""angle"": -16.400133365069337, ""elevation"": 0.0}, {""range"": 0.630549885731972, ""doppler"": 0.0, ""angle"": -10.1595182337879, ""elevation"": 0.0}, {""range"": 1.2248509771798033, ""doppler"": 0.0, ""angle"": -9.342686880099436, ""elevation"": 0.0}, {""range"": 0.608691930279616, ""doppler"": 0.0, ""angle"": 3.6886768380532247, ""elevation"": 0.0}, {""range"": 0.6274996764384992, ""doppler"": 0.0, ""angle"": 18.749899471559786, ""elevation"": 0.0}]",1785102689216.5881
5,"[{""range"": 0.7245319083932652, ""doppler"": 0.0, ""angle"": -58.750082214795555, ""elevation"": 0.0}, {""range"": 1.3286861167144999, ""doppler"": 0.0, ""angle"": -35.86126790585736, ""elevation"": 0.0}, {""range"": 0.7856004561125508, ""doppler"": 0.0, ""angle"": -28.717663400876187, ""elevation"": 0.0}, {""range"": 1.233115048863813, ""doppler"": 0.0, ""angle"": -20.437408506907737, ""elevation"": 0.0}, {""range"": 0.6617268094638759, ""doppler"": 0.0, ""angle"": -4.137462160351405, ""elevation"": 0.0}]",1785102689316.2483
9,"[{""range"": 1.1961975019686228, ""doppler"": 0.0, ""angle"": -19.954568396533144, ""elevation"": 0.0}, {""range"": 1.2763814536462443, ""doppler"": 0.0, ""angle"": -18.805543681703035, ""elevation"": 0.0}, {""range"": 1.2316040884555601, ""doppler"": 0.0, ""angle"": -13.723518711402248, ""elevation"": 0.0}, {""range"": 0.602543527972179, ""doppler"": 0.0, ""angle"": 1.8026569300201285, ""elevation"": 0.0}, {""range"": 0.6136241093222268, ""doppler"": 0.0, ""angle"": 1.1020271395315717, ""elevation"": 0.0}, {""range"": 0.6174457839618046, ""doppler"": 0.0, ""angle"": 0.11615114601089414, ""elevation"": 0.0}, {""range"": 0.6335384001878122, ""doppler"": 0.0, ""angle"": -0.08085766508150743, ""elevation"": 0.0}, {""range"": 1.885638865553204, ""doppler"": 0.0, ""angle"": 50.27860448031442, ""elevation"": 0.0}, {""range"": 1.9044864476917418, ""doppler"": 0.0, ""angle"": 52.9375140322255, ""elevation"": 0.0}]",1785102689415.8132
7,"[{""range"": 0.7499384990578587, ""doppler"": 0.0, ""angle"": -38.329103435313286, ""elevation"": 0.0}, {""range"": 0.7670165924892179, ""doppler"": 0.0, ""angle"": -35.27215547000121, ""elevation"": 0.0}, {""range"": 0.7844239378175739, ""doppler"": 0.0, ""angle"": -34.29864927610085, ""elevation"": 0.0}, {""range"": 1.3326692542383118, ""doppler"": 0.0, ""angle"": -37.72327408636942, ""elevation"": 0.0}, {""range"": 1.2491215143281302, ""doppler"": 0.0, ""angle"": -4.4005925470386265, ""elevation"": 0.0}, {""range"": 1.2742615949508331, ""doppler"": 0.0, ""angle"": -3.7413387022282305, ""elevation"": 0.0}, {""range"": 0.6662596874950854, ""doppler"": 0.0, ""angle"": 25.89109517871199, ""elevation"": 0.0}]",1785102689517.064
8,"[{""range"": 0.7568488351750435, ""doppler"": 0.0, ""angle"": -30.41818737410638, ""elevation"": 0.0}, {""range"": 0.6993671746271239, ""doppler"": 0.0, ""angle"": -13.87635859966016, ""elevation"": 0.0}, {""range"": 0.6244609124241635, ""doppler"": 0.0, ""angle"": 1.5259947032115257, ""elevation"": 0.0}, {""range"": 0.6332680273724441, ""doppler"": 0.0, ""angle"": 0.9545716507801704, ""elevation"": 0.0}, {""range"": 0.6486058612017824, ""doppler"": 0.0, ""angle"": -0.6950346400642422, ""elevation"": 0.0}, {""range"": 1.2708539294389363, ""doppler"": 0.0, ""angle"": -1.4028815326514685, ""elevation"": 0.0}, {""range"": 1.8913857079691996, ""doppler"": 0.0, ""angle"": 46.0878607916587, ""elevation"": 0.0}, {""range"": 1.9032887047561866, ""doppler"": 0.0, ""angle"": 48.48492332969771, ""elevation"": 0.0}]",1785102689616.2878
7,"[{""range"": 0.8071094705084381, ""doppler"": 0.0, ""angle"": -29.228447573942013, ""elevation"": 0.0}, {""range"": 1.1974508056658408, ""doppler"": 0.0, ""angle"": -20.900526748226696, ""elevation"": 0.0}, {""range"": 1.2469207351282667, ""doppler"": 0.0, ""angle"": -7.349224942862656, ""elevation"": 0.0}, {""range"": 0.6096761458162763, ""doppler"": 0.0, ""angle"": -2.218744366986061, ""elevation"": 0.0}, {""range"": 1.2780141998481935, ""doppler"": 0.0, ""angle"": -2.903238700496507, ""elevation"": 0.0}, {""range"": 1.3069747277960155, ""doppler"": 0.0, ""angle"": -0.34491501509072436, ""elevation"": 0.0}, {""range"": 0.6689981571225696, ""doppler"": 0.0, ""angle"": 10.721256775258057, ""elevation"": 0.0}]",1785102689716.031
8,"[{""range"": 0.7437281469446166, ""doppler"": 0.0, ""angle"": -37.08479713831221, ""elevation"": 0.0}, {""range"": 0.7631004641365471, ""doppler"": 0.0, ""angle"": -35.52987416647266, ""elevation"": 0.0}, {""range"": 0.7913571020764737, ""doppler"": 0.0, ""angle"": -35.78750808148615, ""elevation"": 0.0}, {""range"": 1.2897126171473774, ""doppler"": 0.0, ""angle"": -3.8875248245109364, ""elevation"": 0.0}, {""range"": 0.6196357970426447, ""doppler"": 0.0, ""angle"": 0.6944602875497745, ""elevation"": 0.0}, {""range"": 0.6290756550890281, ""doppler"": 0.0, ""angle"": 0.2931537895661243, ""elevation"": 0.0}, {""range"": 1.8836806766289766, ""doppler"": 0.0, ""angle"": 49.080136552395885, ""elevation"": 0.0}, {""range"": 1.9059661757653081, ""doppler"": 0.0, ""angle"": 51.12360213856046, ""elevation"": 0.0}]",1785102689815.86
7,"[{""range"": 1.3327877732378914, ""doppler"": 0.0, ""angle"": -54.27555776948348, ""elevation"": 0.0}, {""range"": 0.7625722490396364, ""doppler"": 0.0, ""angle"": -19.093492000485615, ""elevation"": 0.0}, {""range"": 0.7419857217894983, ""doppler"": 0.0, ""angle"": -17.79306731783421, ""elevation"": 0.0}, {""range"": 0.6165976624514351, ""doppler"": 0.0, ""angle"": 2.4931616503129, ""elevation"": 0.0}, {""range"": 0.615507302945479, ""doppler"": 0.0, ""angle"": 3.697815947932919, ""elevation"": 0.0}, {""range"": 1.8903034767203435, ""doppler"": 0.0, ""angle"": 47.491883521028555, ""elevation"": 0.0}, {""range"": 1.9122214406598417, ""doppler"": 0.0, ""angle"": 47.133435740196425, ""elevation"": 0.0}]",1785102689917.0261
7,"[{""range"": 0.8189863445964457, ""doppler"": 0.0, ""angle"": -57.364741337466626, ""elevation"": 0.0}, {""range"": 0.7541094338754227, ""doppler"": 0.0, ""angle"": -18.770058289218312, ""elevation"": 0.0}, {""range"": 0.6213062488026869, ""doppler"": 0.0, ""angle"": 3.5310754296411706, ""elevation"": 0.0}, {""range"": 0.6288155671804224, ""doppler"": 0.0, ""angle"": 6.203447901691836, ""elevation"": 0.0}, {""range"": 0.6466135626034305, ""doppler"": 0.0, ""angle"": 12.456627335819839, ""elevation"": 0.0}, {""range"": 1.892844148235297, ""doppler"": 0.0, ""angle"": 48.05181238764521, ""elevation"": 0.0}, {""range"": 1.904885673453358, ""doppler"": 0.0, ""angle"": 50.924403547712146, ""elevation"": 0.0}]",1785102690016.965
6,"[{""range"": 1.2829608573333346, ""doppler"": 0.0, ""angle"": -4.572647624114091, ""elevation"": 0.0}, {""range"": 0.6217365639283733, ""doppler"": 0.0, ""angle"": -1.9448360255423567, ""elevation"": 0.0}, {""range"": 0.6244213566670466, ""doppler"": 0.0, ""angle"": -0.18048439003917935, ""elevation"": 0.0}, {""range"": 1.307093130390167, ""doppler"": 0.0, ""angle"": -2.2815249723400792, ""elevation"": 0.0}, {""range"": 1.8877368076300838, ""doppler"": 0.0, ""angle"": 47.37619841024144, ""elevation"": 0.0}, {""range"": 1.9022444512933543, ""doppler"": 0.0, ""angle"": 49.605506246838914, ""elevation"": 0.0}]",1785102690116.959
7,"[{""range"": 0.753964792775803, ""doppler"": 0.0, ""angle"": -29.495433694685875, ""elevation"": 0.0}, {""range"": 0.7234689140011012, ""doppler"": 0.0, ""angle"": -25.7227131650337, ""elevation"": 0.0}, {""range"": 0.6603397165661463, ""doppler"": 0.0, ""angle"": -7.171202437319806, ""elevation"": 0.0}, {""range"": 0.6223419578188486, ""doppler"": 0.0, ""angle"": 0.8560801206463857, ""elevation"": 0.0}, {""range"": 0.6321331562472284, ""doppler"": 0.0, ""angle"": -0.5186463552872096, ""elevation"": 0.0}, {""range"": 1.8921332642891577, ""doppler"": 0.0, ""angle"": 48.41727271961955, ""elevation"": 0.0}, {""range"": 1.9062775122597568, ""doppler"": 0.0, ""angle"": 49.59574152630326, ""elevation"": 0.0}]",1785102690216.697
7,"[{""range"": 0.7335645241086729, ""doppler"": 0.0, ""angle"": -26.16530514084523, ""elevation"": 0.0}, {""range"": 0.7528566320671072, ""doppler"": 0.0, ""angle"": -24.440576026689808, ""elevation"": 0.0}, {""range"": 0.6268678185474114, ""doppler"": 0.0, ""angle"": 1.144128803852221, ""elevation"": 0.0}, {""range"": 0.6332110708078723, ""doppler"": 0.0, ""angle"": 0.5663052755435094, ""elevation"": 0.0}, {""range"": 0.6476649587678842, ""doppler"": 0.0, ""angle"": -0.09491285550088502, ""elevation"": 0.0}, {""range"": 1.8896526627758452, ""doppler"": 0.0, ""angle"": 45.65942444772447, ""elevation"": 0.0}, {""range"": 1.9056020438112287, ""doppler"": 0.0, ""angle"": 46.88217541091461, ""elevation"": 0.0}]",1785102690316.2397
4,"[{""range"": 0.7356843369697237, ""doppler"": 0.0, ""angle"": -33.921814055821734, ""elevation"": 0.0}, {""range"": 0.745131224377738, ""doppler"": 0.0, ""angle"": -31.86692450696758, ""elevation"": 0.0}, {""range"": 0.6191194332617689, ""doppler"": 0.0, ""angle"": -2.1186464980221174, ""elevation"": 0.0}, {""range"": 0.6294256838204692, ""doppler"": 0.0, ""angle"": -0.08138599570748183, ""elevation"": 0.0}]",1785102690415.875
4,"[{""range"": 1.5192287998208884, ""doppler"": 0.0, ""angle"": -11.315222698788254, ""elevation"": 0.0}, {""range"": 0.6325770073273199, ""doppler"": 0.0, ""angle"": -4.442181818910361, ""elevation"": 0.0}, {""range"": 0.6206947191290823, ""doppler"": 0.0, ""angle"": -0.5777252435576097, ""elevation"": 0.0}, {""range"": 1.9140726057869497, ""doppler"": 0.0, ""angle"": 50.23417813537758, ""elevation"": 0.0}]",1785102690516.2393
5,"[{""range"": 0.7381862190583424, ""doppler"": 0.0, ""angle"": -26.45332734172964, ""elevation"": 0.0}, {""range"": 0.7637524115219861, ""doppler"": 0.0, ""angle"": -24.26077410632876, ""elevation"": 0.0}, {""range"": 0.6261041665081357, ""doppler"": 0.0, ""angle"": -1.6365770416167182, ""elevation"": 0.0}, {""range"": 0.6319168315218807, ""doppler"": 0.0, ""angle"": -2.3353222423227606, ""elevation"": 0.0}, {""range"": 0.6449667903989137, ""doppler"": 0.0, ""angle"": -2.30394276298932, ""elevation"": 0.0}]",1785102690616.8052
5,"[{""range"": 0.7583207390961058, ""doppler"": 0.0, ""angle"": -29.17008258769369, ""elevation"": 0.0}, {""range"": 0.6833342389493355, ""doppler"": 0.0, ""angle"": -24.58665106673584, ""elevation"": 0.0}, {""range"": 0.7189616221689924, ""doppler"": 0.0, ""angle"": -24.72935809772528, ""elevation"": 0.0}, {""range"": 1.8919648705912593, ""doppler"": 0.0, ""angle"": 51.0112106203145, ""elevation"": 0.0}, {""range"": 1.9075135666346081, ""doppler"": 0.0, ""angle"": 47.112100180054554, ""elevation"": 0.0}]",1785102690716.4832
6,"[{""range"": 0.6755207289068376, ""doppler"": 0.0, ""angle"": -11.342650820390844, ""elevation"": 0.0}, {""range"": 0.7080826115149622, ""doppler"": 0.0, ""angle"": -14.134502808503942, ""elevation"": 0.0}, {""range"": 0.7412417352315895, ""doppler"": 0.0, ""angle"": -17.52140620075267, ""elevation"": 0.0}, {""range"": 0.6552901276811767, ""doppler"": 0.0, ""angle"": -10.264292497068135, ""elevation"": 0.0}, {""range"": 1.8868010664035326, ""doppler"": 0.0, ""angle"": 48.14234543201591, ""elevation"": 0.0}, {""range"": 1.9049612737615484, ""doppler"": 0.0, ""angle"": 45.68074755625344, ""elevation"": 0.0}]",1785102690815.9412
1,"[{""range"": 0.7188448264275813, ""doppler"": 0.0, ""angle"": -25.647173292474477, ""elevation"": 0.0}]",1785102690909.9688
5,"[{""range"": 0.7249230915931582, ""doppler"": 0.0, ""angle"": -31.082521673372902, ""elevation"": 0.0}, {""range"": 0.7424890501944784, ""doppler"": 0.0, ""angle"": -27.978331976287425, ""elevation"": 0.0}, {""range"": 0.6255189758981615, ""doppler"": 0.0, ""angle"": 0.5405101871306666, ""elevation"": 0.0}, {""range"": 0.6320424060116276, ""doppler"": 0.0, ""angle"": 2.935258355865997, ""elevation"": 0.0}, {""range"": 0.6481542406338461, ""doppler"": 0.0, ""angle"": 8.80745271562563, ""elevation"": 0.0}]",1785102691009.8682
5,"[{""range"": 0.7293024464490739, ""doppler"": 0.0, ""angle"": -25.113642391722333, ""elevation"": 0.0}, {""range"": 0.7424650847856605, ""doppler"": 0.0, ""angle"": -20.70463017556973, ""elevation"": 0.0}, {""range"": 0.6260505674502189, ""doppler"": 0.0, ""angle"": 0.49095438915491163, ""elevation"": 0.0}, {""range"": 0.6290577889242323, ""doppler"": 0.0, ""angle"": 1.905896898495315, ""elevation"": 0.0}, {""range"": 0.6410165304199091, ""doppler"": 0.0, ""angle"": 8.760744123794899, ""elevation"": 0.0}]",1785102691116.859
5,"[{""range"": 0.7322896079754901, ""doppler"": 0.0, ""angle"": -19.26231510896778, ""elevation"": 0.0}, {""range"": 0.6815286152901621, ""doppler"": 0.0, ""angle"": -11.640129873540898, ""elevation"": 0.0}, {""range"": 0.7543992050620391, ""doppler"": 0.0, ""angle"": -18.018368905340846, ""elevation"": 0.0}, {""range"": 0.640733668764131, ""doppler"": 0.0, ""angle"": -7.198398697990728, ""elevation"": 0.0}, {""range"": 0.6660957062974836, ""doppler"": 0.0, ""angle"": 22.641161854325045, ""elevation"": 0.0}]",1785102691216.195
5,"[{""range"": 0.7313156105738453, ""doppler"": 0.0, ""angle"": -23.06062617813402, ""elevation"": 0.0}, {""range"": 0.7531732277801914, ""doppler"": 0.0, ""angle"": -21.12443076675522, ""elevation"": 0.0}, {""range"": 0.6261679482597093, ""doppler"": 0.0, ""angle"": 2.9955882793185395, ""elevation"": 0.0}, {""range"": 0.6377041918990115, ""doppler"": 0.0, ""angle"": 6.5530938917295405, ""elevation"": 0.0}, {""range"": 0.6546309511017248, ""doppler"": 0.0, ""angle"": 5.517490023796944, ""elevation"": 0.0}]",1785102691316.272
7,"[{""range"": 0.7562196036095075, ""doppler"": 0.0, ""angle"": -11.913079601864808, ""elevation"": 0.0}, {""range"": 0.7119161230898938, ""doppler"": 0.0, ""angle"": -1.957575711769176, ""elevation"": 0.0}, {""range"": 0.6490362550996318, ""doppler"": 0.0, ""angle"": 9.099005711052337, ""elevation"": 0.0}, {""range"": 0.6682232703997177, ""doppler"": 0.0, ""angle"": 9.658928308126654, ""elevation"": 0.0}, {""range"": 2.4346101333930656, ""doppler"": 0.0, ""angle"": 12.453038401713123, ""elevation"": 0.0}, {""range"": 2.4525453298977986, ""doppler"": 0.0, ""angle"": 11.463953015692551, ""elevation"": 0.0}, {""range"": 1.8788207105773658, ""doppler"": 0.0, ""angle"": 47.33345318572303, ""elevation"": 0.0}]",1785102691417.0872
6,"[{""range"": 0.7904060743205709, ""doppler"": 0.0, ""angle"": -26.69837782117143, ""elevation"": 0.0}, {""range"": 0.6363693493363864, ""doppler"": 0.0, ""angle"": -4.674062792617443, ""elevation"": 0.0}, {""range"": 0.6447606233439664, ""doppler"": 0.0, ""angle"": -7.489638850371528, ""elevation"": 0.0}, {""range"": 0.6305955219934563, ""doppler"": 0.0, ""angle"": -2.9094627384604053, ""elevation"": 0.0}, {""range"": 1.887886270799932, ""doppler"": 0.0, ""angle"": 51.259676155317756, ""elevation"": 0.0}, {""range"": 1.9066044447148922, ""doppler"": 0.0, ""angle"": 53.78891728082733, ""elevation"": 0.0}]",1785102691516.0164
5,"[{""range"": 0.6272438542519392, ""doppler"": 0.0, ""angle"": -1.225129322522383, ""elevation"": 0.0}, {""range"": 0.6281582845188923, ""doppler"": 0.0, ""angle"": -1.8923080850482863, ""elevation"": 0.0}, {""range"": 0.6386982428529069, ""doppler"": 0.0, ""angle"": -2.6637460479359465, ""elevation"": 0.0}, {""range"": 1.8899359379337846, ""doppler"": 0.0, ""angle"": 53.55294175882648, ""elevation"": 0.0}, {""range"": 1.9111910687899152, ""doppler"": 0.0, ""angle"": 54.72779204130392, ""elevation"": 0.0}]",1785102691616.195
5,"[{""range"": 0.6295424861157065, ""doppler"": 0.0, ""angle"": -1.1067126275918313, ""elevation"": 0.0}, {""range"": 0.634889418496694, ""doppler"": 0.0, ""angle"": -1.0166916181738501, ""elevation"": 0.0}, {""range"": 0.6431953125521194, ""doppler"": 0.0, ""angle"": 0.12742993615109385, ""elevation"": 0.0}, {""range"": 1.8936931741652663, ""doppler"": 0.0, ""angle"": 51.317378545026536, ""elevation"": 0.0}, {""range"": 1.9084629514169376, ""doppler"": 0.0, ""angle"": 50.1848060652285, ""elevation"": 0.0}]",1785102691715.6858
9,"[{""range"": 0.7423402928198498, ""doppler"": 0.0, ""angle"": -19.678890263707558, ""elevation"": 0.0}, {""range"": 1.22952151776635, ""doppler"": 0.0, ""angle"": -24.697736694345142, ""elevation"": 0.0}, {""range"": 0.6856968825670675, ""doppler"": 0.0, ""angle"": -7.823710731885269, ""elevation"": 0.0}, {""range"": 0.6305070860588283, ""doppler"": 0.0, ""angle"": -0.3087377408971013, ""elevation"": 0.0}, {""range"": 0.6387306070265233, ""doppler"": 0.0, ""angle"": 0.2726822222270378, ""elevation"": 0.0}, {""range"": 0.651062738105251, ""doppler"": 0.0, ""angle"": 0.11015379358637029, ""elevation"": 0.0}, {""range"": 1.8914546549361029, ""doppler"": 0.0, ""angle"": 49.69716407393868, ""elevation"": 0.0}, {""range"": 1.909051973686469, ""doppler"": 0.0, ""angle"": 50.804615269825256, ""elevation"": 0.0}, {""range"": 1.932343140641691, ""doppler"": 0.0, ""angle"": 55.5761277833413, ""elevation"": 0.0}]",1785102691820.08
5,"[{""range"": 0.6291361370583395, ""doppler"": 0.0, ""angle"": 0.8468344465897686, ""elevation"": 0.0}, {""range"": 0.6343082497905604, ""doppler"": 0.0, ""angle"": 3.135032803337264, ""elevation"": 0.0}, {""range"": 0.6494273217590646, ""doppler"": 0.0, ""angle"": 7.9449252527370176, ""elevation"": 0.0}, {""range"": 1.8820265466153956, ""doppler"": 0.0, ""angle"": 48.0924998013705, ""elevation"": 0.0}, {""range"": 1.8996223221575828, ""doppler"": 0.0, ""angle"": 50.983055879706846, ""elevation"": 0.0}]",1785102691916.691
1,"[{""range"": 0.6683851987991061, ""doppler"": 0.0, ""angle"": 4.372841372238045, ""elevation"": 0.0}]",1785102692005.795
5,"[{""range"": 0.6286448196535609, ""doppler"": 0.0, ""angle"": 3.2449194136415445, ""elevation"": 0.0}, {""range"": 1.2880789988903576, ""doppler"": 0.0, ""angle"": -2.426672560166874, ""elevation"": 0.0}, {""range"": 0.6358048468136926, ""doppler"": 0.0, ""angle"": 4.839918257964723, ""elevation"": 0.0}, {""range"": 0.6534430266871685, ""doppler"": 0.0, ""angle"": 8.830797597759886, ""elevation"": 0.0}, {""range"": 1.9056476071061612, ""doppler"": 0.0, ""angle"": 54.60981745319159, ""elevation"": 0.0}]",1785102692115.8599
6,"[{""range"": 0.7369873951703001, ""doppler"": 0.0, ""angle"": -21.22315325265961, ""elevation"": 0.0}, {""range"": 0.7582755371104345, ""doppler"": 0.0, ""angle"": -17.469285034630527, ""elevation"": 0.0}, {""range"": 0.6238843793972194, ""doppler"": 0.0, ""angle"": 0.1642178922967816, ""elevation"": 0.0}, {""range"": 0.6235521104198822, ""doppler"": 0.0, ""angle"": 0.5422151649463538, ""elevation"": 0.0}, {""range"": 0.6403309261597888, ""doppler"": 0.0, ""angle"": 2.7050018294879434, ""elevation"": 0.0}, {""range"": 1.8799732054634561, ""doppler"": 0.0, ""angle"": 47.34359208209636, ""elevation"": 0.0}]",1785102692215.8909
7,"[{""range"": 0.7294539283839057, ""doppler"": 0.0, ""angle"": -29.939995240807594, ""elevation"": 0.0}, {""range"": 0.7523992525043072, ""doppler"": 0.0, ""angle"": -30.886692762611155, ""elevation"": 0.0}, {""range"": 0.6278329373984627, ""doppler"": 0.0, ""angle"": 0.4242845449946084, ""elevation"": 0.0}, {""range"": 0.6368438125244038, ""doppler"": 0.0, ""angle"": 0.9492113783538568, ""elevation"": 0.0}, {""range"": 0.6513404513949044, ""doppler"": 0.0, ""angle"": 2.533280761643351, ""elevation"": 0.0}, {""range"": 1.8839594611627226, ""doppler"": 0.0, ""angle"": 53.864274816689694, ""elevation"": 0.0}, {""range"": 1.910443337874502, ""doppler"": 0.0, ""angle"": 54.73163644715267, ""elevation"": 0.0}]",1785102692317.307
4,"[{""range"": 0.624411627359015, ""doppler"": 0.0, ""angle"": 1.3455715116921954, ""elevation"": 0.0}, {""range"": 0.6296855958916228, ""doppler"": 0.0, ""angle"": 2.5390250272068986, ""elevation"": 0.0}, {""range"": 1.2826829552888637, ""doppler"": 0.0, ""angle"": -1.7335272104395785, ""elevation"": 0.0}, {""range"": 0.6438256481005904, ""doppler"": 0.0, ""angle"": 9.22164001496785, ""elevation"": 0.0}]",1785102692416.9468
