num_points,points,timestamp_ms
5,"[{""range"": 2.6767439598744103, ""doppler"": 0.0, ""angle"": -9.889580103637325, ""elevation"": 0.0}, {""range"": 0.6410497252387967, ""doppler"": 0.0, ""angle"": 11.422768655414394, ""elevation"": 0.0}, {""range"": 0.6524750174022313, ""doppler"": 0.0, ""angle"": 12.745107148241246, ""elevation"": 0.0}, {""range"": 0.6633226958544144, ""doppler"": 0.0, ""angle"": 14.950320765191252, ""elevation"": 0.0}, {""range"": 0.6891922826976019, ""doppler"": 0.0, ""angle"": 13.030272050516777, ""elevation"": 0.0}]",1785112965307.564
6,"[{""range"": 1.5145112724643344, ""doppler"": 0.0, ""angle"": -15.160189466920768, ""elevation"": 0.0}, {""range"": 1.535162490440196, ""doppler"": 0.0, ""angle"": -16.35150158532082, ""elevation"": 0.0}, {""range"": 0.6616039211244952, ""doppler"": 0.0, ""angle"": 15.23067163605335, ""elevation"": 0.0}, {""range"": 0.6725044443482461, ""doppler"": 0.0, ""angle"": 17.1340907719641, ""elevation"": 0.0}, {""range"": 0.701099223082054, ""doppler"": 0.0, ""angle"": 14.022066608259571, ""elevation"": 0.0}, {""range"": 0.7418758263898521, ""doppler"": 0.0, ""angle"": 11.540143537644584, ""elevation"": 0.0}]",1785112965307.966
9,"[{""range"": 0.7531870673137578, ""doppler"": 0.0, ""angle"": -14.168207948144987, ""elevation"": 0.0}, {""range"": 1.5158424560586239, ""doppler"": 0.0, ""angle"": -14.314917240836035, ""elevation"": 0.0}, {""range"": 1.5427554963344825, ""doppler"": 0.0, ""angle"": -15.523044559200239, ""elevation"": 0.0}, {""range"": 2.6459803646426034, ""doppler"": 0.0, ""angle"": -12.635902499408369, ""elevation"": 0.0}, {""range"": 2.6653015173711734, ""doppler"": 0.0, ""angle"": -11.191576296124227, ""elevation"": 0.0}, {""range"": 2.685898151134538, ""doppler"": 0.0, ""angle"": -9.92136092394826, ""elevation"": 0.0}, {""range"": 0.662063077268146, ""doppler"": 0.0, ""angle"": 22.28417923063106, ""elevation"": 0.0}, {""range"": 0.6712298069554513, ""doppler"": 0.0, ""angle"": 24.27089443863439, ""elevation"": 0.0}, {""range"": 0.6980763395874389, ""doppler"": 0.0, ""angle"": 27.142649733014352, ""elevation"": 0.0}]",1785112965308.288
4,"[{""range"": 0.7481114287167273, ""doppler"": 0.0, ""angle"": -22.90008403744185, ""elevation"": 0.0}, {""range"": 0.6368581215402613, ""doppler"": 0.0, ""angle"": -6.869607447328462, ""elevation"": 0.0}, {""range"": 0.6731787740236485, ""doppler"": 0.0, ""angle"": 32.018289116078556, ""elevation"": 0.0}, {""range"": 2.0635382527371893, ""doppler"": 0.0, ""angle"": 55.46028088787953, ""elevation"": 0.0}]",1785112965308.604
3,"[{""range"": 0.642280784762056, ""doppler"": 0.0, ""angle"": 7.760137110979072, ""elevation"": 0.0}, {""range"": 0.6639110950613697, ""doppler"": 0.0, ""angle"": 18.205591250902234, ""elevation"": 0.0}, {""range"": 0.6893032483385565, ""doppler"": 0.0, ""angle"": 18.716960226480857, ""elevation"": 0.0}]",1785112965309.069
3,"[{""range"": 1.2222442550030794, ""doppler"": 0.0, ""angle"": -18.580739295841234, ""elevation"": 0.0}, {""range"": 0.6500337344358967, ""doppler"": 0.0, ""angle"": 15.852302519058215, ""elevation"": 0.0}, {""range"": 0.6610337840479106, ""doppler"": 0.0, ""angle"": 18.09186442339848, ""elevation"": 0.0}]",1785112965309.391
5,"[{""range"": 0.7605900670553637, ""doppler"": 0.0, ""angle"": -1.5357842156184205, ""elevation"": 0.0}, {""range"": 0.707508260799143, ""doppler"": 0.0, ""angle"": 6.530489345372682, ""elevation"": 0.0}, {""range"": 0.6452404623641261, ""doppler"": 0.0, ""angle"": 14.082455943061879, ""elevation"": 0.0}, {""range"": 0.6617805387590628, ""doppler"": 0.0, ""angle"": 16.691829992011005, ""elevation"": 0.0}, {""range"": 1.8717118618691175, ""doppler"": 0.0, ""angle"": 14.145105052488947, ""elevation"": 0.0}]",1785112965309.71
2,"[{""range"": 0.6408886232645064, ""doppler"": 0.0, ""angle"": 4.304297552255511, ""elevation"": 0.0}, {""range"": 0.6596231786702831, ""doppler"": 0.0, ""angle"": 5.148024187879389, ""elevation"": 0.0}]",1785112965310.019
6,"[{""range"": 0.7188294583246648, ""doppler"": 0.0, ""angle"": -13.185840599146255, ""elevation"": 0.0}, {""range"": 0.7649901910908741, ""doppler"": 0.0, ""angle"": -16.778777113165276, ""elevation"": 0.0}, {""range"": 2.684705603506313, ""doppler"": 0.0, ""angle"": -7.277904448122661, ""elevation"": 0.0}, {""range"": 0.6211750551915746, ""doppler"": 0.0, ""angle"": 2.3262073054625754, ""elevation"": 0.0}, {""range"": 0.6285557786083529, ""doppler"": 0.0, ""angle"": 3.0984569671244437, ""elevation"": 0.0}, {""range"": 0.6467825573553102, ""doppler"": 0.0, ""angle"": 2.360885165421629, ""elevation"": 0.0}]",1785112965310.3582
5,"[{""range"": 0.6590645970266659, ""doppler"": 0.0, ""angle"": -4.1697905236975945, ""elevation"": 0.0}, {""range"": 0.7009558455481858, ""doppler"": 0.0, ""angle"": -6.077094965348139, ""elevation"": 0.0}, {""range"": 2.721809644934208, ""doppler"": 0.0, ""angle"": -8.557567603379947, ""elevation"": 0.0}, {""range"": 0.6239291964012196, ""doppler"": 0.0, ""angle"": 0.7061031214381797, ""elevation"": 0.0}, {""range"": 0.6350085642644696, ""doppler"": 0.0, ""angle"": -0.6453771481380244, ""elevation"": 0.0}]",1785112965310.6758
9,"[{""range"": 1.234225148328612, ""doppler"": 0.0, ""angle"": -16.176862795118012, ""elevation"": 0.0}, {""range"": 0.7143505448273952, ""doppler"": 0.0, ""angle"": -7.79746279496063, ""elevation"": 0.0}, {""range"": 0.7549638023925008, ""doppler"": 0.0, ""angle"": -9.007196115536285, ""elevation"": 0.0}, {""range"": 2.6848241038321428, ""doppler"": 0.0, ""angle"": -9.631078587314066, ""elevation"": 0.0}, {""range"": 0.6233633793021573, ""doppler"": 0.0, ""angle"": 2.4167338634403093, ""elevation"": 0.0}, {""range"": 0.6339907238227572, ""doppler"": 0.0, ""angle"": 5.535323141807044, ""elevation"": 0.0}, {""range"": 0.6557066254506269, ""doppler"": 0.0, ""angle"": 18.425066832762482, ""elevation"": 0.0}, {""range"": 1.886319389173525, ""doppler"": 0.0, ""angle"": 33.86932808901342, ""elevation"": 0.0}, {""range"": 1.9019490811531867, ""doppler"": 0.0, ""angle"": 37.51308656477967, ""elevation"": 0.0}]",1785112965310.9949
7,"[{""range"": 1.2334074763722251, ""doppler"": 0.0, ""angle"": -17.037383508646666, ""elevation"": 0.0}, {""range"": 0.7089293962771385, ""doppler"": 0.0, ""angle"": -4.194759311017544, ""elevation"": 0.0}, {""range"": 0.745798451188014, ""doppler"": 0.0, ""angle"": -9.550400002304062, ""elevation"": 0.0}, {""range"": 2.6828998927596888, ""doppler"": 0.0, ""angle"": -8.929943396253272, ""elevation"": 0.0}, {""range"": 0.637867777404363, ""doppler"": 0.0, ""angle"": 14.082990082122702, ""elevation"": 0.0}, {""range"": 0.6535173749778321, ""doppler"": 0.0, ""angle"": 18.836513428882984, ""elevation"": 0.0}, {""range"": 0.6616066275232553, ""doppler"": 0.0, ""angle"": 19.580907499245345, ""elevation"": 0.0}]",1785112965311.312
3,"[{""range"": 0.6405610565771983, ""doppler"": 0.0, ""angle"": 2.8001055252577203, ""elevation"": 0.0}, {""range"": 0.7494523970169017, ""doppler"": 0.0, ""angle"": -0.6151780006983844, ""elevation"": 0.0}, {""range"": 0.6650207775053398, ""doppler"": 0.0, ""angle"": 17.801602908117967, ""elevation"": 0.0}]",1785112965311.6082
9,"[{""range"": 0.719964168691253, ""doppler"": 0.0, ""angle"": -21.428815120936434, ""elevation"": 0.0}, {""range"": 0.7486315028818762, ""doppler"": 0.0, ""angle"": -25.493940778109085, ""elevation"": 0.0}, {""range"": 1.2320295257379066, ""doppler"": 0.0, ""angle"": -13.804302512852962, ""elevation"": 0.0}, {""range"": 1.2453350332120934, ""doppler"": 0.0, ""angle"": -13.950444523907976, ""elevation"": 0.0}, {""range"": 2.6659551532291785, ""doppler"": 0.0, ""angle"": -11.572966195927776, ""elevation"": 0.0}, {""range"": 2.6844486244277777, ""doppler"": 0.0, ""angle"": -11.425947492993522, ""elevation"": 0.0}, {""range"": 0.6278951940785055, ""doppler"": 0.0, ""angle"": 2.138006000765721, ""elevation"": 0.0}, {""range"": 0.6351987432731688, ""doppler"": 0.0, ""angle"": 5.816517987350157, ""elevation"": 0.0}, {""range"": 0.6525598882368517, ""doppler"": 0.0, ""angle"": 18.881787264136683, ""elevation"": 0.0}]",1785112965311.915
7,"[{""range"": 1.4847021863216199, ""doppler"": 0.0, ""angle"": -10.836267839065549, ""elevation"": 0.0}, {""range"": 1.4974147698212343, ""doppler"": 0.0, ""angle"": -13.725929626363355, ""elevation"": 0.0}, {""range"": 2.6810443733865696, ""doppler"": 0.0, ""angle"": -11.393869097192708, ""elevation"": 0.0}, {""range"": 0.6445422613137354, ""doppler"": 0.0, ""angle"": -3.945186229037563, ""elevation"": 0.0}, {""range"": 0.6682610468355789, ""doppler"": 0.0, ""angle"": -5.497020210818761, ""elevation"": 0.0}, {""range"": 0.7068745518622317, ""doppler"": 0.0, ""angle"": -6.200942004221358, ""elevation"": 0.0}, {""range"": 0.7405919040354013, ""doppler"": 0.0, ""angle"": -8.97334580577229, ""elevation"": 0.0}]",1785112965312.223
6,"[{""range"": 0.7152200630351402, ""doppler"": 0.0, ""angle"": -40.35580495613277, ""elevation"": 0.0}, {""range"": 0.7673377632846764, ""doppler"": 0.0, ""angle"": -29.253020142681567, ""elevation"": 0.0}, {""range"": 2.6656775826851278, ""doppler"": 0.0, ""angle"": -11.033303638239405, ""elevation"": 0.0}, {""range"": 2.683050500477774, ""doppler"": 0.0, ""angle"": -11.64243418003517, ""elevation"": 0.0}, {""range"": 0.6446198682862112, ""doppler"": 0.0, ""angle"": -8.21326670052129, ""elevation"": 0.0}, {""range"": 0.6553191840426585, ""doppler"": 0.0, ""angle"": -6.108841395483888, ""elevation"": 0.0}]",1785112965312.526
6,"[{""range"": 0.7550075086595103, ""doppler"": 0.0, ""angle"": -37.561973117417324, ""elevation"": 0.0}, {""range"": 1.2147457167921094, ""doppler"": 0.0, ""angle"": -14.831995428607827, ""elevation"": 0.0}, {""range"": 1.2317565904826981, ""doppler"": 0.0, ""angle"": -14.502249355822912, ""elevation"": 0.0}, {""range"": 1.2444045572352402, ""doppler"": 0.0, ""angle"": -13.672820611327824, ""elevation"": 0.0}, {""range"": 2.6420018998428363, ""doppler"": 0.0, ""angle"": -13.025135783824727, ""elevation"": 0.0}, {""range"": 2.6852327052472593, ""doppler"": 0.0, ""angle"": -11.099669557665964, ""elevation"": 0.0}]",1785112965312.823
3,"[{""range"": 2.6873738153833835, ""doppler"": 0.0, ""angle"": -10.272111482723389, ""elevation"": 0.0}, {""range"": 0.6441151193114463, ""doppler"": 0.0, ""angle"": 13.878074804265538, ""elevation"": 0.0}, {""range"": 0.6615848068680446, ""doppler"": 0.0, ""angle"": 26.260326104099573, ""elevation"": 0.0}]",1785112965313.109
9,"[{""range"": 0.7510974748870346, ""doppler"": 0.0, ""angle"": -21.244149040323144, ""elevation"": 0.0}, {""range"": 0.7075700821266081, ""doppler"": 0.0, ""angle"": -14.324212475559584, ""elevation"": 0.0}, {""range"": 1.210769589555401, ""doppler"": 0.0, ""angle"": -14.103968944083107, ""elevation"": 0.0}, {""range"": 1.2372180050577424, ""doppler"": 0.0, ""angle"": -15.293611723089972, ""elevation"": 0.0}, {""range"": 1.2545390913244943, ""doppler"": 0.0, ""angle"": -13.501450851828933, ""elevation"": 0.0}, {""range"": 2.6868335969993287, ""doppler"": 0.0, ""angle"": -10.712414191068222, ""elevation"": 0.0}, {""range"": 1.8774576251338178, ""doppler"": 0.0, ""angle"": 14.523303436264184, ""elevation"": 0.0}, {""range"": 0.6571803519210179, ""doppler"": 0.0, ""angle"": 33.997060312680674, ""elevation"": 0.0}, {""range"": 0.6583428101567426, ""doppler"": 0.0, ""angle"": 32.79226396052975, ""elevation"": 0.0}]",1785112965313.406
3,"[{""range"": 0.7025897799974276, ""doppler"": 0.0, ""angle"": 6.488342391428384, ""elevation"": 0.0}, {""range"": 0.7388809222019957, ""doppler"": 0.0, ""angle"": 5.931347811799736, ""elevation"": 0.0}, {""range"": 2.6929553285920673, ""doppler"": 0.0, ""angle"": 68.49813661942545, ""elevation"": 0.0}]",1785112965313.683
4,"[{""range"": 2.68432506299739, ""doppler"": 0.0, ""angle"": -9.288514729981939, ""elevation"": 0.0}, {""range"": 0.7097090588051287, ""doppler"": 0.0, ""angle"": 6.684536191405698, ""elevation"": 0.0}, {""range"": 0.7331895736801672, ""doppler"": 0.0, ""angle"": 17.148960088265937, ""elevation"": 0.0}, {""range"": 0.6454546251748843, ""doppler"": 0.0, ""angle"": 37.152437708051224, ""elevation"": 0.0}]",1785112965313.949
4,"[{""range"": 0.7124115228465348, ""doppler"": 0.0, ""angle"": 6.03685744305614, ""elevation"": 0.0}, {""range"": 0.754388545421663, ""doppler"": 0.0, ""angle"": 22.595837181579515, ""elevation"": 0.0}, {""range"": 0.6445894863562572, ""doppler"": 0.0, ""angle"": 36.97162107116644, ""elevation"": 0.0}, {""range"": 0.6479501734112572, ""doppler"": 0.0, ""angle"": 36.86673527806309, ""elevation"": 0.0}]",1785112965314.2312
8,"[{""range"": 0.7545077849447599, ""doppler"": 0.0, ""angle"": -21.08528105733581, ""elevation"": 0.0}, {""range"": 1.276987539990342, ""doppler"": 0.0, ""angle"": -11.542802487630837, ""elevation"": 0.0}, {""range"": 2.687598642832526, ""doppler"": 0.0, ""angle"": -11.019860022787338, ""elevation"": 0.0}, {""range"": 1.4777424682888753, ""doppler"": 0.0, ""angle"": -10.753812249048766, ""elevation"": 0.0}, {""range"": 1.4906348279318202, ""doppler"": 0.0, ""angle"": -10.673698322806244, ""elevation"": 0.0}, {""range"": 0.6324774232904585, ""doppler"": 0.0, ""angle"": 1.4094251497663906, ""elevation"": 0.0}, {""range"": 0.6517134790714582, ""doppler"": 0.0, ""angle"": 3.4606211417758685, ""elevation"": 0.0}, {""range"": 0.703578026490014, ""doppler"": 0.0, ""angle"": 15.961397514614163, ""elevation"": 0.0}]",1785112965314.511
8,"[{""range"": 0.7543887785366818, ""doppler"": 0.0, ""angle"": -23.599827391639604, ""elevation"": 0.0}, {""range"": 1.2364664456352215, ""doppler"": 0.0, ""angle"": -15.165731516663202, ""elevation"": 0.0}, {""range"": 1.2559946244438709, ""doppler"": 0.0, ""angle"": -11.863451292777253, ""elevation"": 0.0}, {""range"": 2.687824361521593, ""doppler"": 0.0, ""angle"": -9.6434231916592, ""elevation"": 0.0}, {""range"": 0.6934630768755746, ""doppler"": 0.0, ""angle"": 3.474038694240536, ""elevation"": 0.0}, {""range"": 0.6204461661744496, ""doppler"": 0.0, ""angle"": 6.5699571666591385, ""elevation"": 0.0}, {""range"": 1.8863749188303454, ""doppler"": 0.0, ""angle"": 31.518905547964938, ""elevation"": 0.0}, {""range"": 1.9068269323469775, ""doppler"": 0.0, ""angle"": 31.255858443475457, ""elevation"": 0.0}]",1785112965314.781
6,"[{""range"": 1.2285353416614806, ""doppler"": 0.0, ""angle"": -13.415290434183376, ""elevation"": 0.0}, {""range"": 2.686872749065056, ""doppler"": 0.0, ""angle"": -9.383963696275512, ""elevation"": 0.0}, {""range"": 0.6236983121221996, ""doppler"": 0.0, ""angle"": 2.3661123496439873, ""elevation"": 0.0}, {""range"": 0.6314704150721788, ""doppler"": 0.0, ""angle"": 2.8729379852118178, ""elevation"": 0.0}, {""range"": 0.6506305886778966, ""doppler"": 0.0, ""angle"": 4.16078449144912, ""elevation"": 0.0}, {""range"": 1.8850708879112468, ""doppler"": 0.0, ""angle"": 27.27480094815195, ""elevation"": 0.0}]",1785112965315.083
7,"[{""range"": 1.4831607712774337, ""doppler"": 0.0, ""angle"": -10.096013810643523, ""elevation"": 0.0}, {""range"": 1.4940352043651515, ""doppler"": 0.0, ""angle"": -9.485996751073031, ""elevation"": 0.0}, {""range"": 0.6133596588428227, ""doppler"": 0.0, ""angle"": 3.1418417208893046, ""elevation"": 0.0}, {""range"": 0.662604461664486, ""doppler"": 0.0, ""angle"": 0.9896262428269561, ""elevation"": 0.0}, {""range"": 0.7071815077221253, ""doppler"": 0.0, ""angle"": -2.17364459156239, ""elevation"": 0.0}, {""range"": 0.6261953688412214, ""doppler"": 0.0, ""angle"": 5.801760977042301, ""elevation"": 0.0}, {""range"": 2.059460756685423, ""doppler"": 0.0, ""angle"": 57.70775270519209, ""elevation"": 0.0}]",1785112965315.367
6,"[{""range"": 0.6308045192266262, ""doppler"": 0.0, ""angle"": -5.5796888398256055, ""elevation"": 0.0}, {""range"": 0.6508808787681375, ""doppler"": 0.0, ""angle"": -5.201554362182972, ""elevation"": 0.0}, {""range"": 1.4785289928280065, ""doppler"": 0.0, ""angle"": -10.036479769984327, ""elevation"": 0.0}, {""range"": 1.4931491703981585, ""doppler"": 0.0, ""angle"": -10.404268131005756, ""elevation"": 0.0}, {""range"": 0.7193322096118728, ""doppler"": 0.0, ""angle"": 16.506890259851286, ""elevation"": 0.0}, {""range"": 1.8771200036675733, ""doppler"": 0.0, ""angle"": 32.148862453768956, ""elevation"": 0.0}]",1785112965315.653
9,"[{""range"": 1.4636841108863656, ""doppler"": 0.0, ""angle"": -10.893987000908533, ""elevation"": 0.0}, {""range"": 1.4800345521532585, ""doppler"": 0.0, ""angle"": -11.767441829145868, ""elevation"": 0.0}, {""range"": 1.4903345377108999, ""doppler"": 0.0, ""angle"": -11.404306348998569, ""elevation"": 0.0}, {""range"": 2.6826371089720844, ""doppler"": 0.0, ""angle"": -9.468600784698246, ""elevation"": 0.0}, {""range"": 0.620138093364009, ""doppler"": 0.0, ""angle"": -0.3469425213025933, ""elevation"": 0.0}, {""range"": 0.6285421962605314, ""doppler"": 0.0, ""angle"": 0.3423035716963526, ""elevation"": 0.0}, {""range"": 0.6501593014862385, ""doppler"": 0.0, ""angle"": 7.109379921777379, ""elevation"": 0.0}, {""range"": 0.6933246227987063, ""doppler"": 0.0, ""angle"": 21.562678453252904, ""elevation"": 0.0}, {""range"": 1.879058909792181, ""doppler"": 0.0, ""angle"": 34.92412576789827, ""elevation"": 0.0}]",1785112965315.921
8,"[{""range"": 0.7404545975222293, ""doppler"": 0.0, ""angle"": -23.72365842990432, ""elevation"": 0.0}, {""range"": 0.7629344356081302, ""doppler"": 0.0, ""angle"": -17.640817574811223, ""elevation"": 0.0}, {""range"": 1.4780783823415145, ""doppler"": 0.0, ""angle"": -11.60627793651313, ""elevation"": 0.0}, {""range"": 1.482405704465384, ""doppler"": 0.0, ""angle"": -10.923638093977207, ""elevation"": 0.0}, {""range"": 2.6838395229199805, ""doppler"": 0.0, ""angle"": -10.26250809571556, ""elevation"": 0.0}, {""range"": 0.6735192699528288, ""doppler"": 0.0, ""angle"": 18.3531733556781, ""elevation"": 0.0}, {""range"": 0.693313923447846, ""doppler"": 0.0, ""angle"": 18.635887442802606, ""elevation"": 0.0}, {""range"": 1.8730753731328362, ""doppler"": 0.0, ""angle"": 33.84480580446185, ""elevation"": 0.0}]",1785112965316.191
8,"[{""range"": 1.4825653516763502, ""doppler"": 0.0, ""angle"": -12.390140800274914, ""elevation"": 0.0}, {""range"": 1.4900775761387894, ""doppler"": 0.0, ""angle"": -12.16486888163842, ""elevation"": 0.0}, {""range"": 2.6656007425196204, ""doppler"": 0.0, ""angle"": -11.55491037022498, ""elevation"": 0.0}, {""range"": 2.683597443760047, ""doppler"": 0.0, ""angle"": -11.585462821716256, ""elevation"": 0.0}, {""range"": 0.6205771016874645, ""doppler"": 0.0, ""angle"": -0.9906064049778768, ""elevation"": 0.0}, {""range"": 0.6302792201705197, ""doppler"": 0.0, ""angle"": 1.2029695382181826, ""elevation"": 0.0}, {""range"": 0.6618562693641897, ""doppler"": 0.0, ""angle"": 11.659052015051133, ""elevation"": 0.0}, {""range"": 0.6875987067796331, ""doppler"": 0.0, ""angle"": 16.964698793293202, ""elevation"": 0.0}]",1785112965316.467
8,"[{""range"": 0.737086849272092, ""doppler"": 0.0, ""angle"": -25.61393908534728, ""elevation"": 0.0}, {""range"": 1.4720138584903437, ""doppler"": 0.0, ""angle"": -12.65865456807671, ""elevation"": 0.0}, {""range"": 1.474314479831302, ""doppler"": 0.0, ""angle"": -10.871091364720078, ""elevation"": 0.0}, {""range"": 2.6866129245731227, ""doppler"": 0.0, ""angle"": -10.437870125515293, ""elevation"": 0.0}, {""range"": 0.6186043441651533, ""doppler"": 0.0, ""angle"": -0.9606371255360328, ""elevation"": 0.0}, {""range"": 0.6264740511064282, ""doppler"": 0.0, ""angle"": 0.9649247484668994, ""elevation"": 0.0}, {""range"": 0.6562394650371808, ""doppler"": 0.0, ""angle"": 12.78281422971208, ""elevation"": 0.0}, {""range"": 0.6843833708575475, ""doppler"": 0.0, ""angle"": 23.90624960168645, ""elevation"": 0.0}]",1785112965316.7368
8,"[{""range"": 1.4829045718847382, ""doppler"": 0.0, ""angle"": -11.892572147562117, ""elevation"": 0.0}, {""range"": 1.4938044261040566, ""doppler"": 0.0, ""angle"": -11.335488727713058, ""elevation"": 0.0}, {""range"": 1.5292385534004855, ""doppler"": 0.0, ""angle"": -9.204592066194598, ""elevation"": 0.0}, {""range"": 2.682789459603733, ""doppler"": 0.0, ""angle"": -10.181197271584887, ""elevation"": 0.0}, {""range"": 0.6194572285224847, ""doppler"": 0.0, ""angle"": -2.0678401505253388, ""elevation"": 0.0}, {""range"": 0.626024953702616, ""doppler"": 0.0, ""angle"": -2.734095323448213, ""elevation"": 0.0}, {""range"": 0.6462426130877518, ""doppler"": 0.0, ""angle"": -3.0294524580524445, ""elevation"": 0.0}, {""range"": 0.6979122746442178, ""doppler"": 0.0, ""angle"": 29.85595124870957, ""elevation"": 0.0}]",1785112965317.007
10,"[{""range"": 1.4662719172656695, ""doppler"": 0.0, ""angle"": -13.512583301559397, ""elevation"": 0.0}, {""range"": 1.4825320950557364, ""doppler"": 0.0, ""angle"": -12.319678068200481, ""elevation"": 0.0}, {""range"": 2.68595098898358, ""doppler"": 0.0, ""angle"": -11.602427090590323, ""elevation"": 0.0}, {""range"": 0.6232275139431793, ""doppler"": 0.0, ""angle"": -6.19314482245844, ""elevation"": 0.0}, {""range"": 0.6374831870726371, ""doppler"": 0.0, ""angle"": -6.798093870789361, ""elevation"": 0.0}, {""range"": 0.658987453893042, ""doppler"": 0.0, ""angle"": -4.076755351825591, ""elevation"": 0.0}, {""range"": 1.4948543425479002, ""doppler"": 0.0, ""angle"": -9.953587477567202, ""elevation"": 0.0}, {""range"": 1.518975273779174, ""doppler"": 0.0, ""angle"": -4.71322993175138, ""elevation"": 0.0}, {""range"": 0.6952915358145674, ""doppler"": 0.0, ""angle"": -3.5239423236298473, ""elevation"": 0.0}, {""range"": 2.0623328041124416, ""doppler"": 0.0, ""angle"": 50.841319005937514, ""elevation"": 0.0}]",1785112965317.2852
9,"[{""range"": 1.4853786691842368, ""doppler"": 0.0, ""angle"": -13.420615243113113, ""elevation"": 0.0}, {""range"": 1.4916370092851132, ""doppler"": 0.0, ""angle"": -14.531007621789689, ""elevation"": 0.0}, {""range"": 0.6450045408862418, ""doppler"": 0.0, ""angle"": -5.249075736742036, ""elevation"": 0.0}, {""range"": 2.6705108290503343, ""doppler"": 0.0, ""angle"": -8.591280013567943, ""elevation"": 0.0}, {""range"": 2.6862172218832137, ""doppler"": 0.0, ""angle"": -7.951026656961078, ""elevation"": 0.0}, {""range"": 2.714806328189732, ""doppler"": 0.0, ""angle"": -6.751946758605513, ""elevation"": 0.0}, {""range"": 0.6812115553041147, ""doppler"": 0.0, ""angle"": 6.647453757029424, ""elevation"": 0.0}, {""range"": 0.7121834186657675, ""doppler"": 0.0, ""angle"": 10.107981060423736, ""elevation"": 0.0}, {""range"": 0.748379917139265, ""doppler"": 0.0, ""angle"": 7.951985346163599, ""elevation"": 0.0}]",1785112965317.577
7,"[{""range"": 1.4862621178148014, ""doppler"": 0.0, ""angle"": -13.235388678876134, ""elevation"": 0.0}, {""range"": 1.491036932871434, ""doppler"": 0.0, ""angle"": -12.494524301330479, ""elevation"": 0.0}, {""range"": 1.5102120157759895, ""doppler"": 0.0, ""angle"": -11.97251262029453, ""elevation"": 0.0}, {""range"": 0.6813518842199264, ""doppler"": 0.0, ""angle"": 17.897623461632932, ""elevation"": 0.0}, {""range"": 0.7063472942641559, ""doppler"": 0.0, ""angle"": 16.576986748848036, ""elevation"": 0.0}, {""range"": 0.7482573722232336, ""doppler"": 0.0, ""angle"": 19.96789908368811, ""elevation"": 0.0}, {""range"": 2.0204209307554595, ""doppler"": 0.0, ""angle"": 57.30712408604637, ""elevation"": 0.0}]",1785112965317.8508
7,"[{""range"": 1.4831438263577623, ""doppler"": 0.0, ""angle"": -15.309645705272185, ""elevation"": 0.0}, {""range"": 1.4818756093485825, ""doppler"": 0.0, ""angle"": -15.36608521282338, ""elevation"": 0.0}, {""range"": 0.6286494226894994, ""doppler"": 0.0, ""angle"": 2.9511146901345975, ""elevation"": 0.0}, {""range"": 0.646289689146951, ""doppler"": 0.0, ""angle"": 6.36995214690373, ""elevation"": 0.0}, {""range"": 0.7490634376576673, ""doppler"": 0.0, ""angle"": 6.015449155383419, ""elevation"": 0.0}, {""range"": 0.6665853463546556, ""doppler"": 0.0, ""angle"": 11.5751888173962, ""elevation"": 0.0}, {""range"": 0.6977954152663844, ""doppler"": 0.0, ""angle"": 11.934785026498934, ""elevation"": 0.0}]",1785112965318.156
7,"[{""range"": 0.753233084056987, ""doppler"": 0.0, ""angle"": -14.237477241490678, ""elevation"": 0.0}, {""range"": 1.481274168802452, ""doppler"": 0.0, ""angle"": -13.529630055938755, ""elevation"": 0.0}, {""range"": 1.4921431404013852, ""doppler"": 0.0, ""angle"": -12.464015410651264, ""elevation"": 0.0}, {""range"": 0.6244957040577814, ""doppler"": 0.0, ""angle"": 0.9023503241868037, ""elevation"": 0.0}, {""range"": 0.6333735955418645, ""doppler"": 0.0, ""angle"": 2.7509318354968273, ""elevation"": 0.0}, {""range"": 0.6483825066362728, ""doppler"": 0.0, ""angle"": 10.43911112319231, ""elevation"": 0.0}, {""range"": 0.6926624969357812, ""doppler"": 0.0, ""angle"": 30.02007504777706, ""elevation"": 0.0}]",1785112965318.4377
9,"[{""range"": 0.7257627837814321, ""doppler"": 0.0, ""angle"": -17.21170550368341, ""elevation"": 0.0}, {""range"": 1.4861440480597068, ""doppler"": 0.0, ""angle"": -13.094860018027605, ""elevation"": 0.0}, {""range"": 1.4949555977594493, ""doppler"": 0.0, ""angle"": -13.185189368915724, ""elevation"": 0.0}, {""range"": 1.5223403560892819, ""doppler"": 0.0, ""angle"": -12.522967979316022, ""elevation"": 0.0}, {""range"": 2.6860947893334273, ""doppler"": 0.0, ""angle"": -8.772551145878516, ""elevation"": 0.0}, {""range"": 0.6175041687764697, ""doppler"": 0.0, ""angle"": 0.7964147960979061, ""elevation"": 0.0}, {""range"": 0.6178471684092773, ""doppler"": 0.0, ""angle"": 1.5423336368382967, ""elevation"": 0.0}, {""range"": 0.6638768278389469, ""doppler"": 0.0, ""angle"": 21.471847040587967, ""elevation"": 0.0}, {""range"": 0.6923263587794712, ""doppler"": 0.0, ""angle"": 30.791179404834686, ""elevation"": 0.0}]",1785112965318.714
7,"[{""range"": 1.4842485598417858, ""doppler"": 0.0, ""angle"": -12.234567275844286, ""elevation"": 0.0}, {""range"": 1.4858826820944773, ""doppler"": 0.0, ""angle"": -12.199740148855597, ""elevation"": 0.0}, {""range"": 0.6263588716847617, ""doppler"": 0.0, ""angle"": -3.584496893615528, ""elevation"": 0.0}, {""range"": 0.6181113543045081, ""doppler"": 0.0, ""angle"": -1.1769178771545616, ""elevation"": 0.0}, {""range"": 1.873940428243381, ""doppler"": 0.0, ""angle"": 19.852786091799576, ""elevation"": 0.0}, {""range"": 0.6863414800996624, ""doppler"": 0.0, ""angle"": 32.671546383087026, ""elevation"": 0.0}, {""range"": 0.6716582951648298, ""doppler"": 0.0, ""angle"": 35.103237602529624, ""elevation"": 0.0}]",1785112965318.9749
5,"[{""range"": 2.6659601905401034, ""doppler"": 0.0, ""angle"": -11.024288763340648, ""elevation"": 0.0}, {""range"": 0.6128520156013961, ""doppler"": 0.0, ""angle"": 1.5883551144932098, ""elevation"": 0.0}, {""range"": 0.6199138692252262, ""doppler"": 0.0, ""angle"": 1.8513402171326818, ""elevation"": 0.0}, {""range"": 0.701383496874576, ""doppler"": 0.0, ""angle"": 21.03646228602426, ""elevation"": 0.0}, {""range"": 0.6796827490399902, ""doppler"": 0.0, ""angle"": 27.616726605236202, ""elevation"": 0.0}]",1785112965319.239
6,"[{""range"": 1.4841073097260131, ""doppler"": 0.0, ""angle"": -12.143936336105531, ""elevation"": 0.0}, {""range"": 1.486960437273277, ""doppler"": 0.0, ""angle"": -12.92489822490855, ""elevation"": 0.0}, {""range"": 0.6198167902930733, ""doppler"": 0.0, ""angle"": 0.7107882660100843, ""elevation"": 0.0}, {""range"": 0.629252434152829, ""doppler"": 0.0, ""angle"": 3.355943641593809, ""elevation"": 0.0}, {""range"": 0.6908437648518891, ""doppler"": 0.0, ""angle"": 10.318110915690323, ""elevation"": 0.0}, {""range"": 0.6611611066830608, ""doppler"": 0.0, ""angle"": 10.88143015125198, ""elevation"": 0.0}]",1785112965319.5012
8,"[{""range"": 0.7512044889250015, ""doppler"": 0.0, ""angle"": -11.547983687073732, ""elevation"": 0.0}, {""range"": 1.480104039259186, ""doppler"": 0.0, ""angle"": -12.6947339848106, ""elevation"": 0.0}, {""range"": 1.4896818016825315, ""doppler"": 0.0, ""angle"": -14.51497603019759, ""elevation"": 0.0}, {""range"": 0.6976027527305807, ""doppler"": 0.0, ""angle"": -3.7329899645602, ""elevation"": 0.0}, {""range"": 0.6258896405635181, ""doppler"": 0.0, ""angle"": 0.6547804022677002, ""elevation"": 0.0}, {""range"": 0.6356451067193025, ""doppler"": 0.0, ""angle"": 2.6442792254047576, ""elevation"": 0.0}, {""range"": 0.653518573679929, ""doppler"": 0.0, ""angle"": 6.804171115487625, ""elevation"": 0.0}, {""range"": 2.023616272132952, ""doppler"": 0.0, ""angle"": 55.548842132344944, ""elevation"": 0.0}]",1785112965319.751
7,"[{""range"": 1.485739940989442, ""doppler"": 0.0, ""angle"": -13.027695701846872, ""elevation"": 0.0}, {""range"": 1.4927674262427115, ""doppler"": 0.0, ""angle"": -13.367062921109811, ""elevation"": 0.0}, {""range"": 1.5112281167242272, ""doppler"": 0.0, ""angle"": -13.981983003061465, ""elevation"": 0.0}, {""range"": 0.6263546857275181, ""doppler"": 0.0, ""angle"": 3.305948136108939, ""elevation"": 0.0}, {""range"": 0.6399625053914846, ""doppler"": 0.0, ""angle"": 7.659176337671074, ""elevation"": 0.0}, {""range"": 0.6582092587714026, ""doppler"": 0.0, ""angle"": 14.168374240017013, ""elevation"": 0.0}, {""range"": 0.6872618831239903, ""doppler"": 0.0, ""angle"": 21.08995517038075, ""elevation"": 0.0}]",1785112965320.033
11,"[{""range"": 1.4863756499913663, ""doppler"": 0.0, ""angle"": -12.28732293436071, ""elevation"": 0.0}, {""range"": 1.4915496665867751, ""doppler"": 0.0, ""angle"": -13.378178979839385, ""elevation"": 0.0}, {""range"": 1.5181659173663224, ""doppler"": 0.0, ""angle"": -14.46671072932855, ""elevation"": 0.0}, {""range"": 2.660497842718261, ""doppler"": 0.0, ""angle"": -11.18456558739602, ""elevation"": 0.0}, {""range"": 2.6832069030818753, ""doppler"": 0.0, ""angle"": -12.176361645267033, ""elevation"": 0.0}, {""range"": 2.632916294807572, ""doppler"": 0.0, ""angle"": -9.246737971340126, ""elevation"": 0.0}, {""range"": 0.6294991100153152, ""doppler"": 0.0, ""angle"": 0.8789004012997037, ""elevation"": 0.0}, {""range"": 0.6429677909263598, ""doppler"": 0.0, ""angle"": 3.507751228473217, ""elevation"": 0.0}, {""range"": 0.6610752844894106, ""doppler"": 0.0, ""angle"": 6.928943521388573, ""elevation"": 0.0}, {""range"": 0.6896520335955622, ""doppler"": 0.0, ""angle"": 9.310901489374228, ""elevation"": 0.0}, {""range"": 2.0294259004595836, ""doppler"": 0.0, ""angle"": 54.72054173382537, ""elevation"": 0.0}]",1785112965320.2932
6,"[{""range"": 1.4794898732422759, ""doppler"": 0.0, ""angle"": -16.406735241907775, ""elevation"": 0.0}, {""range"": 2.6812173023297414, ""doppler"": 0.0, ""angle"": -11.276210123151474, ""elevation"": 0.0}, {""range"": 0.6329844814014743, ""doppler"": 0.0, ""angle"": 4.894024110364713, ""elevation"": 0.0}, {""range"": 0.6476038620318828, ""doppler"": 0.0, ""angle"": 8.047321208196106, ""elevation"": 0.0}, {""range"": 0.665216003098467, ""doppler"": 0.0, ""angle"": 12.355073298783239, ""elevation"": 0.0}, {""range"": 0.6883267685053628, ""doppler"": 0.0, ""angle"": 14.487495711366433, ""elevation"": 0.0}]",1785112965320.545
9,"[{""range"": 1.4917958722099967, ""doppler"": 0.0, ""angle"": -11.645306746174583, ""elevation"": 0.0}, {""range"": 1.4934804630740315, ""doppler"": 0.0, ""angle"": -12.53699250156683, ""elevation"": 0.0}, {""range"": 1.5148756963289856, ""doppler"": 0.0, ""angle"": -13.404716274904946, ""elevation"": 0.0}, {""range"": 2.6809382825992563, ""doppler"": 0.0, ""angle"": -9.757603609385301, ""elevation"": 0.0}, {""range"": 0.6302923592507917, ""doppler"": 0.0, ""angle"": 3.3015536008198976, ""elevation"": 0.0}, {""range"": 0.6455711276427687, ""doppler"": 0.0, ""angle"": 5.770600271017756, ""elevation"": 0.0}, {""range"": 0.659642277059694, ""doppler"": 0.0, ""angle"": 9.722767381970295, ""elevation"": 0.0}, {""range"": 0.68503732595296, ""doppler"": 0.0, ""angle"": 15.425641352891665, ""elevation"": 0.0}, {""range"": 0.7379460208103253, ""doppler"": 0.0, ""angle"": 26.6643935647643, ""elevation"": 0.0}]",1785112965320.7979
7,"[{""range"": 1.4956361119365869, ""doppler"": 0.0, ""angle"": -13.502927125927828, ""elevation"": 0.0}, {""range"": 1.487676268118468, ""doppler"": 0.0, ""angle"": -14.463840903722126, ""elevation"": 0.0}, {""range"": 0.6310567445835311, ""doppler"": 0.0, ""angle"": 4.550617136652323, ""elevation"": 0.0}, {""range"": 0.6450687091661642, ""doppler"": 0.0, ""angle"": 7.454004453107414, ""elevation"": 0.0}, {""range"": 0.664897824717472, ""doppler"": 0.0, ""angle"": 11.47916002268202, ""elevation"": 0.0}, {""range"": 0.6924410011485298, ""doppler"": 0.0, ""angle"": 13.65226773024948, ""elevation"": 0.0}, {""range"": 0.7336981737524719, ""doppler"": 0.0, ""angle"": 12.427329657566851, ""elevation"": 0.0}]",1785112965321.06
9,"[{""range"": 1.4596982760802846, ""doppler"": 0.0, ""angle"": -12.39329755465856, ""elevation"": 0.0}, {""range"": 1.4854815281346279, ""doppler"": 0.0, ""angle"": -12.160750471568432, ""elevation"": 0.0}, {""range"": 1.4987264170954828, ""doppler"": 0.0, ""angle"": -11.91189476371095, ""elevation"": 0.0}, {""range"": 1.5223064141106917, ""doppler"": 0.0, ""angle"": -11.649144234112017, ""elevation"": 0.0}, {""range"": 2.6829438931349623, ""doppler"": 0.0, ""angle"": -9.959534860017282, ""elevation"": 0.0}, {""range"": 0.6237503960494444, ""doppler"": 0.0, ""angle"": 0.7063055387544497, ""elevation"": 0.0}, {""range"": 0.6303870894936237, ""doppler"": 0.0, ""angle"": 3.4475823092094187, ""elevation"": 0.0}, {""range"": 0.6475687812606254, ""doppler"": 0.0, ""angle"": 9.857674499037012, ""elevation"": 0.0}, {""range"": 0.6799854043786334, ""doppler"": 0.0, ""angle"": 15.355549414421832, ""elevation"": 0.0}]",1785112965321.326
8,"[{""range"": 1.4821157957841078, ""doppler"": 0.0, ""angle"": -13.457822714662731, ""elevation"": 0.0}, {""range"": 1.491590782279834, ""doppler"": 0.0, ""angle"": -11.976743279921337, ""elevation"": 0.0}, {""range"": 2.6840733367062932, ""doppler"": 0.0, ""angle"": -11.112304814496397, ""elevation"": 0.0}, {""range"": 1.5306099374340911, ""doppler"": 0.0, ""angle"": -7.680454497143195, ""elevation"": 0.0}, {""range"": 0.6267838814965951, ""doppler"": 0.0, ""angle"": 2.0436582690653604, ""elevation"": 0.0}, {""range"": 0.6398725407527109, ""doppler"": 0.0, ""angle"": 5.1465918353858315, ""elevation"": 0.0}, {""range"": 0.6522900959981379, ""doppler"": 0.0, ""angle"": 10.040734801088252, ""elevation"": 0.0}, {""range"": 0.6815934263110057, ""doppler"": 0.0, ""angle"": 19.095677298392086, ""elevation"": 0.0}]",1785112965321.582
8,"[{""range"": 1.4849944430229611, ""doppler"": 0.0, ""angle"": -13.147683728042727, ""elevation"": 0.0}, {""range"": 1.4818728906446763, ""doppler"": 0.0, ""angle"": -14.200572859951533, ""elevation"": 0.0}, {""range"": 2.661884022548078, ""doppler"": 0.0, ""angle"": -9.410436480408006, ""elevation"": 0.0}, {""range"": 2.6816136474262997, ""doppler"": 0.0, ""angle"": -9.170255701702636, ""elevation"": 0.0}, {""range"": 0.6262187545337183, ""doppler"": 0.0, ""angle"": 0.35993448534318184, ""elevation"": 0.0}, {""range"": 0.635454558124451, ""doppler"": 0.0, ""angle"": 2.241635998252761, ""elevation"": 0.0}, {""range"": 0.6497285688547243, ""doppler"": 0.0, ""angle"": 8.020831743780382, ""elevation"": 0.0}, {""range"": 0.6829419176558611, ""doppler"": 0.0, ""angle"": 20.60345223398125, ""elevation"": 0.0}]",1785112965321.857
7,"[{""range"": 1.4856863960883262, ""doppler"": 0.0, ""angle"": -12.957401676491974, ""elevation"": 0.0}, {""range"": 1.4947062866982308, ""doppler"": 0.0, ""angle"": -11.643309438151148, ""elevation"": 0.0}, {""range"": 1.5257639359676012, ""doppler"": 0.0, ""angle"": -7.637241463584539, ""elevation"": 0.0}, {""range"": 0.6255148098788053, ""doppler"": 0.0, ""angle"": 1.4578849935836318, ""elevation"": 0.0}, {""range"": 0.6356368822368922, ""doppler"": 0.0, ""angle"": 2.628178248349522, ""elevation"": 0.0}, {""range"": 0.6510336391137728, ""doppler"": 0.0, ""angle"": 6.560899926530957, ""elevation"": 0.0}, {""range"": 0.6890069367312001, ""doppler"": 0.0, ""angle"": 26.412103196738617, ""elevation"": 0.0}]",1785112965322.124
8,"[{""range"": 1.4613452463031333, ""doppler"": 0.0, ""angle"": -13.63835069816282, ""elevation"": 0.0}, {""range"": 1.4867061938330377, ""doppler"": 0.0, ""angle"": -12.913006285444652, ""elevation"": 0.0}, {""range"": 1.500388074769738, ""doppler"": 0.0, ""angle"": -11.647403712569373, ""elevation"": 0.0}, {""range"": 1.5275889796534992, ""doppler"": 0.0, ""angle"": -9.690560288719679, ""elevation"": 0.0}, {""range"": 0.6196150785083565, ""doppler"": 0.0, ""angle"": -0.5125892576956366, ""elevation"": 0.0}, {""range"": 0.6258634838009532, ""doppler"": 0.0, ""angle"": 0.3928791875298548, ""elevation"": 0.0}, {""range"": 0.65007362538328, ""doppler"": 0.0, ""angle"": 7.300949612275023, ""elevation"": 0.0}, {""range"": 0.6926924551794301, ""doppler"": 0.0, ""angle"": 20.980168541533086, ""elevation"": 0.0}]",1785112965322.391
8,"[{""range"": 1.487125841519631, ""doppler"": 0.0, ""angle"": -12.704412091624588, ""elevation"": 0.0}, {""range"": 1.4935859431412515, ""doppler"": 0.0, ""angle"": -14.518715833409033, ""elevation"": 0.0}, {""range"": 1.5237018639986621, ""doppler"": 0.0, ""angle"": -16.506032801155406, ""elevation"": 0.0}, {""range"": 2.686785185692733, ""doppler"": 0.0, ""angle"": -11.050433687254683, ""elevation"": 0.0}, {""range"": 0.6214000591792075, ""doppler"": 0.0, ""angle"": -0.478140729290259, ""elevation"": 0.0}, {""range"": 0.6331959219228964, ""doppler"": 0.0, ""angle"": 0.4045102199787411, ""elevation"": 0.0}, {""range"": 0.6711022505622393, ""doppler"": 0.0, ""angle"": 17.314863920106937, ""elevation"": 0.0}, {""range"": 0.6919452356072258, ""doppler"": 0.0, ""angle"": 20.35502038286119, ""elevation"": 0.0}]",1785112965322.647
10,"[{""range"": 0.7606359301890142, ""doppler"": 0.0, ""angle"": -22.10905837758178, ""elevation"": 0.0}, {""range"": 1.4859646019356687, ""doppler"": 0.0, ""angle"": -11.783194693442589, ""elevation"": 0.0}, {""range"": 1.4950956518871206, ""doppler"": 0.0, ""angle"": -13.057278889536159, ""elevation"": 0.0}, {""range"": 1.518906165070898, ""doppler"": 0.0, ""angle"": -14.139308031671604, ""elevation"": 0.0}, {""range"": 2.7176393345569054, ""doppler"": 0.0, ""angle"": -11.53838982021142, ""elevation"": 0.0}, {""range"": 2.668785168267223, ""doppler"": 0.0, ""angle"": -9.22249724920821, ""elevation"": 0.0}, {""range"": 2.68594498919903, ""doppler"": 0.0, ""angle"": -9.793424628227882, ""elevation"": 0.0}, {""range"": 0.6990040708801001, ""doppler"": 0.0, ""angle"": 20.015664496044863, ""elevation"": 0.0}, {""range"": 0.6835334259077916, ""doppler"": 0.0, ""angle"": 28.978900806036187, ""elevation"": 0.0}, {""range"": 0.6677987068254453, ""doppler"": 0.0, ""angle"": 36.91285489764522, ""elevation"": 0.0}]",1785112965322.916
7,"[{""range"": 1.4851032170795975, ""doppler"": 0.0, ""angle"": -12.608872543324164, ""elevation"": 0.0}, {""range"": 1.493875134829398, ""doppler"": 0.0, ""angle"": -12.189598519479734, ""elevation"": 0.0}, {""range"": 1.5104761469066705, ""doppler"": 0.0, ""angle"": -12.372839152112233, ""elevation"": 0.0}, {""range"": 0.6675892454079662, ""doppler"": 0.0, ""angle"": 14.408457938768748, ""elevation"": 0.0}, {""range"": 0.6982380076442045, ""doppler"": 0.0, ""angle"": 17.650759780434957, ""elevation"": 0.0}, {""range"": 0.684771224224074, ""doppler"": 0.0, ""angle"": 18.43494882292201, ""elevation"": 0.0}, {""range"": 0.7321103905040665, ""doppler"": 0.0, ""angle"": 19.891045021423455, ""elevation"": 0.0}]",1785112965323.1821
9,"[{""range"": 1.4636594365628253, ""doppler"": 0.0, ""angle"": -13.386012589315914, ""elevation"": 0.0}, {""range"": 1.4865884282053485, ""doppler"": 0.0, ""angle"": -12.292590195812299, ""elevation"": 0.0}, {""range"": 1.4986699225496845, ""doppler"": 0.0, ""angle"": -12.163989443562402, ""elevation"": 0.0}, {""range"": 1.5264879313736057, ""doppler"": 0.0, ""angle"": -11.308616207175053, ""elevation"": 0.0}, {""range"": 0.7042218530629815, ""doppler"": 0.0, ""angle"": 22.1364055115279, ""elevation"": 0.0}, {""range"": 0.7435234119558067, ""doppler"": 0.0, ""angle"": 19.85125429609772, ""elevation"": 0.0}, {""range"": 0.6673003020517909, ""doppler"": 0.0, ""angle"": 30.874231949439572, ""elevation"": 0.0}, {""range"": 0.6810184971421686, ""doppler"": 0.0, ""angle"": 26.242109855683218, ""elevation"": 0.0}, {""range"": 2.055863494063533, ""doppler"": 0.0, ""angle"": 57.08811197651891, ""elevation"": 0.0}]",1785112965323.4329
10,"[{""range"": 1.4580381736373664, ""doppler"": 0.0, ""angle"": -12.90455483389347, ""elevation"": 0.0}, {""range"": 1.4855434316474605, ""doppler"": 0.0, ""angle"": -12.139071957037205, ""elevation"": 0.0}, {""range"": 1.4949657357362476, ""doppler"": 0.0, ""angle"": -11.725238622521912, ""elevation"": 0.0}, {""range"": 1.515404470626077, ""doppler"": 0.0, ""angle"": -11.689140880843707, ""elevation"": 0.0}, {""range"": 0.7396607431055061, ""doppler"": 0.0, ""angle"": 8.410222398951008, ""elevation"": 0.0}, {""range"": 3.514901205816005, ""doppler"": 0.0, ""angle"": 4.8970180499969365, ""elevation"": 0.0}, {""range"": 0.6848864542957497, ""doppler"": 0.0, ""angle"": 24.510808079673545, ""elevation"": 0.0}, {""range"": 0.6989902792813482, ""doppler"": 0.0, ""angle"": 19.3156398218373, ""elevation"": 0.0}, {""range"": 0.6718890692998477, ""doppler"": 0.0, ""angle"": 28.53622503639889, ""elevation"": 0.0}, {""range"": 1.8846787214333427, ""doppler"": 0.0, ""angle"": 33.8242529649997, ""elevation"": 0.0}]",1785112965323.743
11,"[{""range"": 1.4898399395113056, ""doppler"": 0.0, ""angle"": -13.634285610232947, ""elevation"": 0.0}, {""range"": 1.490051439788894, ""doppler"": 0.0, ""angle"": -13.462571052144433, ""elevation"": 0.0}, {""range"": 2.6390303128064216, ""doppler"": 0.0, ""angle"": -10.422906754600184, ""elevation"": 0.0}, {""range"": 3.5177387049369613, ""doppler"": 0.0, ""angle"": 6.73161574000593, ""elevation"": 0.0}, {""range"": 0.7336341522261745, ""doppler"": 0.0, ""angle"": 11.529035725354277, ""elevation"": 0.0}, {""range"": 0.6673555470198035, ""doppler"": 0.0, ""angle"": 18.366982331061696, ""elevation"": 0.0}, {""range"": 0.6794792569186079, ""doppler"": 0.0, ""angle"": 22.64422194509085, ""elevation"": 0.0}, {""range"": 0.6952184815100659, ""doppler"": 0.0, ""angle"": 22.80577545717865, ""elevation"": 0.0}, {""range"": 1.8836411936696158, ""doppler"": 0.0, ""angle"": 29.94322450399664, ""elevation"": 0.0}, {""range"": 1.8936086306328206, ""doppler"": 0.0, ""angle"": 33.85813386353318, ""elevation"": 0.0}, {""range"": 2.6922620548949, ""doppler"": 0.0, ""angle"": 65.54061307376375, ""elevation"": 0.0}]",1785112965324.0142
9,"[{""range"": 0.7784191808008571, ""doppler"": 0.0, ""angle"": -18.176898967424993, ""elevation"": 0.0}, {""range"": 1.488695808870325, ""doppler"": 0.0, ""angle"": -12.690790499154845, ""elevation"": 0.0}, {""range"": 1.488449788618316, ""doppler"": 0.0, ""angle"": -12.298111747366113, ""elevation"": 0.0}, {""range"": 0.6750561377424326, ""doppler"": 0.0, ""angle"": 21.84932035820118, ""elevation"": 0.0}, {""range"": 0.6866256005038901, ""doppler"": 0.0, ""angle"": 20.487935784431116, ""elevation"": 0.0}, {""range"": 0.6981028135775643, ""doppler"": 0.0, ""angle"": 20.02699114836205, ""elevation"": 0.0}, {""range"": 1.8825613296096677, ""doppler"": 0.0, ""angle"": 27.387713254821662, ""elevation"": 0.0}, {""range"": 1.8945694894579643, ""doppler"": 0.0, ""angle"": 26.96892761538482, ""elevation"": 0.0}, {""range"": 2.690605907847786, ""doppler"": 0.0, ""angle"": 67.15840349274347, ""elevation"": 0.0}]",1785112965324.2822
7,"[{""range"": 0.7465750509552807, ""doppler"": 0.0, ""angle"": -14.50887133786761, ""elevation"": 0.0}, {""range"": 1.4867098607528633, ""doppler"": 0.0, ""angle"": -12.249256334806487, ""elevation"": 0.0}, {""range"": 1.4954484185045764, ""doppler"": 0.0, ""angle"": -13.145586698107907, ""elevation"": 0.0}, {""range"": 1.515892046066375, ""doppler"": 0.0, ""angle"": -15.146049503446644, ""elevation"": 0.0}, {""range"": 0.705562398788195, ""doppler"": 0.0, ""angle"": -1.1472146212252587, ""elevation"": 0.0}, {""range"": 0.6834837457164278, ""doppler"": 0.0, ""angle"": 7.4559657041257745, ""elevation"": 0.0}, {""range"": 2.691375577991309, ""doppler"": 0.0, ""angle"": 67.04133597262083, ""elevation"": 0.0}]",1785112965324.542
8,"[{""range"": 0.7079320216674293, ""doppler"": 0.0, ""angle"": -16.191896241821897, ""elevation"": 0.0}, {""range"": 0.7516084210570029, ""doppler"": 0.0, ""angle"": -17.02956968145275, ""elevation"": 0.0}, {""range"": 1.485657201682819, ""doppler"": 0.0, ""angle"": -14.954516552256683, ""elevation"": 0.0}, {""range"": 1.4963749727151072, ""doppler"": 0.0, ""angle"": -14.575939068483043, ""elevation"": 0.0}, {""range"": 0.6257012568060917, ""doppler"": 0.0, ""angle"": 0.573102430318155, ""elevation"": 0.0}, {""range"": 0.6331805454340123, ""doppler"": 0.0, ""angle"": -0.06472268301871408, ""elevation"": 0.0}, {""range"": 0.6483831970338092, ""doppler"": 0.0, ""angle"": -2.339239099913527, ""elevation"": 0.0}, {""range"": 2.6906291998497296, ""doppler"": 0.0, ""angle"": 66.53741697798303, ""elevation"": 0.0}]",1785112965324.8
6,"[{""range"": 1.485650927985222, ""doppler"": 0.0, ""angle"": -11.5885378359783, ""elevation"": 0.0}, {""range"": 1.4974456033568364, ""doppler"": 0.0, ""angle"": -12.335118775659524, ""elevation"": 0.0}, {""range"": 1.5137546284940333, ""doppler"": 0.0, ""angle"": -13.547066966451418, ""elevation"": 0.0}, {""range"": 0.6203752247904111, ""doppler"": 0.0, ""angle"": 0.8587942956817294, ""elevation"": 0.0}, {""range"": 0.624097622154893, ""doppler"": 0.0, ""angle"": 0.6238262428183938, ""elevation"": 0.0}, {""range"": 2.689120287467316, ""doppler"": 0.0, ""angle"": 68.56011568866698, ""elevation"": 0.0}]",1785112965325.107
8,"[{""range"": 1.487147288431638, ""doppler"": 0.0, ""angle"": -15.403153870418041, ""elevation"": 0.0}, {""range"": 1.503869933025125, ""doppler"": 0.0, ""angle"": -14.832678359579578, ""elevation"": 0.0}, {""range"": 1.5267817077502441, ""doppler"": 0.0, ""angle"": -14.591231672294898, ""elevation"": 0.0}, {""range"": 0.6815362625137853, ""doppler"": 0.0, ""angle"": -9.42278061353508, ""elevation"": 0.0}, {""range"": 0.6268040825066795, ""doppler"": 0.0, ""angle"": 0.8009444558178234, ""elevation"": 0.0}, {""range"": 0.6346110559979768, ""doppler"": 0.0, ""angle"": 0.06457678811165256, ""elevation"": 0.0}, {""range"": 0.6480041814956632, ""doppler"": 0.0, ""angle"": -2.2931377046866563, ""elevation"": 0.0}, {""range"": 1.913136976958425, ""doppler"": 0.0, ""angle"": 30.071022061150224, ""elevation"": 0.0}]",1785112965325.375
9,"[{""range"": 0.7422640291106869, ""doppler"": 0.0, ""angle"": -26.651470085169528, ""elevation"": 0.0}, {""range"": 0.689589463720642, ""doppler"": 0.0, ""angle"": -14.537118340623223, ""elevation"": 0.0}, {""range"": 1.4862445951175378, ""doppler"": 0.0, ""angle"": -15.484259486919749, ""elevation"": 0.0}, {""range"": 1.503659313195904, ""doppler"": 0.0, ""angle"": -15.145162190740317, ""elevation"": 0.0}, {""range"": 1.522344693298724, ""doppler"": 0.0, ""angle"": -14.537350439680258, ""elevation"": 0.0}, {""range"": 0.6509114582666016, ""doppler"": 0.0, ""angle"": -5.88130689761122, ""elevation"": 0.0}, {""range"": 0.6259848838338704, ""doppler"": 0.0, ""angle"": -1.1948530166947793, ""elevation"": 0.0}, {""range"": 0.6331779195266602, ""doppler"": 0.0, ""angle"": -2.719384242437322, ""elevation"": 0.0}, {""range"": 2.688909327592345, ""doppler"": 0.0, ""angle"": 69.19555971780187, ""elevation"": 0.0}]",1785112965325.742
9,"[{""range"": 1.4937031891844776, ""doppler"": 0.0, ""angle"": -11.175416640232699, ""elevation"": 0.0}, {""range"": 1.4946117962338807, ""doppler"": 0.0, ""angle"": -11.24540417148978, ""elevation"": 0.0}, {""range"": 1.508463804664624, ""doppler"": 0.0, ""angle"": -11.244664730633593, ""elevation"": 0.0}, {""range"": 0.6421391624729753, ""doppler"": 0.0, ""angle"": -5.25654204409986, ""elevation"": 0.0}, {""range"": 0.6546333200039471, ""doppler"": 0.0, ""angle"": -8.150022082005538, ""elevation"": 0.0}, {""range"": 0.6824794736722155, ""doppler"": 0.0, ""angle"": -9.622738125375303, ""elevation"": 0.0}, {""range"": 0.6307410542538591, ""doppler"": 0.0, ""angle"": -2.0958464325071264, ""elevation"": 0.0}, {""range"": 0.6927722144173887, ""doppler"": 0.0, ""angle"": 24.79889717774978, ""elevation"": 0.0}, {""range"": 2.6869951699666084, ""doppler"": 0.0, ""angle"": 65.89117087054662, ""elevation"": 0.0}]",1785112965326.022
9,"[{""range"": 1.49349622026125, ""doppler"": 0.0, ""angle"": -16.091450116669336, ""elevation"": 0.0}, {""range"": 1.4988897123348477, ""doppler"": 0.0, ""angle"": -14.727559206643056, ""elevation"": 0.0}, {""range"": 1.511639708902184, ""doppler"": 0.0, ""angle"": -15.302079035550568, ""elevation"": 0.0}, {""range"": 0.636904008636493, ""doppler"": 0.0, ""angle"": -4.670130359300957, ""elevation"": 0.0}, {""range"": 0.6499551012754633, ""doppler"": 0.0, ""angle"": -9.006225406188452, ""elevation"": 0.0}, {""range"": 0.6274150849682358, ""doppler"": 0.0, ""angle"": -1.192128939597241, ""elevation"": 0.0}, {""range"": 0.6923942690687187, ""doppler"": 0.0, ""angle"": 29.981639368849336, ""elevation"": 0.0}, {""range"": 2.6891006921961353, ""doppler"": 0.0, ""angle"": 63.632596072466924, ""elevation"": 0.0}, {""range"": 2.7130264443069265, ""doppler"": 0.0, ""angle"": 63.710228555271776, ""elevation"": 0.0}]",1785112965326.2952
7,"[{""range"": 1.4939479590704658, ""doppler"": 0.0, ""angle"": -11.43232180773254, ""elevation"": 0.0}, {""range"": 1.4963723124065025, ""doppler"": 0.0, ""angle"": -12.435235775820178, ""elevation"": 0.0}, {""range"": 1.508478250132222, ""doppler"": 0.0, ""angle"": -12.37557928744109, ""elevation"": 0.0}, {""range"": 0.6386032183705843, ""doppler"": 0.0, ""angle"": -7.594643368591445, ""elevation"": 0.0}, {""range"": 0.6242609829630409, ""doppler"": 0.0, ""angle"": -0.4759494090583127, ""elevation"": 0.0}, {""range"": 0.625275102024879, ""doppler"": 0.0, ""angle"": -2.999869666211056, ""elevation"": 0.0}, {""range"": 0.6899043187558968, ""doppler"": 0.0, ""angle"": 26.126724102230213, ""elevation"": 0.0}]",1785112965326.5522
8,"[{""range"": 0.6826512055611863, ""doppler"": 0.0, ""angle"": -15.93302679101252, ""elevation"": 0.0}, {""range"": 1.4870505329952948, ""doppler"": 0.0, ""angle"": -15.154206593828896, ""elevation"": 0.0}, {""range"": 1.4923244146920318, ""doppler"": 0.0, ""angle"": -15.426725537518022, ""elevation"": 0.0}, {""range"": 0.6349000196497077, ""doppler"": 0.0, ""angle"": -4.6363328357143425, ""elevation"": 0.0}, {""range"": 0.6472556857631844, ""doppler"": 0.0, ""angle"": -8.387534286395498, ""elevation"": 0.0}, {""range"": 2.6868694467471963, ""doppler"": 0.0, ""angle"": -8.754569481820601, ""elevation"": 0.0}, {""range"": 2.7132743295767283, ""doppler"": 0.0, ""angle"": -7.2922187229093165, ""elevation"": 0.0}, {""range"": 0.6257644153694333, ""doppler"": 0.0, ""angle"": -2.1780576613609166, ""elevation"": 0.0}]",1785112965326.804
7,"[{""range"": 1.4922044997144508, ""doppler"": 0.0, ""angle"": -12.850523377015618, ""elevation"": 0.0}, {""range"": 1.5010091657791202, ""doppler"": 0.0, ""angle"": -13.124051734792937, ""elevation"": 0.0}, {""range"": 1.5237641453087725, ""doppler"": 0.0, ""angle"": -13.062651434930318, ""elevation"": 0.0}, {""range"": 0.621932240891035, ""doppler"": 0.0, ""angle"": 0.42831009727333297, ""elevation"": 0.0}, {""range"": 0.625610467977811, ""doppler"": 0.0, ""angle"": -1.7689385083360178, ""elevation"": 0.0}, {""range"": 0.6927526447138082, ""doppler"": 0.0, ""angle"": 30.994192534264116, ""elevation"": 0.0}, {""range"": 0.6723314760890076, ""doppler"": 0.0, ""angle"": 36.357879202154315, ""elevation"": 0.0}]",1785112965327.059
8,"[{""range"": 1.4907131834724487, ""doppler"": 0.0, ""angle"": -13.42115137184298, ""elevation"": 0.0}, {""range"": 1.4999491152780393, ""doppler"": 0.0, ""angle"": -12.888128699125724, ""elevation"": 0.0}, {""range"": 1.5240706149489476, ""doppler"": 0.0, ""angle"": -11.868923677619765, ""elevation"": 0.0}, {""range"": 0.6452876610844921, ""doppler"": 0.0, ""angle"": -6.843403972026866, ""elevation"": 0.0}, {""range"": 2.682781742461165, ""doppler"": 0.0, ""angle"": -8.536241755636203, ""elevation"": 0.0}, {""range"": 0.6239740614294282, ""doppler"": 0.0, ""angle"": -0.9852129393080381, ""elevation"": 0.0}, {""range"": 0.6284662924942391, ""doppler"": 0.0, ""angle"": -3.2458421786038314, ""elevation"": 0.0}, {""range"": 0.697480638362785, ""doppler"": 0.0, ""angle"": 20.186411249220733, ""elevation"": 0.0}]",1785112965327.3079
8,"[{""range"": 1.4858590757753494, ""doppler"": 0.0, ""angle"": -13.934231300820814, ""elevation"": 0.0}, {""range"": 1.4929069574524658, ""doppler"": 0.0, ""angle"": -15.584356198600792, ""elevation"": 0.0}, {""range"": 0.6216026062972101, ""doppler"": 0.0, ""angle"": 0.6922628426230111, ""elevation"": 0.0}, {""range"": 0.6205319910560209, ""doppler"": 0.0, ""angle"": -0.7099689974591026, ""elevation"": 0.0}, {""range"": 2.7245840680785607, ""doppler"": 0.0, ""angle"": 1.967029089244644, ""elevation"": 0.0}, {""range"": 2.7440651021607736, ""doppler"": 0.0, ""angle"": 20.734336052735067, ""elevation"": 0.0}, {""range"": 0.7055687432293345, ""doppler"": 0.0, ""angle"": 26.246852794142587, ""elevation"": 0.0}, {""range"": 0.6762526921986629, ""doppler"": 0.0, ""angle"": 40.79684262127533, ""elevation"": 0.0}]",1785112965327.5508
5,"[{""range"": 1.4851022697548262, ""doppler"": 0.0, ""angle"": -12.481666711974796, ""elevation"": 0.0}, {""range"": 1.4914999318041866, ""doppler"": 0.0, ""angle"": -13.399816482176968, ""elevation"": 0.0}, {""range"": 0.7099470106495346, ""doppler"": 0.0, ""angle"": 22.54104916589756, ""elevation"": 0.0}, {""range"": 0.7405825783611156, ""doppler"": 0.0, ""angle"": 27.400297646186903, ""elevation"": 0.0}, {""range"": 0.6735560847680272, ""doppler"": 0.0, ""angle"": 36.036319909528395, ""elevation"": 0.0}]",1785112965327.801
5,"[{""range"": 1.4896070087474298, ""doppler"": 0.0, ""angle"": -15.641186758690075, ""elevation"": 0.0}, {""range"": 1.4936977948268628, ""doppler"": 0.0, ""angle"": -14.992831210496485, ""elevation"": 0.0}, {""range"": 0.7001692673864257, ""doppler"": 0.0, ""angle"": 33.63730899621961, ""elevation"": 0.0}, {""range"": 0.6762662855704307, ""doppler"": 0.0, ""angle"": 35.88814402386538, ""elevation"": 0.0}, {""range"": 0.74689715617651, ""doppler"": 0.0, ""angle"": 39.023994133387916, ""elevation"": 0.0}]",1785112965328.052
8,"[{""range"": 1.487219238143268, ""doppler"": 0.0, ""angle"": -11.74496563919675, ""elevation"": 0.0}, {""range"": 1.500108984297478, ""doppler"": 0.0, ""angle"": -11.963580189560384, ""elevation"": 0.0}, {""range"": 1.5298694589276904, ""doppler"": 0.0, ""angle"": -11.56341128897736, ""elevation"": 0.0}, {""range"": 0.654084506920236, ""doppler"": 0.0, ""angle"": -4.8143723833290375, ""elevation"": 0.0}, {""range"": 0.747313920497292, ""doppler"": 0.0, ""angle"": -5.505971095445734, ""elevation"": 0.0}, {""range"": 1.5799686977410101, ""doppler"": 0.0, ""angle"": -8.834410422659563, ""elevation"": 0.0}, {""range"": 0.6747787316111099, ""doppler"": 0.0, ""angle"": -2.840417089434239, ""elevation"": 0.0}, {""range"": 0.7013140862478386, ""doppler"": 0.0, ""angle"": 0.2337397722115915, ""elevation"": 0.0}]",1785112965328.2922
8,"[{""range"": 1.4854288349340894, ""doppler"": 0.0, ""angle"": -15.028271793381057, ""elevation"": 0.0}, {""range"": 1.4985242813951298, ""doppler"": 0.0, ""angle"": -13.406116455474441, ""elevation"": 0.0}, {""range"": 1.530909303465099, ""doppler"": 0.0, ""angle"": -11.41886716579495, ""elevation"": 0.0}, {""range"": 0.6399217343147767, ""doppler"": 0.0, ""angle"": -6.014872047725621, ""elevation"": 0.0}, {""range"": 2.681794825999128, ""doppler"": 0.0, ""angle"": -9.773838953366877, ""elevation"": 0.0}, {""range"": 2.7118708166722305, ""doppler"": 0.0, ""angle"": -10.139946562524317, ""elevation"": 0.0}, {""range"": 0.6728062892405436, ""doppler"": 0.0, ""angle"": -2.132368436554014, ""elevation"": 0.0}, {""range"": 0.7075184969403249, ""doppler"": 0.0, ""angle"": 1.694475775585164, ""elevation"": 0.0}]",1785112965328.543
6,"[{""range"": 1.4862482954465057, ""doppler"": 0.0, ""angle"": -11.597889300996176, ""elevation"": 0.0}, {""range"": 1.4963087841140865, ""doppler"": 0.0, ""angle"": -12.134449166543408, ""elevation"": 0.0}, {""range"": 1.51696755604752, ""doppler"": 0.0, ""angle"": -13.531722097269052, ""elevation"": 0.0}, {""range"": 0.7118328491678758, ""doppler"": 0.0, ""angle"": -3.6005749647142373, ""elevation"": 0.0}, {""range"": 0.6253353380011946, ""doppler"": 0.0, ""angle"": 0.4915159336975804, ""elevation"": 0.0}, {""range"": 0.6567345061326145, ""doppler"": 0.0, ""angle"": 1.1389000595235883, ""elevation"": 0.0}]",1785112965328.79
8,"[{""range"": 0.708356747779032, ""doppler"": 0.0, ""angle"": -18.668210466658127, ""elevation"": 0.0}, {""range"": 1.455669952790075, ""doppler"": 0.0, ""angle"": -13.157097712499427, ""elevation"": 0.0}, {""range"": 1.4847613120045562, ""doppler"": 0.0, ""angle"": -12.986858812773475, ""elevation"": 0.0}, {""range"": 1.501096969851396, ""doppler"": 0.0, ""angle"": -12.773106341599421, ""elevation"": 0.0}, {""range"": 1.5291001000330797, ""doppler"": 0.0, ""angle"": -12.885638983703474, ""elevation"": 0.0}, {""range"": 0.6194115717471523, ""doppler"": 0.0, ""angle"": 0.03308070043101176, ""elevation"": 0.0}, {""range"": 0.6278872500113966, ""doppler"": 0.0, ""angle"": 0.864837849148038, ""elevation"": 0.0}, {""range"": 0.6446992513705169, ""doppler"": 0.0, ""angle"": 0.8740702932968509, ""elevation"": 0.0}]",1785112965329.057
6,"[{""range"": 1.4843133582642987, ""doppler"": 0.0, ""angle"": -13.51560014823272, ""elevation"": 0.0}, {""range"": 1.4890778023495554, ""doppler"": 0.0, ""angle"": -13.245247484755508, ""elevation"": 0.0}, {""range"": 1.5304125143160676, ""doppler"": 0.0, ""angle"": -12.401011183221257, ""elevation"": 0.0}, {""range"": 1.5928758618587302, ""doppler"": 0.0, ""angle"": -11.979755078799444, ""elevation"": 0.0}, {""range"": 0.7554317345540554, ""doppler"": 0.0, ""angle"": -8.151200119568175, ""elevation"": 0.0}, {""range"": 0.6702954038794232, ""doppler"": 0.0, ""angle"": 0.9935571940375169, ""elevation"": 0.0}]",1785112965329.309
7,"[{""range"": 0.7250375851842202, ""doppler"": 0.0, ""angle"": -27.639418623188625, ""elevation"": 0.0}, {""range"": 0.7584157514636792, ""doppler"": 0.0, ""angle"": -28.2266463245485, ""elevation"": 0.0}, {""range"": 1.4811977208740608, ""doppler"": 0.0, ""angle"": -12.912184337888215, ""elevation"": 0.0}, {""range"": 1.4840375145173588, ""doppler"": 0.0, ""angle"": -14.136706463564215, ""elevation"": 0.0}, {""range"": 2.6853765023867457, ""doppler"": 0.0, ""angle"": -7.84953387121268, ""elevation"": 0.0}, {""range"": 2.715342730048377, ""doppler"": 0.0, ""angle"": -7.511116431366797, ""elevation"": 0.0}, {""range"": 0.6764399729911249, ""doppler"": 0.0, ""angle"": 39.04536977208138, ""elevation"": 0.0}]",1785112965329.559
6,"[{""range"": 1.4832293358620134, ""doppler"": 0.0, ""angle"": -13.75311750524247, ""elevation"": 0.0}, {""range"": 1.4865952141504528, ""doppler"": 0.0, ""angle"": -12.518342453642395, ""elevation"": 0.0}, {""range"": 1.5136143362907704, ""doppler"": 0.0, ""angle"": -14.11996836621879, ""elevation"": 0.0}, {""range"": 0.6838796835633031, ""doppler"": 0.0, ""angle"": 24.434036009717893, ""elevation"": 0.0}, {""range"": 0.6934551000889267, ""doppler"": 0.0, ""angle"": 21.98796853816323, ""elevation"": 0.0}, {""range"": 0.6699856510047281, ""doppler"": 0.0, ""angle"": 30.54152677443383, ""elevation"": 0.0}]",1785112965329.8079
8,"[{""range"": 1.485988185061135, ""doppler"": 0.0, ""angle"": -11.445146692993003, ""elevation"": 0.0}, {""range"": 1.4855166020863253, ""doppler"": 0.0, ""angle"": -12.71133490399822, ""elevation"": 0.0}, {""range"": 0.6199314315631432, ""doppler"": 0.0, ""angle"": 1.9008937803586574, ""elevation"": 0.0}, {""range"": 0.6276293951791083, ""doppler"": 0.0, ""angle"": -1.3386716966161991, ""elevation"": 0.0}, {""range"": 0.6942739940477878, ""doppler"": 0.0, ""angle"": 29.807113534663188, ""elevation"": 0.0}, {""range"": 0.6696964047376758, ""doppler"": 0.0, ""angle"": 37.907185856229674, ""elevation"": 0.0}, {""range"": 1.8849297933736555, ""doppler"": 0.0, ""angle"": 37.76676970069911, ""elevation"": 0.0}, {""range"": 1.8963387611982563, ""doppler"": 0.0, ""angle"": 42.92132187172001, ""elevation"": 0.0}]",1785112965330.061
6,"[{""range"": 1.4790984211495215, ""doppler"": 0.0, ""angle"": -12.327457009609223, ""elevation"": 0.0}, {""range"": 1.4926566937145203, ""doppler"": 0.0, ""angle"": -12.740985756396354, ""elevation"": 0.0}, {""range"": 1.5269663244973721, ""doppler"": 0.0, ""angle"": -12.986570338250372, ""elevation"": 0.0}, {""range"": 0.6509952313650073, ""doppler"": 0.0, ""angle"": 10.028948230641914, ""elevation"": 0.0}, {""range"": 0.6656852763768264, ""doppler"": 0.0, ""angle"": 14.81641533538502, ""elevation"": 0.0}, {""range"": 0.6834104117162038, ""doppler"": 0.0, ""angle"": 12.312543022864578, ""elevation"": 0.0}]",1785112965330.3162
8,"[{""range"": 0.7248771964619194, ""doppler"": 0.0, ""angle"": -12.740366055584945, ""elevation"": 0.0}, {""range"": 1.4857200555681425, ""doppler"": 0.0, ""angle"": -11.039454478011887, ""elevation"": 0.0}, {""range"": 1.5002549298350902, ""doppler"": 0.0, ""angle"": -12.088079636390498, ""elevation"": 0.0}, {""range"": 1.534849860994904, ""doppler"": 0.0, ""angle"": -13.1036866747836, ""elevation"": 0.0}, {""range"": 0.7458618144060944, ""doppler"": 0.0, ""angle"": -9.243275087751572, ""elevation"": 0.0}, {""range"": 0.6190084123801771, ""doppler"": 0.0, ""angle"": 2.665692225080247, ""elevation"": 0.0}, {""range"": 0.6341343171859654, ""doppler"": 0.0, ""angle"": 10.758601983364331, ""elevation"": 0.0}, {""range"": 0.6596281229764256, ""doppler"": 0.0, ""angle"": 23.653390302932376, ""elevation"": 0.0}]",1785112965330.569
4,"[{""range"": 0.6251048963590096, ""doppler"": 0.0, ""angle"": 6.834311475088996, ""elevation"": 0.0}, {""range"": 0.6375921444534086, ""doppler"": 0.0, ""angle"": 8.873217238185736, ""elevation"": 0.0}, {""range"": 0.6559893916580629, ""doppler"": 0.0, ""angle"": 11.175162365542493, ""elevation"": 0.0}, {""range"": 0.688019231437549, ""doppler"": 0.0, ""angle"": 15.033093771136896, ""elevation"": 0.0}]",1785112965330.817
4,"[{""range"": 0.7029684297530625, ""doppler"": 0.0, ""angle"": 1.953336654735804, ""elevation"": 0.0}, {""range"": 0.6214941898055678, ""doppler"": 0.0, ""angle"": 7.488975935483269, ""elevation"": 0.0}, {""range"": 0.6615717334618565, ""doppler"": 0.0, ""angle"": 10.653902599938487, ""elevation"": 0.0}, {""range"": 0.6382781106837688, ""doppler"": 0.0, ""angle"": 11.325672207571062, ""elevation"": 0.0}]",1785112965331.058
5,"[{""range"": 2.666026916021397, ""doppler"": 0.0, ""angle"": -10.910491901910412, ""elevation"": 0.0}, {""range"": 0.691516232519372, ""doppler"": 0.0, ""angle"": -0.6370874015073666, ""elevation"": 0.0}, {""range"": 0.6204417857209846, ""doppler"": 0.0, ""angle"": 6.42042766731717, ""elevation"": 0.0}, {""range"": 0.6331613558600606, ""doppler"": 0.0, ""angle"": 9.821446961518857, ""elevation"": 0.0}, {""range"": 0.6524124352412523, ""doppler"": 0.0, ""angle"": 11.445441482731368, ""elevation"": 0.0}]",1785112965331.311
5,"[{""range"": 1.4700653839765336, ""doppler"": 0.0, ""angle"": -13.16908828463897, ""elevation"": 0.0}, {""range"": 2.681706912012963, ""doppler"": 0.0, ""angle"": -10.138775182013676, ""elevation"": 0.0}, {""range"": 0.6196947494803212, ""doppler"": 0.0, ""angle"": 6.544675209685621, ""elevation"": 0.0}, {""range"": 0.6301815055211807, ""doppler"": 0.0, ""angle"": 10.429901775947965, ""elevation"": 0.0}, {""range"": 0.649607988338177, ""doppler"": 0.0, ""angle"": 15.126476262244925, ""elevation"": 0.0}]",1785112965331.5652
7,"[{""range"": 1.4659905086407494, ""doppler"": 0.0, ""angle"": -13.163287368874531, ""elevation"": 0.0}, {""range"": 0.6994576011194289, ""doppler"": 0.0, ""angle"": -3.81115182879099, ""elevation"": 0.0}, {""range"": 0.62096155543398, ""doppler"": 0.0, ""angle"": 4.492346503211658, ""elevation"": 0.0}, {""range"": 0.6347591685062528, ""doppler"": 0.0, ""angle"": 6.210075562545715, ""elevation"": 0.0}, {""range"": 0.6558541178643764, ""doppler"": 0.0, ""angle"": 4.597589993840602, ""elevation"": 0.0}, {""range"": 1.8910824112088334, ""doppler"": 0.0, ""angle"": 31.5649113419296, ""elevation"": 0.0}, {""range"": 1.8859560923370133, ""doppler"": 0.0, ""angle"": 34.606167395447045, ""elevation"": 0.0}]",1785112965331.8247
7,"[{""range"": 1.4957034312474957, ""doppler"": 0.0, ""angle"": -10.888114192047848, ""elevation"": 0.0}, {""range"": 1.5309617575116865, ""doppler"": 0.0, ""angle"": -11.015949012827928, ""elevation"": 0.0}, {""range"": 1.4795488182228076, ""doppler"": 0.0, ""angle"": -9.860764449404346, ""elevation"": 0.0}, {""range"": 0.6181804348281154, ""doppler"": 0.0, ""angle"": 3.1173162975668487, ""elevation"": 0.0}, {""range"": 0.700522524398794, ""doppler"": 0.0, ""angle"": 3.5708606046000417, ""elevation"": 0.0}, {""range"": 0.6340771610898172, ""doppler"": 0.0, ""angle"": 5.778119069126657, ""elevation"": 0.0}, {""range"": 0.6562915973389717, ""doppler"": 0.0, ""angle"": 6.021262612936433, ""elevation"": 0.0}]",1785112965332.074
5,"[{""range"": 0.6992996900105903, ""doppler"": 0.0, ""angle"": -7.8628220611343975, ""elevation"": 0.0}, {""range"": 0.621202413070024, ""doppler"": 0.0, ""angle"": 1.385518951431967, ""elevation"": 0.0}, {""range"": 0.6590423283321847, ""doppler"": 0.0, ""angle"": 3.437664992365203, ""elevation"": 0.0}, {""range"": 0.6375249165643179, ""doppler"": 0.0, ""angle"": 3.666554402540639, ""elevation"": 0.0}, {""range"": 1.883996247456113, ""doppler"": 0.0, ""angle"": 27.788427133001914, ""elevation"": 0.0}]",1785112965332.339
6,"[{""range"": 1.48600112764839, ""doppler"": 0.0, ""angle"": -11.789943940180649, ""elevation"": 0.0}, {""range"": 1.4920151209152, ""doppler"": 0.0, ""angle"": -10.433210222767896, ""elevation"": 0.0}, {""range"": 2.6663047440036705, ""doppler"": 0.0, ""angle"": -8.05348124301375, ""elevation"": 0.0}, {""range"": 2.6856990638775264, ""doppler"": 0.0, ""angle"": -8.17218240762372, ""elevation"": 0.0}, {""range"": 0.6436073911336488, ""doppler"": 0.0, ""angle"": 19.205155854324644, ""elevation"": 0.0}, {""range"": 0.6533608887802437, ""doppler"": 0.0, ""angle"": 20.205498825189707, ""elevation"": 0.0}]",1785112965332.585
6,"[{""range"": 1.487821606509142, ""doppler"": 0.0, ""angle"": -12.853711853815714, ""elevation"": 0.0}, {""range"": 1.4912684395858613, ""doppler"": 0.0, ""angle"": -10.983871215442976, ""elevation"": 0.0}, {""range"": 2.679789530749217, ""doppler"": 0.0, ""angle"": -8.418284680646382, ""elevation"": 0.0}, {""range"": 0.6697331193701792, ""doppler"": 0.0, ""angle"": -2.4483549339491253, ""elevation"": 0.0}, {""range"": 0.7665756909974909, ""doppler"": 0.0, ""angle"": 1.7510875273269806, ""elevation"": 0.0}, {""range"": 0.7392839323771477, ""doppler"": 0.0, ""angle"": 7.8126014554512295, ""elevation"": 0.0}]",1785112965332.8098
7,"[{""range"": 0.6981091342087494, ""doppler"": 0.0, ""angle"": -13.886748700036009, ""elevation"": 0.0}, {""range"": 0.7235146112090085, ""doppler"": 0.0, ""angle"": -15.554430632767394, ""elevation"": 0.0}, {""range"": 0.7454725257102085, ""doppler"": 0.0, ""angle"": -13.36957842453143, ""elevation"": 0.0}, {""range"": 1.4817864073650986, ""doppler"": 0.0, ""angle"": -13.041776360637774, ""elevation"": 0.0}, {""range"": 1.4902196013758409, ""doppler"": 0.0, ""angle"": -14.374735011399103, ""elevation"": 0.0}, {""range"": 2.666361843472815, ""doppler"": 0.0, ""angle"": -7.839925333839072, ""elevation"": 0.0}, {""range"": 2.6806614285447963, ""doppler"": 0.0, ""angle"": -8.4657557983359, ""elevation"": 0.0}]",1785112965333.0403
7,"[{""range"": 0.719372280304131, ""doppler"": 0.0, ""angle"": -13.307390377147069, ""elevation"": 0.0}, {""range"": 0.7487266344682337, ""doppler"": 0.0, ""angle"": -11.712472311087508, ""elevation"": 0.0}, {""range"": 1.4899793907855832, ""doppler"": 0.0, ""angle"": -11.98285890382791, ""elevation"": 0.0}, {""range"": 1.4896526426508045, ""doppler"": 0.0, ""angle"": -12.154321071212031, ""elevation"": 0.0}, {""range"": 2.666087817231769, ""doppler"": 0.0, ""angle"": -8.858353255343843, ""elevation"": 0.0}, {""range"": 2.683717857594156, ""doppler"": 0.0, ""angle"": -8.668376697469949, ""elevation"": 0.0}, {""range"": 0.6780426569132386, ""doppler"": 0.0, ""angle"": -2.236861105840687, ""elevation"": 0.0}]",1785112965333.2732
5,"[{""range"": 1.487241511425809, ""doppler"": 0.0, ""angle"": -12.082728740388816, ""elevation"": 0.0}, {""range"": 1.4881384755733524, ""doppler"": 0.0, ""angle"": -12.307771221331453, ""elevation"": 0.0}, {""range"": 2.6624642927378552, ""doppler"": 0.0, ""angle"": -9.225090986125275, ""elevation"": 0.0}, {""range"": 2.685127542053475, ""doppler"": 0.0, ""angle"": -10.455348774788597, ""elevation"": 0.0}, {""range"": 0.6655895650540216, ""doppler"": 0.0, ""angle"": 4.25231408326425, ""elevation"": 0.0}]",1785112965333.497
5,"[{""range"": 1.4961091748996371, ""doppler"": 0.0, ""angle"": -13.519705183001141, ""elevation"": 0.0}, {""range"": 2.685988368291828, ""doppler"": 0.0, ""angle"": -10.719707102891237, ""elevation"": 0.0}, {""range"": 2.716345243485323, ""doppler"": 0.0, ""angle"": -8.677913774906173, ""elevation"": 0.0}, {""range"": 0.6164706016245534, ""doppler"": 0.0, ""angle"": 7.248698357573841, ""elevation"": 0.0}, {""range"": 0.6239494385894805, ""doppler"": 0.0, ""angle"": 10.034613072422447, ""elevation"": 0.0}]",1785112965333.725
5,"[{""range"": 2.684626217271918, ""doppler"": 0.0, ""angle"": -11.172220491244646, ""elevation"": 0.0}, {""range"": 0.614599750241049, ""doppler"": 0.0, ""angle"": -0.4167498478156989, ""elevation"": 0.0}, {""range"": 0.6334321780314494, ""doppler"": 0.0, ""angle"": 3.4471923341399906, ""elevation"": 0.0}, {""range"": 0.6931169705564084, ""doppler"": 0.0, ""angle"": 3.4905843988736205, ""elevation"": 0.0}, {""range"": 0.6626397838744028, ""doppler"": 0.0, ""angle"": 7.738704995021345, ""elevation"": 0.0}]",1785112965333.952
5,"[{""range"": 0.6199746260925814, ""doppler"": 0.0, ""angle"": 4.79795053663337, ""elevation"": 0.0}, {""range"": 0.6276005852613242, ""doppler"": 0.0, ""angle"": 8.074695057852269, ""elevation"": 0.0}, {""range"": 0.6388637759787568, ""doppler"": 0.0, ""angle"": 18.150957198126957, ""elevation"": 0.0}, {""range"": 1.8717512975214023, ""doppler"": 0.0, ""angle"": 35.75211043726719, ""elevation"": 0.0}, {""range"": 0.7750184764423348, ""doppler"": 0.0, ""angle"": 45.738475434151354, ""elevation"": 0.0}]",1785112965334.1921
5,"[{""range"": 0.6104834468108981, ""doppler"": 0.0, ""angle"": -0.3692119806249948, ""elevation"": 0.0}, {""range"": 0.6172740928525945, ""doppler"": 0.0, ""angle"": -0.29875859915374076, ""elevation"": 0.0}, {""range"": 0.6558421734322487, ""doppler"": 0.0, ""angle"": 23.986280925504143, ""elevation"": 0.0}, {""range"": 0.6830941549591587, ""doppler"": 0.0, ""angle"": 23.921371980603773, ""elevation"": 0.0}, {""range"": 1.873858116125879, ""doppler"": 0.0, ""angle"": 34.93513517461898, ""elevation"": 0.0}]",1785112965334.432
7,"[{""range"": 0.6197845218508592, ""doppler"": 0.0, ""angle"": -4.583807910893813, ""elevation"": 0.0}, {""range"": 0.6083934882467138, ""doppler"": 0.0, ""angle"": -1.6336913796888748, ""elevation"": 0.0}, {""range"": 0.6627978421761244, ""doppler"": 0.0, ""angle"": 25.55572108492676, ""elevation"": 0.0}, {""range"": 0.6798646405946442, ""doppler"": 0.0, ""angle"": 22.56538256340309, ""elevation"": 0.0}, {""range"": 0.6542497880905853, ""doppler"": 0.0, ""angle"": 28.645453266726257, ""elevation"": 0.0}, {""range"": 1.8793788634940252, ""doppler"": 0.0, ""angle"": 29.584629876813533, ""elevation"": 0.0}, {""range"": 2.692129297047948, ""doppler"": 0.0, ""angle"": 63.31581325821706, ""elevation"": 0.0}]",1785112965334.735
5,"[{""range"": 0.6037710945040485, ""doppler"": 0.0, ""angle"": -5.131441214647604, ""elevation"": 0.0}, {""range"": 0.6867178910444467, ""doppler"": 0.0, ""angle"": 16.72210824256198, ""elevation"": 0.0}, {""range"": 0.6656600829365166, ""doppler"": 0.0, ""angle"": 25.28468095534948, ""elevation"": 0.0}, {""range"": 0.6621353469874062, ""doppler"": 0.0, ""angle"": 33.46691079844566, ""elevation"": 0.0}, {""range"": 2.68909339149427, ""doppler"": 0.0, ""angle"": 69.43325270714706, ""elevation"": 0.0}]",1785112965334.97
3,"[{""range"": 0.6970956364646879, ""doppler"": 0.0, ""angle"": 1.5580845465714026, ""elevation"": 0.0}, {""range"": 0.6621622680369967, ""doppler"": 0.0, ""angle"": 24.710301917317505, ""elevation"": 0.0}, {""range"": 0.6589025374875649, ""doppler"": 0.0, ""angle"": 21.09109602687913, ""elevation"": 0.0}]",1785112965335.194
8,"[{""range"": 1.5306469122661173, ""doppler"": 0.0, ""angle"": -13.656365986491002, ""elevation"": 0.0}, {""range"": 1.5471613592632998, ""doppler"": 0.0, ""angle"": -11.587850798819145, ""elevation"": 0.0}, {""range"": 1.5764582168218237, ""doppler"": 0.0, ""angle"": -10.93903756272062, ""elevation"": 0.0}, {""range"": 0.6236147431906536, ""doppler"": 0.0, ""angle"": 5.743287806844978, ""elevation"": 0.0}, {""range"": 0.6458962524819494, ""doppler"": 0.0, ""angle"": 17.015263466804356, ""elevation"": 0.0}, {""range"": 0.6888497630804508, ""doppler"": 0.0, ""angle"": 13.235410151577005, ""elevation"": 0.0}, {""range"": 0.6613619920073908, ""doppler"": 0.0, ""angle"": 18.52312625255711, ""elevation"": 0.0}, {""range"": 1.8784620402030099, ""doppler"": 0.0, ""angle"": 35.96120969110193, ""elevation"": 0.0}]",1785112965335.427
7,"[{""range"": 1.5229851519466708, ""doppler"": 0.0, ""angle"": -13.892665769283315, ""elevation"": 0.0}, {""range"": 1.5415121890230932, ""doppler"": 0.0, ""angle"": -13.797673628799783, ""elevation"": 0.0}, {""range"": 2.683331689721535, ""doppler"": 0.0, ""angle"": -7.670588250854012, ""elevation"": 0.0}, {""range"": 0.6245104751953791, ""doppler"": 0.0, ""angle"": 3.759511598924721, ""elevation"": 0.0}, {""range"": 0.635766021994336, ""doppler"": 0.0, ""angle"": 9.3722470751567, ""elevation"": 0.0}, {""range"": 0.6516199845592174, ""doppler"": 0.0, ""angle"": 14.249790808736634, ""elevation"": 0.0}, {""range"": 0.6748139851664937, ""doppler"": 0.0, ""angle"": 12.596324907228356, ""elevation"": 0.0}]",1785112965335.663
6,"[{""range"": 1.5099365940253888, ""doppler"": 0.0, ""angle"": -11.247389784851203, ""elevation"": 0.0}, {""range"": 2.6847863331655066, ""doppler"": 0.0, ""angle"": -9.85191269843536, ""elevation"": 0.0}, {""range"": 0.6295991651337574, ""doppler"": 0.0, ""angle"": 7.605396677183532, ""elevation"": 0.0}, {""range"": 0.6417534698704807, ""doppler"": 0.0, ""angle"": 15.465146279604937, ""elevation"": 0.0}, {""range"": 0.6489116286731537, ""doppler"": 0.0, ""angle"": 20.097762674969147, ""elevation"": 0.0}, {""range"": 2.0681434196926705, ""doppler"": 0.0, ""angle"": 48.56475359925497, ""elevation"": 0.0}]",1785112965335.889
7,"[{""range"": 1.501749524202644, ""doppler"": 0.0, ""angle"": -13.74171726228832, ""elevation"": 0.0}, {""range"": 0.6272699024799815, ""doppler"": 0.0, ""angle"": -3.857533396582057, ""elevation"": 0.0}, {""range"": 0.6325425085412395, ""doppler"": 0.0, ""angle"": -4.994997229174018, ""elevation"": 0.0}, {""range"": 2.663094660115402, ""doppler"": 0.0, ""angle"": -8.032170246388457, ""elevation"": 0.0}, {""range"": 0.64767038930994, ""doppler"": 0.0, ""angle"": 0.25309953320935685, ""elevation"": 0.0}, {""range"": 0.6550446463714776, ""doppler"": 0.0, ""angle"": 20.468176749007583, ""elevation"": 0.0}, {""range"": 2.0629100305529744, ""doppler"": 0.0, ""angle"": 46.14492017676451, ""elevation"": 0.0}]",1785112965336.127
3,"[{""range"": 0.7544390661200577, ""doppler"": 0.0, ""angle"": -4.69033741680964, ""elevation"": 0.0}, {""range"": 0.6377661116668485, ""doppler"": 0.0, ""angle"": -2.9249779491563666, ""elevation"": 0.0}, {""range"": 0.6588655833029652, ""doppler"": 0.0, ""angle"": 15.005539751495604, ""elevation"": 0.0}]",1785112965336.355
4,"[{""range"": 0.6336494992481903, ""doppler"": 0.0, ""angle"": 14.61271132465396, ""elevation"": 0.0}, {""range"": 0.6477778059475799, ""doppler"": 0.0, ""angle"": 19.445298726567067, ""elevation"": 0.0}, {""range"": 0.6560295540729849, ""doppler"": 0.0, ""angle"": 21.77530926972231, ""elevation"": 0.0}, {""range"": 0.6848355416163817, ""doppler"": 0.0, ""angle"": 21.393033954745217, ""elevation"": 0.0}]",1785112965336.583
5,"[{""range"": 1.5047323044467966, ""doppler"": 0.0, ""angle"": -11.808004756498404, ""elevation"": 0.0}, {""range"": 0.6240802282928858, ""doppler"": 0.0, ""angle"": 1.4448150855146848, ""elevation"": 0.0}, {""range"": 0.7008352963300578, ""doppler"": 0.0, ""angle"": -3.510678430267298, ""elevation"": 0.0}, {""range"": 0.6381723016668995, ""doppler"": 0.0, ""angle"": 6.774551279933173, ""elevation"": 0.0}, {""range"": 0.6544135128692183, ""doppler"": 0.0, ""angle"": 14.510881191396711, ""elevation"": 0.0}]",1785112965336.813
9,"[{""range"": 0.7258690177744395, ""doppler"": 0.0, ""angle"": -28.035955266694558, ""elevation"": 0.0}, {""range"": 0.7548473458721741, ""doppler"": 0.0, ""angle"": -27.06885742089768, ""elevation"": 0.0}, {""range"": 1.5021983553918947, ""doppler"": 0.0, ""angle"": -11.911841058102537, ""elevation"": 0.0}, {""range"": 1.484888934049481, ""doppler"": 0.0, ""angle"": -9.125432215551085, ""elevation"": 0.0}, {""range"": 0.6290230208787517, ""doppler"": 0.0, ""angle"": 1.8082252330759851, ""elevation"": 0.0}, {""range"": 0.6433488292525014, ""doppler"": 0.0, ""angle"": 6.463294827383079, ""elevation"": 0.0}, {""range"": 0.6520814634861027, ""doppler"": 0.0, ""angle"": 10.554989559602877, ""elevation"": 0.0}, {""range"": 0.684706970837117, ""doppler"": 0.0, ""angle"": 21.07618518729256, ""elevation"": 0.0}, {""range"": 2.0651905538114677, ""doppler"": 0.0, ""angle"": 49.4525142981476, ""elevation"": 0.0}]",1785112965337.047
5,"[{""range"": 2.68288794507926, ""doppler"": 0.0, ""angle"": -9.266448549547098, ""elevation"": 0.0}, {""range"": 0.6261691227226373, ""doppler"": 0.0, ""angle"": 1.8328395059420592, ""elevation"": 0.0}, {""range"": 0.6453746661605596, ""doppler"": 0.0, ""angle"": 10.391460264562488, ""elevation"": 0.0}, {""range"": 0.6624280395713423, ""doppler"": 0.0, ""angle"": 15.548119803791524, ""elevation"": 0.0}, {""range"": 0.6851330506057753, ""doppler"": 0.0, ""angle"": 15.84269331587171, ""elevation"": 0.0}]",1785112965337.286
7,"[{""range"": 0.6105531285400216, ""doppler"": 0.0, ""angle"": -4.266144992902276, ""elevation"": 0.0}, {""range"": 2.682491102882235, ""doppler"": 0.0, ""angle"": -8.923583070954596, ""elevation"": 0.0}, {""range"": 0.686879648953671, ""doppler"": 0.0, ""angle"": 15.754854586734766, ""elevation"": 0.0}, {""range"": 0.6729532410565837, ""doppler"": 0.0, ""angle"": 22.892733390865434, ""elevation"": 0.0}, {""range"": 0.6677196996056629, ""doppler"": 0.0, ""angle"": 27.3747831047929, ""elevation"": 0.0}, {""range"": 2.0229713217205583, ""doppler"": 0.0, ""angle"": 60.45299282643025, ""elevation"": 0.0}, {""range"": 2.058189816932002, ""doppler"": 0.0, ""angle"": 56.83318596770192, ""elevation"": 0.0}]",1785112965337.5317
5,"[{""range"": 0.6658743768661449, ""doppler"": 0.0, ""angle"": -13.162990845471914, ""elevation"": 0.0}, {""range"": 0.6929426643902654, ""doppler"": 0.0, ""angle"": -15.951488603953175, ""elevation"": 0.0}, {""range"": 1.5106243610491799, ""doppler"": 0.0, ""angle"": -14.169481575842715, ""elevation"": 0.0}, {""range"": 0.6259657546109015, ""doppler"": 0.0, ""angle"": -4.0296433900265, ""elevation"": 0.0}, {""range"": 0.6402446340192064, ""doppler"": 0.0, ""angle"": -8.075789284544285, ""elevation"": 0.0}]",1785112965337.77
3,"[{""range"": 0.6917115148414206, ""doppler"": 0.0, ""angle"": 14.50684214699164, ""elevation"": 0.0}, {""range"": 0.6707626251194435, ""doppler"": 0.0, ""angle"": 25.062107795549036, ""elevation"": 0.0}, {""range"": 0.6630675783928839, ""doppler"": 0.0, ""angle"": 30.98495559854233, ""elevation"": 0.0}]",1785112965338.012
4,"[{""range"": 0.6314435527016733, ""doppler"": 0.0, ""angle"": -5.671845962355602, ""elevation"": 0.0}, {""range"": 0.6752774171314229, ""doppler"": 0.0, ""angle"": 31.177118575798758, ""elevation"": 0.0}, {""range"": 0.6902251218804132, ""doppler"": 0.0, ""angle"": 34.52992825200807, ""elevation"": 0.0}, {""range"": 2.688746615051391, ""doppler"": 0.0, ""angle"": 62.126104165631766, ""elevation"": 0.0}]",1785112965338.2358
8,"[{""range"": 0.7023011912789333, ""doppler"": 0.0, ""angle"": -24.777178331732973, ""elevation"": 0.0}, {""range"": 0.6390971613742293, ""doppler"": 0.0, ""angle"": -10.951524129602706, ""elevation"": 0.0}, {""range"": 0.61890295121923, ""doppler"": 0.0, ""angle"": -6.4864380737326535, ""elevation"": 0.0}, {""range"": 2.6400770041595245, ""doppler"": 0.0, ""angle"": -8.479147977402874, ""elevation"": 0.0}, {""range"": 2.6843286364545245, ""doppler"": 0.0, ""angle"": -10.148154575840074, ""elevation"": 0.0}, {""range"": 2.7152037289024578, ""doppler"": 0.0, ""angle"": -8.670139347284945, ""elevation"": 0.0}, {""range"": 0.7622024442717554, ""doppler"": 0.0, ""angle"": 6.749885658260303, ""elevation"": 0.0}, {""range"": 0.6666434084674532, ""doppler"": 0.0, ""angle"": 32.99100930284686, ""elevation"": 0.0}]",1785112965338.47
6,"[{""range"": 2.6840525609663177, ""doppler"": 0.0, ""angle"": -10.91018007248653, ""elevation"": 0.0}, {""range"": 0.6147820960932242, ""doppler"": 0.0, ""angle"": -6.0438971944165285, ""elevation"": 0.0}, {""range"": 0.6370584140157022, ""doppler"": 0.0, ""angle"": -10.414167465924645, ""elevation"": 0.0}, {""range"": 0.6815418219445789, ""doppler"": 0.0, ""angle"": -10.552244162231226, ""elevation"": 0.0}, {""range"": 0.7180915807089161, ""doppler"": 0.0, ""angle"": -6.505626645683682, ""elevation"": 0.0}, {""range"": 0.7394460392219766, ""doppler"": 0.0, ""angle"": -5.81537126952562, ""elevation"": 0.0}]",1785112965338.7048
3,"[{""range"": 0.7557023398590826, ""doppler"": 0.0, ""angle"": -23.79317488462226, ""elevation"": 0.0}, {""range"": 0.6737278606399607, ""doppler"": 0.0, ""angle"": -12.461181665763222, ""elevation"": 0.0}, {""range"": 0.7080111479918295, ""doppler"": 0.0, ""angle"": -12.870971073426977, ""elevation"": 0.0}]",1785112965338.938
6,"[{""range"": 1.5546474742275982, ""doppler"": 0.0, ""angle"": -11.975546384056903, ""elevation"": 0.0}, {""range"": 1.593424303014856, ""doppler"": 0.0, ""angle"": -10.80805869488299, ""elevation"": 0.0}, {""range"": 0.6873288749453843, ""doppler"": 0.0, ""angle"": -6.108093009402188, ""elevation"": 0.0}, {""range"": 0.7073486889062947, ""doppler"": 0.0, ""angle"": -4.02989164186475, ""elevation"": 0.0}, {""range"": 0.7320715193277787, ""doppler"": 0.0, ""angle"": -3.3607079926335492, ""elevation"": 0.0}, {""range"": 2.6934368748811344, ""doppler"": 0.0, ""angle"": 69.61001484380489, ""elevation"": 0.0}]",1785112965339.159
3,"[{""range"": 0.7250942298920416, ""doppler"": 0.0, ""angle"": 0.18368497703272088, ""elevation"": 0.0}, {""range"": 0.7492403923654567, ""doppler"": 0.0, ""angle"": -2.1884084934857726, ""elevation"": 0.0}, {""range"": 0.68395093364384, ""doppler"": 0.0, ""angle"": 6.545314921397904, ""elevation"": 0.0}]",1785112965339.387
9,"[{""range"": 1.5152619994521852, ""doppler"": 0.0, ""angle"": -15.264606919164809, ""elevation"": 0.0}, {""range"": 2.6796968735936906, ""doppler"": 0.0, ""angle"": -8.863306416145154, ""elevation"": 0.0}, {""range"": 0.6224923988756395, ""doppler"": 0.0, ""angle"": -0.6583540120348319, ""elevation"": 0.0}, {""range"": 0.6343730211947499, ""doppler"": 0.0, ""angle"": -1.1144376133738376, ""elevation"": 0.0}, {""range"": 0.6580758017522277, ""doppler"": 0.0, ""angle"": 1.993175947745184, ""elevation"": 0.0}, {""range"": 0.7010479827212495, ""doppler"": 0.0, ""angle"": 9.914009355313311, ""elevation"": 0.0}, {""range"": 1.881779292738784, ""doppler"": 0.0, ""angle"": 24.475495888021037, ""elevation"": 0.0}, {""range"": 1.040035168178841, ""doppler"": 0.0, ""angle"": 32.32386384909021, ""elevation"": 0.0}, {""range"": 2.688001398268387, ""doppler"": 0.0, ""angle"": 60.29530303789079, ""elevation"": 0.0}]",1785112965449.6572
9,"[{""range"": 0.7010712659662552, ""doppler"": 0.0, ""angle"": -16.613859826229234, ""elevation"": 0.0}, {""range"": 1.5104897369837684, ""doppler"": 0.0, ""angle"": -16.025520684668894, ""elevation"": 0.0}, {""range"": 2.7147479273820325, ""doppler"": 0.0, ""angle"": -10.881393406861928, ""elevation"": 0.0}, {""range"": 0.6519614162254044, ""doppler"": 0.0, ""angle"": -7.834525337176447, ""elevation"": 0.0}, {""range"": 2.6848786717711177, ""doppler"": 0.0, ""angle"": -10.277883269141347, ""elevation"": 0.0}, {""range"": 0.6178037992584952, ""doppler"": 0.0, ""angle"": 0.13266726973517723, ""elevation"": 0.0}, {""range"": 0.6260890754795118, ""doppler"": 0.0, ""angle"": -1.5875052423240377, ""elevation"": 0.0}, {""range"": 1.883716000105743, ""doppler"": 0.0, ""angle"": 21.208545026333024, ""elevation"": 0.0}, {""range"": 1.9077393757406533, ""doppler"": 0.0, ""angle"": 23.979937915228156, ""elevation"": 0.0}]",1785112965546.4648
8,"[{""range"": 0.7532723064416386, ""doppler"": 0.0, ""angle"": -13.970268738016522, ""elevation"": 0.0}, {""range"": 1.4953300049478981, ""doppler"": 0.0, ""angle"": -11.589421864564956, ""elevation"": 0.0}, {""range"": 1.508977143278312, ""doppler"": 0.0, ""angle"": -11.947753951207007, ""elevation"": 0.0}, {""range"": 1.5196702382842022, ""doppler"": 0.0, ""angle"": -11.800464282151466, ""elevation"": 0.0}, {""range"": 0.7345635505476882, ""doppler"": 0.0, ""angle"": -8.765249544038099, ""elevation"": 0.0}, {""range"": 0.6147814459758855, ""doppler"": 0.0, ""angle"": 2.8008219404499846, ""elevation"": 0.0}, {""range"": 0.6139898992162997, ""doppler"": 0.0, ""angle"": 4.074917066117895, ""elevation"": 0.0}, {""range"": 2.0543042094172743, ""doppler"": 0.0, ""angle"": 54.96671426337852, ""elevation"": 0.0}]",1785112965645.931
8,"[{""range"": 0.749138198224916, ""doppler"": 0.0, ""angle"": -11.594236508406869, ""elevation"": 0.0}, {""range"": 1.4958098554216142, ""doppler"": 0.0, ""angle"": -12.622414827592848, ""elevation"": 0.0}, {""range"": 1.5101452797101667, ""doppler"": 0.0, ""angle"": -11.695783685597702, ""elevation"": 0.0}, {""range"": 1.5244207665510008, ""doppler"": 0.0, ""angle"": -11.399560029321139, ""elevation"": 0.0}, {""range"": 2.709207369716508, ""doppler"": 0.0, ""angle"": -11.18904452887315, ""elevation"": 0.0}, {""range"": 0.622216018629958, ""doppler"": 0.0, ""angle"": 1.1362145843034126, ""elevation"": 0.0}, {""range"": 0.6298750977312075, ""doppler"": 0.0, ""angle"": 3.7437467482176108, ""elevation"": 0.0}, {""range"": 0.6452396199409065, ""doppler"": 0.0, ""angle"": 12.044852704107983, ""elevation"": 0.0}]",1785112965745.7358
6,"[{""range"": 1.502212584405353, ""doppler"": 0.0, ""angle"": -14.807088633363046, ""elevation"": 0.0}, {""range"": 1.5116699667435334, ""doppler"": 0.0, ""angle"": -15.836474004302922, ""elevation"": 0.0}, {""range"": 1.5260710097063812, ""doppler"": 0.0, ""angle"": -16.45167419739972, ""elevation"": 0.0}, {""range"": 0.6202076699051053, ""doppler"": 0.0, ""angle"": 4.000877181826583, ""elevation"": 0.0}, {""range"": 0.6248038799617701, ""doppler"": 0.0, ""angle"": 4.57980559586796, ""elevation"": 0.0}, {""range"": 0.6482331662338692, ""doppler"": 0.0, ""angle"": 6.048714832533203, ""elevation"": 0.0}]",1785112965847.0203
9,"[{""range"": 1.5007286887435858, ""doppler"": 0.0, ""angle"": -16.21077814364195, ""elevation"": 0.0}, {""range"": 1.511790262376783, ""doppler"": 0.0, ""angle"": -15.976114999911669, ""elevation"": 0.0}, {""range"": 1.530914827776457, ""doppler"": 0.0, ""angle"": -15.326726651151567, ""elevation"": 0.0}, {""range"": 1.5655799214890842, ""doppler"": 0.0, ""angle"": -13.817213050005982, ""elevation"": 0.0}, {""range"": 2.684823317817062, ""doppler"": 0.0, ""angle"": -11.95430039664855, ""elevation"": 0.0}, {""range"": 0.7022910156798812, ""doppler"": 0.0, ""angle"": -9.378381193031071, ""elevation"": 0.0}, {""range"": 0.6236608612955588, ""doppler"": 0.0, ""angle"": 2.6622375143552333, ""elevation"": 0.0}, {""range"": 0.6345133785480594, ""doppler"": 0.0, ""angle"": 2.1318534738577517, ""elevation"": 0.0}, {""range"": 0.6503327831491598, ""doppler"": 0.0, ""angle"": 1.2919300455999867, ""elevation"": 0.0}]",1785112965946.286
7,"[{""range"": 1.4974044242163798, ""doppler"": 0.0, ""angle"": -13.810559634561743, ""elevation"": 0.0}, {""range"": 1.5083096121406507, ""doppler"": 0.0, ""angle"": -14.752897606135573, ""elevation"": 0.0}, {""range"": 1.5217148283870543, ""doppler"": 0.0, ""angle"": -15.079740276298278, ""elevation"": 0.0}, {""range"": 0.6222914259183889, ""doppler"": 0.0, ""angle"": 2.7834775423452705, ""elevation"": 0.0}, {""range"": 0.639733809027026, ""doppler"": 0.0, ""angle"": 6.306589261545997, ""elevation"": 0.0}, {""range"": 0.6599680036595374, ""doppler"": 0.0, ""angle"": 10.585324730973076, ""elevation"": 0.0}, {""range"": 0.6962810942826352, ""doppler"": 0.0, ""angle"": 11.330132445814444, ""elevation"": 0.0}]",1785112966045.638
5,"[{""range"": 0.6252929228650601, ""doppler"": 0.0, ""angle"": 5.464410129075732, ""elevation"": 0.0}, {""range"": 0.6406274667411554, ""doppler"": 0.0, ""angle"": 10.111739467230649, ""elevation"": 0.0}, {""range"": 0.658818702129584, ""doppler"": 0.0, ""angle"": 16.590509588250136, ""elevation"": 0.0}, {""range"": 0.6878859567627358, ""doppler"": 0.0, ""angle"": 18.223004859256932, ""elevation"": 0.0}, {""range"": 2.6927972717466075, ""doppler"": 0.0, ""angle"": 66.97976036500947, ""elevation"": 0.0}]",1785112966150.1912
5,"[{""range"": 1.5056415398631933, ""doppler"": 0.0, ""angle"": -14.92747227456949, ""elevation"": 0.0}, {""range"": 0.625002817217154, ""doppler"": 0.0, ""angle"": 7.545897609114495, ""elevation"": 0.0}, {""range"": 0.6910606830455492, ""doppler"": 0.0, ""angle"": 15.057476093605686, ""elevation"": 0.0}, {""range"": 0.6529134142892536, ""doppler"": 0.0, ""angle"": 19.02049070836355, ""elevation"": 0.0}, {""range"": 0.662594617434412, ""doppler"": 0.0, ""angle"": 21.316155641472466, ""elevation"": 0.0}]",1785112966246.337
6,"[{""range"": 1.5104976115519306, ""doppler"": 0.0, ""angle"": -11.250073417533933, ""elevation"": 0.0}, {""range"": 1.5155469178579541, ""doppler"": 0.0, ""angle"": -11.274136702782476, ""elevation"": 0.0}, {""range"": 1.5271700136281574, ""doppler"": 0.0, ""angle"": -11.570437805399072, ""elevation"": 0.0}, {""range"": 0.6892502264336647, ""doppler"": 0.0, ""angle"": 14.605865598977829, ""elevation"": 0.0}, {""range"": 0.6601075446515419, ""doppler"": 0.0, ""angle"": 22.320196068602947, ""elevation"": 0.0}, {""range"": 0.667683664421032, ""doppler"": 0.0, ""angle"": 20.9978508244328, ""elevation"": 0.0}]",1785112966345.97
6,"[{""range"": 0.7429500561130798, ""doppler"": 0.0, ""angle"": -14.026209766637463, ""elevation"": 0.0}, {""range"": 1.5176393798569712, ""doppler"": 0.0, ""angle"": -11.630327938399054, ""elevation"": 0.0}, {""range"": 1.5305036037019777, ""doppler"": 0.0, ""angle"": -11.0329277931921, ""elevation"": 0.0}, {""range"": 0.6677958339994072, ""doppler"": 0.0, ""angle"": 34.03047661834418, ""elevation"": 0.0}, {""range"": 0.673793137276176, ""doppler"": 0.0, ""angle"": 28.864086549995502, ""elevation"": 0.0}, {""range"": 0.6880885194200143, ""doppler"": 0.0, ""angle"": 28.209995841986682, ""elevation"": 0.0}]",1785112966445.8088
6,"[{""range"": 1.5165410489149627, ""doppler"": 0.0, ""angle"": -13.723289193843764, ""elevation"": 0.0}, {""range"": 0.748200771744859, ""doppler"": 0.0, ""angle"": -8.24435680747949, ""elevation"": 0.0}, {""range"": 1.5255020326248596, ""doppler"": 0.0, ""angle"": -10.290429716346356, ""elevation"": 0.0}, {""range"": 0.6497022891310509, ""doppler"": 0.0, ""angle"": -2.081992233113547, ""elevation"": 0.0}, {""range"": 0.7109293252129731, ""doppler"": 0.0, ""angle"": -1.1529669546579209, ""elevation"": 0.0}, {""range"": 0.6762290509012684, ""doppler"": 0.0, ""angle"": 27.54755545825356, ""elevation"": 0.0}]",1785112966549.9302
7,"[{""range"": 1.5045181712085924, ""doppler"": 0.0, ""angle"": -13.540760465115516, ""elevation"": 0.0}, {""range"": 1.5177299086085285, ""doppler"": 0.0, ""angle"": -11.746811276346413, ""elevation"": 0.0}, {""range"": 1.5235827501983152, ""doppler"": 0.0, ""angle"": -10.89187654613877, ""elevation"": 0.0}, {""range"": 0.7555028389311292, ""doppler"": 0.0, ""angle"": -5.991260733980802, ""elevation"": 0.0}, {""range"": 0.694925819403424, ""doppler"": 0.0, ""angle"": 23.425085472063397, ""elevation"": 0.0}, {""range"": 0.6776766437776442, ""doppler"": 0.0, ""angle"": 27.58602922032308, ""elevation"": 0.0}, {""range"": 0.66901024901827, ""doppler"": 0.0, ""angle"": 35.20655374450112, ""elevation"": 0.0}]",1785112966646.625
6,"[{""range"": 1.5002398510524215, ""doppler"": 0.0, ""angle"": -11.028679153437688, ""elevation"": 0.0}, {""range"": 1.5155714647324683, ""doppler"": 0.0, ""angle"": -12.524408350593976, ""elevation"": 0.0}, {""range"": 1.529019644326177, ""doppler"": 0.0, ""angle"": -12.350746939328783, ""elevation"": 0.0}, {""range"": 0.7382900157916356, ""doppler"": 0.0, ""angle"": 6.410685073387423, ""elevation"": 0.0}, {""range"": 0.6958545575361728, ""doppler"": 0.0, ""angle"": 18.379077773334007, ""elevation"": 0.0}, {""range"": 0.6788369748681409, ""doppler"": 0.0, ""angle"": 29.718673538676455, ""elevation"": 0.0}]",1785112966745.738
7,"[{""range"": 1.5009288978830342, ""doppler"": 0.0, ""angle"": -13.49652977825892, ""elevation"": 0.0}, {""range"": 1.5164913325386045, ""doppler"": 0.0, ""angle"": -14.301689456217055, ""elevation"": 0.0}, {""range"": 1.5305922330669335, ""doppler"": 0.0, ""angle"": -13.505366367791297, ""elevation"": 0.0}, {""range"": 0.744747349801604, ""doppler"": 0.0, ""angle"": 4.337509974395126, ""elevation"": 0.0}, {""range"": 0.6557578980627281, ""doppler"": 0.0, ""angle"": 16.94765857314374, ""elevation"": 0.0}, {""range"": 0.669087431265997, ""doppler"": 0.0, ""angle"": 20.624147771856233, ""elevation"": 0.0}, {""range"": 0.6875925917952768, ""doppler"": 0.0, ""angle"": 20.060760281460766, ""elevation"": 0.0}]",1785112966845.5032
8,"[{""range"": 1.5015932687765, ""doppler"": 0.0, ""angle"": -12.00040311649803, ""elevation"": 0.0}, {""range"": 1.51856579616873, ""doppler"": 0.0, ""angle"": -13.260608244088049, ""elevation"": 0.0}, {""range"": 1.5312154079845985, ""doppler"": 0.0, ""angle"": -12.750883261844972, ""elevation"": 0.0}, {""range"": 0.640547179701892, ""doppler"": 0.0, ""angle"": 15.495001205570182, ""elevation"": 0.0}, {""range"": 0.6553204770330014, ""doppler"": 0.0, ""angle"": 18.123481176665702, ""elevation"": 0.0}, {""range"": 0.7353838217479863, ""doppler"": 0.0, ""angle"": 11.43015234044459, ""elevation"": 0.0}, {""range"": 0.6665351225050077, ""doppler"": 0.0, ""angle"": 19.348803660647707, ""elevation"": 0.0}, {""range"": 0.6866893251415647, ""doppler"": 0.0, ""angle"": 19.454104077965237, ""elevation"": 0.0}]",1785112966947.067
7,"[{""range"": 1.5094625159318262, ""doppler"": 0.0, ""angle"": -12.575924121993655, ""elevation"": 0.0}, {""range"": 1.51720209229407, ""doppler"": 0.0, ""angle"": -12.829108821242441, ""elevation"": 0.0}, {""range"": 1.5270340319532048, ""doppler"": 0.0, ""angle"": -12.511342368497369, ""elevation"": 0.0}, {""range"": 0.6886860304343199, ""doppler"": 0.0, ""angle"": 14.602723994090045, ""elevation"": 0.0}, {""range"": 0.6459397402479808, ""doppler"": 0.0, ""angle"": 21.586400373558746, ""elevation"": 0.0}, {""range"": 0.6587567468903159, ""doppler"": 0.0, ""angle"": 20.26479964313773, ""elevation"": 0.0}, {""range"": 0.6664960249117001, ""doppler"": 0.0, ""angle"": 19.105783395387235, ""elevation"": 0.0}]",1785112967046.06
6,"[{""range"": 1.5166681788007528, ""doppler"": 0.0, ""angle"": -14.327872551486921, ""elevation"": 0.0}, {""range"": 1.525973484947078, ""doppler"": 0.0, ""angle"": -15.259240659213413, ""elevation"": 0.0}, {""range"": 0.6922683722982106, ""doppler"": 0.0, ""angle"": 17.51294128673652, ""elevation"": 0.0}, {""range"": 0.7313924912897802, ""doppler"": 0.0, ""angle"": 11.57915692105616, ""elevation"": 0.0}, {""range"": 0.6668781715049352, ""doppler"": 0.0, ""angle"": 19.84397565295919, ""elevation"": 0.0}, {""range"": 0.6755540505174719, ""doppler"": 0.0, ""angle"": 19.91702593710672, ""elevation"": 0.0}]",1785112967145.876
7,"[{""range"": 1.502481728958821, ""doppler"": 0.0, ""angle"": -12.223345535475337, ""elevation"": 0.0}, {""range"": 1.5167163715241052, ""doppler"": 0.0, ""angle"": -13.11056002170518, ""elevation"": 0.0}, {""range"": 1.5299738618097332, ""doppler"": 0.0, ""angle"": -13.146195230209239, ""elevation"": 0.0}, {""range"": 0.619003143622965, ""doppler"": 0.0, ""angle"": 1.8043858971346616, ""elevation"": 0.0}, {""range"": 0.6456309557728687, ""doppler"": 0.0, ""angle"": 9.887558551872212, ""elevation"": 0.0}, {""range"": 0.6733661025177098, ""doppler"": 0.0, ""angle"": 16.428178852328767, ""elevation"": 0.0}, {""range"": 0.69495959085881, ""doppler"": 0.0, ""angle"": 15.781370119409951, ""elevation"": 0.0}]",1785112967250.134
7,"[{""range"": 1.5083977543666844, ""doppler"": 0.0, ""angle"": -12.424931043256874, ""elevation"": 0.0}, {""range"": 1.5233908285392879, ""doppler"": 0.0, ""angle"": -10.304846468766033, ""elevation"": 0.0}, {""range"": 1.5386519282265803, ""doppler"": 0.0, ""angle"": -8.777043195350185, ""elevation"": 0.0}, {""range"": 0.6217707109211155, ""doppler"": 0.0, ""angle"": 2.455913100789107, ""elevation"": 0.0}, {""range"": 0.6423049537714943, ""doppler"": 0.0, ""angle"": 7.775941843223003, ""elevation"": 0.0}, {""range"": 0.6637030082272669, ""doppler"": 0.0, ""angle"": 14.590351224566957, ""elevation"": 0.0}, {""range"": 0.6813538317256036, ""doppler"": 0.0, ""angle"": 16.15194071463095, ""elevation"": 0.0}]",1785112967346.7122
8,"[{""range"": 1.5094782757445784, ""doppler"": 0.0, ""angle"": -13.097888984107852, ""elevation"": 0.0}, {""range"": 1.5225120707385946, ""doppler"": 0.0, ""angle"": -11.002439937849887, ""elevation"": 0.0}, {""range"": 1.5401252052666514, ""doppler"": 0.0, ""angle"": -10.157882664421727, ""elevation"": 0.0}, {""range"": 1.5770733444219498, ""doppler"": 0.0, ""angle"": -8.489327475614772, ""elevation"": 0.0}, {""range"": 0.6186943781141961, ""doppler"": 0.0, ""angle"": 3.894486045640561, ""elevation"": 0.0}, {""range"": 0.6361992219076846, ""doppler"": 0.0, ""angle"": 8.029895194280709, ""elevation"": 0.0}, {""range"": 0.6993947198297773, ""doppler"": 0.0, ""angle"": 8.631448346636999, ""elevation"": 0.0}, {""range"": 0.6644630761873284, ""doppler"": 0.0, ""angle"": 13.714633567289747, ""elevation"": 0.0}]",1785112967445.7642
4,"[{""range"": 1.5080927853587727, ""doppler"": 0.0, ""angle"": -13.319486287041352, ""elevation"": 0.0}, {""range"": 1.522051142402542, ""doppler"": 0.0, ""angle"": -12.442655294563554, ""elevation"": 0.0}, {""range"": 1.5366244120984682, ""doppler"": 0.0, ""angle"": -11.39623304885515, ""elevation"": 0.0}, {""range"": 1.5733607220898818, ""doppler"": 0.0, ""angle"": -8.812502577801688, ""elevation"": 0.0}]",1785112967545.553
7,"[{""range"": 1.5230218815094165, ""doppler"": 0.0, ""angle"": -12.4208209872077, ""elevation"": 0.0}, {""range"": 1.533928474729544, ""doppler"": 0.0, ""angle"": -11.471048184789268, ""elevation"": 0.0}, {""range"": 1.5744004064861297, ""doppler"": 0.0, ""angle"": -8.365696765949204, ""elevation"": 0.0}, {""range"": 0.6105169662603116, ""doppler"": 0.0, ""angle"": 0.7048334357311219, ""elevation"": 0.0}, {""range"": 0.6269906050154668, ""doppler"": 0.0, ""angle"": -0.8497324859200003, ""elevation"": 0.0}, {""range"": 0.6708714917343633, ""doppler"": 0.0, ""angle"": 9.713386634647891, ""elevation"": 0.0}, {""range"": 0.7071417183842755, ""doppler"": 0.0, ""angle"": 10.372231893314405, ""elevation"": 0.0}]",1785112967646.985
6,"[{""range"": 1.5234910476331363, ""doppler"": 0.0, ""angle"": -13.19623742362464, ""elevation"": 0.0}, {""range"": 1.5288148526419918, ""doppler"": 0.0, ""angle"": -13.225170947396302, ""elevation"": 0.0}, {""range"": 0.6315740561483181, ""doppler"": 0.0, ""angle"": -7.221595742492048, ""elevation"": 0.0}, {""range"": 0.7109568721913321, ""doppler"": 0.0, ""angle"": -4.255024110334707, ""elevation"": 0.0}, {""range"": 0.6951334832716305, ""doppler"": 0.0, ""angle"": 18.803150585857548, ""elevation"": 0.0}, {""range"": 0.683153528608903, ""doppler"": 0.0, ""angle"": 27.75225426313626, ""elevation"": 0.0}]",1785112967746.6372
7,"[{""range"": 1.5044408215915426, ""doppler"": 0.0, ""angle"": -12.625571064920697, ""elevation"": 0.0}, {""range"": 1.514234288834598, ""doppler"": 0.0, ""angle"": -13.535734553415857, ""elevation"": 0.0}, {""range"": 1.5207676443582878, ""doppler"": 0.0, ""angle"": -13.608146650984606, ""elevation"": 0.0}, {""range"": 0.6115946047874682, ""doppler"": 0.0, ""angle"": -2.0944359521120903, ""elevation"": 0.0}, {""range"": 0.6228982824770684, ""doppler"": 0.0, ""angle"": -0.9704644598352108, ""elevation"": 0.0}, {""range"": 0.677254017026307, ""doppler"": 0.0, ""angle"": 26.348560892621833, ""elevation"": 0.0}, {""range"": 0.6893601855190208, ""doppler"": 0.0, ""angle"": 27.615256458273993, ""elevation"": 0.0}]",1785112967845.505
7,"[{""range"": 1.5106724925911452, ""doppler"": 0.0, ""angle"": -12.183807249176482, ""elevation"": 0.0}, {""range"": 1.5194561479657498, ""doppler"": 0.0, ""angle"": -12.685317197283013, ""elevation"": 0.0}, {""range"": 1.5252776190565978, ""doppler"": 0.0, ""angle"": -12.98051990785272, ""elevation"": 0.0}, {""range"": 0.6250773000593393, ""doppler"": 0.0, ""angle"": 2.2460636999770953, ""elevation"": 0.0}, {""range"": 0.6429262903759294, ""doppler"": 0.0, ""angle"": 5.970637509005146, ""elevation"": 0.0}, {""range"": 0.6619371115829882, ""doppler"": 0.0, ""angle"": 12.06881279916729, ""elevation"": 0.0}, {""range"": 0.683769731619323, ""doppler"": 0.0, ""angle"": 11.953480098777346, ""elevation"": 0.0}]",1785112967950.2258
5,"[{""range"": 1.5260515450626553, ""doppler"": 0.0, ""angle"": -16.472891714736612, ""elevation"": 0.0}, {""range"": 1.529389757799581, ""doppler"": 0.0, ""angle"": -16.184640690919437, ""elevation"": 0.0}, {""range"": 0.6788734306592813, ""doppler"": 0.0, ""angle"": 30.11738846740384, ""elevation"": 0.0}, {""range"": 0.6900192708548674, ""doppler"": 0.0, ""angle"": 29.547824814174287, ""elevation"": 0.0}, {""range"": 0.7552139569234524, ""doppler"": 0.0, ""angle"": 50.43760361724641, ""elevation"": 0.0}]",1785112968046.8271
9,"[{""range"": 1.5099533229757482, ""doppler"": 0.0, ""angle"": -14.589188584843159, ""elevation"": 0.0}, {""range"": 1.522362157530335, ""doppler"": 0.0, ""angle"": -14.752811439204192, ""elevation"": 0.0}, {""range"": 1.5383336996575474, ""doppler"": 0.0, ""angle"": -14.094393713317402, ""elevation"": 0.0}, {""range"": 1.5767034124830912, ""doppler"": 0.0, ""angle"": -10.778522634896675, ""elevation"": 0.0}, {""range"": 0.6762141564595283, ""doppler"": 0.0, ""angle"": 24.39630653076498, ""elevation"": 0.0}, {""range"": 0.6851276603237076, ""doppler"": 0.0, ""angle"": 24.009557258586888, ""elevation"": 0.0}, {""range"": 0.6959551574941147, ""doppler"": 0.0, ""angle"": 23.324234712515402, ""elevation"": 0.0}, {""range"": 0.7233464586541395, ""doppler"": 0.0, ""angle"": 20.21786446361486, ""elevation"": 0.0}, {""range"": 2.061590276550111, ""doppler"": 0.0, ""angle"": 56.526329178577946, ""elevation"": 0.0}]",1785112968145.8088
7,"[{""range"": 1.5040238472608047, ""doppler"": 0.0, ""angle"": -12.30123946199835, ""elevation"": 0.0}, {""range"": 1.5172970830677273, ""doppler"": 0.0, ""angle"": -12.81444197854829, ""elevation"": 0.0}, {""range"": 1.5322467119959624, ""doppler"": 0.0, ""angle"": -12.276421001306808, ""elevation"": 0.0}, {""range"": 0.6496149530872215, ""doppler"": 0.0, ""angle"": -4.831748012022584, ""elevation"": 0.0}, {""range"": 0.6895868903289545, ""doppler"": 0.0, ""angle"": 29.363418779817682, ""elevation"": 0.0}, {""range"": 0.7002259831364781, ""doppler"": 0.0, ""angle"": 29.209507111475247, ""elevation"": 0.0}, {""range"": 0.7261901362432782, ""doppler"": 0.0, ""angle"": 30.644374582686748, ""elevation"": 0.0}]",1785112968245.74
