num_points,points,timestamp_ms
8,"[{""range"": 0.5179985369009026, ""doppler"": 0.0, ""angle"": -6.879692309608248, ""elevation"": 0.0}, {""range"": 0.5425203274788247, ""doppler"": 0.0, ""angle"": -9.313300738767982, ""elevation"": 0.0}, {""range"": 0.5645658851563491, ""doppler"": 0.0, ""angle"": -8.450904038277338, ""elevation"": 0.0}, {""range"": 0.4436379476495061, ""doppler"": 0.0, ""angle"": -0.09237521945834426, ""elevation"": 0.0}, {""range"": 0.4761208018529928, ""doppler"": 0.0, ""angle"": -2.5615242869820856, ""elevation"": 0.0}, {""range"": 1.8790545536425354, ""doppler"": 0.0, ""angle"": 43.48850732842907, ""elevation"": 0.0}, {""range"": 1.8950263506012537, ""doppler"": 0.0, ""angle"": 46.68614538584225, ""elevation"": 0.0}, {""range"": 2.101406460059054, ""doppler"": 0.0, ""angle"": 46.503263964931435, ""elevation"": 0.0}]",1785098187683.631
7,"[{""range"": 0.5227073867996175, ""doppler"": 0.0, ""angle"": -13.451515935948178, ""elevation"": 0.0}, {""range"": 0.48984957057061723, ""doppler"": 0.0, ""angle"": -5.6772949511279025, ""elevation"": 0.0}, {""range"": 0.5100202241445572, ""doppler"": 0.0, ""angle"": -7.7778320676929225, ""elevation"": 0.0}, {""range"": 0.6855458528965925, ""doppler"": 0.0, ""angle"": 40.34517873748194, ""elevation"": 0.0}, {""range"": 0.7146906855943364, ""doppler"": 0.0, ""angle"": 37.49779502825378, ""elevation"": 0.0}, {""range"": 1.8725164768250586, ""doppler"": 0.0, ""angle"": 45.452661673960485, ""elevation"": 0.0}, {""range"": 1.8885272640739874, ""doppler"": 0.0, ""angle"": 51.29613502294118, ""elevation"": 0.0}]",1785098187683.936
6,"[{""range"": 0.4715518735806071, ""doppler"": 0.0, ""angle"": -36.34844874844075, ""elevation"": 0.0}, {""range"": 0.5246376454895422, ""doppler"": 0.0, ""angle"": -21.80866211663119, ""elevation"": 0.0}, {""range"": 0.5261079729871057, ""doppler"": 0.0, ""angle"": -15.514729353690322, ""elevation"": 0.0}, {""range"": 0.4107936377835575, ""doppler"": 0.0, ""angle"": 1.9457111202617632, ""elevation"": 0.0}, {""range"": 0.6002097936505997, ""doppler"": 0.0, ""angle"": 9.863613411372736, ""elevation"": 0.0}, {""range"": 0.6761289681338976, ""doppler"": 0.0, ""angle"": 35.56057707853665, ""elevation"": 0.0}]",1785098187684.1973
5,"[{""range"": 0.519914175401744, ""doppler"": 0.0, ""angle"": -24.202587217915536, ""elevation"": 0.0}, {""range"": 0.4798129996697113, ""doppler"": 0.0, ""angle"": -4.510067274070742, ""elevation"": 0.0}, {""range"": 0.4915519924880209, ""doppler"": 0.0, ""angle"": -9.780990502448569, ""elevation"": 0.0}, {""range"": 1.8751257211130823, ""doppler"": 0.0, ""angle"": 44.79137165073063, ""elevation"": 0.0}, {""range"": 1.893504351700118, ""doppler"": 0.0, ""angle"": 43.963102844761245, ""elevation"": 0.0}]",1785098187684.481
9,"[{""range"": 0.5182441515728132, ""doppler"": 0.0, ""angle"": -18.52872251908327, ""elevation"": 0.0}, {""range"": 0.5223187160327769, ""doppler"": 0.0, ""angle"": -20.333355688485852, ""elevation"": 0.0}, {""range"": 0.4256685894045106, ""doppler"": 0.0, ""angle"": -15.221343286138582, ""elevation"": 0.0}, {""range"": 0.47402896097416414, ""doppler"": 0.0, ""angle"": -12.106833329233547, ""elevation"": 0.0}, {""range"": 2.285876271459283, ""doppler"": 0.0, ""angle"": -10.80274784550793, ""elevation"": 0.0}, {""range"": 0.596297098148346, ""doppler"": 0.0, ""angle"": 3.903220832769999, ""elevation"": 0.0}, {""range"": 1.8519873040696302, ""doppler"": 0.0, ""angle"": 43.21595415241855, ""elevation"": 0.0}, {""range"": 1.8770104137342456, ""doppler"": 0.0, ""angle"": 44.957544394793295, ""elevation"": 0.0}, {""range"": 1.8952015919591123, ""doppler"": 0.0, ""angle"": 45.619265735751675, ""elevation"": 0.0}]",1785098187684.719
6,"[{""range"": 0.4924786370160351, ""doppler"": 0.0, ""angle"": -25.876567316442873, ""elevation"": 0.0}, {""range"": 0.5297928565632901, ""doppler"": 0.0, ""angle"": -13.984651015053023, ""elevation"": 0.0}, {""range"": 0.5380416497986356, ""doppler"": 0.0, ""angle"": -13.237248923572665, ""elevation"": 0.0}, {""range"": 0.5696318482275161, ""doppler"": 0.0, ""angle"": -5.674800057968369, ""elevation"": 0.0}, {""range"": 1.872524741418094, ""doppler"": 0.0, ""angle"": 45.48361147653103, ""elevation"": 0.0}, {""range"": 1.8935767928598939, ""doppler"": 0.0, ""angle"": 46.15165344384486, ""elevation"": 0.0}]",1785098187684.948
7,"[{""range"": 0.5323201927734423, ""doppler"": 0.0, ""angle"": -12.355538919430405, ""elevation"": 0.0}, {""range"": 0.5456058248199583, ""doppler"": 0.0, ""angle"": -10.308205545945338, ""elevation"": 0.0}, {""range"": 0.5668135465271363, ""doppler"": 0.0, ""angle"": -7.869366690360889, ""elevation"": 0.0}, {""range"": 1.1938561571664998, ""doppler"": 0.0, ""angle"": 7.9723300069720535, ""elevation"": 0.0}, {""range"": 0.6516127468229406, ""doppler"": 0.0, ""angle"": 34.67128774920776, ""elevation"": 0.0}, {""range"": 1.8745573127766042, ""doppler"": 0.0, ""angle"": 47.62888491711636, ""elevation"": 0.0}, {""range"": 1.892679002257904, ""doppler"": 0.0, ""angle"": 47.086529495170915, ""elevation"": 0.0}]",1785098187685.178
7,"[{""range"": 0.4858920483849706, ""doppler"": 0.0, ""angle"": -6.084055284817914, ""elevation"": 0.0}, {""range"": 0.5177958788400733, ""doppler"": 0.0, ""angle"": -9.501356456225038, ""elevation"": 0.0}, {""range"": 0.5380299721853381, ""doppler"": 0.0, ""angle"": -9.79728989249013, ""elevation"": 0.0}, {""range"": 0.5596219121741164, ""doppler"": 0.0, ""angle"": -6.421060823490739, ""elevation"": 0.0}, {""range"": 1.8558809148310393, ""doppler"": 0.0, ""angle"": 46.47960697207242, ""elevation"": 0.0}, {""range"": 1.874880098239178, ""doppler"": 0.0, ""angle"": 47.01355091726399, ""elevation"": 0.0}, {""range"": 1.8909013432127242, ""doppler"": 0.0, ""angle"": 48.43485416055178, ""elevation"": 0.0}]",1785098187685.434
10,"[{""range"": 0.5181937730294409, ""doppler"": 0.0, ""angle"": -11.868292724670917, ""elevation"": 0.0}, {""range"": 0.5397006824697411, ""doppler"": 0.0, ""angle"": -7.979762353730639, ""elevation"": 0.0}, {""range"": 0.4337892634470141, ""doppler"": 0.0, ""angle"": 1.5826147967228426, ""elevation"": 0.0}, {""range"": 0.4557694993435122, ""doppler"": 0.0, ""angle"": 3.148657228754509, ""elevation"": 0.0}, {""range"": 0.5916710988692027, ""doppler"": 0.0, ""angle"": 3.9511430600721993, ""elevation"": 0.0}, {""range"": 0.6461434527120614, ""doppler"": 0.0, ""angle"": 24.997735495895924, ""elevation"": 0.0}, {""range"": 0.6816471845230072, ""doppler"": 0.0, ""angle"": 36.58432293543566, ""elevation"": 0.0}, {""range"": 0.7011000895980102, ""doppler"": 0.0, ""angle"": 41.091071518196784, ""elevation"": 0.0}, {""range"": 1.875765245213365, ""doppler"": 0.0, ""angle"": 48.06028734239704, ""elevation"": 0.0}, {""range"": 1.8940819042650454, ""doppler"": 0.0, ""angle"": 45.94094636186885, ""elevation"": 0.0}]",1785098187685.656
10,"[{""range"": 0.523648203237222, ""doppler"": 0.0, ""angle"": -12.503341976758351, ""elevation"": 0.0}, {""range"": 0.5410870946977676, ""doppler"": 0.0, ""angle"": -12.346023743361838, ""elevation"": 0.0}, {""range"": 0.5912895283243711, ""doppler"": 0.0, ""angle"": -8.311433015702983, ""elevation"": 0.0}, {""range"": 2.1112250756457165, ""doppler"": 0.0, ""angle"": -5.62367679542668, ""elevation"": 0.0}, {""range"": 2.142535234327708, ""doppler"": 0.0, ""angle"": -6.579934898788807, ""elevation"": 0.0}, {""range"": 0.6676476512370436, ""doppler"": 0.0, ""angle"": 34.039064392343924, ""elevation"": 0.0}, {""range"": 0.6815032803166597, ""doppler"": 0.0, ""angle"": 37.5163458158493, ""elevation"": 0.0}, {""range"": 0.6955898819264775, ""doppler"": 0.0, ""angle"": 39.7225939170928, ""elevation"": 0.0}, {""range"": 1.874486925526642, ""doppler"": 0.0, ""angle"": 44.85700239862841, ""elevation"": 0.0}, {""range"": 1.8925664950660477, ""doppler"": 0.0, ""angle"": 47.0981448772169, ""elevation"": 0.0}]",1785098187685.886
6,"[{""range"": 0.5204019138166148, ""doppler"": 0.0, ""angle"": -22.229145682551096, ""elevation"": 0.0}, {""range"": 0.4995215183195067, ""doppler"": 0.0, ""angle"": -11.647814367296638, ""elevation"": 0.0}, {""range"": 0.45111665438438453, ""doppler"": 0.0, ""angle"": -2.1807768519554553, ""elevation"": 0.0}, {""range"": 0.4692476952674846, ""doppler"": 0.0, ""angle"": -2.3586759097019283, ""elevation"": 0.0}, {""range"": 1.8760186605206004, ""doppler"": 0.0, ""angle"": 44.733545845790154, ""elevation"": 0.0}, {""range"": 1.898139636350102, ""doppler"": 0.0, ""angle"": 45.22136548606134, ""elevation"": 0.0}]",1785098187686.109
8,"[{""range"": 0.5018634389225518, ""doppler"": 0.0, ""angle"": -11.426037241789405, ""elevation"": 0.0}, {""range"": 0.4738832749832357, ""doppler"": 0.0, ""angle"": -4.761846260182986, ""elevation"": 0.0}, {""range"": 0.5409406130372526, ""doppler"": 0.0, ""angle"": -3.942580039245957, ""elevation"": 0.0}, {""range"": 0.5898354822253538, ""doppler"": 0.0, ""angle"": 5.392574580411169, ""elevation"": 0.0}, {""range"": 0.6061640722774663, ""doppler"": 0.0, ""angle"": 10.040290000240155, ""elevation"": 0.0}, {""range"": 1.85417867042356, ""doppler"": 0.0, ""angle"": 42.2874413904524, ""elevation"": 0.0}, {""range"": 1.8782091503408862, ""doppler"": 0.0, ""angle"": 44.537138550378366, ""elevation"": 0.0}, {""range"": 1.8920719720360295, ""doppler"": 0.0, ""angle"": 47.48955292199916, ""elevation"": 0.0}]",1785098187686.338
9,"[{""range"": 0.5093349740487302, ""doppler"": 0.0, ""angle"": -11.112688074506533, ""elevation"": 0.0}, {""range"": 0.5311951663198832, ""doppler"": 0.0, ""angle"": -12.698259462088812, ""elevation"": 0.0}, {""range"": 0.47179615210886244, ""doppler"": 0.0, ""angle"": -6.004459395092302, ""elevation"": 0.0}, {""range"": 0.5710744873913187, ""doppler"": 0.0, ""angle"": -6.363965926916056, ""elevation"": 0.0}, {""range"": 0.43494389834697283, ""doppler"": 0.0, ""angle"": -1.9319100278917418, ""elevation"": 0.0}, {""range"": 0.6224974326411937, ""doppler"": 0.0, ""angle"": 28.685330311846776, ""elevation"": 0.0}, {""range"": 1.85447526970771, ""doppler"": 0.0, ""angle"": 40.94165923537604, ""elevation"": 0.0}, {""range"": 1.8711028911004979, ""doppler"": 0.0, ""angle"": 42.31199471959968, ""elevation"": 0.0}, {""range"": 1.88829839553934, ""doppler"": 0.0, ""angle"": 42.874075730121476, ""elevation"": 0.0}]",1785098187686.561
7,"[{""range"": 0.5498244696946629, ""doppler"": 0.0, ""angle"": -30.660167480008727, ""elevation"": 0.0}, {""range"": 0.5286999189171271, ""doppler"": 0.0, ""angle"": -22.175651185138193, ""elevation"": 0.0}, {""range"": 0.514196871981344, ""doppler"": 0.0, ""angle"": -16.85955443717846, ""elevation"": 0.0}, {""range"": 0.46834755749964, ""doppler"": 0.0, ""angle"": -8.850941074905178, ""elevation"": 0.0}, {""range"": 0.4149263587069138, ""doppler"": 0.0, ""angle"": -1.1112012105353006, ""elevation"": 0.0}, {""range"": 1.8761248827851424, ""doppler"": 0.0, ""angle"": 45.01544568759271, ""elevation"": 0.0}, {""range"": 1.8925425212749647, ""doppler"": 0.0, ""angle"": 48.85379707702876, ""elevation"": 0.0}]",1785098187686.789
5,"[{""range"": 0.45187045420353494, ""doppler"": 0.0, ""angle"": -25.703144293928254, ""elevation"": 0.0}, {""range"": 0.5096680530409228, ""doppler"": 0.0, ""angle"": -18.93714017660412, ""elevation"": 0.0}, {""range"": 0.5401116252240956, ""doppler"": 0.0, ""angle"": -21.723916164042986, ""elevation"": 0.0}, {""range"": 0.3980271255135284, ""doppler"": 0.0, ""angle"": -12.400379610351063, ""elevation"": 0.0}, {""range"": 1.876592436378683, ""doppler"": 0.0, ""angle"": 43.90742366895328, ""elevation"": 0.0}]",1785098187687.0122
8,"[{""range"": 0.5383698267404555, ""doppler"": 0.0, ""angle"": -11.436824951773158, ""elevation"": 0.0}, {""range"": 0.5582176960703927, ""doppler"": 0.0, ""angle"": -8.436382936910737, ""elevation"": 0.0}, {""range"": 0.5818921113872693, ""doppler"": 0.0, ""angle"": -2.0956817127396272, ""elevation"": 0.0}, {""range"": 0.6006599603482845, ""doppler"": 0.0, ""angle"": 0.5117081525855659, ""elevation"": 0.0}, {""range"": 3.401363482367087, ""doppler"": 0.0, ""angle"": 2.0185317765734196, ""elevation"": 0.0}, {""range"": 3.4143321013592525, ""doppler"": 0.0, ""angle"": 3.4859280159441597, ""elevation"": 0.0}, {""range"": 1.8810844887793075, ""doppler"": 0.0, ""angle"": 47.322934619030384, ""elevation"": 0.0}, {""range"": 1.9040972976733959, ""doppler"": 0.0, ""angle"": 49.29190400731772, ""elevation"": 0.0}]",1785098187687.233
8,"[{""range"": 0.4422211760406589, ""doppler"": 0.0, ""angle"": -40.16153304317563, ""elevation"": 0.0}, {""range"": 1.2923840037611267, ""doppler"": 0.0, ""angle"": -11.55713005406437, ""elevation"": 0.0}, {""range"": 0.5717430917276554, ""doppler"": 0.0, ""angle"": -7.909627843368988, ""elevation"": 0.0}, {""range"": 0.5867944838694013, ""doppler"": 0.0, ""angle"": -7.0189011436206785, ""elevation"": 0.0}, {""range"": 0.6055164986826548, ""doppler"": 0.0, ""angle"": -9.381655322501539, ""elevation"": 0.0}, {""range"": 1.8488324558726041, ""doppler"": 0.0, ""angle"": 46.66164472691944, ""elevation"": 0.0}, {""range"": 1.8748005902634766, ""doppler"": 0.0, ""angle"": 45.48302439931492, ""elevation"": 0.0}, {""range"": 1.906152623116189, ""doppler"": 0.0, ""angle"": 45.45987664640889, ""elevation"": 0.0}]",1785098187687.4502
7,"[{""range"": 0.5702909025755801, ""doppler"": 0.0, ""angle"": -2.6058251994644337, ""elevation"": 0.0}, {""range"": 2.364783690224064, ""doppler"": 0.0, ""angle"": 3.511474315522325, ""elevation"": 0.0}, {""range"": 0.5955713434944337, ""doppler"": 0.0, ""angle"": 3.890742265262981, ""elevation"": 0.0}, {""range"": 0.6120883508973284, ""doppler"": 0.0, ""angle"": 6.356827613933494, ""elevation"": 0.0}, {""range"": 2.344648591496128, ""doppler"": 0.0, ""angle"": 4.259958695783568, ""elevation"": 0.0}, {""range"": 1.8800931499525488, ""doppler"": 0.0, ""angle"": 44.58769637595226, ""elevation"": 0.0}, {""range"": 1.9059553887888654, ""doppler"": 0.0, ""angle"": 46.30765267956594, ""elevation"": 0.0}]",1785098187687.668
8,"[{""range"": 1.1806004055408257, ""doppler"": 0.0, ""angle"": -34.64081769960403, ""elevation"": 0.0}, {""range"": 0.5725349091242765, ""doppler"": 0.0, ""angle"": -2.4164874732970163, ""elevation"": 0.0}, {""range"": 0.5776354641518342, ""doppler"": 0.0, ""angle"": -0.8691262712661867, ""elevation"": 0.0}, {""range"": 0.6036215229901066, ""doppler"": 0.0, ""angle"": 14.443786686036155, ""elevation"": 0.0}, {""range"": 0.6759973224328334, ""doppler"": 0.0, ""angle"": 42.68454691052218, ""elevation"": 0.0}, {""range"": 1.8529355272785266, ""doppler"": 0.0, ""angle"": 43.92084594987833, ""elevation"": 0.0}, {""range"": 1.8750059874987424, ""doppler"": 0.0, ""angle"": 45.25887053111871, ""elevation"": 0.0}, {""range"": 1.8985089384859528, ""doppler"": 0.0, ""angle"": 47.29396534653829, ""elevation"": 0.0}]",1785098187687.8828
7,"[{""range"": 0.5505685683927096, ""doppler"": 0.0, ""angle"": -0.0744342283598855, ""elevation"": 0.0}, {""range"": 0.5699124377886379, ""doppler"": 0.0, ""angle"": -0.6112276760152179, ""elevation"": 0.0}, {""range"": 0.5766796233851822, ""doppler"": 0.0, ""angle"": -0.23095848042605976, ""elevation"": 0.0}, {""range"": 0.5909686909851593, ""doppler"": 0.0, ""angle"": 3.43466868059265, ""elevation"": 0.0}, {""range"": 0.6686310903571037, ""doppler"": 0.0, ""angle"": 37.764784089088494, ""elevation"": 0.0}, {""range"": 1.8773854050489276, ""doppler"": 0.0, ""angle"": 40.02357349401238, ""elevation"": 0.0}, {""range"": 1.8981618212665028, ""doppler"": 0.0, ""angle"": 40.69847748595504, ""elevation"": 0.0}]",1785098187688.094
6,"[{""range"": 0.4284705749235877, ""doppler"": 0.0, ""angle"": -26.736146687957127, ""elevation"": 0.0}, {""range"": 0.438073264811928, ""doppler"": 0.0, ""angle"": -26.209441193618048, ""elevation"": 0.0}, {""range"": 0.5717688164000889, ""doppler"": 0.0, ""angle"": 1.0751777412210954, ""elevation"": 0.0}, {""range"": 0.582662536642934, ""doppler"": 0.0, ""angle"": 4.135727867679235, ""elevation"": 0.0}, {""range"": 0.6023249901231525, ""doppler"": 0.0, ""angle"": 16.363622896293478, ""elevation"": 0.0}, {""range"": 1.8719222782341356, ""doppler"": 0.0, ""angle"": 46.10691489006692, ""elevation"": 0.0}]",1785098187688.313
8,"[{""range"": 0.44312308200666956, ""doppler"": 0.0, ""angle"": -12.752001064219373, ""elevation"": 0.0}, {""range"": 0.539737501815678, ""doppler"": 0.0, ""angle"": -0.9681267913915589, ""elevation"": 0.0}, {""range"": 0.5719346288790522, ""doppler"": 0.0, ""angle"": 1.0032006761640404, ""elevation"": 0.0}, {""range"": 0.5793681850088327, ""doppler"": 0.0, ""angle"": 0.3536731592464612, ""elevation"": 0.0}, {""range"": 0.59330918795785, ""doppler"": 0.0, ""angle"": 0.22448502783501745, ""elevation"": 0.0}, {""range"": 1.854399171625327, ""doppler"": 0.0, ""angle"": 42.393357773330415, ""elevation"": 0.0}, {""range"": 1.880209983239111, ""doppler"": 0.0, ""angle"": 42.57571945149904, ""elevation"": 0.0}, {""range"": 1.9029867338121345, ""doppler"": 0.0, ""angle"": 44.55839343427703, ""elevation"": 0.0}]",1785098187688.529
4,"[{""range"": 0.5457507027936309, ""doppler"": 0.0, ""angle"": 0.35668602476577704, ""elevation"": 0.0}, {""range"": 0.3998773758395945, ""doppler"": 0.0, ""angle"": 6.0063238219514465, ""elevation"": 0.0}, {""range"": 1.881326930724314, ""doppler"": 0.0, ""angle"": 42.68507269645958, ""elevation"": 0.0}, {""range"": 1.9067871908417697, ""doppler"": 0.0, ""angle"": 44.190716265384175, ""elevation"": 0.0}]",1785098187688.7368
5,"[{""range"": 0.5789562224468678, ""doppler"": 0.0, ""angle"": 3.9671017814492058, ""elevation"": 0.0}, {""range"": 0.5890758766271083, ""doppler"": 0.0, ""angle"": 4.9629606974327665, ""elevation"": 0.0}, {""range"": 0.6012152344416583, ""doppler"": 0.0, ""angle"": 6.88405717390207, ""elevation"": 0.0}, {""range"": 1.8776611735767292, ""doppler"": 0.0, ""angle"": 42.166880984947525, ""elevation"": 0.0}, {""range"": 1.905873511466421, ""doppler"": 0.0, ""angle"": 43.34627048407083, ""elevation"": 0.0}]",1785098187688.951
5,"[{""range"": 0.574910019172769, ""doppler"": 0.0, ""angle"": -3.816445661429858, ""elevation"": 0.0}, {""range"": 0.5666631352952579, ""doppler"": 0.0, ""angle"": -1.4465556865739135, ""elevation"": 0.0}, {""range"": 0.6099653634536392, ""doppler"": 0.0, ""angle"": 34.47738068912617, ""elevation"": 0.0}, {""range"": 1.876495084070516, ""doppler"": 0.0, ""angle"": 44.35911706651386, ""elevation"": 0.0}, {""range"": 1.8925402573494723, ""doppler"": 0.0, ""angle"": 46.85304063082651, ""elevation"": 0.0}]",1785098187689.16
7,"[{""range"": 1.193402027488818, ""doppler"": 0.0, ""angle"": -27.0296117477736, ""elevation"": 0.0}, {""range"": 1.2801785227334719, ""doppler"": 0.0, ""angle"": -9.884661568144761, ""elevation"": 0.0}, {""range"": 2.807630520818841, ""doppler"": 0.0, ""angle"": -5.801004471412237, ""elevation"": 0.0}, {""range"": 0.5723067561225925, ""doppler"": 0.0, ""angle"": 3.0626549078687435, ""elevation"": 0.0}, {""range"": 0.5752925605130309, ""doppler"": 0.0, ""angle"": 2.583154433517235, ""elevation"": 0.0}, {""range"": 1.8764525531493332, ""doppler"": 0.0, ""angle"": 41.70109920133179, ""elevation"": 0.0}, {""range"": 1.9019568732202299, ""doppler"": 0.0, ""angle"": 42.77881019732764, ""elevation"": 0.0}]",1785098187689.3708
8,"[{""range"": 2.802764453110939, ""doppler"": 0.0, ""angle"": -5.267568050644999, ""elevation"": 0.0}, {""range"": 0.5418389435602832, ""doppler"": 0.0, ""angle"": 2.174983288499828, ""elevation"": 0.0}, {""range"": 0.568922237913032, ""doppler"": 0.0, ""angle"": 1.1526045982061146, ""elevation"": 0.0}, {""range"": 0.5742411488112911, ""doppler"": 0.0, ""angle"": 0.8921075885396776, ""elevation"": 0.0}, {""range"": 2.818989129859749, ""doppler"": 0.0, ""angle"": -3.4110650859439633, ""elevation"": 0.0}, {""range"": 1.8544814422485953, ""doppler"": 0.0, ""angle"": 40.62046993863698, ""elevation"": 0.0}, {""range"": 1.8738540123695102, ""doppler"": 0.0, ""angle"": 42.09531377798334, ""elevation"": 0.0}, {""range"": 1.8985974235601109, ""doppler"": 0.0, ""angle"": 42.461718296222315, ""elevation"": 0.0}]",1785098187689.579
8,"[{""range"": 2.803474521963657, ""doppler"": 0.0, ""angle"": -5.185495621940316, ""elevation"": 0.0}, {""range"": 0.5757294711132138, ""doppler"": 0.0, ""angle"": 1.8688387865174954, ""elevation"": 0.0}, {""range"": 0.5805744797440814, ""doppler"": 0.0, ""angle"": 2.3830054462207504, ""elevation"": 0.0}, {""range"": 0.5973133005389933, ""doppler"": 0.0, ""angle"": 4.068508090855914, ""elevation"": 0.0}, {""range"": 0.6651405829135544, ""doppler"": 0.0, ""angle"": 34.83933276524553, ""elevation"": 0.0}, {""range"": 1.8550361973599703, ""doppler"": 0.0, ""angle"": 43.203258416685316, ""elevation"": 0.0}, {""range"": 1.8793216639327892, ""doppler"": 0.0, ""angle"": 42.157807504829975, ""elevation"": 0.0}, {""range"": 1.90442636730731, ""doppler"": 0.0, ""angle"": 39.13535070790212, ""elevation"": 0.0}]",1785098187689.794
10,"[{""range"": 1.1925492203054016, ""doppler"": 0.0, ""angle"": -28.536410234479046, ""elevation"": 0.0}, {""range"": 2.805232830736961, ""doppler"": 0.0, ""angle"": -3.7168983778926123, ""elevation"": 0.0}, {""range"": 0.5233508438855876, ""doppler"": 0.0, ""angle"": 1.3313095734650147, ""elevation"": 0.0}, {""range"": 0.55960045728507, ""doppler"": 0.0, ""angle"": 3.077258820831706, ""elevation"": 0.0}, {""range"": 0.5765950901730049, ""doppler"": 0.0, ""angle"": 5.981104435710263, ""elevation"": 0.0}, {""range"": 0.598662669693003, ""doppler"": 0.0, ""angle"": 14.1068047370731, ""elevation"": 0.0}, {""range"": 0.6645486052129524, ""doppler"": 0.0, ""angle"": 40.02270419963903, ""elevation"": 0.0}, {""range"": 1.8553838001396623, ""doppler"": 0.0, ""angle"": 41.15891331325454, ""elevation"": 0.0}, {""range"": 1.8746275182913748, ""doppler"": 0.0, ""angle"": 42.32478980904429, ""elevation"": 0.0}, {""range"": 1.898321150872567, ""doppler"": 0.0, ""angle"": 43.18315012137237, ""elevation"": 0.0}]",1785098187690.01
9,"[{""range"": 0.4324361671437634, ""doppler"": 0.0, ""angle"": -42.57011803183968, ""elevation"": 0.0}, {""range"": 0.4423578459036974, ""doppler"": 0.0, ""angle"": -40.1465957201627, ""elevation"": 0.0}, {""range"": 0.5686395572054088, ""doppler"": 0.0, ""angle"": 0.36034606338723113, ""elevation"": 0.0}, {""range"": 0.5750030300707413, ""doppler"": 0.0, ""angle"": 1.8355464245717126, ""elevation"": 0.0}, {""range"": 0.6886982641450169, ""doppler"": 0.0, ""angle"": 36.50096279269396, ""elevation"": 0.0}, {""range"": 0.7153328466574137, ""doppler"": 0.0, ""angle"": 38.40257732007172, ""elevation"": 0.0}, {""range"": 1.8544353114914451, ""doppler"": 0.0, ""angle"": 45.80868999496407, ""elevation"": 0.0}, {""range"": 1.8768842926466793, ""doppler"": 0.0, ""angle"": 45.05403804064564, ""elevation"": 0.0}, {""range"": 1.9003708279231897, ""doppler"": 0.0, ""angle"": 46.58605935667822, ""elevation"": 0.0}]",1785098187690.273
6,"[{""range"": 0.563278907621177, ""doppler"": 0.0, ""angle"": 0.4183427018401047, ""elevation"": 0.0}, {""range"": 0.5797395945018515, ""doppler"": 0.0, ""angle"": 0.5301740674290952, ""elevation"": 0.0}, {""range"": 0.7009393325572771, ""doppler"": 0.0, ""angle"": 42.197981615920924, ""elevation"": 0.0}, {""range"": 0.7170463292039514, ""doppler"": 0.0, ""angle"": 41.11737510680536, ""elevation"": 0.0}, {""range"": 1.8819696398998214, ""doppler"": 0.0, ""angle"": 44.6843451769, ""elevation"": 0.0}, {""range"": 1.9033046642764238, ""doppler"": 0.0, ""angle"": 45.92496610709974, ""elevation"": 0.0}]",1785098187690.51
4,"[{""range"": 0.6912910854914678, ""doppler"": 0.0, ""angle"": 36.066599898239076, ""elevation"": 0.0}, {""range"": 1.9396237921735657, ""doppler"": 0.0, ""angle"": 41.715129082055, ""elevation"": 0.0}, {""range"": 1.8843664294823668, ""doppler"": 0.0, ""angle"": 44.01959614848729, ""elevation"": 0.0}, {""range"": 1.9076495799301618, ""doppler"": 0.0, ""angle"": 44.62403388615981, ""elevation"": 0.0}]",1785098187690.7258
9,"[{""range"": 0.43385766054224933, ""doppler"": 0.0, ""angle"": -28.2655696619748, ""elevation"": 0.0}, {""range"": 0.4229526777773941, ""doppler"": 0.0, ""angle"": -25.438350539894632, ""elevation"": 0.0}, {""range"": 2.8068950412487133, ""doppler"": 0.0, ""angle"": -4.054930324078059, ""elevation"": 0.0}, {""range"": 0.5688611152308708, ""doppler"": 0.0, ""angle"": 2.179755991741522, ""elevation"": 0.0}, {""range"": 0.5733418618135595, ""doppler"": 0.0, ""angle"": 2.1984774972748635, ""elevation"": 0.0}, {""range"": 0.5363428799495161, ""doppler"": 0.0, ""angle"": 6.52793542714649, ""elevation"": 0.0}, {""range"": 0.6492214630582814, ""doppler"": 0.0, ""angle"": 39.389337387043234, ""elevation"": 0.0}, {""range"": 1.8834689765016597, ""doppler"": 0.0, ""angle"": 44.80768137642838, ""elevation"": 0.0}, {""range"": 1.9047608105573932, ""doppler"": 0.0, ""angle"": 44.5435908049926, ""elevation"": 0.0}]",1785098187690.9448
3,"[{""range"": 2.8027674819793615, ""doppler"": 0.0, ""angle"": -3.438154942543281, ""elevation"": 0.0}, {""range"": 1.8846753622711971, ""doppler"": 0.0, ""angle"": 46.94923489759212, ""elevation"": 0.0}, {""range"": 1.9081553312267063, ""doppler"": 0.0, ""angle"": 44.62413353636881, ""elevation"": 0.0}]",1785098187691.1711
8,"[{""range"": 0.39520488788800573, ""doppler"": 0.0, ""angle"": -21.80622344865884, ""elevation"": 0.0}, {""range"": 2.8009362161049407, ""doppler"": 0.0, ""angle"": -3.9902342264177135, ""elevation"": 0.0}, {""range"": 0.5789073162490009, ""doppler"": 0.0, ""angle"": 0.9911163467219666, ""elevation"": 0.0}, {""range"": 0.5734944520442333, ""doppler"": 0.0, ""angle"": -0.6610071059257122, ""elevation"": 0.0}, {""range"": 0.6381018527923619, ""doppler"": 0.0, ""angle"": 40.784152894951994, ""elevation"": 0.0}, {""range"": 0.6522807088464362, ""doppler"": 0.0, ""angle"": 40.80914021720808, ""elevation"": 0.0}, {""range"": 1.883971613023516, ""doppler"": 0.0, ""angle"": 45.16150445410058, ""elevation"": 0.0}, {""range"": 1.9043454400545465, ""doppler"": 0.0, ""angle"": 45.977726675381945, ""elevation"": 0.0}]",1785098187691.389
7,"[{""range"": 0.420378020939477, ""doppler"": 0.0, ""angle"": -14.308149593155921, ""elevation"": 0.0}, {""range"": 0.4308288251599953, ""doppler"": 0.0, ""angle"": -14.272715545815052, ""elevation"": 0.0}, {""range"": 2.7998023756040022, ""doppler"": 0.0, ""angle"": -5.40546518270328, ""elevation"": 0.0}, {""range"": 0.5674094111908343, ""doppler"": 0.0, ""angle"": 3.5774606926601327, ""elevation"": 0.0}, {""range"": 0.5770163855930571, ""doppler"": 0.0, ""angle"": 2.4332513085944716, ""elevation"": 0.0}, {""range"": 1.8808573835728828, ""doppler"": 0.0, ""angle"": 44.56475303897109, ""elevation"": 0.0}, {""range"": 1.9023479317801195, ""doppler"": 0.0, ""angle"": 44.58490324350362, ""elevation"": 0.0}]",1785098187691.6218
8,"[{""range"": 0.47817604401585767, ""doppler"": 0.0, ""angle"": -3.194091965991658, ""elevation"": 0.0}, {""range"": 0.5206236714161621, ""doppler"": 0.0, ""angle"": -1.1020844849894547, ""elevation"": 0.0}, {""range"": 0.55648045540248, ""doppler"": 0.0, ""angle"": 0.36821973460705704, ""elevation"": 0.0}, {""range"": 0.5729622872041131, ""doppler"": 0.0, ""angle"": 0.6973860958811382, ""elevation"": 0.0}, {""range"": 0.6634389523178803, ""doppler"": 0.0, ""angle"": 34.97936905179412, ""elevation"": 0.0}, {""range"": 1.8579512016499862, ""doppler"": 0.0, ""angle"": 44.24743418506497, ""elevation"": 0.0}, {""range"": 1.879026391572044, ""doppler"": 0.0, ""angle"": 43.85870860032163, ""elevation"": 0.0}, {""range"": 1.9025675643904163, ""doppler"": 0.0, ""angle"": 45.23988921494536, ""elevation"": 0.0}]",1785098187691.852
6,"[{""range"": 0.47036753058594916, ""doppler"": 0.0, ""angle"": -15.07172392949572, ""elevation"": 0.0}, {""range"": 0.5661135635936624, ""doppler"": 0.0, ""angle"": 1.3936508426448413, ""elevation"": 0.0}, {""range"": 0.578218296637518, ""doppler"": 0.0, ""angle"": 3.0668014536551476, ""elevation"": 0.0}, {""range"": 1.856544833404103, ""doppler"": 0.0, ""angle"": 43.21252704324529, ""elevation"": 0.0}, {""range"": 1.8772734120133956, ""doppler"": 0.0, ""angle"": 43.35967568700124, ""elevation"": 0.0}, {""range"": 1.901066908594939, ""doppler"": 0.0, ""angle"": 44.66084038466468, ""elevation"": 0.0}]",1785098187692.062
9,"[{""range"": 0.4719082670507026, ""doppler"": 0.0, ""angle"": -4.760035801337749, ""elevation"": 0.0}, {""range"": 2.8047444921191143, ""doppler"": 0.0, ""angle"": -4.00311620286182, ""elevation"": 0.0}, {""range"": 0.5064395762603766, ""doppler"": 0.0, ""angle"": -2.266353413095191, ""elevation"": 0.0}, {""range"": 0.5562365489084663, ""doppler"": 0.0, ""angle"": 1.2157408069764837, ""elevation"": 0.0}, {""range"": 0.5795426645659244, ""doppler"": 0.0, ""angle"": 1.4497688843685461, ""elevation"": 0.0}, {""range"": 2.7793797362544774, ""doppler"": 0.0, ""angle"": 0.42022786747600005, ""elevation"": 0.0}, {""range"": 1.853835705536863, ""doppler"": 0.0, ""angle"": 40.944174450061126, ""elevation"": 0.0}, {""range"": 1.8754054534289155, ""doppler"": 0.0, ""angle"": 44.62915870917194, ""elevation"": 0.0}, {""range"": 1.8969961977631273, ""doppler"": 0.0, ""angle"": 49.02847828635716, ""elevation"": 0.0}]",1785098187692.2822
5,"[{""range"": 0.5064612313465294, ""doppler"": 0.0, ""angle"": -1.7602135295843273, ""elevation"": 0.0}, {""range"": 0.5441270119675765, ""doppler"": 0.0, ""angle"": 3.278007195278825, ""elevation"": 0.0}, {""range"": 1.8514185100729286, ""doppler"": 0.0, ""angle"": 43.91996160681686, ""elevation"": 0.0}, {""range"": 1.873486438034765, ""doppler"": 0.0, ""angle"": 46.508249552811805, ""elevation"": 0.0}, {""range"": 1.8927729882354913, ""doppler"": 0.0, ""angle"": 51.41289135926197, ""elevation"": 0.0}]",1785098187692.498
6,"[{""range"": 2.805034689954955, ""doppler"": 0.0, ""angle"": -4.96626020252013, ""elevation"": 0.0}, {""range"": 0.45818135411754185, ""doppler"": 0.0, ""angle"": -3.3336339341735313, ""elevation"": 0.0}, {""range"": 0.5741131792072897, ""doppler"": 0.0, ""angle"": 5.289752142439738, ""elevation"": 0.0}, {""range"": 0.5858944636768172, ""doppler"": 0.0, ""angle"": 5.7627925030992575, ""elevation"": 0.0}, {""range"": 1.873392175712957, ""doppler"": 0.0, ""angle"": 46.02869175871638, ""elevation"": 0.0}, {""range"": 1.8924479156028047, ""doppler"": 0.0, ""angle"": 48.11379060678451, ""elevation"": 0.0}]",1785098187692.7039
6,"[{""range"": 0.417354978742377, ""doppler"": 0.0, ""angle"": -43.107617796400675, ""elevation"": 0.0}, {""range"": 2.8062745123749413, ""doppler"": 0.0, ""angle"": -4.183939240723239, ""elevation"": 0.0}, {""range"": 0.578644322813417, ""doppler"": 0.0, ""angle"": 10.86546503972905, ""elevation"": 0.0}, {""range"": 0.5892529079778568, ""doppler"": 0.0, ""angle"": 11.251964973015106, ""elevation"": 0.0}, {""range"": 1.877477040034792, ""doppler"": 0.0, ""angle"": 50.86378901724955, ""elevation"": 0.0}, {""range"": 1.896529451043054, ""doppler"": 0.0, ""angle"": 55.37796177222947, ""elevation"": 0.0}]",1785098187692.92
6,"[{""range"": 2.808778464761722, ""doppler"": 0.0, ""angle"": -3.7048893105734004, ""elevation"": 0.0}, {""range"": 0.577741401959014, ""doppler"": 0.0, ""angle"": 2.8384950876720008, ""elevation"": 0.0}, {""range"": 0.5797131479977055, ""doppler"": 0.0, ""angle"": 3.483731652652412, ""elevation"": 0.0}, {""range"": 0.5944728882394816, ""doppler"": 0.0, ""angle"": 5.540820740052065, ""elevation"": 0.0}, {""range"": 1.8785739964184685, ""doppler"": 0.0, ""angle"": 41.8554656759273, ""elevation"": 0.0}, {""range"": 1.9058425161109083, ""doppler"": 0.0, ""angle"": 39.35748911292214, ""elevation"": 0.0}]",1785098187693.124
8,"[{""range"": 0.4653634959750738, ""doppler"": 0.0, ""angle"": -29.638383688151343, ""elevation"": 0.0}, {""range"": 2.8077872322357846, ""doppler"": 0.0, ""angle"": -5.723663920782212, ""elevation"": 0.0}, {""range"": 0.5669213091755948, ""doppler"": 0.0, ""angle"": 1.7351572101438757, ""elevation"": 0.0}, {""range"": 0.5771880029886597, ""doppler"": 0.0, ""angle"": 2.8056749948153246, ""elevation"": 0.0}, {""range"": 1.9423794135510075, ""doppler"": 0.0, ""angle"": 34.202093595589325, ""elevation"": 0.0}, {""range"": 1.8546298701524044, ""doppler"": 0.0, ""angle"": 40.174075376220685, ""elevation"": 0.0}, {""range"": 1.877193051552226, ""doppler"": 0.0, ""angle"": 40.61550211791023, ""elevation"": 0.0}, {""range"": 1.9037693804229199, ""doppler"": 0.0, ""angle"": 39.40868060223677, ""elevation"": 0.0}]",1785098187693.3271
9,"[{""range"": 0.452836147540305, ""doppler"": 0.0, ""angle"": -32.535396020660656, ""elevation"": 0.0}, {""range"": 0.5041341686866313, ""doppler"": 0.0, ""angle"": -28.65587328455796, ""elevation"": 0.0}, {""range"": 0.5807256650841286, ""doppler"": 0.0, ""angle"": 2.717919450641465, ""elevation"": 0.0}, {""range"": 0.5892735545536951, ""doppler"": 0.0, ""angle"": 7.7957045540392995, ""elevation"": 0.0}, {""range"": 0.6141519397910207, ""doppler"": 0.0, ""angle"": 25.654841896952224, ""elevation"": 0.0}, {""range"": 0.6615646046010235, ""doppler"": 0.0, ""angle"": 39.15320392717358, ""elevation"": 0.0}, {""range"": 1.8491874150231034, ""doppler"": 0.0, ""angle"": 40.65898522506212, ""elevation"": 0.0}, {""range"": 1.8700497866682513, ""doppler"": 0.0, ""angle"": 42.02345528145507, ""elevation"": 0.0}, {""range"": 1.9016312687425458, ""doppler"": 0.0, ""angle"": 42.21787768098582, ""elevation"": 0.0}]",1785098187693.527
5,"[{""range"": 0.5660879773121654, ""doppler"": 0.0, ""angle"": 4.021143904102708, ""elevation"": 0.0}, {""range"": 0.5778919452403746, ""doppler"": 0.0, ""angle"": 5.4865552387731835, ""elevation"": 0.0}, {""range"": 0.7160672040155965, ""doppler"": 0.0, ""angle"": 40.655610779409244, ""elevation"": 0.0}, {""range"": 0.6818154447164946, ""doppler"": 0.0, ""angle"": 45.68003666544274, ""elevation"": 0.0}, {""range"": 1.8761250872987436, ""doppler"": 0.0, ""angle"": 44.96910862705954, ""elevation"": 0.0}]",1785098187693.7332
6,"[{""range"": 2.8067512384118363, ""doppler"": 0.0, ""angle"": -5.982639442061175, ""elevation"": 0.0}, {""range"": 0.5314219265086446, ""doppler"": 0.0, ""angle"": 2.063299012371028, ""elevation"": 0.0}, {""range"": 0.56039322760806, ""doppler"": 0.0, ""angle"": 1.4078796866936547, ""elevation"": 0.0}, {""range"": 0.5727656229196355, ""doppler"": 0.0, ""angle"": 2.0932906267567737, ""elevation"": 0.0}, {""range"": 1.8792860707036645, ""doppler"": 0.0, ""angle"": 42.51279134028045, ""elevation"": 0.0}, {""range"": 1.9058778314827127, ""doppler"": 0.0, ""angle"": 41.81300100241797, ""elevation"": 0.0}]",1785098187693.944
12,"[{""range"": 0.42422448040463084, ""doppler"": 0.0, ""angle"": -29.493257177233918, ""elevation"": 0.0}, {""range"": 1.1936253368716983, ""doppler"": 0.0, ""angle"": -21.587828411639094, ""elevation"": 0.0}, {""range"": 2.8135377452206383, ""doppler"": 0.0, ""angle"": -5.346081440809304, ""elevation"": 0.0}, {""range"": 0.528087441638198, ""doppler"": 0.0, ""angle"": -2.2510641670764757, ""elevation"": 0.0}, {""range"": 0.5573888479905589, ""doppler"": 0.0, ""angle"": -0.551434171689021, ""elevation"": 0.0}, {""range"": 0.5717209452129558, ""doppler"": 0.0, ""angle"": 1.630947314569924, ""elevation"": 0.0}, {""range"": 0.6863609297947338, ""doppler"": 0.0, ""angle"": 39.354522835671986, ""elevation"": 0.0}, {""range"": 0.7061628512707251, ""doppler"": 0.0, ""angle"": 41.25280205759049, ""elevation"": 0.0}, {""range"": 1.9475236674619538, ""doppler"": 0.0, ""angle"": 41.95944988370801, ""elevation"": 0.0}, {""range"": 1.8821360228554427, ""doppler"": 0.0, ""angle"": 44.51115972880696, ""elevation"": 0.0}, {""range"": 1.9036939679256084, ""doppler"": 0.0, ""angle"": 44.32641077705536, ""elevation"": 0.0}, {""range"": 2.0035693998804858, ""doppler"": 0.0, ""angle"": 44.10324456961946, ""elevation"": 0.0}]",1785098187694.148
10,"[{""range"": 1.200289756225518, ""doppler"": 0.0, ""angle"": -21.205425529468936, ""elevation"": 0.0}, {""range"": 1.2283763097116847, ""doppler"": 0.0, ""angle"": -15.112473903549434, ""elevation"": 0.0}, {""range"": 0.42716070289356667, ""doppler"": 0.0, ""angle"": -6.393164899744537, ""elevation"": 0.0}, {""range"": 0.44694860341924314, ""doppler"": 0.0, ""angle"": -8.814130821772503, ""elevation"": 0.0}, {""range"": 0.55652458163036, ""doppler"": 0.0, ""angle"": -0.8100405944600155, ""elevation"": 0.0}, {""range"": 0.5779720566801032, ""doppler"": 0.0, ""angle"": 2.5711707863270505, ""elevation"": 0.0}, {""range"": 1.8824403618863872, ""doppler"": 0.0, ""angle"": 42.432213026698804, ""elevation"": 0.0}, {""range"": 1.9089368470019434, ""doppler"": 0.0, ""angle"": 43.1932570767381, ""elevation"": 0.0}, {""range"": 0.6864601961803634, ""doppler"": 0.0, ""angle"": 46.16095673905626, ""elevation"": 0.0}, {""range"": 0.7079281599680733, ""doppler"": 0.0, ""angle"": 47.6309073544034, ""elevation"": 0.0}]",1785098187694.3591
7,"[{""range"": 1.1861487787644112, ""doppler"": 0.0, ""angle"": -20.582329540333667, ""elevation"": 0.0}, {""range"": 0.4362113793363167, ""doppler"": 0.0, ""angle"": -6.661812480977287, ""elevation"": 0.0}, {""range"": 0.4162865968600756, ""doppler"": 0.0, ""angle"": -2.9300014081655523, ""elevation"": 0.0}, {""range"": 0.5671171811140181, ""doppler"": 0.0, ""angle"": 2.7108437632427362, ""elevation"": 0.0}, {""range"": 0.5773252601739909, ""doppler"": 0.0, ""angle"": 4.191822975728451, ""elevation"": 0.0}, {""range"": 1.9048069059531922, ""doppler"": 0.0, ""angle"": 43.27305045604657, ""elevation"": 0.0}, {""range"": 1.881941767808569, ""doppler"": 0.0, ""angle"": 44.3340238220486, ""elevation"": 0.0}]",1785098187694.57
8,"[{""range"": 0.4122083568858681, ""doppler"": 0.0, ""angle"": -28.02131564416973, ""elevation"": 0.0}, {""range"": 1.1899597110672504, ""doppler"": 0.0, ""angle"": -27.007852485024134, ""elevation"": 0.0}, {""range"": 0.5489999273422492, ""doppler"": 0.0, ""angle"": -2.183950227676308, ""elevation"": 0.0}, {""range"": 0.5682597956775755, ""doppler"": 0.0, ""angle"": 2.001651121335749, ""elevation"": 0.0}, {""range"": 0.5741803139028869, ""doppler"": 0.0, ""angle"": 3.213482280578685, ""elevation"": 0.0}, {""range"": 0.5907336928430689, ""doppler"": 0.0, ""angle"": 7.933884698262058, ""elevation"": 0.0}, {""range"": 1.878831372541611, ""doppler"": 0.0, ""angle"": 49.577918582653645, ""elevation"": 0.0}, {""range"": 1.8977409627269899, ""doppler"": 0.0, ""angle"": 52.36886700208653, ""elevation"": 0.0}]",1785098187694.7761
8,"[{""range"": 1.189370140903414, ""doppler"": 0.0, ""angle"": -27.90577966215642, ""elevation"": 0.0}, {""range"": 0.4482066412719897, ""doppler"": 0.0, ""angle"": -20.553369846989543, ""elevation"": 0.0}, {""range"": 0.4051516941545486, ""doppler"": 0.0, ""angle"": -14.152772938034186, ""elevation"": 0.0}, {""range"": 0.5404566490253101, ""doppler"": 0.0, ""angle"": -3.1104291582128156, ""elevation"": 0.0}, {""range"": 0.5650758266720559, ""doppler"": 0.0, ""angle"": 0.5258009371855246, ""elevation"": 0.0}, {""range"": 0.5710321574320629, ""doppler"": 0.0, ""angle"": 1.722662071622803, ""elevation"": 0.0}, {""range"": 1.8790573528101666, ""doppler"": 0.0, ""angle"": 46.36108268864949, ""elevation"": 0.0}, {""range"": 1.8976322856533225, ""doppler"": 0.0, ""angle"": 49.63587479661708, ""elevation"": 0.0}]",1785098187694.9749
7,"[{""range"": 1.1876318071475804, ""doppler"": 0.0, ""angle"": -25.02940119764223, ""elevation"": 0.0}, {""range"": 2.8040863543895003, ""doppler"": 0.0, ""angle"": -4.8689295571885385, ""elevation"": 0.0}, {""range"": 0.5694802723802698, ""doppler"": 0.0, ""angle"": 1.9073543730515792, ""elevation"": 0.0}, {""range"": 0.5758219887136135, ""doppler"": 0.0, ""angle"": 2.937040300266829, ""elevation"": 0.0}, {""range"": 1.8565352490342186, ""doppler"": 0.0, ""angle"": 44.82440223349379, ""elevation"": 0.0}, {""range"": 1.8794951542598932, ""doppler"": 0.0, ""angle"": 43.565977169002906, ""elevation"": 0.0}, {""range"": 1.8980136895013549, ""doppler"": 0.0, ""angle"": 44.77480290561171, ""elevation"": 0.0}]",1785098187695.1812
8,"[{""range"": 0.40360158832075377, ""doppler"": 0.0, ""angle"": -11.215343993546556, ""elevation"": 0.0}, {""range"": 0.4136755156214755, ""doppler"": 0.0, ""angle"": -10.183011435959113, ""elevation"": 0.0}, {""range"": 0.43169494670457437, ""doppler"": 0.0, ""angle"": -9.657404121905538, ""elevation"": 0.0}, {""range"": 0.5607507475849461, ""doppler"": 0.0, ""angle"": 1.4069818789820159, ""elevation"": 0.0}, {""range"": 0.5726068915309342, ""doppler"": 0.0, ""angle"": 0.7157126716256628, ""elevation"": 0.0}, {""range"": 1.8603550279242393, ""doppler"": 0.0, ""angle"": 47.24360624086635, ""elevation"": 0.0}, {""range"": 1.8795440127788334, ""doppler"": 0.0, ""angle"": 45.67838979856718, ""elevation"": 0.0}, {""range"": 1.896349931667032, ""doppler"": 0.0, ""angle"": 47.72485731206529, ""elevation"": 0.0}]",1785098187695.4062
4,"[{""range"": 0.4235866975075814, ""doppler"": 0.0, ""angle"": -12.011981735946932, ""elevation"": 0.0}, {""range"": 0.4403641216200584, ""doppler"": 0.0, ""angle"": -15.15921432177085, ""elevation"": 0.0}, {""range"": 1.8809720530307716, ""doppler"": 0.0, ""angle"": 44.61484998319286, ""elevation"": 0.0}, {""range"": 1.8967448181513789, ""doppler"": 0.0, ""angle"": 46.16119030481343, ""elevation"": 0.0}]",1785098187695.6658
4,"[{""range"": 0.5646984814091431, ""doppler"": 0.0, ""angle"": 0.2177156570620797, ""elevation"": 0.0}, {""range"": 0.5750906328551622, ""doppler"": 0.0, ""angle"": 0.5344600529232296, ""elevation"": 0.0}, {""range"": 1.8787018251519263, ""doppler"": 0.0, ""angle"": 46.025784124826075, ""elevation"": 0.0}, {""range"": 1.8982204154879743, ""doppler"": 0.0, ""angle"": 47.06515978208261, ""elevation"": 0.0}]",1785098187695.882
5,"[{""range"": 0.5692267979574569, ""doppler"": 0.0, ""angle"": -0.8459647969879944, ""elevation"": 0.0}, {""range"": 0.57721680865518, ""doppler"": 0.0, ""angle"": 0.24849314864120123, ""elevation"": 0.0}, {""range"": 1.9076446102392393, ""doppler"": 0.0, ""angle"": 42.25707064381667, ""elevation"": 0.0}, {""range"": 1.9472870288117095, ""doppler"": 0.0, ""angle"": 40.344492571986386, ""elevation"": 0.0}, {""range"": 1.8812866845328817, ""doppler"": 0.0, ""angle"": 44.102720625779114, ""elevation"": 0.0}]",1785098187696.0928
7,"[{""range"": 1.1829896636274724, ""doppler"": 0.0, ""angle"": -28.482590655625494, ""elevation"": 0.0}, {""range"": 0.5543924392245447, ""doppler"": 0.0, ""angle"": -0.9055675546741091, ""elevation"": 0.0}, {""range"": 0.5690355012576331, ""doppler"": 0.0, ""angle"": 0.7562171606206665, ""elevation"": 0.0}, {""range"": 0.5748956699636111, ""doppler"": 0.0, ""angle"": 2.4957457213171375, ""elevation"": 0.0}, {""range"": 0.5892053719808342, ""doppler"": 0.0, ""angle"": 3.479800232343545, ""elevation"": 0.0}, {""range"": 1.8803329394563613, ""doppler"": 0.0, ""angle"": 42.40233627820729, ""elevation"": 0.0}, {""range"": 1.9048610741714789, ""doppler"": 0.0, ""angle"": 43.21983025862933, ""elevation"": 0.0}]",1785098187696.296
7,"[{""range"": 2.803760397939362, ""doppler"": 0.0, ""angle"": -4.876831729103754, ""elevation"": 0.0}, {""range"": 0.5700640389492161, ""doppler"": 0.0, ""angle"": 3.2187098557059577, ""elevation"": 0.0}, {""range"": 0.5839868455126496, ""doppler"": 0.0, ""angle"": 6.787730240315085, ""elevation"": 0.0}, {""range"": 0.6068825861066827, ""doppler"": 0.0, ""angle"": 14.887919024094618, ""elevation"": 0.0}, {""range"": 0.6719507891937927, ""doppler"": 0.0, ""angle"": 35.53413291915127, ""elevation"": 0.0}, {""range"": 0.7074556541876175, ""doppler"": 0.0, ""angle"": 40.64370570335282, ""elevation"": 0.0}, {""range"": 1.9071193842283516, ""doppler"": 0.0, ""angle"": 45.23931665569491, ""elevation"": 0.0}]",1785098187696.516
11,"[{""range"": 1.1673606914984826, ""doppler"": 0.0, ""angle"": -39.9044575673358, ""elevation"": 0.0}, {""range"": 1.1759514552267818, ""doppler"": 0.0, ""angle"": -39.39729453824019, ""elevation"": 0.0}, {""range"": 0.4117371686417869, ""doppler"": 0.0, ""angle"": -29.504144144220422, ""elevation"": 0.0}, {""range"": 0.4327507792227734, ""doppler"": 0.0, ""angle"": -27.38033065646097, ""elevation"": 0.0}, {""range"": 2.811209208977232, ""doppler"": 0.0, ""angle"": -4.308142197730879, ""elevation"": 0.0}, {""range"": 0.5718913841617737, ""doppler"": 0.0, ""angle"": 4.806786094855444, ""elevation"": 0.0}, {""range"": 0.5837672214882027, ""doppler"": 0.0, ""angle"": 9.69891336607861, ""elevation"": 0.0}, {""range"": 0.5954453805333756, ""doppler"": 0.0, ""angle"": 15.555425698959343, ""elevation"": 0.0}, {""range"": 1.8498666822155097, ""doppler"": 0.0, ""angle"": 44.616206260312616, ""elevation"": 0.0}, {""range"": 1.8732810790115004, ""doppler"": 0.0, ""angle"": 46.56257635742256, ""elevation"": 0.0}, {""range"": 1.899076256009789, ""doppler"": 0.0, ""angle"": 48.653194782096236, ""elevation"": 0.0}]",1785098187696.804
7,"[{""range"": 0.515022406794772, ""doppler"": 0.0, ""angle"": -43.100688579214335, ""elevation"": 0.0}, {""range"": 0.575963124386612, ""doppler"": 0.0, ""angle"": 4.951249023088052, ""elevation"": 0.0}, {""range"": 0.584485970070563, ""doppler"": 0.0, ""angle"": 7.983845111531191, ""elevation"": 0.0}, {""range"": 0.6018460526224585, ""doppler"": 0.0, ""angle"": 11.516920172187167, ""elevation"": 0.0}, {""range"": 1.8523062029526507, ""doppler"": 0.0, ""angle"": 44.47199731897322, ""elevation"": 0.0}, {""range"": 1.8736703408729725, ""doppler"": 0.0, ""angle"": 45.510382160396, ""elevation"": 0.0}, {""range"": 1.898727575353318, ""doppler"": 0.0, ""angle"": 46.09891841352065, ""elevation"": 0.0}]",1785098187697.021
9,"[{""range"": 0.5385460412496793, ""doppler"": 0.0, ""angle"": 1.2937398971904024, ""elevation"": 0.0}, {""range"": 0.5673648916873663, ""doppler"": 0.0, ""angle"": 1.390576529537309, ""elevation"": 0.0}, {""range"": 0.5768047785412441, ""doppler"": 0.0, ""angle"": 2.754191327372776, ""elevation"": 0.0}, {""range"": 0.5932070005510499, ""doppler"": 0.0, ""angle"": 5.708874607820701, ""elevation"": 0.0}, {""range"": 0.6848610334447699, ""doppler"": 0.0, ""angle"": 38.82101353685348, ""elevation"": 0.0}, {""range"": 0.725416418611336, ""doppler"": 0.0, ""angle"": 43.82148736286906, ""elevation"": 0.0}, {""range"": 1.8519043269780897, ""doppler"": 0.0, ""angle"": 44.55403612185988, ""elevation"": 0.0}, {""range"": 1.872572253582623, ""doppler"": 0.0, ""angle"": 46.315489793984746, ""elevation"": 0.0}, {""range"": 1.8950445478414886, ""doppler"": 0.0, ""angle"": 43.73835082866148, ""elevation"": 0.0}]",1785098187697.243
8,"[{""range"": 2.804611831488181, ""doppler"": 0.0, ""angle"": -4.318295587197656, ""elevation"": 0.0}, {""range"": 0.5699419758306297, ""doppler"": 0.0, ""angle"": -0.8449031815678686, ""elevation"": 0.0}, {""range"": 0.5752498739397894, ""doppler"": 0.0, ""angle"": -0.2493428191983809, ""elevation"": 0.0}, {""range"": 0.6216435758628069, ""doppler"": 0.0, ""angle"": 31.22096539751434, ""elevation"": 0.0}, {""range"": 0.663500542635885, ""doppler"": 0.0, ""angle"": 38.42347867166136, ""elevation"": 0.0}, {""range"": 1.85560643266276, ""doppler"": 0.0, ""angle"": 40.576142330008054, ""elevation"": 0.0}, {""range"": 1.8752773829469993, ""doppler"": 0.0, ""angle"": 40.99062451455202, ""elevation"": 0.0}, {""range"": 1.9004038053424481, ""doppler"": 0.0, ""angle"": 41.628166849915345, ""elevation"": 0.0}]",1785098187697.449
9,"[{""range"": 0.5730714601825805, ""doppler"": 0.0, ""angle"": 2.8079458170123126, ""elevation"": 0.0}, {""range"": 0.5844417665957684, ""doppler"": 0.0, ""angle"": 7.8251690175723025, ""elevation"": 0.0}, {""range"": 0.6074661755466946, ""doppler"": 0.0, ""angle"": 15.222576052834654, ""elevation"": 0.0}, {""range"": 0.6616847216901599, ""doppler"": 0.0, ""angle"": 29.14183053207721, ""elevation"": 0.0}, {""range"": 0.7164787178315755, ""doppler"": 0.0, ""angle"": 37.49622799560948, ""elevation"": 0.0}, {""range"": 1.846930417988354, ""doppler"": 0.0, ""angle"": 39.63014015988697, ""elevation"": 0.0}, {""range"": 1.8720660269443092, ""doppler"": 0.0, ""angle"": 40.38997282182874, ""elevation"": 0.0}, {""range"": 1.904995136825411, ""doppler"": 0.0, ""angle"": 41.88007885121093, ""elevation"": 0.0}, {""range"": 1.9482812431666867, ""doppler"": 0.0, ""angle"": 41.96063329107258, ""elevation"": 0.0}]",1785098187697.671
6,"[{""range"": 0.5531065032067816, ""doppler"": 0.0, ""angle"": 1.5931976072145682, ""elevation"": 0.0}, {""range"": 0.5717149051055115, ""doppler"": 0.0, ""angle"": 3.586394894942688, ""elevation"": 0.0}, {""range"": 0.5796556454389337, ""doppler"": 0.0, ""angle"": 5.98495231511541, ""elevation"": 0.0}, {""range"": 0.597683081179445, ""doppler"": 0.0, ""angle"": 10.916603782083802, ""elevation"": 0.0}, {""range"": 1.9191920973045309, ""doppler"": 0.0, ""angle"": 39.20339358328075, ""elevation"": 0.0}, {""range"": 1.9578697857978349, ""doppler"": 0.0, ""angle"": 36.89920173539361, ""elevation"": 0.0}]",1785098187697.8801
8,"[{""range"": 0.4244611185092551, ""doppler"": 0.0, ""angle"": -4.32465592350936, ""elevation"": 0.0}, {""range"": 0.43979249887029936, ""doppler"": 0.0, ""angle"": -5.295665547453812, ""elevation"": 0.0}, {""range"": 2.803999771626963, ""doppler"": 0.0, ""angle"": -2.156257133074277, ""elevation"": 0.0}, {""range"": 0.5724121998619541, ""doppler"": 0.0, ""angle"": 3.8331242158552907, ""elevation"": 0.0}, {""range"": 0.5801582206799345, ""doppler"": 0.0, ""angle"": 6.281686885869138, ""elevation"": 0.0}, {""range"": 0.6014824727503136, ""doppler"": 0.0, ""angle"": 13.338052852748833, ""elevation"": 0.0}, {""range"": 1.8815351842126493, ""doppler"": 0.0, ""angle"": 48.1010200936337, ""elevation"": 0.0}, {""range"": 1.9055235240614725, ""doppler"": 0.0, ""angle"": 45.47143439461549, ""elevation"": 0.0}]",1785098187698.0889
8,"[{""range"": 0.42514738001253666, ""doppler"": 0.0, ""angle"": -12.855536486840574, ""elevation"": 0.0}, {""range"": 0.4476121393450039, ""doppler"": 0.0, ""angle"": -13.209065365008344, ""elevation"": 0.0}, {""range"": 0.5115960410964785, ""doppler"": 0.0, ""angle"": -3.727487151298493, ""elevation"": 0.0}, {""range"": 2.817781437885093, ""doppler"": 0.0, ""angle"": -3.7185404377632754, ""elevation"": 0.0}, {""range"": 0.561858763324797, ""doppler"": 0.0, ""angle"": 2.115697246704472, ""elevation"": 0.0}, {""range"": 0.5802714949710261, ""doppler"": 0.0, ""angle"": 4.524641847010093, ""elevation"": 0.0}, {""range"": 1.8826394908032755, ""doppler"": 0.0, ""angle"": 46.41238103657067, ""elevation"": 0.0}, {""range"": 1.9037199091540047, ""doppler"": 0.0, ""angle"": 44.672729579573335, ""elevation"": 0.0}]",1785098187698.297
9,"[{""range"": 1.1872343191026675, ""doppler"": 0.0, ""angle"": -27.784665249691166, ""elevation"": 0.0}, {""range"": 2.8115904534421268, ""doppler"": 0.0, ""angle"": -7.388519212077972, ""elevation"": 0.0}, {""range"": 0.5339173282772605, ""doppler"": 0.0, ""angle"": 2.0344503920999295, ""elevation"": 0.0}, {""range"": 0.5640051709644316, ""doppler"": 0.0, ""angle"": 1.5442315153366677, ""elevation"": 0.0}, {""range"": 0.5758633280580648, ""doppler"": 0.0, ""angle"": 1.7260047655453075, ""elevation"": 0.0}, {""range"": 0.5965582855337056, ""doppler"": 0.0, ""angle"": 3.7638093788569225, ""elevation"": 0.0}, {""range"": 1.909415221660988, ""doppler"": 0.0, ""angle"": 41.25255341747882, ""elevation"": 0.0}, {""range"": 2.102852901633651, ""doppler"": 0.0, ""angle"": 37.690385256764515, ""elevation"": 0.0}, {""range"": 1.8822771994094285, ""doppler"": 0.0, ""angle"": 44.46115997277295, ""elevation"": 0.0}]",1785098187698.5012
5,"[{""range"": 0.5774612942662927, ""doppler"": 0.0, ""angle"": 1.6857275103277052, ""elevation"": 0.0}, {""range"": 0.5851662436678996, ""doppler"": 0.0, ""angle"": 4.363791834723691, ""elevation"": 0.0}, {""range"": 0.5980021875537891, ""doppler"": 0.0, ""angle"": 8.789146789101794, ""elevation"": 0.0}, {""range"": 1.8808420835835828, ""doppler"": 0.0, ""angle"": 42.669056001338234, ""elevation"": 0.0}, {""range"": 1.904004601196122, ""doppler"": 0.0, ""angle"": 42.40037489965612, ""elevation"": 0.0}]",1785098187698.699
7,"[{""range"": 2.8083432930176007, ""doppler"": 0.0, ""angle"": -5.026311654261243, ""elevation"": 0.0}, {""range"": 2.8165100010497257, ""doppler"": 0.0, ""angle"": -5.48292419257611, ""elevation"": 0.0}, {""range"": 0.5455617824953778, ""doppler"": 0.0, ""angle"": 0.0751173342322931, ""elevation"": 0.0}, {""range"": 0.5690403336252191, ""doppler"": 0.0, ""angle"": 0.7922230163515023, ""elevation"": 0.0}, {""range"": 0.5785871008706803, ""doppler"": 0.0, ""angle"": 2.338028009595648, ""elevation"": 0.0}, {""range"": 0.5941169323333667, ""doppler"": 0.0, ""angle"": 5.544150833307083, ""elevation"": 0.0}, {""range"": 1.8783366123808303, ""doppler"": 0.0, ""angle"": 45.46668704156632, ""elevation"": 0.0}]",1785098187698.9
6,"[{""range"": 2.8074322132775884, ""doppler"": 0.0, ""angle"": -3.8968528521449635, ""elevation"": 0.0}, {""range"": 0.575750047291205, ""doppler"": 0.0, ""angle"": 1.2991224327474928, ""elevation"": 0.0}, {""range"": 0.5784557812273328, ""doppler"": 0.0, ""angle"": 2.83498674773381, ""elevation"": 0.0}, {""range"": 0.5940245727788536, ""doppler"": 0.0, ""angle"": 7.03730678966476, ""elevation"": 0.0}, {""range"": 1.87415984130686, ""doppler"": 0.0, ""angle"": 43.956265233939355, ""elevation"": 0.0}, {""range"": 1.89276323256112, ""doppler"": 0.0, ""angle"": 47.15537843719867, ""elevation"": 0.0}]",1785098187699.1
6,"[{""range"": 0.575004281235865, ""doppler"": 0.0, ""angle"": 3.0839600222976666, ""elevation"": 0.0}, {""range"": 0.5486381301794276, ""doppler"": 0.0, ""angle"": 4.898560859355431, ""elevation"": 0.0}, {""range"": 0.5840569238139163, ""doppler"": 0.0, ""angle"": 4.97050053846875, ""elevation"": 0.0}, {""range"": 0.5973077065854383, ""doppler"": 0.0, ""angle"": 9.964260777278874, ""elevation"": 0.0}, {""range"": 1.8711846409066506, ""doppler"": 0.0, ""angle"": 43.00958872128517, ""elevation"": 0.0}, {""range"": 1.8944983942643807, ""doppler"": 0.0, ""angle"": 45.37092791622061, ""elevation"": 0.0}]",1785098187699.315
10,"[{""range"": 1.171070162416032, ""doppler"": 0.0, ""angle"": -39.17491394453164, ""elevation"": 0.0}, {""range"": 2.8042148723518183, ""doppler"": 0.0, ""angle"": -4.307916312851832, ""elevation"": 0.0}, {""range"": 0.5765112655712432, ""doppler"": 0.0, ""angle"": 2.5065353954898693, ""elevation"": 0.0}, {""range"": 0.5849784649820822, ""doppler"": 0.0, ""angle"": 5.384705884141079, ""elevation"": 0.0}, {""range"": 0.5983335751829811, ""doppler"": 0.0, ""angle"": 9.929618847900722, ""elevation"": 0.0}, {""range"": 0.6538510674662988, ""doppler"": 0.0, ""angle"": 28.219039638069386, ""elevation"": 0.0}, {""range"": 1.8480842184802893, ""doppler"": 0.0, ""angle"": 41.438337037520995, ""elevation"": 0.0}, {""range"": 1.8725745074990219, ""doppler"": 0.0, ""angle"": 42.9026729123677, ""elevation"": 0.0}, {""range"": 1.9035669272231999, ""doppler"": 0.0, ""angle"": 47.72594895128248, ""elevation"": 0.0}, {""range"": 1.943763971823412, ""doppler"": 0.0, ""angle"": 48.86415464404988, ""elevation"": 0.0}]",1785098187699.51
8,"[{""range"": 1.182993380038872, ""doppler"": 0.0, ""angle"": -31.431618344112255, ""elevation"": 0.0}, {""range"": 2.8076560421101893, ""doppler"": 0.0, ""angle"": -3.8563100927973166, ""elevation"": 0.0}, {""range"": 0.5757582664496144, ""doppler"": 0.0, ""angle"": 1.3347021248806965, ""elevation"": 0.0}, {""range"": 0.5822443655984227, ""doppler"": 0.0, ""angle"": 3.221800752023659, ""elevation"": 0.0}, {""range"": 0.5966588807880648, ""doppler"": 0.0, ""angle"": 5.744764887198235, ""elevation"": 0.0}, {""range"": 1.8825713249802036, ""doppler"": 0.0, ""angle"": 41.54992891112417, ""elevation"": 0.0}, {""range"": 1.908618363739329, ""doppler"": 0.0, ""angle"": 42.9157105495421, ""elevation"": 0.0}, {""range"": 1.9498020464630998, ""doppler"": 0.0, ""angle"": 43.0750035225886, ""elevation"": 0.0}]",1785098187699.713
8,"[{""range"": 0.4919273056654977, ""doppler"": 0.0, ""angle"": -33.91534465938406, ""elevation"": 0.0}, {""range"": 0.4326493581718142, ""doppler"": 0.0, ""angle"": -11.732549105211211, ""elevation"": 0.0}, {""range"": 0.5823137475951488, ""doppler"": 0.0, ""angle"": 1.0381084383629418, ""elevation"": 0.0}, {""range"": 0.5843793946203901, ""doppler"": 0.0, ""angle"": 2.490314459268182, ""elevation"": 0.0}, {""range"": 0.6000428956610654, ""doppler"": 0.0, ""angle"": 6.364703711165718, ""elevation"": 0.0}, {""range"": 1.8860147266942917, ""doppler"": 0.0, ""angle"": 41.602411852278365, ""elevation"": 0.0}, {""range"": 1.913343564618793, ""doppler"": 0.0, ""angle"": 39.92349310063571, ""elevation"": 0.0}, {""range"": 1.9513730012592305, ""doppler"": 0.0, ""angle"": 39.30676910745486, ""elevation"": 0.0}]",1785098187699.914
3,"[{""range"": 1.190417665347048, ""doppler"": 0.0, ""angle"": -33.9407036329336, ""elevation"": 0.0}, {""range"": 2.812346272722305, ""doppler"": 0.0, ""angle"": -5.8095526107024105, ""elevation"": 0.0}, {""range"": 1.8774281958484722, ""doppler"": 0.0, ""angle"": 46.53210285459621, ""elevation"": 0.0}]",1785098187700.1028
9,"[{""range"": 0.42134816396986635, ""doppler"": 0.0, ""angle"": -38.65980825409009, ""elevation"": 0.0}, {""range"": 0.4521291146766669, ""doppler"": 0.0, ""angle"": -41.729512076816434, ""elevation"": 0.0}, {""range"": 2.805348810064303, ""doppler"": 0.0, ""angle"": -3.6398930527613835, ""elevation"": 0.0}, {""range"": 0.5797831913707976, ""doppler"": 0.0, ""angle"": 4.120868743848694, ""elevation"": 0.0}, {""range"": 0.5885133594919003, ""doppler"": 0.0, ""angle"": 5.509653387384959, ""elevation"": 0.0}, {""range"": 0.6073850321557833, ""doppler"": 0.0, ""angle"": 16.786489241534515, ""elevation"": 0.0}, {""range"": 1.857227065204102, ""doppler"": 0.0, ""angle"": 44.5085041435827, ""elevation"": 0.0}, {""range"": 1.8765099679612642, ""doppler"": 0.0, ""angle"": 44.85715656291224, ""elevation"": 0.0}, {""range"": 1.89808470356193, ""doppler"": 0.0, ""angle"": 47.260100460912774, ""elevation"": 0.0}]",1785098187700.3022
7,"[{""range"": 1.17116084778899, ""doppler"": 0.0, ""angle"": -37.87421640308998, ""elevation"": 0.0}, {""range"": 2.806197756289222, ""doppler"": 0.0, ""angle"": -5.543482737530614, ""elevation"": 0.0}, {""range"": 0.7019907122165447, ""doppler"": 0.0, ""angle"": 49.60766289947042, ""elevation"": 0.0}, {""range"": 0.7016741035063906, ""doppler"": 0.0, ""angle"": 52.090439878571246, ""elevation"": 0.0}, {""range"": 1.8549469443598703, ""doppler"": 0.0, ""angle"": 44.5235225657212, ""elevation"": 0.0}, {""range"": 1.8800480473004741, ""doppler"": 0.0, ""angle"": 44.88825237076853, ""elevation"": 0.0}, {""range"": 1.8996510541464877, ""doppler"": 0.0, ""angle"": 47.296402083154625, ""elevation"": 0.0}]",1785098187700.5042
3,"[{""range"": 1.8562007898421655, ""doppler"": 0.0, ""angle"": 41.3718098485719, ""elevation"": 0.0}, {""range"": 1.8779786242319194, ""doppler"": 0.0, ""angle"": 43.15960344613508, ""elevation"": 0.0}, {""range"": 1.9033650740484316, ""doppler"": 0.0, ""angle"": 45.437712513125554, ""elevation"": 0.0}]",1785098187700.6973
4,"[{""range"": 0.5758742662463877, ""doppler"": 0.0, ""angle"": -1.0319241880107743, ""elevation"": 0.0}, {""range"": 0.58134401114825, ""doppler"": 0.0, ""angle"": -1.4981634718448553, ""elevation"": 0.0}, {""range"": 1.8799087783802348, ""doppler"": 0.0, ""angle"": 42.34774199103897, ""elevation"": 0.0}, {""range"": 1.9051122555842683, ""doppler"": 0.0, ""angle"": 43.486362035189046, ""elevation"": 0.0}]",1785098187700.8818
6,"[{""range"": 0.4814096540233329, ""doppler"": 0.0, ""angle"": -39.68022740780917, ""elevation"": 0.0}, {""range"": 0.4288357810706041, ""doppler"": 0.0, ""angle"": -8.150374477209011, ""elevation"": 0.0}, {""range"": 0.4374109385690945, ""doppler"": 0.0, ""angle"": -6.172063219930495, ""elevation"": 0.0}, {""range"": 2.806028683820334, ""doppler"": 0.0, ""angle"": -4.114751900119619, ""elevation"": 0.0}, {""range"": 1.8757933965844653, ""doppler"": 0.0, ""angle"": 43.31974382797271, ""elevation"": 0.0}, {""range"": 1.9030899219175184, ""doppler"": 0.0, ""angle"": 45.99360086102753, ""elevation"": 0.0}]",1785098187701.1462
6,"[{""range"": 1.1766568308599383, ""doppler"": 0.0, ""angle"": -39.6851691955668, ""elevation"": 0.0}, {""range"": 0.5795711601099932, ""doppler"": 0.0, ""angle"": -7.42759734723307, ""elevation"": 0.0}, {""range"": 2.808929631160698, ""doppler"": 0.0, ""angle"": -3.752206392655811, ""elevation"": 0.0}, {""range"": 2.816669328847425, ""doppler"": 0.0, ""angle"": -4.916488070700394, ""elevation"": 0.0}, {""range"": 1.8776994370279267, ""doppler"": 0.0, ""angle"": 40.87589942679567, ""elevation"": 0.0}, {""range"": 1.906834318809724, ""doppler"": 0.0, ""angle"": 40.992340296215154, ""elevation"": 0.0}]",1785098187701.3462
5,"[{""range"": 2.806054333628505, ""doppler"": 0.0, ""angle"": -5.078072323975425, ""elevation"": 0.0}, {""range"": 2.8179448353499272, ""doppler"": 0.0, ""angle"": -4.286887362288061, ""elevation"": 0.0}, {""range"": 1.9118584164605568, ""doppler"": 0.0, ""angle"": 42.156895838286914, ""elevation"": 0.0}, {""range"": 0.6985469276711529, ""doppler"": 0.0, ""angle"": 47.36522035663367, ""elevation"": 0.0}, {""range"": 0.7073637866134306, ""doppler"": 0.0, ""angle"": 45.71692800256967, ""elevation"": 0.0}]",1785098187701.555
6,"[{""range"": 0.5741986903440914, ""doppler"": 0.0, ""angle"": 1.5346600059991666, ""elevation"": 0.0}, {""range"": 0.5869740009130273, ""doppler"": 0.0, ""angle"": 3.632950739488207, ""elevation"": 0.0}, {""range"": 0.600063757118034, ""doppler"": 0.0, ""angle"": 6.227063461605711, ""elevation"": 0.0}, {""range"": 0.6626262728689333, ""doppler"": 0.0, ""angle"": 33.698644096458814, ""elevation"": 0.0}, {""range"": 1.8791969740843018, ""doppler"": 0.0, ""angle"": 45.3623826845936, ""elevation"": 0.0}, {""range"": 1.9058993559228004, ""doppler"": 0.0, ""angle"": 46.23165050207923, ""elevation"": 0.0}]",1785098187701.7998
6,"[{""range"": 0.5729502330982905, ""doppler"": 0.0, ""angle"": -0.5901042039474779, ""elevation"": 0.0}, {""range"": 0.5808592514221947, ""doppler"": 0.0, ""angle"": -0.8995827100350469, ""elevation"": 0.0}, {""range"": 0.5953667609865978, ""doppler"": 0.0, ""angle"": -1.7383107194479963, ""elevation"": 0.0}, {""range"": 1.8594522709955146, ""doppler"": 0.0, ""angle"": 45.24934766347323, ""elevation"": 0.0}, {""range"": 1.8817636434188836, ""doppler"": 0.0, ""angle"": 43.92967917606321, ""elevation"": 0.0}, {""range"": 1.9014844498203578, ""doppler"": 0.0, ""angle"": 44.173217984438, ""elevation"": 0.0}]",1785098187702.011
7,"[{""range"": 2.806973076849444, ""doppler"": 0.0, ""angle"": -6.330921171250215, ""elevation"": 0.0}, {""range"": 2.820266126771462, ""doppler"": 0.0, ""angle"": -5.28586106460444, ""elevation"": 0.0}, {""range"": 0.5736355472382217, ""doppler"": 0.0, ""angle"": 0.07144108456385073, ""elevation"": 0.0}, {""range"": 0.5772513735575784, ""doppler"": 0.0, ""angle"": -0.6744544783146007, ""elevation"": 0.0}, {""range"": 1.85281273749823, ""doppler"": 0.0, ""angle"": 41.54537156534639, ""elevation"": 0.0}, {""range"": 1.8714245381970007, ""doppler"": 0.0, ""angle"": 42.808411502149546, ""elevation"": 0.0}, {""range"": 1.8981485895195513, ""doppler"": 0.0, ""angle"": 42.99586646763854, ""elevation"": 0.0}]",1785098187702.2341
5,"[{""range"": 1.1842121251864108, ""doppler"": 0.0, ""angle"": -29.657960641046227, ""elevation"": 0.0}, {""range"": 0.5595730303968148, ""doppler"": 0.0, ""angle"": 6.698070882248503, ""elevation"": 0.0}, {""range"": 0.5731517991024275, ""doppler"": 0.0, ""angle"": 9.318326347880074, ""elevation"": 0.0}, {""range"": 1.9039020168718972, ""doppler"": 0.0, ""angle"": 42.94481324010726, ""elevation"": 0.0}, {""range"": 1.8779222248322518, ""doppler"": 0.0, ""angle"": 45.308619581971314, ""elevation"": 0.0}]",1785098187702.427
5,"[{""range"": 0.5242537907626605, ""doppler"": 0.0, ""angle"": 2.9326708377082165, ""elevation"": 0.0}, {""range"": 0.558514697118213, ""doppler"": 0.0, ""angle"": 5.511637582683125, ""elevation"": 0.0}, {""range"": 0.5706041182055545, ""doppler"": 0.0, ""angle"": 10.362660953235475, ""elevation"": 0.0}, {""range"": 1.8818482858271408, ""doppler"": 0.0, ""angle"": 44.65737663147172, ""elevation"": 0.0}, {""range"": 1.9024276078352094, ""doppler"": 0.0, ""angle"": 43.67468587611176, ""elevation"": 0.0}]",1785098187702.625
11,"[{""range"": 0.4924538673138219, ""doppler"": 0.0, ""angle"": -36.807483967358, ""elevation"": 0.0}, {""range"": 0.438165293967999, ""doppler"": 0.0, ""angle"": -14.438889551081944, ""elevation"": 0.0}, {""range"": 0.42675978717341173, ""doppler"": 0.0, ""angle"": -7.535945198796329, ""elevation"": 0.0}, {""range"": 2.802575185122336, ""doppler"": 0.0, ""angle"": -5.499252433780423, ""elevation"": 0.0}, {""range"": 0.5781758813729116, ""doppler"": 0.0, ""angle"": 5.216889031834481, ""elevation"": 0.0}, {""range"": 0.5850022958841652, ""doppler"": 0.0, ""angle"": 10.087111963075667, ""elevation"": 0.0}, {""range"": 0.6093135386254992, ""doppler"": 0.0, ""angle"": 21.61094465385982, ""elevation"": 0.0}, {""range"": 0.658361824271708, ""doppler"": 0.0, ""angle"": 34.39791970108253, ""elevation"": 0.0}, {""range"": 1.8578733786321466, ""doppler"": 0.0, ""angle"": 40.24121566757284, ""elevation"": 0.0}, {""range"": 1.879146745311169, ""doppler"": 0.0, ""angle"": 38.76539108389563, ""elevation"": 0.0}, {""range"": 1.9010702387934721, ""doppler"": 0.0, ""angle"": 38.787739859129964, ""elevation"": 0.0}]",1785098187702.826
7,"[{""range"": 1.181072533609103, ""doppler"": 0.0, ""angle"": -38.292671591442115, ""elevation"": 0.0}, {""range"": 2.803404629512074, ""doppler"": 0.0, ""angle"": -4.474104452861507, ""elevation"": 0.0}, {""range"": 0.5749707768745531, ""doppler"": 0.0, ""angle"": 2.2457425658950716, ""elevation"": 0.0}, {""range"": 0.5809444300466917, ""doppler"": 0.0, ""angle"": 4.23639479905884, ""elevation"": 0.0}, {""range"": 0.5951400809529056, ""doppler"": 0.0, ""angle"": 10.455741994564212, ""elevation"": 0.0}, {""range"": 1.8557425976402693, ""doppler"": 0.0, ""angle"": 39.655713864964866, ""elevation"": 0.0}, {""range"": 1.871226753308229, ""doppler"": 0.0, ""angle"": 38.882984131225825, ""elevation"": 0.0}]",1785098187703.0188
9,"[{""range"": 1.183795054668467, ""doppler"": 0.0, ""angle"": -37.1174202433323, ""elevation"": 0.0}, {""range"": 2.8014242255878776, ""doppler"": 0.0, ""angle"": -6.336153077611337, ""elevation"": 0.0}, {""range"": 0.536672542539115, ""doppler"": 0.0, ""angle"": 1.6801944049274176, ""elevation"": 0.0}, {""range"": 0.5697406211418203, ""doppler"": 0.0, ""angle"": 3.580821211419048, ""elevation"": 0.0}, {""range"": 0.5777291154976582, ""doppler"": 0.0, ""angle"": 6.361733720307367, ""elevation"": 0.0}, {""range"": 0.5946231209377099, ""doppler"": 0.0, ""angle"": 11.975621691036439, ""elevation"": 0.0}, {""range"": 1.8610851201791603, ""doppler"": 0.0, ""angle"": 41.525648139210055, ""elevation"": 0.0}, {""range"": 1.8765481100548007, ""doppler"": 0.0, ""angle"": 40.826916374145696, ""elevation"": 0.0}, {""range"": 1.8923261605451505, ""doppler"": 0.0, ""angle"": 41.67895079145661, ""elevation"": 0.0}]",1785098187703.224
10,"[{""range"": 1.1764900388722754, ""doppler"": 0.0, ""angle"": -41.27194249955426, ""elevation"": 0.0}, {""range"": 2.8114941733809125, ""doppler"": 0.0, ""angle"": -4.431964365820962, ""elevation"": 0.0}, {""range"": 0.4127064341920301, ""doppler"": 0.0, ""angle"": -0.24824705798785765, ""elevation"": 0.0}, {""range"": 0.4388239678572194, ""doppler"": 0.0, ""angle"": -0.4669479299104881, ""elevation"": 0.0}, {""range"": 0.5154198675703967, ""doppler"": 0.0, ""angle"": 1.8091575887093758, ""elevation"": 0.0}, {""range"": 0.5717584148240951, ""doppler"": 0.0, ""angle"": 7.6562173324186285, ""elevation"": 0.0}, {""range"": 0.5885136311460201, ""doppler"": 0.0, ""angle"": 12.832816341592407, ""elevation"": 0.0}, {""range"": 0.6044443430809117, ""doppler"": 0.0, ""angle"": 18.95487941134873, ""elevation"": 0.0}, {""range"": 1.8747833647964767, ""doppler"": 0.0, ""angle"": 42.85487625932675, ""elevation"": 0.0}, {""range"": 1.8961676466840987, ""doppler"": 0.0, ""angle"": 46.40612417699166, ""elevation"": 0.0}]",1785098187703.421
9,"[{""range"": 1.1831415945221675, ""doppler"": 0.0, ""angle"": -28.350607239803587, ""elevation"": 0.0}, {""range"": 0.42052118162108976, ""doppler"": 0.0, ""angle"": -3.6325647975689157, ""elevation"": 0.0}, {""range"": 0.44800328019847757, ""doppler"": 0.0, ""angle"": -2.516373531473293, ""elevation"": 0.0}, {""range"": 0.5158882412850637, ""doppler"": 0.0, ""angle"": -0.35747336199514324, ""elevation"": 0.0}, {""range"": 0.5625256173249189, ""doppler"": 0.0, ""angle"": 3.188922603268198, ""elevation"": 0.0}, {""range"": 0.5784833077632756, ""doppler"": 0.0, ""angle"": 6.549463674417037, ""elevation"": 0.0}, {""range"": 0.5971023534928374, ""doppler"": 0.0, ""angle"": 15.867618872434337, ""elevation"": 0.0}, {""range"": 1.8470341151368819, ""doppler"": 0.0, ""angle"": 41.65242572587857, ""elevation"": 0.0}, {""range"": 1.8687737511320814, ""doppler"": 0.0, ""angle"": 41.955427467449084, ""elevation"": 0.0}]",1785098187703.6118
4,"[{""range"": 0.5663873152633121, ""doppler"": 0.0, ""angle"": 2.2616910396618053, ""elevation"": 0.0}, {""range"": 0.570634040692473, ""doppler"": 0.0, ""angle"": 2.945788171356724, ""elevation"": 0.0}, {""range"": 1.9049863501105384, ""doppler"": 0.0, ""angle"": 42.25704745418537, ""elevation"": 0.0}, {""range"": 1.8759728804064746, ""doppler"": 0.0, ""angle"": 44.10790323407001, ""elevation"": 0.0}]",1785098187703.806
9,"[{""range"": 2.8136309097716654, ""doppler"": 0.0, ""angle"": -4.235049852966219, ""elevation"": 0.0}, {""range"": 2.820356093099534, ""doppler"": 0.0, ""angle"": -5.0230811200594365, ""elevation"": 0.0}, {""range"": 0.5753613914990132, ""doppler"": 0.0, ""angle"": 3.0820440481071927, ""elevation"": 0.0}, {""range"": 0.5749332663561509, ""doppler"": 0.0, ""angle"": 1.6040052749279847, ""elevation"": 0.0}, {""range"": 1.879239315284621, ""doppler"": 0.0, ""angle"": 42.93711737143002, ""elevation"": 0.0}, {""range"": 1.9468584611019237, ""doppler"": 0.0, ""angle"": 41.1681033110223, ""elevation"": 0.0}, {""range"": 0.760806137690324, ""doppler"": 0.0, ""angle"": 47.581375654250344, ""elevation"": 0.0}, {""range"": 0.7691670316983962, ""doppler"": 0.0, ""angle"": 45.499194390371855, ""elevation"": 0.0}, {""range"": 1.9052220583710873, ""doppler"": 0.0, ""angle"": 43.50546808756272, ""elevation"": 0.0}]",1785098187704.0059
7,"[{""range"": 0.46719550593056175, ""doppler"": 0.0, ""angle"": -46.8766071153894, ""elevation"": 0.0}, {""range"": 0.487535888615641, ""doppler"": 0.0, ""angle"": -46.203703071833466, ""elevation"": 0.0}, {""range"": 0.5969882022125486, ""doppler"": 0.0, ""angle"": 16.263637032007193, ""elevation"": 0.0}, {""range"": 0.61708605831735, ""doppler"": 0.0, ""angle"": 23.697825758041343, ""elevation"": 0.0}, {""range"": 1.8586500945370945, ""doppler"": 0.0, ""angle"": 46.30195267257888, ""elevation"": 0.0}, {""range"": 1.8803102125903666, ""doppler"": 0.0, ""angle"": 45.211905958235135, ""elevation"": 0.0}, {""range"": 1.898920214281745, ""doppler"": 0.0, ""angle"": 45.9995985063279, ""elevation"": 0.0}]",1785098187704.206
6,"[{""range"": 0.5787254627237942, ""doppler"": 0.0, ""angle"": 24.92598691748218, ""elevation"": 0.0}, {""range"": 0.5998050557531727, ""doppler"": 0.0, ""angle"": 28.062439275407225, ""elevation"": 0.0}, {""range"": 0.6117244555673298, ""doppler"": 0.0, ""angle"": 28.760164849734398, ""elevation"": 0.0}, {""range"": 1.859978090105976, ""doppler"": 0.0, ""angle"": 43.987261949867936, ""elevation"": 0.0}, {""range"": 1.876171306800811, ""doppler"": 0.0, ""angle"": 43.6097861237914, ""elevation"": 0.0}, {""range"": 1.8916114139285738, ""doppler"": 0.0, ""angle"": 45.45958195752997, ""elevation"": 0.0}]",1785098187704.3982
9,"[{""range"": 2.804471183731813, ""doppler"": 0.0, ""angle"": -7.260047197516043, ""elevation"": 0.0}, {""range"": 2.815592359732677, ""doppler"": 0.0, ""angle"": -7.671589462966975, ""elevation"": 0.0}, {""range"": 0.5410783784200343, ""doppler"": 0.0, ""angle"": 1.4202655463990457, ""elevation"": 0.0}, {""range"": 0.5715145107328654, ""doppler"": 0.0, ""angle"": 0.5378044131138905, ""elevation"": 0.0}, {""range"": 0.5816871152933848, ""doppler"": 0.0, ""angle"": 0.2465834493757918, ""elevation"": 0.0}, {""range"": 0.602269221747138, ""doppler"": 0.0, ""angle"": 0.5103408338602899, ""elevation"": 0.0}, {""range"": 1.8562410028851792, ""doppler"": 0.0, ""angle"": 40.945526156699486, ""elevation"": 0.0}, {""range"": 1.8742368089403936, ""doppler"": 0.0, ""angle"": 43.10951953717322, ""elevation"": 0.0}, {""range"": 1.889856826505314, ""doppler"": 0.0, ""angle"": 45.83953681455467, ""elevation"": 0.0}]",1785098187704.602
7,"[{""range"": 2.807762981884024, ""doppler"": 0.0, ""angle"": -5.379098840795563, ""elevation"": 0.0}, {""range"": 0.5701405955360321, ""doppler"": 0.0, ""angle"": -0.9704128745006485, ""elevation"": 0.0}, {""range"": 0.5851648776261646, ""doppler"": 0.0, ""angle"": 5.752404693818614, ""elevation"": 0.0}, {""range"": 0.6106712629288175, ""doppler"": 0.0, ""angle"": 23.87050237028396, ""elevation"": 0.0}, {""range"": 0.7247851107286981, ""doppler"": 0.0, ""angle"": 48.2502445842462, ""elevation"": 0.0}, {""range"": 1.8757624070407906, ""doppler"": 0.0, ""angle"": 45.243317317839505, ""elevation"": 0.0}, {""range"": 1.8868570055313876, ""doppler"": 0.0, ""angle"": 44.3779954668704, ""elevation"": 0.0}]",1785098187704.795
8,"[{""range"": 2.818459946250241, ""doppler"": 0.0, ""angle"": -5.986934872074275, ""elevation"": 0.0}, {""range"": 0.5844287182726047, ""doppler"": 0.0, ""angle"": 4.984927268126028, ""elevation"": 0.0}, {""range"": 0.5965379982873016, ""doppler"": 0.0, ""angle"": 7.700191690181509, ""elevation"": 0.0}, {""range"": 0.6158987630950495, ""doppler"": 0.0, ""angle"": 13.584374285502726, ""elevation"": 0.0}, {""range"": 0.6494937853355846, ""doppler"": 0.0, ""angle"": 21.174546784781235, ""elevation"": 0.0}, {""range"": 1.8550746861755578, ""doppler"": 0.0, ""angle"": 40.10468734717815, ""elevation"": 0.0}, {""range"": 1.8754214200668071, ""doppler"": 0.0, ""angle"": 42.22150740664407, ""elevation"": 0.0}, {""range"": 1.8961140985632552, ""doppler"": 0.0, ""angle"": 45.691566019881506, ""elevation"": 0.0}]",1785098187704.9812
6,"[{""range"": 0.6060466420897975, ""doppler"": 0.0, ""angle"": 17.745315658368277, ""elevation"": 0.0}, {""range"": 0.6224259031214225, ""doppler"": 0.0, ""angle"": 20.236240222045662, ""elevation"": 0.0}, {""range"": 0.629002382796652, ""doppler"": 0.0, ""angle"": 21.934493462743895, ""elevation"": 0.0}, {""range"": 0.641097731233875, ""doppler"": 0.0, ""angle"": 24.556374507775026, ""elevation"": 0.0}, {""range"": 1.8516002703194638, ""doppler"": 0.0, ""angle"": 39.474721097386116, ""elevation"": 0.0}, {""range"": 1.8664697482191237, ""doppler"": 0.0, ""angle"": 39.12101757254106, ""elevation"": 0.0}]",1785098187705.169
2,"[{""range"": 0.6114142368804549, ""doppler"": 0.0, ""angle"": -13.341265969758624, ""elevation"": 0.0}, {""range"": 0.6245715784253393, ""doppler"": 0.0, ""angle"": -14.473880658255109, ""elevation"": 0.0}]",1785098187705.3562
8,"[{""range"": 0.6284242413211437, ""doppler"": 0.0, ""angle"": -4.81508995359459, ""elevation"": 0.0}, {""range"": 0.6384895759578033, ""doppler"": 0.0, ""angle"": -3.998730575590958, ""elevation"": 0.0}, {""range"": 0.6515566823119329, ""doppler"": 0.0, ""angle"": -3.4929615907116944, ""elevation"": 0.0}, {""range"": 0.7465311079872424, ""doppler"": 0.0, ""angle"": 32.57855465022435, ""elevation"": 0.0}, {""range"": 0.7856720452356352, ""doppler"": 0.0, ""angle"": 35.92574783275536, ""elevation"": 0.0}, {""range"": 0.8128545925576584, ""doppler"": 0.0, ""angle"": 36.73629428404459, ""elevation"": 0.0}, {""range"": 0.847655153992491, ""doppler"": 0.0, ""angle"": 37.077787925768014, ""elevation"": 0.0}, {""range"": 1.8827328995336057, ""doppler"": 0.0, ""angle"": 46.789550046536945, ""elevation"": 0.0}]",1785098187705.5403
7,"[{""range"": 0.6325632585860617, ""doppler"": 0.0, ""angle"": -10.258489498162294, ""elevation"": 0.0}, {""range"": 2.8002221579723323, ""doppler"": 0.0, ""angle"": -2.668185466034297, ""elevation"": 0.0}, {""range"": 2.8206546262880154, ""doppler"": 0.0, ""angle"": -1.7364747097576834, ""elevation"": 0.0}, {""range"": 0.6631198007270312, ""doppler"": 0.0, ""angle"": 6.8452278240205064, ""elevation"": 0.0}, {""range"": 0.6791825197115129, ""doppler"": 0.0, ""angle"": 18.735473425958684, ""elevation"": 0.0}, {""range"": 0.6906071017289358, ""doppler"": 0.0, ""angle"": 22.660947000880462, ""elevation"": 0.0}, {""range"": 0.8530145140874515, ""doppler"": 0.0, ""angle"": 62.67219614581698, ""elevation"": 0.0}]",1785098187705.7258
7,"[{""range"": 0.6091977390167718, ""doppler"": 0.0, ""angle"": -16.296530868072736, ""elevation"": 0.0}, {""range"": 0.6450322264774719, ""doppler"": 0.0, ""angle"": -15.02247646533988, ""elevation"": 0.0}, {""range"": 0.6824277488919096, ""doppler"": 0.0, ""angle"": -8.650283206303804, ""elevation"": 0.0}, {""range"": 0.6979502766436906, ""doppler"": 0.0, ""angle"": -6.516884918038238, ""elevation"": 0.0}, {""range"": 2.8030233154293684, ""doppler"": 0.0, ""angle"": -5.8142460932760605, ""elevation"": 0.0}, {""range"": 0.734521348489489, ""doppler"": 0.0, ""angle"": 34.23554091121943, ""elevation"": 0.0}, {""range"": 0.7651434668470731, ""doppler"": 0.0, ""angle"": 37.82331082960349, ""elevation"": 0.0}]",1785098187705.916
6,"[{""range"": 0.6042866574287081, ""doppler"": 0.0, ""angle"": -19.067610923093927, ""elevation"": 0.0}, {""range"": 2.813893726731319, ""doppler"": 0.0, ""angle"": -4.40261484291304, ""elevation"": 0.0}, {""range"": 0.6886049156672042, ""doppler"": 0.0, ""angle"": 13.148511426943493, ""elevation"": 0.0}, {""range"": 0.663368849024298, ""doppler"": 0.0, ""angle"": 21.904655348295275, ""elevation"": 0.0}, {""range"": 0.7256395698786857, ""doppler"": 0.0, ""angle"": 38.94866614837394, ""elevation"": 0.0}, {""range"": 0.7475516005993313, ""doppler"": 0.0, ""angle"": 41.46054054790641, ""elevation"": 0.0}]",1785098187706.1
5,"[{""range"": 1.1827198885468109, ""doppler"": 0.0, ""angle"": -34.864991355168506, ""elevation"": 0.0}, {""range"": 0.6697966371378736, ""doppler"": 0.0, ""angle"": 18.749358977946887, ""elevation"": 0.0}, {""range"": 0.6796497239405845, ""doppler"": 0.0, ""angle"": 20.93361248359633, ""elevation"": 0.0}, {""range"": 0.7132667513356711, ""doppler"": 0.0, ""angle"": 29.051813810800738, ""elevation"": 0.0}, {""range"": 0.7406971335407195, ""doppler"": 0.0, ""angle"": 32.1783931224607, ""elevation"": 0.0}]",1785098187706.839
6,"[{""range"": 0.6724535927312104, ""doppler"": 0.0, ""angle"": -1.0513205028463948, ""elevation"": 0.0}, {""range"": 0.6882373883050172, ""doppler"": 0.0, ""angle"": 1.8015348279107013, ""elevation"": 0.0}, {""range"": 0.7001152187554165, ""doppler"": 0.0, ""angle"": 1.9759426328498526, ""elevation"": 0.0}, {""range"": 0.773348187809497, ""doppler"": 0.0, ""angle"": 37.72044774234079, ""elevation"": 0.0}, {""range"": 0.8049132036665807, ""doppler"": 0.0, ""angle"": 42.98350281251735, ""elevation"": 0.0}, {""range"": 1.875340605147322, ""doppler"": 0.0, ""angle"": 46.734768524861146, ""elevation"": 0.0}]",1785098187813.05
9,"[{""range"": 0.6362999319847246, ""doppler"": 0.0, ""angle"": 17.752645985410883, ""elevation"": 0.0}, {""range"": 0.6420250502903954, ""doppler"": 0.0, ""angle"": 18.596430247075688, ""elevation"": 0.0}, {""range"": 0.6554748124785365, ""doppler"": 0.0, ""angle"": 22.11487870858359, ""elevation"": 0.0}, {""range"": 0.7155550092211993, ""doppler"": 0.0, ""angle"": 28.281361081379508, ""elevation"": 0.0}, {""range"": 0.772442191918625, ""doppler"": 0.0, ""angle"": 33.33691663167649, ""elevation"": 0.0}, {""range"": 0.793686591444431, ""doppler"": 0.0, ""angle"": 38.59731332215508, ""elevation"": 0.0}, {""range"": 1.8550532011380518, ""doppler"": 0.0, ""angle"": 44.605563198664, ""elevation"": 0.0}, {""range"": 1.8762632226222262, ""doppler"": 0.0, ""angle"": 44.795359296346575, ""elevation"": 0.0}, {""range"": 1.89902237739113, ""doppler"": 0.0, ""angle"": 47.812683375252284, ""elevation"": 0.0}]",1785098187908.6458
10,"[{""range"": 1.1781550235567277, ""doppler"": 0.0, ""angle"": -27.467333574913276, ""elevation"": 0.0}, {""range"": 0.5953973722901514, ""doppler"": 0.0, ""angle"": -2.702575189571777, ""elevation"": 0.0}, {""range"": 0.6076982547655956, ""doppler"": 0.0, ""angle"": -0.9778789107428197, ""elevation"": 0.0}, {""range"": 0.6172102208969049, ""doppler"": 0.0, ""angle"": 1.1454309177056738, ""elevation"": 0.0}, {""range"": 0.639417677174447, ""doppler"": 0.0, ""angle"": 5.890752910077666, ""elevation"": 0.0}, {""range"": 0.7450467919451317, ""doppler"": 0.0, ""angle"": 42.315314256323454, ""elevation"": 0.0}, {""range"": 0.784109459703123, ""doppler"": 0.0, ""angle"": 38.78836541812886, ""elevation"": 0.0}, {""range"": 0.7940722760492691, ""doppler"": 0.0, ""angle"": 35.94864047163679, ""elevation"": 0.0}, {""range"": 1.88885167414396, ""doppler"": 0.0, ""angle"": 49.67286545313967, ""elevation"": 0.0}, {""range"": 1.9077035249664127, ""doppler"": 0.0, ""angle"": 50.743845317352374, ""elevation"": 0.0}]",1785098188013.278
2,"[{""range"": 0.5937609784366216, ""doppler"": 0.0, ""angle"": -5.547484919290021, ""elevation"": 0.0}, {""range"": 0.5801022228838205, ""doppler"": 0.0, ""angle"": 1.5367059868408308, ""elevation"": 0.0}]",1785098188110.249
4,"[{""range"": 1.1883382274171352, ""doppler"": 0.0, ""angle"": -29.237994181993617, ""elevation"": 0.0}, {""range"": 0.5473551777923802, ""doppler"": 0.0, ""angle"": 0.2620500882303078, ""elevation"": 0.0}, {""range"": 0.5698133493379796, ""doppler"": 0.0, ""angle"": -2.7340080162589144, ""elevation"": 0.0}, {""range"": 0.5774568645951006, ""doppler"": 0.0, ""angle"": -2.9820149093860504, ""elevation"": 0.0}]",1785098188209.706
4,"[{""range"": 0.5695718963812512, ""doppler"": 0.0, ""angle"": -0.7555049507628134, ""elevation"": 0.0}, {""range"": 0.5817424383797853, ""doppler"": 0.0, ""angle"": 0.8277633811964, ""elevation"": 0.0}, {""range"": 0.6930398346433024, ""doppler"": 0.0, ""angle"": 36.08932531923182, ""elevation"": 0.0}, {""range"": 1.8760584146836452, ""doppler"": 0.0, ""angle"": 41.91698865827776, ""elevation"": 0.0}]",1785098188309.545
4,"[{""range"": 0.5137564260660613, ""doppler"": 0.0, ""angle"": -11.03616632768413, ""elevation"": 0.0}, {""range"": 0.5485864920037943, ""doppler"": 0.0, ""angle"": -2.8959797003752987, ""elevation"": 0.0}, {""range"": 0.5662442163417141, ""doppler"": 0.0, ""angle"": -1.1761536759722262, ""elevation"": 0.0}, {""range"": 1.869810328609704, ""doppler"": 0.0, ""angle"": 45.162727635190166, ""elevation"": 0.0}]",1785098188409.2312
1,"[{""range"": 0.5884073504821898, ""doppler"": 0.0, ""angle"": -5.213345688925989, ""elevation"": 0.0}]",1785098188513.281
2,"[{""range"": 1.1823333650064556, ""doppler"": 0.0, ""angle"": -32.1854136006407, ""elevation"": 0.0}, {""range"": 0.6307748658607897, ""doppler"": 0.0, ""angle"": 29.704588912928106, ""elevation"": 0.0}]",1785098188613.101
10,"[{""range"": 1.1879785900259467, ""doppler"": 0.0, ""angle"": -20.025104655272745, ""elevation"": 0.0}, {""range"": 0.45392331946929626, ""doppler"": 0.0, ""angle"": -14.64936045273114, ""elevation"": 0.0}, {""range"": 0.46709129583342274, ""doppler"": 0.0, ""angle"": -14.408634191355093, ""elevation"": 0.0}, {""range"": 0.4983937314208792, ""doppler"": 0.0, ""angle"": -11.108357948535376, ""elevation"": 0.0}, {""range"": 0.5456142636619048, ""doppler"": 0.0, ""angle"": -4.4735942258487205, ""elevation"": 0.0}, {""range"": 0.5711054209923008, ""doppler"": 0.0, ""angle"": -3.158933052991066, ""elevation"": 0.0}, {""range"": 0.6130889663504319, ""doppler"": 0.0, ""angle"": 29.12926711227126, ""elevation"": 0.0}, {""range"": 1.8482602171254137, ""doppler"": 0.0, ""angle"": 40.47202687970807, ""elevation"": 0.0}, {""range"": 1.8684707112646273, ""doppler"": 0.0, ""angle"": 41.20139977650754, ""elevation"": 0.0}, {""range"": 1.894587910483612, ""doppler"": 0.0, ""angle"": 44.33082123063976, ""elevation"": 0.0}]",1785098188710.0989
12,"[{""range"": 1.1679057418691574, ""doppler"": 0.0, ""angle"": -34.29346603135825, ""elevation"": 0.0}, {""range"": 0.39180107994042335, ""doppler"": 0.0, ""angle"": -27.360287515283837, ""elevation"": 0.0}, {""range"": 1.1931783145436998, ""doppler"": 0.0, ""angle"": -29.107980064550972, ""elevation"": 0.0}, {""range"": 0.5647016522387557, ""doppler"": 0.0, ""angle"": -0.2902864560922574, ""elevation"": 0.0}, {""range"": 0.5772286905738353, ""doppler"": 0.0, ""angle"": 0.44373167598771435, ""elevation"": 0.0}, {""range"": 0.4894295483614994, ""doppler"": 0.0, ""angle"": 6.01886716017421, ""elevation"": 0.0}, {""range"": 0.43448934490920726, ""doppler"": 0.0, ""angle"": 13.47005285757643, ""elevation"": 0.0}, {""range"": 0.4358674286974246, ""doppler"": 0.0, ""angle"": 13.620072488081528, ""elevation"": 0.0}, {""range"": 1.8717656383290762, ""doppler"": 0.0, ""angle"": 42.73909099380241, ""elevation"": 0.0}, {""range"": 1.9055065931047888, ""doppler"": 0.0, ""angle"": 42.17025015989008, ""elevation"": 0.0}, {""range"": 2.0137234323853095, ""doppler"": 0.0, ""angle"": 41.18736100621438, ""elevation"": 0.0}, {""range"": 2.058247537217211, ""doppler"": 0.0, ""angle"": 40.535966189860744, ""elevation"": 0.0}]",1785098188820.271
3,"[{""range"": 0.3910742096257531, ""doppler"": 0.0, ""angle"": 15.052920769707349, ""elevation"": 0.0}, {""range"": 0.39749678002675215, ""doppler"": 0.0, ""angle"": 16.356085921122123, ""elevation"": 0.0}, {""range"": 0.4130851905241275, ""doppler"": 0.0, ""angle"": 17.35254508094821, ""elevation"": 0.0}]",1785098188913.498
4,"[{""range"": 0.5720303594304836, ""doppler"": 0.0, ""angle"": 1.4508962142674384, ""elevation"": 0.0}, {""range"": 0.5754406050218955, ""doppler"": 0.0, ""angle"": 0.44511052574069243, ""elevation"": 0.0}, {""range"": 1.8834828800786223, ""doppler"": 0.0, ""angle"": 45.292322869228556, ""elevation"": 0.0}, {""range"": 1.9023749502446659, ""doppler"": 0.0, ""angle"": 45.83782059672134, ""elevation"": 0.0}]",1785098189013.0662
6,"[{""range"": 1.186525907679649, ""doppler"": 0.0, ""angle"": -34.70552954083058, ""elevation"": 0.0}, {""range"": 0.5538589221428188, ""doppler"": 0.0, ""angle"": -2.257340241377729, ""elevation"": 0.0}, {""range"": 0.5651394521413985, ""doppler"": 0.0, ""angle"": -1.7587669845581146, ""elevation"": 0.0}, {""range"": 0.5717803082438713, ""doppler"": 0.0, ""angle"": -1.827968244305005, ""elevation"": 0.0}, {""range"": 0.5897743312432996, ""doppler"": 0.0, ""angle"": -2.119810498160579, ""elevation"": 0.0}, {""range"": 0.7707310582155096, ""doppler"": 0.0, ""angle"": 34.26890480706875, ""elevation"": 0.0}]",1785098189109.908
10,"[{""range"": 0.42327010852127106, ""doppler"": 0.0, ""angle"": -55.16859951429543, ""elevation"": 0.0}, {""range"": 0.4500138917490762, ""doppler"": 0.0, ""angle"": -62.732405610919415, ""elevation"": 0.0}, {""range"": 0.5568702596564237, ""doppler"": 0.0, ""angle"": 0.7175396856243345, ""elevation"": 0.0}, {""range"": 0.573605028797682, ""doppler"": 0.0, ""angle"": 3.14515344619817, ""elevation"": 0.0}, {""range"": 0.581683514850569, ""doppler"": 0.0, ""angle"": 4.495967866485777, ""elevation"": 0.0}, {""range"": 0.5951662986036639, ""doppler"": 0.0, ""angle"": 5.86303894747185, ""elevation"": 0.0}, {""range"": 1.8794510069779642, ""doppler"": 0.0, ""angle"": 42.48600191607502, ""elevation"": 0.0}, {""range"": 1.9148581853832403, ""doppler"": 0.0, ""angle"": 41.494464634424524, ""elevation"": 0.0}, {""range"": 1.9493965520497274, ""doppler"": 0.0, ""angle"": 42.349344689790485, ""elevation"": 0.0}, {""range"": 1.853084009987853, ""doppler"": 0.0, ""angle"": 44.10861309174338, ""elevation"": 0.0}]",1785098189220.0032
3,"[{""range"": 2.8056808670513824, ""doppler"": 0.0, ""angle"": -3.8004723093096384, ""elevation"": 0.0}, {""range"": 2.8205701278465445, ""doppler"": 0.0, ""angle"": -5.194100050671823, ""elevation"": 0.0}, {""range"": 0.5980647159754282, ""doppler"": 0.0, ""angle"": 27.82157135853212, ""elevation"": 0.0}]",1785098189309.217
5,"[{""range"": 0.5765654493232419, ""doppler"": 0.0, ""angle"": 0.8885109583668812, ""elevation"": 0.0}, {""range"": 0.5782942437087488, ""doppler"": 0.0, ""angle"": -0.33661326094020627, ""elevation"": 0.0}, {""range"": 1.8536185527567133, ""doppler"": 0.0, ""angle"": 44.976550159762375, ""elevation"": 0.0}, {""range"": 1.8736157316694215, ""doppler"": 0.0, ""angle"": 44.737070747890144, ""elevation"": 0.0}, {""range"": 1.8984383697780143, ""doppler"": 0.0, ""angle"": 46.23267479640423, ""elevation"": 0.0}]",1785098189409.129
7,"[{""range"": 2.8086563543463723, ""doppler"": 0.0, ""angle"": -4.714567126456842, ""elevation"": 0.0}, {""range"": 0.5771257612213396, ""doppler"": 0.0, ""angle"": -1.0296862232109685, ""elevation"": 0.0}, {""range"": 0.5773437857325792, ""doppler"": 0.0, ""angle"": -2.360826292742306, ""elevation"": 0.0}, {""range"": 0.39351162080190966, ""doppler"": 0.0, ""angle"": 10.896343887239595, ""elevation"": 0.0}, {""range"": 1.8568247389055004, ""doppler"": 0.0, ""angle"": 41.98270114629666, ""elevation"": 0.0}, {""range"": 1.8721705521073413, ""doppler"": 0.0, ""angle"": 40.54549941904138, ""elevation"": 0.0}, {""range"": 1.891897818198443, ""doppler"": 0.0, ""angle"": 40.983679835934296, ""elevation"": 0.0}]",1785098189509.0718
6,"[{""range"": 0.4491282086277719, ""doppler"": 0.0, ""angle"": -33.43699594067692, ""elevation"": 0.0}, {""range"": 2.718710779287543, ""doppler"": 0.0, ""angle"": -10.715724956423244, ""elevation"": 0.0}, {""range"": 2.7547875085082802, ""doppler"": 0.0, ""angle"": -8.909595830500413, ""elevation"": 0.0}, {""range"": 0.5659021172900134, ""doppler"": 0.0, ""angle"": 2.390466191351252, ""elevation"": 0.0}, {""range"": 0.5777197067695106, ""doppler"": 0.0, ""angle"": 4.473512858439469, ""elevation"": 0.0}, {""range"": 1.8759768090863007, ""doppler"": 0.0, ""angle"": 41.684789001009484, ""elevation"": 0.0}]",1785098189612.73
7,"[{""range"": 1.174690265767171, ""doppler"": 0.0, ""angle"": -37.93923885738669, ""elevation"": 0.0}, {""range"": 2.807014517251412, ""doppler"": 0.0, ""angle"": -6.272074165480311, ""elevation"": 0.0}, {""range"": 2.8209876925862054, ""doppler"": 0.0, ""angle"": -6.522276027704221, ""elevation"": 0.0}, {""range"": 0.5716870526733898, ""doppler"": 0.0, ""angle"": -0.4659547782758504, ""elevation"": 0.0}, {""range"": 0.5775035959145299, ""doppler"": 0.0, ""angle"": -1.1354753238542163, ""elevation"": 0.0}, {""range"": 1.8807016578684854, ""doppler"": 0.0, ""angle"": 47.01502437665159, ""elevation"": 0.0}, {""range"": 1.9078219187908927, ""doppler"": 0.0, ""angle"": 48.53369830732724, ""elevation"": 0.0}]",1785098189713.3289
5,"[{""range"": 0.4448558631691289, ""doppler"": 0.0, ""angle"": -8.87923699554851, ""elevation"": 0.0}, {""range"": 0.5616563894429945, ""doppler"": 0.0, ""angle"": 0.14592971823223852, ""elevation"": 0.0}, {""range"": 0.5773394382333483, ""doppler"": 0.0, ""angle"": -1.20679580042636, ""elevation"": 0.0}, {""range"": 1.8799792007436769, ""doppler"": 0.0, ""angle"": 48.08043445590123, ""elevation"": 0.0}, {""range"": 1.9050882634412794, ""doppler"": 0.0, ""angle"": 46.875073671586506, ""elevation"": 0.0}]",1785098189809.6362
4,"[{""range"": 2.8072827430569496, ""doppler"": 0.0, ""angle"": -5.875096942238159, ""elevation"": 0.0}, {""range"": 2.819076284388517, ""doppler"": 0.0, ""angle"": -5.569198260500679, ""elevation"": 0.0}, {""range"": 0.5701531576863662, ""doppler"": 0.0, ""angle"": 1.0422799990753522, ""elevation"": 0.0}, {""range"": 0.5794543001608952, ""doppler"": 0.0, ""angle"": 1.768372503456031, ""elevation"": 0.0}]",1785098189909.3618
9,"[{""range"": 0.3916160698726854, ""doppler"": 0.0, ""angle"": -41.66830091550731, ""elevation"": 0.0}, {""range"": 2.8041683620951505, ""doppler"": 0.0, ""angle"": -5.9698022293619095, ""elevation"": 0.0}, {""range"": 0.5564034846812536, ""doppler"": 0.0, ""angle"": -2.357581303362944, ""elevation"": 0.0}, {""range"": 0.42051988902026005, ""doppler"": 0.0, ""angle"": 8.805436292373274, ""elevation"": 0.0}, {""range"": 0.4389343063529572, ""doppler"": 0.0, ""angle"": 9.070916501758457, ""elevation"": 0.0}, {""range"": 0.6195526090951191, ""doppler"": 0.0, ""angle"": 34.57069545047462, ""elevation"": 0.0}, {""range"": 1.8490992717093986, ""doppler"": 0.0, ""angle"": 39.71121918504072, ""elevation"": 0.0}, {""range"": 1.876759815676724, ""doppler"": 0.0, ""angle"": 44.054228757909335, ""elevation"": 0.0}, {""range"": 1.9021922172684682, ""doppler"": 0.0, ""angle"": 46.999871467747504, ""elevation"": 0.0}]",1785098190013.59
9,"[{""range"": 0.37380055388807276, ""doppler"": 0.0, ""angle"": -28.391716104173547, ""elevation"": 0.0}, {""range"": 0.3824129448401265, ""doppler"": 0.0, ""angle"": -29.6817436464315, ""elevation"": 0.0}, {""range"": 0.4108683532907083, ""doppler"": 0.0, ""angle"": -31.07494390312479, ""elevation"": 0.0}, {""range"": 0.3547764442043287, ""doppler"": 0.0, ""angle"": -19.52173027592021, ""elevation"": 0.0}, {""range"": 0.5948351622115052, ""doppler"": 0.0, ""angle"": 17.873937634506184, ""elevation"": 0.0}, {""range"": 0.6091791848922685, ""doppler"": 0.0, ""angle"": 21.94194720069425, ""elevation"": 0.0}, {""range"": 1.8499611667110396, ""doppler"": 0.0, ""angle"": 45.18405388382702, ""elevation"": 0.0}, {""range"": 1.8749500102851868, ""doppler"": 0.0, ""angle"": 46.7235332209177, ""elevation"": 0.0}, {""range"": 1.901645972710326, ""doppler"": 0.0, ""angle"": 48.54900620060033, ""elevation"": 0.0}]",1785098190113.443
5,"[{""range"": 0.3331543062267725, ""doppler"": 0.0, ""angle"": -26.179967722839386, ""elevation"": 0.0}, {""range"": 0.5761555062256899, ""doppler"": 0.0, ""angle"": -1.4938698668493775, ""elevation"": 0.0}, {""range"": 0.581521499343839, ""doppler"": 0.0, ""angle"": -0.4580745779754755, ""elevation"": 0.0}, {""range"": 1.8747749054992908, ""doppler"": 0.0, ""angle"": 43.32656246675583, ""elevation"": 0.0}, {""range"": 1.899287453873569, ""doppler"": 0.0, ""angle"": 48.80950777573412, ""elevation"": 0.0}]",1785098190212.981
2,"[{""range"": 2.8038571602371714, ""doppler"": 0.0, ""angle"": -5.349913221667208, ""elevation"": 0.0}, {""range"": 1.869825154559966, ""doppler"": 0.0, ""angle"": 42.67470278697513, ""elevation"": 0.0}]",1785098190309.7532
7,"[{""range"": 0.3665201079509249, ""doppler"": 0.0, ""angle"": -34.80653091290825, ""elevation"": 0.0}, {""range"": 0.3752697879265647, ""doppler"": 0.0, ""angle"": -39.64477559849998, ""elevation"": 0.0}, {""range"": 2.8104218596541357, ""doppler"": 0.0, ""angle"": -6.690030586629077, ""elevation"": 0.0}, {""range"": 0.5694514964829045, ""doppler"": 0.0, ""angle"": -1.115543168493627, ""elevation"": 0.0}, {""range"": 0.5779498998962781, ""doppler"": 0.0, ""angle"": -0.514088185789977, ""elevation"": 0.0}, {""range"": 1.8760744354158119, ""doppler"": 0.0, ""angle"": 45.84184288870516, ""elevation"": 0.0}, {""range"": 1.9044093090687095, ""doppler"": 0.0, ""angle"": 44.44840107826303, ""elevation"": 0.0}]",1785098190409.934
6,"[{""range"": 0.5757919748787054, ""doppler"": 0.0, ""angle"": 0.3558698306218785, ""elevation"": 0.0}, {""range"": 0.5831653168112936, ""doppler"": 0.0, ""angle"": 0.7730332189908056, ""elevation"": 0.0}, {""range"": 0.5963188145135592, ""doppler"": 0.0, ""angle"": 2.371639039920539, ""elevation"": 0.0}, {""range"": 2.801335060881504, ""doppler"": 0.0, ""angle"": -2.3522957149703982, ""elevation"": 0.0}, {""range"": 1.8761534633447958, ""doppler"": 0.0, ""angle"": 45.31663337996024, ""elevation"": 0.0}, {""range"": 1.8982409992583704, ""doppler"": 0.0, ""angle"": 47.95140778907335, ""elevation"": 0.0}]",1785098190509.4248
9,"[{""range"": 0.5952738433559086, ""doppler"": 0.0, ""angle"": -4.4449062960926815, ""elevation"": 0.0}, {""range"": 2.798934708118297, ""doppler"": 0.0, ""angle"": -4.88158661469776, ""elevation"": 0.0}, {""range"": 2.81606957485006, ""doppler"": 0.0, ""angle"": -5.1914644640463825, ""elevation"": 0.0}, {""range"": 0.5771198607855983, ""doppler"": 0.0, ""angle"": -1.74000623534195, ""elevation"": 0.0}, {""range"": 0.582843929789765, ""doppler"": 0.0, ""angle"": -2.6552420902486378, ""elevation"": 0.0}, {""range"": 0.44496510115086857, ""doppler"": 0.0, ""angle"": 16.00232478654051, ""elevation"": 0.0}, {""range"": 1.8800003243871628, ""doppler"": 0.0, ""angle"": 41.63399190271854, ""elevation"": 0.0}, {""range"": 1.9071021237370442, ""doppler"": 0.0, ""angle"": 41.57152659592753, ""elevation"": 0.0}, {""range"": 1.9449500478655561, ""doppler"": 0.0, ""angle"": 38.45249593999276, ""elevation"": 0.0}]",1785098190608.965
6,"[{""range"": 0.5768724868319423, ""doppler"": 0.0, ""angle"": -0.4617662783385883, ""elevation"": 0.0}, {""range"": 0.5894332222998356, ""doppler"": 0.0, ""angle"": -0.8343455755467915, ""elevation"": 0.0}, {""range"": 0.6052629806249951, ""doppler"": 0.0, ""angle"": -1.303491093084586, ""elevation"": 0.0}, {""range"": 0.44624496057409696, ""doppler"": 0.0, ""angle"": 12.332078363108844, ""elevation"": 0.0}, {""range"": 1.8797823329599306, ""doppler"": 0.0, ""angle"": 44.36023785018688, ""elevation"": 0.0}, {""range"": 1.8985215024724735, ""doppler"": 0.0, ""angle"": 45.24040046135765, ""elevation"": 0.0}]",1785098190713.2358
4,"[{""range"": 2.80398372165086, ""doppler"": 0.0, ""angle"": -2.8950662181182945, ""elevation"": 0.0}, {""range"": 0.6331638050880608, ""doppler"": 0.0, ""angle"": 35.43610297738523, ""elevation"": 0.0}, {""range"": 1.8768367277963165, ""doppler"": 0.0, ""angle"": 44.15077830222121, ""elevation"": 0.0}, {""range"": 1.9015226206357747, ""doppler"": 0.0, ""angle"": 44.097028961632645, ""elevation"": 0.0}]",1785098190813.065
5,"[{""range"": 2.797042890034029, ""doppler"": 0.0, ""angle"": -4.770942182350446, ""elevation"": 0.0}, {""range"": 0.42020258739042976, ""doppler"": 0.0, ""angle"": 16.514751247212075, ""elevation"": 0.0}, {""range"": 0.4256003788217998, ""doppler"": 0.0, ""angle"": 16.424861134457583, ""elevation"": 0.0}, {""range"": 1.8808033230536507, ""doppler"": 0.0, ""angle"": 44.973037282219465, ""elevation"": 0.0}, {""range"": 1.8921528158805299, ""doppler"": 0.0, ""angle"": 50.729641695754, ""elevation"": 0.0}]",1785098190913.2412
7,"[{""range"": 0.40973015371385024, ""doppler"": 0.0, ""angle"": -25.0999767564483, ""elevation"": 0.0}, {""range"": 0.5827963373844092, ""doppler"": 0.0, ""angle"": 0.6856179024422541, ""elevation"": 0.0}, {""range"": 0.5899072777469625, ""doppler"": 0.0, ""angle"": -0.03473523643148618, ""elevation"": 0.0}, {""range"": 0.6013589442933757, ""doppler"": 0.0, ""angle"": -0.2896282947842245, ""elevation"": 0.0}, {""range"": 0.43401718729015387, ""doppler"": 0.0, ""angle"": 16.269646992259617, ""elevation"": 0.0}, {""range"": 1.8776425268860233, ""doppler"": 0.0, ""angle"": 44.96141698932493, ""elevation"": 0.0}, {""range"": 1.8910522555487947, ""doppler"": 0.0, ""angle"": 44.83910026653267, ""elevation"": 0.0}]",1785098191109.993
3,"[{""range"": 0.591234530731632, ""doppler"": 0.0, ""angle"": 1.6811182011147139, ""elevation"": 0.0}, {""range"": 1.883602736878981, ""doppler"": 0.0, ""angle"": 44.750003219825324, ""elevation"": 0.0}, {""range"": 1.9025528675452, ""doppler"": 0.0, ""angle"": 49.81107457865362, ""elevation"": 0.0}]",1785098191209.3342
2,"[{""range"": 2.806065221337144, ""doppler"": 0.0, ""angle"": -4.323377747391976, ""elevation"": 0.0}, {""range"": 0.5957669198713215, ""doppler"": 0.0, ""angle"": 3.3725196481630846, ""elevation"": 0.0}]",1785098191313.68
8,"[{""range"": 0.3715897257653994, ""doppler"": 0.0, ""angle"": -20.77225468204583, ""elevation"": 0.0}, {""range"": 0.38182817322651863, ""doppler"": 0.0, ""angle"": -23.515683583950256, ""elevation"": 0.0}, {""range"": 0.5983624316149921, ""doppler"": 0.0, ""angle"": 3.5122511363490236, ""elevation"": 0.0}, {""range"": 0.5909311137950125, ""doppler"": 0.0, ""angle"": 4.1646726518659225, ""elevation"": 0.0}, {""range"": 0.6037075417312215, ""doppler"": 0.0, ""angle"": 5.063830832480244, ""elevation"": 0.0}, {""range"": 1.8843371674875014, ""doppler"": 0.0, ""angle"": 41.68411009357281, ""elevation"": 0.0}, {""range"": 1.906220952103349, ""doppler"": 0.0, ""angle"": 45.10641284039306, ""elevation"": 0.0}, {""range"": 1.9408327857897654, ""doppler"": 0.0, ""angle"": 46.269215332393046, ""elevation"": 0.0}]",1785098191408.9248
4,"[{""range"": 0.5808368194320316, ""doppler"": 0.0, ""angle"": 1.6053438526708916, ""elevation"": 0.0}, {""range"": 0.5851736475586219, ""doppler"": 0.0, ""angle"": 1.751083443328736, ""elevation"": 0.0}, {""range"": 0.5945482647857668, ""doppler"": 0.0, ""angle"": 1.964838466249953, ""elevation"": 0.0}, {""range"": 1.8718028265465547, ""doppler"": 0.0, ""angle"": 44.10204482386008, ""elevation"": 0.0}]",1785098191513.225
6,"[{""range"": 0.3667481203643662, ""doppler"": 0.0, ""angle"": -33.66682380331451, ""elevation"": 0.0}, {""range"": 2.8039306962098927, ""doppler"": 0.0, ""angle"": -5.481902793495394, ""elevation"": 0.0}, {""range"": 0.5766479630038459, ""doppler"": 0.0, ""angle"": -1.3148707653947098, ""elevation"": 0.0}, {""range"": 0.5829214957104681, ""doppler"": 0.0, ""angle"": -1.371039510973811, ""elevation"": 0.0}, {""range"": 1.8772515508339034, ""doppler"": 0.0, ""angle"": 43.865349160233556, ""elevation"": 0.0}, {""range"": 1.898895495624122, ""doppler"": 0.0, ""angle"": 44.8016134886016, ""elevation"": 0.0}]",1785098191613.02
3,"[{""range"": 0.5871462475176116, ""doppler"": 0.0, ""angle"": -3.3346962808102756, ""elevation"": 0.0}, {""range"": 0.4366636276245117, ""doppler"": 0.0, ""angle"": 18.924644416051233, ""elevation"": 0.0}, {""range"": 1.8688557054769255, ""doppler"": 0.0, ""angle"": 39.856810750095995, ""elevation"": 0.0}]",1785098191709.456
7,"[{""range"": 0.4385764887207467, ""doppler"": 0.0, ""angle"": -50.4426811493508, ""elevation"": 0.0}, {""range"": 0.4156249018731854, ""doppler"": 0.0, ""angle"": -38.501969040388204, ""elevation"": 0.0}, {""range"": 0.602794715399514, ""doppler"": 0.0, ""angle"": -4.645078425891606, ""elevation"": 0.0}, {""range"": 0.5823969841003418, ""doppler"": 0.0, ""angle"": 0.0, ""elevation"": 0.0}, {""range"": 0.589397337446475, ""doppler"": 0.0, ""angle"": -2.068984189189559, ""elevation"": 0.0}, {""range"": 1.8771355469148, ""doppler"": 0.0, ""angle"": 42.60264864488753, ""elevation"": 0.0}, {""range"": 1.9064110308476419, ""doppler"": 0.0, ""angle"": 41.35326403818463, ""elevation"": 0.0}]",1785098191809.536
5,"[{""range"": 0.43757362730354116, ""doppler"": 0.0, ""angle"": -51.42063761488625, ""elevation"": 0.0}, {""range"": 0.5786381892013936, ""doppler"": 0.0, ""angle"": -5.515033135371179, ""elevation"": 0.0}, {""range"": 0.5901195776653173, ""doppler"": 0.0, ""angle"": -3.509190068044642, ""elevation"": 0.0}, {""range"": 1.8795515745078408, ""doppler"": 0.0, ""angle"": 44.788008510372464, ""elevation"": 0.0}, {""range"": 1.9034250031499207, ""doppler"": 0.0, ""angle"": 45.91348803726325, ""elevation"": 0.0}]",1785098191908.993
6,"[{""range"": 0.5765178655022379, ""doppler"": 0.0, ""angle"": 0.49759351516161154, ""elevation"": 0.0}, {""range"": 0.5834699773072289, ""doppler"": 0.0, ""angle"": -0.03511846297149624, ""elevation"": 0.0}, {""range"": 0.5947945232392836, ""doppler"": 0.0, ""angle"": -0.8095978388994736, ""elevation"": 0.0}, {""range"": 2.7755621458976596, ""doppler"": 0.0, ""angle"": -1.6022097406323845, ""elevation"": 0.0}, {""range"": 2.7981573316715016, ""doppler"": 0.0, ""angle"": -3.1357573893936332, ""elevation"": 0.0}, {""range"": 1.8774534100301066, ""doppler"": 0.0, ""angle"": 41.20799931966549, ""elevation"": 0.0}]",1785098192013.3691
2,"[{""range"": 2.803611957969703, ""doppler"": 0.0, ""angle"": -3.7703201640336563, ""elevation"": 0.0}, {""range"": 1.873402057862777, ""doppler"": 0.0, ""angle"": 41.44778752160678, ""elevation"": 0.0}]",1785098192113.161
4,"[{""range"": 0.5936580608977619, ""doppler"": 0.0, ""angle"": 3.972495940750659, ""elevation"": 0.0}, {""range"": 1.8486625826040748, ""doppler"": 0.0, ""angle"": 42.79710061601512, ""elevation"": 0.0}, {""range"": 1.8742717047834896, ""doppler"": 0.0, ""angle"": 43.461449659379426, ""elevation"": 0.0}, {""range"": 1.9008818799893623, ""doppler"": 0.0, ""angle"": 43.711729218958745, ""elevation"": 0.0}]",1785098192210.1382
2,"[{""range"": 1.875400696657336, ""doppler"": 0.0, ""angle"": 45.347664298030956, ""elevation"": 0.0}, {""range"": 1.8990176292645693, ""doppler"": 0.0, ""angle"": 44.84359004429997, ""elevation"": 0.0}]",1785098192309.813
3,"[{""range"": 2.8047323509652906, ""doppler"": 0.0, ""angle"": -3.728544302451543, ""elevation"": 0.0}, {""range"": 0.5786651268780583, ""doppler"": 0.0, ""angle"": 0.5134527585392947, ""elevation"": 0.0}, {""range"": 0.5843685609145503, ""doppler"": 0.0, ""angle"": -0.2279195853244394, ""elevation"": 0.0}]",1785098192408.98
3,"[{""range"": 0.4003455907067717, ""doppler"": 0.0, ""angle"": -18.515875011357405, ""elevation"": 0.0}, {""range"": 1.881035772262943, ""doppler"": 0.0, ""angle"": 42.915965179643386, ""elevation"": 0.0}, {""range"": 1.906475979508934, ""doppler"": 0.0, ""angle"": 44.86320174140682, ""elevation"": 0.0}]",1785098192509.295
3,"[{""range"": 1.858439672301647, ""doppler"": 0.0, ""angle"": 44.75831288200722, ""elevation"": 0.0}, {""range"": 1.8762692553192635, ""doppler"": 0.0, ""angle"": 45.250973909909696, ""elevation"": 0.0}, {""range"": 1.896241587989827, ""doppler"": 0.0, ""angle"": 50.50227064905401, ""elevation"": 0.0}]",1785098192613.45
