num_points,points,timestamp_ms
9,"[{""range"": 0.7042462345386581, ""doppler"": 0.0, ""angle"": -52.51035094121441, ""elevation"": 0.0}, {""range"": 0.6693072443543086, ""doppler"": 0.0, ""angle"": -38.85105644275998, ""elevation"": 0.0}, {""range"": 1.3472730868274243, ""doppler"": 0.0, ""angle"": -28.871428405421256, ""elevation"": 0.0}, {""range"": 1.2971422238788275, ""doppler"": 0.0, ""angle"": -25.17674121195937, ""elevation"": 0.0}, {""range"": 1.3208918881471892, ""doppler"": 0.0, ""angle"": -25.343962353732067, ""elevation"": 0.0}, {""range"": 0.5769274956990187, ""doppler"": 9.453816057852237, ""angle"": 4.604368358039152, ""elevation"": 0.0}, {""range"": 9.121899479503355, ""doppler"": 3.024231019546278, ""angle"": 44.530579666094205, ""elevation"": 35.028715065647845}, {""range"": 2.1352874428473774, ""doppler"": 6.340401528461371, ""angle"": 45.0, ""elevation"": 12.615073652073445}, {""range"": 5.067383441814987, ""doppler"": 6.380079089984065, ""angle"": 53.1488212210617, ""elevation"": 81.3027802463285}]",1785104603908.78
9,"[{""range"": 0.7081223705610099, ""doppler"": 0.0, ""angle"": -26.791515529419176, ""elevation"": 0.0}, {""range"": 1.2511779140837862, ""doppler"": 0.0, ""angle"": -31.62520500324538, ""elevation"": 0.0}, {""range"": 1.2909584033282875, ""doppler"": 0.0, ""angle"": -32.89544441784809, ""elevation"": 0.0}, {""range"": 1.3199577604913444, ""doppler"": 0.0, ""angle"": -32.55334440267012, ""elevation"": 0.0}, {""range"": 1.3472810609898092, ""doppler"": 0.0, ""angle"": -33.896758317234465, ""elevation"": 0.0}, {""range"": 0.6756908932784306, ""doppler"": 0.0, ""angle"": -19.317237919676266, ""elevation"": 0.0}, {""range"": 0.618447813088259, ""doppler"": 0.0, ""angle"": -2.6183590113865796, ""elevation"": 0.0}, {""range"": 0.5822957096203989, ""doppler"": 0.0, ""angle"": 6.099258661840328, ""elevation"": 0.0}, {""range"": 0.5944527449754795, ""doppler"": 0.0, ""angle"": 3.82897859235648, ""elevation"": 0.0}]",1785104603909.041
7,"[{""range"": 1.2510646088357487, ""doppler"": 0.0, ""angle"": -27.374456338169445, ""elevation"": 0.0}, {""range"": 1.2870089539401441, ""doppler"": 0.0, ""angle"": -29.424967469821613, ""elevation"": 0.0}, {""range"": 1.316652945755912, ""doppler"": 0.0, ""angle"": -31.72576909057841, ""elevation"": 0.0}, {""range"": 0.5799416677392121, ""doppler"": 0.0, ""angle"": 8.457389036212094, ""elevation"": 0.0}, {""range"": 0.5977835673852003, ""doppler"": 0.0, ""angle"": 12.244385326414985, ""elevation"": 0.0}, {""range"": 0.6194637580180171, ""doppler"": 0.0, ""angle"": 19.229946046120315, ""elevation"": 0.0}, {""range"": 0.6654133818084204, ""doppler"": 0.0, ""angle"": 34.00180268531836, ""elevation"": 0.0}]",1785104603909.2668
8,"[{""range"": 1.2922242682392455, ""doppler"": 0.0, ""angle"": -32.02303181362975, ""elevation"": 0.0}, {""range"": 1.322751214803147, ""doppler"": 0.0, ""angle"": -26.537340264777328, ""elevation"": 0.0}, {""range"": 0.5797681630923799, ""doppler"": 0.0, ""angle"": 10.304846468766033, ""elevation"": 0.0}, {""range"": 0.5969711432501995, ""doppler"": 0.0, ""angle"": 14.09451739721057, ""elevation"": 0.0}, {""range"": 0.6679340747412275, ""doppler"": 0.0, ""angle"": 17.319253342115932, ""elevation"": 0.0}, {""range"": 0.6234778300030737, ""doppler"": 0.0, ""angle"": 19.780941468113244, ""elevation"": 0.0}, {""range"": 0.7177383060954914, ""doppler"": 0.0, ""angle"": 18.520714126449075, ""elevation"": 0.0}, {""range"": 1.8709031580882172, ""doppler"": 0.0, ""angle"": 46.281804838476454, ""elevation"": 0.0}]",1785104603909.497
8,"[{""range"": 1.3510668872289642, ""doppler"": 0.0, ""angle"": -35.122479087893595, ""elevation"": 0.0}, {""range"": 1.2931827315648077, ""doppler"": 0.0, ""angle"": -32.239684403779606, ""elevation"": 0.0}, {""range"": 1.3217393104613213, ""doppler"": 0.0, ""angle"": -32.458113234575215, ""elevation"": 0.0}, {""range"": 0.5800610753886591, ""doppler"": 0.0, ""angle"": 10.066299741160975, ""elevation"": 0.0}, {""range"": 0.5942020131328078, ""doppler"": 0.0, ""angle"": 13.291858436352994, ""elevation"": 0.0}, {""range"": 0.624916736530249, ""doppler"": 0.0, ""angle"": 21.74965454550133, ""elevation"": 0.0}, {""range"": 0.66196283313449, ""doppler"": 0.0, ""angle"": 24.411932372272663, ""elevation"": 0.0}, {""range"": 0.7059742838936462, ""doppler"": 0.0, ""angle"": 24.41633078237244, ""elevation"": 0.0}]",1785104603909.7322
12,"[{""range"": 0.7348266765145796, ""doppler"": 0.0, ""angle"": -27.413076536775428, ""elevation"": 0.0}, {""range"": 0.7512647574239842, ""doppler"": 0.0, ""angle"": -27.19324244995029, ""elevation"": 0.0}, {""range"": 1.2541745744354589, ""doppler"": 0.0, ""angle"": -29.10855789976498, ""elevation"": 0.0}, {""range"": 1.292553317693765, ""doppler"": 0.0, ""angle"": -28.174597563997846, ""elevation"": 0.0}, {""range"": 1.3203326678045726, ""doppler"": 0.0, ""angle"": -28.7275046757961, ""elevation"": 0.0}, {""range"": 1.3485115067937592, ""doppler"": 0.0, ""angle"": -29.433903968405463, ""elevation"": 0.0}, {""range"": 1.8734666916401574, ""doppler"": 0.0, ""angle"": -5.323156549434735, ""elevation"": 0.0}, {""range"": 1.8265114379680671, ""doppler"": 0.0, ""angle"": 0.6170248777597463, ""elevation"": 0.0}, {""range"": 0.5803030954072327, ""doppler"": 0.0, ""angle"": 9.793206010038352, ""elevation"": 0.0}, {""range"": 0.5982955520369208, ""doppler"": 0.0, ""angle"": 12.935575462957704, ""elevation"": 0.0}, {""range"": 0.6222942005267585, ""doppler"": 0.0, ""angle"": 14.970656498289836, ""elevation"": 0.0}, {""range"": 0.655961486105286, ""doppler"": 0.0, ""angle"": 12.532195886878148, ""elevation"": 0.0}]",1785104603909.9773
7,"[{""range"": 0.6871625696899388, ""doppler"": 0.0, ""angle"": -29.460087630366402, ""elevation"": 0.0}, {""range"": 0.7117739811144311, ""doppler"": 0.0, ""angle"": -33.690067525979785, ""elevation"": 0.0}, {""range"": 1.2953783597366155, ""doppler"": 0.0, ""angle"": -31.05463539403492, ""elevation"": 0.0}, {""range"": 1.3202939080157747, ""doppler"": 0.0, ""angle"": -26.89473252063416, ""elevation"": 0.0}, {""range"": 0.5786282150358081, ""doppler"": 0.0, ""angle"": 10.667513235269727, ""elevation"": 0.0}, {""range"": 0.5943344802974763, ""doppler"": 0.0, ""angle"": 14.35399263615665, ""elevation"": 0.0}, {""range"": 0.6185397307871391, ""doppler"": 0.0, ""angle"": 19.927916472751885, ""elevation"": 0.0}]",1785104603910.197
9,"[{""range"": 1.2568270745675905, ""doppler"": 0.0, ""angle"": -25.518719200739312, ""elevation"": 0.0}, {""range"": 1.2934844447988798, ""doppler"": 0.0, ""angle"": -24.44985446594706, ""elevation"": 0.0}, {""range"": 1.3170698346264207, ""doppler"": 0.0, ""angle"": -23.474372968098248, ""elevation"": 0.0}, {""range"": 1.3426002267875137, ""doppler"": 0.0, ""angle"": -23.18456265702975, ""elevation"": 0.0}, {""range"": 0.6949656640254578, ""doppler"": 0.0, ""angle"": 4.01314369696892, ""elevation"": 0.0}, {""range"": 0.5806631142048713, ""doppler"": 0.0, ""angle"": 11.15075871649069, ""elevation"": 0.0}, {""range"": 0.5974465763797376, ""doppler"": 0.0, ""angle"": 12.497187524992421, ""elevation"": 0.0}, {""range"": 0.6206698631611092, ""doppler"": 0.0, ""angle"": 13.579840651088148, ""elevation"": 0.0}, {""range"": 0.6536888893447388, ""doppler"": 0.0, ""angle"": 12.93000591012834, ""elevation"": 0.0}]",1785104603910.442
10,"[{""range"": 1.2620157086841177, ""doppler"": 0.0, ""angle"": -29.692520535175888, ""elevation"": 0.0}, {""range"": 1.2931321919184235, ""doppler"": 0.0, ""angle"": -31.318394222254863, ""elevation"": 0.0}, {""range"": 1.316131937465365, ""doppler"": 0.0, ""angle"": -32.5673150397857, ""elevation"": 0.0}, {""range"": 1.3431503069983062, ""doppler"": 0.0, ""angle"": -34.15338272480916, ""elevation"": 0.0}, {""range"": 0.6978822884836784, ""doppler"": 0.0, ""angle"": 1.1892085308537934, ""elevation"": 0.0}, {""range"": 0.597950053260349, ""doppler"": 0.0, ""angle"": 10.684912400002716, ""elevation"": 0.0}, {""range"": 0.6223705487848201, ""doppler"": 0.0, ""angle"": 5.589380942792078, ""elevation"": 0.0}, {""range"": 0.6591036503275697, ""doppler"": 0.0, ""angle"": 4.80882253712255, ""elevation"": 0.0}, {""range"": 0.5799904867180711, ""doppler"": 0.0, ""angle"": 13.187923444160443, ""elevation"": 0.0}, {""range"": 0.09144387954336951, ""doppler"": 0.0, ""angle"": 65.13878279903342, ""elevation"": 0.0}]",1785104603910.676
9,"[{""range"": 0.6879010168167795, ""doppler"": 0.0, ""angle"": -31.446510135290314, ""elevation"": 0.0}, {""range"": 0.7120305751510482, ""doppler"": 0.0, ""angle"": -30.100041689656166, ""elevation"": 0.0}, {""range"": 1.2611259876370013, ""doppler"": 0.0, ""angle"": -28.432808955564127, ""elevation"": 0.0}, {""range"": 1.2952400262266899, ""doppler"": 0.0, ""angle"": -30.22170555146321, ""elevation"": 0.0}, {""range"": 1.3188053177206462, ""doppler"": 0.0, ""angle"": -28.719580180639866, ""elevation"": 0.0}, {""range"": 1.34371176242226, ""doppler"": 0.0, ""angle"": -29.225675560262975, ""elevation"": 0.0}, {""range"": 0.5576951771589189, ""doppler"": 0.0, ""angle"": 3.198172594804705, ""elevation"": 0.0}, {""range"": 0.6104892080972428, ""doppler"": 0.0, ""angle"": 31.660274949148715, ""elevation"": 0.0}, {""range"": 0.6460442276237719, ""doppler"": 0.0, ""angle"": 28.06875552722827, ""elevation"": 0.0}]",1785104603910.898
12,"[{""range"": 1.2831440735033939, ""doppler"": 0.0, ""angle"": -35.19610513332596, ""elevation"": 0.0}, {""range"": 1.3110008679253402, ""doppler"": 0.0, ""angle"": -43.30881738853983, ""elevation"": 0.0}, {""range"": 0.6396568339266384, ""doppler"": 0.0, ""angle"": -29.41708308358452, ""elevation"": 0.0}, {""range"": 0.6747414622410183, ""doppler"": 0.0, ""angle"": -27.271280795741003, ""elevation"": 0.0}, {""range"": 0.7116311592456855, ""doppler"": 0.0, ""angle"": -24.858599025795, ""elevation"": 0.0}, {""range"": 1.2051072738248072, ""doppler"": 0.0, ""angle"": -23.08026171355134, ""elevation"": 0.0}, {""range"": 1.2355264569832594, ""doppler"": 0.0, ""angle"": -23.489307942934197, ""elevation"": 0.0}, {""range"": 0.7466670401394165, ""doppler"": 0.0, ""angle"": -13.517081235958718, ""elevation"": 0.0}, {""range"": 0.5726027872692571, ""doppler"": 0.0, ""angle"": 7.338068581228327, ""elevation"": 0.0}, {""range"": 0.5736699934999714, ""doppler"": 0.0, ""angle"": 9.9438373572213, ""elevation"": 0.0}, {""range"": 1.9239494965261132, ""doppler"": 0.0, ""angle"": 51.54727199932102, ""elevation"": 0.0}, {""range"": 0.08243787818561242, ""doppler"": 0.0, ""angle"": 69.56032076312174, ""elevation"": 0.0}]",1785104603911.128
13,"[{""range"": 1.3107870902775607, ""doppler"": 0.0, ""angle"": -38.15810458268774, ""elevation"": 0.0}, {""range"": 1.2750953972212984, ""doppler"": 0.0, ""angle"": -32.725088075115515, ""elevation"": 0.0}, {""range"": 1.201070848246824, ""doppler"": 0.0, ""angle"": -23.729506649654237, ""elevation"": 0.0}, {""range"": 1.2317261019714074, ""doppler"": 0.0, ""angle"": -23.975157184222525, ""elevation"": 0.0}, {""range"": 0.581283507048924, ""doppler"": 0.0, ""angle"": 9.93753044039065, ""elevation"": 0.0}, {""range"": 0.6697857528973474, ""doppler"": 0.0, ""angle"": 10.070892510965296, ""elevation"": 0.0}, {""range"": 0.7070897175792581, ""doppler"": 0.0, ""angle"": 6.359392743687456, ""elevation"": 0.0}, {""range"": 0.5979931780033358, ""doppler"": 0.0, ""angle"": 15.66534400474131, ""elevation"": 0.0}, {""range"": 0.622336640216703, ""doppler"": 0.0, ""angle"": 22.12851341347024, ""elevation"": 0.0}, {""range"": 2.068579420200452, ""doppler"": 0.0, ""angle"": 41.95518435131004, ""elevation"": 0.0}, {""range"": 1.916248645914208, ""doppler"": 0.0, ""angle"": 51.08301459741615, ""elevation"": 0.0}, {""range"": 2.100958697250465, ""doppler"": 0.0, ""angle"": 46.12073396649991, ""elevation"": 0.0}, {""range"": 0.09152286897375778, ""doppler"": 0.0, ""angle"": 69.05089591446728, ""elevation"": 0.0}]",1785104603911.3591
10,"[{""range"": 1.220539866332164, ""doppler"": 0.0, ""angle"": -25.96065605564689, ""elevation"": 0.0}, {""range"": 1.1940480917388585, ""doppler"": 0.0, ""angle"": -25.50207910857852, ""elevation"": 0.0}, {""range"": 0.6683472858575042, ""doppler"": 0.0, ""angle"": -5.57331415848616, ""elevation"": 0.0}, {""range"": 0.620845301831825, ""doppler"": 0.0, ""angle"": 2.756923161703894, ""elevation"": 0.0}, {""range"": 0.5880586520517996, ""doppler"": 0.0, ""angle"": 7.021290226396049, ""elevation"": 0.0}, {""range"": 0.5963156241341548, ""doppler"": 0.0, ""angle"": 7.408445513417453, ""elevation"": 0.0}, {""range"": 0.7054070101469734, ""doppler"": 0.0, ""angle"": 5.308828333838006, ""elevation"": 0.0}, {""range"": 2.015861361026411, ""doppler"": 0.0, ""angle"": 44.309982572719804, ""elevation"": 0.0}, {""range"": 2.061961542741385, ""doppler"": 0.0, ""angle"": 46.98195665048316, ""elevation"": 0.0}, {""range"": 2.0995255023799526, ""doppler"": 0.0, ""angle"": 47.070778475922346, ""elevation"": 0.0}]",1785104603911.593
10,"[{""range"": 1.1954788357086523, ""doppler"": 0.0, ""angle"": -25.764005037970534, ""elevation"": 0.0}, {""range"": 1.2237650604885553, ""doppler"": 0.0, ""angle"": -24.18690047619036, ""elevation"": 0.0}, {""range"": 0.6771794181760431, ""doppler"": 0.0, ""angle"": -15.40506215483889, ""elevation"": 0.0}, {""range"": 0.7023979773026608, ""doppler"": 0.0, ""angle"": -16.414234660371026, ""elevation"": 0.0}, {""range"": 0.5885055629652198, ""doppler"": 0.0, ""angle"": 10.787555299201319, ""elevation"": 0.0}, {""range"": 0.5984844949598879, ""doppler"": 0.0, ""angle"": 12.861174092599441, ""elevation"": 0.0}, {""range"": 0.6075187300456477, ""doppler"": 0.0, ""angle"": 16.114498341287277, ""elevation"": 0.0}, {""range"": 2.0197518233333933, ""doppler"": 0.0, ""angle"": 45.88956996987111, ""elevation"": 0.0}, {""range"": 2.059797945738164, ""doppler"": 0.0, ""angle"": 46.75530607305393, ""elevation"": 0.0}, {""range"": 2.0959350049389855, ""doppler"": 0.0, ""angle"": 48.23696559428941, ""elevation"": 0.0}]",1785104603911.823
11,"[{""range"": 0.7616319199518223, ""doppler"": 0.0, ""angle"": -60.305173244353874, ""elevation"": 0.0}, {""range"": 1.3190862993566226, ""doppler"": 0.0, ""angle"": -38.2898423422948, ""elevation"": 0.0}, {""range"": 1.2004863486768302, ""doppler"": 0.0, ""angle"": -26.752067112716578, ""elevation"": 0.0}, {""range"": 1.2783108887628896, ""doppler"": 0.0, ""angle"": -31.24415778211326, ""elevation"": 0.0}, {""range"": 1.2329064130306702, ""doppler"": 0.0, ""angle"": -23.996238527871046, ""elevation"": 0.0}, {""range"": 0.6739425782154119, ""doppler"": 0.0, ""angle"": -11.29204431365447, ""elevation"": 0.0}, {""range"": 0.7047405605756394, ""doppler"": 0.0, ""angle"": -9.773020840956974, ""elevation"": 0.0}, {""range"": 0.589540755281936, ""doppler"": 0.0, ""angle"": 10.379456377941828, ""elevation"": 0.0}, {""range"": 0.6010542545741259, ""doppler"": 0.0, ""angle"": 12.473342305845366, ""elevation"": 0.0}, {""range"": 0.6082578273798986, ""doppler"": 0.0, ""angle"": 16.708924210166614, ""elevation"": 0.0}, {""range"": 1.9225714076263456, ""doppler"": 0.0, ""angle"": 50.89244103952722, ""elevation"": 0.0}]",1785104603912.047
9,"[{""range"": 1.3164174731175553, ""doppler"": 0.0, ""angle"": -44.07542214867239, ""elevation"": 0.0}, {""range"": 1.2821657992710267, ""doppler"": 0.0, ""angle"": -37.82242194529414, ""elevation"": 0.0}, {""range"": 1.2078797084563024, ""doppler"": 0.0, ""angle"": -26.08329849438012, ""elevation"": 0.0}, {""range"": 1.2336079017458756, ""doppler"": 0.0, ""angle"": -25.068070121381393, ""elevation"": 0.0}, {""range"": 0.6998386308779275, ""doppler"": 0.0, ""angle"": 2.5188042774476185, ""elevation"": 0.0}, {""range"": 0.5892905379226897, ""doppler"": 0.0, ""angle"": 9.325128146343825, ""elevation"": 0.0}, {""range"": 0.6617242726761761, ""doppler"": 0.0, ""angle"": 8.907429079846516, ""elevation"": 0.0}, {""range"": 0.6041920686203563, ""doppler"": 0.0, ""angle"": 11.2467471835541, ""elevation"": 0.0}, {""range"": 0.6235630581486981, ""doppler"": 0.0, ""angle"": 14.311203715339992, ""elevation"": 0.0}]",1785104603912.2678
10,"[{""range"": 1.3147810068094175, ""doppler"": 0.0, ""angle"": -46.23434676896249, ""elevation"": 0.0}, {""range"": 1.2829536422873995, ""doppler"": 0.0, ""angle"": -42.02282684546014, ""elevation"": 0.0}, {""range"": 1.2111751010371608, ""doppler"": 0.0, ""angle"": -25.997597501019314, ""elevation"": 0.0}, {""range"": 1.2445957614347687, ""doppler"": 0.0, ""angle"": -32.47308634533248, ""elevation"": 0.0}, {""range"": 0.7063470452940536, ""doppler"": 0.0, ""angle"": -11.196148928806743, ""elevation"": 0.0}, {""range"": 0.6256429981099714, ""doppler"": 0.0, ""angle"": -5.099543886345137, ""elevation"": 0.0}, {""range"": 0.663444832078663, ""doppler"": 0.0, ""angle"": -7.075215596981452, ""elevation"": 0.0}, {""range"": 0.5824118896459121, ""doppler"": 0.0, ""angle"": 1.477818843110593, ""elevation"": 0.0}, {""range"": 0.5983647561003377, ""doppler"": 0.0, ""angle"": -2.1236312716548484, ""elevation"": 0.0}, {""range"": 1.917248440634987, ""doppler"": 0.0, ""angle"": 49.52390129112492, ""elevation"": 0.0}]",1785104603912.4758
7,"[{""range"": 1.2893639339531686, ""doppler"": 0.0, ""angle"": -37.84571342303234, ""elevation"": 0.0}, {""range"": 1.3167613478596791, ""doppler"": 0.0, ""angle"": -35.16412310490155, ""elevation"": 0.0}, {""range"": 1.2505642281750435, ""doppler"": 0.0, ""angle"": -33.646895745969935, ""elevation"": 0.0}, {""range"": 0.595334348882189, ""doppler"": 0.0, ""angle"": 7.993811571680648, ""elevation"": 0.0}, {""range"": 0.6292898062607197, ""doppler"": 0.0, ""angle"": 8.991247277066003, ""elevation"": 0.0}, {""range"": 0.6746684101991894, ""doppler"": 0.0, ""angle"": 7.232378708277655, ""elevation"": 0.0}, {""range"": 0.7172859703586049, ""doppler"": 0.0, ""angle"": 10.51436452880473, ""elevation"": 0.0}]",1785104603912.693
7,"[{""range"": 0.689919427442006, ""doppler"": 0.0, ""angle"": -33.294674849764036, ""elevation"": 0.0}, {""range"": 0.7164692344935385, ""doppler"": 0.0, ""angle"": -31.289924248464, ""elevation"": 0.0}, {""range"": 1.2942579988918046, ""doppler"": 0.0, ""angle"": -33.59566141456954, ""elevation"": 0.0}, {""range"": 1.3221430478431018, ""doppler"": 0.0, ""angle"": -29.41136213213652, ""elevation"": 0.0}, {""range"": 1.3454576889619638, ""doppler"": 0.0, ""angle"": -30.846224213997612, ""elevation"": 0.0}, {""range"": 0.7427377452334412, ""doppler"": 0.0, ""angle"": -23.540915727011527, ""elevation"": 0.0}, {""range"": 2.1011928965045663, ""doppler"": 0.0, ""angle"": 40.46484615910157, ""elevation"": 0.0}]",1785104603912.9011
8,"[{""range"": 1.2940568118288556, ""doppler"": 0.0, ""angle"": -33.19380344663157, ""elevation"": 0.0}, {""range"": 1.3230703038504708, ""doppler"": 0.0, ""angle"": -28.65371994580018, ""elevation"": 0.0}, {""range"": 0.7166066971474191, ""doppler"": 0.0, ""angle"": -25.305373770065785, ""elevation"": 0.0}, {""range"": 0.7447899169010938, ""doppler"": 0.0, ""angle"": -19.918467808897372, ""elevation"": 0.0}, {""range"": 0.6788220198914106, ""doppler"": 0.0, ""angle"": -15.789909671783649, ""elevation"": 0.0}, {""range"": 0.6303215787717813, ""doppler"": 0.0, ""angle"": 40.536063624787054, ""elevation"": 0.0}, {""range"": 2.0655358632972267, ""doppler"": 0.0, ""angle"": 42.02444938293289, ""elevation"": 0.0}, {""range"": 2.0990971710990456, ""doppler"": 0.0, ""angle"": 42.448683020962726, ""elevation"": 0.0}]",1785104603913.113
7,"[{""range"": 1.2950017958088444, ""doppler"": 0.0, ""angle"": -31.62045958080713, ""elevation"": 0.0}, {""range"": 1.3241430094297701, ""doppler"": 0.0, ""angle"": -26.96644033604438, ""elevation"": 0.0}, {""range"": 0.7110669370159196, ""doppler"": 0.0, ""angle"": -24.30920876803823, ""elevation"": 0.0}, {""range"": 0.6074715970022697, ""doppler"": 0.0, ""angle"": 2.0749042281277443, ""elevation"": 0.0}, {""range"": 0.6349961018382585, ""doppler"": 0.0, ""angle"": 3.374040222139839, ""elevation"": 0.0}, {""range"": 0.6663733443223229, ""doppler"": 0.0, ""angle"": 7.229901166781891, ""elevation"": 0.0}, {""range"": 2.105095310416704, ""doppler"": 0.0, ""angle"": 39.1774309598998, ""elevation"": 0.0}]",1785104603913.311
7,"[{""range"": 1.2978300324933498, ""doppler"": 0.0, ""angle"": -32.68068011075085, ""elevation"": 0.0}, {""range"": 1.3271791974553115, ""doppler"": 0.0, ""angle"": -25.24960660604752, ""elevation"": 0.0}, {""range"": 1.347583534060189, ""doppler"": 0.0, ""angle"": -25.572191483905193, ""elevation"": 0.0}, {""range"": 0.6028308105127281, ""doppler"": 0.0, ""angle"": -0.7308172372110531, ""elevation"": 0.0}, {""range"": 0.6340107708546247, ""doppler"": 0.0, ""angle"": -3.2336121248878653, ""elevation"": 0.0}, {""range"": 0.6799890250799144, ""doppler"": 0.0, ""angle"": 10.08653168465378, ""elevation"": 0.0}, {""range"": 0.7126559080657539, ""doppler"": 0.0, ""angle"": 14.472090248235338, ""elevation"": 0.0}]",1785104603913.5361
7,"[{""range"": 0.7119276432295629, ""doppler"": 0.0, ""angle"": -35.05922030421375, ""elevation"": 0.0}, {""range"": 1.2968587683843955, ""doppler"": 0.0, ""angle"": -31.78346994224401, ""elevation"": 0.0}, {""range"": 0.6764070022848643, ""doppler"": 0.0, ""angle"": -18.2241978674886, ""elevation"": 0.0}, {""range"": 1.3262339116978283, ""doppler"": 0.0, ""angle"": -22.86588028691889, ""elevation"": 0.0}, {""range"": 1.346159527574122, ""doppler"": 0.0, ""angle"": -22.937761756195258, ""elevation"": 0.0}, {""range"": 0.6042155386093967, ""doppler"": 0.0, ""angle"": 6.081783877335933, ""elevation"": 0.0}, {""range"": 1.9123921637084569, ""doppler"": 0.0, ""angle"": 57.47046172166889, ""elevation"": 0.0}]",1785104603913.743
5,"[{""range"": 0.6993287009638839, ""doppler"": 0.0, ""angle"": -31.32053146343701, ""elevation"": 0.0}, {""range"": 1.2956847563451932, ""doppler"": 0.0, ""angle"": -29.65366948240617, ""elevation"": 0.0}, {""range"": 1.3271037993479953, ""doppler"": 0.0, ""angle"": -21.92326336369923, ""elevation"": 0.0}, {""range"": 1.3488910767580733, ""doppler"": 0.0, ""angle"": -20.6476088679724, ""elevation"": 0.0}, {""range"": 0.6008222964792242, ""doppler"": 0.0, ""angle"": 8.282029019816612, ""elevation"": 0.0}]",1785104603913.9421
7,"[{""range"": 0.7464733914362792, ""doppler"": 0.0, ""angle"": -35.39567913038544, ""elevation"": 0.0}, {""range"": 1.2921026719251596, ""doppler"": 0.0, ""angle"": -28.554771889052137, ""elevation"": 0.0}, {""range"": 0.7304698701517256, ""doppler"": 0.0, ""angle"": -22.723438722037216, ""elevation"": 0.0}, {""range"": 1.3246159335429564, ""doppler"": 0.0, ""angle"": -21.966580357492813, ""elevation"": 0.0}, {""range"": 1.3476493517861234, ""doppler"": 0.0, ""angle"": -23.125719289555928, ""elevation"": 0.0}, {""range"": 0.6643135724381596, ""doppler"": 0.0, ""angle"": 6.926073469541171, ""elevation"": 0.0}, {""range"": 0.6045245060036515, ""doppler"": 0.0, ""angle"": 10.877845797256908, ""elevation"": 0.0}]",1785104603914.242
6,"[{""range"": 0.674623290747586, ""doppler"": 0.0, ""angle"": -35.87663944006913, ""elevation"": 0.0}, {""range"": 0.7013280829008846, ""doppler"": 0.0, ""angle"": -34.73950153115994, ""elevation"": 0.0}, {""range"": 1.293888040605133, ""doppler"": 0.0, ""angle"": -30.69759488994744, ""elevation"": 0.0}, {""range"": 1.325853570878586, ""doppler"": 0.0, ""angle"": -22.747068490598814, ""elevation"": 0.0}, {""range"": 0.6047793117116873, ""doppler"": 0.0, ""angle"": 12.655592467465056, ""elevation"": 0.0}, {""range"": 0.7255409484349503, ""doppler"": 0.0, ""angle"": 18.403690899392938, ""elevation"": 0.0}]",1785104603914.478
9,"[{""range"": 0.6542617127228623, ""doppler"": 0.0, ""angle"": -32.87353524525462, ""elevation"": 0.0}, {""range"": 0.6788048507008535, ""doppler"": 0.0, ""angle"": -30.73338395935122, ""elevation"": 0.0}, {""range"": 0.6991924830681095, ""doppler"": 0.0, ""angle"": -31.722696500807054, ""elevation"": 0.0}, {""range"": 1.2937516237631799, ""doppler"": 0.0, ""angle"": -30.996351074596856, ""elevation"": 0.0}, {""range"": 1.3229800255544026, ""doppler"": 0.0, ""angle"": -25.979749242024262, ""elevation"": 0.0}, {""range"": 1.3492066024048492, ""doppler"": 0.0, ""angle"": -27.13218310069241, ""elevation"": 0.0}, {""range"": 0.5993642496380854, ""doppler"": 0.0, ""angle"": 13.737744278200443, ""elevation"": 0.0}, {""range"": 2.066077521395278, ""doppler"": 0.0, ""angle"": 38.07200113128346, ""elevation"": 0.0}, {""range"": 2.0925193955238197, ""doppler"": 0.0, ""angle"": 42.08365340381018, ""elevation"": 0.0}]",1785104603914.685
7,"[{""range"": 0.7573791843697786, ""doppler"": 0.0, ""angle"": -49.318007127352416, ""elevation"": 0.0}, {""range"": 1.2937395753888543, ""doppler"": 0.0, ""angle"": -29.949188982861237, ""elevation"": 0.0}, {""range"": 1.3494557355347208, ""doppler"": 0.0, ""angle"": -27.4342857076106, ""elevation"": 0.0}, {""range"": 0.7153257618839638, ""doppler"": 0.0, ""angle"": -21.06733168723997, ""elevation"": 0.0}, {""range"": 1.3238986890787892, ""doppler"": 0.0, ""angle"": -25.59942506883093, ""elevation"": 0.0}, {""range"": 0.6065782988876787, ""doppler"": 0.0, ""angle"": 12.946509515636931, ""elevation"": 0.0}, {""range"": 0.6203211049490608, ""doppler"": 0.0, ""angle"": 13.231062825314668, ""elevation"": 0.0}]",1785104603914.886
8,"[{""range"": 0.6776533116699697, ""doppler"": 0.0, ""angle"": -33.6691015654427, ""elevation"": 0.0}, {""range"": 0.7001666187125486, ""doppler"": 0.0, ""angle"": -33.02448098783783, ""elevation"": 0.0}, {""range"": 1.2948107131938902, ""doppler"": 0.0, ""angle"": -29.312064856792823, ""elevation"": 0.0}, {""range"": 1.3470698840233188, ""doppler"": 0.0, ""angle"": -26.769131452092136, ""elevation"": 0.0}, {""range"": 1.3228492917587902, ""doppler"": 0.0, ""angle"": -25.269551742206904, ""elevation"": 0.0}, {""range"": 0.6182732197292663, ""doppler"": 0.0, ""angle"": 14.333651549030108, ""elevation"": 0.0}, {""range"": 0.6396994212956809, ""doppler"": 0.0, ""angle"": 15.034583927498169, ""elevation"": 0.0}, {""range"": 0.6657768197269893, ""doppler"": 0.0, ""angle"": 14.846168940181256, ""elevation"": 0.0}]",1785104603915.096
7,"[{""range"": 1.2946149591566292, ""doppler"": 0.0, ""angle"": -31.1211919522098, ""elevation"": 0.0}, {""range"": 1.3219579201005105, ""doppler"": 0.0, ""angle"": -26.745280486128568, ""elevation"": 0.0}, {""range"": 1.3476214021856114, ""doppler"": 0.0, ""angle"": -26.527651848503762, ""elevation"": 0.0}, {""range"": 0.6594712686155954, ""doppler"": 0.0, ""angle"": 15.200616194395444, ""elevation"": 0.0}, {""range"": 0.6900127371025596, ""doppler"": 0.0, ""angle"": 11.601126244104748, ""elevation"": 0.0}, {""range"": 0.6258095575718564, ""doppler"": 0.0, ""angle"": 23.561883837939593, ""elevation"": 0.0}, {""range"": 0.6384734505665003, ""doppler"": 0.0, ""angle"": 18.805379575543476, ""elevation"": 0.0}]",1785104603915.301
8,"[{""range"": 0.6788082186284374, ""doppler"": 0.0, ""angle"": -32.43414960681411, ""elevation"": 0.0}, {""range"": 0.7062175463134798, ""doppler"": 0.0, ""angle"": -30.811989873676815, ""elevation"": 0.0}, {""range"": 1.2939078099686874, ""doppler"": 0.0, ""angle"": -30.072910733490314, ""elevation"": 0.0}, {""range"": 1.3227913891636944, ""doppler"": 0.0, ""angle"": -25.227918947205005, ""elevation"": 0.0}, {""range"": 1.3445069306552704, ""doppler"": 0.0, ""angle"": -25.668759414213728, ""elevation"": 0.0}, {""range"": 0.7717215391633048, ""doppler"": 0.0, ""angle"": 5.6247281320748055, ""elevation"": 0.0}, {""range"": 0.6505856451717018, ""doppler"": 0.0, ""angle"": 14.77722756972706, ""elevation"": 0.0}, {""range"": 0.672310645568981, ""doppler"": 0.0, ""angle"": 14.320835052268535, ""elevation"": 0.0}]",1785104603915.5012
3,"[{""range"": 1.291125266763577, ""doppler"": 0.0, ""angle"": -31.95996244638201, ""elevation"": 0.0}, {""range"": 1.3204794143340606, ""doppler"": 0.0, ""angle"": -29.755467211037196, ""elevation"": 0.0}, {""range"": 0.7026799055379122, ""doppler"": 0.0, ""angle"": 26.65633833247152, ""elevation"": 0.0}]",1785104603915.7131
7,"[{""range"": 0.7066603839415599, ""doppler"": 0.0, ""angle"": -35.93037399988125, ""elevation"": 0.0}, {""range"": 0.7266586664112682, ""doppler"": 0.0, ""angle"": -32.97835531994409, ""elevation"": 0.0}, {""range"": 1.2935284943829524, ""doppler"": 0.0, ""angle"": -31.725807814607318, ""elevation"": 0.0}, {""range"": 1.3207614197372486, ""doppler"": 0.0, ""angle"": -30.02583032259061, ""elevation"": 0.0}, {""range"": 0.7643696694580253, ""doppler"": 0.0, ""angle"": -25.56995406733705, ""elevation"": 0.0}, {""range"": 0.6891277687477588, ""doppler"": 0.0, ""angle"": 11.388655443506885, ""elevation"": 0.0}, {""range"": 0.7687272803982819, ""doppler"": 0.0, ""angle"": 21.749437172422805, ""elevation"": 0.0}]",1785104603915.911
6,"[{""range"": 1.2909665891174709, ""doppler"": 0.0, ""angle"": -34.65198796159103, ""elevation"": 0.0}, {""range"": 1.2498765284181683, ""doppler"": 0.0, ""angle"": -32.53280333618812, ""elevation"": 0.0}, {""range"": 1.32055078391717, ""doppler"": 0.0, ""angle"": -33.90954928976546, ""elevation"": 0.0}, {""range"": 0.6448169316401215, ""doppler"": 0.0, ""angle"": 6.048925209847789, ""elevation"": 0.0}, {""range"": 0.6668907573222905, ""doppler"": 0.0, ""angle"": 6.837282213742265, ""elevation"": 0.0}, {""range"": 0.7032792046154521, ""doppler"": 0.0, ""angle"": 13.707651393696818, ""elevation"": 0.0}]",1785104603916.121
8,"[{""range"": 0.7026282343685658, ""doppler"": 0.0, ""angle"": -28.567402015048078, ""elevation"": 0.0}, {""range"": 1.2915632441509213, ""doppler"": 0.0, ""angle"": -28.47751277907963, ""elevation"": 0.0}, {""range"": 1.3217975494250396, ""doppler"": 0.0, ""angle"": -29.526643847266502, ""elevation"": 0.0}, {""range"": 0.6595003589363646, ""doppler"": 0.0, ""angle"": 10.103370688809045, ""elevation"": 0.0}, {""range"": 0.6377671645016084, ""doppler"": 0.0, ""angle"": 15.13113255426123, ""elevation"": 0.0}, {""range"": 0.6228851927579399, ""doppler"": 0.0, ""angle"": 20.255727373023785, ""elevation"": 0.0}, {""range"": 2.1022486870790376, ""doppler"": 0.0, ""angle"": 39.688885592533815, ""elevation"": 0.0}, {""range"": 0.7610832344846755, ""doppler"": 0.0, ""angle"": 49.34468167533031, ""elevation"": 0.0}]",1785104603916.342
8,"[{""range"": 1.2544954186099257, ""doppler"": 0.0, ""angle"": -34.611994210021294, ""elevation"": 0.0}, {""range"": 1.2892538358587127, ""doppler"": 0.0, ""angle"": -36.00049782386178, ""elevation"": 0.0}, {""range"": 1.3214304377732191, ""doppler"": 0.0, ""angle"": -28.701419021798532, ""elevation"": 0.0}, {""range"": 0.6856077191574094, ""doppler"": 0.0, ""angle"": -25.1748769341328, ""elevation"": 0.0}, {""range"": 0.7060920085547573, ""doppler"": 0.0, ""angle"": -23.617746094361994, ""elevation"": 0.0}, {""range"": 1.3417344163720868, ""doppler"": 0.0, ""angle"": -25.598601024042054, ""elevation"": 0.0}, {""range"": 0.6155961537247241, ""doppler"": 0.0, ""angle"": 30.99800726796364, ""elevation"": 0.0}, {""range"": 0.6227656786007876, ""doppler"": 0.0, ""angle"": 30.201964505966657, ""elevation"": 0.0}]",1785104603916.5461
8,"[{""range"": 0.7077497310018699, ""doppler"": 0.0, ""angle"": -31.0754731060445, ""elevation"": 0.0}, {""range"": 0.7372289466577335, ""doppler"": 0.0, ""angle"": -28.038153125247703, ""elevation"": 0.0}, {""range"": 1.2951815188513844, ""doppler"": 0.0, ""angle"": -32.05317719442598, ""elevation"": 0.0}, {""range"": 1.3224357722467066, ""doppler"": 0.0, ""angle"": -27.212962042339356, ""elevation"": 0.0}, {""range"": 1.3400014751950686, ""doppler"": 0.0, ""angle"": -23.390342069252494, ""elevation"": 0.0}, {""range"": 0.6661132270694025, ""doppler"": 0.0, ""angle"": 9.783452346327952, ""elevation"": 0.0}, {""range"": 0.634524363917532, ""doppler"": 0.0, ""angle"": 20.212100809876304, ""elevation"": 0.0}, {""range"": 0.6189031578714536, ""doppler"": 0.0, ""angle"": 25.99499956182605, ""elevation"": 0.0}]",1785104603916.744
8,"[{""range"": 0.09157386131825784, ""doppler"": 0.0, ""angle"": -51.89932768419825, ""elevation"": 0.0}, {""range"": 1.2904684865453644, ""doppler"": 0.0, ""angle"": -31.641829778886866, ""elevation"": 0.0}, {""range"": 1.3522973404364365, ""doppler"": 0.0, ""angle"": -7.3768601766086785, ""elevation"": 0.0}, {""range"": 1.3543360303187426, ""doppler"": 0.0, ""angle"": -4.164306398147104, ""elevation"": 0.0}, {""range"": 2.146135037903631, ""doppler"": 0.0, ""angle"": -0.17663198851844347, ""elevation"": 0.0}, {""range"": 0.6559529070417487, ""doppler"": 0.0, ""angle"": 17.056795895807767, ""elevation"": 0.0}, {""range"": 0.6187264450216997, ""doppler"": 0.0, ""angle"": 19.534641345217263, ""elevation"": 0.0}, {""range"": 0.6340162174858518, ""doppler"": 0.0, ""angle"": 18.925517893900288, ""elevation"": 0.0}]",1785104603916.945
4,"[{""range"": 1.7057797036613511, ""doppler"": 0.0, ""angle"": 33.29026628441931, ""elevation"": 0.0}, {""range"": 1.741897839939098, ""doppler"": 0.0, ""angle"": 31.397501506436086, ""elevation"": 0.0}, {""range"": 1.7697229624583548, ""doppler"": 0.0, ""angle"": 28.701479342513863, ""elevation"": 0.0}, {""range"": 2.5253120360404075, ""doppler"": 0.0, ""angle"": 37.66753683674146, ""elevation"": 0.0}]",1785104603917.144
1,"[{""range"": 1.867817785081886, ""doppler"": 0.0, ""angle"": 7.918330558779393, ""elevation"": 0.0}]",1785104603917.341
2,"[{""range"": 0.09163721292315781, ""doppler"": 0.0, ""angle"": 2.4604145385916953, ""elevation"": 0.0}, {""range"": 0.08614490036801525, ""doppler"": 0.0, ""angle"": -3.212815596653591, ""elevation"": 0.0}]",1785104603917.533
4,"[{""range"": 0.12595217407220993, ""doppler"": 0.0, ""angle"": -3.581408390172989, ""elevation"": 0.0}, {""range"": 0.08947846414945224, ""doppler"": 0.0, ""angle"": -2.2906100426385296, ""elevation"": 0.0}, {""range"": 0.12559524661955015, ""doppler"": 0.0, ""angle"": -3.5915996800126364, ""elevation"": 0.0}, {""range"": 0.09147202298005032, ""doppler"": 0.0, ""angle"": 5.721738007912105, ""elevation"": 0.0}]",1785104603917.732
2,"[{""range"": 0.09374302386878951, ""doppler"": 0.0, ""angle"": 8.114646249995399, ""elevation"": 0.0}, {""range"": 0.0916061534232866, ""doppler"": 0.0, ""angle"": 18.788621982168472, ""elevation"": 0.0}]",1785104603917.933
2,"[{""range"": 0.08813912773911668, ""doppler"": 0.0, ""angle"": 15.051219992590978, ""elevation"": 0.0}, {""range"": 0.09158206633736571, ""doppler"": 0.0, ""angle"": 22.258436467956184, ""elevation"": 0.0}]",1785104603918.117
2,"[{""range"": 0.08745226306188084, ""doppler"": 0.0, ""angle"": 16.878783887672633, ""elevation"": 0.0}, {""range"": 0.09156984582822016, ""doppler"": 0.0, ""angle"": 23.110443230095303, ""elevation"": 0.0}]",1785104603918.304
3,"[{""range"": 0.09155290899781621, ""doppler"": 0.0, ""angle"": -22.507959270974222, ""elevation"": 0.0}, {""range"": 0.0915852084904414, ""doppler"": 0.0, ""angle"": 25.31425036231257, ""elevation"": 0.0}, {""range"": 0.08026375718148723, ""doppler"": 0.0, ""angle"": 21.019182241813805, ""elevation"": 0.0}]",1785104603918.493
2,"[{""range"": 0.08734909696162185, ""doppler"": 0.0, ""angle"": 16.65430637692333, ""elevation"": 0.0}, {""range"": 0.0915948088458545, ""doppler"": 0.0, ""angle"": 22.86078285937181, ""elevation"": 0.0}]",1785104603918.6758
1,"[{""range"": 0.09151448395133084, ""doppler"": 0.0, ""angle"": 14.715071650597773, ""elevation"": 0.0}]",1785104603918.9019
1,"[{""range"": 0.09157124254037881, ""doppler"": 0.0, ""angle"": 9.554289672401765, ""elevation"": 0.0}]",1785104603919.094
1,"[{""range"": 0.0916061534232866, ""doppler"": 0.0, ""angle"": 18.081275663675548, ""elevation"": 0.0}]",1785104603919.2979
2,"[{""range"": 0.09147744090856083, ""doppler"": 0.0, ""angle"": 28.869674372597082, ""elevation"": 0.0}, {""range"": 0.07987360448942665, ""doppler"": 0.0, ""angle"": 32.19573393471325, ""elevation"": 0.0}]",1785104603919.487
2,"[{""range"": 0.09149474117711384, ""doppler"": 0.0, ""angle"": 27.466483813939, ""elevation"": 0.0}, {""range"": 0.07905295074993034, ""doppler"": 0.0, ""angle"": 33.65412287604476, ""elevation"": 0.0}]",1785104603919.6812
1,"[{""range"": 0.09156338575734826, ""doppler"": 0.0, ""angle"": 11.3757644398951, ""elevation"": 0.0}]",1785104603919.8699
1,"[{""range"": 0.09156687774414475, ""doppler"": 0.0, ""angle"": 17.267253368294693, ""elevation"": 0.0}]",1785104603920.053
1,"[{""range"": 0.09156059207202201, ""doppler"": 0.0, ""angle"": 24.212439232963042, ""elevation"": 0.0}]",1785104603920.249
3,"[{""range"": 0.12661264043876896, ""doppler"": 0.0, ""angle"": -68.54419422369496, ""elevation"": 0.0}, {""range"": 0.09162604667475932, ""doppler"": 0.0, ""angle"": -52.77228793007456, ""elevation"": 0.0}, {""range"": 1.8709251447172128, ""doppler"": 0.0, ""angle"": 36.386904121399006, ""elevation"": 0.0}]",1785104603920.4421
7,"[{""range"": 1.0080961887697868, ""doppler"": 0.0, ""angle"": -5.680255440709135, ""elevation"": 0.0}, {""range"": 1.7280660489293762, ""doppler"": 0.0, ""angle"": 6.11824053864948, ""elevation"": 0.0}, {""range"": 1.709072687252318, ""doppler"": 0.0, ""angle"": 11.038357098002802, ""elevation"": 0.0}, {""range"": 1.8958243003498316, ""doppler"": 0.0, ""angle"": 24.377314649136725, ""elevation"": 0.0}, {""range"": 1.9084120604079875, ""doppler"": 0.0, ""angle"": 24.9322453765006, ""elevation"": 0.0}, {""range"": 0.09151081526242184, ""doppler"": 0.0, ""angle"": 62.032884493880616, ""elevation"": 0.0}, {""range"": 0.08861164162667098, ""doppler"": 0.0, ""angle"": 66.95322624687985, ""elevation"": 0.0}]",1785104603920.629
7,"[{""range"": 2.533820435397779, ""doppler"": 0.0, ""angle"": 34.08369645938215, ""elevation"": 0.0}, {""range"": 1.7420821986909554, ""doppler"": 0.0, ""angle"": 41.35466460188338, ""elevation"": 0.0}, {""range"": 1.7602542601929088, ""doppler"": 0.0, ""angle"": 41.88295036847256, ""elevation"": 0.0}, {""range"": 1.7987609944158764, ""doppler"": 0.0, ""angle"": 35.6714255262676, ""elevation"": 0.0}, {""range"": 2.55802227970284, ""doppler"": 0.0, ""angle"": 36.6584248159303, ""elevation"": 0.0}, {""range"": 0.08880141946673804, ""doppler"": 0.0, ""angle"": 69.11987181002765, ""elevation"": 0.0}, {""range"": 0.12124547350486342, ""doppler"": 0.0, ""angle"": 64.30414528369894, ""elevation"": 0.0}]",1785104603920.821
7,"[{""range"": 1.283325830888486, ""doppler"": 0.0, ""angle"": -37.86308043539583, ""elevation"": 0.0}, {""range"": 1.2434856375590055, ""doppler"": 0.0, ""angle"": -30.171035325815215, ""elevation"": 0.0}, {""range"": 1.3178022846819217, ""doppler"": 0.0, ""angle"": -33.252341548231875, ""elevation"": 0.0}, {""range"": 0.6871114766540669, ""doppler"": 0.0, ""angle"": -25.231280986885082, ""elevation"": 0.0}, {""range"": 0.7134771884187591, ""doppler"": 0.0, ""angle"": -24.45821573909817, ""elevation"": 0.0}, {""range"": 0.7429955664627512, ""doppler"": 0.0, ""angle"": -21.947362845670053, ""elevation"": 0.0}, {""range"": 0.6324204966407208, ""doppler"": 0.0, ""angle"": 23.35387477812379, ""elevation"": 0.0}]",1785104603921.017
10,"[{""range"": 0.7537133752027357, ""doppler"": 0.0, ""angle"": -44.89427061579297, ""elevation"": 0.0}, {""range"": 0.7146575780953427, ""doppler"": 0.0, ""angle"": -35.2210376732636, ""elevation"": 0.0}, {""range"": 1.2836762912020396, ""doppler"": 0.0, ""angle"": -37.056658175773656, ""elevation"": 0.0}, {""range"": 1.312710493452876, ""doppler"": 0.0, ""angle"": -36.96043195756482, ""elevation"": 0.0}, {""range"": 1.2062533675551155, ""doppler"": 0.0, ""angle"": -20.12460775407562, ""elevation"": 0.0}, {""range"": 1.2372512268253661, ""doppler"": 0.0, ""angle"": -24.7427530843668, ""elevation"": 0.0}, {""range"": 0.6226528429659135, ""doppler"": 0.0, ""angle"": 23.347668528091084, ""elevation"": 0.0}, {""range"": 0.6389145986054552, ""doppler"": 0.0, ""angle"": 29.06862160540627, ""elevation"": 0.0}, {""range"": 0.6654302958864945, ""doppler"": 0.0, ""angle"": 32.19959438105053, ""elevation"": 0.0}, {""range"": 2.1180826330105007, ""doppler"": 0.0, ""angle"": 43.16297617042526, ""elevation"": 0.0}]",1785104603921.2083
12,"[{""range"": 1.3227262683767582, ""doppler"": 0.0, ""angle"": -43.81141594867783, ""elevation"": 0.0}, {""range"": 1.3485850797131749, ""doppler"": 0.0, ""angle"": -46.042212608299074, ""elevation"": 0.0}, {""range"": 0.7186235696768039, ""doppler"": 0.0, ""angle"": -36.63323383307035, ""elevation"": 0.0}, {""range"": 0.7428416592445711, ""doppler"": 0.0, ""angle"": -36.53337053020598, ""elevation"": 0.0}, {""range"": 1.2870450268917606, ""doppler"": 0.0, ""angle"": -37.372996014883974, ""elevation"": 0.0}, {""range"": 0.688666344614418, ""doppler"": 0.0, ""angle"": -32.14257868576662, ""elevation"": 0.0}, {""range"": 1.2448744348084237, ""doppler"": 0.0, ""angle"": -26.819010378999078, ""elevation"": 0.0}, {""range"": 0.6265038059637348, ""doppler"": 0.0, ""angle"": 25.965347022400753, ""elevation"": 0.0}, {""range"": 0.645163772566585, ""doppler"": 0.0, ""angle"": 36.24103192220206, ""elevation"": 0.0}, {""range"": 0.6673707110354254, ""doppler"": 0.0, ""angle"": 40.381497330475895, ""elevation"": 0.0}, {""range"": 1.8844742087997126, ""doppler"": 0.0, ""angle"": 42.103998997448834, ""elevation"": 0.0}, {""range"": 1.905112641604386, ""doppler"": 0.0, ""angle"": 42.59600895846952, ""elevation"": 0.0}]",1785104603921.4048
7,"[{""range"": 1.3193896864963317, ""doppler"": 0.0, ""angle"": -47.61452978085629, ""elevation"": 0.0}, {""range"": 0.7606788691957461, ""doppler"": 0.0, ""angle"": -34.37741952961077, ""elevation"": 0.0}, {""range"": 1.2855554560523716, ""doppler"": 0.0, ""angle"": -41.75796425502624, ""elevation"": 0.0}, {""range"": 0.7366669250146779, ""doppler"": 0.0, ""angle"": -27.417178312256805, ""elevation"": 0.0}, {""range"": 1.2432479702693167, ""doppler"": 0.0, ""angle"": -30.818189017897165, ""elevation"": 0.0}, {""range"": 1.8833764701145561, ""doppler"": 0.0, ""angle"": 46.215602312736074, ""elevation"": 0.0}, {""range"": 1.9001269202664097, ""doppler"": 0.0, ""angle"": 46.72738990716943, ""elevation"": 0.0}]",1785104603921.601
9,"[{""range"": 0.7574788103925458, ""doppler"": 0.0, ""angle"": -37.31624383926641, ""elevation"": 0.0}, {""range"": 1.253962978594503, ""doppler"": 0.0, ""angle"": -34.6486472269075, ""elevation"": 0.0}, {""range"": 1.2866221123196013, ""doppler"": 0.0, ""angle"": -42.25119192649946, ""elevation"": 0.0}, {""range"": 1.3125964585879857, ""doppler"": 0.0, ""angle"": -43.38265353776448, ""elevation"": 0.0}, {""range"": 0.7349301646062659, ""doppler"": 0.0, ""angle"": -29.27801791701086, ""elevation"": 0.0}, {""range"": 0.6434190763372608, ""doppler"": 0.0, ""angle"": 41.11252669092872, ""elevation"": 0.0}, {""range"": 0.6646479061195298, ""doppler"": 0.0, ""angle"": 39.45426138005429, ""elevation"": 0.0}, {""range"": 1.878539137942726, ""doppler"": 0.0, ""angle"": 45.20439277329089, ""elevation"": 0.0}, {""range"": 1.9030564785958477, ""doppler"": 0.0, ""angle"": 47.879134142400865, ""elevation"": 0.0}]",1785104603921.7961
10,"[{""range"": 1.2881512576067018, ""doppler"": 0.0, ""angle"": -41.08267346138631, ""elevation"": 0.0}, {""range"": 1.31656153525407, ""doppler"": 0.0, ""angle"": -42.825951915170926, ""elevation"": 0.0}, {""range"": 1.242411388780652, ""doppler"": 0.0, ""angle"": -27.321082918139375, ""elevation"": 0.0}, {""range"": 0.6511104723682694, ""doppler"": 0.0, ""angle"": -20.664702830676664, ""elevation"": 0.0}, {""range"": 0.6733520232292965, ""doppler"": 0.0, ""angle"": -18.261734027945774, ""elevation"": 0.0}, {""range"": 0.7051113214163106, ""doppler"": 0.0, ""angle"": -17.823829270579783, ""elevation"": 0.0}, {""range"": 2.074957387030621, ""doppler"": 0.0, ""angle"": 41.072589735660834, ""elevation"": 0.0}, {""range"": 2.0931167260054977, ""doppler"": 0.0, ""angle"": 40.113913191359146, ""elevation"": 0.0}, {""range"": 1.878266273130016, ""doppler"": 0.0, ""angle"": 48.1141477788529, ""elevation"": 0.0}, {""range"": 1.9013517035826328, ""doppler"": 0.0, ""angle"": 51.49503345502187, ""elevation"": 0.0}]",1785104603921.988
7,"[{""range"": 1.3185570256393837, ""doppler"": 0.0, ""angle"": -45.4175682919049, ""elevation"": 0.0}, {""range"": 1.342228513806721, ""doppler"": 0.0, ""angle"": -50.86096977717794, ""elevation"": 0.0}, {""range"": 1.285075546969593, ""doppler"": 0.0, ""angle"": -40.07811928916136, ""elevation"": 0.0}, {""range"": 1.2439753198773162, ""doppler"": 0.0, ""angle"": -28.39223615713816, ""elevation"": 0.0}, {""range"": 0.6253352101720746, ""doppler"": 0.0, ""angle"": -9.214523277531566, ""elevation"": 0.0}, {""range"": 1.8789875255199258, ""doppler"": 0.0, ""angle"": 48.163148507511515, ""elevation"": 0.0}, {""range"": 1.9022843381283543, ""doppler"": 0.0, ""angle"": 56.43988852557688, ""elevation"": 0.0}]",1785104603922.188
8,"[{""range"": 1.3210084382272462, ""doppler"": 0.0, ""angle"": -46.886862906242996, ""elevation"": 0.0}, {""range"": 1.3440389120510758, ""doppler"": 0.0, ""angle"": -50.262748517053915, ""elevation"": 0.0}, {""range"": 1.2855981855555896, ""doppler"": 0.0, ""angle"": -41.012747388996196, ""elevation"": 0.0}, {""range"": 0.619027136767187, ""doppler"": 0.0, ""angle"": -27.845645473950256, ""elevation"": 0.0}, {""range"": 0.7202550028580277, ""doppler"": 0.0, ""angle"": -33.75319030373346, ""elevation"": 0.0}, {""range"": 1.243009948856352, ""doppler"": 0.0, ""angle"": -27.446058258508266, ""elevation"": 0.0}, {""range"": 0.6326033919423086, ""doppler"": 0.0, ""angle"": -22.52020071508101, ""elevation"": 0.0}, {""range"": 0.6490980297974352, ""doppler"": 0.0, ""angle"": -19.772738854797637, ""elevation"": 0.0}]",1785104603922.396
10,"[{""range"": 1.3198497299320155, ""doppler"": 0.0, ""angle"": -45.97158004309467, ""elevation"": 0.0}, {""range"": 1.3429662775395277, ""doppler"": 0.0, ""angle"": -50.68965934978915, ""elevation"": 0.0}, {""range"": 1.2859844649553733, ""doppler"": 0.0, ""angle"": -40.85016470901804, ""elevation"": 0.0}, {""range"": 0.7082242753781172, ""doppler"": 0.0, ""angle"": -26.060426600886665, ""elevation"": 0.0}, {""range"": 1.243205932735857, ""doppler"": 0.0, ""angle"": -28.843287848631288, ""elevation"": 0.0}, {""range"": 0.6460036918942051, ""doppler"": 0.0, ""angle"": -23.819173335845072, ""elevation"": 0.0}, {""range"": 0.6674773764361116, ""doppler"": 0.0, ""angle"": -18.73588966184869, ""elevation"": 0.0}, {""range"": 0.5984078509574317, ""doppler"": 0.0, ""angle"": 14.289542480884679, ""elevation"": 0.0}, {""range"": 1.9072033875267482, ""doppler"": 0.0, ""angle"": 52.40487805509673, ""elevation"": 0.0}, {""range"": 2.1008845110813397, ""doppler"": 0.0, ""angle"": 44.20686243340594, ""elevation"": 0.0}]",1785104603922.588
9,"[{""range"": 1.3387891093803144, ""doppler"": 0.0, ""angle"": -47.76080078091743, ""elevation"": 0.0}, {""range"": 0.7540061186065399, ""doppler"": 0.0, ""angle"": -35.23914157134261, ""elevation"": 0.0}, {""range"": 1.2867717590395276, ""doppler"": 0.0, ""angle"": -40.2541250217876, ""elevation"": 0.0}, {""range"": 1.313712765381774, ""doppler"": 0.0, ""angle"": -43.05851360908563, ""elevation"": 0.0}, {""range"": 1.2443232441548202, ""doppler"": 0.0, ""angle"": -30.367858982941648, ""elevation"": 0.0}, {""range"": 0.648940502550988, ""doppler"": 0.0, ""angle"": -24.36163894666524, ""elevation"": 0.0}, {""range"": 0.6806382766130579, ""doppler"": 0.0, ""angle"": -19.13944766131193, ""elevation"": 0.0}, {""range"": 0.7115574458377462, ""doppler"": 0.0, ""angle"": -20.79871538386041, ""elevation"": 0.0}, {""range"": 1.2040898696211717, ""doppler"": 0.0, ""angle"": -23.67566257648783, ""elevation"": 0.0}]",1785104603922.787
8,"[{""range"": 1.3151874637405012, ""doppler"": 0.0, ""angle"": -43.986411187654674, ""elevation"": 0.0}, {""range"": 1.3402783352484955, ""doppler"": 0.0, ""angle"": -43.62153395205069, ""elevation"": 0.0}, {""range"": 1.2872548361540437, ""doppler"": 0.0, ""angle"": -43.08053552299973, ""elevation"": 0.0}, {""range"": 1.2435824324294371, ""doppler"": 0.0, ""angle"": -33.44557655101068, ""elevation"": 0.0}, {""range"": 0.7092034081065278, ""doppler"": 0.0, ""angle"": -6.95120869425255, ""elevation"": 0.0}, {""range"": 0.584019695763376, ""doppler"": 0.0, ""angle"": 3.194426530769528, ""elevation"": 0.0}, {""range"": 0.6860797057830382, ""doppler"": 0.0, ""angle"": 6.7805012177004045, ""elevation"": 0.0}, {""range"": 1.912546312164923, ""doppler"": 0.0, ""angle"": 52.04044699406111, ""elevation"": 0.0}]",1785104603922.989
9,"[{""range"": 1.3173170113566006, ""doppler"": 0.0, ""angle"": -44.03755223988313, ""elevation"": 0.0}, {""range"": 1.339844302316259, ""doppler"": 0.0, ""angle"": -44.37277794203937, ""elevation"": 0.0}, {""range"": 1.2879967068891023, ""doppler"": 0.0, ""angle"": -42.64824282978606, ""elevation"": 0.0}, {""range"": 1.2431978182608951, ""doppler"": 0.0, ""angle"": -34.04206174301286, ""elevation"": 0.0}, {""range"": 0.5881459683616018, ""doppler"": 0.0, ""angle"": 3.2068855992747443, ""elevation"": 0.0}, {""range"": 0.6821968839468443, ""doppler"": 0.0, ""angle"": 13.089171627081308, ""elevation"": 0.0}, {""range"": 0.7013318669643253, ""doppler"": 0.0, ""angle"": 12.306977812799012, ""elevation"": 0.0}, {""range"": 2.090235777443466, ""doppler"": 0.0, ""angle"": 45.384715742993734, ""elevation"": 0.0}, {""range"": 1.9156711417006436, ""doppler"": 0.0, ""angle"": 56.243183595990224, ""elevation"": 0.0}]",1785104603923.179
10,"[{""range"": 1.317881999819082, ""doppler"": 0.0, ""angle"": -43.89501738212163, ""elevation"": 0.0}, {""range"": 1.338391241542733, ""doppler"": 0.0, ""angle"": -45.29770803151453, ""elevation"": 0.0}, {""range"": 1.2888862367856395, ""doppler"": 0.0, ""angle"": -42.64424132066373, ""elevation"": 0.0}, {""range"": 0.7188382433151836, ""doppler"": 0.0, ""angle"": -29.408995045808567, ""elevation"": 0.0}, {""range"": 1.2445316745605552, ""doppler"": 0.0, ""angle"": -34.00058596557666, ""elevation"": 0.0}, {""range"": 0.5980697682216827, ""doppler"": 0.0, ""angle"": -1.799006790048062, ""elevation"": 0.0}, {""range"": 0.6367606632489796, ""doppler"": 0.0, ""angle"": 4.299983454822261, ""elevation"": 0.0}, {""range"": 0.6701089585812576, ""doppler"": 0.0, ""angle"": 6.55799401364125, ""elevation"": 0.0}, {""range"": 2.0960852885765657, ""doppler"": 0.0, ""angle"": 43.37882149364851, ""elevation"": 0.0}, {""range"": 1.907810983089469, ""doppler"": 0.0, ""angle"": 62.02986238526604, ""elevation"": 0.0}]",1785104603923.3767
10,"[{""range"": 1.3181185692573494, ""doppler"": 0.0, ""angle"": -46.33017534671998, ""elevation"": 0.0}, {""range"": 1.3391053080576274, ""doppler"": 0.0, ""angle"": -49.77711987902451, ""elevation"": 0.0}, {""range"": 1.2866532756585631, ""doppler"": 0.0, ""angle"": -42.46544553590991, ""elevation"": 0.0}, {""range"": 1.2445353356554751, ""doppler"": 0.0, ""angle"": -34.030267208054305, ""elevation"": 0.0}, {""range"": 0.7057914875869731, ""doppler"": 0.0, ""angle"": -23.23289935955538, ""elevation"": 0.0}, {""range"": 0.6795903735214385, ""doppler"": 0.0, ""angle"": -11.442978835746233, ""elevation"": 0.0}, {""range"": 0.6605514768191937, ""doppler"": 0.0, ""angle"": 6.122663748641671, ""elevation"": 0.0}, {""range"": 0.6443577429195193, ""doppler"": 0.0, ""angle"": 11.671651322619411, ""elevation"": 0.0}, {""range"": 1.8755435906097733, ""doppler"": 0.0, ""angle"": 50.086020274596024, ""elevation"": 0.0}, {""range"": 1.9040312015165122, ""doppler"": 0.0, ""angle"": 58.26383133912364, ""elevation"": 0.0}]",1785104603923.5762
10,"[{""range"": 1.3177688249666393, ""doppler"": 0.0, ""angle"": -45.16492694664533, ""elevation"": 0.0}, {""range"": 1.2857431269812742, ""doppler"": 0.0, ""angle"": -38.68220837525798, ""elevation"": 0.0}, {""range"": 0.7515252481516798, ""doppler"": 0.0, ""angle"": -28.19919053016351, ""elevation"": 0.0}, {""range"": 1.2469054135166795, ""doppler"": 0.0, ""angle"": -30.488874327495882, ""elevation"": 0.0}, {""range"": 0.7207564714272675, ""doppler"": 0.0, ""angle"": -23.480428899352994, ""elevation"": 0.0}, {""range"": 0.6239851298608958, ""doppler"": 0.0, ""angle"": -11.706002199477151, ""elevation"": 0.0}, {""range"": 0.6006785913130076, ""doppler"": 0.0, ""angle"": -6.13488541639147, ""elevation"": 0.0}, {""range"": 0.670992468339262, ""doppler"": 0.0, ""angle"": 22.252235484077833, ""elevation"": 0.0}, {""range"": 1.8758780867935745, ""doppler"": 0.0, ""angle"": 44.853246504428895, ""elevation"": 0.0}, {""range"": 1.8987582827016631, ""doppler"": 0.0, ""angle"": 50.291840067542914, ""elevation"": 0.0}]",1785104603923.767
11,"[{""range"": 0.7399742561885906, ""doppler"": 0.0, ""angle"": -34.53490685440321, ""elevation"": 0.0}, {""range"": 1.2856064925234554, ""doppler"": 0.0, ""angle"": -38.53410522936823, ""elevation"": 0.0}, {""range"": 1.3116515964746314, ""doppler"": 0.0, ""angle"": -43.28202844824215, ""elevation"": 0.0}, {""range"": 0.6763091915515939, ""doppler"": 0.0, ""angle"": -28.93689336686721, ""elevation"": 0.0}, {""range"": 0.7065925098407888, ""doppler"": 0.0, ""angle"": -34.18069111344545, ""elevation"": 0.0}, {""range"": 0.6459614706583658, ""doppler"": 0.0, ""angle"": -21.023846399038135, ""elevation"": 0.0}, {""range"": 1.2420571110269119, ""doppler"": 0.0, ""angle"": -25.12253709245841, ""elevation"": 0.0}, {""range"": 0.6141061228846373, ""doppler"": 0.0, ""angle"": 27.147017202710607, ""elevation"": 0.0}, {""range"": 1.8474669489135715, ""doppler"": 0.0, ""angle"": 44.60394349736077, ""elevation"": 0.0}, {""range"": 1.8748190179269622, ""doppler"": 0.0, ""angle"": 46.27526206672456, ""elevation"": 0.0}, {""range"": 1.8994226001021957, ""doppler"": 0.0, ""angle"": 49.49757884121527, ""elevation"": 0.0}]",1785104603923.957
8,"[{""range"": 1.3138595333764367, ""doppler"": 0.0, ""angle"": -45.28121078738981, ""elevation"": 0.0}, {""range"": 1.286885423749413, ""doppler"": 0.0, ""angle"": -40.68937417517947, ""elevation"": 0.0}, {""range"": 0.7237995128440879, ""doppler"": 0.0, ""angle"": -20.068969101582166, ""elevation"": 0.0}, {""range"": 0.7466859247848049, ""doppler"": 0.0, ""angle"": -17.74937618412105, ""elevation"": 0.0}, {""range"": 0.6510769556205217, ""doppler"": 0.0, ""angle"": 25.804999436879548, ""elevation"": 0.0}, {""range"": 0.6185682907325287, ""doppler"": 0.0, ""angle"": 26.972448044013568, ""elevation"": 0.0}, {""range"": 0.6297893022208214, ""doppler"": 0.0, ""angle"": 29.381679952667067, ""elevation"": 0.0}, {""range"": 1.8734686458086265, ""doppler"": 0.0, ""angle"": 45.939698011590515, ""elevation"": 0.0}]",1785104603924.15
9,"[{""range"": 1.29236366678503, ""doppler"": 0.0, ""angle"": -44.72532318869991, ""elevation"": 0.0}, {""range"": 1.3169591028559942, ""doppler"": 0.0, ""angle"": -47.46518048508525, ""elevation"": 0.0}, {""range"": 1.3452613305300247, ""doppler"": 0.0, ""angle"": -50.414803704628, ""elevation"": 0.0}, {""range"": 0.7264547986217009, ""doppler"": 0.0, ""angle"": -15.650938171267217, ""elevation"": 0.0}, {""range"": 0.7479722750929468, ""doppler"": 0.0, ""angle"": -15.388467832758984, ""elevation"": 0.0}, {""range"": 0.6768651629227987, ""doppler"": 0.0, ""angle"": -0.726565389252684, ""elevation"": 0.0}, {""range"": 0.6024709561912146, ""doppler"": 0.0, ""angle"": 14.964279680707223, ""elevation"": 0.0}, {""range"": 0.6248842965118537, ""doppler"": 0.0, ""angle"": 21.697894188839076, ""elevation"": 0.0}, {""range"": 0.6505969734886052, ""doppler"": 0.0, ""angle"": 25.38887081373581, ""elevation"": 0.0}]",1785104603924.3462
8,"[{""range"": 1.2912394768415647, ""doppler"": 0.0, ""angle"": -45.38151737405031, ""elevation"": 0.0}, {""range"": 1.317508275986193, ""doppler"": 0.0, ""angle"": -47.50818289892371, ""elevation"": 0.0}, {""range"": 1.3505027008456405, ""doppler"": 0.0, ""angle"": -49.06956475897224, ""elevation"": 0.0}, {""range"": 0.6921920656800835, ""doppler"": 0.0, ""angle"": -33.41912869519736, ""elevation"": 0.0}, {""range"": 0.7137800057938752, ""doppler"": 0.0, ""angle"": -32.11340794453456, ""elevation"": 0.0}, {""range"": 0.7339888806171941, ""doppler"": 0.0, ""angle"": -30.10672998738789, ""elevation"": 0.0}, {""range"": 0.6072042036864903, ""doppler"": 0.0, ""angle"": 20.046534622054203, ""elevation"": 0.0}, {""range"": 0.6315124153010516, ""doppler"": 0.0, ""angle"": 31.038878425940652, ""elevation"": 0.0}]",1785104603924.531
5,"[{""range"": 1.28959494943373, ""doppler"": 0.0, ""angle"": -44.62361388302767, ""elevation"": 0.0}, {""range"": 1.3163815006630715, ""doppler"": 0.0, ""angle"": -47.642545294064725, ""elevation"": 0.0}, {""range"": 0.681336303974109, ""doppler"": 0.0, ""angle"": -21.589193524049776, ""elevation"": 0.0}, {""range"": 0.717532215756646, ""doppler"": 0.0, ""angle"": -22.058601086339976, ""elevation"": 0.0}, {""range"": 0.7475938583339794, ""doppler"": 0.0, ""angle"": -18.404612961858977, ""elevation"": 0.0}]",1785104603924.726
8,"[{""range"": 1.2898115950004732, ""doppler"": 0.0, ""angle"": -44.22486909888685, ""elevation"": 0.0}, {""range"": 1.3180289100340017, ""doppler"": 0.0, ""angle"": -47.98043202638182, ""elevation"": 0.0}, {""range"": 1.3539160686006768, ""doppler"": 0.0, ""angle"": -51.50446078454116, ""elevation"": 0.0}, {""range"": 0.7081093661442655, ""doppler"": 0.0, ""angle"": -24.863056209417437, ""elevation"": 0.0}, {""range"": 0.6752836673098103, ""doppler"": 0.0, ""angle"": -17.331397759816127, ""elevation"": 0.0}, {""range"": 0.6190260778859273, ""doppler"": 0.0, ""angle"": 1.8705556841849529, ""elevation"": 0.0}, {""range"": 0.5977661032021522, ""doppler"": 0.0, ""angle"": 7.545941741215156, ""elevation"": 0.0}, {""range"": 0.7630344467703909, ""doppler"": 0.0, ""angle"": 68.60002093106142, ""elevation"": 0.0}]",1785104603924.9202
7,"[{""range"": 0.751931474314816, ""doppler"": 0.0, ""angle"": -43.545028943426566, ""elevation"": 0.0}, {""range"": 1.313804873006468, ""doppler"": 0.0, ""angle"": -46.5275989380094, ""elevation"": 0.0}, {""range"": 0.7189932418190941, ""doppler"": 0.0, ""angle"": -42.74241252929905, ""elevation"": 0.0}, {""range"": 1.2836463882254874, ""doppler"": 0.0, ""angle"": -43.00172663666212, ""elevation"": 0.0}, {""range"": 0.5991445521490795, ""doppler"": 0.0, ""angle"": 8.824166951507417, ""elevation"": 0.0}, {""range"": 1.836126886034181, ""doppler"": 0.0, ""angle"": 42.173848443207845, ""elevation"": 0.0}, {""range"": 1.8652822804386617, ""doppler"": 0.0, ""angle"": 43.624978847447935, ""elevation"": 0.0}]",1785104603925.102
11,"[{""range"": 0.6692020412295416, ""doppler"": 0.0, ""angle"": -41.54454119299372, ""elevation"": 0.0}, {""range"": 1.2844657468436953, ""doppler"": 0.0, ""angle"": -39.809656134378166, ""elevation"": 0.0}, {""range"": 1.312116972607299, ""doppler"": 0.0, ""angle"": -40.61738610988543, ""elevation"": 0.0}, {""range"": 1.2452666706943976, ""doppler"": 0.0, ""angle"": -31.76381060494519, ""elevation"": 0.0}, {""range"": 0.7208668142307939, ""doppler"": 0.0, ""angle"": -23.321758894301794, ""elevation"": 0.0}, {""range"": 0.745367798795142, ""doppler"": 0.0, ""angle"": -20.943759941248413, ""elevation"": 0.0}, {""range"": 0.5881048671557354, ""doppler"": 0.0, ""angle"": 8.356761462251082, ""elevation"": 0.0}, {""range"": 0.5999041471870208, ""doppler"": 0.0, ""angle"": 9.279825365086255, ""elevation"": 0.0}, {""range"": 0.6086852589672721, ""doppler"": 0.0, ""angle"": 10.220539323433059, ""elevation"": 0.0}, {""range"": 1.840225707866822, ""doppler"": 0.0, ""angle"": 44.03151323907419, ""elevation"": 0.0}, {""range"": 1.867742761316357, ""doppler"": 0.0, ""angle"": 47.28130847781342, ""elevation"": 0.0}]",1785104603925.2942
8,"[{""range"": 1.2832643260446122, ""doppler"": 0.0, ""angle"": -35.23140528168137, ""elevation"": 0.0}, {""range"": 0.6768515815784278, ""doppler"": 0.0, ""angle"": -31.628326616985568, ""elevation"": 0.0}, {""range"": 0.7051175565505449, ""doppler"": 0.0, ""angle"": -30.375668105007648, ""elevation"": 0.0}, {""range"": 1.2447802962443621, ""doppler"": 0.0, ""angle"": -27.477936741355432, ""elevation"": 0.0}, {""range"": 1.3133104900475154, ""doppler"": 0.0, ""angle"": -33.46504843932884, ""elevation"": 0.0}, {""range"": 0.5895726181612819, ""doppler"": 0.0, ""angle"": 7.879431846185245, ""elevation"": 0.0}, {""range"": 0.605213769972892, ""doppler"": 0.0, ""angle"": 6.770163747581839, ""elevation"": 0.0}, {""range"": 0.6140049751676463, ""doppler"": 0.0, ""angle"": 4.744241940253848, ""elevation"": 0.0}]",1785104603925.486
10,"[{""range"": 1.287075931564066, ""doppler"": 0.0, ""angle"": -39.77499540835772, ""elevation"": 0.0}, {""range"": 1.3140865223727367, ""doppler"": 0.0, ""angle"": -40.10404630143461, ""elevation"": 0.0}, {""range"": 0.7233645818495915, ""doppler"": 0.0, ""angle"": -30.71113984316009, ""elevation"": 0.0}, {""range"": 0.7404431757548866, ""doppler"": 0.0, ""angle"": -33.87427301433303, ""elevation"": 0.0}, {""range"": 1.2461139853682734, ""doppler"": 0.0, ""angle"": -33.11313847930514, ""elevation"": 0.0}, {""range"": 0.6172587082412582, ""doppler"": 0.0, ""angle"": 3.0721089149256477, ""elevation"": 0.0}, {""range"": 0.5880554168585045, ""doppler"": 0.0, ""angle"": 9.344889511033756, ""elevation"": 0.0}, {""range"": 0.6031003549068438, ""doppler"": 0.0, ""angle"": 8.697083341654784, ""elevation"": 0.0}, {""range"": 1.8752087363644803, ""doppler"": 0.0, ""angle"": 48.1037543815509, ""elevation"": 0.0}, {""range"": 1.9023996236923102, ""doppler"": 0.0, ""angle"": 48.84143235863806, ""elevation"": 0.0}]",1785104603925.6802
14,"[{""range"": 1.2898227380551328, ""doppler"": 0.0, ""angle"": -44.882049831381906, ""elevation"": 0.0}, {""range"": 1.3184289817638815, ""doppler"": 0.0, ""angle"": -48.10058289582992, ""elevation"": 0.0}, {""range"": 1.2512687859881293, ""doppler"": 0.0, ""angle"": -37.305498975158386, ""elevation"": 0.0}, {""range"": 0.7284275273543858, ""doppler"": 0.0, ""angle"": -18.59506702606529, ""elevation"": 0.0}, {""range"": 0.7523345486222687, ""doppler"": 0.0, ""angle"": -23.44535315910328, ""elevation"": 0.0}, {""range"": 0.6469492097793307, ""doppler"": 0.0, ""angle"": -0.06334522517260119, ""elevation"": 0.0}, {""range"": 0.5879011943930325, ""doppler"": 0.0, ""angle"": 8.6944895496889, ""elevation"": 0.0}, {""range"": 0.6044643385232791, ""doppler"": 0.0, ""angle"": 9.192034814487698, ""elevation"": 0.0}, {""range"": 0.6191075031518334, ""doppler"": 0.0, ""angle"": 6.6508636985681395, ""elevation"": 0.0}, {""range"": 1.8431413579147287, ""doppler"": 0.0, ""angle"": 43.33715532255716, ""elevation"": 0.0}, {""range"": 1.8798937513129386, ""doppler"": 0.0, ""angle"": 45.59733127546721, ""elevation"": 0.0}, {""range"": 1.9128535688779582, ""doppler"": 0.0, ""angle"": 47.67479023818198, ""elevation"": 0.0}, {""range"": 1.9443062031857101, ""doppler"": 0.0, ""angle"": 47.09075709342715, ""elevation"": 0.0}, {""range"": 0.7673891606378999, ""doppler"": 0.0, ""angle"": 63.06476448565238, ""elevation"": 0.0}]",1785104603925.866
10,"[{""range"": 1.2926070833390997, ""doppler"": 0.0, ""angle"": -44.18170465260596, ""elevation"": 0.0}, {""range"": 1.3201155692644633, ""doppler"": 0.0, ""angle"": -46.701463226418205, ""elevation"": 0.0}, {""range"": 0.7466608950327617, ""doppler"": 0.0, ""angle"": -35.083072861570464, ""elevation"": 0.0}, {""range"": 1.2555696931422649, ""doppler"": 0.0, ""angle"": -36.381931602723455, ""elevation"": 0.0}, {""range"": 0.7048896322326923, ""doppler"": 0.0, ""angle"": -22.837884365773057, ""elevation"": 0.0}, {""range"": 0.6690074291886158, ""doppler"": 0.0, ""angle"": -14.140241916294187, ""elevation"": 0.0}, {""range"": 0.6368456953080167, ""doppler"": 0.0, ""angle"": -3.718833436484722, ""elevation"": 0.0}, {""range"": 0.610909896942719, ""doppler"": 0.0, ""angle"": 3.238436618385656, ""elevation"": 0.0}, {""range"": 1.9093291470150238, ""doppler"": 0.0, ""angle"": 50.81139742156641, ""elevation"": 0.0}, {""range"": 2.1010609662261013, ""doppler"": 0.0, ""angle"": 45.886177619418945, ""elevation"": 0.0}]",1785104603926.071
10,"[{""range"": 1.2901680630559549, ""doppler"": 0.0, ""angle"": -43.6690856460279, ""elevation"": 0.0}, {""range"": 1.3175145858745272, ""doppler"": 0.0, ""angle"": -45.142964220319826, ""elevation"": 0.0}, {""range"": 1.3448288820453813, ""doppler"": 0.0, ""angle"": -46.37380078624795, ""elevation"": 0.0}, {""range"": 1.2523483176915204, ""doppler"": 0.0, ""angle"": -34.570459336320006, ""elevation"": 0.0}, {""range"": 0.7009999086972973, ""doppler"": 0.0, ""angle"": -18.439570568456322, ""elevation"": 0.0}, {""range"": 0.6635957602322677, ""doppler"": 0.0, ""angle"": -15.215849983143917, ""elevation"": 0.0}, {""range"": 0.6358040673231548, ""doppler"": 0.0, ""angle"": -8.458258508578355, ""elevation"": 0.0}, {""range"": 0.6159992365042896, ""doppler"": 0.0, ""angle"": -3.061740312556422, ""elevation"": 0.0}, {""range"": 1.8713276090415756, ""doppler"": 0.0, ""angle"": 44.83740430542701, ""elevation"": 0.0}, {""range"": 1.9049436580164556, ""doppler"": 0.0, ""angle"": 51.05041010038332, ""elevation"": 0.0}]",1785104603926.266
6,"[{""range"": 0.7462994438108008, ""doppler"": 0.0, ""angle"": -49.76202940551646, ""elevation"": 0.0}, {""range"": 1.2919261216212072, ""doppler"": 0.0, ""angle"": -43.69333312498257, ""elevation"": 0.0}, {""range"": 1.3161234344544432, ""doppler"": 0.0, ""angle"": -45.1376108880379, ""elevation"": 0.0}, {""range"": 1.246702663299874, ""doppler"": 0.0, ""angle"": -33.88380301400344, ""elevation"": 0.0}, {""range"": 1.8699090207123659, ""doppler"": 0.0, ""angle"": 46.30573790160906, ""elevation"": 0.0}, {""range"": 1.8998568614533624, ""doppler"": 0.0, ""angle"": 51.60379881403011, ""elevation"": 0.0}]",1785104603926.45
10,"[{""range"": 0.741979257804792, ""doppler"": 0.0, ""angle"": -43.83803255563893, ""elevation"": 0.0}, {""range"": 1.292658212430319, ""doppler"": 0.0, ""angle"": -44.03600624480013, ""elevation"": 0.0}, {""range"": 1.315892423068966, ""doppler"": 0.0, ""angle"": -45.35785310292828, ""elevation"": 0.0}, {""range"": 1.3414009243498506, ""doppler"": 0.0, ""angle"": -46.35030104459169, ""elevation"": 0.0}, {""range"": 0.7147134796633199, ""doppler"": 0.0, ""angle"": -39.54861637673631, ""elevation"": 0.0}, {""range"": 0.6668961511713033, ""doppler"": 0.0, ""angle"": 33.472764726504266, ""elevation"": 0.0}, {""range"": 0.6214957589572826, ""doppler"": 0.0, ""angle"": 38.52850833766444, ""elevation"": 0.0}, {""range"": 1.8427747887515784, ""doppler"": 0.0, ""angle"": 43.07329748536457, ""elevation"": 0.0}, {""range"": 1.8719516232710396, ""doppler"": 0.0, ""angle"": 46.9973401804991, ""elevation"": 0.0}, {""range"": 1.89792406530732, ""doppler"": 0.0, ""angle"": 52.81484865079444, ""elevation"": 0.0}]",1785104603926.6519
10,"[{""range"": 0.7210302901448835, ""doppler"": 0.0, ""angle"": -59.21169784144055, ""elevation"": 0.0}, {""range"": 0.7538982935082087, ""doppler"": 0.0, ""angle"": -58.32305483290889, ""elevation"": 0.0}, {""range"": 1.293794292641941, ""doppler"": 0.0, ""angle"": -43.5159853243379, ""elevation"": 0.0}, {""range"": 1.3181547247483243, ""doppler"": 0.0, ""angle"": -46.14873005662817, ""elevation"": 0.0}, {""range"": 0.6179646586712713, ""doppler"": 0.0, ""angle"": -9.846632362473546, ""elevation"": 0.0}, {""range"": 0.6605943628322658, ""doppler"": 0.0, ""angle"": 32.115529325906735, ""elevation"": 0.0}, {""range"": 0.6421072937756699, ""doppler"": 0.0, ""angle"": 39.74632638664942, ""elevation"": 0.0}, {""range"": 1.8430605761757626, ""doppler"": 0.0, ""angle"": 42.444200527160774, ""elevation"": 0.0}, {""range"": 1.879431603962052, ""doppler"": 0.0, ""angle"": 47.58733462367637, ""elevation"": 0.0}, {""range"": 1.905854746544146, ""doppler"": 0.0, ""angle"": 54.32359177813802, ""elevation"": 0.0}]",1785104603926.848
10,"[{""range"": 0.7298686713990032, ""doppler"": 0.0, ""angle"": -47.243797830999576, ""elevation"": 0.0}, {""range"": 1.292027082938033, ""doppler"": 0.0, ""angle"": -43.743911663684536, ""elevation"": 0.0}, {""range"": 1.3169262529869816, ""doppler"": 0.0, ""angle"": -47.15693068665848, ""elevation"": 0.0}, {""range"": 1.2452622542825105, ""doppler"": 0.0, ""angle"": -34.22631553601323, ""elevation"": 0.0}, {""range"": 0.6158045819697769, ""doppler"": 0.0, ""angle"": -11.965775557122056, ""elevation"": 0.0}, {""range"": 0.6287485705141155, ""doppler"": 0.0, ""angle"": -15.336579809832207, ""elevation"": 0.0}, {""range"": 0.658080393278667, ""doppler"": 0.0, ""angle"": 29.567226522160595, ""elevation"": 0.0}, {""range"": 1.846644043393247, ""doppler"": 0.0, ""angle"": 43.52476354617725, ""elevation"": 0.0}, {""range"": 1.8786361971063372, ""doppler"": 0.0, ""angle"": 47.96292808856063, ""elevation"": 0.0}, {""range"": 1.9026256784193532, ""doppler"": 0.0, ""angle"": 51.950744998289295, ""elevation"": 0.0}]",1785104603927.0288
10,"[{""range"": 1.2913600278434716, ""doppler"": 0.0, ""angle"": -43.816209069619674, ""elevation"": 0.0}, {""range"": 1.3169940641224696, ""doppler"": 0.0, ""angle"": -47.23388722626057, ""elevation"": 0.0}, {""range"": 1.3408501622292262, ""doppler"": 0.0, ""angle"": -50.48694643919954, ""elevation"": 0.0}, {""range"": 0.7090667874508525, ""doppler"": 0.0, ""angle"": -32.88454899532759, ""elevation"": 0.0}, {""range"": 1.2451980219635526, ""doppler"": 0.0, ""angle"": -34.14875258014333, ""elevation"": 0.0}, {""range"": 0.6118015218295023, ""doppler"": 0.0, ""angle"": -11.309932474020213, ""elevation"": 0.0}, {""range"": 0.5897587172104964, ""doppler"": 0.0, ""angle"": -4.033633238990348, ""elevation"": 0.0}, {""range"": 1.8373883538284368, ""doppler"": 0.0, ""angle"": 43.024250715782, ""elevation"": 0.0}, {""range"": 1.8742761061685478, ""doppler"": 0.0, ""angle"": 48.72871384308357, ""elevation"": 0.0}, {""range"": 1.904853621306897, ""doppler"": 0.0, ""angle"": 54.37478862052779, ""elevation"": 0.0}]",1785104603927.225
8,"[{""range"": 1.3391941769861972, ""doppler"": 0.0, ""angle"": -46.47157395856877, ""elevation"": 0.0}, {""range"": 1.2875239659515454, ""doppler"": 0.0, ""angle"": -40.612514895729774, ""elevation"": 0.0}, {""range"": 1.3148613793109665, ""doppler"": 0.0, ""angle"": -43.21456384979435, ""elevation"": 0.0}, {""range"": 1.2493153237757741, ""doppler"": 0.0, ""angle"": -32.568682133913626, ""elevation"": 0.0}, {""range"": 0.6905983048615593, ""doppler"": 0.0, ""angle"": -24.441499211930786, ""elevation"": 0.0}, {""range"": 0.623174052282375, ""doppler"": 0.0, ""angle"": 25.748906236584652, ""elevation"": 0.0}, {""range"": 0.6346864264097745, ""doppler"": 0.0, ""angle"": 23.582238218237528, ""elevation"": 0.0}, {""range"": 0.6548122328251905, ""doppler"": 0.0, ""angle"": 21.464379376494005, ""elevation"": 0.0}]",1785104603927.419
9,"[{""range"": 0.7248007937004773, ""doppler"": 0.0, ""angle"": -48.76088530304835, ""elevation"": 0.0}, {""range"": 1.2927322557415757, ""doppler"": 0.0, ""angle"": -43.604458688794274, ""elevation"": 0.0}, {""range"": 1.3199176573432188, ""doppler"": 0.0, ""angle"": -46.948831324208015, ""elevation"": 0.0}, {""range"": 1.2584969159915234, ""doppler"": 0.0, ""angle"": -38.43477106723277, ""elevation"": 0.0}, {""range"": 0.6485918853080131, ""doppler"": 0.0, ""angle"": -0.5844693434350611, ""elevation"": 0.0}, {""range"": 1.353121573702487, ""doppler"": 0.0, ""angle"": -1.0222190760379066, ""elevation"": 0.0}, {""range"": 0.5911960780483847, ""doppler"": 0.0, ""angle"": 9.997940943305098, ""elevation"": 0.0}, {""range"": 0.6050712663203811, ""doppler"": 0.0, ""angle"": 10.419946737991996, ""elevation"": 0.0}, {""range"": 0.6155182379193541, ""doppler"": 0.0, ""angle"": 10.088974084253119, ""elevation"": 0.0}]",1785104603927.61
9,"[{""range"": 1.2871168716593209, ""doppler"": 0.0, ""angle"": -43.699709857656366, ""elevation"": 0.0}, {""range"": 1.3101502704468726, ""doppler"": 0.0, ""angle"": -43.257930999875505, ""elevation"": 0.0}, {""range"": 0.5844862983016834, ""doppler"": 0.0, ""angle"": 3.9295080848090636, ""elevation"": 0.0}, {""range"": 0.594607392248182, ""doppler"": 0.0, ""angle"": 3.793444228435894, ""elevation"": 0.0}, {""range"": 0.6249802813390355, ""doppler"": 0.0, ""angle"": 5.335423288427258, ""elevation"": 0.0}, {""range"": 0.6716354442832367, ""doppler"": 0.0, ""angle"": 4.397535408708698, ""elevation"": 0.0}, {""range"": 0.7006677703399444, ""doppler"": 0.0, ""angle"": 4.742998502154285, ""elevation"": 0.0}, {""range"": 1.8731489884245809, ""doppler"": 0.0, ""angle"": 51.15739256270647, ""elevation"": 0.0}, {""range"": 1.9048787913935374, ""doppler"": 0.0, ""angle"": 56.575458151389526, ""elevation"": 0.0}]",1785104603927.794
7,"[{""range"": 1.3141628863027328, ""doppler"": 0.0, ""angle"": -44.018701737564456, ""elevation"": 0.0}, {""range"": 0.7069293727608491, ""doppler"": 0.0, ""angle"": -42.34485537364144, ""elevation"": 0.0}, {""range"": 1.2568950627071642, ""doppler"": 0.0, ""angle"": -35.351954683901845, ""elevation"": 0.0}, {""range"": 1.2871738452862063, ""doppler"": 0.0, ""angle"": -41.226358667801875, ""elevation"": 0.0}, {""range"": 0.5815468189602537, ""doppler"": 0.0, ""angle"": -1.5857592834310599, ""elevation"": 0.0}, {""range"": 0.6285004554108853, ""doppler"": 0.0, ""angle"": 39.16897751630171, ""elevation"": 0.0}, {""range"": 0.6491528536121159, ""doppler"": 0.0, ""angle"": 39.00734991166916, ""elevation"": 0.0}]",1785104603927.9841
12,"[{""range"": 1.314358721191884, ""doppler"": 0.0, ""angle"": -44.78503848805818, ""elevation"": 0.0}, {""range"": 1.2824655168665768, ""doppler"": 0.0, ""angle"": -37.1175493613678, ""elevation"": 0.0}, {""range"": 1.2497937676965492, ""doppler"": 0.0, ""angle"": -31.270238369521724, ""elevation"": 0.0}, {""range"": 1.4909713436684469, ""doppler"": 0.0, ""angle"": -0.30234959197666883, ""elevation"": 0.0}, {""range"": 1.5145971538095382, ""doppler"": 0.0, ""angle"": -0.9808804329868649, ""elevation"": 0.0}, {""range"": 1.534920157916248, ""doppler"": 0.0, ""angle"": -0.8277038825875827, ""elevation"": 0.0}, {""range"": 0.6142876783442656, ""doppler"": 0.0, ""angle"": 25.371561753095957, ""elevation"": 0.0}, {""range"": 0.63598030844568, ""doppler"": 0.0, ""angle"": 28.957593477655223, ""elevation"": 0.0}, {""range"": 0.6594538138071719, ""doppler"": 0.0, ""angle"": 33.56510889084039, ""elevation"": 0.0}, {""range"": 0.7000205836427812, ""doppler"": 0.0, ""angle"": 33.750955685325685, ""elevation"": 0.0}, {""range"": 1.8825081417964138, ""doppler"": 0.0, ""angle"": 46.04680357139293, ""elevation"": 0.0}, {""range"": 1.9041516372057903, ""doppler"": 0.0, ""angle"": 51.56202954318438, ""elevation"": 0.0}]",1785104603928.1777
9,"[{""range"": 1.314726688752745, ""doppler"": 0.0, ""angle"": -45.78799460254018, ""elevation"": 0.0}, {""range"": 1.2595417575518766, ""doppler"": 0.0, ""angle"": -37.53040410581984, ""elevation"": 0.0}, {""range"": 1.288936533604799, ""doppler"": 0.0, ""angle"": -43.39231676410223, ""elevation"": 0.0}, {""range"": 0.6940985964577856, ""doppler"": 0.0, ""angle"": 2.495323341679273, ""elevation"": 0.0}, {""range"": 0.6255810539669636, ""doppler"": 0.0, ""angle"": 3.7530685894677154, ""elevation"": 0.0}, {""range"": 0.6401571814489463, ""doppler"": 0.0, ""angle"": 6.640648073699167, ""elevation"": 0.0}, {""range"": 0.659867950037668, ""doppler"": 0.0, ""angle"": 8.147668316512975, ""elevation"": 0.0}, {""range"": 1.8745222602053209, ""doppler"": 0.0, ""angle"": 43.19874230657433, ""elevation"": 0.0}, {""range"": 1.9005763638173807, ""doppler"": 0.0, ""angle"": 46.3837974204707, ""elevation"": 0.0}]",1785104603928.358
7,"[{""range"": 1.289754713102463, ""doppler"": 0.0, ""angle"": -40.64265161186103, ""elevation"": 0.0}, {""range"": 1.3146315933104766, ""doppler"": 0.0, ""angle"": -40.34939466882158, ""elevation"": 0.0}, {""range"": 0.6292553559135735, ""doppler"": 0.0, ""angle"": 5.642549773583692, ""elevation"": 0.0}, {""range"": 0.641157877048829, ""doppler"": 0.0, ""angle"": 9.827476060672424, ""elevation"": 0.0}, {""range"": 0.691655094825017, ""doppler"": 0.0, ""angle"": 8.144766185380968, ""elevation"": 0.0}, {""range"": 0.6583371762394369, ""doppler"": 0.0, ""angle"": 11.325192629072227, ""elevation"": 0.0}, {""range"": 0.7467643701717507, ""doppler"": 0.0, ""angle"": 52.002281121851816, ""elevation"": 0.0}]",1785104603928.562
7,"[{""range"": 1.3065664501468988, ""doppler"": 0.0, ""angle"": -47.8122883566505, ""elevation"": 0.0}, {""range"": 1.284315632261803, ""doppler"": 0.0, ""angle"": -42.398718464915724, ""elevation"": 0.0}, {""range"": 0.6244174649620255, ""doppler"": 0.0, ""angle"": 2.7411392958397087, ""elevation"": 0.0}, {""range"": 0.6570032276563015, ""doppler"": 0.0, ""angle"": 1.4815915566648525, ""elevation"": 0.0}, {""range"": 0.6934438955457841, ""doppler"": 0.0, ""angle"": -2.261084661077817, ""elevation"": 0.0}, {""range"": 0.6366679359891921, ""doppler"": 0.0, ""angle"": 4.607286100801531, ""elevation"": 0.0}, {""range"": 1.9102085668160915, ""doppler"": 0.0, ""angle"": 49.68899807426872, ""elevation"": 0.0}]",1785104603928.746
5,"[{""range"": 1.2858862990411273, ""doppler"": 0.0, ""angle"": -46.10430587984033, ""elevation"": 0.0}, {""range"": 0.6254111105050532, ""doppler"": 0.0, ""angle"": 10.677015440922203, ""elevation"": 0.0}, {""range"": 0.6327730207580331, ""doppler"": 0.0, ""angle"": 11.392491176987862, ""elevation"": 0.0}, {""range"": 0.6433587691714537, ""doppler"": 0.0, ""angle"": 13.190368453924801, ""elevation"": 0.0}, {""range"": 1.8708126111284367, ""doppler"": 0.0, ""angle"": 49.663628953627224, ""elevation"": 0.0}]",1785104603928.9229
7,"[{""range"": 1.2906443567658616, ""doppler"": 0.0, ""angle"": -44.42184138478103, ""elevation"": 0.0}, {""range"": 1.3133600219271473, ""doppler"": 0.0, ""angle"": -47.129670980733856, ""elevation"": 0.0}, {""range"": 0.7501789065865573, ""doppler"": 0.0, ""angle"": -31.37129874050468, ""elevation"": 0.0}, {""range"": 0.7070897627990107, ""doppler"": 0.0, ""angle"": -25.638393324443285, ""elevation"": 0.0}, {""range"": 0.6214673078207171, ""doppler"": 0.0, ""angle"": 1.6817763455335097, ""elevation"": 0.0}, {""range"": 0.6296085349637912, ""doppler"": 0.0, ""angle"": 1.3832940272362007, ""elevation"": 0.0}, {""range"": 0.648061170070578, ""doppler"": 0.0, ""angle"": -0.6323780679750354, ""elevation"": 0.0}]",1785104603929.1147
9,"[{""range"": 1.29187008771756, ""doppler"": 0.0, ""angle"": -41.05462085782852, ""elevation"": 0.0}, {""range"": 1.3086925081760206, ""doppler"": 0.0, ""angle"": -37.684103707462555, ""elevation"": 0.0}, {""range"": 0.6263617048472655, ""doppler"": 0.0, ""angle"": 1.275937180899186, ""elevation"": 0.0}, {""range"": 0.6351136920899494, ""doppler"": 0.0, ""angle"": 1.2260812586406715, ""elevation"": 0.0}, {""range"": 0.6510635238827668, ""doppler"": 0.0, ""angle"": 1.9044341852499733, ""elevation"": 0.0}, {""range"": 0.687111127644856, ""doppler"": 0.0, ""angle"": 3.834903530895195, ""elevation"": 0.0}, {""range"": 1.8399390196021748, ""doppler"": 0.0, ""angle"": 40.21052686620365, ""elevation"": 0.0}, {""range"": 1.876933133951749, ""doppler"": 0.0, ""angle"": 44.58314234681177, ""elevation"": 0.0}, {""range"": 1.9038107300609632, ""doppler"": 0.0, ""angle"": 50.44592402777929, ""elevation"": 0.0}]",1785104603929.3062
10,"[{""range"": 0.7585721470550363, ""doppler"": 0.0, ""angle"": -46.63330402573881, ""elevation"": 0.0}, {""range"": 1.2930571205784482, ""doppler"": 0.0, ""angle"": -43.98587255834302, ""elevation"": 0.0}, {""range"": 1.3156146114574532, ""doppler"": 0.0, ""angle"": -45.060572161446, ""elevation"": 0.0}, {""range"": 0.639657858656015, ""doppler"": 0.0, ""angle"": 14.389748775164536, ""elevation"": 0.0}, {""range"": 0.6512183035618136, ""doppler"": 0.0, ""angle"": 11.322274052615143, ""elevation"": 0.0}, {""range"": 0.6593264524499465, ""doppler"": 0.0, ""angle"": 11.038708268536158, ""elevation"": 0.0}, {""range"": 0.6844751228790659, ""doppler"": 0.0, ""angle"": 11.650450568676701, ""elevation"": 0.0}, {""range"": 1.8404397153417553, ""doppler"": 0.0, ""angle"": 42.08982848130417, ""elevation"": 0.0}, {""range"": 1.8728065695310292, ""doppler"": 0.0, ""angle"": 47.55777175261676, ""elevation"": 0.0}, {""range"": 1.9033920192794562, ""doppler"": 0.0, ""angle"": 54.22392228210534, ""elevation"": 0.0}]",1785104603929.488
8,"[{""range"": 1.286677442879861, ""doppler"": 0.0, ""angle"": -41.873576340968846, ""elevation"": 0.0}, {""range"": 1.312564011099862, ""doppler"": 0.0, ""angle"": -41.63678041471547, ""elevation"": 0.0}, {""range"": 0.6699408127672227, ""doppler"": 0.0, ""angle"": 25.874279618223614, ""elevation"": 0.0}, {""range"": 0.658837629712917, ""doppler"": 0.0, ""angle"": 29.99562709006999, ""elevation"": 0.0}, {""range"": 0.6894548230301443, ""doppler"": 0.0, ""angle"": 27.980704677275842, ""elevation"": 0.0}, {""range"": 2.0664315411220904, ""doppler"": 0.0, ""angle"": 40.557197811842386, ""elevation"": 0.0}, {""range"": 0.7672560871209442, ""doppler"": 0.0, ""angle"": 65.1968807016366, ""elevation"": 0.0}, {""range"": 1.9018266902373049, ""doppler"": 0.0, ""angle"": 59.31895061202473, ""elevation"": 0.0}]",1785104603929.678
7,"[{""range"": 1.2873583122407373, ""doppler"": 0.0, ""angle"": -43.72246915281452, ""elevation"": 0.0}, {""range"": 1.3134722742891796, ""doppler"": 0.0, ""angle"": -44.80144014198127, ""elevation"": 0.0}, {""range"": 0.7192808011788219, ""doppler"": 0.0, ""angle"": -34.47624491855614, ""elevation"": 0.0}, {""range"": 0.6537418364146428, ""doppler"": 0.0, ""angle"": -28.366564153700075, ""elevation"": 0.0}, {""range"": 0.6851035785456014, ""doppler"": 0.0, ""angle"": -28.565107130568745, ""elevation"": 0.0}, {""range"": 0.7424479661628863, ""doppler"": 0.0, ""angle"": -32.87866441097181, ""elevation"": 0.0}, {""range"": 1.8681474259674147, ""doppler"": 0.0, ""angle"": 47.09841898333479, ""elevation"": 0.0}]",1785104603929.865
9,"[{""range"": 0.7001137344713662, ""doppler"": 0.0, ""angle"": -28.279942202082964, ""elevation"": 0.0}, {""range"": 0.6715606260090808, ""doppler"": 0.0, ""angle"": -21.0506547712084, ""elevation"": 0.0}, {""range"": 0.6494776131581163, ""doppler"": 0.0, ""angle"": -10.951065113823976, ""elevation"": 0.0}, {""range"": 1.5719227041492398, ""doppler"": 0.0, ""angle"": -1.4535977990956928, ""elevation"": 0.0}, {""range"": 1.5973126072316268, ""doppler"": 0.0, ""angle"": 0.7761268781676148, ""elevation"": 0.0}, {""range"": 1.6246476425970555, ""doppler"": 0.0, ""angle"": 3.028365385275511, ""elevation"": 0.0}, {""range"": 0.7662636104397388, ""doppler"": 0.0, ""angle"": 10.011852446214967, ""elevation"": 0.0}, {""range"": 1.8303302429813795, ""doppler"": 0.0, ""angle"": 42.15696494402315, ""elevation"": 0.0}, {""range"": 1.867099787203795, ""doppler"": 0.0, ""angle"": 47.173369884415486, ""elevation"": 0.0}]",1785104603930.048
6,"[{""range"": 0.6305028262167525, ""doppler"": 0.0, ""angle"": -13.748545245878764, ""elevation"": 0.0}, {""range"": 0.7464501964780726, ""doppler"": 0.0, ""angle"": 4.245013068945997, ""elevation"": 0.0}, {""range"": 0.7694047764682065, ""doppler"": 0.0, ""angle"": 4.064745038323838, ""elevation"": 0.0}, {""range"": 0.6448775238910565, ""doppler"": 0.0, ""angle"": 24.717440911083393, ""elevation"": 0.0}, {""range"": 0.6669466594538044, ""doppler"": 0.0, ""angle"": 29.100857289855274, ""elevation"": 0.0}, {""range"": 1.9049032981273308, ""doppler"": 0.0, ""angle"": 57.90625023686127, ""elevation"": 0.0}]",1785104603930.223
6,"[{""range"": 1.2971656287455333, ""doppler"": 0.0, ""angle"": -43.59246959684055, ""elevation"": 0.0}, {""range"": 1.318015579496093, ""doppler"": 0.0, ""angle"": -41.54058233024043, ""elevation"": 0.0}, {""range"": 0.6499928080099227, ""doppler"": 0.0, ""angle"": 17.697232904234973, ""elevation"": 0.0}, {""range"": 0.6686056014251562, ""doppler"": 0.0, ""angle"": 20.55783868311664, ""elevation"": 0.0}, {""range"": 0.7032137323076025, ""doppler"": 0.0, ""angle"": 22.35873858476077, ""elevation"": 0.0}, {""range"": 2.0643938072628814, ""doppler"": 0.0, ""angle"": 44.36831909497734, ""elevation"": 0.0}]",1785104603930.405
4,"[{""range"": 1.292531845442363, ""doppler"": 0.0, ""angle"": -41.65197067089572, ""elevation"": 0.0}, {""range"": 1.317225161456991, ""doppler"": 0.0, ""angle"": -42.39768753174906, ""elevation"": 0.0}, {""range"": 0.6561614781011703, ""doppler"": 0.0, ""angle"": 18.592951261457305, ""elevation"": 0.0}, {""range"": 0.6668032989618421, ""doppler"": 0.0, ""angle"": 22.86570212867105, ""elevation"": 0.0}]",1785104603930.5898
12,"[{""range"": 0.765836596156717, ""doppler"": 0.0, ""angle"": -49.52639669495267, ""elevation"": 0.0}, {""range"": 0.7251129928892454, ""doppler"": 0.0, ""angle"": -37.59615919722486, ""elevation"": 0.0}, {""range"": 1.3213321466081807, ""doppler"": 0.0, ""angle"": -37.01876988053502, ""elevation"": 0.0}, {""range"": 1.352439814815717, ""doppler"": 0.0, ""angle"": -36.153245337300554, ""elevation"": 0.0}, {""range"": 1.2567898671530309, ""doppler"": 0.0, ""angle"": -28.81865089472579, ""elevation"": 0.0}, {""range"": 1.2874474748327576, ""doppler"": 0.0, ""angle"": -34.11383535501476, ""elevation"": 0.0}, {""range"": 0.627439520844408, ""doppler"": 0.0, ""angle"": -20.624845989132474, ""elevation"": 0.0}, {""range"": 1.4115374223417472, ""doppler"": 0.0, ""angle"": -4.730489646945775, ""elevation"": 0.0}, {""range"": 0.6494677915021985, ""doppler"": 0.0, ""angle"": 22.483958065558323, ""elevation"": 0.0}, {""range"": 0.6558248658078835, ""doppler"": 0.0, ""angle"": 23.86731861830897, ""elevation"": 0.0}, {""range"": 0.09158206633736571, ""doppler"": 0.0, ""angle"": 67.74156353204381, ""elevation"": 0.0}, {""range"": 0.09153072923465401, ""doppler"": 0.0, ""angle"": 57.769184157159806, ""elevation"": 0.0}]",1785104603930.766
10,"[{""range"": 0.7752272260204012, ""doppler"": 0.0, ""angle"": -59.643676556537386, ""elevation"": 0.0}, {""range"": 1.3225816568574604, ""doppler"": 0.0, ""angle"": -38.80377327548372, ""elevation"": 0.0}, {""range"": 1.2906861126671603, ""doppler"": 0.0, ""angle"": -32.81821380801558, ""elevation"": 0.0}, {""range"": 1.818738361207315, ""doppler"": 0.0, ""angle"": -5.3989410714621, ""elevation"": 0.0}, {""range"": 0.6478156394136274, ""doppler"": 0.0, ""angle"": 12.497930671595853, ""elevation"": 0.0}, {""range"": 0.658022887564183, ""doppler"": 0.0, ""angle"": 11.425965124043437, ""elevation"": 0.0}, {""range"": 0.09157386131825784, ""doppler"": 0.0, ""angle"": 51.89932768419825, ""elevation"": 0.0}, {""range"": 0.10166323094324352, ""doppler"": 0.0, ""angle"": 44.42991155500111, ""elevation"": 0.0}, {""range"": 1.8866734813668085, ""doppler"": 0.0, ""angle"": 44.56609481187705, ""elevation"": 0.0}, {""range"": 1.9072299599982065, ""doppler"": 0.0, ""angle"": 45.93445909167766, ""elevation"": 0.0}]",1785104603930.95
13,"[{""range"": 1.287930435043831, ""doppler"": 0.0, ""angle"": -27.771137395514863, ""elevation"": 0.0}, {""range"": 1.3211970508694637, ""doppler"": 0.0, ""angle"": -31.349428624968606, ""elevation"": 0.0}, {""range"": 1.238259782571869, ""doppler"": 0.0, ""angle"": -23.09212117599179, ""elevation"": 0.0}, {""range"": 1.1895075479374027, ""doppler"": 0.0, ""angle"": -14.984679434832138, ""elevation"": 0.0}, {""range"": 0.6276989818510363, ""doppler"": 0.0, ""angle"": 4.182136877418848, ""elevation"": 0.0}, {""range"": 0.6384243958241432, ""doppler"": 0.0, ""angle"": 5.96448710125312, ""elevation"": 0.0}, {""range"": 0.6552427955007066, ""doppler"": 0.0, ""angle"": 7.968681303705249, ""elevation"": 0.0}, {""range"": 0.690746771709779, ""doppler"": 0.0, ""angle"": 9.762246305141291, ""elevation"": 0.0}, {""range"": 1.8462319465148136, ""doppler"": 0.0, ""angle"": 41.95751423902978, ""elevation"": 0.0}, {""range"": 0.09157787663222505, ""doppler"": 0.0, ""angle"": 46.58235392261861, ""elevation"": 0.0}, {""range"": 0.09535260383251712, ""doppler"": 0.0, ""angle"": 43.93627486610862, ""elevation"": 0.0}, {""range"": 1.880668649503239, ""doppler"": 0.0, ""angle"": 48.38410447126084, ""elevation"": 0.0}, {""range"": 1.9026963186898174, ""doppler"": 0.0, ""angle"": 53.52210525494689, ""elevation"": 0.0}]",1785104603931.1611
9,"[{""range"": 1.284846257252485, ""doppler"": 0.0, ""angle"": -26.5793153902676, ""elevation"": 0.0}, {""range"": 1.3195726424194454, ""doppler"": 0.0, ""angle"": -30.993050211819195, ""elevation"": 0.0}, {""range"": 0.7296745521988386, ""doppler"": 0.18637533485889435, ""angle"": -19.691603773009277, ""elevation"": 0.0}, {""range"": 0.4588025126721209, ""doppler"": 0.4670303801249247, ""angle"": 36.85649930338506, ""elevation"": 0.15631360611453776}, {""range"": 2.3377184839846636, ""doppler"": 0.8386890068650246, ""angle"": 0.0, ""elevation"": 11.739685737135991}, {""range"": 0.274658203125, ""doppler"": 0.0, ""angle"": 0.0, ""elevation"": 0.0}, {""range"": 0.04577671643213322, ""doppler"": 4.286268687428674, ""angle"": 180.0, ""elevation"": -0.22381050036853808}, {""range"": 3.662109375, ""doppler"": 5.544666212052107, ""angle"": 90.0, ""elevation"": 0.0}, {""range"": 6.574748160713345, ""doppler"": 0.022568888205569237, ""angle"": -89.80419409327743, ""elevation"": -63.02364857428951}]",1785104603931.335
15,"[{""range"": 1.3009421584936822, ""doppler"": 0.0, ""angle"": -46.119372647923136, ""elevation"": 0.0}, {""range"": 1.322043685029038, ""doppler"": 0.0, ""angle"": -49.679453520426506, ""elevation"": 0.0}, {""range"": 1.3614994179084106, ""doppler"": 0.0, ""angle"": -5.176715587641109, ""elevation"": 0.0}, {""range"": 1.5591584285429214, ""doppler"": 0.0, ""angle"": -4.2026585664501015, ""elevation"": 0.0}, {""range"": 1.5978397447594042, ""doppler"": 0.0, ""angle"": -2.058681942629259, ""elevation"": 0.0}, {""range"": 1.655406104683504, ""doppler"": 0.0, ""angle"": 0.7055621363077071, ""elevation"": 0.0}, {""range"": 1.692488246349002, ""doppler"": 0.0, ""angle"": 0.8656670564173415, ""elevation"": 0.0}, {""range"": 1.7119956481897405, ""doppler"": 0.0, ""angle"": 1.2209120200974002, ""elevation"": 0.0}, {""range"": 0.5978905878813108, ""doppler"": 0.0, ""angle"": 3.8756267959238393, ""elevation"": 0.0}, {""range"": 0.6135718953778646, ""doppler"": 0.0, ""angle"": 6.828847194201554, ""elevation"": 0.0}, {""range"": 0.6235463416329932, ""doppler"": 0.0, ""angle"": 10.107919179610088, ""elevation"": 0.0}, {""range"": 0.6508040429733801, ""doppler"": 0.0, ""angle"": 16.25894530817559, ""elevation"": 0.0}, {""range"": 0.7029175985802584, ""doppler"": 0.0, ""angle"": 22.605289578343875, ""elevation"": 0.0}, {""range"": 2.078724315053005, ""doppler"": 0.0, ""angle"": 37.78074867855057, ""elevation"": 0.0}, {""range"": 2.0964870573344645, ""doppler"": 0.0, ""angle"": 36.53074609120289, ""elevation"": 0.0}]",1785104604051.307
9,"[{""range"": 1.2943917315768136, ""doppler"": 0.0, ""angle"": -46.98727833155128, ""elevation"": 0.0}, {""range"": 1.3133848784604099, ""doppler"": 0.0, ""angle"": -46.842630746035546, ""elevation"": 0.0}, {""range"": 0.607874728253931, ""doppler"": 0.0, ""angle"": -5.977247017878779, ""elevation"": 0.0}, {""range"": 0.6353083692529768, ""doppler"": 0.0, ""angle"": -5.912778715630644, ""elevation"": 0.0}, {""range"": 0.680432509231283, ""doppler"": 0.0, ""angle"": 0.6625235053001279, ""elevation"": 0.0}, {""range"": 0.7304132264632618, ""doppler"": 0.0, ""angle"": 9.042631096088536, ""elevation"": 0.0}, {""range"": 0.7623841082464995, ""doppler"": 0.0, ""angle"": 10.213496390027185, ""elevation"": 0.0}, {""range"": 1.8756309855719326, ""doppler"": 0.0, ""angle"": 53.78668676260818, ""elevation"": 0.0}, {""range"": 1.9085029093321497, ""doppler"": 0.0, ""angle"": 61.8766727557274, ""elevation"": 0.0}]",1785104604137.1401
8,"[{""range"": 1.2924804021171579, ""doppler"": 0.0, ""angle"": -42.21876765925039, ""elevation"": 0.0}, {""range"": 1.3171599596762926, ""doppler"": 0.0, ""angle"": -38.63429811351704, ""elevation"": 0.0}, {""range"": 0.6601710198644414, ""doppler"": 0.0, ""angle"": -20.10376253348236, ""elevation"": 0.0}, {""range"": 0.6209223431964681, ""doppler"": 0.0, ""angle"": -4.227862565141683, ""elevation"": 0.0}, {""range"": 0.6053517240222415, ""doppler"": 0.0, ""angle"": -2.9122702564660394, ""elevation"": 0.0}, {""range"": 0.7365214198365564, ""doppler"": 0.0, ""angle"": 21.013542076004054, ""elevation"": 0.0}, {""range"": 0.7764097322026462, ""doppler"": 0.0, ""angle"": 26.523742042553554, ""elevation"": 0.0}, {""range"": 0.8012890226933138, ""doppler"": 0.0, ""angle"": 30.70281464291312, ""elevation"": 0.0}]",1785104604242.042
13,"[{""range"": 1.343595527803134, ""doppler"": 0.0, ""angle"": -17.50413708805089, ""elevation"": 0.0}, {""range"": 1.3630596936547408, ""doppler"": 0.0, ""angle"": -6.682172750700143, ""elevation"": 0.0}, {""range"": 1.4950820288120423, ""doppler"": 0.0, ""angle"": 9.180678621818956, ""elevation"": 0.0}, {""range"": 1.5219287165263509, ""doppler"": 0.0, ""angle"": 6.706690611162517, ""elevation"": 0.0}, {""range"": 1.5382053982640922, ""doppler"": 0.0, ""angle"": 6.0724564072077, ""elevation"": 0.0}, {""range"": 1.5727221448375415, ""doppler"": 0.0, ""angle"": 7.552456201506012, ""elevation"": 0.0}, {""range"": 0.6786721928766913, ""doppler"": 0.0, ""angle"": 15.966131949929963, ""elevation"": 0.0}, {""range"": 0.7022910156798812, ""doppler"": 0.0, ""angle"": 14.811132960993133, ""elevation"": 0.0}, {""range"": 0.7665343754171116, ""doppler"": 0.0, ""angle"": 28.508056356216684, ""elevation"": 0.0}, {""range"": 1.8438123782651599, ""doppler"": 0.0, ""angle"": 45.44792112185467, ""elevation"": 0.0}, {""range"": 1.8801053948297086, ""doppler"": 0.0, ""angle"": 46.69182107093893, ""elevation"": 0.0}, {""range"": 1.9088640088502744, ""doppler"": 0.0, ""angle"": 53.80531364382452, ""elevation"": 0.0}, {""range"": 1.940502409205433, ""doppler"": 0.0, ""angle"": 67.07594128525531, ""elevation"": 0.0}]",1785104604348.807
8,"[{""range"": 1.2957972690932928, ""doppler"": 0.0, ""angle"": -46.4481646388779, ""elevation"": 0.0}, {""range"": 1.3209920032312858, ""doppler"": 0.0, ""angle"": -49.00668948868077, ""elevation"": 0.0}, {""range"": 0.67361836392298, ""doppler"": 0.0, ""angle"": -34.24689308843787, ""elevation"": 0.0}, {""range"": 0.6907648012913539, ""doppler"": 0.0, ""angle"": -35.67733500811135, ""elevation"": 0.0}, {""range"": 0.6300933159510694, ""doppler"": 0.0, ""angle"": 25.51787250761107, ""elevation"": 0.0}, {""range"": 0.813628100711962, ""doppler"": 0.0, ""angle"": 24.69510875596385, ""elevation"": 0.0}, {""range"": 0.8330135366359007, ""doppler"": 0.0, ""angle"": 21.680363853300495, ""elevation"": 0.0}, {""range"": 0.8459645657022956, ""doppler"": 0.0, ""angle"": 19.70270358396356, ""elevation"": 0.0}]",1785104604441.951
8,"[{""range"": 0.7081407930759259, ""doppler"": 0.0, ""angle"": -59.750852773298035, ""elevation"": 0.0}, {""range"": 1.2906878467898817, ""doppler"": 0.0, ""angle"": -47.76262010153822, ""elevation"": 0.0}, {""range"": 1.316601473487008, ""doppler"": 0.0, ""angle"": -48.62301396698041, ""elevation"": 0.0}, {""range"": 1.2489553113195557, ""doppler"": 0.0, ""angle"": -41.192098614615084, ""elevation"": 0.0}, {""range"": 0.6448649546900062, ""doppler"": 0.0, ""angle"": 32.4870329814908, ""elevation"": 0.0}, {""range"": 0.6472982424538068, ""doppler"": 0.0, ""angle"": 30.21997932505306, ""elevation"": 0.0}, {""range"": 1.8782881310108586, ""doppler"": 0.0, ""angle"": 45.21984809184378, ""elevation"": 0.0}, {""range"": 1.9079213344304138, ""doppler"": 0.0, ""angle"": 49.249017115236654, ""elevation"": 0.0}]",1785104604537.9907
10,"[{""range"": 1.2967135776086152, ""doppler"": 0.0, ""angle"": -48.15255881344295, ""elevation"": 0.0}, {""range"": 1.3131911384199493, ""doppler"": 0.0, ""angle"": -46.74907232283103, ""elevation"": 0.0}, {""range"": 0.688929990403003, ""doppler"": 0.0, ""angle"": 14.79730481615797, ""elevation"": 0.0}, {""range"": 0.6349466273698714, ""doppler"": 0.0, ""angle"": 30.927782369514095, ""elevation"": 0.0}, {""range"": 0.6464234525277042, ""doppler"": 0.0, ""angle"": 27.996970217335807, ""elevation"": 0.0}, {""range"": 0.909151749116721, ""doppler"": 0.0, ""angle"": 40.38127993308629, ""elevation"": 0.0}, {""range"": 0.9178696214875032, ""doppler"": 0.0, ""angle"": 37.48828584208965, ""elevation"": 0.0}, {""range"": 0.9265583364309222, ""doppler"": 0.0, ""angle"": 36.26394333729562, ""elevation"": 0.0}, {""range"": 1.885079199234118, ""doppler"": 0.0, ""angle"": 42.9204373253227, ""elevation"": 0.0}, {""range"": 1.906952523473503, ""doppler"": 0.0, ""angle"": 50.146964470789584, ""elevation"": 0.0}]",1785104604651.6401
9,"[{""range"": 1.2948936709825025, ""doppler"": 0.0, ""angle"": -47.13766185467854, ""elevation"": 0.0}, {""range"": 1.3188080816467285, ""doppler"": 0.0, ""angle"": -45.406502065562194, ""elevation"": 0.0}, {""range"": 0.7103469909175315, ""doppler"": 0.0, ""angle"": 0.9519570687540349, ""elevation"": 0.0}, {""range"": 0.6284970977083664, ""doppler"": 0.0, ""angle"": 28.869355726893737, ""elevation"": 0.0}, {""range"": 0.6426319300805527, ""doppler"": 0.0, ""angle"": 28.97563101984451, ""elevation"": 0.0}, {""range"": 0.952924353416919, ""doppler"": 0.0, ""angle"": 43.243571112657925, ""elevation"": 0.0}, {""range"": 0.9727042158613629, ""doppler"": 0.0, ""angle"": 43.40596447765402, ""elevation"": 0.0}, {""range"": 0.9431281742442136, ""doppler"": 0.0, ""angle"": 44.761877069506184, ""elevation"": 0.0}, {""range"": 1.9097376740318897, ""doppler"": 0.0, ""angle"": 55.351669487092025, ""elevation"": 0.0}]",1785104604738.551
6,"[{""range"": 1.2928068512948472, ""doppler"": 0.0, ""angle"": -48.16770745000216, ""elevation"": 0.0}, {""range"": 1.3183732618195647, ""doppler"": 0.0, ""angle"": -46.07159465251935, ""elevation"": 0.0}, {""range"": 1.3474803997127602, ""doppler"": 0.0, ""angle"": -44.20427644726073, ""elevation"": 0.0}, {""range"": 0.6358066572396415, ""doppler"": 0.0, ""angle"": 31.088114127665534, ""elevation"": 0.0}, {""range"": 0.6477060569658756, ""doppler"": 0.0, ""angle"": 31.118382331215205, ""elevation"": 0.0}, {""range"": 1.8751508042641916, ""doppler"": 0.0, ""angle"": 43.0833824195206, ""elevation"": 0.0}]",1785104604838.063
9,"[{""range"": 1.3206951214988958, ""doppler"": 0.0, ""angle"": -43.58462898775572, ""elevation"": 0.0}, {""range"": 1.2908256897063537, ""doppler"": 0.0, ""angle"": -38.68459927844486, ""elevation"": 0.0}, {""range"": 0.6740901124058829, ""doppler"": 0.0, ""angle"": -29.2848961085455, ""elevation"": 0.0}, {""range"": 0.6979520403993269, ""doppler"": 0.0, ""angle"": -31.975819627871726, ""elevation"": 0.0}, {""range"": 0.6181326405152635, ""doppler"": 0.0, ""angle"": -7.14557457532959, ""elevation"": 0.0}, {""range"": 0.5866630120504062, ""doppler"": 0.0, ""angle"": -1.3098886508532865, ""elevation"": 0.0}, {""range"": 0.5989198625039619, ""doppler"": 0.0, ""angle"": -3.5432555228218425, ""elevation"": 0.0}, {""range"": 2.0524209011731713, ""doppler"": 0.0, ""angle"": 32.60595699607826, ""elevation"": 0.0}, {""range"": 1.9058877465122026, ""doppler"": 0.0, ""angle"": 60.45981467394163, ""elevation"": 0.0}]",1785104604938.153
8,"[{""range"": 1.2902498448448174, ""doppler"": 0.0, ""angle"": -44.05105347951774, ""elevation"": 0.0}, {""range"": 1.3204844872103974, ""doppler"": 0.0, ""angle"": -42.97515184531979, ""elevation"": 0.0}, {""range"": 2.2749143105723877, ""doppler"": 0.0, ""angle"": 10.30565209562659, ""elevation"": 0.0}, {""range"": 2.2918684713749853, ""doppler"": 0.0, ""angle"": 9.561534943598382, ""elevation"": 0.0}, {""range"": 2.306469008914491, ""doppler"": 0.0, ""angle"": 8.708675638925728, ""elevation"": 0.0}, {""range"": 0.6142356769744133, ""doppler"": 0.0, ""angle"": 16.767942260885807, ""elevation"": 0.0}, {""range"": 0.6263766616909628, ""doppler"": 0.0, ""angle"": 20.783856433868785, ""elevation"": 0.0}, {""range"": 0.6419474284733551, ""doppler"": 0.0, ""angle"": 21.24720006085361, ""elevation"": 0.0}]",1785104605037.6748
8,"[{""range"": 1.2946447446232732, ""doppler"": 0.0, ""angle"": -44.1382218540754, ""elevation"": 0.0}, {""range"": 1.322364105432975, ""doppler"": 0.0, ""angle"": -42.84646093871613, ""elevation"": 0.0}, {""range"": 0.6102829463627619, ""doppler"": 0.0, ""angle"": -4.150205026705697, ""elevation"": 0.0}, {""range"": 0.5874513471839351, ""doppler"": 0.0, ""angle"": -2.128196805293626, ""elevation"": 0.0}, {""range"": 0.5979836603485938, ""doppler"": 0.0, ""angle"": -3.4801486050621424, ""elevation"": 0.0}, {""range"": 0.638287628627426, ""doppler"": 0.0, ""angle"": 40.01108611716318, ""elevation"": 0.0}, {""range"": 0.6536735546811334, ""doppler"": 0.0, ""angle"": 40.51799371576897, ""elevation"": 0.0}, {""range"": 0.6862251897046874, ""doppler"": 0.0, ""angle"": 39.80939425173726, ""elevation"": 0.0}]",1785104605141.712
6,"[{""range"": 1.2895858747393556, ""doppler"": 0.0, ""angle"": -44.691024872403986, ""elevation"": 0.0}, {""range"": 1.3210160142316423, ""doppler"": 0.0, ""angle"": -38.768818357551645, ""elevation"": 0.0}, {""range"": 0.6810978629934982, ""doppler"": 0.0, ""angle"": -24.061764496820476, ""elevation"": 0.0}, {""range"": 0.7013979708030832, ""doppler"": 0.0, ""angle"": -21.161259816828277, ""elevation"": 0.0}, {""range"": 1.355178005331384, ""doppler"": 0.0, ""angle"": -20.16848103256653, ""elevation"": 0.0}, {""range"": 0.6305178116051678, ""doppler"": 0.0, ""angle"": 38.85267134190532, ""elevation"": 0.0}]",1785104605238.677
5,"[{""range"": 1.31847094902896, ""doppler"": 0.0, ""angle"": -36.72381058686876, ""elevation"": 0.0}, {""range"": 1.5544492883379994, ""doppler"": 0.0, ""angle"": 4.268285698165764, ""elevation"": 0.0}, {""range"": 0.6140138539226149, ""doppler"": 0.0, ""angle"": 16.582575164994456, ""elevation"": 0.0}, {""range"": 0.635706170801812, ""doppler"": 0.0, ""angle"": 20.499456813772937, ""elevation"": 0.0}, {""range"": 0.6485297419291922, ""doppler"": 0.0, ""angle"": 22.98078421157179, ""elevation"": 0.0}]",1785104605338.357
10,"[{""range"": 1.2960633545169302, ""doppler"": 0.0, ""angle"": -45.491893143658196, ""elevation"": 0.0}, {""range"": 1.3225288559330888, ""doppler"": 0.0, ""angle"": -48.42564717425109, ""elevation"": 0.0}, {""range"": 1.7001370281885617, ""doppler"": 0.0, ""angle"": 1.4042339367402803, ""elevation"": 0.0}, {""range"": 1.7173291742180978, ""doppler"": 0.0, ""angle"": 0.023863297042947134, ""elevation"": 0.0}, {""range"": 0.6152290840671799, ""doppler"": 0.0, ""angle"": 18.11898265363362, ""elevation"": 0.0}, {""range"": 0.6866595240741934, ""doppler"": 0.0, ""angle"": 17.56675441178759, ""elevation"": 0.0}, {""range"": 0.634680985530068, ""doppler"": 0.0, ""angle"": 21.954285797997684, ""elevation"": 0.0}, {""range"": 0.6494686038252393, ""doppler"": 0.0, ""angle"": 21.429383220306555, ""elevation"": 0.0}, {""range"": 3.465985434293562, ""doppler"": 0.0, ""angle"": 18.364842267429093, ""elevation"": 0.0}, {""range"": 1.9127338733487715, ""doppler"": 0.0, ""angle"": 47.51192752967292, ""elevation"": 0.0}]",1785104605448.143
5,"[{""range"": 0.579439373715707, ""doppler"": 0.0, ""angle"": 4.1410455982350545, ""elevation"": 0.0}, {""range"": 0.5909411237911645, ""doppler"": 0.0, ""angle"": 8.439037575682294, ""elevation"": 0.0}, {""range"": 0.6304157974283334, ""doppler"": 0.0, ""angle"": 31.2508322681128, ""elevation"": 0.0}, {""range"": 0.647163968187171, ""doppler"": 0.0, ""angle"": 34.96348773794274, ""elevation"": 0.0}, {""range"": 0.6842952278132213, ""doppler"": 0.0, ""angle"": 40.19855324610694, ""elevation"": 0.0}]",1785104605537.514
6,"[{""range"": 1.296703837643846, ""doppler"": 0.0, ""angle"": -47.45897550273566, ""elevation"": 0.0}, {""range"": 1.3177422798165788, ""doppler"": 0.0, ""angle"": -49.33630086281976, ""elevation"": 0.0}, {""range"": 0.5841578382192423, ""doppler"": 0.0, ""angle"": 4.670425801420008, ""elevation"": 0.0}, {""range"": 0.5986444032800665, ""doppler"": 0.0, ""angle"": 9.178152777600243, ""elevation"": 0.0}, {""range"": 0.6246362077201981, ""doppler"": 0.0, ""angle"": 18.995128708750016, ""elevation"": 0.0}, {""range"": 0.6448357991502699, ""doppler"": 0.0, ""angle"": 25.826066847352358, ""elevation"": 0.0}]",1785104605641.8481
10,"[{""range"": 1.299808131594278, ""doppler"": 0.0, ""angle"": -44.20296060362334, ""elevation"": 0.0}, {""range"": 1.3308432573529474, ""doppler"": 0.0, ""angle"": -31.79158484369089, ""elevation"": 0.0}, {""range"": 1.3543741818105581, ""doppler"": 0.0, ""angle"": -19.449266201767365, ""elevation"": 0.0}, {""range"": 0.5800793757736886, ""doppler"": 0.0, ""angle"": 2.0315401507165483, ""elevation"": 0.0}, {""range"": 0.5888714537516322, ""doppler"": 0.0, ""angle"": 0.6437457141753808, ""elevation"": 0.0}, {""range"": 0.6379079028372198, ""doppler"": 0.0, ""angle"": 32.79023112993999, ""elevation"": 0.0}, {""range"": 0.6491927248081012, ""doppler"": 0.0, ""angle"": 32.93719817874492, ""elevation"": 0.0}, {""range"": 0.6839275818269025, ""doppler"": 0.0, ""angle"": 34.184485838194696, ""elevation"": 0.0}, {""range"": 2.057898254652069, ""doppler"": 0.0, ""angle"": 48.73773545867322, ""elevation"": 0.0}, {""range"": 2.0285704775065967, ""doppler"": 0.0, ""angle"": 57.40679071788856, ""elevation"": 0.0}]",1785104605742.066
9,"[{""range"": 1.3024643602595642, ""doppler"": 0.0, ""angle"": -45.03893509318084, ""elevation"": 0.0}, {""range"": 1.3260713214200996, ""doppler"": 0.0, ""angle"": -42.95088674425009, ""elevation"": 0.0}, {""range"": 1.3553711223921916, ""doppler"": 0.0, ""angle"": -39.840413116052666, ""elevation"": 0.0}, {""range"": 1.5138940311898155, ""doppler"": 0.0, ""angle"": 2.53864451262465, ""elevation"": 0.0}, {""range"": 1.5440655707038453, ""doppler"": 0.0, ""angle"": 1.9577840364835313, ""elevation"": 0.0}, {""range"": 0.6848791712833688, ""doppler"": 0.0, ""angle"": 6.822573740060063, ""elevation"": 0.0}, {""range"": 0.6154252974370341, ""doppler"": 0.0, ""angle"": 13.54364918495619, ""elevation"": 0.0}, {""range"": 0.6335561400002199, ""doppler"": 0.0, ""angle"": 19.299204141698983, ""elevation"": 0.0}, {""range"": 0.6478693132408336, ""doppler"": 0.0, ""angle"": 20.755939233063295, ""elevation"": 0.0}]",1785104605838.797
2,"[{""range"": 1.3219599034470968, ""doppler"": 0.0, ""angle"": -44.65474984017317, ""elevation"": 0.0}, {""range"": 0.6401088301824305, ""doppler"": 0.0, ""angle"": 24.245260267202422, ""elevation"": 0.0}]",1785104605938.9062
6,"[{""range"": 1.3136985635126726, ""doppler"": 0.0, ""angle"": -57.30928930731662, ""elevation"": 0.0}, {""range"": 0.09155552830009259, ""doppler"": 0.0, ""angle"": 7.180535497720156, ""elevation"": 0.0}, {""range"": 0.11841155401461431, ""doppler"": 0.0, ""angle"": 4.67741785888175, ""elevation"": 0.0}, {""range"": 0.13017752667989016, ""doppler"": 0.0, ""angle"": 4.253836436119192, ""elevation"": 0.0}, {""range"": 0.6444415492979951, ""doppler"": 0.0, ""angle"": 32.60531708833744, ""elevation"": 0.0}, {""range"": 1.9157584919376793, ""doppler"": 0.0, ""angle"": 41.61355398680257, ""elevation"": 0.0}]",1785104606038.207
4,"[{""range"": 1.32164093339894, ""doppler"": 0.0, ""angle"": -41.143629163366334, ""elevation"": 0.0}, {""range"": 0.6425108886163955, ""doppler"": 0.0, ""angle"": 32.035807537964395, ""elevation"": 0.0}, {""range"": 0.6492943003285124, ""doppler"": 0.0, ""angle"": 29.73509551061328, ""elevation"": 0.0}, {""range"": 0.6316068613085107, ""doppler"": 0.0, ""angle"": 35.03985969162722, ""elevation"": 0.0}]",1785104606138.3218
8,"[{""range"": 1.2955118286838798, ""doppler"": 0.0, ""angle"": -45.10065615559732, ""elevation"": 0.0}, {""range"": 1.320253706095478, ""doppler"": 0.0, ""angle"": -38.32895171065856, ""elevation"": 0.0}, {""range"": 0.5952115052211931, ""doppler"": 0.0, ""angle"": 6.070271352374472, ""elevation"": 0.0}, {""range"": 0.6147670391992386, ""doppler"": 0.0, ""angle"": 12.617380475019718, ""elevation"": 0.0}, {""range"": 0.6308223105770417, ""doppler"": 0.0, ""angle"": 19.955355008273827, ""elevation"": 0.0}, {""range"": 0.6490362797318632, ""doppler"": 0.0, ""angle"": 24.72222062358427, ""elevation"": 0.0}, {""range"": 2.06368524035021, ""doppler"": 0.0, ""angle"": 41.80381289922797, ""elevation"": 0.0}, {""range"": 2.093794511087032, ""doppler"": 0.0, ""angle"": 44.546736485402946, ""elevation"": 0.0}]",1785104606238.6938
2,"[{""range"": 1.3222634171532912, ""doppler"": 0.0, ""angle"": -42.18821109881775, ""elevation"": 0.0}, {""range"": 0.60721455098081, ""doppler"": 0.0, ""angle"": 11.035285446827938, ""elevation"": 0.0}]",1785104606338.769
4,"[{""range"": 1.320086213174284, ""doppler"": 0.0, ""angle"": -42.70544182197416, ""elevation"": 0.0}, {""range"": 0.6053253400676482, ""doppler"": 0.0, ""angle"": 12.02028407207028, ""elevation"": 0.0}, {""range"": 0.6252882184171376, ""doppler"": 0.0, ""angle"": 18.24841954317876, ""elevation"": 0.0}, {""range"": 0.6641298049365885, ""doppler"": 0.0, ""angle"": 35.14494001635445, ""elevation"": 0.0}]",1785104606422.4783
4,"[{""range"": 1.3216874314746485, ""doppler"": 0.0, ""angle"": -44.85200587329451, ""elevation"": 0.0}, {""range"": 0.6182905959552701, ""doppler"": 0.0, ""angle"": 18.864632913056088, ""elevation"": 0.0}, {""range"": 0.6300030077978744, ""doppler"": 0.0, ""angle"": 21.54774301118513, ""elevation"": 0.0}, {""range"": 0.6515158515533442, ""doppler"": 0.0, ""angle"": 19.146074224745085, ""elevation"": 0.0}]",1785104606537.969
7,"[{""range"": 1.2966450387582833, ""doppler"": 0.0, ""angle"": -49.23329932504415, ""elevation"": 0.0}, {""range"": 1.3200698272509506, ""doppler"": 0.0, ""angle"": -44.116401073336334, ""elevation"": 0.0}, {""range"": 0.6684266015802502, ""doppler"": 0.0, ""angle"": 20.252867300969346, ""elevation"": 0.0}, {""range"": 2.062930451266103, ""doppler"": 0.0, ""angle"": 33.914588255314904, ""elevation"": 0.0}, {""range"": 0.6025789217866716, ""doppler"": 0.0, ""angle"": 42.73918195328279, ""elevation"": 0.0}, {""range"": 0.6299226863554193, ""doppler"": 0.0, ""angle"": 39.147506604178105, ""elevation"": 0.0}, {""range"": 2.0882560146107267, ""doppler"": 0.0, ""angle"": 41.74069428973227, ""elevation"": 0.0}]",1785104606637.4531
5,"[{""range"": 1.2954282687362424, ""doppler"": 0.0, ""angle"": -41.56983068048443, ""elevation"": 0.0}, {""range"": 1.3166225531968825, ""doppler"": 0.0, ""angle"": -39.55549459139351, ""elevation"": 0.0}, {""range"": 0.653525888161409, ""doppler"": 0.0, ""angle"": -25.527375468277867, ""elevation"": 0.0}, {""range"": 0.46418654280907157, ""doppler"": 0.0, ""angle"": 18.55360235676467, ""elevation"": 0.0}, {""range"": 0.48543860065451455, ""doppler"": 0.0, ""angle"": 23.051714109177166, ""elevation"": 0.0}]",1785104606741.814
2,"[{""range"": 0.6032333327738942, ""doppler"": 0.0, ""angle"": 3.279692764823452, ""elevation"": 0.0}, {""range"": 0.6235856196065563, ""doppler"": 0.0, ""angle"": 2.859943855741534, ""elevation"": 0.0}]",1785104606841.508
6,"[{""range"": 1.3230817951311074, ""doppler"": 0.0, ""angle"": -40.24181487693896, ""elevation"": 0.0}, {""range"": 0.4432041429587679, ""doppler"": 0.0, ""angle"": 2.6130588185796975, ""elevation"": 0.0}, {""range"": 0.44496240645752255, ""doppler"": 0.0, ""angle"": 3.7788479433616122, ""elevation"": 0.0}, {""range"": 1.8754848419950858, ""doppler"": 0.0, ""angle"": 42.70105310655345, ""elevation"": 0.0}, {""range"": 2.0676460591287458, ""doppler"": 0.0, ""angle"": 38.73332386817325, ""elevation"": 0.0}, {""range"": 2.091921168455584, ""doppler"": 0.0, ""angle"": 39.8921063338711, ""elevation"": 0.0}]",1785104606938.25
8,"[{""range"": 1.2958268299843947, ""doppler"": 0.0, ""angle"": -49.493895226194425, ""elevation"": 0.0}, {""range"": 1.3173909915028112, ""doppler"": 0.0, ""angle"": -47.97636996525769, ""elevation"": 0.0}, {""range"": 0.622999064102372, ""doppler"": 0.0, ""angle"": 13.765022868853617, ""elevation"": 0.0}, {""range"": 0.6462130001679198, ""doppler"": 0.0, ""angle"": 20.455842190165338, ""elevation"": 0.0}, {""range"": 0.6624458745505248, ""doppler"": 0.0, ""angle"": 19.965929152051856, ""elevation"": 0.0}, {""range"": 2.020934327916252, ""doppler"": 0.0, ""angle"": 35.718011982146855, ""elevation"": 0.0}, {""range"": 2.0494951192008877, ""doppler"": 0.0, ""angle"": 37.45978187106992, ""elevation"": 0.0}, {""range"": 1.9145413635173152, ""doppler"": 0.0, ""angle"": 48.59710551627603, ""elevation"": 0.0}]",1785104607042.2302
9,"[{""range"": 1.2977026291712188, ""doppler"": 0.0, ""angle"": -45.92674624274006, ""elevation"": 0.0}, {""range"": 1.3454541361318708, ""doppler"": 0.0, ""angle"": 8.167793398112183, ""elevation"": 0.0}, {""range"": 1.3663729207763387, ""doppler"": 0.0, ""angle"": 6.379109315430489, ""elevation"": 0.0}, {""range"": 0.6168599991103647, ""doppler"": 0.0, ""angle"": 34.763431538483694, ""elevation"": 0.0}, {""range"": 0.6294764811326025, ""doppler"": 0.0, ""angle"": 36.137463091423434, ""elevation"": 0.0}, {""range"": 0.6470919287875404, ""doppler"": 0.0, ""angle"": 35.394116550420506, ""elevation"": 0.0}, {""range"": 1.8896414019540013, ""doppler"": 0.0, ""angle"": 39.53622355863017, ""elevation"": 0.0}, {""range"": 1.9180423549691379, ""doppler"": 0.0, ""angle"": 40.32261636342885, ""elevation"": 0.0}, {""range"": 1.9437939019053487, ""doppler"": 0.0, ""angle"": 38.58737055693087, ""elevation"": 0.0}]",1785104607141.6067
8,"[{""range"": 0.678862691947469, ""doppler"": 0.0, ""angle"": -45.18141646426979, ""elevation"": 0.0}, {""range"": 0.6967700807047776, ""doppler"": 0.0, ""angle"": -46.40377246046025, ""elevation"": 0.0}, {""range"": 1.2959541463161004, ""doppler"": 0.0, ""angle"": -46.26905582099944, ""elevation"": 0.0}, {""range"": 1.3241961444052885, ""doppler"": 0.0, ""angle"": -37.9190912478609, ""elevation"": 0.0}, {""range"": 0.6179541550559544, ""doppler"": 0.0, ""angle"": 30.42351457230927, ""elevation"": 0.0}, {""range"": 0.6282733121836158, ""doppler"": 0.0, ""angle"": 30.608581504409685, ""elevation"": 0.0}, {""range"": 2.0165463786612143, ""doppler"": 0.0, ""angle"": 32.13140248420475, ""elevation"": 0.0}, {""range"": 2.0530084057804814, ""doppler"": 0.0, ""angle"": 41.461965819972804, ""elevation"": 0.0}]",1785104607238.027
7,"[{""range"": 1.2966954908056991, ""doppler"": 0.0, ""angle"": -40.30734526200776, ""elevation"": 0.0}, {""range"": 0.6635616453767643, ""doppler"": 0.0, ""angle"": -29.991926879985506, ""elevation"": 0.0}, {""range"": 0.6826121410555154, ""doppler"": 0.0, ""angle"": -26.34354797834621, ""elevation"": 0.0}, {""range"": 1.3248384730819118, ""doppler"": 0.0, ""angle"": -33.053045013942125, ""elevation"": 0.0}, {""range"": 0.7019099505876424, ""doppler"": 0.0, ""angle"": -21.066853705418026, ""elevation"": 0.0}, {""range"": 0.6319939651426373, ""doppler"": 0.0, ""angle"": 33.27192321974771, ""elevation"": 0.0}, {""range"": 0.6223341997560624, ""doppler"": 0.0, ""angle"": 35.05540791925758, ""elevation"": 0.0}]",1785104607341.7039
5,"[{""range"": 1.3310715778936395, ""doppler"": 0.0, ""angle"": -40.95277247618886, ""elevation"": 0.0}, {""range"": 1.3611907937999106, ""doppler"": 0.0, ""angle"": -37.2055906815411, ""elevation"": 0.0}, {""range"": 0.6340882800811832, ""doppler"": 0.0, ""angle"": 23.376803872095362, ""elevation"": 0.0}, {""range"": 0.6664874135384714, ""doppler"": 0.0, ""angle"": 41.443328566444364, ""elevation"": 0.0}, {""range"": 2.0914172699966533, ""doppler"": 0.0, ""angle"": 44.466548060081436, ""elevation"": 0.0}]",1785104607441.699
6,"[{""range"": 0.6801466479635695, ""doppler"": 0.0, ""angle"": -29.638383688151343, ""elevation"": 0.0}, {""range"": 0.6996927786907358, ""doppler"": 0.0, ""angle"": -33.25958564707682, ""elevation"": 0.0}, {""range"": 1.339205207591686, ""doppler"": 0.0, ""angle"": -19.078477092095437, ""elevation"": 0.0}, {""range"": 0.6047001079070741, ""doppler"": 0.0, ""angle"": 10.874648433321868, ""elevation"": 0.0}, {""range"": 0.6196427374677201, ""doppler"": 0.0, ""angle"": 21.552712793014056, ""elevation"": 0.0}, {""range"": 1.901126893322683, ""doppler"": 0.0, ""angle"": 47.26410918158187, ""elevation"": 0.0}]",1785104607538.239
6,"[{""range"": 1.2934146347536608, ""doppler"": 0.0, ""angle"": -46.686166313969025, ""elevation"": 0.0}, {""range"": 1.3220988754220422, ""doppler"": 0.0, ""angle"": -42.11105210306726, ""elevation"": 0.0}, {""range"": 0.5817850332965584, ""doppler"": 0.0, ""angle"": 5.608961486437107, ""elevation"": 0.0}, {""range"": 0.593027725839757, ""doppler"": 0.0, ""angle"": 8.618753870905177, ""elevation"": 0.0}, {""range"": 0.6267683221939676, ""doppler"": 0.0, ""angle"": 24.795690602447113, ""elevation"": 0.0}, {""range"": 0.6560467100832594, ""doppler"": 0.0, ""angle"": 25.73392603672164, ""elevation"": 0.0}]",1785104607638.06
5,"[{""range"": 1.293807773886242, ""doppler"": 0.0, ""angle"": -48.630821932358714, ""elevation"": 0.0}, {""range"": 0.7029205780479503, ""doppler"": 0.0, ""angle"": -32.86133370698635, ""elevation"": 0.0}, {""range"": 1.3306864684987991, ""doppler"": 0.0, ""angle"": -29.593040244631645, ""elevation"": 0.0}, {""range"": 0.6726053516693439, ""doppler"": 0.0, ""angle"": -25.713511925011233, ""elevation"": 0.0}, {""range"": 0.6048952964299403, ""doppler"": 0.0, ""angle"": 26.13329580753546, ""elevation"": 0.0}]",1785104607738.2898
6,"[{""range"": 1.2923369461839789, ""doppler"": 0.0, ""angle"": -53.78494617403174, ""elevation"": 0.0}, {""range"": 0.7011695442096216, ""doppler"": 0.0, ""angle"": -18.43494882292201, ""elevation"": 0.0}, {""range"": 0.6189860198522998, ""doppler"": 0.0, ""angle"": 22.720448533554055, ""elevation"": 0.0}, {""range"": 0.6300782443465949, ""doppler"": 0.0, ""angle"": 24.710407302045184, ""elevation"": 0.0}, {""range"": 0.6496901577764086, ""doppler"": 0.0, ""angle"": 27.11514146338517, ""elevation"": 0.0}, {""range"": 0.6887420669399877, ""doppler"": 0.0, ""angle"": 38.125478222023574, ""elevation"": 0.0}]",1785104607838.052
6,"[{""range"": 1.2987422356098122, ""doppler"": 0.0, ""angle"": -49.19848496385331, ""elevation"": 0.0}, {""range"": 1.3214055632014, ""doppler"": 0.0, ""angle"": -47.94536039587129, ""elevation"": 0.0}, {""range"": 0.617952188842116, ""doppler"": 0.0, ""angle"": 18.87535426705417, ""elevation"": 0.0}, {""range"": 0.6264768582288109, ""doppler"": 0.0, ""angle"": 20.483310588330113, ""elevation"": 0.0}, {""range"": 0.6420842128799712, ""doppler"": 0.0, ""angle"": 20.15078504769519, ""elevation"": 0.0}, {""range"": 0.6924029507608227, ""doppler"": 0.0, ""angle"": 22.166853344953775, ""elevation"": 0.0}]",1785104607937.4932
8,"[{""range"": 1.2976159084234549, ""doppler"": 0.0, ""angle"": -42.26890904674612, ""elevation"": 0.0}, {""range"": 1.3290605707299918, ""doppler"": 0.0, ""angle"": -27.161465632844884, ""elevation"": 0.0}, {""range"": 1.3559979527641686, ""doppler"": 0.0, ""angle"": -18.076556210868993, ""elevation"": 0.0}, {""range"": 0.5978830473342948, ""doppler"": 0.0, ""angle"": 11.961909331330217, ""elevation"": 0.0}, {""range"": 0.6161853713865901, ""doppler"": 0.0, ""angle"": 18.6505233732611, ""elevation"": 0.0}, {""range"": 0.6261261512643792, ""doppler"": 0.0, ""angle"": 24.193425303078392, ""elevation"": 0.0}, {""range"": 0.6478874009357556, ""doppler"": 0.0, ""angle"": 29.38790286620994, ""elevation"": 0.0}, {""range"": 0.6885543940287882, ""doppler"": 0.0, ""angle"": 27.097400824201276, ""elevation"": 0.0}]",1785104608037.7478
7,"[{""range"": 1.294092268284988, ""doppler"": 0.0, ""angle"": -41.91953918836528, ""elevation"": 0.0}, {""range"": 0.7001526445086247, ""doppler"": 0.0, ""angle"": -30.66512151742678, ""elevation"": 0.0}, {""range"": 1.3257150407379479, ""doppler"": 0.0, ""angle"": -29.164945496098426, ""elevation"": 0.0}, {""range"": 0.6132700148015646, ""doppler"": 0.0, ""angle"": 15.369405345726735, ""elevation"": 0.0}, {""range"": 0.6267920435992569, ""doppler"": 0.0, ""angle"": 20.42021454996318, ""elevation"": 0.0}, {""range"": 0.6477414758431358, ""doppler"": 0.0, ""angle"": 26.635786671403714, ""elevation"": 0.0}, {""range"": 0.6818066516581408, ""doppler"": 0.0, ""angle"": 27.438702093512447, ""elevation"": 0.0}]",1785104608138.297
5,"[{""range"": 1.322840602301168, ""doppler"": 0.0, ""angle"": -42.353919820517575, ""elevation"": 0.0}, {""range"": 0.5953141542016297, ""doppler"": 0.0, ""angle"": 6.917957505404283, ""elevation"": 0.0}, {""range"": 0.6088558009805987, ""doppler"": 0.0, ""angle"": 11.296732202507863, ""elevation"": 0.0}, {""range"": 0.6223945662361821, ""doppler"": 0.0, ""angle"": 19.74683660542612, ""elevation"": 0.0}, {""range"": 0.6419070823398948, ""doppler"": 0.0, ""angle"": 29.28559045955892, ""elevation"": 0.0}]",1785104608238.0203
6,"[{""range"": 1.3405512741536258, ""doppler"": 0.0, ""angle"": -18.147348515082587, ""elevation"": 0.0}, {""range"": 1.3516464747592492, ""doppler"": 0.0, ""angle"": -12.421928060748856, ""elevation"": 0.0}, {""range"": 0.62699562816579, ""doppler"": 0.0, ""angle"": 36.70976269911698, ""elevation"": 0.0}, {""range"": 0.6370545242227071, ""doppler"": 0.0, ""angle"": 39.247539706093356, ""elevation"": 0.0}, {""range"": 0.6497282981888306, ""doppler"": 0.0, ""angle"": 41.31794627514548, ""elevation"": 0.0}, {""range"": 0.6843156935235316, ""doppler"": 0.0, ""angle"": 39.05028519831486, ""elevation"": 0.0}]",1785104608337.5051
8,"[{""range"": 0.7036350127820109, ""doppler"": 0.0, ""angle"": -40.6613083947016, ""elevation"": 0.0}, {""range"": 1.3376823751788298, ""doppler"": 0.0, ""angle"": -19.67752320388686, ""elevation"": 0.0}, {""range"": 1.353865765049352, ""doppler"": 0.0, ""angle"": -13.698533202843937, ""elevation"": 0.0}, {""range"": 0.5800259337232978, ""doppler"": 0.0, ""angle"": 3.694229026170725, ""elevation"": 0.0}, {""range"": 0.6260324617292274, ""doppler"": 0.0, ""angle"": 29.537833041031103, ""elevation"": 0.0}, {""range"": 0.6498337755297298, ""doppler"": 0.0, ""angle"": 32.26441906496053, ""elevation"": 0.0}, {""range"": 0.6425866510510452, ""doppler"": 0.0, ""angle"": 34.37549683785734, ""elevation"": 0.0}, {""range"": 1.8977222184820792, ""doppler"": 0.0, ""angle"": 45.59553702815613, ""elevation"": 0.0}]",1785104608441.9707
8,"[{""range"": 1.2921664780112936, ""doppler"": 0.0, ""angle"": -38.70810059425698, ""elevation"": 0.0}, {""range"": 1.335179640303929, ""doppler"": 0.0, ""angle"": -22.023694906898164, ""elevation"": 0.0}, {""range"": 1.3547595318983863, ""doppler"": 0.0, ""angle"": -12.137539945989086, ""elevation"": 0.0}, {""range"": 0.5849923209114027, ""doppler"": 0.0, ""angle"": 1.0158382760212754, ""elevation"": 0.0}, {""range"": 0.5874091087168761, ""doppler"": 0.0, ""angle"": -0.24418144804653638, ""elevation"": 0.0}, {""range"": 0.6895482651161249, ""doppler"": 0.0, ""angle"": 22.987887834105916, ""elevation"": 0.0}, {""range"": 0.6549279006686177, ""doppler"": 0.0, ""angle"": 29.77786677373158, ""elevation"": 0.0}, {""range"": 0.6465291970290684, ""doppler"": 0.0, ""angle"": 36.19164771050408, ""elevation"": 0.0}]",1785104608538.452
8,"[{""range"": 1.2917326780412401, ""doppler"": 0.0, ""angle"": -40.59871379278869, ""elevation"": 0.0}, {""range"": 1.3337891859054722, ""doppler"": 0.0, ""angle"": -25.47259196270068, ""elevation"": 0.0}, {""range"": 1.3569214434974994, ""doppler"": 0.0, ""angle"": -9.96380418990718, ""elevation"": 0.0}, {""range"": 0.5889700502982247, ""doppler"": 0.0, ""angle"": 3.0804438154321554, ""elevation"": 0.0}, {""range"": 0.6055029539959705, ""doppler"": 0.0, ""angle"": 7.909955938546853, ""elevation"": 0.0}, {""range"": 0.6983937552121727, ""doppler"": 0.0, ""angle"": 17.739082883413218, ""elevation"": 0.0}, {""range"": 0.6394975310277407, ""doppler"": 0.0, ""angle"": 22.42022030561109, ""elevation"": 0.0}, {""range"": 0.6603670013329728, ""doppler"": 0.0, ""angle"": 23.76085503907809, ""elevation"": 0.0}]",1785104608637.801
7,"[{""range"": 1.2932303517530177, ""doppler"": 0.0, ""angle"": -44.21011116683903, ""elevation"": 0.0}, {""range"": 1.3407644436747306, ""doppler"": 0.0, ""angle"": -18.29721304032435, ""elevation"": 0.0}, {""range"": 1.3585168686325724, ""doppler"": 0.0, ""angle"": -8.39353672462549, ""elevation"": 0.0}, {""range"": 0.6129770097338343, ""doppler"": 0.0, ""angle"": 17.01302390134509, ""elevation"": 0.0}, {""range"": 0.7087257070903868, ""doppler"": 0.0, ""angle"": 16.308776613063962, ""elevation"": 0.0}, {""range"": 0.6347243349483218, ""doppler"": 0.0, ""angle"": 24.695098113663395, ""elevation"": 0.0}, {""range"": 0.6571033525267485, ""doppler"": 0.0, ""angle"": 25.63763234236935, ""elevation"": 0.0}]",1785104608737.515
9,"[{""range"": 1.2971525398199908, ""doppler"": 0.0, ""angle"": -43.21253160760757, ""elevation"": 0.0}, {""range"": 0.6788050391168239, ""doppler"": 0.0, ""angle"": -24.33028521937924, ""elevation"": 0.0}, {""range"": 0.7005500241737956, ""doppler"": 0.0, ""angle"": -18.282333095077067, ""elevation"": 0.0}, {""range"": 1.3392838159318081, ""doppler"": 0.0, ""angle"": -21.113853359556565, ""elevation"": 0.0}, {""range"": 1.353333531079496, ""doppler"": 0.0, ""angle"": -12.429451440296072, ""elevation"": 0.0}, {""range"": 0.5890204009227192, ""doppler"": 0.0, ""angle"": 4.474745717164996, ""elevation"": 0.0}, {""range"": 0.6030229719900438, ""doppler"": 0.0, ""angle"": 9.713703628030364, ""elevation"": 0.0}, {""range"": 0.6223039629393493, ""doppler"": 0.0, ""angle"": 16.83643593573814, ""elevation"": 0.0}, {""range"": 0.6493014654197365, ""doppler"": 0.0, ""angle"": 22.69511833829851, ""elevation"": 0.0}]",1785104608838.758
